Bundling 6%
Bundling 16%
Bundling 64%
Bundling 70%
Bundling 75%
Bundling 80%
Bundling 85%
Bundling 91%
Bundling 98%
Bundling 100%
Getting composition
Composition          Explainer
Codec                h264
Output               /Users/appuram/Developer/explainer-forge/projects/business-ideas-25l-te/renders/ch01.mp4
Concurrency          8x
Rendered 0/5648
Rendered 1/5648, time remaining: 1h 18m 52s
Rendered 2/5648, time remaining: 39m 36s
Rendered 3/5648, time remaining: 26m 43s
Rendered 4/5648, time remaining: 20m 12s
Rendered 5/5648, time remaining: 16m 19s
Rendered 6/5648, time remaining: 13m 43s
Rendered 7/5648, time remaining: 11m 53s
Rendered 8/5648, time remaining: 11m 6s
Rendered 9/5648, time remaining: 11m 16s
Rendered 10/5648, time remaining: 11m 2s
Rendered 11/5648, time remaining: 10m 2s
Rendered 12/5648, time remaining: 9m 16s
Rendered 13/5648, time remaining: 9m 0s
Rendered 14/5648, time remaining: 8m 23s
Rendered 15/5648, time remaining: 7m 50s
Rendered 16/5648, time remaining: 7m 21s
Rendered 17/5648, time remaining: 7m 35s
Rendered 18/5648, time remaining: 7m 10s
Rendered 19/5648, time remaining: 6m 55s
Rendered 20/5648, time remaining: 6m 52s
Rendered 21/5648, time remaining: 6m 32s
Rendered 22/5648, time remaining: 6m 15s
Rendered 23/5648, time remaining: 6m 22s
Rendered 24/5648, time remaining: 6m 6s
Rendered 25/5648, time remaining: 6m 7s
Rendered 26/5648, time remaining: 5m 53s
Rendered 27/5648, time remaining: 5m 41s
Rendered 28/5648, time remaining: 5m 41s
Rendered 29/5648, time remaining: 5m 30s
Rendered 30/5648, time remaining: 5m 19s
Rendered 31/5648, time remaining: 5m 27s
Rendered 32/5648, time remaining: 5m 17s
Rendered 33/5648, time remaining: 5m 10s
Rendered 34/5648, time remaining: 5m 5s
Rendered 35/5648, time remaining: 5m 6s
Rendered 36/5648, time remaining: 5m 9s
Rendered 37/5648, time remaining: 5m 2s
Rendered 38/5648, time remaining: 4m 55s
Rendered 39/5648, time remaining: 4m 54s
Rendered 40/5648, time remaining: 4m 48s
Rendered 41/5648, time remaining: 4m 41s
Rendered 42/5648, time remaining: 4m 36s
Rendered 43/5648, time remaining: 4m 45s
Rendered 44/5648, time remaining: 4m 39s
Rendered 45/5648, time remaining: 4m 32s
Rendered 46/5648, time remaining: 4m 31s
Rendered 47/5648, time remaining: 4m 25s
Rendered 48/5648, time remaining: 4m 33s
Rendered 49/5648, time remaining: 4m 33s
Rendered 50/5648, time remaining: 4m 28s
Rendered 51/5648, time remaining: 4m 22s
Rendered 52/5648, time remaining: 4m 18s
Rendered 53/5648, time remaining: 4m 14s
Rendered 54/5648, time remaining: 4m 11s
Rendered 55/5648, time remaining: 4m 14s
Rendered 56/5648, time remaining: 4m 10s
Rendered 57/5648, time remaining: 4m 16s
Rendered 58/5648, time remaining: 4m 17s
Rendered 59/5648, time remaining: 4m 12s
Rendered 60/5648, time remaining: 4m 8s
Rendered 61/5648, time remaining: 4m 5s
Rendered 62/5648, time remaining: 4m 2s
Rendered 63/5648, time remaining: 4m 6s
Rendered 64/5648, time remaining: 4m 2s
Rendered 65/5648, time remaining: 4m 6s
Rendered 66/5648, time remaining: 4m 3s
Rendered 67/5648, time remaining: 4m 0s
Rendered 68/5648, time remaining: 3m 58s
Rendered 69/5648, time remaining: 3m 56s
Rendered 70/5648, time remaining: 3m 53s
Rendered 71/5648, time remaining: 3m 52s
Rendered 72/5648, time remaining: 3m 55s
Rendered 73/5648, time remaining: 3m 56s
Rendered 74/5648, time remaining: 3m 54s
Rendered 75/5648, time remaining: 3m 57s
Rendered 76/5648, time remaining: 3m 53s
Rendered 77/5648, time remaining: 3m 50s
Rendered 78/5648, time remaining: 3m 48s
Rendered 79/5648, time remaining: 3m 45s
Rendered 80/5648, time remaining: 3m 50s
Rendered 81/5648, time remaining: 3m 47s
Rendered 82/5648, time remaining: 3m 46s
Rendered 83/5648, time remaining: 3m 49s
Rendered 84/5648, time remaining: 3m 47s
Rendered 85/5648, time remaining: 3m 45s
Rendered 86/5648, time remaining: 3m 42s
Rendered 87/5648, time remaining: 3m 40s
Rendered 88/5648, time remaining: 3m 38s
Rendered 89/5648, time remaining: 3m 42s
Rendered 90/5648, time remaining: 3m 42s
Rendered 91/5648, time remaining: 3m 40s
Rendered 92/5648, time remaining: 3m 42s
Rendered 93/5648, time remaining: 3m 39s
Rendered 94/5648, time remaining: 3m 38s
Rendered 95/5648, time remaining: 3m 35s
Rendered 96/5648, time remaining: 3m 33s
Rendered 97/5648, time remaining: 3m 36s
Rendered 98/5648, time remaining: 3m 34s
Rendered 99/5648, time remaining: 3m 32s
Rendered 100/5648, time remaining: 3m 37s
Rendered 101/5648, time remaining: 3m 35s
Rendered 102/5648, time remaining: 3m 35s
Rendered 103/5648, time remaining: 3m 33s
Rendered 104/5648, time remaining: 3m 31s
Rendered 105/5648, time remaining: 3m 30s
Rendered 106/5648, time remaining: 3m 31s
Rendered 107/5648, time remaining: 3m 29s
Rendered 108/5648, time remaining: 3m 31s
Rendered 109/5648, time remaining: 3m 29s
Rendered 110/5648, time remaining: 3m 30s
Rendered 111/5648, time remaining: 3m 29s
Rendered 112/5648, time remaining: 3m 31s
Rendered 113/5648, time remaining: 3m 29s
Rendered 114/5648, time remaining: 3m 28s
Rendered 115/5648, time remaining: 3m 26s
Rendered 116/5648, time remaining: 3m 24s
Rendered 117/5648, time remaining: 3m 23s
Rendered 118/5648, time remaining: 3m 25s
Rendered 119/5648, time remaining: 3m 23s
Rendered 120/5648, time remaining: 3m 27s
Rendered 121/5648, time remaining: 3m 26s
Rendered 122/5648, time remaining: 3m 26s
Rendered 123/5648, time remaining: 3m 24s
Rendered 124/5648, time remaining: 3m 23s
Rendered 125/5648, time remaining: 3m 21s
Rendered 126/5648, time remaining: 3m 20s
Rendered 127/5648, time remaining: 3m 22s
Rendered 128/5648, time remaining: 3m 21s
Rendered 129/5648, time remaining: 3m 22s
Rendered 130/5648, time remaining: 3m 23s
Rendered 131/5648, time remaining: 3m 23s
Rendered 132/5648, time remaining: 3m 21s
Rendered 133/5648, time remaining: 3m 19s
Rendered 134/5648, time remaining: 3m 18s
Rendered 135/5648, time remaining: 3m 17s
Rendered 136/5648, time remaining: 3m 19s
Rendered 137/5648, time remaining: 3m 18s
Rendered 138/5648, time remaining: 3m 20s
Rendered 139/5648, time remaining: 3m 18s
Rendered 140/5648, time remaining: 3m 18s
Rendered 141/5648, time remaining: 3m 18s
Rendered 142/5648, time remaining: 3m 17s
Rendered 143/5648, time remaining: 3m 15s
Rendered 144/5648, time remaining: 3m 18s
Rendered 145/5648, time remaining: 3m 16s
Rendered 146/5648, time remaining: 3m 18s
Rendered 147/5648, time remaining: 3m 16s
Rendered 148/5648, time remaining: 3m 16s
Rendered 149/5648, time remaining: 3m 15s
Rendered 150/5648, time remaining: 3m 17s
Rendered 151/5648, time remaining: 2m 46s
Rendered 152/5648, time remaining: 2m 46s
Rendered 153/5648, time remaining: 2m 45s
Rendered 154/5648, time remaining: 2m 50s
Rendered 155/5648, time remaining: 2m 50s
Rendered 156/5648, time remaining: 2m 50s
Rendered 157/5648, time remaining: 2m 50s
Rendered 158/5648, time remaining: 2m 49s
Rendered 159/5648, time remaining: 2m 45s
Rendered 160/5648, time remaining: 2m 42s
Rendered 161/5648, time remaining: 2m 42s
Rendered 162/5648, time remaining: 2m 46s
Rendered 163/5648, time remaining: 2m 44s
Rendered 164/5648, time remaining: 2m 45s
Rendered 165/5648, time remaining: 2m 46s
Rendered 166/5648, time remaining: 2m 46s
Rendered 167/5648, time remaining: 2m 41s
Rendered 168/5648, time remaining: 2m 42s
Rendered 169/5648, time remaining: 2m 43s
Rendered 170/5648, time remaining: 2m 42s
Rendered 171/5648, time remaining: 2m 46s
Rendered 172/5648, time remaining: 2m 46s
Rendered 173/5648, time remaining: 2m 42s
Rendered 174/5648, time remaining: 2m 43s
Rendered 175/5648, time remaining: 2m 42s
Rendered 176/5648, time remaining: 2m 43s
Rendered 177/5648, time remaining: 2m 43s
Rendered 178/5648, time remaining: 2m 46s
Rendered 179/5648, time remaining: 2m 45s
Rendered 180/5648, time remaining: 2m 45s
Rendered 181/5648, time remaining: 2m 42s
Rendered 182/5648, time remaining: 2m 44s
Rendered 183/5648, time remaining: 2m 46s
Rendered 184/5648, time remaining: 2m 46s
Rendered 185/5648, time remaining: 2m 44s
Rendered 186/5648, time remaining: 2m 42s
Rendered 187/5648, time remaining: 2m 41s
Rendered 188/5648, time remaining: 2m 41s
Rendered 189/5648, time remaining: 2m 43s
Rendered 190/5648, time remaining: 2m 42s
Rendered 191/5648, time remaining: 2m 44s
Rendered 192/5648, time remaining: 2m 47s
Rendered 193/5648, time remaining: 2m 43s
Rendered 194/5648, time remaining: 2m 43s
Rendered 195/5648, time remaining: 2m 43s
Rendered 196/5648, time remaining: 2m 45s
Rendered 197/5648, time remaining: 2m 45s
Rendered 198/5648, time remaining: 2m 41s
Rendered 199/5648, time remaining: 2m 39s
Rendered 200/5648, time remaining: 2m 42s
Rendered 201/5648, time remaining: 2m 42s
Rendered 202/5648, time remaining: 2m 42s
Rendered 203/5648, time remaining: 2m 44s
Rendered 204/5648, time remaining: 2m 44s
Rendered 205/5648, time remaining: 2m 41s
Rendered 206/5648, time remaining: 2m 44s
Rendered 207/5648, time remaining: 2m 40s
Rendered 208/5648, time remaining: 2m 38s
Rendered 209/5648, time remaining: 2m 43s
Rendered 210/5648, time remaining: 2m 43s
Rendered 211/5648, time remaining: 2m 43s
Rendered 212/5648, time remaining: 2m 42s
Rendered 213/5648, time remaining: 2m 41s
Rendered 214/5648, time remaining: 2m 41s
Rendered 215/5648, time remaining: 2m 38s
Rendered 216/5648, time remaining: 2m 40s
Rendered 217/5648, time remaining: 2m 42s
Rendered 218/5648, time remaining: 2m 42s
Rendered 219/5648, time remaining: 2m 41s
Rendered 220/5648, time remaining: 2m 44s
Rendered 221/5648, time remaining: 2m 43s
Rendered 222/5648, time remaining: 2m 41s
Rendered 223/5648, time remaining: 2m 39s
Rendered 224/5648, time remaining: 2m 40s
Rendered 225/5648, time remaining: 2m 37s
Rendered 226/5648, time remaining: 2m 37s
Rendered 227/5648, time remaining: 2m 39s
Rendered 228/5648, time remaining: 2m 43s
Rendered 229/5648, time remaining: 2m 44s
Rendered 230/5648, time remaining: 2m 40s
Rendered 231/5648, time remaining: 2m 40s
Rendered 232/5648, time remaining: 2m 40s
Rendered 233/5648, time remaining: 2m 37s
Rendered 234/5648, time remaining: 2m 37s
Rendered 235/5648, time remaining: 2m 38s
Rendered 236/5648, time remaining: 2m 38s
Rendered 237/5648, time remaining: 2m 44s
Rendered 238/5648, time remaining: 2m 44s
Rendered 239/5648, time remaining: 2m 40s
Rendered 240/5648, time remaining: 2m 39s
Rendered 241/5648, time remaining: 2m 40s
Rendered 242/5648, time remaining: 2m 37s
Rendered 243/5648, time remaining: 2m 37s
Rendered 244/5648, time remaining: 2m 41s
Rendered 245/5648, time remaining: 2m 42s
Rendered 246/5648, time remaining: 2m 42s
Rendered 247/5648, time remaining: 2m 41s
Rendered 248/5648, time remaining: 2m 41s
Rendered 249/5648, time remaining: 2m 43s
Rendered 250/5648, time remaining: 2m 39s
Rendered 251/5648, time remaining: 2m 39s
Rendered 252/5648, time remaining: 2m 38s
Rendered 253/5648, time remaining: 2m 39s
Rendered 254/5648, time remaining: 2m 39s
Rendered 255/5648, time remaining: 2m 44s
Rendered 256/5648, time remaining: 2m 42s
Rendered 257/5648, time remaining: 2m 42s
Rendered 258/5648, time remaining: 2m 39s
Rendered 259/5648, time remaining: 2m 40s
Rendered 260/5648, time remaining: 2m 39s
Rendered 261/5648, time remaining: 2m 39s
Rendered 262/5648, time remaining: 2m 36s
Rendered 263/5648, time remaining: 2m 41s
Rendered 264/5648, time remaining: 2m 42s
Rendered 265/5648, time remaining: 2m 42s
Rendered 266/5648, time remaining: 2m 42s
Rendered 267/5648, time remaining: 2m 42s
Rendered 268/5648, time remaining: 2m 41s
Rendered 269/5648, time remaining: 2m 41s
Rendered 270/5648, time remaining: 2m 37s
Rendered 271/5648, time remaining: 2m 39s
Rendered 272/5648, time remaining: 2m 40s
Rendered 273/5648, time remaining: 2m 40s
Rendered 274/5648, time remaining: 2m 40s
Rendered 275/5648, time remaining: 2m 40s
Rendered 276/5648, time remaining: 2m 42s
Rendered 277/5648, time remaining: 2m 42s
Rendered 278/5648, time remaining: 2m 41s
Rendered 279/5648, time remaining: 2m 39s
Rendered 280/5648, time remaining: 2m 40s
Rendered 281/5648, time remaining: 2m 39s
Rendered 282/5648, time remaining: 2m 39s
Rendered 283/5648, time remaining: 2m 40s
Rendered 284/5648, time remaining: 2m 40s
Rendered 285/5648, time remaining: 2m 41s
Rendered 286/5648, time remaining: 2m 40s
Rendered 287/5648, time remaining: 2m 40s
Rendered 288/5648, time remaining: 2m 40s
Rendered 289/5648, time remaining: 2m 40s
Rendered 290/5648, time remaining: 2m 40s
Rendered 291/5648, time remaining: 2m 40s
Rendered 292/5648, time remaining: 2m 40s
Rendered 293/5648, time remaining: 2m 40s
Rendered 294/5648, time remaining: 2m 37s
Rendered 295/5648, time remaining: 2m 41s
Rendered 296/5648, time remaining: 2m 39s
Rendered 297/5648, time remaining: 2m 39s
Rendered 298/5648, time remaining: 2m 38s
Rendered 299/5648, time remaining: 2m 38s
Rendered 300/5648, time remaining: 2m 36s
Rendered 301/5648, time remaining: 2m 36s
Rendered 302/5648, time remaining: 2m 41s
Rendered 303/5648, time remaining: 2m 42s
Rendered 304/5648, time remaining: 2m 37s
Rendered 305/5648, time remaining: 2m 37s
Rendered 306/5648, time remaining: 2m 37s
Rendered 307/5648, time remaining: 2m 38s
Rendered 308/5648, time remaining: 2m 36s
Rendered 309/5648, time remaining: 2m 36s
Rendered 310/5648, time remaining: 2m 41s
Rendered 311/5648, time remaining: 2m 41s
Rendered 312/5648, time remaining: 2m 38s
Rendered 313/5648, time remaining: 2m 38s
Rendered 314/5648, time remaining: 2m 38s
Rendered 315/5648, time remaining: 2m 37s
Rendered 316/5648, time remaining: 2m 38s
Rendered 317/5648, time remaining: 2m 39s
Rendered 318/5648, time remaining: 2m 43s
Rendered 319/5648, time remaining: 2m 41s
Rendered 320/5648, time remaining: 2m 40s
Rendered 321/5648, time remaining: 2m 37s
Rendered 322/5648, time remaining: 2m 37s
Rendered 323/5648, time remaining: 2m 37s
Rendered 324/5648, time remaining: 2m 37s
Rendered 325/5648, time remaining: 2m 35s
Rendered 326/5648, time remaining: 2m 39s
Rendered 327/5648, time remaining: 2m 40s
Rendered 328/5648, time remaining: 2m 36s
Rendered 329/5648, time remaining: 2m 36s
Rendered 330/5648, time remaining: 2m 36s
Rendered 331/5648, time remaining: 2m 37s
Rendered 332/5648, time remaining: 2m 34s
Rendered 333/5648, time remaining: 2m 32s
Rendered 334/5648, time remaining: 2m 36s
Rendered 335/5648, time remaining: 2m 35s
Rendered 336/5648, time remaining: 2m 39s
Rendered 337/5648, time remaining: 2m 40s
Rendered 338/5648, time remaining: 2m 40s
Rendered 339/5648, time remaining: 2m 37s
Rendered 340/5648, time remaining: 2m 37s
Rendered 341/5648, time remaining: 2m 37s
Rendered 342/5648, time remaining: 2m 33s
Rendered 343/5648, time remaining: 2m 35s
Rendered 344/5648, time remaining: 2m 38s
Rendered 345/5648, time remaining: 2m 40s
Rendered 346/5648, time remaining: 2m 37s
Rendered 347/5648, time remaining: 2m 37s
Rendered 348/5648, time remaining: 2m 37s
Rendered 349/5648, time remaining: 2m 38s
Rendered 350/5648, time remaining: 2m 36s
Rendered 351/5648, time remaining: 2m 35s
Rendered 352/5648, time remaining: 2m 40s
Rendered 353/5648, time remaining: 2m 39s
Rendered 354/5648, time remaining: 2m 39s
Rendered 355/5648, time remaining: 2m 39s
Rendered 356/5648, time remaining: 2m 36s
Rendered 357/5648, time remaining: 2m 37s
Rendered 358/5648, time remaining: 2m 37s
Rendered 359/5648, time remaining: 2m 33s
Rendered 360/5648, time remaining: 2m 38s
Rendered 361/5648, time remaining: 2m 38s
Rendered 362/5648, time remaining: 2m 38s
Rendered 363/5648, time remaining: 2m 37s
Rendered 364/5648, time remaining: 2m 38s
Rendered 365/5648, time remaining: 2m 37s
Rendered 366/5648, time remaining: 2m 36s
Rendered 367/5648, time remaining: 2m 33s
Rendered 368/5648, time remaining: 2m 39s
Rendered 369/5648, time remaining: 2m 40s
Rendered 370/5648, time remaining: 2m 37s
Rendered 371/5648, time remaining: 2m 37s
Rendered 372/5648, time remaining: 2m 37s
Rendered 373/5648, time remaining: 2m 37s
Rendered 374/5648, time remaining: 2m 36s
Rendered 375/5648, time remaining: 2m 36s
Rendered 376/5648, time remaining: 2m 42s
Rendered 377/5648, time remaining: 2m 40s
Rendered 378/5648, time remaining: 2m 36s
Rendered 379/5648, time remaining: 2m 36s
Rendered 380/5648, time remaining: 2m 36s
Rendered 381/5648, time remaining: 2m 36s
Rendered 382/5648, time remaining: 2m 35s
Rendered 383/5648, time remaining: 2m 37s
Rendered 384/5648, time remaining: 2m 42s
Rendered 385/5648, time remaining: 2m 40s
Rendered 386/5648, time remaining: 2m 41s
Rendered 387/5648, time remaining: 2m 35s
Rendered 388/5648, time remaining: 2m 35s
Rendered 389/5648, time remaining: 2m 35s
Rendered 390/5648, time remaining: 2m 35s
Rendered 391/5648, time remaining: 2m 35s
Rendered 392/5648, time remaining: 2m 41s
Rendered 393/5648, time remaining: 2m 42s
Rendered 394/5648, time remaining: 2m 38s
Rendered 395/5648, time remaining: 2m 37s
Rendered 396/5648, time remaining: 2m 37s
Rendered 397/5648, time remaining: 2m 36s
Rendered 398/5648, time remaining: 2m 37s
Rendered 399/5648, time remaining: 2m 34s
Rendered 400/5648, time remaining: 2m 38s
Rendered 401/5648, time remaining: 2m 40s
Rendered 402/5648, time remaining: 2m 40s
Rendered 403/5648, time remaining: 2m 39s
Rendered 404/5648, time remaining: 2m 41s
Rendered 405/5648, time remaining: 2m 35s
Rendered 406/5648, time remaining: 2m 35s
Rendered 407/5648, time remaining: 2m 35s
Rendered 408/5648, time remaining: 2m 37s
Rendered 409/5648, time remaining: 2m 40s
Rendered 410/5648, time remaining: 2m 39s
Rendered 411/5648, time remaining: 2m 39s
Rendered 412/5648, time remaining: 2m 39s
Rendered 413/5648, time remaining: 2m 38s
Rendered 414/5648, time remaining: 2m 36s
Rendered 415/5648, time remaining: 2m 36s
Rendered 416/5648, time remaining: 2m 38s
Rendered 417/5648, time remaining: 2m 39s
Rendered 418/5648, time remaining: 2m 38s
Rendered 419/5648, time remaining: 2m 38s
Rendered 420/5648, time remaining: 2m 40s
Rendered 421/5648, time remaining: 2m 37s
Rendered 422/5648, time remaining: 2m 35s
Rendered 423/5648, time remaining: 2m 37s
Rendered 424/5648, time remaining: 2m 40s
Rendered 425/5648, time remaining: 2m 40s
Rendered 426/5648, time remaining: 2m 37s
Rendered 427/5648, time remaining: 2m 35s
Rendered 428/5648, time remaining: 2m 37s
Rendered 429/5648, time remaining: 2m 37s
Rendered 430/5648, time remaining: 2m 34s
Rendered 431/5648, time remaining: 2m 38s
Rendered 432/5648, time remaining: 2m 38s
Rendered 433/5648, time remaining: 2m 39s
Rendered 434/5648, time remaining: 2m 38s
Rendered 435/5648, time remaining: 2m 38s
Rendered 436/5648, time remaining: 2m 39s
Rendered 437/5648, time remaining: 2m 39s
Rendered 438/5648, time remaining: 2m 36s
Rendered 439/5648, time remaining: 2m 36s
Rendered 440/5648, time remaining: 2m 39s
Rendered 441/5648, time remaining: 2m 39s
Rendered 442/5648, time remaining: 2m 39s
Rendered 443/5648, time remaining: 2m 39s
Rendered 444/5648, time remaining: 2m 39s
Rendered 445/5648, time remaining: 2m 37s
Rendered 446/5648, time remaining: 2m 38s
Rendered 447/5648, time remaining: 2m 37s
Rendered 448/5648, time remaining: 2m 37s
Rendered 449/5648, time remaining: 2m 40s
Rendered 450/5648, time remaining: 2m 40s
Rendered 451/5648, time remaining: 2m 39s
Rendered 452/5648, time remaining: 2m 36s
Rendered 453/5648, time remaining: 2m 36s
Rendered 454/5648, time remaining: 2m 37s
Rendered 455/5648, time remaining: 2m 39s
Rendered 456/5648, time remaining: 2m 39s
Rendered 457/5648, time remaining: 2m 39s
Rendered 458/5648, time remaining: 2m 39s
Rendered 459/5648, time remaining: 2m 39s
Rendered 460/5648, time remaining: 2m 37s
Rendered 461/5648, time remaining: 2m 38s
Rendered 462/5648, time remaining: 2m 36s
Rendered 463/5648, time remaining: 2m 36s
Rendered 464/5648, time remaining: 2m 37s
Rendered 465/5648, time remaining: 2m 36s
Rendered 466/5648, time remaining: 2m 39s
Rendered 467/5648, time remaining: 2m 39s
Rendered 468/5648, time remaining: 2m 37s
Rendered 469/5648, time remaining: 2m 37s
Rendered 470/5648, time remaining: 2m 37s
Rendered 471/5648, time remaining: 2m 37s
Rendered 472/5648, time remaining: 2m 37s
Rendered 473/5648, time remaining: 2m 37s
Rendered 474/5648, time remaining: 2m 40s
Rendered 475/5648, time remaining: 2m 40s
Rendered 476/5648, time remaining: 2m 37s
Rendered 477/5648, time remaining: 2m 37s
Rendered 478/5648, time remaining: 2m 36s
Rendered 479/5648, time remaining: 2m 37s
Rendered 480/5648, time remaining: 2m 37s
Rendered 481/5648, time remaining: 2m 40s
Rendered 482/5648, time remaining: 2m 40s
Rendered 483/5648, time remaining: 2m 41s
Rendered 484/5648, time remaining: 2m 38s
Rendered 485/5648, time remaining: 2m 38s
Rendered 486/5648, time remaining: 2m 35s
Rendered 487/5648, time remaining: 2m 34s
Rendered 488/5648, time remaining: 2m 36s
Rendered 489/5648, time remaining: 2m 36s
Rendered 490/5648, time remaining: 2m 38s
Rendered 491/5648, time remaining: 2m 40s
Rendered 492/5648, time remaining: 2m 40s
Rendered 493/5648, time remaining: 2m 38s
Rendered 494/5648, time remaining: 2m 34s
Rendered 495/5648, time remaining: 2m 33s
Rendered 496/5648, time remaining: 2m 35s
Rendered 497/5648, time remaining: 2m 37s
Rendered 498/5648, time remaining: 2m 39s
Rendered 499/5648, time remaining: 2m 38s
Rendered 500/5648, time remaining: 2m 38s
Rendered 501/5648, time remaining: 2m 39s
Rendered 502/5648, time remaining: 2m 34s
Rendered 503/5648, time remaining: 2m 33s
Rendered 504/5648, time remaining: 2m 35s
Rendered 505/5648, time remaining: 2m 35s
Rendered 506/5648, time remaining: 2m 39s
Rendered 507/5648, time remaining: 2m 39s
Rendered 508/5648, time remaining: 2m 39s
Rendered 509/5648, time remaining: 2m 39s
Rendered 510/5648, time remaining: 2m 34s
Rendered 511/5648, time remaining: 2m 35s
Rendered 512/5648, time remaining: 2m 35s
Rendered 513/5648, time remaining: 2m 35s
Rendered 514/5648, time remaining: 2m 36s
Rendered 515/5648, time remaining: 2m 38s
Rendered 516/5648, time remaining: 2m 40s
Rendered 517/5648, time remaining: 2m 40s
Rendered 518/5648, time remaining: 2m 35s
Rendered 519/5648, time remaining: 2m 35s
Rendered 520/5648, time remaining: 2m 35s
Rendered 521/5648, time remaining: 2m 36s
Rendered 522/5648, time remaining: 2m 36s
Rendered 523/5648, time remaining: 2m 38s
Rendered 524/5648, time remaining: 2m 39s
Rendered 525/5648, time remaining: 2m 39s
Rendered 526/5648, time remaining: 2m 33s
Rendered 527/5648, time remaining: 2m 34s
Rendered 528/5648, time remaining: 2m 36s
Rendered 529/5648, time remaining: 2m 35s
Rendered 530/5648, time remaining: 2m 35s
Rendered 531/5648, time remaining: 2m 35s
Rendered 532/5648, time remaining: 2m 38s
Rendered 533/5648, time remaining: 2m 37s
Rendered 534/5648, time remaining: 2m 33s
Rendered 535/5648, time remaining: 2m 33s
Rendered 536/5648, time remaining: 2m 36s
Rendered 537/5648, time remaining: 2m 36s
Rendered 538/5648, time remaining: 2m 36s
Rendered 539/5648, time remaining: 2m 36s
Rendered 540/5648, time remaining: 2m 36s
Rendered 541/5648, time remaining: 2m 36s
Rendered 542/5648, time remaining: 2m 33s
Rendered 543/5648, time remaining: 2m 33s
Rendered 544/5648, time remaining: 2m 35s
Rendered 545/5648, time remaining: 2m 34s
Rendered 546/5648, time remaining: 2m 36s
Rendered 547/5648, time remaining: 2m 35s
Rendered 548/5648, time remaining: 2m 37s
Rendered 549/5648, time remaining: 2m 37s
Rendered 550/5648, time remaining: 2m 34s
Rendered 551/5648, time remaining: 2m 35s
Rendered 552/5648, time remaining: 2m 35s
Rendered 553/5648, time remaining: 2m 34s
Rendered 554/5648, time remaining: 2m 32s
Rendered 555/5648, time remaining: 2m 34s
Rendered 556/5648, time remaining: 2m 34s
Rendered 557/5648, time remaining: 2m 34s
Rendered 558/5648, time remaining: 2m 36s
Rendered 559/5648, time remaining: 2m 33s
Rendered 560/5648, time remaining: 2m 33s
Rendered 561/5648, time remaining: 2m 33s
Rendered 562/5648, time remaining: 2m 34s
Rendered 563/5648, time remaining: 2m 31s
Rendered 564/5648, time remaining: 2m 34s
Rendered 565/5648, time remaining: 2m 35s
Rendered 566/5648, time remaining: 2m 35s
Rendered 567/5648, time remaining: 2m 33s
Rendered 568/5648, time remaining: 2m 32s
Rendered 569/5648, time remaining: 2m 32s
Rendered 570/5648, time remaining: 2m 35s
Rendered 571/5648, time remaining: 2m 35s
Rendered 572/5648, time remaining: 2m 35s
Rendered 573/5648, time remaining: 2m 33s
Rendered 574/5648, time remaining: 2m 30s
Rendered 575/5648, time remaining: 2m 30s
Rendered 576/5648, time remaining: 2m 31s
Rendered 577/5648, time remaining: 2m 31s
Rendered 578/5648, time remaining: 2m 33s
Rendered 579/5648, time remaining: 2m 35s
Rendered 580/5648, time remaining: 2m 35s
Rendered 581/5648, time remaining: 2m 32s
Rendered 582/5648, time remaining: 2m 32s
Rendered 583/5648, time remaining: 2m 31s
Rendered 584/5648, time remaining: 2m 31s
Rendered 585/5648, time remaining: 2m 31s
Rendered 586/5648, time remaining: 2m 31s
Rendered 587/5648, time remaining: 2m 32s
Rendered 588/5648, time remaining: 2m 32s
Rendered 589/5648, time remaining: 2m 35s
Rendered 590/5648, time remaining: 2m 32s
Rendered 591/5648, time remaining: 2m 31s
Rendered 592/5648, time remaining: 2m 31s
Rendered 593/5648, time remaining: 2m 31s
Rendered 594/5648, time remaining: 2m 32s
Rendered 595/5648, time remaining: 2m 32s
Rendered 596/5648, time remaining: 2m 32s
Rendered 597/5648, time remaining: 2m 32s
Rendered 598/5648, time remaining: 2m 33s
Rendered 599/5648, time remaining: 2m 30s
Rendered 600/5648, time remaining: 2m 31s
Rendered 601/5648, time remaining: 2m 34s
Rendered 602/5648, time remaining: 2m 33s
Rendered 603/5648, time remaining: 2m 32s
Rendered 604/5648, time remaining: 2m 31s
Rendered 605/5648, time remaining: 2m 30s
Rendered 606/5648, time remaining: 2m 31s
Rendered 607/5648, time remaining: 2m 31s
Rendered 608/5648, time remaining: 2m 35s
Rendered 609/5648, time remaining: 2m 35s
Rendered 610/5648, time remaining: 2m 32s
Rendered 611/5648, time remaining: 2m 31s
Rendered 612/5648, time remaining: 2m 31s
Rendered 613/5648, time remaining: 2m 33s
Rendered 614/5648, time remaining: 2m 32s
Rendered 615/5648, time remaining: 2m 32s
Rendered 616/5648, time remaining: 2m 33s
Rendered 617/5648, time remaining: 2m 33s
Rendered 618/5648, time remaining: 2m 31s
Rendered 619/5648, time remaining: 2m 32s
Rendered 620/5648, time remaining: 2m 31s
Rendered 621/5648, time remaining: 2m 31s
Rendered 622/5648, time remaining: 2m 31s
Rendered 623/5648, time remaining: 2m 33s
Rendered 624/5648, time remaining: 2m 33s
Rendered 625/5648, time remaining: 2m 33s
Rendered 626/5648, time remaining: 2m 30s
Rendered 627/5648, time remaining: 2m 31s
Rendered 628/5648, time remaining: 2m 31s
Rendered 629/5648, time remaining: 2m 30s
Rendered 630/5648, time remaining: 2m 33s
Rendered 631/5648, time remaining: 2m 30s
Rendered 632/5648, time remaining: 2m 30s
Rendered 633/5648, time remaining: 2m 32s
Rendered 634/5648, time remaining: 2m 31s
Rendered 635/5648, time remaining: 2m 31s
Rendered 636/5648, time remaining: 2m 32s
Rendered 637/5648, time remaining: 2m 32s
Rendered 638/5648, time remaining: 2m 30s
Rendered 639/5648, time remaining: 2m 30s
Rendered 640/5648, time remaining: 2m 30s
Rendered 641/5648, time remaining: 2m 28s
Rendered 642/5648, time remaining: 2m 29s
Rendered 643/5648, time remaining: 2m 29s
Rendered 644/5648, time remaining: 2m 32s
Rendered 645/5648, time remaining: 2m 33s
Rendered 646/5648, time remaining: 2m 31s
Rendered 647/5648, time remaining: 2m 31s
Rendered 648/5648, time remaining: 2m 28s
Rendered 649/5648, time remaining: 2m 28s
Rendered 650/5648, time remaining: 2m 28s
Rendered 651/5648, time remaining: 2m 29s
Rendered 652/5648, time remaining: 2m 33s
Rendered 653/5648, time remaining: 2m 33s
Rendered 654/5648, time remaining: 2m 31s
Rendered 655/5648, time remaining: 2m 32s
Rendered 656/5648, time remaining: 2m 27s
Rendered 657/5648, time remaining: 2m 27s
Rendered 658/5648, time remaining: 2m 27s
Rendered 659/5648, time remaining: 2m 29s
Rendered 660/5648, time remaining: 2m 31s
Rendered 661/5648, time remaining: 2m 31s
Rendered 662/5648, time remaining: 2m 32s
Rendered 663/5648, time remaining: 2m 32s
Rendered 664/5648, time remaining: 2m 30s
Rendered 665/5648, time remaining: 2m 28s
Rendered 666/5648, time remaining: 2m 28s
Rendered 667/5648, time remaining: 2m 28s
Rendered 668/5648, time remaining: 2m 27s
Rendered 669/5648, time remaining: 2m 30s
Rendered 670/5648, time remaining: 2m 31s
Rendered 671/5648, time remaining: 2m 30s
Rendered 672/5648, time remaining: 2m 30s
Rendered 673/5648, time remaining: 2m 28s
Rendered 674/5648, time remaining: 2m 27s
Rendered 675/5648, time remaining: 2m 27s
Rendered 676/5648, time remaining: 2m 27s
Rendered 677/5648, time remaining: 2m 31s
Rendered 678/5648, time remaining: 2m 31s
Rendered 679/5648, time remaining: 2m 31s
Rendered 680/5648, time remaining: 2m 31s
Rendered 681/5648, time remaining: 2m 31s
Rendered 682/5648, time remaining: 2m 28s
Rendered 683/5648, time remaining: 2m 30s
Rendered 684/5648, time remaining: 2m 28s
Rendered 685/5648, time remaining: 2m 32s
Rendered 686/5648, time remaining: 2m 29s
Rendered 687/5648, time remaining: 2m 30s
Rendered 688/5648, time remaining: 2m 31s
Rendered 689/5648, time remaining: 2m 30s
Rendered 690/5648, time remaining: 2m 30s
Rendered 691/5648, time remaining: 2m 30s
Rendered 692/5648, time remaining: 2m 28s
Rendered 693/5648, time remaining: 2m 29s
Rendered 694/5648, time remaining: 2m 28s
Rendered 695/5648, time remaining: 2m 31s
Rendered 696/5648, time remaining: 2m 30s
Rendered 697/5648, time remaining: 2m 30s
Rendered 698/5648, time remaining: 2m 27s
Rendered 699/5648, time remaining: 2m 28s
Rendered 700/5648, time remaining: 2m 29s
Rendered 701/5648, time remaining: 2m 27s
Rendered 702/5648, time remaining: 2m 27s
Rendered 703/5648, time remaining: 2m 31s
Rendered 704/5648, time remaining: 2m 31s
Rendered 705/5648, time remaining: 2m 30s
Rendered 706/5648, time remaining: 2m 30s
Rendered 707/5648, time remaining: 2m 31s
Rendered 708/5648, time remaining: 2m 27s
Rendered 709/5648, time remaining: 2m 27s
Rendered 710/5648, time remaining: 2m 27s
Rendered 711/5648, time remaining: 2m 31s
Rendered 712/5648, time remaining: 2m 32s
Rendered 713/5648, time remaining: 2m 32s
Rendered 714/5648, time remaining: 2m 29s
Rendered 715/5648, time remaining: 2m 28s
Rendered 716/5648, time remaining: 2m 27s
Rendered 717/5648, time remaining: 2m 27s
Rendered 718/5648, time remaining: 2m 27s
Rendered 719/5648, time remaining: 2m 29s
Rendered 720/5648, time remaining: 2m 29s
Rendered 721/5648, time remaining: 2m 30s
Rendered 722/5648, time remaining: 2m 30s
Rendered 723/5648, time remaining: 2m 30s
Rendered 724/5648, time remaining: 2m 30s
Rendered 725/5648, time remaining: 2m 30s
Rendered 726/5648, time remaining: 2m 30s
Rendered 727/5648, time remaining: 2m 30s
Rendered 728/5648, time remaining: 2m 29s
Rendered 729/5648, time remaining: 2m 28s
Rendered 730/5648, time remaining: 2m 27s
Rendered 731/5648, time remaining: 2m 28s
Rendered 732/5648, time remaining: 2m 30s
Rendered 733/5648, time remaining: 2m 31s
Rendered 734/5648, time remaining: 2m 31s
Rendered 735/5648, time remaining: 2m 31s
Rendered 736/5648, time remaining: 2m 29s
Rendered 737/5648, time remaining: 2m 28s
Rendered 738/5648, time remaining: 2m 29s
Rendered 739/5648, time remaining: 2m 26s
Rendered 740/5648, time remaining: 2m 27s
Rendered 741/5648, time remaining: 2m 30s
Rendered 742/5648, time remaining: 2m 30s
Rendered 743/5648, time remaining: 2m 30s
Rendered 744/5648, time remaining: 2m 30s
Rendered 745/5648, time remaining: 2m 28s
Rendered 746/5648, time remaining: 2m 27s
Rendered 747/5648, time remaining: 2m 26s
Rendered 748/5648, time remaining: 2m 30s
Rendered 749/5648, time remaining: 2m 30s
Rendered 750/5648, time remaining: 2m 30s
Rendered 751/5648, time remaining: 2m 28s
Rendered 752/5648, time remaining: 2m 28s
Rendered 753/5648, time remaining: 2m 28s
Rendered 754/5648, time remaining: 2m 28s
Rendered 755/5648, time remaining: 2m 29s
Rendered 756/5648, time remaining: 2m 29s
Rendered 757/5648, time remaining: 2m 31s
Rendered 758/5648, time remaining: 2m 27s
Rendered 759/5648, time remaining: 2m 27s
Rendered 760/5648, time remaining: 2m 28s
Rendered 761/5648, time remaining: 2m 28s
Rendered 762/5648, time remaining: 2m 28s
Rendered 763/5648, time remaining: 2m 28s
Rendered 764/5648, time remaining: 2m 30s
Rendered 765/5648, time remaining: 2m 30s
Rendered 766/5648, time remaining: 2m 26s
Rendered 767/5648, time remaining: 2m 26s
Rendered 768/5648, time remaining: 2m 27s
Rendered 769/5648, time remaining: 2m 27s
Rendered 770/5648, time remaining: 2m 28s
Rendered 771/5648, time remaining: 2m 28s
Rendered 772/5648, time remaining: 2m 30s
Rendered 773/5648, time remaining: 2m 30s
Rendered 774/5648, time remaining: 2m 26s
Rendered 775/5648, time remaining: 2m 27s
Rendered 776/5648, time remaining: 2m 27s
Rendered 777/5648, time remaining: 2m 27s
Rendered 778/5648, time remaining: 2m 28s
Rendered 779/5648, time remaining: 2m 30s
Rendered 780/5648, time remaining: 2m 28s
Rendered 781/5648, time remaining: 2m 28s
Rendered 782/5648, time remaining: 2m 29s
Rendered 783/5648, time remaining: 2m 25s
Rendered 784/5648, time remaining: 2m 26s
Rendered 785/5648, time remaining: 2m 28s
Rendered 786/5648, time remaining: 2m 27s
Rendered 787/5648, time remaining: 2m 27s
Rendered 788/5648, time remaining: 2m 28s
Rendered 789/5648, time remaining: 2m 30s
Rendered 790/5648, time remaining: 2m 28s
Rendered 791/5648, time remaining: 2m 28s
Rendered 792/5648, time remaining: 2m 28s
Rendered 793/5648, time remaining: 2m 29s
Rendered 794/5648, time remaining: 2m 25s
Rendered 795/5648, time remaining: 2m 28s
Rendered 796/5648, time remaining: 2m 28s
Rendered 797/5648, time remaining: 2m 27s
Rendered 798/5648, time remaining: 2m 27s
Rendered 799/5648, time remaining: 2m 28s
Rendered 800/5648, time remaining: 2m 28s
Rendered 801/5648, time remaining: 2m 27s
Rendered 802/5648, time remaining: 2m 24s
Rendered 803/5648, time remaining: 2m 28s
Rendered 804/5648, time remaining: 2m 28s
Rendered 805/5648, time remaining: 2m 28s
Rendered 806/5648, time remaining: 2m 28s
Rendered 807/5648, time remaining: 2m 28s
Rendered 808/5648, time remaining: 2m 28s
Rendered 809/5648, time remaining: 2m 26s
Rendered 810/5648, time remaining: 2m 25s
Rendered 811/5648, time remaining: 2m 24s
Rendered 812/5648, time remaining: 2m 28s
Rendered 813/5648, time remaining: 2m 29s
Rendered 814/5648, time remaining: 2m 29s
Rendered 815/5648, time remaining: 2m 28s
Rendered 816/5648, time remaining: 2m 27s
Rendered 817/5648, time remaining: 2m 28s
Rendered 818/5648, time remaining: 2m 28s
Rendered 819/5648, time remaining: 2m 24s
Rendered 820/5648, time remaining: 2m 28s
Rendered 821/5648, time remaining: 2m 28s
Rendered 822/5648, time remaining: 2m 28s
Rendered 823/5648, time remaining: 2m 28s
Rendered 824/5648, time remaining: 2m 28s
Rendered 825/5648, time remaining: 2m 28s
Rendered 826/5648, time remaining: 2m 27s
Rendered 827/5648, time remaining: 2m 24s
Rendered 828/5648, time remaining: 2m 26s
Rendered 829/5648, time remaining: 2m 28s
Rendered 830/5648, time remaining: 2m 27s
Rendered 831/5648, time remaining: 2m 28s
Rendered 832/5648, time remaining: 2m 28s
Rendered 833/5648, time remaining: 2m 27s
Rendered 834/5648, time remaining: 2m 29s
Rendered 835/5648, time remaining: 2m 27s
Rendered 836/5648, time remaining: 2m 26s
Rendered 837/5648, time remaining: 2m 25s
Rendered 838/5648, time remaining: 2m 25s
Rendered 839/5648, time remaining: 2m 25s
Rendered 840/5648, time remaining: 2m 29s
Rendered 841/5648, time remaining: 2m 29s
Rendered 842/5648, time remaining: 2m 26s
Rendered 843/5648, time remaining: 2m 30s
Rendered 844/5648, time remaining: 2m 29s
Rendered 845/5648, time remaining: 2m 25s
Rendered 846/5648, time remaining: 2m 25s
Rendered 847/5648, time remaining: 2m 25s
Rendered 848/5648, time remaining: 2m 25s
Rendered 849/5648, time remaining: 2m 25s
Rendered 850/5648, time remaining: 2m 26s
Rendered 851/5648, time remaining: 2m 28s
Rendered 852/5648, time remaining: 2m 31s
Rendered 853/5648, time remaining: 2m 26s
Rendered 854/5648, time remaining: 2m 26s
Rendered 855/5648, time remaining: 2m 26s
Rendered 856/5648, time remaining: 2m 28s
Rendered 857/5648, time remaining: 2m 28s
Rendered 858/5648, time remaining: 2m 28s
Rendered 859/5648, time remaining: 2m 30s
Rendered 860/5648, time remaining: 2m 30s
Rendered 861/5648, time remaining: 2m 27s
Rendered 862/5648, time remaining: 2m 25s
Rendered 863/5648, time remaining: 2m 25s
Rendered 864/5648, time remaining: 2m 27s
Rendered 865/5648, time remaining: 2m 28s
Rendered 866/5648, time remaining: 2m 29s
Rendered 867/5648, time remaining: 2m 29s
Rendered 868/5648, time remaining: 2m 31s
Rendered 869/5648, time remaining: 2m 30s
Rendered 870/5648, time remaining: 2m 26s
Rendered 871/5648, time remaining: 2m 25s
Rendered 872/5648, time remaining: 2m 26s
Rendered 873/5648, time remaining: 2m 28s
Rendered 874/5648, time remaining: 2m 29s
Rendered 875/5648, time remaining: 2m 28s
Rendered 876/5648, time remaining: 2m 28s
Rendered 877/5648, time remaining: 2m 30s
Rendered 878/5648, time remaining: 2m 27s
Rendered 879/5648, time remaining: 2m 26s
Rendered 880/5648, time remaining: 2m 27s
Rendered 881/5648, time remaining: 2m 28s
Rendered 882/5648, time remaining: 2m 26s
Rendered 883/5648, time remaining: 2m 26s
Rendered 884/5648, time remaining: 2m 25s
Rendered 885/5648, time remaining: 2m 28s
Rendered 886/5648, time remaining: 2m 28s
Rendered 887/5648, time remaining: 2m 28s
Rendered 888/5648, time remaining: 2m 27s
Rendered 889/5648, time remaining: 2m 28s
Rendered 890/5648, time remaining: 2m 28s
Rendered 891/5648, time remaining: 2m 27s
Rendered 892/5648, time remaining: 2m 26s
Rendered 893/5648, time remaining: 2m 26s
Rendered 894/5648, time remaining: 2m 26s
Rendered 895/5648, time remaining: 2m 29s
Rendered 896/5648, time remaining: 2m 30s
Rendered 897/5648, time remaining: 2m 30s
Rendered 898/5648, time remaining: 2m 25s
Rendered 899/5648, time remaining: 2m 27s
Rendered 900/5648, time remaining: 2m 26s
Rendered 901/5648, time remaining: 2m 25s
Rendered 902/5648, time remaining: 2m 25s
Rendered 903/5648, time remaining: 2m 27s
Rendered 904/5648, time remaining: 2m 27s
Rendered 905/5648, time remaining: 2m 28s
Rendered 906/5648, time remaining: 2m 26s
Rendered 907/5648, time remaining: 2m 27s
Rendered 908/5648, time remaining: 2m 26s
Rendered 909/5648, time remaining: 2m 27s
Rendered 910/5648, time remaining: 2m 26s
Rendered 911/5648, time remaining: 2m 29s
Rendered 912/5648, time remaining: 2m 28s
Rendered 913/5648, time remaining: 2m 26s
Rendered 914/5648, time remaining: 2m 25s
Rendered 915/5648, time remaining: 2m 25s
Rendered 916/5648, time remaining: 2m 24s
Rendered 917/5648, time remaining: 2m 28s
Rendered 918/5648, time remaining: 2m 28s
Rendered 919/5648, time remaining: 2m 28s
Rendered 920/5648, time remaining: 2m 27s
Rendered 921/5648, time remaining: 2m 28s
Rendered 922/5648, time remaining: 2m 26s
Rendered 923/5648, time remaining: 2m 24s
Rendered 924/5648, time remaining: 2m 26s
Rendered 925/5648, time remaining: 2m 28s
Rendered 926/5648, time remaining: 2m 28s
Rendered 927/5648, time remaining: 2m 28s
Rendered 928/5648, time remaining: 2m 26s
Rendered 929/5648, time remaining: 2m 25s
Rendered 930/5648, time remaining: 2m 25s
Rendered 931/5648, time remaining: 2m 25s
Rendered 932/5648, time remaining: 2m 26s
Rendered 933/5648, time remaining: 2m 29s
Rendered 934/5648, time remaining: 2m 28s
Rendered 935/5648, time remaining: 2m 26s
Rendered 936/5648, time remaining: 2m 27s
Rendered 937/5648, time remaining: 2m 27s
Rendered 938/5648, time remaining: 2m 26s
Rendered 939/5648, time remaining: 2m 27s
Rendered 940/5648, time remaining: 2m 26s
Rendered 941/5648, time remaining: 2m 25s
Rendered 942/5648, time remaining: 2m 25s
Rendered 943/5648, time remaining: 2m 27s
Rendered 944/5648, time remaining: 2m 27s
Rendered 945/5648, time remaining: 2m 25s
Rendered 946/5648, time remaining: 2m 25s
Rendered 947/5648, time remaining: 2m 24s
Rendered 948/5648, time remaining: 2m 25s
Rendered 949/5648, time remaining: 2m 26s
Rendered 950/5648, time remaining: 2m 26s
Rendered 951/5648, time remaining: 2m 29s
Rendered 952/5648, time remaining: 2m 28s
Rendered 953/5648, time remaining: 2m 24s
Rendered 954/5648, time remaining: 2m 26s
Rendered 955/5648, time remaining: 2m 25s
Rendered 956/5648, time remaining: 2m 25s
Rendered 957/5648, time remaining: 2m 30s
Rendered 958/5648, time remaining: 2m 29s
Rendered 959/5648, time remaining: 2m 29s
Rendered 960/5648, time remaining: 2m 28s
Rendered 961/5648, time remaining: 2m 27s
Rendered 962/5648, time remaining: 2m 25s
Rendered 963/5648, time remaining: 2m 24s
Rendered 964/5648, time remaining: 2m 26s
Rendered 965/5648, time remaining: 2m 27s
Rendered 966/5648, time remaining: 2m 27s
Rendered 967/5648, time remaining: 2m 27s
Rendered 968/5648, time remaining: 2m 27s
Rendered 969/5648, time remaining: 2m 27s
Rendered 970/5648, time remaining: 2m 27s
Rendered 971/5648, time remaining: 2m 27s
Rendered 972/5648, time remaining: 2m 27s
Rendered 973/5648, time remaining: 2m 26s
Rendered 974/5648, time remaining: 2m 26s
Rendered 975/5648, time remaining: 2m 28s
Rendered 976/5648, time remaining: 2m 29s
Rendered 977/5648, time remaining: 2m 28s
Rendered 978/5648, time remaining: 2m 27s
Rendered 979/5648, time remaining: 2m 26s
Rendered 980/5648, time remaining: 2m 26s
Rendered 981/5648, time remaining: 2m 25s
Rendered 982/5648, time remaining: 2m 27s
Rendered 983/5648, time remaining: 2m 28s
Rendered 984/5648, time remaining: 2m 27s
Rendered 985/5648, time remaining: 2m 27s
Rendered 986/5648, time remaining: 2m 26s
Rendered 987/5648, time remaining: 2m 28s
Rendered 988/5648, time remaining: 2m 28s
Rendered 989/5648, time remaining: 2m 27s
Rendered 990/5648, time remaining: 2m 24s
Rendered 991/5648, time remaining: 2m 27s
Rendered 992/5648, time remaining: 2m 27s
Rendered 993/5648, time remaining: 2m 25s
Rendered 994/5648, time remaining: 2m 26s
Rendered 995/5648, time remaining: 2m 26s
Rendered 996/5648, time remaining: 2m 26s
Rendered 997/5648, time remaining: 2m 29s
Rendered 998/5648, time remaining: 2m 30s
Rendered 999/5648, time remaining: 2m 30s
Rendered 1000/5648, time remaining: 2m 28s
Rendered 1001/5648, time remaining: 2m 25s
Rendered 1002/5648, time remaining: 2m 26s
Rendered 1003/5648, time remaining: 2m 26s
Rendered 1004/5648, time remaining: 2m 26s
Rendered 1005/5648, time remaining: 2m 29s
Rendered 1006/5648, time remaining: 2m 26s
Rendered 1007/5648, time remaining: 2m 26s
Rendered 1008/5648, time remaining: 2m 28s
Rendered 1009/5648, time remaining: 2m 27s
Rendered 1010/5648, time remaining: 2m 28s
Rendered 1011/5648, time remaining: 2m 27s
Rendered 1012/5648, time remaining: 2m 27s
Rendered 1013/5648, time remaining: 2m 30s
Rendered 1014/5648, time remaining: 2m 27s
Rendered 1015/5648, time remaining: 2m 27s
Rendered 1016/5648, time remaining: 2m 25s
Rendered 1017/5648, time remaining: 2m 26s
Rendered 1018/5648, time remaining: 2m 25s
Rendered 1019/5648, time remaining: 2m 26s
Rendered 1020/5648, time remaining: 2m 26s
Rendered 1021/5648, time remaining: 2m 28s
Rendered 1022/5648, time remaining: 2m 29s
Rendered 1023/5648, time remaining: 2m 27s
Rendered 1024/5648, time remaining: 2m 25s
Rendered 1025/5648, time remaining: 2m 26s
Rendered 1026/5648, time remaining: 2m 28s
Rendered 1027/5648, time remaining: 2m 25s
Rendered 1028/5648, time remaining: 2m 25s
Rendered 1029/5648, time remaining: 2m 28s
Rendered 1030/5648, time remaining: 2m 29s
Rendered 1031/5648, time remaining: 2m 27s
Rendered 1032/5648, time remaining: 2m 26s
Rendered 1033/5648, time remaining: 2m 28s
Rendered 1034/5648, time remaining: 2m 27s
Rendered 1035/5648, time remaining: 2m 24s
Rendered 1036/5648, time remaining: 2m 24s
Rendered 1037/5648, time remaining: 2m 27s
Rendered 1038/5648, time remaining: 2m 29s
Rendered 1039/5648, time remaining: 2m 28s
Rendered 1040/5648, time remaining: 2m 26s
Rendered 1041/5648, time remaining: 2m 28s
Rendered 1042/5648, time remaining: 2m 28s
Rendered 1043/5648, time remaining: 2m 28s
Rendered 1044/5648, time remaining: 2m 26s
Rendered 1045/5648, time remaining: 2m 25s
Rendered 1046/5648, time remaining: 2m 25s
Rendered 1047/5648, time remaining: 2m 25s
Rendered 1048/5648, time remaining: 2m 25s
Rendered 1049/5648, time remaining: 2m 27s
Rendered 1050/5648, time remaining: 2m 27s
Rendered 1051/5648, time remaining: 2m 28s
Rendered 1052/5648, time remaining: 2m 28s
Rendered 1053/5648, time remaining: 2m 25s
Rendered 1054/5648, time remaining: 2m 26s
Rendered 1055/5648, time remaining: 2m 25s
Rendered 1056/5648, time remaining: 2m 25s
Rendered 1057/5648, time remaining: 2m 24s
Rendered 1058/5648, time remaining: 2m 24s
Rendered 1059/5648, time remaining: 2m 22s
Rendered 1060/5648, time remaining: 2m 22s
Rendered 1061/5648, time remaining: 2m 21s
Rendered 1062/5648, time remaining: 2m 21s
Rendered 1063/5648, time remaining: 2m 20s
Rendered 1064/5648, time remaining: 2m 20s
Rendered 1065/5648, time remaining: 2m 20s
Rendered 1066/5648, time remaining: 2m 20s
Rendered 1067/5648, time remaining: 2m 16s
Rendered 1068/5648, time remaining: 2m 17s
Rendered 1069/5648, time remaining: 2m 15s
Rendered 1070/5648, time remaining: 2m 17s
Rendered 1071/5648, time remaining: 2m 15s
Rendered 1072/5648, time remaining: 2m 15s
Rendered 1073/5648, time remaining: 2m 17s
Rendered 1074/5648, time remaining: 2m 15s
Rendered 1075/5648, time remaining: 2m 12s
Rendered 1076/5648, time remaining: 2m 13s
Rendered 1077/5648, time remaining: 2m 14s
Rendered 1078/5648, time remaining: 2m 14s
Rendered 1079/5648, time remaining: 2m 14s
Rendered 1080/5648, time remaining: 2m 15s
Rendered 1081/5648, time remaining: 2m 16s
Rendered 1082/5648, time remaining: 2m 14s
Rendered 1083/5648, time remaining: 2m 11s
Rendered 1084/5648, time remaining: 2m 12s
Rendered 1085/5648, time remaining: 2m 12s
Rendered 1086/5648, time remaining: 2m 11s
Rendered 1087/5648, time remaining: 2m 11s
Rendered 1088/5648, time remaining: 2m 15s
Rendered 1089/5648, time remaining: 2m 13s
Rendered 1090/5648, time remaining: 2m 13s
Rendered 1091/5648, time remaining: 2m 14s
Rendered 1092/5648, time remaining: 2m 14s
Rendered 1093/5648, time remaining: 2m 12s
Rendered 1094/5648, time remaining: 2m 12s
Rendered 1095/5648, time remaining: 2m 10s
Rendered 1096/5648, time remaining: 2m 10s
Rendered 1097/5648, time remaining: 2m 15s
Rendered 1098/5648, time remaining: 2m 13s
Rendered 1099/5648, time remaining: 2m 14s
Rendered 1100/5648, time remaining: 2m 13s
Rendered 1101/5648, time remaining: 2m 10s
Rendered 1102/5648, time remaining: 2m 10s
Rendered 1103/5648, time remaining: 2m 10s
Rendered 1104/5648, time remaining: 2m 9s
Rendered 1105/5648, time remaining: 2m 11s
Rendered 1106/5648, time remaining: 2m 11s
Rendered 1107/5648, time remaining: 2m 9s
Rendered 1108/5648, time remaining: 2m 9s
Rendered 1109/5648, time remaining: 2m 10s
Rendered 1110/5648, time remaining: 2m 10s
Rendered 1111/5648, time remaining: 2m 12s
Rendered 1112/5648, time remaining: 2m 11s
Rendered 1113/5648, time remaining: 2m 11s
Rendered 1114/5648, time remaining: 2m 9s
Rendered 1115/5648, time remaining: 2m 9s
Rendered 1116/5648, time remaining: 2m 10s
Rendered 1117/5648, time remaining: 2m 10s
Rendered 1118/5648, time remaining: 2m 10s
Rendered 1119/5648, time remaining: 2m 10s
Rendered 1120/5648, time remaining: 2m 5s
Rendered 1121/5648, time remaining: 2m 6s
Rendered 1122/5648, time remaining: 2m 6s
Rendered 1123/5648, time remaining: 2m 7s
Rendered 1124/5648, time remaining: 2m 7s
Rendered 1125/5648, time remaining: 2m 8s
Rendered 1126/5648, time remaining: 2m 7s
Rendered 1127/5648, time remaining: 2m 8s
Rendered 1128/5648, time remaining: 2m 5s
Rendered 1129/5648, time remaining: 2m 6s
Rendered 1130/5648, time remaining: 2m 6s
Rendered 1131/5648, time remaining: 2m 6s
Rendered 1132/5648, time remaining: 2m 6s
Rendered 1133/5648, time remaining: 2m 5s
Rendered 1134/5648, time remaining: 2m 4s
Rendered 1135/5648, time remaining: 2m 4s
Rendered 1136/5648, time remaining: 2m 6s
Rendered 1137/5648, time remaining: 2m 5s
Rendered 1138/5648, time remaining: 2m 5s
Rendered 1139/5648, time remaining: 2m 7s
Rendered 1140/5648, time remaining: 2m 7s
Rendered 1141/5648, time remaining: 2m 5s
Rendered 1142/5648, time remaining: 2m 5s
Rendered 1143/5648, time remaining: 2m 3s
Rendered 1144/5648, time remaining: 2m 3s
Rendered 1145/5648, time remaining: 2m 4s
Rendered 1146/5648, time remaining: 2m 7s
Rendered 1147/5648, time remaining: 2m 3s
Rendered 1148/5648, time remaining: 2m 3s
Rendered 1149/5648, time remaining: 2m 4s
Rendered 1150/5648, time remaining: 2m 3s
Rendered 1151/5648, time remaining: 2m 2s
Rendered 1152/5648, time remaining: 2m 0s
Rendered 1153/5648, time remaining: 2m 2s
Rendered 1154/5648, time remaining: 2m 3s
Rendered 1155/5648, time remaining: 2m 2s
Rendered 1156/5648, time remaining: 2m 2s
Rendered 1157/5648, time remaining: 2m 2s
Rendered 1158/5648, time remaining: 2m 2s
Rendered 1159/5648, time remaining: 2m 1s
Rendered 1160/5648, time remaining: 2m 0s
Rendered 1161/5648, time remaining: 2m 1s
Rendered 1162/5648, time remaining: 2m 0s
Rendered 1163/5648, time remaining: 1m 57s
Rendered 1164/5648, time remaining: 2m 1s
Rendered 1165/5648, time remaining: 2m 1s
Rendered 1166/5648, time remaining: 2m 0s
Rendered 1167/5648, time remaining: 2m 0s
Rendered 1168/5648, time remaining: 2m 0s
Rendered 1169/5648, time remaining: 1m 59s
Rendered 1170/5648, time remaining: 1m 59s
Rendered 1171/5648, time remaining: 2m 0s
Rendered 1172/5648, time remaining: 1m 58s
Rendered 1173/5648, time remaining: 1m 58s
Rendered 1174/5648, time remaining: 1m 58s
Rendered 1175/5648, time remaining: 1m 59s
Rendered 1176/5648, time remaining: 1m 57s
Rendered 1177/5648, time remaining: 1m 58s
Rendered 1178/5648, time remaining: 1m 58s
Rendered 1179/5648, time remaining: 1m 58s
Rendered 1180/5648, time remaining: 1m 56s
Rendered 1181/5648, time remaining: 1m 58s
Rendered 1182/5648, time remaining: 1m 59s
Rendered 1183/5648, time remaining: 1m 57s
Rendered 1184/5648, time remaining: 1m 59s
Rendered 1185/5648, time remaining: 1m 59s
Rendered 1186/5648, time remaining: 2m 0s
Rendered 1187/5648, time remaining: 1m 57s
Rendered 1188/5648, time remaining: 1m 56s
Rendered 1189/5648, time remaining: 1m 56s
Rendered 1190/5648, time remaining: 1m 56s
Rendered 1191/5648, time remaining: 1m 54s
Rendered 1192/5648, time remaining: 1m 57s
Rendered 1193/5648, time remaining: 1m 57s
Rendered 1194/5648, time remaining: 1m 57s
Rendered 1195/5648, time remaining: 1m 57s
Rendered 1196/5648, time remaining: 1m 56s
Rendered 1197/5648, time remaining: 1m 56s
Rendered 1198/5648, time remaining: 1m 56s
Rendered 1199/5648, time remaining: 1m 52s
Rendered 1200/5648, time remaining: 1m 56s
Rendered 1201/5648, time remaining: 1m 56s
Rendered 1202/5648, time remaining: 1m 57s
Rendered 1203/5648, time remaining: 1m 57s
Rendered 1204/5648, time remaining: 1m 56s
Rendered 1205/5648, time remaining: 1m 56s
Rendered 1206/5648, time remaining: 1m 56s
Rendered 1207/5648, time remaining: 1m 54s
Rendered 1208/5648, time remaining: 1m 56s
Rendered 1209/5648, time remaining: 1m 56s
Rendered 1210/5648, time remaining: 2m 0s
Rendered 1211/5648, time remaining: 1m 59s
Rendered 1212/5648, time remaining: 1m 59s
Rendered 1213/5648, time remaining: 2m 0s
Rendered 1214/5648, time remaining: 2m 0s
Rendered 1215/5648, time remaining: 2m 0s
Rendered 1216/5648, time remaining: 1m 59s
Rendered 1217/5648, time remaining: 2m 0s
Rendered 1218/5648, time remaining: 2m 2s
Rendered 1219/5648, time remaining: 2m 3s
Rendered 1220/5648, time remaining: 2m 3s
Rendered 1221/5648, time remaining: 2m 4s
Rendered 1222/5648, time remaining: 2m 4s
Rendered 1223/5648, time remaining: 2m 3s
Rendered 1224/5648, time remaining: 2m 3s
Rendered 1225/5648, time remaining: 2m 3s
Rendered 1226/5648, time remaining: 2m 3s
Rendered 1227/5648, time remaining: 2m 5s
Rendered 1228/5648, time remaining: 2m 4s
Rendered 1229/5648, time remaining: 2m 6s
Rendered 1230/5648, time remaining: 2m 5s
Rendered 1231/5648, time remaining: 2m 3s
Rendered 1232/5648, time remaining: 2m 3s
Rendered 1233/5648, time remaining: 2m 3s
Rendered 1234/5648, time remaining: 2m 3s
Rendered 1235/5648, time remaining: 2m 6s
Rendered 1236/5648, time remaining: 2m 6s
Rendered 1237/5648, time remaining: 2m 7s
Rendered 1238/5648, time remaining: 2m 3s
Rendered 1239/5648, time remaining: 2m 2s
Rendered 1240/5648, time remaining: 2m 4s
Rendered 1241/5648, time remaining: 2m 3s
Rendered 1242/5648, time remaining: 2m 2s
Rendered 1243/5648, time remaining: 2m 2s
Rendered 1244/5648, time remaining: 2m 4s
Rendered 1245/5648, time remaining: 2m 6s
Rendered 1246/5648, time remaining: 2m 6s
Rendered 1247/5648, time remaining: 2m 3s
Rendered 1248/5648, time remaining: 2m 3s
Rendered 1249/5648, time remaining: 2m 2s
Rendered 1250/5648, time remaining: 2m 3s
Rendered 1251/5648, time remaining: 2m 3s
Rendered 1252/5648, time remaining: 2m 5s
Rendered 1253/5648, time remaining: 2m 5s
Rendered 1254/5648, time remaining: 2m 4s
Rendered 1255/5648, time remaining: 2m 2s
Rendered 1256/5648, time remaining: 2m 2s
Rendered 1257/5648, time remaining: 2m 0s
Rendered 1258/5648, time remaining: 2m 1s
Rendered 1259/5648, time remaining: 2m 0s
Rendered 1260/5648, time remaining: 2m 5s
Rendered 1261/5648, time remaining: 2m 3s
Rendered 1262/5648, time remaining: 2m 2s
Rendered 1263/5648, time remaining: 2m 3s
Rendered 1264/5648, time remaining: 2m 3s
Rendered 1265/5648, time remaining: 2m 1s
Rendered 1266/5648, time remaining: 2m 1s
Rendered 1267/5648, time remaining: 2m 2s
Rendered 1268/5648, time remaining: 2m 1s
Rendered 1269/5648, time remaining: 2m 4s
Rendered 1270/5648, time remaining: 2m 4s
Rendered 1271/5648, time remaining: 2m 4s
Rendered 1272/5648, time remaining: 2m 4s
Rendered 1273/5648, time remaining: 2m 3s
Rendered 1274/5648, time remaining: 2m 3s
Rendered 1275/5648, time remaining: 2m 0s
Rendered 1276/5648, time remaining: 2m 0s
Rendered 1277/5648, time remaining: 2m 5s
Rendered 1278/5648, time remaining: 2m 5s
Rendered 1279/5648, time remaining: 2m 4s
Rendered 1280/5648, time remaining: 2m 5s
Rendered 1281/5648, time remaining: 2m 4s
Rendered 1282/5648, time remaining: 2m 3s
Rendered 1283/5648, time remaining: 2m 1s
Rendered 1284/5648, time remaining: 2m 1s
Rendered 1285/5648, time remaining: 2m 6s
Rendered 1286/5648, time remaining: 2m 4s
Rendered 1287/5648, time remaining: 2m 4s
Rendered 1288/5648, time remaining: 2m 4s
Rendered 1289/5648, time remaining: 2m 3s
Rendered 1290/5648, time remaining: 2m 2s
Rendered 1291/5648, time remaining: 2m 2s
Rendered 1292/5648, time remaining: 2m 2s
Rendered 1293/5648, time remaining: 2m 4s
Rendered 1294/5648, time remaining: 2m 6s
Rendered 1295/5648, time remaining: 2m 6s
Rendered 1296/5648, time remaining: 2m 3s
Rendered 1297/5648, time remaining: 2m 3s
Rendered 1298/5648, time remaining: 2m 3s
Rendered 1299/5648, time remaining: 2m 2s
Rendered 1300/5648, time remaining: 2m 2s
Rendered 1301/5648, time remaining: 2m 3s
Rendered 1302/5648, time remaining: 2m 2s
Rendered 1303/5648, time remaining: 2m 6s
Rendered 1304/5648, time remaining: 2m 5s
Rendered 1305/5648, time remaining: 2m 3s
Rendered 1306/5648, time remaining: 2m 4s
Rendered 1307/5648, time remaining: 2m 4s
Rendered 1308/5648, time remaining: 2m 1s
Rendered 1309/5648, time remaining: 2m 1s
Rendered 1310/5648, time remaining: 2m 2s
Rendered 1311/5648, time remaining: 2m 6s
Rendered 1312/5648, time remaining: 2m 6s
Rendered 1313/5648, time remaining: 2m 6s
Rendered 1314/5648, time remaining: 2m 2s
Rendered 1315/5648, time remaining: 2m 4s
Rendered 1316/5648, time remaining: 2m 5s
Rendered 1317/5648, time remaining: 2m 5s
Rendered 1318/5648, time remaining: 2m 4s
Rendered 1319/5648, time remaining: 2m 4s
Rendered 1320/5648, time remaining: 2m 5s
Rendered 1321/5648, time remaining: 2m 3s
Rendered 1322/5648, time remaining: 2m 3s
Rendered 1323/5648, time remaining: 2m 6s
Rendered 1324/5648, time remaining: 2m 6s
Rendered 1325/5648, time remaining: 2m 5s
Rendered 1326/5648, time remaining: 2m 5s
Rendered 1327/5648, time remaining: 2m 4s
Rendered 1328/5648, time remaining: 2m 5s
Rendered 1329/5648, time remaining: 2m 3s
Rendered 1330/5648, time remaining: 2m 2s
Rendered 1331/5648, time remaining: 2m 5s
Rendered 1332/5648, time remaining: 2m 5s
Rendered 1333/5648, time remaining: 2m 5s
Rendered 1334/5648, time remaining: 2m 3s
Rendered 1335/5648, time remaining: 2m 3s
Rendered 1336/5648, time remaining: 2m 4s
Rendered 1337/5648, time remaining: 2m 5s
Rendered 1338/5648, time remaining: 2m 4s
Rendered 1339/5648, time remaining: 2m 4s
Rendered 1340/5648, time remaining: 2m 5s
Rendered 1341/5648, time remaining: 2m 4s
Rendered 1342/5648, time remaining: 2m 0s
Rendered 1343/5648, time remaining: 2m 4s
Rendered 1344/5648, time remaining: 2m 4s
Rendered 1345/5648, time remaining: 2m 4s
Rendered 1346/5648, time remaining: 2m 4s
Rendered 1347/5648, time remaining: 2m 4s
Rendered 1348/5648, time remaining: 2m 6s
Rendered 1349/5648, time remaining: 2m 6s
Rendered 1350/5648, time remaining: 2m 2s
Rendered 1351/5648, time remaining: 2m 3s
Rendered 1352/5648, time remaining: 2m 2s
Rendered 1353/5648, time remaining: 2m 5s
Rendered 1354/5648, time remaining: 2m 4s
Rendered 1355/5648, time remaining: 2m 4s
Rendered 1356/5648, time remaining: 2m 4s
Rendered 1357/5648, time remaining: 2m 5s
Rendered 1358/5648, time remaining: 2m 5s
Rendered 1359/5648, time remaining: 2m 5s
Rendered 1360/5648, time remaining: 2m 2s
Rendered 1361/5648, time remaining: 2m 4s
Rendered 1362/5648, time remaining: 2m 4s
Rendered 1363/5648, time remaining: 2m 3s
Rendered 1364/5648, time remaining: 2m 3s
Rendered 1365/5648, time remaining: 2m 3s
Rendered 1366/5648, time remaining: 2m 3s
Rendered 1367/5648, time remaining: 2m 5s
Rendered 1368/5648, time remaining: 2m 2s
Rendered 1369/5648, time remaining: 2m 4s
Rendered 1370/5648, time remaining: 2m 3s
Rendered 1371/5648, time remaining: 2m 2s
Rendered 1372/5648, time remaining: 2m 2s
Rendered 1373/5648, time remaining: 2m 1s
Rendered 1374/5648, time remaining: 2m 3s
Rendered 1375/5648, time remaining: 2m 3s
Rendered 1376/5648, time remaining: 2m 5s
Rendered 1377/5648, time remaining: 2m 3s
Rendered 1378/5648, time remaining: 2m 3s
Rendered 1379/5648, time remaining: 2m 1s
Rendered 1380/5648, time remaining: 2m 1s
Rendered 1381/5648, time remaining: 2m 1s
Rendered 1382/5648, time remaining: 2m 1s
Rendered 1383/5648, time remaining: 2m 1s
Rendered 1384/5648, time remaining: 2m 5s
Rendered 1385/5648, time remaining: 2m 3s
Rendered 1386/5648, time remaining: 2m 3s
Rendered 1387/5648, time remaining: 2m 1s
Rendered 1388/5648, time remaining: 2m 1s
Rendered 1389/5648, time remaining: 2m 1s
Rendered 1390/5648, time remaining: 2m 0s
Rendered 1391/5648, time remaining: 2m 1s
Rendered 1392/5648, time remaining: 2m 4s
Rendered 1393/5648, time remaining: 2m 4s
Rendered 1394/5648, time remaining: 2m 3s
Rendered 1395/5648, time remaining: 2m 1s
Rendered 1396/5648, time remaining: 2m 1s
Rendered 1397/5648, time remaining: 2m 0s
Rendered 1398/5648, time remaining: 2m 0s
Rendered 1399/5648, time remaining: 2m 1s
Rendered 1400/5648, time remaining: 2m 3s
Rendered 1401/5648, time remaining: 2m 3s
Rendered 1402/5648, time remaining: 2m 1s
Rendered 1403/5648, time remaining: 2m 1s
Rendered 1404/5648, time remaining: 2m 1s
Rendered 1405/5648, time remaining: 2m 1s
Rendered 1406/5648, time remaining: 2m 1s
Rendered 1407/5648, time remaining: 2m 1s
Rendered 1408/5648, time remaining: 2m 5s
Rendered 1409/5648, time remaining: 2m 5s
Rendered 1410/5648, time remaining: 2m 0s
Rendered 1411/5648, time remaining: 2m 1s
Rendered 1412/5648, time remaining: 2m 1s
Rendered 1413/5648, time remaining: 2m 0s
Rendered 1414/5648, time remaining: 2m 0s
Rendered 1415/5648, time remaining: 2m 2s
Rendered 1416/5648, time remaining: 2m 3s
Rendered 1417/5648, time remaining: 2m 2s
Rendered 1418/5648, time remaining: 2m 2s
Rendered 1419/5648, time remaining: 2m 1s
Rendered 1420/5648, time remaining: 2m 0s
Rendered 1421/5648, time remaining: 2m 0s
Rendered 1422/5648, time remaining: 2m 0s
Rendered 1423/5648, time remaining: 2m 2s
Rendered 1424/5648, time remaining: 2m 1s
Rendered 1425/5648, time remaining: 2m 4s
Rendered 1426/5648, time remaining: 2m 4s
Rendered 1427/5648, time remaining: 1m 59s
Rendered 1428/5648, time remaining: 1m 59s
Rendered 1429/5648, time remaining: 2m 1s
Rendered 1430/5648, time remaining: 2m 0s
Rendered 1431/5648, time remaining: 2m 0s
Rendered 1432/5648, time remaining: 2m 0s
Rendered 1433/5648, time remaining: 2m 2s
Rendered 1434/5648, time remaining: 2m 4s
Rendered 1435/5648, time remaining: 2m 0s
Rendered 1436/5648, time remaining: 1m 59s
Rendered 1437/5648, time remaining: 1m 59s
Rendered 1438/5648, time remaining: 1m 58s
Rendered 1439/5648, time remaining: 2m 0s
Rendered 1440/5648, time remaining: 2m 0s
Rendered 1441/5648, time remaining: 2m 1s
Rendered 1442/5648, time remaining: 2m 2s
Rendered 1443/5648, time remaining: 2m 1s
Rendered 1444/5648, time remaining: 1m 59s
Rendered 1445/5648, time remaining: 1m 58s
Rendered 1446/5648, time remaining: 1m 59s
Rendered 1447/5648, time remaining: 1m 59s
Rendered 1448/5648, time remaining: 2m 1s
Rendered 1449/5648, time remaining: 2m 0s
Rendered 1450/5648, time remaining: 2m 3s
Rendered 1451/5648, time remaining: 2m 2s
Rendered 1452/5648, time remaining: 2m 2s
Rendered 1453/5648, time remaining: 1m 57s
Rendered 1454/5648, time remaining: 1m 57s
Rendered 1455/5648, time remaining: 1m 57s
Rendered 1456/5648, time remaining: 1m 57s
Rendered 1457/5648, time remaining: 1m 57s
Rendered 1458/5648, time remaining: 2m 2s
Rendered 1459/5648, time remaining: 2m 2s
Rendered 1460/5648, time remaining: 2m 3s
Rendered 1461/5648, time remaining: 1m 59s
Rendered 1462/5648, time remaining: 1m 59s
Rendered 1463/5648, time remaining: 1m 59s
Rendered 1464/5648, time remaining: 1m 59s
Rendered 1465/5648, time remaining: 2m 0s
Rendered 1466/5648, time remaining: 1m 58s
Rendered 1467/5648, time remaining: 2m 0s
Rendered 1468/5648, time remaining: 2m 1s
Rendered 1469/5648, time remaining: 2m 0s
Rendered 1470/5648, time remaining: 1m 59s
Rendered 1471/5648, time remaining: 1m 59s
Rendered 1472/5648, time remaining: 2m 0s
Rendered 1473/5648, time remaining: 1m 56s
Rendered 1474/5648, time remaining: 1m 57s
Rendered 1475/5648, time remaining: 1m 59s
Rendered 1476/5648, time remaining: 2m 0s
Rendered 1477/5648, time remaining: 2m 0s
Rendered 1478/5648, time remaining: 1m 59s
Rendered 1479/5648, time remaining: 2m 0s
Rendered 1480/5648, time remaining: 2m 0s
Rendered 1481/5648, time remaining: 1m 56s
Rendered 1482/5648, time remaining: 1m 57s
Rendered 1483/5648, time remaining: 1m 58s
Rendered 1484/5648, time remaining: 1m 59s
Rendered 1485/5648, time remaining: 1m 59s
Rendered 1486/5648, time remaining: 1m 57s
Rendered 1487/5648, time remaining: 1m 57s
Rendered 1488/5648, time remaining: 1m 59s
Rendered 1489/5648, time remaining: 2m 0s
Rendered 1490/5648, time remaining: 1m 59s
Rendered 1491/5648, time remaining: 2m 0s
Rendered 1492/5648, time remaining: 2m 1s
Rendered 1493/5648, time remaining: 1m 58s
Rendered 1494/5648, time remaining: 1m 58s
Rendered 1495/5648, time remaining: 1m 57s
Rendered 1496/5648, time remaining: 1m 57s
Rendered 1497/5648, time remaining: 2m 0s
Rendered 1498/5648, time remaining: 1m 58s
Rendered 1499/5648, time remaining: 1m 59s
Rendered 1500/5648, time remaining: 1m 59s
Rendered 1501/5648, time remaining: 1m 59s
Rendered 1502/5648, time remaining: 1m 59s
Rendered 1503/5648, time remaining: 1m 56s
Rendered 1504/5648, time remaining: 1m 59s
Rendered 1505/5648, time remaining: 1m 59s
Rendered 1506/5648, time remaining: 1m 59s
Rendered 1507/5648, time remaining: 1m 59s
Rendered 1508/5648, time remaining: 1m 58s
Rendered 1509/5648, time remaining: 1m 58s
Rendered 1510/5648, time remaining: 1m 58s
Rendered 1511/5648, time remaining: 1m 56s
Rendered 1512/5648, time remaining: 1m 58s
Rendered 1513/5648, time remaining: 2m 0s
Rendered 1514/5648, time remaining: 2m 0s
Rendered 1515/5648, time remaining: 2m 0s
Rendered 1516/5648, time remaining: 2m 2s
Rendered 1517/5648, time remaining: 1m 59s
Rendered 1518/5648, time remaining: 1m 59s
Rendered 1519/5648, time remaining: 1m 56s
Rendered 1520/5648, time remaining: 1m 56s
Rendered 1521/5648, time remaining: 2m 0s
Rendered 1522/5648, time remaining: 2m 0s
Rendered 1523/5648, time remaining: 2m 0s
Rendered 1524/5648, time remaining: 1m 59s
Rendered 1525/5648, time remaining: 2m 0s
Rendered 1526/5648, time remaining: 1m 58s
Rendered 1527/5648, time remaining: 1m 57s
Rendered 1528/5648, time remaining: 1m 57s
Rendered 1529/5648, time remaining: 2m 1s
Rendered 1530/5648, time remaining: 2m 0s
Rendered 1531/5648, time remaining: 2m 0s
Rendered 1532/5648, time remaining: 2m 1s
Rendered 1533/5648, time remaining: 2m 1s
Rendered 1534/5648, time remaining: 1m 57s
Rendered 1535/5648, time remaining: 1m 56s
Rendered 1536/5648, time remaining: 1m 58s
Rendered 1537/5648, time remaining: 1m 59s
Rendered 1538/5648, time remaining: 2m 1s
Rendered 1539/5648, time remaining: 2m 0s
Rendered 1540/5648, time remaining: 2m 1s
Rendered 1541/5648, time remaining: 2m 0s
Rendered 1542/5648, time remaining: 1m 57s
Rendered 1543/5648, time remaining: 1m 57s
Rendered 1544/5648, time remaining: 1m 59s
Rendered 1545/5648, time remaining: 1m 59s
Rendered 1546/5648, time remaining: 2m 0s
Rendered 1547/5648, time remaining: 2m 0s
Rendered 1548/5648, time remaining: 2m 2s
Rendered 1549/5648, time remaining: 2m 2s
Rendered 1550/5648, time remaining: 1m 58s
Rendered 1551/5648, time remaining: 1m 58s
Rendered 1552/5648, time remaining: 1m 58s
Rendered 1553/5648, time remaining: 1m 58s
Rendered 1554/5648, time remaining: 1m 58s
Rendered 1555/5648, time remaining: 1m 59s
Rendered 1556/5648, time remaining: 2m 2s
Rendered 1557/5648, time remaining: 2m 2s
Rendered 1558/5648, time remaining: 1m 58s
Rendered 1559/5648, time remaining: 1m 58s
Rendered 1560/5648, time remaining: 1m 58s
Rendered 1561/5648, time remaining: 1m 59s
Rendered 1562/5648, time remaining: 1m 59s
Rendered 1563/5648, time remaining: 1m 59s
Rendered 1564/5648, time remaining: 2m 1s
Rendered 1565/5648, time remaining: 2m 1s
Rendered 1566/5648, time remaining: 1m 59s
Rendered 1567/5648, time remaining: 1m 58s
Rendered 1568/5648, time remaining: 1m 59s
Rendered 1569/5648, time remaining: 1m 59s
Rendered 1570/5648, time remaining: 2m 1s
Rendered 1571/5648, time remaining: 2m 1s
Rendered 1572/5648, time remaining: 2m 0s
Rendered 1573/5648, time remaining: 1m 59s
Rendered 1574/5648, time remaining: 1m 59s
Rendered 1575/5648, time remaining: 1m 57s
Rendered 1576/5648, time remaining: 1m 57s
Rendered 1577/5648, time remaining: 2m 1s
Rendered 1578/5648, time remaining: 2m 1s
Rendered 1579/5648, time remaining: 1m 59s
Rendered 1580/5648, time remaining: 1m 59s
Rendered 1581/5648, time remaining: 1m 59s
Rendered 1582/5648, time remaining: 1m 59s
Rendered 1583/5648, time remaining: 1m 58s
Rendered 1584/5648, time remaining: 1m 57s
Rendered 1585/5648, time remaining: 1m 59s
Rendered 1586/5648, time remaining: 1m 59s
Rendered 1587/5648, time remaining: 2m 0s
Rendered 1588/5648, time remaining: 2m 2s
Rendered 1589/5648, time remaining: 2m 0s
Rendered 1590/5648, time remaining: 2m 0s
Rendered 1591/5648, time remaining: 1m 59s
Rendered 1592/5648, time remaining: 1m 58s
Rendered 1593/5648, time remaining: 1m 58s
Rendered 1594/5648, time remaining: 1m 58s
Rendered 1595/5648, time remaining: 1m 57s
Rendered 1596/5648, time remaining: 2m 1s
Rendered 1597/5648, time remaining: 2m 1s
Rendered 1598/5648, time remaining: 1m 59s
Rendered 1599/5648, time remaining: 1m 59s
Rendered 1600/5648, time remaining: 1m 57s
Rendered 1601/5648, time remaining: 1m 57s
Rendered 1602/5648, time remaining: 1m 57s
Rendered 1603/5648, time remaining: 1m 57s
Rendered 1604/5648, time remaining: 2m 1s
Rendered 1605/5648, time remaining: 2m 1s
Rendered 1606/5648, time remaining: 2m 2s
Rendered 1607/5648, time remaining: 2m 1s
Rendered 1608/5648, time remaining: 1m 56s
Rendered 1609/5648, time remaining: 1m 56s
Rendered 1610/5648, time remaining: 1m 56s
Rendered 1611/5648, time remaining: 1m 56s
Rendered 1612/5648, time remaining: 1m 58s
Rendered 1613/5648, time remaining: 1m 58s
Rendered 1614/5648, time remaining: 2m 1s
Rendered 1615/5648, time remaining: 1m 59s
Rendered 1616/5648, time remaining: 1m 58s
Rendered 1617/5648, time remaining: 1m 57s
Rendered 1618/5648, time remaining: 1m 55s
Rendered 1619/5648, time remaining: 1m 56s
Rendered 1620/5648, time remaining: 1m 56s
Rendered 1621/5648, time remaining: 1m 59s
Rendered 1622/5648, time remaining: 1m 59s
Rendered 1623/5648, time remaining: 1m 59s
Rendered 1624/5648, time remaining: 1m 59s
Rendered 1625/5648, time remaining: 1m 57s
Rendered 1626/5648, time remaining: 1m 56s
Rendered 1627/5648, time remaining: 1m 56s
Rendered 1628/5648, time remaining: 1m 56s
Rendered 1629/5648, time remaining: 1m 57s
Rendered 1630/5648, time remaining: 1m 57s
Rendered 1631/5648, time remaining: 1m 59s
Rendered 1632/5648, time remaining: 1m 59s
Rendered 1633/5648, time remaining: 1m 58s
Rendered 1634/5648, time remaining: 1m 57s
Rendered 1635/5648, time remaining: 1m 59s
Rendered 1636/5648, time remaining: 1m 58s
Rendered 1637/5648, time remaining: 1m 58s
Rendered 1638/5648, time remaining: 1m 58s
Rendered 1639/5648, time remaining: 1m 57s
Rendered 1640/5648, time remaining: 1m 58s
Rendered 1641/5648, time remaining: 1m 57s
Rendered 1642/5648, time remaining: 1m 56s
Rendered 1643/5648, time remaining: 1m 58s
Rendered 1644/5648, time remaining: 1m 57s
Rendered 1645/5648, time remaining: 1m 59s
Rendered 1646/5648, time remaining: 2m 0s
Rendered 1647/5648, time remaining: 1m 57s
Rendered 1648/5648, time remaining: 1m 56s
Rendered 1649/5648, time remaining: 1m 57s
Rendered 1650/5648, time remaining: 1m 57s
Rendered 1651/5648, time remaining: 1m 55s
Rendered 1652/5648, time remaining: 1m 55s
Rendered 1653/5648, time remaining: 1m 58s
Rendered 1654/5648, time remaining: 1m 56s
Rendered 1655/5648, time remaining: 1m 56s
Rendered 1656/5648, time remaining: 1m 56s
Rendered 1657/5648, time remaining: 1m 56s
Rendered 1658/5648, time remaining: 1m 56s
Rendered 1659/5648, time remaining: 1m 56s
Rendered 1660/5648, time remaining: 1m 56s
Rendered 1661/5648, time remaining: 1m 59s
Rendered 1662/5648, time remaining: 1m 57s
Rendered 1663/5648, time remaining: 1m 56s
Rendered 1664/5648, time remaining: 1m 56s
Rendered 1665/5648, time remaining: 1m 56s
Rendered 1666/5648, time remaining: 1m 55s
Rendered 1667/5648, time remaining: 1m 55s
Rendered 1668/5648, time remaining: 1m 56s
Rendered 1669/5648, time remaining: 1m 58s
Rendered 1670/5648, time remaining: 1m 59s
Rendered 1671/5648, time remaining: 1m 55s
Rendered 1672/5648, time remaining: 1m 56s
Rendered 1673/5648, time remaining: 1m 56s
Rendered 1674/5648, time remaining: 1m 56s
Rendered 1675/5648, time remaining: 1m 54s
Rendered 1676/5648, time remaining: 1m 57s
Rendered 1677/5648, time remaining: 1m 57s
Rendered 1678/5648, time remaining: 1m 59s
Rendered 1679/5648, time remaining: 1m 55s
Rendered 1680/5648, time remaining: 1m 56s
Rendered 1681/5648, time remaining: 1m 56s
Rendered 1682/5648, time remaining: 1m 55s
Rendered 1683/5648, time remaining: 1m 55s
Rendered 1684/5648, time remaining: 1m 55s
Rendered 1685/5648, time remaining: 1m 57s
Rendered 1686/5648, time remaining: 1m 55s
Rendered 1687/5648, time remaining: 1m 56s
Rendered 1688/5648, time remaining: 1m 56s
Rendered 1689/5648, time remaining: 1m 56s
Rendered 1690/5648, time remaining: 1m 56s
Rendered 1691/5648, time remaining: 1m 56s
Rendered 1692/5648, time remaining: 1m 56s
Rendered 1693/5648, time remaining: 1m 56s
Rendered 1694/5648, time remaining: 1m 54s
Rendered 1695/5648, time remaining: 1m 55s
Rendered 1696/5648, time remaining: 1m 56s
Rendered 1697/5648, time remaining: 1m 56s
Rendered 1698/5648, time remaining: 1m 54s
Rendered 1699/5648, time remaining: 1m 54s
Rendered 1700/5648, time remaining: 1m 57s
Rendered 1701/5648, time remaining: 1m 57s
Rendered 1702/5648, time remaining: 1m 57s
Rendered 1703/5648, time remaining: 1m 55s
Rendered 1704/5648, time remaining: 1m 56s
Rendered 1705/5648, time remaining: 1m 56s
Rendered 1706/5648, time remaining: 1m 53s
Rendered 1707/5648, time remaining: 1m 53s
Rendered 1708/5648, time remaining: 1m 56s
Rendered 1709/5648, time remaining: 1m 56s
Rendered 1710/5648, time remaining: 1m 57s
Rendered 1711/5648, time remaining: 1m 55s
Rendered 1712/5648, time remaining: 1m 55s
Rendered 1713/5648, time remaining: 1m 55s
Rendered 1714/5648, time remaining: 1m 53s
Rendered 1715/5648, time remaining: 1m 52s
Rendered 1716/5648, time remaining: 1m 55s
Rendered 1717/5648, time remaining: 1m 55s
Rendered 1718/5648, time remaining: 1m 56s
Rendered 1719/5648, time remaining: 1m 55s
Rendered 1720/5648, time remaining: 1m 54s
Rendered 1721/5648, time remaining: 1m 54s
Rendered 1722/5648, time remaining: 1m 54s
Rendered 1723/5648, time remaining: 1m 54s
Rendered 1724/5648, time remaining: 1m 56s
Rendered 1725/5648, time remaining: 1m 57s
Rendered 1726/5648, time remaining: 1m 57s
Rendered 1727/5648, time remaining: 1m 53s
Rendered 1728/5648, time remaining: 1m 54s
Rendered 1729/5648, time remaining: 1m 54s
Rendered 1730/5648, time remaining: 1m 54s
Rendered 1731/5648, time remaining: 1m 54s
Rendered 1732/5648, time remaining: 1m 57s
Rendered 1733/5648, time remaining: 1m 56s
Rendered 1734/5648, time remaining: 1m 57s
Rendered 1735/5648, time remaining: 1m 54s
Rendered 1736/5648, time remaining: 1m 54s
Rendered 1737/5648, time remaining: 1m 53s
Rendered 1738/5648, time remaining: 1m 51s
Rendered 1739/5648, time remaining: 1m 54s
Rendered 1740/5648, time remaining: 1m 53s
Rendered 1741/5648, time remaining: 1m 56s
Rendered 1742/5648, time remaining: 1m 55s
Rendered 1743/5648, time remaining: 1m 55s
Rendered 1744/5648, time remaining: 1m 56s
Rendered 1745/5648, time remaining: 1m 56s
Rendered 1746/5648, time remaining: 1m 52s
Rendered 1747/5648, time remaining: 1m 52s
Rendered 1748/5648, time remaining: 1m 51s
Rendered 1749/5648, time remaining: 1m 54s
Rendered 1750/5648, time remaining: 1m 55s
Rendered 1751/5648, time remaining: 1m 55s
Rendered 1752/5648, time remaining: 1m 56s
Rendered 1753/5648, time remaining: 1m 56s
Rendered 1754/5648, time remaining: 1m 52s
Rendered 1755/5648, time remaining: 1m 52s
Rendered 1756/5648, time remaining: 1m 53s
Rendered 1757/5648, time remaining: 1m 53s
Rendered 1758/5648, time remaining: 1m 53s
Rendered 1759/5648, time remaining: 1m 53s
Rendered 1760/5648, time remaining: 1m 55s
Rendered 1761/5648, time remaining: 1m 55s
Rendered 1762/5648, time remaining: 1m 53s
Rendered 1763/5648, time remaining: 1m 55s
Rendered 1764/5648, time remaining: 1m 53s
Rendered 1765/5648, time remaining: 1m 53s
Rendered 1766/5648, time remaining: 1m 53s
Rendered 1767/5648, time remaining: 1m 55s
Rendered 1768/5648, time remaining: 1m 54s
Rendered 1769/5648, time remaining: 1m 53s
Rendered 1770/5648, time remaining: 1m 54s
Rendered 1771/5648, time remaining: 1m 51s
Rendered 1772/5648, time remaining: 1m 53s
Rendered 1773/5648, time remaining: 1m 53s
Rendered 1774/5648, time remaining: 1m 55s
Rendered 1775/5648, time remaining: 1m 55s
Rendered 1776/5648, time remaining: 1m 55s
Rendered 1777/5648, time remaining: 1m 56s
Rendered 1778/5648, time remaining: 1m 55s
Rendered 1779/5648, time remaining: 1m 54s
Rendered 1780/5648, time remaining: 1m 54s
Rendered 1781/5648, time remaining: 1m 53s
Rendered 1782/5648, time remaining: 1m 52s
Rendered 1783/5648, time remaining: 1m 54s
Rendered 1784/5648, time remaining: 1m 56s
Rendered 1785/5648, time remaining: 1m 54s
Rendered 1786/5648, time remaining: 1m 54s
Rendered 1787/5648, time remaining: 1m 57s
Rendered 1788/5648, time remaining: 1m 55s
Rendered 1789/5648, time remaining: 1m 54s
Rendered 1790/5648, time remaining: 1m 54s
Rendered 1791/5648, time remaining: 1m 54s
Rendered 1792/5648, time remaining: 1m 54s
Rendered 1793/5648, time remaining: 1m 54s
Rendered 1794/5648, time remaining: 1m 55s
Rendered 1795/5648, time remaining: 1m 54s
Rendered 1796/5648, time remaining: 1m 53s
Rendered 1797/5648, time remaining: 1m 55s
Rendered 1798/5648, time remaining: 1m 55s
Rendered 1799/5648, time remaining: 1m 55s
Rendered 1800/5648, time remaining: 1m 55s
Rendered 1801/5648, time remaining: 1m 55s
Rendered 1802/5648, time remaining: 1m 56s
Rendered 1803/5648, time remaining: 1m 53s
Rendered 1804/5648, time remaining: 1m 52s
Rendered 1805/5648, time remaining: 1m 54s
Rendered 1806/5648, time remaining: 1m 55s
Rendered 1807/5648, time remaining: 1m 54s
Rendered 1808/5648, time remaining: 1m 54s
Rendered 1809/5648, time remaining: 1m 56s
Rendered 1810/5648, time remaining: 1m 56s
Rendered 1811/5648, time remaining: 1m 53s
Rendered 1812/5648, time remaining: 1m 53s
Rendered 1813/5648, time remaining: 1m 54s
Rendered 1814/5648, time remaining: 1m 54s
Rendered 1815/5648, time remaining: 1m 54s
Rendered 1816/5648, time remaining: 1m 54s
Rendered 1817/5648, time remaining: 1m 54s
Rendered 1818/5648, time remaining: 1m 56s
Rendered 1819/5648, time remaining: 1m 54s
Rendered 1820/5648, time remaining: 1m 54s
Rendered 1821/5648, time remaining: 1m 54s
Rendered 1822/5648, time remaining: 1m 53s
Rendered 1823/5648, time remaining: 1m 53s
Rendered 1824/5648, time remaining: 1m 53s
Rendered 1825/5648, time remaining: 1m 53s
Rendered 1826/5648, time remaining: 1m 52s
Rendered 1827/5648, time remaining: 1m 54s
Rendered 1828/5648, time remaining: 1m 53s
Rendered 1829/5648, time remaining: 1m 54s
Rendered 1830/5648, time remaining: 1m 53s
Rendered 1831/5648, time remaining: 1m 53s
Rendered 1832/5648, time remaining: 1m 53s
Rendered 1833/5648, time remaining: 1m 55s
Rendered 1834/5648, time remaining: 1m 55s
Rendered 1835/5648, time remaining: 1m 55s
Rendered 1836/5648, time remaining: 1m 55s
Rendered 1837/5648, time remaining: 1m 55s
Rendered 1838/5648, time remaining: 1m 53s
Rendered 1839/5648, time remaining: 1m 53s
Rendered 1840/5648, time remaining: 1m 52s
Rendered 1841/5648, time remaining: 1m 54s
Rendered 1842/5648, time remaining: 1m 54s
Rendered 1843/5648, time remaining: 1m 54s
Rendered 1844/5648, time remaining: 1m 54s
Rendered 1845/5648, time remaining: 1m 55s
Rendered 1846/5648, time remaining: 1m 52s
Rendered 1847/5648, time remaining: 1m 52s
Rendered 1848/5648, time remaining: 1m 54s
Rendered 1849/5648, time remaining: 1m 54s
Rendered 1850/5648, time remaining: 1m 51s
Rendered 1851/5648, time remaining: 1m 52s
Rendered 1852/5648, time remaining: 1m 52s
Rendered 1853/5648, time remaining: 1m 54s
Rendered 1854/5648, time remaining: 1m 55s
Rendered 1855/5648, time remaining: 1m 54s
Rendered 1856/5648, time remaining: 1m 54s
Rendered 1857/5648, time remaining: 1m 54s
Rendered 1858/5648, time remaining: 1m 51s
Rendered 1859/5648, time remaining: 1m 52s
Rendered 1860/5648, time remaining: 1m 53s
Rendered 1861/5648, time remaining: 1m 53s
Rendered 1862/5648, time remaining: 1m 54s
Rendered 1863/5648, time remaining: 1m 53s
Rendered 1864/5648, time remaining: 1m 56s
Rendered 1865/5648, time remaining: 1m 55s
Rendered 1866/5648, time remaining: 1m 53s
Rendered 1867/5648, time remaining: 1m 53s
Rendered 1868/5648, time remaining: 1m 51s
Rendered 1869/5648, time remaining: 1m 51s
Rendered 1870/5648, time remaining: 1m 51s
Rendered 1871/5648, time remaining: 1m 51s
Rendered 1872/5648, time remaining: 1m 54s
Rendered 1873/5648, time remaining: 1m 54s
Rendered 1874/5648, time remaining: 1m 52s
Rendered 1875/5648, time remaining: 1m 51s
Rendered 1876/5648, time remaining: 1m 51s
Rendered 1877/5648, time remaining: 1m 51s
Rendered 1878/5648, time remaining: 1m 52s
Rendered 1879/5648, time remaining: 1m 53s
Rendered 1880/5648, time remaining: 1m 53s
Rendered 1881/5648, time remaining: 1m 53s
Rendered 1882/5648, time remaining: 1m 51s
Rendered 1883/5648, time remaining: 1m 52s
Rendered 1884/5648, time remaining: 1m 50s
Rendered 1885/5648, time remaining: 1m 51s
Rendered 1886/5648, time remaining: 1m 51s
Rendered 1887/5648, time remaining: 1m 51s
Rendered 1888/5648, time remaining: 1m 53s
Rendered 1889/5648, time remaining: 1m 51s
Rendered 1890/5648, time remaining: 1m 54s
Rendered 1891/5648, time remaining: 1m 52s
Rendered 1892/5648, time remaining: 1m 52s
Rendered 1893/5648, time remaining: 1m 51s
Rendered 1894/5648, time remaining: 1m 50s
Rendered 1895/5648, time remaining: 1m 52s
Rendered 1896/5648, time remaining: 1m 53s
Rendered 1897/5648, time remaining: 1m 53s
Rendered 1898/5648, time remaining: 1m 54s
Rendered 1899/5648, time remaining: 1m 52s
Rendered 1900/5648, time remaining: 1m 52s
Rendered 1901/5648, time remaining: 1m 52s
Rendered 1902/5648, time remaining: 1m 51s
Rendered 1903/5648, time remaining: 1m 51s
Rendered 1904/5648, time remaining: 1m 52s
Rendered 1905/5648, time remaining: 1m 52s
Rendered 1906/5648, time remaining: 1m 50s
Rendered 1907/5648, time remaining: 1m 52s
Rendered 1908/5648, time remaining: 1m 53s
Rendered 1909/5648, time remaining: 1m 52s
Rendered 1910/5648, time remaining: 1m 50s
Rendered 1911/5648, time remaining: 1m 50s
Rendered 1912/5648, time remaining: 1m 53s
Rendered 1913/5648, time remaining: 1m 51s
Rendered 1914/5648, time remaining: 1m 52s
Rendered 1915/5648, time remaining: 1m 53s
Rendered 1916/5648, time remaining: 1m 53s
Rendered 1917/5648, time remaining: 1m 51s
Rendered 1918/5648, time remaining: 1m 51s
Rendered 1919/5648, time remaining: 1m 52s
Rendered 1920/5648, time remaining: 1m 52s
Rendered 1921/5648, time remaining: 1m 52s
Rendered 1922/5648, time remaining: 1m 53s
Rendered 1923/5648, time remaining: 1m 53s
Rendered 1924/5648, time remaining: 1m 51s
Rendered 1925/5648, time remaining: 1m 51s
Rendered 1926/5648, time remaining: 1m 50s
Rendered 1927/5648, time remaining: 1m 50s
Rendered 1928/5648, time remaining: 1m 50s
Rendered 1929/5648, time remaining: 1m 50s
Rendered 1930/5648, time remaining: 1m 51s
Rendered 1931/5648, time remaining: 1m 51s
Rendered 1932/5648, time remaining: 1m 53s
Rendered 1933/5648, time remaining: 1m 51s
Rendered 1934/5648, time remaining: 1m 49s
Rendered 1935/5648, time remaining: 1m 50s
Rendered 1936/5648, time remaining: 1m 50s
Rendered 1937/5648, time remaining: 1m 50s
Rendered 1938/5648, time remaining: 1m 50s
Rendered 1939/5648, time remaining: 1m 51s
Rendered 1940/5648, time remaining: 1m 50s
Rendered 1941/5648, time remaining: 1m 50s
Rendered 1942/5648, time remaining: 1m 51s
Rendered 1943/5648, time remaining: 1m 50s
Rendered 1944/5648, time remaining: 1m 49s
Rendered 1945/5648, time remaining: 1m 51s
Rendered 1946/5648, time remaining: 1m 51s
Rendered 1947/5648, time remaining: 1m 50s
Rendered 1948/5648, time remaining: 1m 50s
Rendered 1949/5648, time remaining: 1m 49s
Rendered 1950/5648, time remaining: 1m 49s
Rendered 1951/5648, time remaining: 1m 49s
Rendered 1952/5648, time remaining: 1m 50s
Rendered 1953/5648, time remaining: 1m 52s
Rendered 1954/5648, time remaining: 1m 52s
Rendered 1955/5648, time remaining: 1m 50s
Rendered 1956/5648, time remaining: 1m 49s
Rendered 1957/5648, time remaining: 1m 50s
Rendered 1958/5648, time remaining: 1m 50s
Rendered 1959/5648, time remaining: 1m 48s
Rendered 1960/5648, time remaining: 1m 49s
Rendered 1961/5648, time remaining: 1m 52s
Rendered 1962/5648, time remaining: 1m 52s
Rendered 1963/5648, time remaining: 1m 50s
Rendered 1964/5648, time remaining: 1m 51s
Rendered 1965/5648, time remaining: 1m 51s
Rendered 1966/5648, time remaining: 1m 51s
Rendered 1967/5648, time remaining: 1m 49s
Rendered 1968/5648, time remaining: 1m 48s
Rendered 1969/5648, time remaining: 1m 49s
Rendered 1970/5648, time remaining: 1m 50s
Rendered 1971/5648, time remaining: 1m 51s
Rendered 1972/5648, time remaining: 1m 51s
Rendered 1973/5648, time remaining: 1m 52s
Rendered 1974/5648, time remaining: 1m 51s
Rendered 1975/5648, time remaining: 1m 51s
Rendered 1976/5648, time remaining: 1m 50s
Rendered 1977/5648, time remaining: 1m 50s
Rendered 1978/5648, time remaining: 1m 49s
Rendered 1979/5648, time remaining: 1m 50s
Rendered 1980/5648, time remaining: 1m 50s
Rendered 1981/5648, time remaining: 1m 49s
Rendered 1982/5648, time remaining: 1m 51s
Rendered 1983/5648, time remaining: 1m 49s
Rendered 1984/5648, time remaining: 1m 50s
Rendered 1985/5648, time remaining: 1m 48s
Rendered 1986/5648, time remaining: 1m 48s
Rendered 1987/5648, time remaining: 1m 50s
Rendered 1988/5648, time remaining: 1m 50s
Rendered 1989/5648, time remaining: 1m 50s
Rendered 1990/5648, time remaining: 1m 50s
Rendered 1991/5648, time remaining: 1m 47s
Rendered 1992/5648, time remaining: 1m 48s
Rendered 1993/5648, time remaining: 1m 48s
Rendered 1994/5648, time remaining: 1m 50s
Rendered 1995/5648, time remaining: 1m 49s
Rendered 1996/5648, time remaining: 1m 49s
Rendered 1997/5648, time remaining: 1m 52s
Rendered 1998/5648, time remaining: 1m 50s
Rendered 1999/5648, time remaining: 1m 50s
Rendered 2000/5648, time remaining: 1m 51s
Rendered 2001/5648, time remaining: 1m 50s
Rendered 2002/5648, time remaining: 1m 50s
Rendered 2003/5648, time remaining: 1m 49s
Rendered 2004/5648, time remaining: 1m 48s
Rendered 2005/5648, time remaining: 1m 51s
Rendered 2006/5648, time remaining: 1m 52s
Rendered 2007/5648, time remaining: 1m 52s
Rendered 2008/5648, time remaining: 1m 52s
Rendered 2009/5648, time remaining: 1m 50s
Rendered 2010/5648, time remaining: 1m 48s
Rendered 2011/5648, time remaining: 1m 49s
Rendered 2012/5648, time remaining: 1m 48s
Rendered 2013/5648, time remaining: 1m 53s
Rendered 2014/5648, time remaining: 1m 51s
Rendered 2015/5648, time remaining: 1m 51s
Rendered 2016/5648, time remaining: 1m 51s
Rendered 2017/5648, time remaining: 1m 51s
Rendered 2018/5648, time remaining: 1m 51s
Rendered 2019/5648, time remaining: 1m 51s
Rendered 2020/5648, time remaining: 1m 51s
Rendered 2021/5648, time remaining: 1m 52s
Rendered 2022/5648, time remaining: 1m 52s
Rendered 2023/5648, time remaining: 1m 52s
Rendered 2024/5648, time remaining: 1m 53s
Rendered 2025/5648, time remaining: 1m 52s
Rendered 2026/5648, time remaining: 1m 53s
Rendered 2027/5648, time remaining: 1m 53s
Rendered 2028/5648, time remaining: 1m 52s
Rendered 2029/5648, time remaining: 1m 51s
Rendered 2030/5648, time remaining: 1m 51s
Rendered 2031/5648, time remaining: 1m 50s
Rendered 2032/5648, time remaining: 1m 50s
Rendered 2033/5648, time remaining: 1m 52s
Rendered 2034/5648, time remaining: 1m 52s
Rendered 2035/5648, time remaining: 1m 53s
Rendered 2036/5648, time remaining: 1m 53s
Rendered 2037/5648, time remaining: 1m 54s
Rendered 2038/5648, time remaining: 1m 53s
Rendered 2039/5648, time remaining: 1m 53s
Rendered 2040/5648, time remaining: 1m 50s
Rendered 2041/5648, time remaining: 1m 50s
Rendered 2042/5648, time remaining: 1m 52s
Rendered 2043/5648, time remaining: 1m 52s
Rendered 2044/5648, time remaining: 1m 52s
Rendered 2045/5648, time remaining: 1m 51s
Rendered 2046/5648, time remaining: 1m 50s
Rendered 2047/5648, time remaining: 1m 51s
Rendered 2048/5648, time remaining: 1m 52s
Rendered 2049/5648, time remaining: 1m 52s
Rendered 2050/5648, time remaining: 1m 50s
Rendered 2051/5648, time remaining: 1m 51s
Rendered 2052/5648, time remaining: 1m 52s
Rendered 2053/5648, time remaining: 1m 52s
Rendered 2054/5648, time remaining: 1m 52s
Rendered 2055/5648, time remaining: 1m 54s
Rendered 2056/5648, time remaining: 1m 54s
Rendered 2057/5648, time remaining: 1m 52s
Rendered 2058/5648, time remaining: 1m 51s
Rendered 2059/5648, time remaining: 1m 53s
Rendered 2060/5648, time remaining: 1m 53s
Rendered 2061/5648, time remaining: 1m 52s
Rendered 2062/5648, time remaining: 1m 52s
Rendered 2063/5648, time remaining: 1m 54s
Rendered 2064/5648, time remaining: 1m 52s
Rendered 2065/5648, time remaining: 1m 50s
Rendered 2066/5648, time remaining: 1m 50s
Rendered 2067/5648, time remaining: 1m 52s
Rendered 2068/5648, time remaining: 1m 52s
Rendered 2069/5648, time remaining: 1m 51s
Rendered 2070/5648, time remaining: 1m 52s
Rendered 2071/5648, time remaining: 1m 54s
Rendered 2072/5648, time remaining: 1m 51s
Rendered 2073/5648, time remaining: 1m 51s
Rendered 2074/5648, time remaining: 1m 50s
Rendered 2075/5648, time remaining: 1m 50s
Rendered 2076/5648, time remaining: 1m 50s
Rendered 2077/5648, time remaining: 1m 50s
Rendered 2078/5648, time remaining: 1m 52s
Rendered 2079/5648, time remaining: 1m 54s
Rendered 2080/5648, time remaining: 1m 54s
Rendered 2081/5648, time remaining: 1m 53s
Rendered 2082/5648, time remaining: 1m 50s
Rendered 2083/5648, time remaining: 1m 51s
Rendered 2084/5648, time remaining: 1m 52s
Rendered 2085/5648, time remaining: 1m 51s
Rendered 2086/5648, time remaining: 1m 52s
Rendered 2087/5648, time remaining: 1m 52s
Rendered 2088/5648, time remaining: 1m 52s
Rendered 2089/5648, time remaining: 1m 51s
Rendered 2090/5648, time remaining: 1m 53s
Rendered 2091/5648, time remaining: 1m 53s
Rendered 2092/5648, time remaining: 1m 53s
Rendered 2093/5648, time remaining: 1m 52s
Rendered 2094/5648, time remaining: 1m 52s
Rendered 2095/5648, time remaining: 1m 49s
Rendered 2096/5648, time remaining: 1m 51s
Rendered 2097/5648, time remaining: 1m 51s
Rendered 2098/5648, time remaining: 1m 51s
Rendered 2099/5648, time remaining: 1m 52s
Rendered 2100/5648, time remaining: 1m 52s
Rendered 2101/5648, time remaining: 1m 53s
Rendered 2102/5648, time remaining: 1m 51s
Rendered 2103/5648, time remaining: 1m 50s
Rendered 2104/5648, time remaining: 1m 50s
Rendered 2105/5648, time remaining: 1m 50s
Rendered 2106/5648, time remaining: 1m 51s
Rendered 2107/5648, time remaining: 1m 52s
Rendered 2108/5648, time remaining: 1m 52s
Rendered 2109/5648, time remaining: 1m 52s
Rendered 2110/5648, time remaining: 1m 52s
Rendered 2111/5648, time remaining: 1m 49s
Rendered 2112/5648, time remaining: 1m 49s
Rendered 2113/5648, time remaining: 1m 49s
Rendered 2114/5648, time remaining: 1m 49s
Rendered 2115/5648, time remaining: 1m 52s
Rendered 2116/5648, time remaining: 1m 53s
Rendered 2117/5648, time remaining: 1m 53s
Rendered 2118/5648, time remaining: 1m 52s
Rendered 2119/5648, time remaining: 1m 51s
Rendered 2120/5648, time remaining: 1m 49s
Rendered 2121/5648, time remaining: 1m 49s
Rendered 2122/5648, time remaining: 1m 50s
Rendered 2123/5648, time remaining: 1m 52s
Rendered 2124/5648, time remaining: 1m 52s
Rendered 2125/5648, time remaining: 1m 52s
Rendered 2126/5648, time remaining: 1m 52s
Rendered 2127/5648, time remaining: 1m 51s
Rendered 2128/5648, time remaining: 1m 51s
Rendered 2129/5648, time remaining: 1m 49s
Rendered 2130/5648, time remaining: 1m 50s
Rendered 2131/5648, time remaining: 1m 53s
Rendered 2132/5648, time remaining: 1m 52s
Rendered 2133/5648, time remaining: 1m 52s
Rendered 2134/5648, time remaining: 1m 52s
Rendered 2135/5648, time remaining: 1m 52s
Rendered 2136/5648, time remaining: 1m 52s
Rendered 2137/5648, time remaining: 1m 50s
Rendered 2138/5648, time remaining: 1m 50s
Rendered 2139/5648, time remaining: 1m 50s
Rendered 2140/5648, time remaining: 1m 52s
Rendered 2141/5648, time remaining: 1m 53s
Rendered 2142/5648, time remaining: 1m 52s
Rendered 2143/5648, time remaining: 1m 52s
Rendered 2144/5648, time remaining: 1m 51s
Rendered 2145/5648, time remaining: 1m 50s
Rendered 2146/5648, time remaining: 1m 50s
Rendered 2147/5648, time remaining: 1m 48s
Rendered 2148/5648, time remaining: 1m 51s
Rendered 2149/5648, time remaining: 1m 50s
Rendered 2150/5648, time remaining: 1m 51s
Rendered 2151/5648, time remaining: 1m 51s
Rendered 2152/5648, time remaining: 1m 51s
Rendered 2153/5648, time remaining: 1m 49s
Rendered 2154/5648, time remaining: 1m 51s
Rendered 2155/5648, time remaining: 1m 49s
Rendered 2156/5648, time remaining: 1m 49s
Rendered 2157/5648, time remaining: 1m 50s
Rendered 2158/5648, time remaining: 1m 50s
Rendered 2159/5648, time remaining: 1m 51s
Rendered 2160/5648, time remaining: 1m 51s
Rendered 2161/5648, time remaining: 1m 51s
Rendered 2162/5648, time remaining: 1m 50s
Rendered 2163/5648, time remaining: 1m 47s
Rendered 2164/5648, time remaining: 1m 48s
Rendered 2165/5648, time remaining: 1m 48s
Rendered 2166/5648, time remaining: 1m 48s
Rendered 2167/5648, time remaining: 1m 49s
Rendered 2168/5648, time remaining: 1m 49s
Rendered 2169/5648, time remaining: 1m 49s
Rendered 2170/5648, time remaining: 1m 49s
Rendered 2171/5648, time remaining: 1m 47s
Rendered 2172/5648, time remaining: 1m 48s
Rendered 2173/5648, time remaining: 1m 48s
Rendered 2174/5648, time remaining: 1m 47s
Rendered 2175/5648, time remaining: 1m 48s
Rendered 2176/5648, time remaining: 1m 46s
Rendered 2177/5648, time remaining: 1m 46s
Rendered 2178/5648, time remaining: 1m 46s
Rendered 2179/5648, time remaining: 1m 47s
Rendered 2180/5648, time remaining: 1m 49s
Rendered 2181/5648, time remaining: 1m 49s
Rendered 2182/5648, time remaining: 1m 50s
Rendered 2183/5648, time remaining: 1m 47s
Rendered 2184/5648, time remaining: 1m 47s
Rendered 2185/5648, time remaining: 1m 46s
Rendered 2186/5648, time remaining: 1m 46s
Rendered 2187/5648, time remaining: 1m 44s
Rendered 2188/5648, time remaining: 1m 46s
Rendered 2189/5648, time remaining: 1m 46s
Rendered 2190/5648, time remaining: 1m 47s
Rendered 2191/5648, time remaining: 1m 48s
Rendered 2192/5648, time remaining: 1m 46s
Rendered 2193/5648, time remaining: 1m 46s
Rendered 2194/5648, time remaining: 1m 47s
Rendered 2195/5648, time remaining: 1m 47s
Rendered 2196/5648, time remaining: 1m 47s
Rendered 2197/5648, time remaining: 1m 47s
Rendered 2198/5648, time remaining: 1m 45s
Rendered 2199/5648, time remaining: 1m 47s
Rendered 2200/5648, time remaining: 1m 47s
Rendered 2201/5648, time remaining: 1m 47s
Rendered 2202/5648, time remaining: 1m 46s
Rendered 2203/5648, time remaining: 1m 46s
Rendered 2204/5648, time remaining: 1m 45s
Rendered 2205/5648, time remaining: 1m 46s
Rendered 2206/5648, time remaining: 1m 46s
Rendered 2207/5648, time remaining: 1m 46s
Rendered 2208/5648, time remaining: 1m 47s
Rendered 2209/5648, time remaining: 1m 45s
Rendered 2210/5648, time remaining: 1m 45s
Rendered 2211/5648, time remaining: 1m 45s
Rendered 2212/5648, time remaining: 1m 45s
Rendered 2213/5648, time remaining: 1m 45s
Rendered 2214/5648, time remaining: 1m 45s
Rendered 2215/5648, time remaining: 1m 45s
Rendered 2216/5648, time remaining: 1m 46s
Rendered 2217/5648, time remaining: 1m 45s
Rendered 2218/5648, time remaining: 1m 45s
Rendered 2219/5648, time remaining: 1m 45s
Rendered 2220/5648, time remaining: 1m 46s
Rendered 2221/5648, time remaining: 1m 44s
Rendered 2222/5648, time remaining: 1m 44s
Rendered 2223/5648, time remaining: 1m 44s
Rendered 2224/5648, time remaining: 1m 45s
Rendered 2225/5648, time remaining: 1m 47s
Rendered 2226/5648, time remaining: 1m 47s
Rendered 2227/5648, time remaining: 1m 48s
Rendered 2228/5648, time remaining: 1m 46s
Rendered 2229/5648, time remaining: 1m 44s
Rendered 2230/5648, time remaining: 1m 43s
Rendered 2231/5648, time remaining: 1m 43s
Rendered 2232/5648, time remaining: 1m 43s
Rendered 2233/5648, time remaining: 1m 43s
Rendered 2234/5648, time remaining: 1m 42s
Rendered 2235/5648, time remaining: 1m 42s
Rendered 2236/5648, time remaining: 1m 41s
Rendered 2237/5648, time remaining: 1m 39s
Rendered 2238/5648, time remaining: 1m 39s
Rendered 2239/5648, time remaining: 1m 39s
Rendered 2240/5648, time remaining: 1m 37s
Rendered 2241/5648, time remaining: 1m 38s
Rendered 2242/5648, time remaining: 1m 38s
Rendered 2243/5648, time remaining: 1m 38s
Rendered 2244/5648, time remaining: 1m 38s
Rendered 2245/5648, time remaining: 1m 38s
Rendered 2246/5648, time remaining: 1m 36s
Rendered 2247/5648, time remaining: 1m 36s
Rendered 2248/5648, time remaining: 1m 36s
Rendered 2249/5648, time remaining: 1m 36s
Rendered 2250/5648, time remaining: 1m 37s
Rendered 2251/5648, time remaining: 1m 36s
Rendered 2252/5648, time remaining: 1m 37s
Rendered 2253/5648, time remaining: 1m 36s
Rendered 2254/5648, time remaining: 1m 38s
Rendered 2255/5648, time remaining: 1m 39s
Rendered 2256/5648, time remaining: 1m 37s
Rendered 2257/5648, time remaining: 1m 36s
Rendered 2258/5648, time remaining: 1m 37s
Rendered 2259/5648, time remaining: 1m 36s
Rendered 2260/5648, time remaining: 1m 36s
Rendered 2261/5648, time remaining: 1m 36s
Rendered 2262/5648, time remaining: 1m 38s
Rendered 2263/5648, time remaining: 1m 39s
Rendered 2264/5648, time remaining: 1m 38s
Rendered 2265/5648, time remaining: 1m 35s
Rendered 2266/5648, time remaining: 1m 35s
Rendered 2267/5648, time remaining: 1m 35s
Rendered 2268/5648, time remaining: 1m 35s
Rendered 2269/5648, time remaining: 1m 35s
Rendered 2270/5648, time remaining: 1m 35s
Rendered 2271/5648, time remaining: 1m 38s
Rendered 2272/5648, time remaining: 1m 37s
Rendered 2273/5648, time remaining: 1m 35s
Rendered 2274/5648, time remaining: 1m 35s
Rendered 2275/5648, time remaining: 1m 35s
Rendered 2276/5648, time remaining: 1m 35s
Rendered 2277/5648, time remaining: 1m 34s
Rendered 2278/5648, time remaining: 1m 34s
Rendered 2279/5648, time remaining: 1m 37s
Rendered 2280/5648, time remaining: 1m 37s
Rendered 2281/5648, time remaining: 1m 34s
Rendered 2282/5648, time remaining: 1m 34s
Rendered 2283/5648, time remaining: 1m 34s
Rendered 2284/5648, time remaining: 1m 32s
Rendered 2285/5648, time remaining: 1m 33s
Rendered 2286/5648, time remaining: 1m 33s
Rendered 2287/5648, time remaining: 1m 35s
Rendered 2288/5648, time remaining: 1m 35s
Rendered 2289/5648, time remaining: 1m 35s
Rendered 2290/5648, time remaining: 1m 34s
Rendered 2291/5648, time remaining: 1m 33s
Rendered 2292/5648, time remaining: 1m 33s
Rendered 2293/5648, time remaining: 1m 32s
Rendered 2294/5648, time remaining: 1m 33s
Rendered 2295/5648, time remaining: 1m 35s
Rendered 2296/5648, time remaining: 1m 34s
Rendered 2297/5648, time remaining: 1m 36s
Rendered 2298/5648, time remaining: 1m 33s
Rendered 2299/5648, time remaining: 1m 33s
Rendered 2300/5648, time remaining: 1m 32s
Rendered 2301/5648, time remaining: 1m 34s
Rendered 2302/5648, time remaining: 1m 35s
Rendered 2303/5648, time remaining: 1m 35s
Rendered 2304/5648, time remaining: 1m 34s
Rendered 2305/5648, time remaining: 1m 34s
Rendered 2306/5648, time remaining: 1m 33s
Rendered 2307/5648, time remaining: 1m 32s
Rendered 2308/5648, time remaining: 1m 35s
Rendered 2309/5648, time remaining: 1m 33s
Rendered 2310/5648, time remaining: 1m 34s
Rendered 2311/5648, time remaining: 1m 34s
Rendered 2312/5648, time remaining: 1m 34s
Rendered 2313/5648, time remaining: 1m 33s
Rendered 2314/5648, time remaining: 1m 32s
Rendered 2315/5648, time remaining: 1m 32s
Rendered 2316/5648, time remaining: 1m 34s
Rendered 2317/5648, time remaining: 1m 33s
Rendered 2318/5648, time remaining: 1m 34s
Rendered 2319/5648, time remaining: 1m 34s
Rendered 2320/5648, time remaining: 1m 34s
Rendered 2321/5648, time remaining: 1m 35s
Rendered 2322/5648, time remaining: 1m 32s
Rendered 2323/5648, time remaining: 1m 32s
Rendered 2324/5648, time remaining: 1m 35s
Rendered 2325/5648, time remaining: 1m 34s
Rendered 2326/5648, time remaining: 1m 34s
Rendered 2327/5648, time remaining: 1m 34s
Rendered 2328/5648, time remaining: 1m 35s
Rendered 2329/5648, time remaining: 1m 33s
Rendered 2330/5648, time remaining: 1m 32s
Rendered 2331/5648, time remaining: 1m 32s
Rendered 2332/5648, time remaining: 1m 34s
Rendered 2333/5648, time remaining: 1m 34s
Rendered 2334/5648, time remaining: 1m 34s
Rendered 2335/5648, time remaining: 1m 34s
Rendered 2336/5648, time remaining: 1m 34s
Rendered 2337/5648, time remaining: 1m 34s
Rendered 2338/5648, time remaining: 1m 32s
Rendered 2339/5648, time remaining: 1m 32s
Rendered 2340/5648, time remaining: 1m 34s
Rendered 2341/5648, time remaining: 1m 33s
Rendered 2342/5648, time remaining: 1m 33s
Rendered 2343/5648, time remaining: 1m 34s
Rendered 2344/5648, time remaining: 1m 33s
Rendered 2345/5648, time remaining: 1m 33s
Rendered 2346/5648, time remaining: 1m 33s
Rendered 2347/5648, time remaining: 1m 33s
Rendered 2348/5648, time remaining: 1m 32s
Rendered 2349/5648, time remaining: 1m 34s
Rendered 2350/5648, time remaining: 1m 34s
Rendered 2351/5648, time remaining: 1m 33s
Rendered 2352/5648, time remaining: 1m 33s
Rendered 2353/5648, time remaining: 1m 33s
Rendered 2354/5648, time remaining: 1m 33s
Rendered 2355/5648, time remaining: 1m 31s
Rendered 2356/5648, time remaining: 1m 32s
Rendered 2357/5648, time remaining: 1m 34s
Rendered 2358/5648, time remaining: 1m 33s
Rendered 2359/5648, time remaining: 1m 34s
Rendered 2360/5648, time remaining: 1m 34s
Rendered 2361/5648, time remaining: 1m 34s
Rendered 2362/5648, time remaining: 1m 34s
Rendered 2363/5648, time remaining: 1m 32s
Rendered 2364/5648, time remaining: 1m 31s
Rendered 2365/5648, time remaining: 1m 34s
Rendered 2366/5648, time remaining: 1m 34s
Rendered 2367/5648, time remaining: 1m 33s
Rendered 2368/5648, time remaining: 1m 33s
Rendered 2369/5648, time remaining: 1m 34s
Rendered 2370/5648, time remaining: 1m 34s
Rendered 2371/5648, time remaining: 1m 34s
Rendered 2372/5648, time remaining: 1m 34s
Rendered 2373/5648, time remaining: 1m 34s
Rendered 2374/5648, time remaining: 1m 34s
Rendered 2375/5648, time remaining: 1m 32s
Rendered 2376/5648, time remaining: 1m 32s
Rendered 2377/5648, time remaining: 1m 30s
Rendered 2378/5648, time remaining: 1m 33s
Rendered 2379/5648, time remaining: 1m 34s
Rendered 2380/5648, time remaining: 1m 34s
Rendered 2381/5648, time remaining: 1m 34s
Rendered 2382/5648, time remaining: 1m 35s
Rendered 2383/5648, time remaining: 1m 34s
Rendered 2384/5648, time remaining: 1m 34s
Rendered 2385/5648, time remaining: 1m 34s
Rendered 2386/5648, time remaining: 1m 36s
Rendered 2387/5648, time remaining: 1m 37s
Rendered 2388/5648, time remaining: 1m 37s
Rendered 2389/5648, time remaining: 1m 37s
Rendered 2390/5648, time remaining: 1m 37s
Rendered 2391/5648, time remaining: 1m 37s
Rendered 2392/5648, time remaining: 1m 37s
Rendered 2393/5648, time remaining: 1m 37s
Rendered 2394/5648, time remaining: 1m 39s
Rendered 2395/5648, time remaining: 1m 39s
Rendered 2396/5648, time remaining: 1m 39s
Rendered 2397/5648, time remaining: 1m 40s
Rendered 2398/5648, time remaining: 1m 39s
Rendered 2399/5648, time remaining: 1m 40s
Rendered 2400/5648, time remaining: 1m 39s
Rendered 2401/5648, time remaining: 1m 39s
Rendered 2402/5648, time remaining: 1m 39s
Rendered 2403/5648, time remaining: 1m 39s
Rendered 2404/5648, time remaining: 1m 39s
Rendered 2405/5648, time remaining: 1m 38s
Rendered 2406/5648, time remaining: 1m 38s
Rendered 2407/5648, time remaining: 1m 39s
Rendered 2408/5648, time remaining: 1m 38s
Rendered 2409/5648, time remaining: 1m 38s
Rendered 2410/5648, time remaining: 1m 38s
Rendered 2411/5648, time remaining: 1m 40s
Rendered 2412/5648, time remaining: 1m 38s
Rendered 2413/5648, time remaining: 1m 38s
Rendered 2414/5648, time remaining: 1m 37s
Rendered 2415/5648, time remaining: 1m 39s
Rendered 2416/5648, time remaining: 1m 39s
Rendered 2417/5648, time remaining: 1m 39s
Rendered 2418/5648, time remaining: 1m 39s
Rendered 2419/5648, time remaining: 1m 39s
Rendered 2420/5648, time remaining: 1m 39s
Rendered 2421/5648, time remaining: 1m 37s
Rendered 2422/5648, time remaining: 1m 38s
Rendered 2423/5648, time remaining: 1m 38s
Rendered 2424/5648, time remaining: 1m 38s
Rendered 2425/5648, time remaining: 1m 38s
Rendered 2426/5648, time remaining: 1m 38s
Rendered 2427/5648, time remaining: 1m 38s
Rendered 2428/5648, time remaining: 1m 39s
Rendered 2429/5648, time remaining: 1m 38s
Rendered 2430/5648, time remaining: 1m 37s
Rendered 2431/5648, time remaining: 1m 39s
Rendered 2432/5648, time remaining: 1m 39s
Rendered 2433/5648, time remaining: 1m 38s
Rendered 2434/5648, time remaining: 1m 39s
Rendered 2435/5648, time remaining: 1m 38s
Rendered 2436/5648, time remaining: 1m 40s
Rendered 2437/5648, time remaining: 1m 37s
Rendered 2438/5648, time remaining: 1m 38s
Rendered 2439/5648, time remaining: 1m 38s
Rendered 2440/5648, time remaining: 1m 38s
Rendered 2441/5648, time remaining: 1m 38s
Rendered 2442/5648, time remaining: 1m 39s
Rendered 2443/5648, time remaining: 1m 38s
Rendered 2444/5648, time remaining: 1m 40s
Rendered 2445/5648, time remaining: 1m 38s
Rendered 2446/5648, time remaining: 1m 39s
Rendered 2447/5648, time remaining: 1m 38s
Rendered 2448/5648, time remaining: 1m 38s
Rendered 2449/5648, time remaining: 1m 38s
Rendered 2450/5648, time remaining: 1m 37s
Rendered 2451/5648, time remaining: 1m 38s
Rendered 2452/5648, time remaining: 1m 38s
Rendered 2453/5648, time remaining: 1m 38s
Rendered 2454/5648, time remaining: 1m 37s
Rendered 2455/5648, time remaining: 1m 37s
Rendered 2456/5648, time remaining: 1m 38s
Rendered 2457/5648, time remaining: 1m 38s
Rendered 2458/5648, time remaining: 1m 36s
Rendered 2459/5648, time remaining: 1m 36s
Rendered 2460/5648, time remaining: 1m 39s
Rendered 2461/5648, time remaining: 1m 39s
Rendered 2462/5648, time remaining: 1m 38s
Rendered 2463/5648, time remaining: 1m 38s
Rendered 2464/5648, time remaining: 1m 38s
Rendered 2465/5648, time remaining: 1m 38s
Rendered 2466/5648, time remaining: 1m 35s
Rendered 2467/5648, time remaining: 1m 35s
Rendered 2468/5648, time remaining: 1m 39s
Rendered 2469/5648, time remaining: 1m 39s
Rendered 2470/5648, time remaining: 1m 39s
Rendered 2471/5648, time remaining: 1m 39s
Rendered 2472/5648, time remaining: 1m 38s
Rendered 2473/5648, time remaining: 1m 38s
Rendered 2474/5648, time remaining: 1m 36s
Rendered 2475/5648, time remaining: 1m 36s
Rendered 2476/5648, time remaining: 1m 39s
Rendered 2477/5648, time remaining: 1m 39s
Rendered 2478/5648, time remaining: 1m 39s
Rendered 2479/5648, time remaining: 1m 39s
Rendered 2480/5648, time remaining: 1m 39s
Rendered 2481/5648, time remaining: 1m 39s
Rendered 2482/5648, time remaining: 1m 35s
Rendered 2483/5648, time remaining: 1m 36s
Rendered 2484/5648, time remaining: 1m 39s
Rendered 2485/5648, time remaining: 1m 39s
Rendered 2486/5648, time remaining: 1m 39s
Rendered 2487/5648, time remaining: 1m 39s
Rendered 2488/5648, time remaining: 1m 39s
Rendered 2489/5648, time remaining: 1m 39s
Rendered 2490/5648, time remaining: 1m 36s
Rendered 2491/5648, time remaining: 1m 36s
Rendered 2492/5648, time remaining: 1m 38s
Rendered 2493/5648, time remaining: 1m 39s
Rendered 2494/5648, time remaining: 1m 38s
Rendered 2495/5648, time remaining: 1m 39s
Rendered 2496/5648, time remaining: 1m 39s
Rendered 2497/5648, time remaining: 1m 38s
Rendered 2498/5648, time remaining: 1m 38s
Rendered 2499/5648, time remaining: 1m 35s
Rendered 2500/5648, time remaining: 1m 35s
Rendered 2501/5648, time remaining: 1m 38s
Rendered 2502/5648, time remaining: 1m 38s
Rendered 2503/5648, time remaining: 1m 38s
Rendered 2504/5648, time remaining: 1m 38s
Rendered 2505/5648, time remaining: 1m 37s
Rendered 2506/5648, time remaining: 1m 37s
Rendered 2507/5648, time remaining: 1m 35s
Rendered 2508/5648, time remaining: 1m 35s
Rendered 2509/5648, time remaining: 1m 37s
Rendered 2510/5648, time remaining: 1m 37s
Rendered 2511/5648, time remaining: 1m 38s
Rendered 2512/5648, time remaining: 1m 37s
Rendered 2513/5648, time remaining: 1m 37s
Rendered 2514/5648, time remaining: 1m 37s
Rendered 2515/5648, time remaining: 1m 36s
Rendered 2516/5648, time remaining: 1m 35s
Rendered 2517/5648, time remaining: 1m 37s
Rendered 2518/5648, time remaining: 1m 37s
Rendered 2519/5648, time remaining: 1m 38s
Rendered 2520/5648, time remaining: 1m 36s
Rendered 2521/5648, time remaining: 1m 36s
Rendered 2522/5648, time remaining: 1m 36s
Rendered 2523/5648, time remaining: 1m 36s
Rendered 2524/5648, time remaining: 1m 36s
Rendered 2525/5648, time remaining: 1m 36s
Rendered 2526/5648, time remaining: 1m 36s
Rendered 2527/5648, time remaining: 1m 37s
Rendered 2528/5648, time remaining: 1m 34s
Rendered 2529/5648, time remaining: 1m 36s
Rendered 2530/5648, time remaining: 1m 36s
Rendered 2531/5648, time remaining: 1m 37s
Rendered 2532/5648, time remaining: 1m 35s
Rendered 2533/5648, time remaining: 1m 35s
Rendered 2534/5648, time remaining: 1m 36s
Rendered 2535/5648, time remaining: 1m 38s
Rendered 2536/5648, time remaining: 1m 36s
Rendered 2537/5648, time remaining: 1m 36s
Rendered 2538/5648, time remaining: 1m 36s
Rendered 2539/5648, time remaining: 1m 35s
Rendered 2540/5648, time remaining: 1m 36s
Rendered 2541/5648, time remaining: 1m 36s
Rendered 2542/5648, time remaining: 1m 36s
Rendered 2543/5648, time remaining: 1m 37s
Rendered 2544/5648, time remaining: 1m 35s
Rendered 2545/5648, time remaining: 1m 36s
Rendered 2546/5648, time remaining: 1m 36s
Rendered 2547/5648, time remaining: 1m 36s
Rendered 2548/5648, time remaining: 1m 37s
Rendered 2549/5648, time remaining: 1m 35s
Rendered 2550/5648, time remaining: 1m 35s
Rendered 2551/5648, time remaining: 1m 34s
Rendered 2552/5648, time remaining: 1m 34s
Rendered 2553/5648, time remaining: 1m 37s
Rendered 2554/5648, time remaining: 1m 34s
Rendered 2555/5648, time remaining: 1m 36s
Rendered 2556/5648, time remaining: 1m 36s
Rendered 2557/5648, time remaining: 1m 34s
Rendered 2558/5648, time remaining: 1m 35s
Rendered 2559/5648, time remaining: 1m 35s
Rendered 2560/5648, time remaining: 1m 35s
Rendered 2561/5648, time remaining: 1m 35s
Rendered 2562/5648, time remaining: 1m 33s
Rendered 2563/5648, time remaining: 1m 36s
Rendered 2564/5648, time remaining: 1m 36s
Rendered 2565/5648, time remaining: 1m 35s
Rendered 2566/5648, time remaining: 1m 34s
Rendered 2567/5648, time remaining: 1m 34s
Rendered 2568/5648, time remaining: 1m 34s
Rendered 2569/5648, time remaining: 1m 34s
Rendered 2570/5648, time remaining: 1m 34s
Rendered 2571/5648, time remaining: 1m 36s
Rendered 2572/5648, time remaining: 1m 35s
Rendered 2573/5648, time remaining: 1m 35s
Rendered 2574/5648, time remaining: 1m 35s
Rendered 2575/5648, time remaining: 1m 35s
Rendered 2576/5648, time remaining: 1m 34s
Rendered 2577/5648, time remaining: 1m 34s
Rendered 2578/5648, time remaining: 1m 33s
Rendered 2579/5648, time remaining: 1m 34s
Rendered 2580/5648, time remaining: 1m 36s
Rendered 2581/5648, time remaining: 1m 34s
Rendered 2582/5648, time remaining: 1m 34s
Rendered 2583/5648, time remaining: 1m 35s
Rendered 2584/5648, time remaining: 1m 35s
Rendered 2585/5648, time remaining: 1m 35s
Rendered 2586/5648, time remaining: 1m 33s
Rendered 2587/5648, time remaining: 1m 35s
Rendered 2588/5648, time remaining: 1m 34s
Rendered 2589/5648, time remaining: 1m 36s
Rendered 2590/5648, time remaining: 1m 36s
Rendered 2591/5648, time remaining: 1m 35s
Rendered 2592/5648, time remaining: 1m 34s
Rendered 2593/5648, time remaining: 1m 36s
Rendered 2594/5648, time remaining: 1m 33s
Rendered 2595/5648, time remaining: 1m 33s
Rendered 2596/5648, time remaining: 1m 33s
Rendered 2597/5648, time remaining: 1m 34s
Rendered 2598/5648, time remaining: 1m 36s
Rendered 2599/5648, time remaining: 1m 36s
Rendered 2600/5648, time remaining: 1m 36s
Rendered 2601/5648, time remaining: 1m 33s
Rendered 2602/5648, time remaining: 1m 34s
Rendered 2603/5648, time remaining: 1m 34s
Rendered 2604/5648, time remaining: 1m 35s
Rendered 2605/5648, time remaining: 1m 34s
Rendered 2606/5648, time remaining: 1m 34s
Rendered 2607/5648, time remaining: 1m 34s
Rendered 2608/5648, time remaining: 1m 33s
Rendered 2609/5648, time remaining: 1m 33s
Rendered 2610/5648, time remaining: 1m 34s
Rendered 2611/5648, time remaining: 1m 34s
Rendered 2612/5648, time remaining: 1m 33s
Rendered 2613/5648, time remaining: 1m 33s
Rendered 2614/5648, time remaining: 1m 36s
Rendered 2615/5648, time remaining: 1m 35s
Rendered 2616/5648, time remaining: 1m 35s
Rendered 2617/5648, time remaining: 1m 35s
Rendered 2618/5648, time remaining: 1m 32s
Rendered 2619/5648, time remaining: 1m 32s
Rendered 2620/5648, time remaining: 1m 32s
Rendered 2621/5648, time remaining: 1m 32s
Rendered 2622/5648, time remaining: 1m 35s
Rendered 2623/5648, time remaining: 1m 34s
Rendered 2624/5648, time remaining: 1m 34s
Rendered 2625/5648, time remaining: 1m 34s
Rendered 2626/5648, time remaining: 1m 32s
Rendered 2627/5648, time remaining: 1m 32s
Rendered 2628/5648, time remaining: 1m 31s
Rendered 2629/5648, time remaining: 1m 32s
Rendered 2630/5648, time remaining: 1m 34s
Rendered 2631/5648, time remaining: 1m 34s
Rendered 2632/5648, time remaining: 1m 34s
Rendered 2633/5648, time remaining: 1m 34s
Rendered 2634/5648, time remaining: 1m 31s
Rendered 2635/5648, time remaining: 1m 32s
Rendered 2636/5648, time remaining: 1m 32s
Rendered 2637/5648, time remaining: 1m 31s
Rendered 2638/5648, time remaining: 1m 34s
Rendered 2639/5648, time remaining: 1m 33s
Rendered 2640/5648, time remaining: 1m 33s
Rendered 2641/5648, time remaining: 1m 34s
Rendered 2642/5648, time remaining: 1m 31s
Rendered 2643/5648, time remaining: 1m 31s
Rendered 2644/5648, time remaining: 1m 31s
Rendered 2645/5648, time remaining: 1m 31s
Rendered 2646/5648, time remaining: 1m 34s
Rendered 2647/5648, time remaining: 1m 34s
Rendered 2648/5648, time remaining: 1m 34s
Rendered 2649/5648, time remaining: 1m 33s
Rendered 2650/5648, time remaining: 1m 33s
Rendered 2651/5648, time remaining: 1m 31s
Rendered 2652/5648, time remaining: 1m 31s
Rendered 2653/5648, time remaining: 1m 32s
Rendered 2654/5648, time remaining: 1m 33s
Rendered 2655/5648, time remaining: 1m 34s
Rendered 2656/5648, time remaining: 1m 34s
Rendered 2657/5648, time remaining: 1m 33s
Rendered 2658/5648, time remaining: 1m 33s
Rendered 2659/5648, time remaining: 1m 31s
Rendered 2660/5648, time remaining: 1m 31s
Rendered 2661/5648, time remaining: 1m 31s
Rendered 2662/5648, time remaining: 1m 31s
Rendered 2663/5648, time remaining: 1m 34s
Rendered 2664/5648, time remaining: 1m 34s
Rendered 2665/5648, time remaining: 1m 33s
Rendered 2666/5648, time remaining: 1m 33s
Rendered 2667/5648, time remaining: 1m 31s
Rendered 2668/5648, time remaining: 1m 31s
Rendered 2669/5648, time remaining: 1m 30s
Rendered 2670/5648, time remaining: 1m 32s
Rendered 2671/5648, time remaining: 1m 34s
Rendered 2672/5648, time remaining: 1m 34s
Rendered 2673/5648, time remaining: 1m 32s
Rendered 2674/5648, time remaining: 1m 33s
Rendered 2675/5648, time remaining: 1m 33s
Rendered 2676/5648, time remaining: 1m 33s
Rendered 2677/5648, time remaining: 1m 32s
Rendered 2678/5648, time remaining: 1m 32s
Rendered 2679/5648, time remaining: 1m 31s
Rendered 2680/5648, time remaining: 1m 31s
Rendered 2681/5648, time remaining: 1m 33s
Rendered 2682/5648, time remaining: 1m 33s
Rendered 2683/5648, time remaining: 1m 33s
Rendered 2684/5648, time remaining: 1m 32s
Rendered 2685/5648, time remaining: 1m 31s
Rendered 2686/5648, time remaining: 1m 31s
Rendered 2687/5648, time remaining: 1m 32s
Rendered 2688/5648, time remaining: 1m 32s
Rendered 2689/5648, time remaining: 1m 34s
Rendered 2690/5648, time remaining: 1m 34s
Rendered 2691/5648, time remaining: 1m 33s
Rendered 2692/5648, time remaining: 1m 32s
Rendered 2693/5648, time remaining: 1m 32s
Rendered 2694/5648, time remaining: 1m 32s
Rendered 2695/5648, time remaining: 1m 32s
Rendered 2696/5648, time remaining: 1m 32s
Rendered 2697/5648, time remaining: 1m 33s
Rendered 2698/5648, time remaining: 1m 32s
Rendered 2699/5648, time remaining: 1m 33s
Rendered 2700/5648, time remaining: 1m 32s
Rendered 2701/5648, time remaining: 1m 32s
Rendered 2702/5648, time remaining: 1m 32s
Rendered 2703/5648, time remaining: 1m 31s
Rendered 2704/5648, time remaining: 1m 32s
Rendered 2705/5648, time remaining: 1m 32s
Rendered 2706/5648, time remaining: 1m 33s
Rendered 2707/5648, time remaining: 1m 33s
Rendered 2708/5648, time remaining: 1m 32s
Rendered 2709/5648, time remaining: 1m 33s
Rendered 2710/5648, time remaining: 1m 33s
Rendered 2711/5648, time remaining: 1m 32s
Rendered 2712/5648, time remaining: 1m 32s
Rendered 2713/5648, time remaining: 1m 29s
Rendered 2714/5648, time remaining: 1m 33s
Rendered 2715/5648, time remaining: 1m 33s
Rendered 2716/5648, time remaining: 1m 33s
Rendered 2717/5648, time remaining: 1m 32s
Rendered 2718/5648, time remaining: 1m 32s
Rendered 2719/5648, time remaining: 1m 33s
Rendered 2720/5648, time remaining: 1m 33s
Rendered 2721/5648, time remaining: 1m 31s
Rendered 2722/5648, time remaining: 1m 31s
Rendered 2723/5648, time remaining: 1m 32s
Rendered 2724/5648, time remaining: 1m 32s
Rendered 2725/5648, time remaining: 1m 32s
Rendered 2726/5648, time remaining: 1m 32s
Rendered 2727/5648, time remaining: 1m 33s
Rendered 2728/5648, time remaining: 1m 33s
Rendered 2729/5648, time remaining: 1m 31s
Rendered 2730/5648, time remaining: 1m 32s
Rendered 2731/5648, time remaining: 1m 32s
Rendered 2732/5648, time remaining: 1m 32s
Rendered 2733/5648, time remaining: 1m 32s
Rendered 2734/5648, time remaining: 1m 31s
Rendered 2735/5648, time remaining: 1m 31s
Rendered 2736/5648, time remaining: 1m 31s
Rendered 2737/5648, time remaining: 1m 30s
Rendered 2738/5648, time remaining: 1m 31s
Rendered 2739/5648, time remaining: 1m 32s
Rendered 2740/5648, time remaining: 1m 32s
Rendered 2741/5648, time remaining: 1m 32s
Rendered 2742/5648, time remaining: 1m 33s
Rendered 2743/5648, time remaining: 1m 31s
Rendered 2744/5648, time remaining: 1m 31s
Rendered 2745/5648, time remaining: 1m 31s
Rendered 2746/5648, time remaining: 1m 33s
Rendered 2747/5648, time remaining: 1m 31s
Rendered 2748/5648, time remaining: 1m 31s
Rendered 2749/5648, time remaining: 1m 31s
Rendered 2750/5648, time remaining: 1m 31s
Rendered 2751/5648, time remaining: 1m 32s
Rendered 2752/5648, time remaining: 1m 30s
Rendered 2753/5648, time remaining: 1m 30s
Rendered 2754/5648, time remaining: 1m 31s
Rendered 2755/5648, time remaining: 1m 31s
Rendered 2756/5648, time remaining: 1m 31s
Rendered 2757/5648, time remaining: 1m 31s
Rendered 2758/5648, time remaining: 1m 32s
Rendered 2759/5648, time remaining: 1m 34s
Rendered 2760/5648, time remaining: 1m 31s
Rendered 2761/5648, time remaining: 1m 31s
Rendered 2762/5648, time remaining: 1m 31s
Rendered 2763/5648, time remaining: 1m 31s
Rendered 2764/5648, time remaining: 1m 30s
Rendered 2765/5648, time remaining: 1m 30s
Rendered 2766/5648, time remaining: 1m 30s
Rendered 2767/5648, time remaining: 1m 31s
Rendered 2768/5648, time remaining: 1m 30s
Rendered 2769/5648, time remaining: 1m 30s
Rendered 2770/5648, time remaining: 1m 31s
Rendered 2771/5648, time remaining: 1m 33s
Rendered 2772/5648, time remaining: 1m 30s
Rendered 2773/5648, time remaining: 1m 31s
Rendered 2774/5648, time remaining: 1m 31s
Rendered 2775/5648, time remaining: 1m 30s
Rendered 2776/5648, time remaining: 1m 29s
Rendered 2777/5648, time remaining: 1m 31s
Rendered 2778/5648, time remaining: 1m 32s
Rendered 2779/5648, time remaining: 1m 32s
Rendered 2780/5648, time remaining: 1m 29s
Rendered 2781/5648, time remaining: 1m 29s
Rendered 2782/5648, time remaining: 1m 29s
Rendered 2783/5648, time remaining: 1m 29s
Rendered 2784/5648, time remaining: 1m 29s
Rendered 2785/5648, time remaining: 1m 29s
Rendered 2786/5648, time remaining: 1m 32s
Rendered 2787/5648, time remaining: 1m 32s
Rendered 2788/5648, time remaining: 1m 29s
Rendered 2789/5648, time remaining: 1m 29s
Rendered 2790/5648, time remaining: 1m 31s
Rendered 2791/5648, time remaining: 1m 30s
Rendered 2792/5648, time remaining: 1m 31s
Rendered 2793/5648, time remaining: 1m 31s
Rendered 2794/5648, time remaining: 1m 31s
Rendered 2795/5648, time remaining: 1m 30s
Rendered 2796/5648, time remaining: 1m 29s
Rendered 2797/5648, time remaining: 1m 29s
Rendered 2798/5648, time remaining: 1m 29s
Rendered 2799/5648, time remaining: 1m 30s
Rendered 2800/5648, time remaining: 1m 31s
Rendered 2801/5648, time remaining: 1m 31s
Rendered 2802/5648, time remaining: 1m 30s
Rendered 2803/5648, time remaining: 1m 29s
Rendered 2804/5648, time remaining: 1m 28s
Rendered 2805/5648, time remaining: 1m 27s
Rendered 2806/5648, time remaining: 1m 27s
Rendered 2807/5648, time remaining: 1m 30s
Rendered 2808/5648, time remaining: 1m 30s
Rendered 2809/5648, time remaining: 1m 30s
Rendered 2810/5648, time remaining: 1m 29s
Rendered 2811/5648, time remaining: 1m 30s
Rendered 2812/5648, time remaining: 1m 29s
Rendered 2813/5648, time remaining: 1m 28s
Rendered 2814/5648, time remaining: 1m 28s
Rendered 2815/5648, time remaining: 1m 28s
Rendered 2816/5648, time remaining: 1m 28s
Rendered 2817/5648, time remaining: 1m 29s
Rendered 2818/5648, time remaining: 1m 31s
Rendered 2819/5648, time remaining: 1m 31s
Rendered 2820/5648, time remaining: 1m 29s
Rendered 2821/5648, time remaining: 1m 27s
Rendered 2822/5648, time remaining: 1m 27s
Rendered 2823/5648, time remaining: 1m 29s
Rendered 2824/5648, time remaining: 1m 28s
Rendered 2825/5648, time remaining: 1m 27s
Rendered 2826/5648, time remaining: 1m 29s
Rendered 2827/5648, time remaining: 1m 29s
Rendered 2828/5648, time remaining: 1m 29s
Rendered 2829/5648, time remaining: 1m 29s
Rendered 2830/5648, time remaining: 1m 29s
Rendered 2831/5648, time remaining: 1m 26s
Rendered 2832/5648, time remaining: 1m 26s
Rendered 2833/5648, time remaining: 1m 28s
Rendered 2834/5648, time remaining: 1m 29s
Rendered 2835/5648, time remaining: 1m 29s
Rendered 2836/5648, time remaining: 1m 29s
Rendered 2837/5648, time remaining: 1m 27s
Rendered 2838/5648, time remaining: 1m 28s
Rendered 2839/5648, time remaining: 1m 26s
Rendered 2840/5648, time remaining: 1m 26s
Rendered 2841/5648, time remaining: 1m 28s
Rendered 2842/5648, time remaining: 1m 28s
Rendered 2843/5648, time remaining: 1m 28s
Rendered 2844/5648, time remaining: 1m 28s
Rendered 2845/5648, time remaining: 1m 27s
Rendered 2846/5648, time remaining: 1m 28s
Rendered 2847/5648, time remaining: 1m 26s
Rendered 2848/5648, time remaining: 1m 26s
Rendered 2849/5648, time remaining: 1m 28s
Rendered 2850/5648, time remaining: 1m 28s
Rendered 2851/5648, time remaining: 1m 28s
Rendered 2852/5648, time remaining: 1m 28s
Rendered 2853/5648, time remaining: 1m 28s
Rendered 2854/5648, time remaining: 1m 27s
Rendered 2855/5648, time remaining: 1m 27s
Rendered 2856/5648, time remaining: 1m 26s
Rendered 2857/5648, time remaining: 1m 26s
Rendered 2858/5648, time remaining: 1m 27s
Rendered 2859/5648, time remaining: 1m 27s
Rendered 2860/5648, time remaining: 1m 26s
Rendered 2861/5648, time remaining: 1m 28s
Rendered 2862/5648, time remaining: 1m 28s
Rendered 2863/5648, time remaining: 1m 29s
Rendered 2864/5648, time remaining: 1m 25s
Rendered 2865/5648, time remaining: 1m 25s
Rendered 2866/5648, time remaining: 1m 27s
Rendered 2867/5648, time remaining: 1m 27s
Rendered 2868/5648, time remaining: 1m 27s
Rendered 2869/5648, time remaining: 1m 26s
Rendered 2870/5648, time remaining: 1m 26s
Rendered 2871/5648, time remaining: 1m 25s
Rendered 2872/5648, time remaining: 1m 24s
Rendered 2873/5648, time remaining: 1m 26s
Rendered 2874/5648, time remaining: 1m 27s
Rendered 2875/5648, time remaining: 1m 27s
Rendered 2876/5648, time remaining: 1m 27s
Rendered 2877/5648, time remaining: 1m 25s
Rendered 2878/5648, time remaining: 1m 26s
Rendered 2879/5648, time remaining: 1m 27s
Rendered 2880/5648, time remaining: 1m 25s
Rendered 2881/5648, time remaining: 1m 24s
Rendered 2882/5648, time remaining: 1m 26s
Rendered 2883/5648, time remaining: 1m 27s
Rendered 2884/5648, time remaining: 1m 27s
Rendered 2885/5648, time remaining: 1m 27s
Rendered 2886/5648, time remaining: 1m 28s
Rendered 2887/5648, time remaining: 1m 28s
Rendered 2888/5648, time remaining: 1m 26s
Rendered 2889/5648, time remaining: 1m 24s
Rendered 2890/5648, time remaining: 1m 25s
Rendered 2891/5648, time remaining: 1m 25s
Rendered 2892/5648, time remaining: 1m 25s
Rendered 2893/5648, time remaining: 1m 25s
Rendered 2894/5648, time remaining: 1m 26s
Rendered 2895/5648, time remaining: 1m 26s
Rendered 2896/5648, time remaining: 1m 24s
Rendered 2897/5648, time remaining: 1m 24s
Rendered 2898/5648, time remaining: 1m 26s
Rendered 2899/5648, time remaining: 1m 26s
Rendered 2900/5648, time remaining: 1m 26s
Rendered 2901/5648, time remaining: 1m 25s
Rendered 2902/5648, time remaining: 1m 26s
Rendered 2903/5648, time remaining: 1m 26s
Rendered 2904/5648, time remaining: 1m 24s
Rendered 2905/5648, time remaining: 1m 24s
Rendered 2906/5648, time remaining: 1m 26s
Rendered 2907/5648, time remaining: 1m 27s
Rendered 2908/5648, time remaining: 1m 26s
Rendered 2909/5648, time remaining: 1m 24s
Rendered 2910/5648, time remaining: 1m 26s
Rendered 2911/5648, time remaining: 1m 25s
Rendered 2912/5648, time remaining: 1m 25s
Rendered 2913/5648, time remaining: 1m 25s
Rendered 2914/5648, time remaining: 1m 24s
Rendered 2915/5648, time remaining: 1m 24s
Rendered 2916/5648, time remaining: 1m 24s
Rendered 2917/5648, time remaining: 1m 23s
Rendered 2918/5648, time remaining: 1m 25s
Rendered 2919/5648, time remaining: 1m 26s
Rendered 2920/5648, time remaining: 1m 25s
Rendered 2921/5648, time remaining: 1m 23s
Rendered 2922/5648, time remaining: 1m 24s
Rendered 2923/5648, time remaining: 1m 24s
Rendered 2924/5648, time remaining: 1m 24s
Rendered 2925/5648, time remaining: 1m 24s
Rendered 2926/5648, time remaining: 1m 25s
Rendered 2927/5648, time remaining: 1m 25s
Rendered 2928/5648, time remaining: 1m 24s
Rendered 2929/5648, time remaining: 1m 24s
Rendered 2930/5648, time remaining: 1m 24s
Rendered 2931/5648, time remaining: 1m 24s
Rendered 2932/5648, time remaining: 1m 24s
Rendered 2933/5648, time remaining: 1m 25s
Rendered 2934/5648, time remaining: 1m 25s
Rendered 2935/5648, time remaining: 1m 26s
Rendered 2936/5648, time remaining: 1m 23s
Rendered 2937/5648, time remaining: 1m 25s
Rendered 2938/5648, time remaining: 1m 25s
Rendered 2939/5648, time remaining: 1m 25s
Rendered 2940/5648, time remaining: 1m 23s
Rendered 2941/5648, time remaining: 1m 23s
Rendered 2942/5648, time remaining: 1m 24s
Rendered 2943/5648, time remaining: 1m 24s
Rendered 2944/5648, time remaining: 1m 24s
Rendered 2945/5648, time remaining: 1m 26s
Rendered 2946/5648, time remaining: 1m 25s
Rendered 2947/5648, time remaining: 1m 24s
Rendered 2948/5648, time remaining: 1m 24s
Rendered 2949/5648, time remaining: 1m 23s
Rendered 2950/5648, time remaining: 1m 23s
Rendered 2951/5648, time remaining: 1m 22s
Rendered 2952/5648, time remaining: 1m 22s
Rendered 2953/5648, time remaining: 1m 25s
Rendered 2954/5648, time remaining: 1m 24s
Rendered 2955/5648, time remaining: 1m 24s
Rendered 2956/5648, time remaining: 1m 25s
Rendered 2957/5648, time remaining: 1m 22s
Rendered 2958/5648, time remaining: 1m 24s
Rendered 2959/5648, time remaining: 1m 24s
Rendered 2960/5648, time remaining: 1m 24s
Rendered 2961/5648, time remaining: 1m 23s
Rendered 2962/5648, time remaining: 1m 24s
Rendered 2963/5648, time remaining: 1m 24s
Rendered 2964/5648, time remaining: 1m 24s
Rendered 2965/5648, time remaining: 1m 24s
Rendered 2966/5648, time remaining: 1m 24s
Rendered 2967/5648, time remaining: 1m 23s
Rendered 2968/5648, time remaining: 1m 23s
Rendered 2969/5648, time remaining: 1m 23s
Rendered 2970/5648, time remaining: 1m 23s
Rendered 2971/5648, time remaining: 1m 24s
Rendered 2972/5648, time remaining: 1m 24s
Rendered 2973/5648, time remaining: 1m 23s
Rendered 2974/5648, time remaining: 1m 23s
Rendered 2975/5648, time remaining: 1m 23s
Rendered 2976/5648, time remaining: 1m 22s
Rendered 2977/5648, time remaining: 1m 23s
Rendered 2978/5648, time remaining: 1m 23s
Rendered 2979/5648, time remaining: 1m 23s
Rendered 2980/5648, time remaining: 1m 24s
Rendered 2981/5648, time remaining: 1m 24s
Rendered 2982/5648, time remaining: 1m 23s
Rendered 2983/5648, time remaining: 1m 22s
Rendered 2984/5648, time remaining: 1m 22s
Rendered 2985/5648, time remaining: 1m 23s
Rendered 2986/5648, time remaining: 1m 23s
Rendered 2987/5648, time remaining: 1m 23s
Rendered 2988/5648, time remaining: 1m 23s
Rendered 2989/5648, time remaining: 1m 24s
Rendered 2990/5648, time remaining: 1m 24s
Rendered 2991/5648, time remaining: 1m 21s
Rendered 2992/5648, time remaining: 1m 22s
Rendered 2993/5648, time remaining: 1m 22s
Rendered 2994/5648, time remaining: 1m 22s
Rendered 2995/5648, time remaining: 1m 22s
Rendered 2996/5648, time remaining: 1m 23s
Rendered 2997/5648, time remaining: 1m 23s
Rendered 2998/5648, time remaining: 1m 23s
Rendered 2999/5648, time remaining: 1m 21s
Rendered 3000/5648, time remaining: 1m 22s
Rendered 3001/5648, time remaining: 1m 22s
Rendered 3002/5648, time remaining: 1m 22s
Rendered 3003/5648, time remaining: 1m 22s
Rendered 3004/5648, time remaining: 1m 24s
Rendered 3005/5648, time remaining: 1m 22s
Rendered 3006/5648, time remaining: 1m 22s
Rendered 3007/5648, time remaining: 1m 22s
Rendered 3008/5648, time remaining: 1m 21s
Rendered 3009/5648, time remaining: 1m 23s
Rendered 3010/5648, time remaining: 1m 23s
Rendered 3011/5648, time remaining: 1m 22s
Rendered 3012/5648, time remaining: 1m 22s
Rendered 3013/5648, time remaining: 1m 21s
Rendered 3014/5648, time remaining: 1m 21s
Rendered 3015/5648, time remaining: 1m 21s
Rendered 3016/5648, time remaining: 1m 20s
Rendered 3017/5648, time remaining: 1m 23s
Rendered 3018/5648, time remaining: 1m 22s
Rendered 3019/5648, time remaining: 1m 22s
Rendered 3020/5648, time remaining: 1m 22s
Rendered 3021/5648, time remaining: 1m 23s
Rendered 3022/5648, time remaining: 1m 23s
Rendered 3023/5648, time remaining: 1m 22s
Rendered 3024/5648, time remaining: 1m 20s
Rendered 3025/5648, time remaining: 1m 22s
Rendered 3026/5648, time remaining: 1m 22s
Rendered 3027/5648, time remaining: 1m 22s
Rendered 3028/5648, time remaining: 1m 22s
Rendered 3029/5648, time remaining: 1m 21s
Rendered 3030/5648, time remaining: 1m 21s
Rendered 3031/5648, time remaining: 1m 21s
Rendered 3032/5648, time remaining: 1m 20s
Rendered 3033/5648, time remaining: 1m 21s
Rendered 3034/5648, time remaining: 1m 21s
Rendered 3035/5648, time remaining: 1m 21s
Rendered 3036/5648, time remaining: 1m 20s
Rendered 3037/5648, time remaining: 1m 20s
Rendered 3038/5648, time remaining: 1m 20s
Rendered 3039/5648, time remaining: 1m 21s
Rendered 3040/5648, time remaining: 1m 21s
Rendered 3041/5648, time remaining: 1m 21s
Rendered 3042/5648, time remaining: 1m 21s
Rendered 3043/5648, time remaining: 1m 21s
Rendered 3044/5648, time remaining: 1m 21s
Rendered 3045/5648, time remaining: 1m 21s
Rendered 3046/5648, time remaining: 1m 21s
Rendered 3047/5648, time remaining: 1m 22s
Rendered 3048/5648, time remaining: 1m 19s
Rendered 3049/5648, time remaining: 1m 20s
Rendered 3050/5648, time remaining: 1m 20s
Rendered 3051/5648, time remaining: 1m 21s
Rendered 3052/5648, time remaining: 1m 20s
Rendered 3053/5648, time remaining: 1m 20s
Rendered 3054/5648, time remaining: 1m 20s
Rendered 3055/5648, time remaining: 1m 22s
Rendered 3056/5648, time remaining: 1m 20s
Rendered 3057/5648, time remaining: 1m 19s
Rendered 3058/5648, time remaining: 1m 19s
Rendered 3059/5648, time remaining: 1m 20s
Rendered 3060/5648, time remaining: 1m 20s
Rendered 3061/5648, time remaining: 1m 20s
Rendered 3062/5648, time remaining: 1m 20s
Rendered 3063/5648, time remaining: 1m 20s
Rendered 3064/5648, time remaining: 1m 21s
Rendered 3065/5648, time remaining: 1m 20s
Rendered 3066/5648, time remaining: 1m 20s
Rendered 3067/5648, time remaining: 1m 22s
Rendered 3068/5648, time remaining: 1m 20s
Rendered 3069/5648, time remaining: 1m 21s
Rendered 3070/5648, time remaining: 1m 21s
Rendered 3071/5648, time remaining: 1m 21s
Rendered 3072/5648, time remaining: 1m 19s
Rendered 3073/5648, time remaining: 1m 19s
Rendered 3074/5648, time remaining: 1m 20s
Rendered 3075/5648, time remaining: 1m 21s
Rendered 3076/5648, time remaining: 1m 20s
Rendered 3077/5648, time remaining: 1m 19s
Rendered 3078/5648, time remaining: 1m 21s
Rendered 3079/5648, time remaining: 1m 20s
Rendered 3080/5648, time remaining: 1m 20s
Rendered 3081/5648, time remaining: 1m 20s
Rendered 3082/5648, time remaining: 1m 20s
Rendered 3083/5648, time remaining: 1m 19s
Rendered 3084/5648, time remaining: 1m 21s
Rendered 3085/5648, time remaining: 1m 19s
Rendered 3086/5648, time remaining: 1m 19s
Rendered 3087/5648, time remaining: 1m 19s
Rendered 3088/5648, time remaining: 1m 19s
Rendered 3089/5648, time remaining: 1m 19s
Rendered 3090/5648, time remaining: 1m 19s
Rendered 3091/5648, time remaining: 1m 21s
Rendered 3092/5648, time remaining: 1m 19s
Rendered 3093/5648, time remaining: 1m 19s
Rendered 3094/5648, time remaining: 1m 20s
Rendered 3095/5648, time remaining: 1m 18s
Rendered 3096/5648, time remaining: 1m 18s
Rendered 3097/5648, time remaining: 1m 18s
Rendered 3098/5648, time remaining: 1m 18s
Rendered 3099/5648, time remaining: 1m 19s
Rendered 3100/5648, time remaining: 1m 20s
Rendered 3101/5648, time remaining: 1m 20s
Rendered 3102/5648, time remaining: 1m 21s
Rendered 3103/5648, time remaining: 1m 18s
Rendered 3104/5648, time remaining: 1m 18s
Rendered 3105/5648, time remaining: 1m 18s
Rendered 3106/5648, time remaining: 1m 19s
Rendered 3107/5648, time remaining: 1m 20s
Rendered 3108/5648, time remaining: 1m 18s
Rendered 3109/5648, time remaining: 1m 18s
Rendered 3110/5648, time remaining: 1m 19s
Rendered 3111/5648, time remaining: 1m 19s
Rendered 3112/5648, time remaining: 1m 18s
Rendered 3113/5648, time remaining: 1m 17s
Rendered 3114/5648, time remaining: 1m 19s
Rendered 3115/5648, time remaining: 1m 19s
Rendered 3116/5648, time remaining: 1m 19s
Rendered 3117/5648, time remaining: 1m 19s
Rendered 3118/5648, time remaining: 1m 18s
Rendered 3119/5648, time remaining: 1m 18s
Rendered 3120/5648, time remaining: 1m 17s
Rendered 3121/5648, time remaining: 1m 17s
Rendered 3122/5648, time remaining: 1m 19s
Rendered 3123/5648, time remaining: 1m 18s
Rendered 3124/5648, time remaining: 1m 18s
Rendered 3125/5648, time remaining: 1m 19s
Rendered 3126/5648, time remaining: 1m 19s
Rendered 3127/5648, time remaining: 1m 18s
Rendered 3128/5648, time remaining: 1m 19s
Rendered 3129/5648, time remaining: 1m 18s
Rendered 3130/5648, time remaining: 1m 17s
Rendered 3131/5648, time remaining: 1m 17s
Rendered 3132/5648, time remaining: 1m 18s
Rendered 3133/5648, time remaining: 1m 19s
Rendered 3134/5648, time remaining: 1m 18s
Rendered 3135/5648, time remaining: 1m 17s
Rendered 3136/5648, time remaining: 1m 17s
Rendered 3137/5648, time remaining: 1m 17s
Rendered 3138/5648, time remaining: 1m 18s
Rendered 3139/5648, time remaining: 1m 16s
Rendered 3140/5648, time remaining: 1m 16s
Rendered 3141/5648, time remaining: 1m 18s
Rendered 3142/5648, time remaining: 1m 17s
Rendered 3143/5648, time remaining: 1m 17s
Rendered 3144/5648, time remaining: 1m 18s
Rendered 3145/5648, time remaining: 1m 20s
Rendered 3146/5648, time remaining: 1m 18s
Rendered 3147/5648, time remaining: 1m 17s
Rendered 3148/5648, time remaining: 1m 17s
Rendered 3149/5648, time remaining: 1m 18s
Rendered 3150/5648, time remaining: 1m 17s
Rendered 3151/5648, time remaining: 1m 17s
Rendered 3152/5648, time remaining: 1m 17s
Rendered 3153/5648, time remaining: 1m 19s
Rendered 3154/5648, time remaining: 1m 17s
Rendered 3155/5648, time remaining: 1m 17s
Rendered 3156/5648, time remaining: 1m 18s
Rendered 3157/5648, time remaining: 1m 19s
Rendered 3158/5648, time remaining: 1m 18s
Rendered 3159/5648, time remaining: 1m 17s
Rendered 3160/5648, time remaining: 1m 16s
Rendered 3161/5648, time remaining: 1m 17s
Rendered 3162/5648, time remaining: 1m 17s
Rendered 3163/5648, time remaining: 1m 17s
Rendered 3164/5648, time remaining: 1m 19s
Rendered 3165/5648, time remaining: 1m 18s
Rendered 3166/5648, time remaining: 1m 19s
Rendered 3167/5648, time remaining: 1m 16s
Rendered 3168/5648, time remaining: 1m 16s
Rendered 3169/5648, time remaining: 1m 16s
Rendered 3170/5648, time remaining: 1m 16s
Rendered 3171/5648, time remaining: 1m 16s
Rendered 3172/5648, time remaining: 1m 18s
Rendered 3173/5648, time remaining: 1m 17s
Rendered 3174/5648, time remaining: 1m 17s
Rendered 3175/5648, time remaining: 1m 16s
Rendered 3176/5648, time remaining: 1m 16s
Rendered 3177/5648, time remaining: 1m 17s
Rendered 3178/5648, time remaining: 1m 17s
Rendered 3179/5648, time remaining: 1m 17s
Rendered 3180/5648, time remaining: 1m 18s
Rendered 3181/5648, time remaining: 1m 18s
Rendered 3182/5648, time remaining: 1m 16s
Rendered 3183/5648, time remaining: 1m 16s
Rendered 3184/5648, time remaining: 1m 18s
Rendered 3185/5648, time remaining: 1m 17s
Rendered 3186/5648, time remaining: 1m 17s
Rendered 3187/5648, time remaining: 1m 17s
Rendered 3188/5648, time remaining: 1m 18s
Rendered 3189/5648, time remaining: 1m 17s
Rendered 3190/5648, time remaining: 1m 15s
Rendered 3191/5648, time remaining: 1m 15s
Rendered 3192/5648, time remaining: 1m 18s
Rendered 3193/5648, time remaining: 1m 17s
Rendered 3194/5648, time remaining: 1m 16s
Rendered 3195/5648, time remaining: 1m 16s
Rendered 3196/5648, time remaining: 1m 17s
Rendered 3197/5648, time remaining: 1m 16s
Rendered 3198/5648, time remaining: 1m 16s
Rendered 3199/5648, time remaining: 1m 16s
Rendered 3200/5648, time remaining: 1m 18s
Rendered 3201/5648, time remaining: 1m 17s
Rendered 3202/5648, time remaining: 1m 16s
Rendered 3203/5648, time remaining: 1m 16s
Rendered 3204/5648, time remaining: 1m 16s
Rendered 3205/5648, time remaining: 1m 16s
Rendered 3206/5648, time remaining: 1m 16s
Rendered 3207/5648, time remaining: 1m 17s
Rendered 3208/5648, time remaining: 1m 18s
Rendered 3209/5648, time remaining: 1m 17s
Rendered 3210/5648, time remaining: 1m 16s
Rendered 3211/5648, time remaining: 1m 16s
Rendered 3212/5648, time remaining: 1m 16s
Rendered 3213/5648, time remaining: 1m 17s
Rendered 3214/5648, time remaining: 1m 16s
Rendered 3215/5648, time remaining: 1m 17s
Rendered 3216/5648, time remaining: 1m 18s
Rendered 3217/5648, time remaining: 1m 16s
Rendered 3218/5648, time remaining: 1m 16s
Rendered 3219/5648, time remaining: 1m 15s
Rendered 3220/5648, time remaining: 1m 15s
Rendered 3221/5648, time remaining: 1m 15s
Rendered 3222/5648, time remaining: 1m 17s
Rendered 3223/5648, time remaining: 1m 17s
Rendered 3224/5648, time remaining: 1m 17s
Rendered 3225/5648, time remaining: 1m 16s
Rendered 3226/5648, time remaining: 1m 16s
Rendered 3227/5648, time remaining: 1m 16s
Rendered 3228/5648, time remaining: 1m 15s
Rendered 3229/5648, time remaining: 1m 15s
Rendered 3230/5648, time remaining: 1m 15s
Rendered 3231/5648, time remaining: 1m 15s
Rendered 3232/5648, time remaining: 1m 16s
Rendered 3233/5648, time remaining: 1m 16s
Rendered 3234/5648, time remaining: 1m 15s
Rendered 3235/5648, time remaining: 1m 16s
Rendered 3236/5648, time remaining: 1m 15s
Rendered 3237/5648, time remaining: 1m 15s
Rendered 3238/5648, time remaining: 1m 16s
Rendered 3239/5648, time remaining: 1m 17s
Rendered 3240/5648, time remaining: 1m 17s
Rendered 3241/5648, time remaining: 1m 15s
Rendered 3242/5648, time remaining: 1m 15s
Rendered 3243/5648, time remaining: 1m 15s
Rendered 3244/5648, time remaining: 1m 14s
Rendered 3245/5648, time remaining: 1m 14s
Rendered 3246/5648, time remaining: 1m 16s
Rendered 3247/5648, time remaining: 1m 17s
Rendered 3248/5648, time remaining: 1m 18s
Rendered 3249/5648, time remaining: 1m 17s
Rendered 3250/5648, time remaining: 1m 16s
Rendered 3251/5648, time remaining: 1m 16s
Rendered 3252/5648, time remaining: 1m 15s
Rendered 3253/5648, time remaining: 1m 15s
Rendered 3254/5648, time remaining: 1m 17s
Rendered 3255/5648, time remaining: 1m 18s
Rendered 3256/5648, time remaining: 1m 16s
Rendered 3257/5648, time remaining: 1m 15s
Rendered 3258/5648, time remaining: 1m 15s
Rendered 3259/5648, time remaining: 1m 15s
Rendered 3260/5648, time remaining: 1m 14s
Rendered 3261/5648, time remaining: 1m 14s
Rendered 3262/5648, time remaining: 1m 15s
Rendered 3263/5648, time remaining: 1m 17s
Rendered 3264/5648, time remaining: 1m 15s
Rendered 3265/5648, time remaining: 1m 16s
Rendered 3266/5648, time remaining: 1m 16s
Rendered 3267/5648, time remaining: 1m 15s
Rendered 3268/5648, time remaining: 1m 15s
Rendered 3269/5648, time remaining: 1m 16s
Rendered 3270/5648, time remaining: 1m 16s
Rendered 3271/5648, time remaining: 1m 17s
Rendered 3272/5648, time remaining: 1m 15s
Rendered 3273/5648, time remaining: 1m 15s
Rendered 3274/5648, time remaining: 1m 15s
Rendered 3275/5648, time remaining: 1m 16s
Rendered 3276/5648, time remaining: 1m 16s
Rendered 3277/5648, time remaining: 1m 15s
Rendered 3278/5648, time remaining: 1m 14s
Rendered 3279/5648, time remaining: 1m 14s
Rendered 3280/5648, time remaining: 1m 15s
Rendered 3281/5648, time remaining: 1m 15s
Rendered 3282/5648, time remaining: 1m 16s
Rendered 3283/5648, time remaining: 1m 15s
Rendered 3284/5648, time remaining: 1m 15s
Rendered 3285/5648, time remaining: 1m 15s
Rendered 3286/5648, time remaining: 1m 15s
Rendered 3287/5648, time remaining: 1m 15s
Rendered 3288/5648, time remaining: 1m 14s
Rendered 3289/5648, time remaining: 1m 16s
Rendered 3290/5648, time remaining: 1m 16s
Rendered 3291/5648, time remaining: 1m 15s
Rendered 3292/5648, time remaining: 1m 15s
Rendered 3293/5648, time remaining: 1m 14s
Rendered 3294/5648, time remaining: 1m 16s
Rendered 3295/5648, time remaining: 1m 14s
Rendered 3296/5648, time remaining: 1m 14s
Rendered 3297/5648, time remaining: 1m 14s
Rendered 3298/5648, time remaining: 1m 14s
Rendered 3299/5648, time remaining: 1m 14s
Rendered 3300/5648, time remaining: 1m 14s
Rendered 3301/5648, time remaining: 1m 16s
Rendered 3302/5648, time remaining: 1m 16s
Rendered 3303/5648, time remaining: 1m 14s
Rendered 3304/5648, time remaining: 1m 14s
Rendered 3305/5648, time remaining: 1m 14s
Rendered 3306/5648, time remaining: 1m 14s
Rendered 3307/5648, time remaining: 1m 13s
Rendered 3308/5648, time remaining: 1m 13s
Rendered 3309/5648, time remaining: 1m 14s
Rendered 3310/5648, time remaining: 1m 15s
Rendered 3311/5648, time remaining: 1m 14s
Rendered 3312/5648, time remaining: 1m 14s
Rendered 3313/5648, time remaining: 1m 15s
Rendered 3314/5648, time remaining: 1m 13s
Rendered 3315/5648, time remaining: 1m 13s
Rendered 3316/5648, time remaining: 1m 13s
Rendered 3317/5648, time remaining: 1m 14s
Rendered 3318/5648, time remaining: 1m 14s
Rendered 3319/5648, time remaining: 1m 15s
Rendered 3320/5648, time remaining: 1m 15s
Rendered 3321/5648, time remaining: 1m 13s
Rendered 3322/5648, time remaining: 1m 14s
Rendered 3323/5648, time remaining: 1m 14s
Rendered 3324/5648, time remaining: 1m 14s
Rendered 3325/5648, time remaining: 1m 14s
Rendered 3326/5648, time remaining: 1m 15s
Rendered 3327/5648, time remaining: 1m 14s
Rendered 3328/5648, time remaining: 1m 14s
Rendered 3329/5648, time remaining: 1m 13s
Rendered 3330/5648, time remaining: 1m 13s
Rendered 3331/5648, time remaining: 1m 13s
Rendered 3332/5648, time remaining: 1m 13s
Rendered 3333/5648, time remaining: 1m 13s
Rendered 3334/5648, time remaining: 1m 14s
Rendered 3335/5648, time remaining: 1m 14s
Rendered 3336/5648, time remaining: 1m 14s
Rendered 3337/5648, time remaining: 1m 14s
Rendered 3338/5648, time remaining: 1m 13s
Rendered 3339/5648, time remaining: 1m 13s
Rendered 3340/5648, time remaining: 1m 13s
Rendered 3341/5648, time remaining: 1m 14s
Rendered 3342/5648, time remaining: 1m 13s
Rendered 3343/5648, time remaining: 1m 14s
Rendered 3344/5648, time remaining: 1m 14s
Rendered 3345/5648, time remaining: 1m 14s
Rendered 3346/5648, time remaining: 1m 13s
Rendered 3347/5648, time remaining: 1m 13s
Rendered 3348/5648, time remaining: 1m 13s
Rendered 3349/5648, time remaining: 1m 13s
Rendered 3350/5648, time remaining: 1m 12s
Rendered 3351/5648, time remaining: 1m 13s
Rendered 3352/5648, time remaining: 1m 14s
Rendered 3353/5648, time remaining: 1m 14s
Rendered 3354/5648, time remaining: 1m 14s
Rendered 3355/5648, time remaining: 1m 12s
Rendered 3356/5648, time remaining: 1m 12s
Rendered 3357/5648, time remaining: 1m 12s
Rendered 3358/5648, time remaining: 1m 11s
Rendered 3359/5648, time remaining: 1m 12s
Rendered 3360/5648, time remaining: 1m 14s
Rendered 3361/5648, time remaining: 1m 14s
Rendered 3362/5648, time remaining: 1m 14s
Rendered 3363/5648, time remaining: 1m 13s
Rendered 3364/5648, time remaining: 1m 13s
Rendered 3365/5648, time remaining: 1m 12s
Rendered 3366/5648, time remaining: 1m 12s
Rendered 3367/5648, time remaining: 1m 12s
Rendered 3368/5648, time remaining: 1m 12s
Rendered 3369/5648, time remaining: 1m 12s
Rendered 3370/5648, time remaining: 1m 14s
Rendered 3371/5648, time remaining: 1m 14s
Rendered 3372/5648, time remaining: 1m 12s
Rendered 3373/5648, time remaining: 1m 12s
Rendered 3374/5648, time remaining: 1m 12s
Rendered 3375/5648, time remaining: 1m 13s
Rendered 3376/5648, time remaining: 1m 12s
Rendered 3377/5648, time remaining: 1m 11s
Rendered 3378/5648, time remaining: 1m 12s
Rendered 3379/5648, time remaining: 1m 12s
Rendered 3380/5648, time remaining: 1m 12s
Rendered 3381/5648, time remaining: 1m 13s
Rendered 3382/5648, time remaining: 1m 12s
Rendered 3383/5648, time remaining: 1m 12s
Rendered 3384/5648, time remaining: 1m 12s
Rendered 3385/5648, time remaining: 1m 11s
Rendered 3386/5648, time remaining: 1m 12s
Rendered 3387/5648, time remaining: 1m 13s
Rendered 3388/5648, time remaining: 1m 12s
Rendered 3389/5648, time remaining: 1m 12s
Rendered 3390/5648, time remaining: 1m 12s
Rendered 3391/5648, time remaining: 1m 11s
Rendered 3392/5648, time remaining: 1m 12s
Rendered 3393/5648, time remaining: 1m 13s
Rendered 3394/5648, time remaining: 1m 13s
Rendered 3395/5648, time remaining: 1m 14s
Rendered 3396/5648, time remaining: 1m 12s
Rendered 3397/5648, time remaining: 1m 11s
Rendered 3398/5648, time remaining: 1m 10s
Rendered 3399/5648, time remaining: 1m 10s
Rendered 3400/5648, time remaining: 1m 11s
Rendered 3401/5648, time remaining: 1m 10s
Rendered 3402/5648, time remaining: 1m 10s
Rendered 3403/5648, time remaining: 1m 12s
Rendered 3404/5648, time remaining: 1m 11s
Rendered 3405/5648, time remaining: 1m 10s
Rendered 3406/5648, time remaining: 1m 10s
Rendered 3407/5648, time remaining: 1m 10s
Rendered 3408/5648, time remaining: 1m 11s
Rendered 3409/5648, time remaining: 1m 12s
Rendered 3410/5648, time remaining: 1m 12s
Rendered 3411/5648, time remaining: 1m 12s
Rendered 3412/5648, time remaining: 1m 12s
Rendered 3413/5648, time remaining: 1m 11s
Rendered 3414/5648, time remaining: 1m 11s
Rendered 3415/5648, time remaining: 1m 10s
Rendered 3416/5648, time remaining: 1m 10s
Rendered 3417/5648, time remaining: 1m 11s
Rendered 3418/5648, time remaining: 1m 11s
Rendered 3419/5648, time remaining: 1m 10s
Rendered 3420/5648, time remaining: 1m 11s
Rendered 3421/5648, time remaining: 1m 10s
Rendered 3422/5648, time remaining: 1m 11s
Rendered 3423/5648, time remaining: 1m 11s
Rendered 3424/5648, time remaining: 1m 11s
Rendered 3425/5648, time remaining: 1m 10s
Rendered 3426/5648, time remaining: 1m 10s
Rendered 3427/5648, time remaining: 1m 11s
Rendered 3428/5648, time remaining: 1m 11s
Rendered 3429/5648, time remaining: 1m 11s
Rendered 3430/5648, time remaining: 1m 11s
Rendered 3431/5648, time remaining: 1m 11s
Rendered 3432/5648, time remaining: 1m 9s
Rendered 3433/5648, time remaining: 1m 9s
Rendered 3434/5648, time remaining: 1m 9s
Rendered 3435/5648, time remaining: 1m 11s
Rendered 3436/5648, time remaining: 1m 11s
Rendered 3437/5648, time remaining: 1m 11s
Rendered 3438/5648, time remaining: 1m 11s
Rendered 3439/5648, time remaining: 1m 10s
Rendered 3440/5648, time remaining: 1m 10s
Rendered 3441/5648, time remaining: 1m 10s
Rendered 3442/5648, time remaining: 1m 10s
Rendered 3443/5648, time remaining: 1m 11s
Rendered 3444/5648, time remaining: 1m 10s
Rendered 3445/5648, time remaining: 1m 10s
Rendered 3446/5648, time remaining: 1m 10s
Rendered 3447/5648, time remaining: 1m 10s
Rendered 3448/5648, time remaining: 1m 10s
Rendered 3449/5648, time remaining: 1m 11s
Rendered 3450/5648, time remaining: 1m 11s
Rendered 3451/5648, time remaining: 1m 10s
Rendered 3452/5648, time remaining: 1m 10s
Rendered 3453/5648, time remaining: 1m 10s
Rendered 3454/5648, time remaining: 1m 11s
Rendered 3455/5648, time remaining: 1m 10s
Rendered 3456/5648, time remaining: 1m 11s
Rendered 3457/5648, time remaining: 1m 10s
Rendered 3458/5648, time remaining: 1m 10s
Rendered 3459/5648, time remaining: 1m 10s
Rendered 3460/5648, time remaining: 1m 9s
Rendered 3461/5648, time remaining: 1m 9s
Rendered 3462/5648, time remaining: 1m 10s
Rendered 3463/5648, time remaining: 1m 10s
Rendered 3464/5648, time remaining: 1m 10s
Rendered 3465/5648, time remaining: 1m 10s
Rendered 3466/5648, time remaining: 1m 12s
Rendered 3467/5648, time remaining: 1m 10s
Rendered 3468/5648, time remaining: 1m 10s
Rendered 3469/5648, time remaining: 1m 9s
Rendered 3470/5648, time remaining: 1m 10s
Rendered 3471/5648, time remaining: 1m 11s
Rendered 3472/5648, time remaining: 1m 9s
Rendered 3473/5648, time remaining: 1m 10s
Rendered 3474/5648, time remaining: 1m 10s
Rendered 3475/5648, time remaining: 1m 9s
Rendered 3476/5648, time remaining: 1m 9s
Rendered 3477/5648, time remaining: 1m 8s
Rendered 3478/5648, time remaining: 1m 9s
Rendered 3479/5648, time remaining: 1m 11s
Rendered 3480/5648, time remaining: 1m 10s
Rendered 3481/5648, time remaining: 1m 10s
Rendered 3482/5648, time remaining: 1m 11s
Rendered 3483/5648, time remaining: 1m 10s
Rendered 3484/5648, time remaining: 1m 8s
Rendered 3485/5648, time remaining: 1m 8s
Rendered 3486/5648, time remaining: 1m 9s
Rendered 3487/5648, time remaining: 1m 9s
Rendered 3488/5648, time remaining: 1m 10s
Rendered 3489/5648, time remaining: 1m 10s
Rendered 3490/5648, time remaining: 1m 10s
Rendered 3491/5648, time remaining: 1m 10s
Rendered 3492/5648, time remaining: 1m 8s
Rendered 3493/5648, time remaining: 1m 8s
Rendered 3494/5648, time remaining: 1m 8s
Rendered 3495/5648, time remaining: 1m 9s
Rendered 3496/5648, time remaining: 1m 9s
Rendered 3497/5648, time remaining: 1m 9s
Rendered 3498/5648, time remaining: 1m 10s
Rendered 3499/5648, time remaining: 1m 10s
Rendered 3500/5648, time remaining: 1m 9s
Rendered 3501/5648, time remaining: 1m 9s
Rendered 3502/5648, time remaining: 1m 8s
Rendered 3503/5648, time remaining: 1m 8s
Rendered 3504/5648, time remaining: 1m 8s
Rendered 3505/5648, time remaining: 1m 9s
Rendered 3506/5648, time remaining: 1m 9s
Rendered 3507/5648, time remaining: 1m 8s
Rendered 3508/5648, time remaining: 1m 9s
Rendered 3509/5648, time remaining: 1m 8s
Rendered 3510/5648, time remaining: 1m 7s
Rendered 3511/5648, time remaining: 1m 7s
Rendered 3512/5648, time remaining: 1m 7s
Rendered 3513/5648, time remaining: 1m 8s
Rendered 3514/5648, time remaining: 1m 8s
Rendered 3515/5648, time remaining: 1m 8s
Rendered 3516/5648, time remaining: 1m 9s
Rendered 3517/5648, time remaining: 1m 8s
Rendered 3518/5648, time remaining: 1m 8s
Rendered 3519/5648, time remaining: 1m 9s
Rendered 3520/5648, time remaining: 1m 7s
Rendered 3521/5648, time remaining: 1m 8s
Rendered 3522/5648, time remaining: 1m 8s
Rendered 3523/5648, time remaining: 1m 8s
Rendered 3524/5648, time remaining: 1m 8s
Rendered 3525/5648, time remaining: 1m 8s
Rendered 3526/5648, time remaining: 1m 8s
Rendered 3527/5648, time remaining: 1m 8s
Rendered 3528/5648, time remaining: 1m 7s
Rendered 3529/5648, time remaining: 1m 9s
Rendered 3530/5648, time remaining: 1m 8s
Rendered 3531/5648, time remaining: 1m 7s
Rendered 3532/5648, time remaining: 1m 8s
Rendered 3533/5648, time remaining: 1m 8s
Rendered 3534/5648, time remaining: 1m 8s
Rendered 3535/5648, time remaining: 1m 8s
Rendered 3536/5648, time remaining: 1m 8s
Rendered 3537/5648, time remaining: 1m 7s
Rendered 3538/5648, time remaining: 1m 7s
Rendered 3539/5648, time remaining: 1m 7s
Rendered 3540/5648, time remaining: 1m 7s
Rendered 3541/5648, time remaining: 1m 8s
Rendered 3542/5648, time remaining: 1m 7s
Rendered 3543/5648, time remaining: 1m 7s
Rendered 3544/5648, time remaining: 1m 8s
Rendered 3545/5648, time remaining: 1m 7s
Rendered 3546/5648, time remaining: 1m 7s
Rendered 3547/5648, time remaining: 1m 7s
Rendered 3548/5648, time remaining: 1m 8s
Rendered 3549/5648, time remaining: 1m 7s
Rendered 3550/5648, time remaining: 1m 7s
Rendered 3551/5648, time remaining: 1m 8s
Rendered 3552/5648, time remaining: 1m 8s
Rendered 3553/5648, time remaining: 1m 6s
Rendered 3554/5648, time remaining: 1m 7s
Rendered 3555/5648, time remaining: 1m 7s
Rendered 3556/5648, time remaining: 1m 6s
Rendered 3557/5648, time remaining: 1m 6s
Rendered 3558/5648, time remaining: 1m 7s
Rendered 3559/5648, time remaining: 1m 7s
Rendered 3560/5648, time remaining: 1m 7s
Rendered 3561/5648, time remaining: 1m 6s
Rendered 3562/5648, time remaining: 1m 7s
Rendered 3563/5648, time remaining: 1m 6s
Rendered 3564/5648, time remaining: 1m 6s
Rendered 3565/5648, time remaining: 1m 5s
Rendered 3566/5648, time remaining: 1m 5s
Rendered 3567/5648, time remaining: 1m 7s
Rendered 3568/5648, time remaining: 1m 7s
Rendered 3569/5648, time remaining: 1m 7s
Rendered 3570/5648, time remaining: 1m 6s
Rendered 3571/5648, time remaining: 1m 7s
Rendered 3572/5648, time remaining: 1m 5s
Rendered 3573/5648, time remaining: 1m 5s
Rendered 3574/5648, time remaining: 1m 5s
Rendered 3575/5648, time remaining: 1m 7s
Rendered 3576/5648, time remaining: 1m 7s
Rendered 3577/5648, time remaining: 1m 6s
Rendered 3578/5648, time remaining: 1m 6s
Rendered 3579/5648, time remaining: 1m 5s
Rendered 3580/5648, time remaining: 1m 5s
Rendered 3581/5648, time remaining: 1m 5s
Rendered 3582/5648, time remaining: 1m 5s
Rendered 3583/5648, time remaining: 1m 7s
Rendered 3584/5648, time remaining: 1m 7s
Rendered 3585/5648, time remaining: 1m 5s
Rendered 3586/5648, time remaining: 1m 5s
Rendered 3587/5648, time remaining: 1m 5s
Rendered 3588/5648, time remaining: 1m 5s
Rendered 3589/5648, time remaining: 1m 5s
Rendered 3590/5648, time remaining: 1m 6s
Rendered 3591/5648, time remaining: 1m 5s
Rendered 3592/5648, time remaining: 1m 6s
Rendered 3593/5648, time remaining: 1m 5s
Rendered 3594/5648, time remaining: 1m 4s
Rendered 3595/5648, time remaining: 1m 5s
Rendered 3596/5648, time remaining: 1m 5s
Rendered 3597/5648, time remaining: 1m 5s
Rendered 3598/5648, time remaining: 1m 6s
Rendered 3599/5648, time remaining: 1m 5s
Rendered 3600/5648, time remaining: 1m 5s
Rendered 3601/5648, time remaining: 1m 4s
Rendered 3602/5648, time remaining: 1m 4s
Rendered 3603/5648, time remaining: 1m 5s
Rendered 3604/5648, time remaining: 1m 5s
Rendered 3605/5648, time remaining: 1m 5s
Rendered 3606/5648, time remaining: 1m 4s
Rendered 3607/5648, time remaining: 1m 5s
Rendered 3608/5648, time remaining: 1m 4s
Rendered 3609/5648, time remaining: 1m 5s
Rendered 3610/5648, time remaining: 1m 4s
Rendered 3611/5648, time remaining: 1m 5s
Rendered 3612/5648, time remaining: 1m 4s
Rendered 3613/5648, time remaining: 1m 4s
Rendered 3614/5648, time remaining: 1m 3s
Rendered 3615/5648, time remaining: 1m 4s
Rendered 3616/5648, time remaining: 1m 3s
Rendered 3617/5648, time remaining: 1m 3s
Rendered 3618/5648, time remaining: 1m 3s
Rendered 3619/5648, time remaining: 1m 4s
Rendered 3620/5648, time remaining: 1m 4s
Rendered 3621/5648, time remaining: 1m 3s
Rendered 3622/5648, time remaining: 1m 4s
Rendered 3623/5648, time remaining: 1m 4s
Rendered 3624/5648, time remaining: 1m 4s
Rendered 3625/5648, time remaining: 1m 4s
Rendered 3626/5648, time remaining: 1m 5s
Rendered 3627/5648, time remaining: 1m 5s
Rendered 3628/5648, time remaining: 1m 4s
Rendered 3629/5648, time remaining: 1m 3s
Rendered 3630/5648, time remaining: 1m 3s
Rendered 3631/5648, time remaining: 1m 3s
Rendered 3632/5648, time remaining: 1m 3s
Rendered 3633/5648, time remaining: 1m 3s
Rendered 3634/5648, time remaining: 1m 4s
Rendered 3635/5648, time remaining: 1m 5s
Rendered 3636/5648, time remaining: 1m 4s
Rendered 3637/5648, time remaining: 1m 3s
Rendered 3638/5648, time remaining: 1m 2s
Rendered 3639/5648, time remaining: 1m 2s
Rendered 3640/5648, time remaining: 1m 2s
Rendered 3641/5648, time remaining: 1m 4s
Rendered 3642/5648, time remaining: 1m 4s
Rendered 3643/5648, time remaining: 1m 4s
Rendered 3644/5648, time remaining: 1m 4s
Rendered 3645/5648, time remaining: 1m 3s
Rendered 3646/5648, time remaining: 1m 3s
Rendered 3647/5648, time remaining: 1m 3s
Rendered 3648/5648, time remaining: 1m 2s
Rendered 3649/5648, time remaining: 1m 3s
Rendered 3650/5648, time remaining: 1m 3s
Rendered 3651/5648, time remaining: 1m 3s
Rendered 3652/5648, time remaining: 1m 4s
Rendered 3653/5648, time remaining: 1m 4s
Rendered 3654/5648, time remaining: 1m 3s
Rendered 3655/5648, time remaining: 1m 2s
Rendered 3656/5648, time remaining: 1m 3s
Rendered 3657/5648, time remaining: 1m 3s
Rendered 3658/5648, time remaining: 1m 2s
Rendered 3659/5648, time remaining: 1m 4s
Rendered 3660/5648, time remaining: 1m 4s
Rendered 3661/5648, time remaining: 1m 4s
Rendered 3662/5648, time remaining: 1m 4s
Rendered 3663/5648, time remaining: 1m 2s
Rendered 3664/5648, time remaining: 1m 2s
Rendered 3665/5648, time remaining: 1m 2s
Rendered 3666/5648, time remaining: 1m 2s
Rendered 3667/5648, time remaining: 1m 2s
Rendered 3668/5648, time remaining: 1m 2s
Rendered 3669/5648, time remaining: 1m 2s
Rendered 3670/5648, time remaining: 1m 3s
Rendered 3671/5648, time remaining: 1m 2s
Rendered 3672/5648, time remaining: 1m 2s
Rendered 3673/5648, time remaining: 1m 2s
Rendered 3674/5648, time remaining: 1m 3s
Rendered 3675/5648, time remaining: 1m 2s
Rendered 3676/5648, time remaining: 1m 2s
Rendered 3677/5648, time remaining: 1m 3s
Rendered 3678/5648, time remaining: 1m 4s
Rendered 3679/5648, time remaining: 1m 2s
Rendered 3680/5648, time remaining: 1m 2s
Rendered 3681/5648, time remaining: 1m 2s
Rendered 3682/5648, time remaining: 1m 1s
Rendered 3683/5648, time remaining: 1m 1s
Rendered 3684/5648, time remaining: 1m 2s
Rendered 3685/5648, time remaining: 1m 2s
Rendered 3686/5648, time remaining: 1m 2s
Rendered 3687/5648, time remaining: 1m 3s
Rendered 3688/5648, time remaining: 1m 3s
Rendered 3689/5648, time remaining: 1m 2s
Rendered 3690/5648, time remaining: 1m 2s
Rendered 3691/5648, time remaining: 1m 1s
Rendered 3692/5648, time remaining: 1m 1s
Rendered 3693/5648, time remaining: 1m 2s
Rendered 3694/5648, time remaining: 1m 1s
Rendered 3695/5648, time remaining: 1m 2s
Rendered 3696/5648, time remaining: 1m 2s
Rendered 3697/5648, time remaining: 1m 2s
Rendered 3698/5648, time remaining: 1m 1s
Rendered 3699/5648, time remaining: 1m 3s
Rendered 3700/5648, time remaining: 1m 3s
Rendered 3701/5648, time remaining: 1m 2s
Rendered 3702/5648, time remaining: 1m 2s
Rendered 3703/5648, time remaining: 1m 2s
Rendered 3704/5648, time remaining: 1m 1s
Rendered 3705/5648, time remaining: 1m 2s
Rendered 3706/5648, time remaining: 1m 2s
Rendered 3707/5648, time remaining: 1m 2s
Rendered 3708/5648, time remaining: 1m 1s
Rendered 3709/5648, time remaining: 1m 2s
Rendered 3710/5648, time remaining: 1m 2s
Rendered 3711/5648, time remaining: 1m 2s
Rendered 3712/5648, time remaining: 1m 1s
Rendered 3713/5648, time remaining: 1m 2s
Rendered 3714/5648, time remaining: 1m 2s
Rendered 3715/5648, time remaining: 1m 2s
Rendered 3716/5648, time remaining: 1m 2s
Rendered 3717/5648, time remaining: 1m 2s
Rendered 3718/5648, time remaining: 1m 2s
Rendered 3719/5648, time remaining: 1m 2s
Rendered 3720/5648, time remaining: 1m 2s
Rendered 3721/5648, time remaining: 1m 1s
Rendered 3722/5648, time remaining: 1m 2s
Rendered 3723/5648, time remaining: 1m 1s
Rendered 3724/5648, time remaining: 1m 1s
Rendered 3725/5648, time remaining: 1m 2s
Rendered 3726/5648, time remaining: 1m 2s
Rendered 3727/5648, time remaining: 1m 2s
Rendered 3728/5648, time remaining: 1m 2s
Rendered 3729/5648, time remaining: 1m 2s
Rendered 3730/5648, time remaining: 1m 2s
Rendered 3731/5648, time remaining: 1m 2s
Rendered 3732/5648, time remaining: 1m 1s
Rendered 3733/5648, time remaining: 1m 2s
Rendered 3734/5648, time remaining: 1m 2s
Rendered 3735/5648, time remaining: 1m 2s
Rendered 3736/5648, time remaining: 1m 2s
Rendered 3737/5648, time remaining: 1m 2s
Rendered 3738/5648, time remaining: 1m 2s
Rendered 3739/5648, time remaining: 1m 2s
Rendered 3740/5648, time remaining: 1m 2s
Rendered 3741/5648, time remaining: 1m 3s
Rendered 3742/5648, time remaining: 1m 2s
Rendered 3743/5648, time remaining: 1m 2s
Rendered 3744/5648, time remaining: 1m 2s
Rendered 3745/5648, time remaining: 1m 2s
Rendered 3746/5648, time remaining: 1m 2s
Rendered 3747/5648, time remaining: 1m 2s
Rendered 3748/5648, time remaining: 1m 1s
Rendered 3749/5648, time remaining: 1m 1s
Rendered 3750/5648, time remaining: 1m 1s
Rendered 3751/5648, time remaining: 1m 1s
Rendered 3752/5648, time remaining: 1m 1s
Rendered 3753/5648, time remaining: 59s
Rendered 3754/5648, time remaining: 59s
Rendered 3755/5648, time remaining: 59s
Rendered 3756/5648, time remaining: 59s
Rendered 3757/5648, time remaining: 58s
Rendered 3758/5648, time remaining: 59s
Rendered 3759/5648, time remaining: 58s
Rendered 3760/5648, time remaining: 58s
Rendered 3761/5648, time remaining: 58s
Rendered 3762/5648, time remaining: 58s
Rendered 3763/5648, time remaining: 57s
Rendered 3764/5648, time remaining: 58s
Rendered 3765/5648, time remaining: 56s
Rendered 3766/5648, time remaining: 57s
Rendered 3767/5648, time remaining: 57s
Rendered 3768/5648, time remaining: 58s
Rendered 3769/5648, time remaining: 57s
Rendered 3770/5648, time remaining: 57s
Rendered 3771/5648, time remaining: 58s
Rendered 3772/5648, time remaining: 56s
Rendered 3773/5648, time remaining: 56s
Rendered 3774/5648, time remaining: 57s
Rendered 3775/5648, time remaining: 57s
Rendered 3776/5648, time remaining: 55s
Rendered 3777/5648, time remaining: 57s
Rendered 3778/5648, time remaining: 57s
Rendered 3779/5648, time remaining: 56s
Rendered 3780/5648, time remaining: 56s
Rendered 3781/5648, time remaining: 57s
Rendered 3782/5648, time remaining: 56s
Rendered 3783/5648, time remaining: 57s
Rendered 3784/5648, time remaining: 56s
Rendered 3785/5648, time remaining: 55s
Rendered 3786/5648, time remaining: 55s
Rendered 3787/5648, time remaining: 56s
Rendered 3788/5648, time remaining: 56s
Rendered 3789/5648, time remaining: 56s
Rendered 3790/5648, time remaining: 56s
Rendered 3791/5648, time remaining: 56s
Rendered 3792/5648, time remaining: 56s
Rendered 3793/5648, time remaining: 55s
Rendered 3794/5648, time remaining: 55s
Rendered 3795/5648, time remaining: 55s
Rendered 3796/5648, time remaining: 56s
Rendered 3797/5648, time remaining: 56s
Rendered 3798/5648, time remaining: 56s
Rendered 3799/5648, time remaining: 56s
Rendered 3800/5648, time remaining: 56s
Rendered 3801/5648, time remaining: 55s
Rendered 3802/5648, time remaining: 55s
Rendered 3803/5648, time remaining: 55s
Rendered 3804/5648, time remaining: 55s
Rendered 3805/5648, time remaining: 55s
Rendered 3806/5648, time remaining: 55s
Rendered 3807/5648, time remaining: 56s
Rendered 3808/5648, time remaining: 56s
Rendered 3809/5648, time remaining: 54s
Rendered 3810/5648, time remaining: 54s
Rendered 3811/5648, time remaining: 54s
Rendered 3812/5648, time remaining: 55s
Rendered 3813/5648, time remaining: 55s
Rendered 3814/5648, time remaining: 56s
Rendered 3815/5648, time remaining: 56s
Rendered 3816/5648, time remaining: 55s
Rendered 3817/5648, time remaining: 55s
Rendered 3818/5648, time remaining: 55s
Rendered 3819/5648, time remaining: 55s
Rendered 3820/5648, time remaining: 55s
Rendered 3821/5648, time remaining: 55s
Rendered 3822/5648, time remaining: 55s
Rendered 3823/5648, time remaining: 55s
Rendered 3824/5648, time remaining: 55s
Rendered 3825/5648, time remaining: 55s
Rendered 3826/5648, time remaining: 54s
Rendered 3827/5648, time remaining: 55s
Rendered 3828/5648, time remaining: 55s
Rendered 3829/5648, time remaining: 55s
Rendered 3830/5648, time remaining: 55s
Rendered 3831/5648, time remaining: 55s
Rendered 3832/5648, time remaining: 55s
Rendered 3833/5648, time remaining: 55s
Rendered 3834/5648, time remaining: 55s
Rendered 3835/5648, time remaining: 54s
Rendered 3836/5648, time remaining: 55s
Rendered 3837/5648, time remaining: 54s
Rendered 3838/5648, time remaining: 54s
Rendered 3839/5648, time remaining: 54s
Rendered 3840/5648, time remaining: 54s
Rendered 3841/5648, time remaining: 54s
Rendered 3842/5648, time remaining: 54s
Rendered 3843/5648, time remaining: 55s
Rendered 3844/5648, time remaining: 55s
Rendered 3845/5648, time remaining: 54s
Rendered 3846/5648, time remaining: 54s
Rendered 3847/5648, time remaining: 54s
Rendered 3848/5648, time remaining: 54s
Rendered 3849/5648, time remaining: 53s
Rendered 3850/5648, time remaining: 53s
Rendered 3851/5648, time remaining: 54s
Rendered 3852/5648, time remaining: 54s
Rendered 3853/5648, time remaining: 54s
Rendered 3854/5648, time remaining: 54s
Rendered 3855/5648, time remaining: 54s
Rendered 3856/5648, time remaining: 54s
Rendered 3857/5648, time remaining: 54s
Rendered 3858/5648, time remaining: 54s
Rendered 3859/5648, time remaining: 54s
Rendered 3860/5648, time remaining: 54s
Rendered 3861/5648, time remaining: 54s
Rendered 3862/5648, time remaining: 54s
Rendered 3863/5648, time remaining: 53s
Rendered 3864/5648, time remaining: 53s
Rendered 3865/5648, time remaining: 54s
Rendered 3866/5648, time remaining: 54s
Rendered 3867/5648, time remaining: 52s
Rendered 3868/5648, time remaining: 52s
Rendered 3869/5648, time remaining: 54s
Rendered 3870/5648, time remaining: 54s
Rendered 3871/5648, time remaining: 53s
Rendered 3872/5648, time remaining: 53s
Rendered 3873/5648, time remaining: 53s
Rendered 3874/5648, time remaining: 54s
Rendered 3875/5648, time remaining: 52s
Rendered 3876/5648, time remaining: 52s
Rendered 3877/5648, time remaining: 52s
Rendered 3878/5648, time remaining: 53s
Rendered 3879/5648, time remaining: 53s
Rendered 3880/5648, time remaining: 53s
Rendered 3881/5648, time remaining: 53s
Rendered 3882/5648, time remaining: 53s
Rendered 3883/5648, time remaining: 51s
Rendered 3884/5648, time remaining: 52s
Rendered 3885/5648, time remaining: 52s
Rendered 3886/5648, time remaining: 52s
Rendered 3887/5648, time remaining: 53s
Rendered 3888/5648, time remaining: 52s
Rendered 3889/5648, time remaining: 52s
Rendered 3890/5648, time remaining: 52s
Rendered 3891/5648, time remaining: 51s
Rendered 3892/5648, time remaining: 50s
Rendered 3893/5648, time remaining: 52s
Rendered 3894/5648, time remaining: 52s
Rendered 3895/5648, time remaining: 52s
Rendered 3896/5648, time remaining: 52s
Rendered 3897/5648, time remaining: 52s
Rendered 3898/5648, time remaining: 52s
Rendered 3899/5648, time remaining: 51s
Rendered 3900/5648, time remaining: 51s
Rendered 3901/5648, time remaining: 53s
Rendered 3902/5648, time remaining: 53s
Rendered 3903/5648, time remaining: 53s
Rendered 3904/5648, time remaining: 53s
Rendered 3905/5648, time remaining: 53s
Rendered 3906/5648, time remaining: 53s
Rendered 3907/5648, time remaining: 53s
Rendered 3908/5648, time remaining: 53s
Rendered 3909/5648, time remaining: 55s
Rendered 3910/5648, time remaining: 55s
Rendered 3911/5648, time remaining: 54s
Rendered 3912/5648, time remaining: 55s
Rendered 3913/5648, time remaining: 55s
Rendered 3914/5648, time remaining: 55s
Rendered 3915/5648, time remaining: 54s
Rendered 3916/5648, time remaining: 54s
Rendered 3917/5648, time remaining: 55s
Rendered 3918/5648, time remaining: 55s
Rendered 3919/5648, time remaining: 55s
Rendered 3920/5648, time remaining: 55s
Rendered 3921/5648, time remaining: 54s
Rendered 3922/5648, time remaining: 54s
Rendered 3923/5648, time remaining: 55s
Rendered 3924/5648, time remaining: 55s
Rendered 3925/5648, time remaining: 55s
Rendered 3926/5648, time remaining: 55s
Rendered 3927/5648, time remaining: 54s
Rendered 3928/5648, time remaining: 54s
Rendered 3929/5648, time remaining: 54s
Rendered 3930/5648, time remaining: 54s
Rendered 3931/5648, time remaining: 54s
Rendered 3932/5648, time remaining: 54s
Rendered 3933/5648, time remaining: 55s
Rendered 3934/5648, time remaining: 55s
Rendered 3935/5648, time remaining: 55s
Rendered 3936/5648, time remaining: 55s
Rendered 3937/5648, time remaining: 54s
Rendered 3938/5648, time remaining: 54s
Rendered 3939/5648, time remaining: 54s
Rendered 3940/5648, time remaining: 54s
Rendered 3941/5648, time remaining: 54s
Rendered 3942/5648, time remaining: 54s
Rendered 3943/5648, time remaining: 54s
Rendered 3944/5648, time remaining: 54s
Rendered 3945/5648, time remaining: 54s
Rendered 3946/5648, time remaining: 54s
Rendered 3947/5648, time remaining: 54s
Rendered 3948/5648, time remaining: 55s
Rendered 3949/5648, time remaining: 54s
Rendered 3950/5648, time remaining: 54s
Rendered 3951/5648, time remaining: 53s
Rendered 3952/5648, time remaining: 53s
Rendered 3953/5648, time remaining: 54s
Rendered 3954/5648, time remaining: 54s
Rendered 3955/5648, time remaining: 54s
Rendered 3956/5648, time remaining: 54s
Rendered 3957/5648, time remaining: 54s
Rendered 3958/5648, time remaining: 54s
Rendered 3959/5648, time remaining: 54s
Rendered 3960/5648, time remaining: 54s
Rendered 3961/5648, time remaining: 55s
Rendered 3962/5648, time remaining: 54s
Rendered 3963/5648, time remaining: 54s
Rendered 3964/5648, time remaining: 53s
Rendered 3965/5648, time remaining: 53s
Rendered 3966/5648, time remaining: 53s
Rendered 3967/5648, time remaining: 54s
Rendered 3968/5648, time remaining: 54s
Rendered 3969/5648, time remaining: 53s
Rendered 3970/5648, time remaining: 52s
Rendered 3971/5648, time remaining: 53s
Rendered 3972/5648, time remaining: 52s
Rendered 3973/5648, time remaining: 53s
Rendered 3974/5648, time remaining: 53s
Rendered 3975/5648, time remaining: 53s
Rendered 3976/5648, time remaining: 54s
Rendered 3977/5648, time remaining: 53s
Rendered 3978/5648, time remaining: 52s
Rendered 3979/5648, time remaining: 52s
Rendered 3980/5648, time remaining: 52s
Rendered 3981/5648, time remaining: 52s
Rendered 3982/5648, time remaining: 54s
Rendered 3983/5648, time remaining: 54s
Rendered 3984/5648, time remaining: 53s
Rendered 3985/5648, time remaining: 53s
Rendered 3986/5648, time remaining: 52s
Rendered 3987/5648, time remaining: 52s
Rendered 3988/5648, time remaining: 52s
Rendered 3989/5648, time remaining: 53s
Rendered 3990/5648, time remaining: 53s
Rendered 3991/5648, time remaining: 53s
Rendered 3992/5648, time remaining: 53s
Rendered 3993/5648, time remaining: 52s
Rendered 3994/5648, time remaining: 52s
Rendered 3995/5648, time remaining: 52s
Rendered 3996/5648, time remaining: 53s
Rendered 3997/5648, time remaining: 53s
Rendered 3998/5648, time remaining: 53s
Rendered 3999/5648, time remaining: 53s
Rendered 4000/5648, time remaining: 53s
Rendered 4001/5648, time remaining: 51s
Rendered 4002/5648, time remaining: 51s
Rendered 4003/5648, time remaining: 52s
Rendered 4004/5648, time remaining: 53s
Rendered 4005/5648, time remaining: 52s
Rendered 4006/5648, time remaining: 53s
Rendered 4007/5648, time remaining: 53s
Rendered 4008/5648, time remaining: 53s
Rendered 4009/5648, time remaining: 52s
Rendered 4010/5648, time remaining: 52s
Rendered 4011/5648, time remaining: 52s
Rendered 4012/5648, time remaining: 52s
Rendered 4013/5648, time remaining: 52s
Rendered 4014/5648, time remaining: 53s
Rendered 4015/5648, time remaining: 53s
Rendered 4016/5648, time remaining: 53s
Rendered 4017/5648, time remaining: 53s
Rendered 4018/5648, time remaining: 54s
Rendered 4019/5648, time remaining: 52s
Rendered 4020/5648, time remaining: 52s
Rendered 4021/5648, time remaining: 52s
Rendered 4022/5648, time remaining: 52s
Rendered 4023/5648, time remaining: 53s
Rendered 4024/5648, time remaining: 52s
Rendered 4025/5648, time remaining: 52s
Rendered 4026/5648, time remaining: 53s
Rendered 4027/5648, time remaining: 54s
Rendered 4028/5648, time remaining: 52s
Rendered 4029/5648, time remaining: 52s
Rendered 4030/5648, time remaining: 52s
Rendered 4031/5648, time remaining: 52s
Rendered 4032/5648, time remaining: 53s
Rendered 4033/5648, time remaining: 52s
Rendered 4034/5648, time remaining: 53s
Rendered 4035/5648, time remaining: 52s
Rendered 4036/5648, time remaining: 53s
Rendered 4037/5648, time remaining: 52s
Rendered 4038/5648, time remaining: 52s
Rendered 4039/5648, time remaining: 52s
Rendered 4040/5648, time remaining: 52s
Rendered 4041/5648, time remaining: 53s
Rendered 4042/5648, time remaining: 53s
Rendered 4043/5648, time remaining: 51s
Rendered 4044/5648, time remaining: 52s
Rendered 4045/5648, time remaining: 53s
Rendered 4046/5648, time remaining: 53s
Rendered 4047/5648, time remaining: 52s
Rendered 4048/5648, time remaining: 53s
Rendered 4049/5648, time remaining: 53s
Rendered 4050/5648, time remaining: 53s
Rendered 4051/5648, time remaining: 52s
Rendered 4052/5648, time remaining: 53s
Rendered 4053/5648, time remaining: 53s
Rendered 4054/5648, time remaining: 53s
Rendered 4055/5648, time remaining: 53s
Rendered 4056/5648, time remaining: 53s
Rendered 4057/5648, time remaining: 53s
Rendered 4058/5648, time remaining: 53s
Rendered 4059/5648, time remaining: 52s
Rendered 4060/5648, time remaining: 52s
Rendered 4061/5648, time remaining: 53s
Rendered 4062/5648, time remaining: 53s
Rendered 4063/5648, time remaining: 53s
Rendered 4064/5648, time remaining: 54s
Rendered 4065/5648, time remaining: 54s
Rendered 4066/5648, time remaining: 53s
Rendered 4067/5648, time remaining: 53s
Rendered 4068/5648, time remaining: 53s
Rendered 4069/5648, time remaining: 53s
Rendered 4070/5648, time remaining: 52s
Rendered 4071/5648, time remaining: 53s
Rendered 4072/5648, time remaining: 54s
Rendered 4073/5648, time remaining: 52s
Rendered 4074/5648, time remaining: 53s
Rendered 4075/5648, time remaining: 53s
Rendered 4076/5648, time remaining: 53s
Rendered 4077/5648, time remaining: 53s
Rendered 4078/5648, time remaining: 52s
Rendered 4079/5648, time remaining: 54s
Rendered 4080/5648, time remaining: 54s
Rendered 4081/5648, time remaining: 53s
Rendered 4082/5648, time remaining: 54s
Rendered 4083/5648, time remaining: 53s
Rendered 4084/5648, time remaining: 53s
Rendered 4085/5648, time remaining: 52s
Rendered 4086/5648, time remaining: 52s
Rendered 4087/5648, time remaining: 53s
Rendered 4088/5648, time remaining: 53s
Rendered 4089/5648, time remaining: 53s
Rendered 4090/5648, time remaining: 54s
Rendered 4091/5648, time remaining: 53s
Rendered 4092/5648, time remaining: 53s
Rendered 4093/5648, time remaining: 53s
Rendered 4094/5648, time remaining: 53s
Rendered 4095/5648, time remaining: 53s
Rendered 4096/5648, time remaining: 53s
Rendered 4097/5648, time remaining: 52s
Rendered 4098/5648, time remaining: 53s
Rendered 4099/5648, time remaining: 53s
Rendered 4100/5648, time remaining: 53s
Rendered 4101/5648, time remaining: 53s
Rendered 4102/5648, time remaining: 53s
Rendered 4103/5648, time remaining: 52s
Rendered 4104/5648, time remaining: 52s
Rendered 4105/5648, time remaining: 52s
Rendered 4106/5648, time remaining: 52s
Rendered 4107/5648, time remaining: 52s
Rendered 4108/5648, time remaining: 52s
Rendered 4109/5648, time remaining: 52s
Rendered 4110/5648, time remaining: 52s
Rendered 4111/5648, time remaining: 51s
Rendered 4112/5648, time remaining: 51s
Rendered 4113/5648, time remaining: 52s
Rendered 4114/5648, time remaining: 52s
Rendered 4115/5648, time remaining: 52s
Rendered 4116/5648, time remaining: 52s
Rendered 4117/5648, time remaining: 52s
Rendered 4118/5648, time remaining: 52s
Rendered 4119/5648, time remaining: 52s
Rendered 4120/5648, time remaining: 52s
Rendered 4121/5648, time remaining: 51s
Rendered 4122/5648, time remaining: 52s
Rendered 4123/5648, time remaining: 52s
Rendered 4124/5648, time remaining: 52s
Rendered 4125/5648, time remaining: 52s
Rendered 4126/5648, time remaining: 51s
Rendered 4127/5648, time remaining: 51s
Rendered 4128/5648, time remaining: 51s
Rendered 4129/5648, time remaining: 52s
Rendered 4130/5648, time remaining: 52s
Rendered 4131/5648, time remaining: 52s
Rendered 4132/5648, time remaining: 51s
Rendered 4133/5648, time remaining: 52s
Rendered 4134/5648, time remaining: 52s
Rendered 4135/5648, time remaining: 51s
Rendered 4136/5648, time remaining: 51s
Rendered 4137/5648, time remaining: 51s
Rendered 4138/5648, time remaining: 52s
Rendered 4139/5648, time remaining: 50s
Rendered 4140/5648, time remaining: 50s
Rendered 4141/5648, time remaining: 51s
Rendered 4142/5648, time remaining: 51s
Rendered 4143/5648, time remaining: 51s
Rendered 4144/5648, time remaining: 51s
Rendered 4145/5648, time remaining: 51s
Rendered 4146/5648, time remaining: 50s
Rendered 4147/5648, time remaining: 50s
Rendered 4148/5648, time remaining: 49s
Rendered 4149/5648, time remaining: 50s
Rendered 4150/5648, time remaining: 51s
Rendered 4151/5648, time remaining: 51s
Rendered 4152/5648, time remaining: 51s
Rendered 4153/5648, time remaining: 50s
Rendered 4154/5648, time remaining: 50s
Rendered 4155/5648, time remaining: 50s
Rendered 4156/5648, time remaining: 49s
Rendered 4157/5648, time remaining: 50s
Rendered 4158/5648, time remaining: 50s
Rendered 4159/5648, time remaining: 50s
Rendered 4160/5648, time remaining: 50s
Rendered 4161/5648, time remaining: 50s
Rendered 4162/5648, time remaining: 49s
Rendered 4163/5648, time remaining: 49s
Rendered 4164/5648, time remaining: 49s
Rendered 4165/5648, time remaining: 49s
Rendered 4166/5648, time remaining: 49s
Rendered 4167/5648, time remaining: 50s
Rendered 4168/5648, time remaining: 49s
Rendered 4169/5648, time remaining: 49s
Rendered 4170/5648, time remaining: 49s
Rendered 4171/5648, time remaining: 49s
Rendered 4172/5648, time remaining: 49s
Rendered 4173/5648, time remaining: 49s
Rendered 4174/5648, time remaining: 50s
Rendered 4175/5648, time remaining: 50s
Rendered 4176/5648, time remaining: 48s
Rendered 4177/5648, time remaining: 48s
Rendered 4178/5648, time remaining: 49s
Rendered 4179/5648, time remaining: 49s
Rendered 4180/5648, time remaining: 49s
Rendered 4181/5648, time remaining: 49s
Rendered 4182/5648, time remaining: 49s
Rendered 4183/5648, time remaining: 49s
Rendered 4184/5648, time remaining: 48s
Rendered 4185/5648, time remaining: 48s
Rendered 4186/5648, time remaining: 49s
Rendered 4187/5648, time remaining: 49s
Rendered 4188/5648, time remaining: 48s
Rendered 4189/5648, time remaining: 48s
Rendered 4190/5648, time remaining: 48s
Rendered 4191/5648, time remaining: 48s
Rendered 4192/5648, time remaining: 48s
Rendered 4193/5648, time remaining: 48s
Rendered 4194/5648, time remaining: 48s
Rendered 4195/5648, time remaining: 48s
Rendered 4196/5648, time remaining: 48s
Rendered 4197/5648, time remaining: 48s
Rendered 4198/5648, time remaining: 48s
Rendered 4199/5648, time remaining: 48s
Rendered 4200/5648, time remaining: 48s
Rendered 4201/5648, time remaining: 47s
Rendered 4202/5648, time remaining: 46s
Rendered 4203/5648, time remaining: 47s
Rendered 4204/5648, time remaining: 47s
Rendered 4205/5648, time remaining: 47s
Rendered 4206/5648, time remaining: 47s
Rendered 4207/5648, time remaining: 47s
Rendered 4208/5648, time remaining: 47s
Rendered 4209/5648, time remaining: 47s
Rendered 4210/5648, time remaining: 47s
Rendered 4211/5648, time remaining: 46s
Rendered 4212/5648, time remaining: 47s
Rendered 4213/5648, time remaining: 47s
Rendered 4214/5648, time remaining: 46s
Rendered 4215/5648, time remaining: 46s
Rendered 4216/5648, time remaining: 46s
Rendered 4217/5648, time remaining: 47s
Rendered 4218/5648, time remaining: 46s
Rendered 4219/5648, time remaining: 46s
Rendered 4220/5648, time remaining: 47s
Rendered 4221/5648, time remaining: 46s
Rendered 4222/5648, time remaining: 45s
Rendered 4223/5648, time remaining: 45s
Rendered 4224/5648, time remaining: 45s
Rendered 4225/5648, time remaining: 46s
Rendered 4226/5648, time remaining: 46s
Rendered 4227/5648, time remaining: 46s
Rendered 4228/5648, time remaining: 46s
Rendered 4229/5648, time remaining: 45s
Rendered 4230/5648, time remaining: 45s
Rendered 4231/5648, time remaining: 45s
Rendered 4232/5648, time remaining: 44s
Rendered 4233/5648, time remaining: 44s
Rendered 4234/5648, time remaining: 46s
Rendered 4235/5648, time remaining: 46s
Rendered 4236/5648, time remaining: 46s
Rendered 4237/5648, time remaining: 45s
Rendered 4238/5648, time remaining: 45s
Rendered 4239/5648, time remaining: 45s
Rendered 4240/5648, time remaining: 44s
Rendered 4241/5648, time remaining: 45s
Rendered 4242/5648, time remaining: 45s
Rendered 4243/5648, time remaining: 45s
Rendered 4244/5648, time remaining: 45s
Rendered 4245/5648, time remaining: 45s
Rendered 4246/5648, time remaining: 45s
Rendered 4247/5648, time remaining: 45s
Rendered 4248/5648, time remaining: 44s
Rendered 4249/5648, time remaining: 44s
Rendered 4250/5648, time remaining: 44s
Rendered 4251/5648, time remaining: 44s
Rendered 4252/5648, time remaining: 45s
Rendered 4253/5648, time remaining: 45s
Rendered 4254/5648, time remaining: 45s
Rendered 4255/5648, time remaining: 45s
Rendered 4256/5648, time remaining: 45s
Rendered 4257/5648, time remaining: 45s
Rendered 4258/5648, time remaining: 45s
Rendered 4259/5648, time remaining: 44s
Rendered 4260/5648, time remaining: 44s
Rendered 4261/5648, time remaining: 45s
Rendered 4262/5648, time remaining: 45s
Rendered 4263/5648, time remaining: 44s
Rendered 4264/5648, time remaining: 44s
Rendered 4265/5648, time remaining: 43s
Rendered 4266/5648, time remaining: 44s
Rendered 4267/5648, time remaining: 43s
Rendered 4268/5648, time remaining: 43s
Rendered 4269/5648, time remaining: 45s
Rendered 4270/5648, time remaining: 45s
Rendered 4271/5648, time remaining: 44s
Rendered 4272/5648, time remaining: 44s
Rendered 4273/5648, time remaining: 44s
Rendered 4274/5648, time remaining: 44s
Rendered 4275/5648, time remaining: 44s
Rendered 4276/5648, time remaining: 43s
Rendered 4277/5648, time remaining: 44s
Rendered 4278/5648, time remaining: 44s
Rendered 4279/5648, time remaining: 44s
Rendered 4280/5648, time remaining: 44s
Rendered 4281/5648, time remaining: 43s
Rendered 4282/5648, time remaining: 43s
Rendered 4283/5648, time remaining: 43s
Rendered 4284/5648, time remaining: 43s
Rendered 4285/5648, time remaining: 43s
Rendered 4286/5648, time remaining: 43s
Rendered 4287/5648, time remaining: 44s
Rendered 4288/5648, time remaining: 43s
Rendered 4289/5648, time remaining: 43s
Rendered 4290/5648, time remaining: 44s
Rendered 4291/5648, time remaining: 43s
Rendered 4292/5648, time remaining: 43s
Rendered 4293/5648, time remaining: 43s
Rendered 4294/5648, time remaining: 43s
Rendered 4295/5648, time remaining: 43s
Rendered 4296/5648, time remaining: 42s
Rendered 4297/5648, time remaining: 42s
Rendered 4298/5648, time remaining: 44s
Rendered 4299/5648, time remaining: 43s
Rendered 4300/5648, time remaining: 42s
Rendered 4301/5648, time remaining: 43s
Rendered 4302/5648, time remaining: 43s
Rendered 4303/5648, time remaining: 43s
Rendered 4304/5648, time remaining: 43s
Rendered 4305/5648, time remaining: 43s
Rendered 4306/5648, time remaining: 43s
Rendered 4307/5648, time remaining: 42s
Rendered 4308/5648, time remaining: 43s
Rendered 4309/5648, time remaining: 42s
Rendered 4310/5648, time remaining: 42s
Rendered 4311/5648, time remaining: 42s
Rendered 4312/5648, time remaining: 42s
Rendered 4313/5648, time remaining: 43s
Rendered 4314/5648, time remaining: 42s
Rendered 4315/5648, time remaining: 41s
Rendered 4316/5648, time remaining: 42s
Rendered 4317/5648, time remaining: 42s
Rendered 4318/5648, time remaining: 42s
Rendered 4319/5648, time remaining: 43s
Rendered 4320/5648, time remaining: 43s
Rendered 4321/5648, time remaining: 43s
Rendered 4322/5648, time remaining: 42s
Rendered 4323/5648, time remaining: 42s
Rendered 4324/5648, time remaining: 42s
Rendered 4325/5648, time remaining: 42s
Rendered 4326/5648, time remaining: 42s
Rendered 4327/5648, time remaining: 42s
Rendered 4328/5648, time remaining: 42s
Rendered 4329/5648, time remaining: 42s
Rendered 4330/5648, time remaining: 42s
Rendered 4331/5648, time remaining: 41s
Rendered 4332/5648, time remaining: 42s
Rendered 4333/5648, time remaining: 42s
Rendered 4334/5648, time remaining: 42s
Rendered 4335/5648, time remaining: 42s
Rendered 4336/5648, time remaining: 41s
Rendered 4337/5648, time remaining: 41s
Rendered 4338/5648, time remaining: 41s
Rendered 4339/5648, time remaining: 41s
Rendered 4340/5648, time remaining: 42s
Rendered 4341/5648, time remaining: 42s
Rendered 4342/5648, time remaining: 42s
Rendered 4343/5648, time remaining: 42s
Rendered 4344/5648, time remaining: 41s
Rendered 4345/5648, time remaining: 41s
Rendered 4346/5648, time remaining: 40s
Rendered 4347/5648, time remaining: 41s
Rendered 4348/5648, time remaining: 41s
Rendered 4349/5648, time remaining: 41s
Rendered 4350/5648, time remaining: 41s
Rendered 4351/5648, time remaining: 42s
Rendered 4352/5648, time remaining: 42s
Rendered 4353/5648, time remaining: 40s
Rendered 4354/5648, time remaining: 40s
Rendered 4355/5648, time remaining: 40s
Rendered 4356/5648, time remaining: 41s
Rendered 4357/5648, time remaining: 41s
Rendered 4358/5648, time remaining: 41s
Rendered 4359/5648, time remaining: 41s
Rendered 4360/5648, time remaining: 40s
Rendered 4361/5648, time remaining: 41s
Rendered 4362/5648, time remaining: 40s
Rendered 4363/5648, time remaining: 40s
Rendered 4364/5648, time remaining: 41s
Rendered 4365/5648, time remaining: 41s
Rendered 4366/5648, time remaining: 41s
Rendered 4367/5648, time remaining: 40s
Rendered 4368/5648, time remaining: 40s
Rendered 4369/5648, time remaining: 40s
Rendered 4370/5648, time remaining: 40s
Rendered 4371/5648, time remaining: 40s
Rendered 4372/5648, time remaining: 40s
Rendered 4373/5648, time remaining: 40s
Rendered 4374/5648, time remaining: 41s
Rendered 4375/5648, time remaining: 40s
Rendered 4376/5648, time remaining: 40s
Rendered 4377/5648, time remaining: 40s
Rendered 4378/5648, time remaining: 40s
Rendered 4379/5648, time remaining: 40s
Rendered 4380/5648, time remaining: 40s
Rendered 4381/5648, time remaining: 40s
Rendered 4382/5648, time remaining: 41s
Rendered 4383/5648, time remaining: 40s
Rendered 4384/5648, time remaining: 39s
Rendered 4385/5648, time remaining: 39s
Rendered 4386/5648, time remaining: 39s
Rendered 4387/5648, time remaining: 39s
Rendered 4388/5648, time remaining: 39s
Rendered 4389/5648, time remaining: 39s
Rendered 4390/5648, time remaining: 41s
Rendered 4391/5648, time remaining: 40s
Rendered 4392/5648, time remaining: 40s
Rendered 4393/5648, time remaining: 39s
Rendered 4394/5648, time remaining: 39s
Rendered 4395/5648, time remaining: 39s
Rendered 4396/5648, time remaining: 39s
Rendered 4397/5648, time remaining: 39s
Rendered 4398/5648, time remaining: 40s
Rendered 4399/5648, time remaining: 40s
Rendered 4400/5648, time remaining: 40s
Rendered 4401/5648, time remaining: 40s
Rendered 4402/5648, time remaining: 39s
Rendered 4403/5648, time remaining: 39s
Rendered 4404/5648, time remaining: 39s
Rendered 4405/5648, time remaining: 39s
Rendered 4406/5648, time remaining: 39s
Rendered 4407/5648, time remaining: 39s
Rendered 4408/5648, time remaining: 40s
Rendered 4409/5648, time remaining: 40s
Rendered 4410/5648, time remaining: 40s
Rendered 4411/5648, time remaining: 39s
Rendered 4412/5648, time remaining: 39s
Rendered 4413/5648, time remaining: 39s
Rendered 4414/5648, time remaining: 40s
Rendered 4415/5648, time remaining: 39s
Rendered 4416/5648, time remaining: 40s
Rendered 4417/5648, time remaining: 40s
Rendered 4418/5648, time remaining: 40s
Rendered 4419/5648, time remaining: 39s
Rendered 4420/5648, time remaining: 39s
Rendered 4421/5648, time remaining: 39s
Rendered 4422/5648, time remaining: 39s
Rendered 4423/5648, time remaining: 39s
Rendered 4424/5648, time remaining: 40s
Rendered 4425/5648, time remaining: 40s
Rendered 4426/5648, time remaining: 40s
Rendered 4427/5648, time remaining: 40s
Rendered 4428/5648, time remaining: 39s
Rendered 4429/5648, time remaining: 39s
Rendered 4430/5648, time remaining: 39s
Rendered 4431/5648, time remaining: 39s
Rendered 4432/5648, time remaining: 40s
Rendered 4433/5648, time remaining: 39s
Rendered 4434/5648, time remaining: 40s
Rendered 4435/5648, time remaining: 40s
Rendered 4436/5648, time remaining: 40s
Rendered 4437/5648, time remaining: 39s
Rendered 4438/5648, time remaining: 39s
Rendered 4439/5648, time remaining: 39s
Rendered 4440/5648, time remaining: 39s
Rendered 4441/5648, time remaining: 39s
Rendered 4442/5648, time remaining: 39s
Rendered 4443/5648, time remaining: 39s
Rendered 4444/5648, time remaining: 39s
Rendered 4445/5648, time remaining: 39s
Rendered 4446/5648, time remaining: 39s
Rendered 4447/5648, time remaining: 39s
Rendered 4448/5648, time remaining: 38s
Rendered 4449/5648, time remaining: 38s
Rendered 4450/5648, time remaining: 39s
Rendered 4451/5648, time remaining: 39s
Rendered 4452/5648, time remaining: 39s
Rendered 4453/5648, time remaining: 39s
Rendered 4454/5648, time remaining: 39s
Rendered 4455/5648, time remaining: 38s
Rendered 4456/5648, time remaining: 38s
Rendered 4457/5648, time remaining: 39s
Rendered 4458/5648, time remaining: 39s
Rendered 4459/5648, time remaining: 38s
Rendered 4460/5648, time remaining: 39s
Rendered 4461/5648, time remaining: 39s
Rendered 4462/5648, time remaining: 39s
Rendered 4463/5648, time remaining: 38s
Rendered 4464/5648, time remaining: 38s
Rendered 4465/5648, time remaining: 38s
Rendered 4466/5648, time remaining: 38s
Rendered 4467/5648, time remaining: 39s
Rendered 4468/5648, time remaining: 39s
Rendered 4469/5648, time remaining: 38s
Rendered 4470/5648, time remaining: 38s
Rendered 4471/5648, time remaining: 38s
Rendered 4472/5648, time remaining: 38s
Rendered 4473/5648, time remaining: 39s
Rendered 4474/5648, time remaining: 38s
Rendered 4475/5648, time remaining: 38s
Rendered 4476/5648, time remaining: 38s
Rendered 4477/5648, time remaining: 38s
Rendered 4478/5648, time remaining: 38s
Rendered 4479/5648, time remaining: 38s
Rendered 4480/5648, time remaining: 38s
Rendered 4481/5648, time remaining: 39s
Rendered 4482/5648, time remaining: 37s
Rendered 4483/5648, time remaining: 37s
Rendered 4484/5648, time remaining: 37s
Rendered 4485/5648, time remaining: 38s
Rendered 4486/5648, time remaining: 38s
Rendered 4487/5648, time remaining: 38s
Rendered 4488/5648, time remaining: 38s
Rendered 4489/5648, time remaining: 38s
Rendered 4490/5648, time remaining: 37s
Rendered 4491/5648, time remaining: 37s
Rendered 4492/5648, time remaining: 38s
Rendered 4493/5648, time remaining: 38s
Rendered 4494/5648, time remaining: 37s
Rendered 4495/5648, time remaining: 38s
Rendered 4496/5648, time remaining: 38s
Rendered 4497/5648, time remaining: 37s
Rendered 4498/5648, time remaining: 37s
Rendered 4499/5648, time remaining: 37s
Rendered 4500/5648, time remaining: 37s
Rendered 4501/5648, time remaining: 37s
Rendered 4502/5648, time remaining: 37s
Rendered 4503/5648, time remaining: 38s
Rendered 4504/5648, time remaining: 38s
Rendered 4505/5648, time remaining: 37s
Rendered 4506/5648, time remaining: 37s
Rendered 4507/5648, time remaining: 37s
Rendered 4508/5648, time remaining: 38s
Rendered 4509/5648, time remaining: 37s
Rendered 4510/5648, time remaining: 37s
Rendered 4511/5648, time remaining: 37s
Rendered 4512/5648, time remaining: 37s
Rendered 4513/5648, time remaining: 37s
Rendered 4514/5648, time remaining: 37s
Rendered 4515/5648, time remaining: 36s
Rendered 4516/5648, time remaining: 37s
Rendered 4517/5648, time remaining: 37s
Rendered 4518/5648, time remaining: 37s
Rendered 4519/5648, time remaining: 37s
Rendered 4520/5648, time remaining: 37s
Rendered 4521/5648, time remaining: 37s
Rendered 4522/5648, time remaining: 37s
Rendered 4523/5648, time remaining: 37s
Rendered 4524/5648, time remaining: 37s
Rendered 4525/5648, time remaining: 36s
Rendered 4526/5648, time remaining: 36s
Rendered 4527/5648, time remaining: 37s
Rendered 4528/5648, time remaining: 36s
Rendered 4529/5648, time remaining: 36s
Rendered 4530/5648, time remaining: 37s
Rendered 4531/5648, time remaining: 37s
Rendered 4532/5648, time remaining: 37s
Rendered 4533/5648, time remaining: 36s
Rendered 4534/5648, time remaining: 36s
Rendered 4535/5648, time remaining: 36s
Rendered 4536/5648, time remaining: 36s
Rendered 4537/5648, time remaining: 36s
Rendered 4538/5648, time remaining: 37s
Rendered 4539/5648, time remaining: 37s
Rendered 4540/5648, time remaining: 35s
Rendered 4541/5648, time remaining: 36s
Rendered 4542/5648, time remaining: 36s
Rendered 4543/5648, time remaining: 35s
Rendered 4544/5648, time remaining: 36s
Rendered 4545/5648, time remaining: 36s
Rendered 4546/5648, time remaining: 37s
Rendered 4547/5648, time remaining: 36s
Rendered 4548/5648, time remaining: 35s
Rendered 4549/5648, time remaining: 35s
Rendered 4550/5648, time remaining: 35s
Rendered 4551/5648, time remaining: 35s
Rendered 4552/5648, time remaining: 36s
Rendered 4553/5648, time remaining: 36s
Rendered 4554/5648, time remaining: 36s
Rendered 4555/5648, time remaining: 36s
Rendered 4556/5648, time remaining: 35s
Rendered 4557/5648, time remaining: 35s
Rendered 4558/5648, time remaining: 35s
Rendered 4559/5648, time remaining: 35s
Rendered 4560/5648, time remaining: 35s
Rendered 4561/5648, time remaining: 35s
Rendered 4562/5648, time remaining: 35s
Rendered 4563/5648, time remaining: 35s
Rendered 4564/5648, time remaining: 35s
Rendered 4565/5648, time remaining: 35s
Rendered 4566/5648, time remaining: 34s
Rendered 4567/5648, time remaining: 34s
Rendered 4568/5648, time remaining: 34s
Rendered 4569/5648, time remaining: 34s
Rendered 4570/5648, time remaining: 34s
Rendered 4571/5648, time remaining: 35s
Rendered 4572/5648, time remaining: 35s
Rendered 4573/5648, time remaining: 35s
Rendered 4574/5648, time remaining: 34s
Rendered 4575/5648, time remaining: 34s
Rendered 4576/5648, time remaining: 34s
Rendered 4577/5648, time remaining: 33s
Rendered 4578/5648, time remaining: 34s
Rendered 4579/5648, time remaining: 35s
Rendered 4580/5648, time remaining: 35s
Rendered 4581/5648, time remaining: 35s
Rendered 4582/5648, time remaining: 34s
Rendered 4583/5648, time remaining: 34s
Rendered 4584/5648, time remaining: 34s
Rendered 4585/5648, time remaining: 34s
Rendered 4586/5648, time remaining: 34s
Rendered 4587/5648, time remaining: 34s
Rendered 4588/5648, time remaining: 34s
Rendered 4589/5648, time remaining: 34s
Rendered 4590/5648, time remaining: 35s
Rendered 4591/5648, time remaining: 34s
Rendered 4592/5648, time remaining: 33s
Rendered 4593/5648, time remaining: 33s
Rendered 4594/5648, time remaining: 33s
Rendered 4595/5648, time remaining: 34s
Rendered 4596/5648, time remaining: 34s
Rendered 4597/5648, time remaining: 34s
Rendered 4598/5648, time remaining: 34s
Rendered 4599/5648, time remaining: 34s
Rendered 4600/5648, time remaining: 33s
Rendered 4601/5648, time remaining: 33s
Rendered 4602/5648, time remaining: 33s
Rendered 4603/5648, time remaining: 33s
Rendered 4604/5648, time remaining: 33s
Rendered 4605/5648, time remaining: 33s
Rendered 4606/5648, time remaining: 34s
Rendered 4607/5648, time remaining: 33s
Rendered 4608/5648, time remaining: 33s
Rendered 4609/5648, time remaining: 33s
Rendered 4610/5648, time remaining: 33s
Rendered 4611/5648, time remaining: 33s
Rendered 4612/5648, time remaining: 33s
Rendered 4613/5648, time remaining: 34s
Rendered 4614/5648, time remaining: 33s
Rendered 4615/5648, time remaining: 33s
Rendered 4616/5648, time remaining: 33s
Rendered 4617/5648, time remaining: 33s
Rendered 4618/5648, time remaining: 33s
Rendered 4619/5648, time remaining: 32s
Rendered 4620/5648, time remaining: 32s
Rendered 4621/5648, time remaining: 33s
Rendered 4622/5648, time remaining: 33s
Rendered 4623/5648, time remaining: 32s
Rendered 4624/5648, time remaining: 32s
Rendered 4625/5648, time remaining: 32s
Rendered 4626/5648, time remaining: 33s
Rendered 4627/5648, time remaining: 33s
Rendered 4628/5648, time remaining: 32s
Rendered 4629/5648, time remaining: 33s
Rendered 4630/5648, time remaining: 32s
Rendered 4631/5648, time remaining: 33s
Rendered 4632/5648, time remaining: 33s
Rendered 4633/5648, time remaining: 33s
Rendered 4634/5648, time remaining: 33s
Rendered 4635/5648, time remaining: 32s
Rendered 4636/5648, time remaining: 32s
Rendered 4637/5648, time remaining: 32s
Rendered 4638/5648, time remaining: 32s
Rendered 4639/5648, time remaining: 32s
Rendered 4640/5648, time remaining: 32s
Rendered 4641/5648, time remaining: 33s
Rendered 4642/5648, time remaining: 32s
Rendered 4643/5648, time remaining: 32s
Rendered 4644/5648, time remaining: 32s
Rendered 4645/5648, time remaining: 32s
Rendered 4646/5648, time remaining: 32s
Rendered 4647/5648, time remaining: 32s
Rendered 4648/5648, time remaining: 32s
Rendered 4649/5648, time remaining: 32s
Rendered 4650/5648, time remaining: 32s
Rendered 4651/5648, time remaining: 32s
Rendered 4652/5648, time remaining: 32s
Rendered 4653/5648, time remaining: 31s
Rendered 4654/5648, time remaining: 32s
Rendered 4655/5648, time remaining: 32s
Rendered 4656/5648, time remaining: 32s
Rendered 4657/5648, time remaining: 32s
Rendered 4658/5648, time remaining: 31s
Rendered 4659/5648, time remaining: 32s
Rendered 4660/5648, time remaining: 31s
Rendered 4661/5648, time remaining: 31s
Rendered 4662/5648, time remaining: 32s
Rendered 4663/5648, time remaining: 32s
Rendered 4664/5648, time remaining: 32s
Rendered 4665/5648, time remaining: 32s
Rendered 4666/5648, time remaining: 31s
Rendered 4667/5648, time remaining: 31s
Rendered 4668/5648, time remaining: 31s
Rendered 4669/5648, time remaining: 31s
Rendered 4670/5648, time remaining: 31s
Rendered 4671/5648, time remaining: 31s
Rendered 4672/5648, time remaining: 31s
Rendered 4673/5648, time remaining: 30s
Rendered 4674/5648, time remaining: 31s
Rendered 4675/5648, time remaining: 31s
Rendered 4676/5648, time remaining: 31s
Rendered 4677/5648, time remaining: 31s
Rendered 4678/5648, time remaining: 31s
Rendered 4679/5648, time remaining: 31s
Rendered 4680/5648, time remaining: 31s
Rendered 4681/5648, time remaining: 31s
Rendered 4682/5648, time remaining: 31s
Rendered 4683/5648, time remaining: 31s
Rendered 4684/5648, time remaining: 31s
Rendered 4685/5648, time remaining: 31s
Rendered 4686/5648, time remaining: 31s
Rendered 4687/5648, time remaining: 31s
Rendered 4688/5648, time remaining: 31s
Rendered 4689/5648, time remaining: 31s
Rendered 4690/5648, time remaining: 31s
Rendered 4691/5648, time remaining: 31s
Rendered 4692/5648, time remaining: 31s
Rendered 4693/5648, time remaining: 31s
Rendered 4694/5648, time remaining: 30s
Rendered 4695/5648, time remaining: 31s
Rendered 4696/5648, time remaining: 31s
Rendered 4697/5648, time remaining: 31s
Rendered 4698/5648, time remaining: 31s
Rendered 4699/5648, time remaining: 31s
Rendered 4700/5648, time remaining: 31s
Rendered 4701/5648, time remaining: 30s
Rendered 4702/5648, time remaining: 30s
Rendered 4703/5648, time remaining: 30s
Rendered 4704/5648, time remaining: 31s
Rendered 4705/5648, time remaining: 31s
Rendered 4706/5648, time remaining: 30s
Rendered 4707/5648, time remaining: 30s
Rendered 4708/5648, time remaining: 30s
Rendered 4709/5648, time remaining: 30s
Rendered 4710/5648, time remaining: 30s
Rendered 4711/5648, time remaining: 31s
Rendered 4712/5648, time remaining: 31s
Rendered 4713/5648, time remaining: 30s
Rendered 4714/5648, time remaining: 30s
Rendered 4715/5648, time remaining: 30s
Rendered 4716/5648, time remaining: 31s
Rendered 4717/5648, time remaining: 30s
Rendered 4718/5648, time remaining: 30s
Rendered 4719/5648, time remaining: 31s
Rendered 4720/5648, time remaining: 31s
Rendered 4721/5648, time remaining: 30s
Rendered 4722/5648, time remaining: 30s
Rendered 4723/5648, time remaining: 30s
Rendered 4724/5648, time remaining: 30s
Rendered 4725/5648, time remaining: 30s
Rendered 4726/5648, time remaining: 30s
Rendered 4727/5648, time remaining: 30s
Rendered 4728/5648, time remaining: 30s
Rendered 4729/5648, time remaining: 29s
Rendered 4730/5648, time remaining: 29s
Rendered 4731/5648, time remaining: 29s
Rendered 4732/5648, time remaining: 30s
Rendered 4733/5648, time remaining: 30s
Rendered 4734/5648, time remaining: 30s
Rendered 4735/5648, time remaining: 30s
Rendered 4736/5648, time remaining: 30s
Rendered 4737/5648, time remaining: 30s
Rendered 4738/5648, time remaining: 30s
Rendered 4739/5648, time remaining: 29s
Rendered 4740/5648, time remaining: 29s
Rendered 4741/5648, time remaining: 29s
Rendered 4742/5648, time remaining: 29s
Rendered 4743/5648, time remaining: 29s
Rendered 4744/5648, time remaining: 30s
Rendered 4745/5648, time remaining: 29s
Rendered 4746/5648, time remaining: 29s
Rendered 4747/5648, time remaining: 29s
Rendered 4748/5648, time remaining: 29s
Rendered 4749/5648, time remaining: 29s
Rendered 4750/5648, time remaining: 29s
Rendered 4751/5648, time remaining: 29s
Rendered 4752/5648, time remaining: 29s
Rendered 4753/5648, time remaining: 29s
Rendered 4754/5648, time remaining: 29s
Rendered 4755/5648, time remaining: 29s
Rendered 4756/5648, time remaining: 29s
Rendered 4757/5648, time remaining: 29s
Rendered 4758/5648, time remaining: 29s
Rendered 4759/5648, time remaining: 29s
Rendered 4760/5648, time remaining: 29s
Rendered 4761/5648, time remaining: 28s
Rendered 4762/5648, time remaining: 29s
Rendered 4763/5648, time remaining: 29s
Rendered 4764/5648, time remaining: 29s
Rendered 4765/5648, time remaining: 29s
Rendered 4766/5648, time remaining: 29s
Rendered 4767/5648, time remaining: 29s
Rendered 4768/5648, time remaining: 29s
Rendered 4769/5648, time remaining: 29s
Rendered 4770/5648, time remaining: 29s
Rendered 4771/5648, time remaining: 29s
Rendered 4772/5648, time remaining: 29s
Rendered 4773/5648, time remaining: 28s
Rendered 4774/5648, time remaining: 29s
Rendered 4775/5648, time remaining: 29s
Rendered 4776/5648, time remaining: 28s
Rendered 4777/5648, time remaining: 28s
Rendered 4778/5648, time remaining: 28s
Rendered 4779/5648, time remaining: 28s
Rendered 4780/5648, time remaining: 28s
Rendered 4781/5648, time remaining: 28s
Rendered 4782/5648, time remaining: 28s
Rendered 4783/5648, time remaining: 28s
Rendered 4784/5648, time remaining: 28s
Rendered 4785/5648, time remaining: 28s
Rendered 4786/5648, time remaining: 28s
Rendered 4787/5648, time remaining: 28s
Rendered 4788/5648, time remaining: 28s
Rendered 4789/5648, time remaining: 28s
Rendered 4790/5648, time remaining: 28s
Rendered 4791/5648, time remaining: 28s
Rendered 4792/5648, time remaining: 28s
Rendered 4793/5648, time remaining: 28s
Rendered 4794/5648, time remaining: 28s
Rendered 4795/5648, time remaining: 28s
Rendered 4796/5648, time remaining: 28s
Rendered 4797/5648, time remaining: 28s
Rendered 4798/5648, time remaining: 28s
Rendered 4799/5648, time remaining: 28s
Rendered 4800/5648, time remaining: 28s
Rendered 4801/5648, time remaining: 28s
Rendered 4802/5648, time remaining: 28s
Rendered 4803/5648, time remaining: 28s
Rendered 4804/5648, time remaining: 28s
Rendered 4805/5648, time remaining: 27s
Rendered 4806/5648, time remaining: 27s
Rendered 4807/5648, time remaining: 28s
Rendered 4808/5648, time remaining: 28s
Rendered 4809/5648, time remaining: 27s
Rendered 4810/5648, time remaining: 27s
Rendered 4811/5648, time remaining: 27s
Rendered 4812/5648, time remaining: 27s
Rendered 4813/5648, time remaining: 27s
Rendered 4814/5648, time remaining: 27s
Rendered 4815/5648, time remaining: 27s
Rendered 4816/5648, time remaining: 27s
Rendered 4817/5648, time remaining: 27s
Rendered 4818/5648, time remaining: 27s
Rendered 4819/5648, time remaining: 27s
Rendered 4820/5648, time remaining: 27s
Rendered 4821/5648, time remaining: 27s
Rendered 4822/5648, time remaining: 28s
Rendered 4823/5648, time remaining: 28s
Rendered 4824/5648, time remaining: 26s
Rendered 4825/5648, time remaining: 26s
Rendered 4826/5648, time remaining: 27s
Rendered 4827/5648, time remaining: 27s
Rendered 4828/5648, time remaining: 27s
Rendered 4829/5648, time remaining: 26s
Rendered 4830/5648, time remaining: 26s
Rendered 4831/5648, time remaining: 26s
Rendered 4832/5648, time remaining: 26s
Rendered 4833/5648, time remaining: 26s
Rendered 4834/5648, time remaining: 26s
Rendered 4835/5648, time remaining: 26s
Rendered 4836/5648, time remaining: 26s
Rendered 4837/5648, time remaining: 26s
Rendered 4838/5648, time remaining: 25s
Rendered 4839/5648, time remaining: 25s
Rendered 4840/5648, time remaining: 25s
Rendered 4841/5648, time remaining: 25s
Rendered 4842/5648, time remaining: 25s
Rendered 4843/5648, time remaining: 25s
Rendered 4844/5648, time remaining: 24s
Rendered 4845/5648, time remaining: 25s
Rendered 4846/5648, time remaining: 24s
Rendered 4847/5648, time remaining: 24s
Rendered 4848/5648, time remaining: 24s
Rendered 4849/5648, time remaining: 24s
Rendered 4850/5648, time remaining: 24s
Rendered 4851/5648, time remaining: 24s
Rendered 4852/5648, time remaining: 24s
Rendered 4853/5648, time remaining: 24s
Rendered 4854/5648, time remaining: 24s
Rendered 4855/5648, time remaining: 24s
Rendered 4856/5648, time remaining: 23s
Rendered 4857/5648, time remaining: 24s
Rendered 4858/5648, time remaining: 24s
Rendered 4859/5648, time remaining: 24s
Rendered 4860/5648, time remaining: 24s
Rendered 4861/5648, time remaining: 23s
Rendered 4862/5648, time remaining: 23s
Rendered 4863/5648, time remaining: 24s
Rendered 4864/5648, time remaining: 24s
Rendered 4865/5648, time remaining: 24s
Rendered 4866/5648, time remaining: 23s
Rendered 4867/5648, time remaining: 23s
Rendered 4868/5648, time remaining: 23s
Rendered 4869/5648, time remaining: 23s
Rendered 4870/5648, time remaining: 23s
Rendered 4871/5648, time remaining: 23s
Rendered 4872/5648, time remaining: 23s
Rendered 4873/5648, time remaining: 24s
Rendered 4874/5648, time remaining: 23s
Rendered 4875/5648, time remaining: 23s
Rendered 4876/5648, time remaining: 23s
Rendered 4877/5648, time remaining: 23s
Rendered 4878/5648, time remaining: 23s
Rendered 4879/5648, time remaining: 23s
Rendered 4880/5648, time remaining: 23s
Rendered 4881/5648, time remaining: 24s
Rendered 4882/5648, time remaining: 23s
Rendered 4883/5648, time remaining: 23s
Rendered 4884/5648, time remaining: 23s
Rendered 4885/5648, time remaining: 23s
Rendered 4886/5648, time remaining: 23s
Rendered 4887/5648, time remaining: 23s
Rendered 4888/5648, time remaining: 23s
Rendered 4889/5648, time remaining: 23s
Rendered 4890/5648, time remaining: 22s
Rendered 4891/5648, time remaining: 22s
Rendered 4892/5648, time remaining: 23s
Rendered 4893/5648, time remaining: 22s
Rendered 4894/5648, time remaining: 23s
Rendered 4895/5648, time remaining: 23s
Rendered 4896/5648, time remaining: 23s
Rendered 4897/5648, time remaining: 23s
Rendered 4898/5648, time remaining: 22s
Rendered 4899/5648, time remaining: 22s
Rendered 4900/5648, time remaining: 22s
Rendered 4901/5648, time remaining: 22s
Rendered 4902/5648, time remaining: 23s
Rendered 4903/5648, time remaining: 22s
Rendered 4904/5648, time remaining: 22s
Rendered 4905/5648, time remaining: 22s
Rendered 4906/5648, time remaining: 22s
Rendered 4907/5648, time remaining: 22s
Rendered 4908/5648, time remaining: 22s
Rendered 4909/5648, time remaining: 22s
Rendered 4910/5648, time remaining: 22s
Rendered 4911/5648, time remaining: 22s
Rendered 4912/5648, time remaining: 22s
Rendered 4913/5648, time remaining: 21s
Rendered 4914/5648, time remaining: 21s
Rendered 4915/5648, time remaining: 22s
Rendered 4916/5648, time remaining: 22s
Rendered 4917/5648, time remaining: 22s
Rendered 4918/5648, time remaining: 22s
Rendered 4919/5648, time remaining: 22s
Rendered 4920/5648, time remaining: 22s
Rendered 4921/5648, time remaining: 21s
Rendered 4922/5648, time remaining: 21s
Rendered 4923/5648, time remaining: 21s
Rendered 4924/5648, time remaining: 21s
Rendered 4925/5648, time remaining: 21s
Rendered 4926/5648, time remaining: 22s
Rendered 4927/5648, time remaining: 22s
Rendered 4928/5648, time remaining: 22s
Rendered 4929/5648, time remaining: 21s
Rendered 4930/5648, time remaining: 21s
Rendered 4931/5648, time remaining: 21s
Rendered 4932/5648, time remaining: 21s
Rendered 4933/5648, time remaining: 22s
Rendered 4934/5648, time remaining: 21s
Rendered 4935/5648, time remaining: 21s
Rendered 4936/5648, time remaining: 21s
Rendered 4937/5648, time remaining: 21s
Rendered 4938/5648, time remaining: 21s
Rendered 4939/5648, time remaining: 21s
Rendered 4940/5648, time remaining: 21s
Rendered 4941/5648, time remaining: 21s
Rendered 4942/5648, time remaining: 21s
Rendered 4943/5648, time remaining: 21s
Rendered 4944/5648, time remaining: 21s
Rendered 4945/5648, time remaining: 21s
Rendered 4946/5648, time remaining: 21s
Rendered 4947/5648, time remaining: 21s
Rendered 4948/5648, time remaining: 21s
Rendered 4949/5648, time remaining: 21s
Rendered 4950/5648, time remaining: 21s
Rendered 4951/5648, time remaining: 21s
Rendered 4952/5648, time remaining: 21s
Rendered 4953/5648, time remaining: 21s
Rendered 4954/5648, time remaining: 21s
Rendered 4955/5648, time remaining: 21s
Rendered 4956/5648, time remaining: 20s
Rendered 4957/5648, time remaining: 20s
Rendered 4958/5648, time remaining: 20s
Rendered 4959/5648, time remaining: 21s
Rendered 4960/5648, time remaining: 21s
Rendered 4961/5648, time remaining: 21s
Rendered 4962/5648, time remaining: 20s
Rendered 4963/5648, time remaining: 20s
Rendered 4964/5648, time remaining: 20s
Rendered 4965/5648, time remaining: 20s
Rendered 4966/5648, time remaining: 20s
Rendered 4967/5648, time remaining: 20s
Rendered 4968/5648, time remaining: 20s
Rendered 4969/5648, time remaining: 20s
Rendered 4970/5648, time remaining: 20s
Rendered 4971/5648, time remaining: 20s
Rendered 4972/5648, time remaining: 20s
Rendered 4973/5648, time remaining: 20s
Rendered 4974/5648, time remaining: 20s
Rendered 4975/5648, time remaining: 20s
Rendered 4976/5648, time remaining: 20s
Rendered 4977/5648, time remaining: 20s
Rendered 4978/5648, time remaining: 20s
Rendered 4979/5648, time remaining: 20s
Rendered 4980/5648, time remaining: 20s
Rendered 4981/5648, time remaining: 20s
Rendered 4982/5648, time remaining: 20s
Rendered 4983/5648, time remaining: 20s
Rendered 4984/5648, time remaining: 20s
Rendered 4985/5648, time remaining: 20s
Rendered 4986/5648, time remaining: 20s
Rendered 4987/5648, time remaining: 20s
Rendered 4988/5648, time remaining: 20s
Rendered 4989/5648, time remaining: 20s
Rendered 4990/5648, time remaining: 20s
Rendered 4991/5648, time remaining: 20s
Rendered 4992/5648, time remaining: 21s
Rendered 4993/5648, time remaining: 21s
Rendered 4994/5648, time remaining: 21s
Rendered 4995/5648, time remaining: 20s
Rendered 4996/5648, time remaining: 21s
Rendered 4997/5648, time remaining: 21s
Rendered 4998/5648, time remaining: 21s
Rendered 4999/5648, time remaining: 21s
Rendered 5000/5648, time remaining: 21s
Rendered 5001/5648, time remaining: 21s
Rendered 5002/5648, time remaining: 21s
Rendered 5003/5648, time remaining: 21s
Rendered 5004/5648, time remaining: 21s
Rendered 5005/5648, time remaining: 20s
Rendered 5006/5648, time remaining: 20s
Rendered 5007/5648, time remaining: 20s
Rendered 5008/5648, time remaining: 20s
Rendered 5009/5648, time remaining: 20s
Rendered 5010/5648, time remaining: 20s
Rendered 5011/5648, time remaining: 20s
Rendered 5012/5648, time remaining: 20s
Rendered 5013/5648, time remaining: 20s
Rendered 5014/5648, time remaining: 20s
Rendered 5015/5648, time remaining: 20s
Rendered 5016/5648, time remaining: 20s
Rendered 5017/5648, time remaining: 20s
Rendered 5018/5648, time remaining: 20s
Rendered 5019/5648, time remaining: 20s
Rendered 5020/5648, time remaining: 20s
Rendered 5021/5648, time remaining: 20s
Rendered 5022/5648, time remaining: 20s
Rendered 5023/5648, time remaining: 19s
Rendered 5024/5648, time remaining: 20s
Rendered 5025/5648, time remaining: 20s
Rendered 5026/5648, time remaining: 20s
Rendered 5027/5648, time remaining: 20s
Rendered 5028/5648, time remaining: 20s
Rendered 5029/5648, time remaining: 20s
Rendered 5030/5648, time remaining: 20s
Rendered 5031/5648, time remaining: 20s
Rendered 5032/5648, time remaining: 20s
Rendered 5033/5648, time remaining: 19s
Rendered 5034/5648, time remaining: 19s
Rendered 5035/5648, time remaining: 19s
Rendered 5036/5648, time remaining: 19s
Rendered 5037/5648, time remaining: 19s
Rendered 5038/5648, time remaining: 19s
Rendered 5039/5648, time remaining: 19s
Rendered 5040/5648, time remaining: 20s
Rendered 5041/5648, time remaining: 19s
Rendered 5042/5648, time remaining: 19s
Rendered 5043/5648, time remaining: 19s
Rendered 5044/5648, time remaining: 19s
Rendered 5045/5648, time remaining: 19s
Rendered 5046/5648, time remaining: 19s
Rendered 5047/5648, time remaining: 19s
Rendered 5048/5648, time remaining: 19s
Rendered 5049/5648, time remaining: 19s
Rendered 5050/5648, time remaining: 19s
Rendered 5051/5648, time remaining: 19s
Rendered 5052/5648, time remaining: 19s
Rendered 5053/5648, time remaining: 19s
Rendered 5054/5648, time remaining: 19s
Rendered 5055/5648, time remaining: 19s
Rendered 5056/5648, time remaining: 19s
Rendered 5057/5648, time remaining: 19s
Rendered 5058/5648, time remaining: 18s
Rendered 5059/5648, time remaining: 19s
Rendered 5060/5648, time remaining: 19s
Rendered 5061/5648, time remaining: 19s
Rendered 5062/5648, time remaining: 19s
Rendered 5063/5648, time remaining: 19s
Rendered 5064/5648, time remaining: 19s
Rendered 5065/5648, time remaining: 19s
Rendered 5066/5648, time remaining: 18s
Rendered 5067/5648, time remaining: 18s
Rendered 5068/5648, time remaining: 18s
Rendered 5069/5648, time remaining: 18s
Rendered 5070/5648, time remaining: 18s
Rendered 5071/5648, time remaining: 18s
Rendered 5072/5648, time remaining: 18s
Rendered 5073/5648, time remaining: 18s
Rendered 5074/5648, time remaining: 18s
Rendered 5075/5648, time remaining: 18s
Rendered 5076/5648, time remaining: 18s
Rendered 5077/5648, time remaining: 18s
Rendered 5078/5648, time remaining: 18s
Rendered 5079/5648, time remaining: 18s
Rendered 5080/5648, time remaining: 18s
Rendered 5081/5648, time remaining: 18s
Rendered 5082/5648, time remaining: 18s
Rendered 5083/5648, time remaining: 18s
Rendered 5084/5648, time remaining: 18s
Rendered 5085/5648, time remaining: 18s
Rendered 5086/5648, time remaining: 18s
Rendered 5087/5648, time remaining: 18s
Rendered 5088/5648, time remaining: 18s
Rendered 5089/5648, time remaining: 18s
Rendered 5090/5648, time remaining: 18s
Rendered 5091/5648, time remaining: 18s
Rendered 5092/5648, time remaining: 18s
Rendered 5093/5648, time remaining: 18s
Rendered 5094/5648, time remaining: 18s
Rendered 5095/5648, time remaining: 18s
Rendered 5096/5648, time remaining: 18s
Rendered 5097/5648, time remaining: 18s
Rendered 5098/5648, time remaining: 18s
Rendered 5099/5648, time remaining: 18s
Rendered 5100/5648, time remaining: 18s
Rendered 5101/5648, time remaining: 18s
Rendered 5102/5648, time remaining: 17s
Rendered 5103/5648, time remaining: 18s
Rendered 5104/5648, time remaining: 17s
Rendered 5105/5648, time remaining: 18s
Rendered 5106/5648, time remaining: 18s
Rendered 5107/5648, time remaining: 17s
Rendered 5108/5648, time remaining: 18s
Rendered 5109/5648, time remaining: 17s
Rendered 5110/5648, time remaining: 17s
Rendered 5111/5648, time remaining: 17s
Rendered 5112/5648, time remaining: 17s
Rendered 5113/5648, time remaining: 17s
Rendered 5114/5648, time remaining: 17s
Rendered 5115/5648, time remaining: 17s
Rendered 5116/5648, time remaining: 17s
Rendered 5117/5648, time remaining: 17s
Rendered 5118/5648, time remaining: 17s
Rendered 5119/5648, time remaining: 17s
Rendered 5120/5648, time remaining: 17s
Rendered 5121/5648, time remaining: 17s
Rendered 5122/5648, time remaining: 17s
Rendered 5123/5648, time remaining: 17s
Rendered 5124/5648, time remaining: 17s
Rendered 5125/5648, time remaining: 17s
Rendered 5126/5648, time remaining: 17s
Rendered 5127/5648, time remaining: 17s
Rendered 5128/5648, time remaining: 17s
Rendered 5129/5648, time remaining: 17s
Rendered 5130/5648, time remaining: 17s
Rendered 5131/5648, time remaining: 17s
Rendered 5132/5648, time remaining: 17s
Rendered 5133/5648, time remaining: 17s
Rendered 5134/5648, time remaining: 16s
Rendered 5135/5648, time remaining: 16s
Rendered 5136/5648, time remaining: 16s
Rendered 5137/5648, time remaining: 16s
Rendered 5138/5648, time remaining: 16s
Rendered 5139/5648, time remaining: 16s
Rendered 5140/5648, time remaining: 17s
Rendered 5141/5648, time remaining: 16s
Rendered 5142/5648, time remaining: 16s
Rendered 5143/5648, time remaining: 16s
Rendered 5144/5648, time remaining: 16s
Rendered 5145/5648, time remaining: 16s
Rendered 5146/5648, time remaining: 16s
Rendered 5147/5648, time remaining: 16s
Rendered 5148/5648, time remaining: 16s
Rendered 5149/5648, time remaining: 16s
Rendered 5150/5648, time remaining: 16s
Rendered 5151/5648, time remaining: 16s
Rendered 5152/5648, time remaining: 16s
Rendered 5153/5648, time remaining: 16s
Rendered 5154/5648, time remaining: 16s
Rendered 5155/5648, time remaining: 16s
Rendered 5156/5648, time remaining: 16s
Rendered 5157/5648, time remaining: 15s
Rendered 5158/5648, time remaining: 15s
Rendered 5159/5648, time remaining: 16s
Rendered 5160/5648, time remaining: 15s
Rendered 5161/5648, time remaining: 15s
Rendered 5162/5648, time remaining: 15s
Rendered 5163/5648, time remaining: 16s
Rendered 5164/5648, time remaining: 16s
Rendered 5165/5648, time remaining: 15s
Rendered 5166/5648, time remaining: 15s
Rendered 5167/5648, time remaining: 15s
Rendered 5168/5648, time remaining: 15s
Rendered 5169/5648, time remaining: 15s
Rendered 5170/5648, time remaining: 15s
Rendered 5171/5648, time remaining: 15s
Rendered 5172/5648, time remaining: 15s
Rendered 5173/5648, time remaining: 15s
Rendered 5174/5648, time remaining: 15s
Rendered 5175/5648, time remaining: 15s
Rendered 5176/5648, time remaining: 15s
Rendered 5177/5648, time remaining: 15s
Rendered 5178/5648, time remaining: 15s
Rendered 5179/5648, time remaining: 15s
Rendered 5180/5648, time remaining: 15s
Rendered 5181/5648, time remaining: 15s
Rendered 5182/5648, time remaining: 15s
Rendered 5183/5648, time remaining: 15s
Rendered 5184/5648, time remaining: 15s
Rendered 5185/5648, time remaining: 15s
Rendered 5186/5648, time remaining: 15s
Rendered 5187/5648, time remaining: 14s
Rendered 5188/5648, time remaining: 14s
Rendered 5189/5648, time remaining: 14s
Rendered 5190/5648, time remaining: 14s
Rendered 5191/5648, time remaining: 15s
Rendered 5192/5648, time remaining: 15s
Rendered 5193/5648, time remaining: 15s
Rendered 5194/5648, time remaining: 15s
Rendered 5195/5648, time remaining: 14s
Rendered 5196/5648, time remaining: 14s
Rendered 5197/5648, time remaining: 14s
Rendered 5198/5648, time remaining: 14s
Rendered 5199/5648, time remaining: 14s
Rendered 5200/5648, time remaining: 14s
Rendered 5201/5648, time remaining: 14s
Rendered 5202/5648, time remaining: 14s
Rendered 5203/5648, time remaining: 14s
Rendered 5204/5648, time remaining: 14s
Rendered 5205/5648, time remaining: 14s
Rendered 5206/5648, time remaining: 14s
Rendered 5207/5648, time remaining: 14s
Rendered 5208/5648, time remaining: 14s
Rendered 5209/5648, time remaining: 14s
Rendered 5210/5648, time remaining: 14s
Rendered 5211/5648, time remaining: 14s
Rendered 5212/5648, time remaining: 14s
Rendered 5213/5648, time remaining: 14s
Rendered 5214/5648, time remaining: 14s
Rendered 5215/5648, time remaining: 14s
Rendered 5216/5648, time remaining: 14s
Rendered 5217/5648, time remaining: 14s
Rendered 5218/5648, time remaining: 13s
Rendered 5219/5648, time remaining: 13s
Rendered 5220/5648, time remaining: 13s
Rendered 5221/5648, time remaining: 13s
Rendered 5222/5648, time remaining: 14s
Rendered 5223/5648, time remaining: 14s
Rendered 5224/5648, time remaining: 13s
Rendered 5225/5648, time remaining: 14s
Rendered 5226/5648, time remaining: 13s
Rendered 5227/5648, time remaining: 13s
Rendered 5228/5648, time remaining: 13s
Rendered 5229/5648, time remaining: 13s
Rendered 5230/5648, time remaining: 13s
Rendered 5231/5648, time remaining: 13s
Rendered 5232/5648, time remaining: 13s
Rendered 5233/5648, time remaining: 13s
Rendered 5234/5648, time remaining: 13s
Rendered 5235/5648, time remaining: 13s
Rendered 5236/5648, time remaining: 13s
Rendered 5237/5648, time remaining: 13s
Rendered 5238/5648, time remaining: 13s
Rendered 5239/5648, time remaining: 13s
Rendered 5240/5648, time remaining: 13s
Rendered 5241/5648, time remaining: 13s
Rendered 5242/5648, time remaining: 13s
Rendered 5243/5648, time remaining: 13s
Rendered 5244/5648, time remaining: 12s
Rendered 5245/5648, time remaining: 12s
Rendered 5246/5648, time remaining: 13s
Rendered 5247/5648, time remaining: 13s
Rendered 5248/5648, time remaining: 13s
Rendered 5249/5648, time remaining: 12s
Rendered 5250/5648, time remaining: 12s
Rendered 5251/5648, time remaining: 12s
Rendered 5252/5648, time remaining: 12s
Rendered 5253/5648, time remaining: 12s
Rendered 5254/5648, time remaining: 12s
Rendered 5255/5648, time remaining: 12s
Rendered 5256/5648, time remaining: 12s
Rendered 5257/5648, time remaining: 12s
Rendered 5258/5648, time remaining: 12s
Rendered 5259/5648, time remaining: 12s
Rendered 5260/5648, time remaining: 12s
Rendered 5261/5648, time remaining: 12s
Rendered 5262/5648, time remaining: 12s
Rendered 5263/5648, time remaining: 12s
Rendered 5264/5648, time remaining: 12s
Rendered 5265/5648, time remaining: 12s
Rendered 5266/5648, time remaining: 12s
Rendered 5267/5648, time remaining: 12s
Rendered 5268/5648, time remaining: 12s
Rendered 5269/5648, time remaining: 12s
Rendered 5270/5648, time remaining: 12s
Rendered 5271/5648, time remaining: 12s
Rendered 5272/5648, time remaining: 12s
Rendered 5273/5648, time remaining: 12s
Rendered 5274/5648, time remaining: 12s
Rendered 5275/5648, time remaining: 12s
Rendered 5276/5648, time remaining: 11s
Rendered 5277/5648, time remaining: 11s
Rendered 5278/5648, time remaining: 12s
Rendered 5279/5648, time remaining: 11s
Rendered 5280/5648, time remaining: 11s
Rendered 5281/5648, time remaining: 12s
Rendered 5282/5648, time remaining: 12s
Rendered 5283/5648, time remaining: 11s
Rendered 5284/5648, time remaining: 11s
Rendered 5285/5648, time remaining: 11s
Rendered 5286/5648, time remaining: 11s
Rendered 5287/5648, time remaining: 11s
Rendered 5288/5648, time remaining: 11s
Rendered 5289/5648, time remaining: 11s
Rendered 5290/5648, time remaining: 11s
Rendered 5291/5648, time remaining: 11s
Rendered 5292/5648, time remaining: 11s
Rendered 5293/5648, time remaining: 11s
Rendered 5294/5648, time remaining: 11s
Rendered 5295/5648, time remaining: 11s
Rendered 5296/5648, time remaining: 11s
Rendered 5297/5648, time remaining: 11s
Rendered 5298/5648, time remaining: 11s
Rendered 5299/5648, time remaining: 11s
Rendered 5300/5648, time remaining: 11s
Rendered 5301/5648, time remaining: 11s
Rendered 5302/5648, time remaining: 11s
Rendered 5303/5648, time remaining: 11s
Rendered 5304/5648, time remaining: 11s
Rendered 5305/5648, time remaining: 11s
Rendered 5306/5648, time remaining: 11s
Rendered 5307/5648, time remaining: 11s
Rendered 5308/5648, time remaining: 11s
Rendered 5309/5648, time remaining: 10s
Rendered 5310/5648, time remaining: 11s
Rendered 5311/5648, time remaining: 11s
Rendered 5312/5648, time remaining: 11s
Rendered 5313/5648, time remaining: 11s
Rendered 5314/5648, time remaining: 10s
Rendered 5315/5648, time remaining: 10s
Rendered 5316/5648, time remaining: 10s
Rendered 5317/5648, time remaining: 10s
Rendered 5318/5648, time remaining: 10s
Rendered 5319/5648, time remaining: 10s
Rendered 5320/5648, time remaining: 10s
Rendered 5321/5648, time remaining: 10s
Rendered 5322/5648, time remaining: 10s
Rendered 5323/5648, time remaining: 10s
Rendered 5324/5648, time remaining: 10s
Rendered 5325/5648, time remaining: 10s
Rendered 5326/5648, time remaining: 10s
Rendered 5327/5648, time remaining: 10s
Rendered 5328/5648, time remaining: 10s
Rendered 5329/5648, time remaining: 10s
Rendered 5330/5648, time remaining: 10s
Rendered 5331/5648, time remaining: 10s
Rendered 5332/5648, time remaining: 10s
Rendered 5333/5648, time remaining: 10s
Rendered 5334/5648, time remaining: 10s
Rendered 5335/5648, time remaining: 10s
Rendered 5336/5648, time remaining: 10s
Rendered 5337/5648, time remaining: 10s
Rendered 5338/5648, time remaining: 10s
Rendered 5339/5648, time remaining: 10s
Rendered 5340/5648, time remaining: 9s
Rendered 5341/5648, time remaining: 9s
Rendered 5342/5648, time remaining: 9s
Rendered 5343/5648, time remaining: 9s
Rendered 5344/5648, time remaining: 9s
Rendered 5345/5648, time remaining: 9s
Rendered 5346/5648, time remaining: 10s
Rendered 5347/5648, time remaining: 9s
Rendered 5348/5648, time remaining: 9s
Rendered 5349/5648, time remaining: 9s
Rendered 5350/5648, time remaining: 9s
Rendered 5351/5648, time remaining: 9s
Rendered 5352/5648, time remaining: 9s
Rendered 5353/5648, time remaining: 9s
Rendered 5354/5648, time remaining: 9s
Rendered 5355/5648, time remaining: 9s
Rendered 5356/5648, time remaining: 9s
Rendered 5357/5648, time remaining: 9s
Rendered 5358/5648, time remaining: 9s
Rendered 5359/5648, time remaining: 9s
Rendered 5360/5648, time remaining: 9s
Rendered 5361/5648, time remaining: 9s
Rendered 5362/5648, time remaining: 9s
Rendered 5363/5648, time remaining: 9s
Rendered 5364/5648, time remaining: 9s
Rendered 5365/5648, time remaining: 9s
Rendered 5366/5648, time remaining: 9s
Rendered 5367/5648, time remaining: 9s
Rendered 5368/5648, time remaining: 9s
Rendered 5369/5648, time remaining: 9s
Rendered 5370/5648, time remaining: 9s
Rendered 5371/5648, time remaining: 9s
Rendered 5372/5648, time remaining: 9s
Rendered 5373/5648, time remaining: 9s
Rendered 5374/5648, time remaining: 9s
Rendered 5375/5648, time remaining: 8s
Rendered 5376/5648, time remaining: 8s
Rendered 5377/5648, time remaining: 8s
Rendered 5378/5648, time remaining: 8s
Rendered 5379/5648, time remaining: 8s
Rendered 5380/5648, time remaining: 8s
Rendered 5381/5648, time remaining: 8s
Rendered 5382/5648, time remaining: 8s
Rendered 5383/5648, time remaining: 8s
Rendered 5384/5648, time remaining: 8s
Rendered 5385/5648, time remaining: 8s
Rendered 5386/5648, time remaining: 8s
Rendered 5387/5648, time remaining: 8s
Rendered 5388/5648, time remaining: 8s
Rendered 5389/5648, time remaining: 8s
Rendered 5390/5648, time remaining: 8s
Rendered 5391/5648, time remaining: 8s
Rendered 5392/5648, time remaining: 8s
Rendered 5393/5648, time remaining: 8s
Rendered 5394/5648, time remaining: 8s
Rendered 5395/5648, time remaining: 8s
Rendered 5396/5648, time remaining: 8s
Rendered 5397/5648, time remaining: 8s
Rendered 5398/5648, time remaining: 8s
Rendered 5399/5648, time remaining: 8s
Rendered 5400/5648, time remaining: 8s
Rendered 5401/5648, time remaining: 8s
Rendered 5402/5648, time remaining: 8s
Rendered 5403/5648, time remaining: 8s
Rendered 5404/5648, time remaining: 8s
Rendered 5405/5648, time remaining: 8s
Rendered 5406/5648, time remaining: 7s
Rendered 5407/5648, time remaining: 7s
Rendered 5408/5648, time remaining: 7s
Rendered 5409/5648, time remaining: 8s
Rendered 5410/5648, time remaining: 7s
Rendered 5411/5648, time remaining: 7s
Rendered 5412/5648, time remaining: 7s
Rendered 5413/5648, time remaining: 7s
Rendered 5414/5648, time remaining: 7s
Rendered 5415/5648, time remaining: 7s
Rendered 5416/5648, time remaining: 7s
Rendered 5417/5648, time remaining: 7s
Rendered 5418/5648, time remaining: 7s
Rendered 5419/5648, time remaining: 7s
Rendered 5420/5648, time remaining: 7s
Rendered 5421/5648, time remaining: 7s
Rendered 5422/5648, time remaining: 7s
Rendered 5423/5648, time remaining: 7s
Rendered 5424/5648, time remaining: 7s
Rendered 5425/5648, time remaining: 7s
Rendered 5426/5648, time remaining: 7s
Rendered 5427/5648, time remaining: 7s
Rendered 5428/5648, time remaining: 7s
Rendered 5429/5648, time remaining: 7s
Rendered 5430/5648, time remaining: 7s
Rendered 5431/5648, time remaining: 7s
Rendered 5432/5648, time remaining: 7s
Rendered 5433/5648, time remaining: 7s
Rendered 5434/5648, time remaining: 7s
Rendered 5435/5648, time remaining: 7s
Rendered 5436/5648, time remaining: 7s
Rendered 5437/5648, time remaining: 7s
Rendered 5438/5648, time remaining: 6s
Rendered 5439/5648, time remaining: 6s
Rendered 5440/5648, time remaining: 6s
Rendered 5441/5648, time remaining: 6s
Rendered 5442/5648, time remaining: 6s
Rendered 5443/5648, time remaining: 6s
Rendered 5444/5648, time remaining: 6s
Rendered 5445/5648, time remaining: 6s
Rendered 5446/5648, time remaining: 6s
Rendered 5447/5648, time remaining: 6s
Rendered 5448/5648, time remaining: 6s
Rendered 5449/5648, time remaining: 6s
Rendered 5450/5648, time remaining: 6s
Rendered 5451/5648, time remaining: 6s
Rendered 5452/5648, time remaining: 6s
Rendered 5453/5648, time remaining: 6s
Rendered 5454/5648, time remaining: 6s
Rendered 5455/5648, time remaining: 6s
Rendered 5456/5648, time remaining: 6s
Rendered 5457/5648, time remaining: 6s
Rendered 5458/5648, time remaining: 6s
Rendered 5459/5648, time remaining: 6s
Rendered 5460/5648, time remaining: 6s
Rendered 5461/5648, time remaining: 6s
Rendered 5462/5648, time remaining: 6s
Rendered 5463/5648, time remaining: 6s
Rendered 5464/5648, time remaining: 6s
Rendered 5465/5648, time remaining: 6s
Rendered 5466/5648, time remaining: 6s
Rendered 5467/5648, time remaining: 6s
Rendered 5468/5648, time remaining: 5s
Rendered 5469/5648, time remaining: 5s
Rendered 5470/5648, time remaining: 5s
Rendered 5471/5648, time remaining: 5s
Rendered 5472/5648, time remaining: 5s
Rendered 5473/5648, time remaining: 5s
Rendered 5474/5648, time remaining: 5s
Rendered 5475/5648, time remaining: 5s
Rendered 5476/5648, time remaining: 5s
Rendered 5477/5648, time remaining: 5s
Rendered 5478/5648, time remaining: 5s
Rendered 5479/5648, time remaining: 5s
Rendered 5480/5648, time remaining: 5s
Rendered 5481/5648, time remaining: 5s
Rendered 5482/5648, time remaining: 5s
Rendered 5483/5648, time remaining: 5s
Rendered 5484/5648, time remaining: 5s
Rendered 5485/5648, time remaining: 5s
Rendered 5486/5648, time remaining: 5s
Rendered 5487/5648, time remaining: 5s
Rendered 5488/5648, time remaining: 5s
Rendered 5489/5648, time remaining: 5s
Rendered 5490/5648, time remaining: 5s
Rendered 5491/5648, time remaining: 5s
Rendered 5492/5648, time remaining: 5s
Rendered 5493/5648, time remaining: 5s
Rendered 5494/5648, time remaining: 5s
Rendered 5495/5648, time remaining: 5s
Rendered 5496/5648, time remaining: 5s
Rendered 5497/5648, time remaining: 5s
Rendered 5498/5648, time remaining: 5s
Rendered 5499/5648, time remaining: 5s
Rendered 5500/5648, time remaining: 5s
Rendered 5501/5648, time remaining: 4s
Rendered 5502/5648, time remaining: 4s
Rendered 5503/5648, time remaining: 4s
Rendered 5504/5648, time remaining: 4s
Rendered 5505/5648, time remaining: 4s
Rendered 5506/5648, time remaining: 4s
Rendered 5507/5648, time remaining: 4s
Rendered 5508/5648, time remaining: 4s
Rendered 5509/5648, time remaining: 4s
Rendered 5510/5648, time remaining: 4s
Rendered 5511/5648, time remaining: 4s
Rendered 5512/5648, time remaining: 4s
Rendered 5513/5648, time remaining: 4s
Rendered 5514/5648, time remaining: 4s
Rendered 5515/5648, time remaining: 4s
Rendered 5516/5648, time remaining: 4s
Rendered 5517/5648, time remaining: 4s
Rendered 5518/5648, time remaining: 4s
Rendered 5519/5648, time remaining: 4s
Rendered 5520/5648, time remaining: 4s
Rendered 5521/5648, time remaining: 4s
Rendered 5522/5648, time remaining: 4s
Rendered 5523/5648, time remaining: 4s
Rendered 5524/5648, time remaining: 4s
Rendered 5525/5648, time remaining: 4s
Rendered 5526/5648, time remaining: 4s
Rendered 5527/5648, time remaining: 4s
Rendered 5528/5648, time remaining: 4s
Rendered 5529/5648, time remaining: 4s
Rendered 5530/5648, time remaining: 4s
Rendered 5531/5648, time remaining: 4s
Rendered 5532/5648, time remaining: 3s
Rendered 5533/5648, time remaining: 3s
Rendered 5534/5648, time remaining: 3s
Rendered 5535/5648, time remaining: 3s
Rendered 5536/5648, time remaining: 3s
Rendered 5537/5648, time remaining: 3s
Rendered 5538/5648, time remaining: 3s
Rendered 5539/5648, time remaining: 3s
Rendered 5540/5648, time remaining: 3s
Rendered 5541/5648, time remaining: 3s
Rendered 5542/5648, time remaining: 3s
Rendered 5543/5648, time remaining: 3s
Rendered 5544/5648, time remaining: 3s
Rendered 5545/5648, time remaining: 3s
Rendered 5546/5648, time remaining: 3s
Rendered 5547/5648, time remaining: 3s
Rendered 5548/5648, time remaining: 3s
Rendered 5549/5648, time remaining: 3s
Rendered 5550/5648, time remaining: 3s
Rendered 5551/5648, time remaining: 3s
Rendered 5552/5648, time remaining: 3s
Rendered 5553/5648, time remaining: 3s
Rendered 5554/5648, time remaining: 3s
Rendered 5555/5648, time remaining: 3s
Rendered 5556/5648, time remaining: 3s
Rendered 5557/5648, time remaining: 3s
Rendered 5558/5648, time remaining: 3s
Rendered 5559/5648, time remaining: 3s
Rendered 5560/5648, time remaining: 3s
Rendered 5561/5648, time remaining: 3s
Rendered 5562/5648, time remaining: 2s
Rendered 5563/5648, time remaining: 2s
Rendered 5564/5648, time remaining: 2s
Rendered 5565/5648, time remaining: 2s
Rendered 5566/5648, time remaining: 2s
Rendered 5567/5648, time remaining: 2s
Rendered 5568/5648, time remaining: 2s
Rendered 5569/5648, time remaining: 2s
Rendered 5570/5648, time remaining: 2s
Rendered 5571/5648, time remaining: 2s
Rendered 5572/5648, time remaining: 2s
Rendered 5573/5648, time remaining: 2s
Rendered 5574/5648, time remaining: 2s
Rendered 5575/5648, time remaining: 2s
Rendered 5576/5648, time remaining: 2s
Rendered 5577/5648, time remaining: 2s
Rendered 5578/5648, time remaining: 2s
Rendered 5579/5648, time remaining: 2s
Rendered 5580/5648, time remaining: 2s
Rendered 5581/5648, time remaining: 2s
Rendered 5582/5648, time remaining: 2s
Rendered 5583/5648, time remaining: 2s
Rendered 5584/5648, time remaining: 2s
Rendered 5585/5648, time remaining: 2s
Rendered 5586/5648, time remaining: 2s
Rendered 5587/5648, time remaining: 2s
Rendered 5588/5648, time remaining: 2s
Rendered 5589/5648, time remaining: 2s
Rendered 5590/5648, time remaining: 1s
Rendered 5591/5648, time remaining: 2s
Rendered 5592/5648, time remaining: 1s
Rendered 5593/5648, time remaining: 1s
Rendered 5594/5648, time remaining: 1s
Rendered 5595/5648, time remaining: 1s
Rendered 5596/5648, time remaining: 1s
Rendered 5597/5648, time remaining: 1s
Rendered 5598/5648, time remaining: 1s
Rendered 5599/5648, time remaining: 1s
Rendered 5600/5648, time remaining: 1s
Rendered 5601/5648, time remaining: 1s
Rendered 5602/5648, time remaining: 1s
Rendered 5603/5648, time remaining: 1s
Rendered 5604/5648, time remaining: 1s
Rendered 5605/5648, time remaining: 1s
Rendered 5606/5648, time remaining: 1s
Rendered 5607/5648, time remaining: 1s
Rendered 5608/5648, time remaining: 1s
Rendered 5609/5648, time remaining: 1s
Rendered 5610/5648, time remaining: 1s
Rendered 5611/5648, time remaining: 1s
Rendered 5612/5648, time remaining: 1s
Rendered 5613/5648, time remaining: 1s
Rendered 5614/5648, time remaining: 1s
Rendered 5615/5648, time remaining: 1s
Rendered 5616/5648, time remaining: 1s
Rendered 5617/5648, time remaining: 1s
Rendered 5618/5648, time remaining: 1s
Rendered 5619/5648, time remaining: 0s
Rendered 5620/5648, time remaining: 0s
Rendered 5621/5648, time remaining: 0s
Rendered 5622/5648, time remaining: 0s
Rendered 5623/5648, time remaining: 0s
Rendered 5624/5648, time remaining: 0s
Rendered 5625/5648, time remaining: 0s
Rendered 5626/5648, time remaining: 0s
Rendered 5627/5648, time remaining: 0s
Rendered 5628/5648, time remaining: 0s
Rendered 5629/5648, time remaining: 0s
Rendered 5630/5648, time remaining: 0s
Rendered 5631/5648, time remaining: 0s
Rendered 5632/5648, time remaining: 0s
Rendered 5633/5648, time remaining: 0s
Rendered 5634/5648, time remaining: 0s
Rendered 5635/5648, time remaining: 0s
Rendered 5636/5648, time remaining: 0s
Rendered 5637/5648, time remaining: 0s
Rendered 5638/5648, time remaining: 0s
Rendered 5639/5648, time remaining: 0s
Rendered 5640/5648, time remaining: 0s
Rendered 5641/5648, time remaining: 0s
Rendered 5642/5648, time remaining: 0s
Rendered 5643/5648, time remaining: 0s
Rendered 5644/5648, time remaining: 0s
Rendered 5645/5648, time remaining: 0s
Rendered 5646/5648, time remaining: 0s
Rendered 5647/5648, time remaining: 0s
Rendered 5648/5648
Encoded 61/5648
Encoded 165/5648
Encoded 260/5648
Encoded 350/5648
Encoded 449/5648
Encoded 538/5648
Encoded 637/5648
Encoded 739/5648
Encoded 840/5648
Encoded 944/5648
Encoded 1034/5648
Encoded 1127/5648
Encoded 1234/5648
Encoded 1337/5648
Encoded 1445/5648
Encoded 1550/5648
Encoded 1658/5648
Encoded 1757/5648
Encoded 1868/5648
Encoded 1970/5648
Encoded 2073/5648
Encoded 2175/5648
Encoded 2274/5648
Encoded 2364/5648
Encoded 2458/5648
Encoded 2562/5648
Encoded 2666/5648
Encoded 2763/5648
Encoded 2871/5648
Encoded 2971/5648
Encoded 3066/5648
Encoded 3173/5648
Encoded 3273/5648
Encoded 3399/5648
Encoded 3513/5648
Encoded 3629/5648
Encoded 3733/5648
Encoded 3825/5648
Encoded 3922/5648
Encoded 4023/5648
Encoded 4124/5648
Encoded 4230/5648
Encoded 4336/5648
Encoded 4441/5648
Encoded 4553/5648
Encoded 4676/5648
Encoded 4787/5648
Encoded 4883/5648
Encoded 4986/5648
Encoded 5089/5648
Encoded 5188/5648
Encoded 5307/5648
Encoded 5427/5648
Encoded 5535/5648
Encoded 5648/5648
+                    /Users/appuram/Developer/explainer-forge/projects/business-ideas-25l-te/renders/ch01.mp4 26.7 MB
