Bundling 6%
Bundling 13%
Bundling 64%
Bundling 69%
Bundling 74%
Bundling 80%
Bundling 85%
Bundling 90%
Bundling 95%
Bundling 100%
Getting composition
Composition          Explainer
Codec                h264
Output               ../projects/import-china-india-te/renders/ch26.mp4
Concurrency          6x
Rendered 0/3679
Rendered 1/3679, time remaining: 45m 3s
Rendered 2/3679, time remaining: 22m 33s
Rendered 3/3679, time remaining: 15m 3s
Rendered 4/3679, time remaining: 11m 18s
Rendered 5/3679, time remaining: 9m 7s
Rendered 6/3679, time remaining: 8m 18s
Rendered 7/3679, time remaining: 8m 3s
Rendered 8/3679, time remaining: 7m 4s
Rendered 9/3679, time remaining: 6m 22s
Rendered 10/3679, time remaining: 5m 47s
Rendered 11/3679, time remaining: 5m 42s
Rendered 12/3679, time remaining: 5m 16s
Rendered 13/3679, time remaining: 5m 6s
Rendered 14/3679, time remaining: 4m 44s
Rendered 15/3679, time remaining: 4m 26s
Rendered 16/3679, time remaining: 4m 25s
Rendered 17/3679, time remaining: 4m 20s
Rendered 18/3679, time remaining: 4m 6s
Rendered 19/3679, time remaining: 4m 5s
Rendered 20/3679, time remaining: 3m 53s
Rendered 21/3679, time remaining: 3m 42s
Rendered 22/3679, time remaining: 3m 36s
Rendered 23/3679, time remaining: 3m 31s
Rendered 24/3679, time remaining: 3m 22s
Rendered 25/3679, time remaining: 3m 31s
Rendered 26/3679, time remaining: 3m 26s
Rendered 27/3679, time remaining: 3m 19s
Rendered 28/3679, time remaining: 3m 13s
Rendered 29/3679, time remaining: 3m 7s
Rendered 30/3679, time remaining: 3m 6s
Rendered 31/3679, time remaining: 3m 8s
Rendered 32/3679, time remaining: 3m 7s
Rendered 33/3679, time remaining: 3m 2s
Rendered 34/3679, time remaining: 2m 58s
Rendered 35/3679, time remaining: 2m 56s
Rendered 36/3679, time remaining: 2m 52s
Rendered 37/3679, time remaining: 2m 56s
Rendered 38/3679, time remaining: 2m 54s
Rendered 39/3679, time remaining: 2m 50s
Rendered 40/3679, time remaining: 2m 46s
Rendered 41/3679, time remaining: 2m 43s
Rendered 42/3679, time remaining: 2m 42s
Rendered 43/3679, time remaining: 2m 47s
Rendered 44/3679, time remaining: 2m 44s
Rendered 45/3679, time remaining: 2m 41s
Rendered 46/3679, time remaining: 2m 38s
Rendered 47/3679, time remaining: 2m 36s
Rendered 48/3679, time remaining: 2m 34s
Rendered 49/3679, time remaining: 2m 41s
Rendered 50/3679, time remaining: 2m 38s
Rendered 51/3679, time remaining: 2m 36s
Rendered 52/3679, time remaining: 2m 33s
Rendered 53/3679, time remaining: 2m 31s
Rendered 54/3679, time remaining: 2m 29s
Rendered 55/3679, time remaining: 2m 35s
Rendered 56/3679, time remaining: 2m 33s
Rendered 57/3679, time remaining: 2m 31s
Rendered 58/3679, time remaining: 2m 29s
Rendered 59/3679, time remaining: 2m 27s
Rendered 60/3679, time remaining: 2m 25s
Rendered 61/3679, time remaining: 2m 30s
Rendered 62/3679, time remaining: 2m 28s
Rendered 63/3679, time remaining: 2m 27s
Rendered 64/3679, time remaining: 2m 25s
Rendered 65/3679, time remaining: 2m 23s
Rendered 66/3679, time remaining: 2m 21s
Rendered 67/3679, time remaining: 2m 25s
Rendered 68/3679, time remaining: 2m 24s
Rendered 69/3679, time remaining: 2m 22s
Rendered 70/3679, time remaining: 2m 21s
Rendered 71/3679, time remaining: 2m 19s
Rendered 72/3679, time remaining: 2m 18s
Rendered 73/3679, time remaining: 2m 22s
Rendered 74/3679, time remaining: 2m 20s
Rendered 75/3679, time remaining: 2m 20s
Rendered 76/3679, time remaining: 2m 18s
Rendered 77/3679, time remaining: 2m 16s
Rendered 78/3679, time remaining: 2m 15s
Rendered 79/3679, time remaining: 2m 18s
Rendered 80/3679, time remaining: 2m 17s
Rendered 81/3679, time remaining: 2m 16s
Rendered 82/3679, time remaining: 2m 15s
Rendered 83/3679, time remaining: 2m 14s
Rendered 84/3679, time remaining: 2m 13s
Rendered 85/3679, time remaining: 2m 15s
Rendered 86/3679, time remaining: 2m 14s
Rendered 87/3679, time remaining: 2m 13s
Rendered 88/3679, time remaining: 2m 12s
Rendered 89/3679, time remaining: 2m 11s
Rendered 90/3679, time remaining: 2m 10s
Rendered 91/3679, time remaining: 2m 13s
Rendered 92/3679, time remaining: 2m 12s
Rendered 93/3679, time remaining: 2m 11s
Rendered 94/3679, time remaining: 2m 10s
Rendered 95/3679, time remaining: 2m 9s
Rendered 96/3679, time remaining: 2m 8s
Rendered 97/3679, time remaining: 2m 10s
Rendered 98/3679, time remaining: 2m 10s
Rendered 99/3679, time remaining: 2m 9s
Rendered 100/3679, time remaining: 2m 8s
Rendered 101/3679, time remaining: 2m 7s
Rendered 102/3679, time remaining: 2m 7s
Rendered 103/3679, time remaining: 2m 9s
Rendered 104/3679, time remaining: 2m 8s
Rendered 105/3679, time remaining: 2m 7s
Rendered 106/3679, time remaining: 2m 7s
Rendered 107/3679, time remaining: 2m 5s
Rendered 108/3679, time remaining: 2m 5s
Rendered 109/3679, time remaining: 2m 6s
Rendered 110/3679, time remaining: 2m 7s
Rendered 111/3679, time remaining: 2m 6s
Rendered 112/3679, time remaining: 2m 5s
Rendered 113/3679, time remaining: 2m 4s
Rendered 114/3679, time remaining: 2m 3s
Rendered 115/3679, time remaining: 2m 3s
Rendered 116/3679, time remaining: 2m 5s
Rendered 117/3679, time remaining: 2m 4s
Rendered 118/3679, time remaining: 2m 4s
Rendered 119/3679, time remaining: 2m 3s
Rendered 120/3679, time remaining: 2m 2s
Rendered 121/3679, time remaining: 2m 1s
Rendered 122/3679, time remaining: 2m 4s
Rendered 123/3679, time remaining: 2m 3s
Rendered 124/3679, time remaining: 2m 2s
Rendered 125/3679, time remaining: 2m 2s
Rendered 126/3679, time remaining: 2m 1s
Rendered 127/3679, time remaining: 2m 0s
Rendered 128/3679, time remaining: 2m 3s
Rendered 129/3679, time remaining: 2m 2s
Rendered 130/3679, time remaining: 2m 2s
Rendered 131/3679, time remaining: 2m 1s
Rendered 132/3679, time remaining: 2m 0s
Rendered 133/3679, time remaining: 1m 59s
Rendered 134/3679, time remaining: 2m 0s
Rendered 135/3679, time remaining: 2m 1s
Rendered 136/3679, time remaining: 2m 0s
Rendered 137/3679, time remaining: 1m 59s
Rendered 138/3679, time remaining: 1m 59s
Rendered 139/3679, time remaining: 2m 0s
Rendered 140/3679, time remaining: 2m 0s
Rendered 141/3679, time remaining: 1m 59s
Rendered 142/3679, time remaining: 1m 59s
Rendered 143/3679, time remaining: 1m 58s
Rendered 144/3679, time remaining: 1m 58s
Rendered 145/3679, time remaining: 1m 59s
Rendered 146/3679, time remaining: 1m 58s
Rendered 147/3679, time remaining: 1m 58s
Rendered 148/3679, time remaining: 1m 57s
Rendered 149/3679, time remaining: 1m 57s
Rendered 150/3679, time remaining: 1m 58s
Rendered 151/3679, time remaining: 1m 41s
Rendered 152/3679, time remaining: 1m 42s
Rendered 153/3679, time remaining: 1m 42s
Rendered 154/3679, time remaining: 1m 42s
Rendered 155/3679, time remaining: 1m 42s
Rendered 156/3679, time remaining: 1m 43s
Rendered 157/3679, time remaining: 1m 40s
Rendered 158/3679, time remaining: 1m 41s
Rendered 159/3679, time remaining: 1m 42s
Rendered 160/3679, time remaining: 1m 42s
Rendered 161/3679, time remaining: 1m 40s
Rendered 162/3679, time remaining: 1m 40s
Rendered 163/3679, time remaining: 1m 40s
Rendered 164/3679, time remaining: 1m 40s
Rendered 165/3679, time remaining: 1m 43s
Rendered 166/3679, time remaining: 1m 41s
Rendered 167/3679, time remaining: 1m 40s
Rendered 168/3679, time remaining: 1m 40s
Rendered 169/3679, time remaining: 1m 39s
Rendered 170/3679, time remaining: 1m 39s
Rendered 171/3679, time remaining: 1m 41s
Rendered 172/3679, time remaining: 1m 41s
Rendered 173/3679, time remaining: 1m 41s
Rendered 174/3679, time remaining: 1m 41s
Rendered 175/3679, time remaining: 1m 39s
Rendered 176/3679, time remaining: 1m 39s
Rendered 177/3679, time remaining: 1m 41s
Rendered 178/3679, time remaining: 1m 41s
Rendered 179/3679, time remaining: 1m 41s
Rendered 180/3679, time remaining: 1m 40s
Rendered 181/3679, time remaining: 1m 39s
Rendered 182/3679, time remaining: 1m 38s
Rendered 183/3679, time remaining: 1m 39s
Rendered 184/3679, time remaining: 1m 40s
Rendered 185/3679, time remaining: 1m 40s
Rendered 186/3679, time remaining: 1m 40s
Rendered 187/3679, time remaining: 1m 38s
Rendered 188/3679, time remaining: 1m 40s
Rendered 189/3679, time remaining: 1m 40s
Rendered 190/3679, time remaining: 1m 40s
Rendered 191/3679, time remaining: 1m 40s
Rendered 192/3679, time remaining: 1m 39s
Rendered 193/3679, time remaining: 1m 37s
Rendered 194/3679, time remaining: 1m 40s
Rendered 195/3679, time remaining: 1m 39s
Rendered 196/3679, time remaining: 1m 40s
Rendered 197/3679, time remaining: 1m 40s
Rendered 198/3679, time remaining: 1m 39s
Rendered 199/3679, time remaining: 1m 36s
Rendered 200/3679, time remaining: 1m 39s
Rendered 201/3679, time remaining: 1m 39s
Rendered 202/3679, time remaining: 1m 39s
Rendered 203/3679, time remaining: 1m 39s
Rendered 204/3679, time remaining: 1m 39s
Rendered 205/3679, time remaining: 1m 36s
Rendered 206/3679, time remaining: 1m 38s
Rendered 207/3679, time remaining: 1m 39s
Rendered 208/3679, time remaining: 1m 39s
Rendered 209/3679, time remaining: 1m 38s
Rendered 210/3679, time remaining: 1m 38s
Rendered 211/3679, time remaining: 1m 36s
Rendered 212/3679, time remaining: 1m 36s
Rendered 213/3679, time remaining: 1m 39s
Rendered 214/3679, time remaining: 1m 39s
Rendered 215/3679, time remaining: 1m 39s
Rendered 216/3679, time remaining: 1m 39s
Rendered 217/3679, time remaining: 1m 37s
Rendered 218/3679, time remaining: 1m 37s
Rendered 219/3679, time remaining: 1m 39s
Rendered 220/3679, time remaining: 1m 39s
Rendered 221/3679, time remaining: 1m 40s
Rendered 222/3679, time remaining: 1m 40s
Rendered 223/3679, time remaining: 1m 38s
Rendered 224/3679, time remaining: 1m 40s
Rendered 225/3679, time remaining: 1m 39s
Rendered 226/3679, time remaining: 1m 39s
Rendered 227/3679, time remaining: 1m 39s
Rendered 228/3679, time remaining: 1m 39s
Rendered 229/3679, time remaining: 1m 37s
Rendered 230/3679, time remaining: 1m 40s
Rendered 231/3679, time remaining: 1m 40s
Rendered 232/3679, time remaining: 1m 40s
Rendered 233/3679, time remaining: 1m 40s
Rendered 234/3679, time remaining: 1m 41s
Rendered 235/3679, time remaining: 1m 39s
Rendered 236/3679, time remaining: 1m 40s
Rendered 237/3679, time remaining: 1m 42s
Rendered 238/3679, time remaining: 1m 43s
Rendered 239/3679, time remaining: 1m 43s
Rendered 240/3679, time remaining: 1m 43s
Rendered 241/3679, time remaining: 1m 41s
Rendered 242/3679, time remaining: 1m 42s
Rendered 243/3679, time remaining: 1m 42s
Rendered 244/3679, time remaining: 1m 42s
Rendered 245/3679, time remaining: 1m 43s
Rendered 246/3679, time remaining: 1m 43s
Rendered 247/3679, time remaining: 1m 40s
Rendered 248/3679, time remaining: 1m 42s
Rendered 249/3679, time remaining: 1m 42s
Rendered 250/3679, time remaining: 1m 42s
Rendered 251/3679, time remaining: 1m 42s
Rendered 252/3679, time remaining: 1m 42s
Rendered 253/3679, time remaining: 1m 40s
Rendered 254/3679, time remaining: 1m 42s
Rendered 255/3679, time remaining: 1m 42s
Rendered 256/3679, time remaining: 1m 42s
Rendered 257/3679, time remaining: 1m 42s
Rendered 258/3679, time remaining: 1m 42s
Rendered 259/3679, time remaining: 1m 40s
Rendered 260/3679, time remaining: 1m 42s
Rendered 261/3679, time remaining: 1m 42s
Rendered 262/3679, time remaining: 1m 42s
Rendered 263/3679, time remaining: 1m 42s
Rendered 264/3679, time remaining: 1m 42s
Rendered 265/3679, time remaining: 1m 41s
Rendered 266/3679, time remaining: 1m 42s
Rendered 267/3679, time remaining: 1m 41s
Rendered 268/3679, time remaining: 1m 42s
Rendered 269/3679, time remaining: 1m 42s
Rendered 270/3679, time remaining: 1m 42s
Rendered 271/3679, time remaining: 1m 42s
Rendered 272/3679, time remaining: 1m 41s
Rendered 273/3679, time remaining: 1m 42s
Rendered 274/3679, time remaining: 1m 42s
Rendered 275/3679, time remaining: 1m 42s
Rendered 276/3679, time remaining: 1m 42s
Rendered 277/3679, time remaining: 1m 43s
Rendered 278/3679, time remaining: 1m 42s
Rendered 279/3679, time remaining: 1m 42s
Rendered 280/3679, time remaining: 1m 42s
Rendered 281/3679, time remaining: 1m 42s
Rendered 282/3679, time remaining: 1m 42s
Rendered 283/3679, time remaining: 1m 42s
Rendered 284/3679, time remaining: 1m 43s
Rendered 285/3679, time remaining: 1m 42s
Rendered 286/3679, time remaining: 1m 42s
Rendered 287/3679, time remaining: 1m 42s
Rendered 288/3679, time remaining: 1m 42s
Rendered 289/3679, time remaining: 1m 40s
Rendered 290/3679, time remaining: 1m 42s
Rendered 291/3679, time remaining: 1m 43s
Rendered 292/3679, time remaining: 1m 43s
Rendered 293/3679, time remaining: 1m 43s
Rendered 294/3679, time remaining: 1m 43s
Rendered 295/3679, time remaining: 1m 41s
Rendered 296/3679, time remaining: 1m 41s
Rendered 297/3679, time remaining: 1m 43s
Rendered 298/3679, time remaining: 1m 43s
Rendered 299/3679, time remaining: 1m 43s
Rendered 300/3679, time remaining: 1m 41s
Rendered 301/3679, time remaining: 1m 41s
Rendered 302/3679, time remaining: 1m 41s
Rendered 303/3679, time remaining: 1m 42s
Rendered 304/3679, time remaining: 1m 43s
Rendered 305/3679, time remaining: 1m 44s
Rendered 306/3679, time remaining: 1m 41s
Rendered 307/3679, time remaining: 1m 41s
Rendered 308/3679, time remaining: 1m 41s
Rendered 309/3679, time remaining: 1m 40s
Rendered 310/3679, time remaining: 1m 42s
Rendered 311/3679, time remaining: 1m 42s
Rendered 312/3679, time remaining: 1m 42s
Rendered 313/3679, time remaining: 1m 41s
Rendered 314/3679, time remaining: 1m 41s
Rendered 315/3679, time remaining: 1m 39s
Rendered 316/3679, time remaining: 1m 42s
Rendered 317/3679, time remaining: 1m 42s
Rendered 318/3679, time remaining: 1m 42s
Rendered 319/3679, time remaining: 1m 41s
Rendered 320/3679, time remaining: 1m 42s
Rendered 321/3679, time remaining: 1m 40s
Rendered 322/3679, time remaining: 1m 40s
Rendered 323/3679, time remaining: 1m 40s
Rendered 324/3679, time remaining: 1m 42s
Rendered 325/3679, time remaining: 1m 42s
Rendered 326/3679, time remaining: 1m 42s
Rendered 327/3679, time remaining: 1m 40s
Rendered 328/3679, time remaining: 1m 39s
Rendered 329/3679, time remaining: 1m 40s
Rendered 330/3679, time remaining: 1m 40s
Rendered 331/3679, time remaining: 1m 42s
Rendered 332/3679, time remaining: 1m 42s
Rendered 333/3679, time remaining: 1m 41s
Rendered 334/3679, time remaining: 1m 39s
Rendered 335/3679, time remaining: 1m 39s
Rendered 336/3679, time remaining: 1m 39s
Rendered 337/3679, time remaining: 1m 41s
Rendered 338/3679, time remaining: 1m 39s
Rendered 339/3679, time remaining: 1m 40s
Rendered 340/3679, time remaining: 1m 39s
Rendered 341/3679, time remaining: 1m 40s
Rendered 342/3679, time remaining: 1m 40s
Rendered 343/3679, time remaining: 1m 41s
Rendered 344/3679, time remaining: 1m 39s
Rendered 345/3679, time remaining: 1m 39s
Rendered 346/3679, time remaining: 1m 38s
Rendered 347/3679, time remaining: 1m 39s
Rendered 348/3679, time remaining: 1m 39s
Rendered 349/3679, time remaining: 1m 41s
Rendered 350/3679, time remaining: 1m 38s
Rendered 351/3679, time remaining: 1m 38s
Rendered 352/3679, time remaining: 1m 38s
Rendered 353/3679, time remaining: 1m 38s
Rendered 354/3679, time remaining: 1m 39s
Rendered 355/3679, time remaining: 1m 40s
Rendered 356/3679, time remaining: 1m 38s
Rendered 357/3679, time remaining: 1m 38s
Rendered 358/3679, time remaining: 1m 38s
Rendered 359/3679, time remaining: 1m 38s
Rendered 360/3679, time remaining: 1m 38s
Rendered 361/3679, time remaining: 1m 40s
Rendered 362/3679, time remaining: 1m 40s
Rendered 363/3679, time remaining: 1m 37s
Rendered 364/3679, time remaining: 1m 37s
Rendered 365/3679, time remaining: 1m 37s
Rendered 366/3679, time remaining: 1m 37s
Rendered 367/3679, time remaining: 1m 39s
Rendered 368/3679, time remaining: 1m 39s
Rendered 369/3679, time remaining: 1m 37s
Rendered 370/3679, time remaining: 1m 37s
Rendered 371/3679, time remaining: 1m 36s
Rendered 372/3679, time remaining: 1m 36s
Rendered 373/3679, time remaining: 1m 36s
Rendered 374/3679, time remaining: 1m 36s
Rendered 375/3679, time remaining: 1m 36s
Rendered 376/3679, time remaining: 1m 36s
Rendered 377/3679, time remaining: 1m 36s
Rendered 378/3679, time remaining: 1m 36s
Rendered 379/3679, time remaining: 1m 36s
Rendered 380/3679, time remaining: 1m 35s
Rendered 381/3679, time remaining: 1m 35s
Rendered 382/3679, time remaining: 1m 35s
Rendered 383/3679, time remaining: 1m 34s
Rendered 384/3679, time remaining: 1m 34s
Rendered 385/3679, time remaining: 1m 35s
Rendered 386/3679, time remaining: 1m 34s
Rendered 387/3679, time remaining: 1m 33s
Rendered 388/3679, time remaining: 1m 32s
Rendered 389/3679, time remaining: 1m 32s
Rendered 390/3679, time remaining: 1m 33s
Rendered 391/3679, time remaining: 1m 32s
Rendered 392/3679, time remaining: 1m 31s
Rendered 393/3679, time remaining: 1m 31s
Rendered 394/3679, time remaining: 1m 31s
Rendered 395/3679, time remaining: 1m 30s
Rendered 396/3679, time remaining: 1m 30s
Rendered 397/3679, time remaining: 1m 30s
Rendered 398/3679, time remaining: 1m 28s
Rendered 399/3679, time remaining: 1m 29s
Rendered 400/3679, time remaining: 1m 28s
Rendered 401/3679, time remaining: 1m 28s
Rendered 402/3679, time remaining: 1m 28s
Rendered 403/3679, time remaining: 1m 28s
Rendered 404/3679, time remaining: 1m 26s
Rendered 405/3679, time remaining: 1m 26s
Rendered 406/3679, time remaining: 1m 26s
Rendered 407/3679, time remaining: 1m 26s
Rendered 408/3679, time remaining: 1m 26s
Rendered 409/3679, time remaining: 1m 26s
Rendered 410/3679, time remaining: 1m 24s
Rendered 411/3679, time remaining: 1m 26s
Rendered 412/3679, time remaining: 1m 25s
Rendered 413/3679, time remaining: 1m 25s
Rendered 414/3679, time remaining: 1m 25s
Rendered 415/3679, time remaining: 1m 26s
Rendered 416/3679, time remaining: 1m 25s
Rendered 417/3679, time remaining: 1m 25s
Rendered 418/3679, time remaining: 1m 25s
Rendered 419/3679, time remaining: 1m 25s
Rendered 420/3679, time remaining: 1m 25s
Rendered 421/3679, time remaining: 1m 25s
Rendered 422/3679, time remaining: 1m 24s
Rendered 423/3679, time remaining: 1m 24s
Rendered 424/3679, time remaining: 1m 24s
Rendered 425/3679, time remaining: 1m 24s
Rendered 426/3679, time remaining: 1m 24s
Rendered 427/3679, time remaining: 1m 23s
Rendered 428/3679, time remaining: 1m 23s
Rendered 429/3679, time remaining: 1m 23s
Rendered 430/3679, time remaining: 1m 23s
Rendered 431/3679, time remaining: 1m 23s
Rendered 432/3679, time remaining: 1m 23s
Rendered 433/3679, time remaining: 1m 22s
Rendered 434/3679, time remaining: 1m 23s
Rendered 435/3679, time remaining: 1m 23s
Rendered 436/3679, time remaining: 1m 24s
Rendered 437/3679, time remaining: 1m 24s
Rendered 438/3679, time remaining: 1m 23s
Rendered 439/3679, time remaining: 1m 24s
Rendered 440/3679, time remaining: 1m 21s
Rendered 441/3679, time remaining: 1m 20s
Rendered 442/3679, time remaining: 1m 22s
Rendered 443/3679, time remaining: 1m 23s
Rendered 444/3679, time remaining: 1m 22s
Rendered 445/3679, time remaining: 1m 22s
Rendered 446/3679, time remaining: 1m 23s
Rendered 447/3679, time remaining: 1m 20s
Rendered 448/3679, time remaining: 1m 21s
Rendered 449/3679, time remaining: 1m 23s
Rendered 450/3679, time remaining: 1m 23s
Rendered 451/3679, time remaining: 1m 23s
Rendered 452/3679, time remaining: 1m 22s
Rendered 453/3679, time remaining: 1m 21s
Rendered 454/3679, time remaining: 1m 20s
Rendered 455/3679, time remaining: 1m 23s
Rendered 456/3679, time remaining: 1m 23s
Rendered 457/3679, time remaining: 1m 23s
Rendered 458/3679, time remaining: 1m 23s
Rendered 459/3679, time remaining: 1m 23s
Rendered 460/3679, time remaining: 1m 21s
Rendered 461/3679, time remaining: 1m 22s
Rendered 462/3679, time remaining: 1m 23s
Rendered 463/3679, time remaining: 1m 23s
Rendered 464/3679, time remaining: 1m 23s
Rendered 465/3679, time remaining: 1m 23s
Rendered 466/3679, time remaining: 1m 21s
Rendered 467/3679, time remaining: 1m 22s
Rendered 468/3679, time remaining: 1m 23s
Rendered 469/3679, time remaining: 1m 23s
Rendered 470/3679, time remaining: 1m 23s
Rendered 471/3679, time remaining: 1m 22s
Rendered 472/3679, time remaining: 1m 22s
Rendered 473/3679, time remaining: 1m 22s
Rendered 474/3679, time remaining: 1m 22s
Rendered 475/3679, time remaining: 1m 22s
Rendered 476/3679, time remaining: 1m 22s
Rendered 477/3679, time remaining: 1m 23s
Rendered 478/3679, time remaining: 1m 23s
Rendered 479/3679, time remaining: 1m 23s
Rendered 480/3679, time remaining: 1m 24s
Rendered 481/3679, time remaining: 1m 22s
Rendered 482/3679, time remaining: 1m 21s
Rendered 483/3679, time remaining: 1m 22s
Rendered 484/3679, time remaining: 1m 22s
Rendered 485/3679, time remaining: 1m 24s
Rendered 486/3679, time remaining: 1m 23s
Rendered 487/3679, time remaining: 1m 22s
Rendered 488/3679, time remaining: 1m 22s
Rendered 489/3679, time remaining: 1m 21s
Rendered 490/3679, time remaining: 1m 22s
Rendered 491/3679, time remaining: 1m 23s
Rendered 492/3679, time remaining: 1m 23s
Rendered 493/3679, time remaining: 1m 22s
Rendered 494/3679, time remaining: 1m 22s
Rendered 495/3679, time remaining: 1m 22s
Rendered 496/3679, time remaining: 1m 22s
Rendered 497/3679, time remaining: 1m 22s
Rendered 498/3679, time remaining: 1m 24s
Rendered 499/3679, time remaining: 1m 22s
Rendered 500/3679, time remaining: 1m 22s
Rendered 501/3679, time remaining: 1m 22s
Rendered 502/3679, time remaining: 1m 22s
Rendered 503/3679, time remaining: 1m 22s
Rendered 504/3679, time remaining: 1m 23s
Rendered 505/3679, time remaining: 1m 22s
Rendered 506/3679, time remaining: 1m 22s
Rendered 507/3679, time remaining: 1m 21s
Rendered 508/3679, time remaining: 1m 21s
Rendered 509/3679, time remaining: 1m 21s
Rendered 510/3679, time remaining: 1m 24s
Rendered 511/3679, time remaining: 1m 22s
Rendered 512/3679, time remaining: 1m 22s
Rendered 513/3679, time remaining: 1m 21s
Rendered 514/3679, time remaining: 1m 22s
Rendered 515/3679, time remaining: 1m 21s
Rendered 516/3679, time remaining: 1m 24s
Rendered 517/3679, time remaining: 1m 22s
Rendered 518/3679, time remaining: 1m 22s
Rendered 519/3679, time remaining: 1m 22s
Rendered 520/3679, time remaining: 1m 22s
Rendered 521/3679, time remaining: 1m 21s
Rendered 522/3679, time remaining: 1m 23s
Rendered 523/3679, time remaining: 1m 22s
Rendered 524/3679, time remaining: 1m 21s
Rendered 525/3679, time remaining: 1m 22s
Rendered 526/3679, time remaining: 1m 22s
Rendered 527/3679, time remaining: 1m 22s
Rendered 528/3679, time remaining: 1m 22s
Rendered 529/3679, time remaining: 1m 22s
Rendered 530/3679, time remaining: 1m 21s
Rendered 531/3679, time remaining: 1m 22s
Rendered 532/3679, time remaining: 1m 22s
Rendered 533/3679, time remaining: 1m 22s
Rendered 534/3679, time remaining: 1m 22s
Rendered 535/3679, time remaining: 1m 22s
Rendered 536/3679, time remaining: 1m 22s
Rendered 537/3679, time remaining: 1m 22s
Rendered 538/3679, time remaining: 1m 22s
Rendered 539/3679, time remaining: 1m 22s
Rendered 540/3679, time remaining: 1m 22s
Rendered 541/3679, time remaining: 1m 22s
Rendered 542/3679, time remaining: 1m 21s
Rendered 543/3679, time remaining: 1m 24s
Rendered 544/3679, time remaining: 1m 24s
Rendered 545/3679, time remaining: 1m 24s
Rendered 546/3679, time remaining: 1m 24s
Rendered 547/3679, time remaining: 1m 24s
Rendered 548/3679, time remaining: 1m 24s
Rendered 549/3679, time remaining: 1m 27s
Rendered 550/3679, time remaining: 1m 27s
Rendered 551/3679, time remaining: 1m 27s
Rendered 552/3679, time remaining: 1m 27s
Rendered 553/3679, time remaining: 1m 27s
Rendered 554/3679, time remaining: 1m 27s
Rendered 555/3679, time remaining: 1m 29s
Rendered 556/3679, time remaining: 1m 29s
Rendered 557/3679, time remaining: 1m 29s
Rendered 558/3679, time remaining: 1m 29s
Rendered 559/3679, time remaining: 1m 29s
Rendered 560/3679, time remaining: 1m 30s
Rendered 561/3679, time remaining: 1m 29s
Rendered 562/3679, time remaining: 1m 29s
Rendered 563/3679, time remaining: 1m 29s
Rendered 564/3679, time remaining: 1m 29s
Rendered 565/3679, time remaining: 1m 29s
Rendered 566/3679, time remaining: 1m 30s
Rendered 567/3679, time remaining: 1m 30s
Rendered 568/3679, time remaining: 1m 30s
Rendered 569/3679, time remaining: 1m 30s
Rendered 570/3679, time remaining: 1m 29s
Rendered 571/3679, time remaining: 1m 30s
Rendered 572/3679, time remaining: 1m 31s
Rendered 573/3679, time remaining: 1m 31s
Rendered 574/3679, time remaining: 1m 30s
Rendered 575/3679, time remaining: 1m 30s
Rendered 576/3679, time remaining: 1m 31s
Rendered 577/3679, time remaining: 1m 30s
Rendered 578/3679, time remaining: 1m 31s
Rendered 579/3679, time remaining: 1m 31s
Rendered 580/3679, time remaining: 1m 31s
Rendered 581/3679, time remaining: 1m 31s
Rendered 582/3679, time remaining: 1m 31s
Rendered 583/3679, time remaining: 1m 31s
Rendered 584/3679, time remaining: 1m 32s
Rendered 585/3679, time remaining: 1m 33s
Rendered 586/3679, time remaining: 1m 32s
Rendered 587/3679, time remaining: 1m 32s
Rendered 588/3679, time remaining: 1m 32s
Rendered 589/3679, time remaining: 1m 32s
Rendered 590/3679, time remaining: 1m 33s
Rendered 591/3679, time remaining: 1m 34s
Rendered 592/3679, time remaining: 1m 32s
Rendered 593/3679, time remaining: 1m 31s
Rendered 594/3679, time remaining: 1m 31s
Rendered 595/3679, time remaining: 1m 32s
Rendered 596/3679, time remaining: 1m 33s
Rendered 597/3679, time remaining: 1m 34s
Rendered 598/3679, time remaining: 1m 34s
Rendered 599/3679, time remaining: 1m 31s
Rendered 600/3679, time remaining: 1m 32s
Rendered 601/3679, time remaining: 1m 32s
Rendered 602/3679, time remaining: 1m 32s
Rendered 603/3679, time remaining: 1m 34s
Rendered 604/3679, time remaining: 1m 34s
Rendered 605/3679, time remaining: 1m 32s
Rendered 606/3679, time remaining: 1m 32s
Rendered 607/3679, time remaining: 1m 32s
Rendered 608/3679, time remaining: 1m 33s
Rendered 609/3679, time remaining: 1m 34s
Rendered 610/3679, time remaining: 1m 34s
Rendered 611/3679, time remaining: 1m 32s
Rendered 612/3679, time remaining: 1m 32s
Rendered 613/3679, time remaining: 1m 32s
Rendered 614/3679, time remaining: 1m 33s
Rendered 615/3679, time remaining: 1m 34s
Rendered 616/3679, time remaining: 1m 33s
Rendered 617/3679, time remaining: 1m 32s
Rendered 618/3679, time remaining: 1m 32s
Rendered 619/3679, time remaining: 1m 32s
Rendered 620/3679, time remaining: 1m 33s
Rendered 621/3679, time remaining: 1m 34s
Rendered 622/3679, time remaining: 1m 33s
Rendered 623/3679, time remaining: 1m 33s
Rendered 624/3679, time remaining: 1m 33s
Rendered 625/3679, time remaining: 1m 32s
Rendered 626/3679, time remaining: 1m 32s
Rendered 627/3679, time remaining: 1m 33s
Rendered 628/3679, time remaining: 1m 33s
Rendered 629/3679, time remaining: 1m 32s
Rendered 630/3679, time remaining: 1m 32s
Rendered 631/3679, time remaining: 1m 32s
Rendered 632/3679, time remaining: 1m 32s
Rendered 633/3679, time remaining: 1m 32s
Rendered 634/3679, time remaining: 1m 34s
Rendered 635/3679, time remaining: 1m 32s
Rendered 636/3679, time remaining: 1m 32s
Rendered 637/3679, time remaining: 1m 32s
Rendered 638/3679, time remaining: 1m 32s
Rendered 639/3679, time remaining: 1m 32s
Rendered 640/3679, time remaining: 1m 33s
Rendered 641/3679, time remaining: 1m 32s
Rendered 642/3679, time remaining: 1m 32s
Rendered 643/3679, time remaining: 1m 32s
Rendered 644/3679, time remaining: 1m 31s
Rendered 645/3679, time remaining: 1m 31s
Rendered 646/3679, time remaining: 1m 34s
Rendered 647/3679, time remaining: 1m 33s
Rendered 648/3679, time remaining: 1m 31s
Rendered 649/3679, time remaining: 1m 32s
Rendered 650/3679, time remaining: 1m 32s
Rendered 651/3679, time remaining: 1m 31s
Rendered 652/3679, time remaining: 1m 33s
Rendered 653/3679, time remaining: 1m 33s
Rendered 654/3679, time remaining: 1m 31s
Rendered 655/3679, time remaining: 1m 32s
Rendered 656/3679, time remaining: 1m 31s
Rendered 657/3679, time remaining: 1m 33s
Rendered 658/3679, time remaining: 1m 33s
Rendered 659/3679, time remaining: 1m 33s
Rendered 660/3679, time remaining: 1m 31s
Rendered 661/3679, time remaining: 1m 31s
Rendered 662/3679, time remaining: 1m 31s
Rendered 663/3679, time remaining: 1m 33s
Rendered 664/3679, time remaining: 1m 33s
Rendered 665/3679, time remaining: 1m 33s
Rendered 666/3679, time remaining: 1m 31s
Rendered 667/3679, time remaining: 1m 31s
Rendered 668/3679, time remaining: 1m 31s
Rendered 669/3679, time remaining: 1m 31s
Rendered 670/3679, time remaining: 1m 33s
Rendered 671/3679, time remaining: 1m 33s
Rendered 672/3679, time remaining: 1m 31s
Rendered 673/3679, time remaining: 1m 31s
Rendered 674/3679, time remaining: 1m 32s
Rendered 675/3679, time remaining: 1m 31s
Rendered 676/3679, time remaining: 1m 32s
Rendered 677/3679, time remaining: 1m 32s
Rendered 678/3679, time remaining: 1m 32s
Rendered 679/3679, time remaining: 1m 32s
Rendered 680/3679, time remaining: 1m 31s
Rendered 681/3679, time remaining: 1m 30s
Rendered 682/3679, time remaining: 1m 32s
Rendered 683/3679, time remaining: 1m 32s
Rendered 684/3679, time remaining: 1m 31s
Rendered 685/3679, time remaining: 1m 31s
Rendered 686/3679, time remaining: 1m 31s
Rendered 687/3679, time remaining: 1m 31s
Rendered 688/3679, time remaining: 1m 31s
Rendered 689/3679, time remaining: 1m 31s
Rendered 690/3679, time remaining: 1m 31s
Rendered 691/3679, time remaining: 1m 33s
Rendered 692/3679, time remaining: 1m 32s
Rendered 693/3679, time remaining: 1m 30s
Rendered 694/3679, time remaining: 1m 31s
Rendered 695/3679, time remaining: 1m 31s
Rendered 696/3679, time remaining: 1m 31s
Rendered 697/3679, time remaining: 1m 31s
Rendered 698/3679, time remaining: 1m 31s
Rendered 699/3679, time remaining: 1m 29s
Rendered 700/3679, time remaining: 1m 29s
Rendered 701/3679, time remaining: 1m 29s
Rendered 702/3679, time remaining: 1m 29s
Rendered 703/3679, time remaining: 1m 30s
Rendered 704/3679, time remaining: 1m 30s
Rendered 705/3679, time remaining: 1m 29s
Rendered 706/3679, time remaining: 1m 29s
Rendered 707/3679, time remaining: 1m 29s
Rendered 708/3679, time remaining: 1m 29s
Rendered 709/3679, time remaining: 1m 29s
Rendered 710/3679, time remaining: 1m 27s
Rendered 711/3679, time remaining: 1m 29s
Rendered 712/3679, time remaining: 1m 29s
Rendered 713/3679, time remaining: 1m 28s
Rendered 714/3679, time remaining: 1m 29s
Rendered 715/3679, time remaining: 1m 28s
Rendered 716/3679, time remaining: 1m 26s
Rendered 717/3679, time remaining: 1m 27s
Rendered 718/3679, time remaining: 1m 27s
Rendered 719/3679, time remaining: 1m 27s
Rendered 720/3679, time remaining: 1m 28s
Rendered 721/3679, time remaining: 1m 27s
Rendered 722/3679, time remaining: 1m 26s
Rendered 723/3679, time remaining: 1m 27s
Rendered 724/3679, time remaining: 1m 27s
Rendered 725/3679, time remaining: 1m 27s
Rendered 726/3679, time remaining: 1m 27s
Rendered 727/3679, time remaining: 1m 27s
Rendered 728/3679, time remaining: 1m 25s
Rendered 729/3679, time remaining: 1m 24s
Rendered 730/3679, time remaining: 1m 27s
Rendered 731/3679, time remaining: 1m 27s
Rendered 732/3679, time remaining: 1m 27s
Rendered 733/3679, time remaining: 1m 27s
Rendered 734/3679, time remaining: 1m 25s
Rendered 735/3679, time remaining: 1m 24s
Rendered 736/3679, time remaining: 1m 25s
Rendered 737/3679, time remaining: 1m 25s
Rendered 738/3679, time remaining: 1m 25s
Rendered 739/3679, time remaining: 1m 25s
Rendered 740/3679, time remaining: 1m 24s
Rendered 741/3679, time remaining: 1m 23s
Rendered 742/3679, time remaining: 1m 25s
Rendered 743/3679, time remaining: 1m 25s
Rendered 744/3679, time remaining: 1m 24s
Rendered 745/3679, time remaining: 1m 24s
Rendered 746/3679, time remaining: 1m 23s
Rendered 747/3679, time remaining: 1m 22s
Rendered 748/3679, time remaining: 1m 24s
Rendered 749/3679, time remaining: 1m 24s
Rendered 750/3679, time remaining: 1m 23s
Rendered 751/3679, time remaining: 1m 24s
Rendered 752/3679, time remaining: 1m 23s
Rendered 753/3679, time remaining: 1m 22s
Rendered 754/3679, time remaining: 1m 22s
Rendered 755/3679, time remaining: 1m 22s
Rendered 756/3679, time remaining: 1m 23s
Rendered 757/3679, time remaining: 1m 23s
Rendered 758/3679, time remaining: 1m 23s
Rendered 759/3679, time remaining: 1m 21s
Rendered 760/3679, time remaining: 1m 21s
Rendered 761/3679, time remaining: 1m 21s
Rendered 762/3679, time remaining: 1m 23s
Rendered 763/3679, time remaining: 1m 23s
Rendered 764/3679, time remaining: 1m 22s
Rendered 765/3679, time remaining: 1m 22s
Rendered 766/3679, time remaining: 1m 22s
Rendered 767/3679, time remaining: 1m 22s
Rendered 768/3679, time remaining: 1m 22s
Rendered 769/3679, time remaining: 1m 22s
Rendered 770/3679, time remaining: 1m 22s
Rendered 771/3679, time remaining: 1m 21s
Rendered 772/3679, time remaining: 1m 21s
Rendered 773/3679, time remaining: 1m 22s
Rendered 774/3679, time remaining: 1m 22s
Rendered 775/3679, time remaining: 1m 22s
Rendered 776/3679, time remaining: 1m 22s
Rendered 777/3679, time remaining: 1m 21s
Rendered 778/3679, time remaining: 1m 20s
Rendered 779/3679, time remaining: 1m 20s
Rendered 780/3679, time remaining: 1m 22s
Rendered 781/3679, time remaining: 1m 22s
Rendered 782/3679, time remaining: 1m 22s
Rendered 783/3679, time remaining: 1m 22s
Rendered 784/3679, time remaining: 1m 20s
Rendered 785/3679, time remaining: 1m 20s
Rendered 786/3679, time remaining: 1m 22s
Rendered 787/3679, time remaining: 1m 21s
Rendered 788/3679, time remaining: 1m 22s
Rendered 789/3679, time remaining: 1m 21s
Rendered 790/3679, time remaining: 1m 20s
Rendered 791/3679, time remaining: 1m 20s
Rendered 792/3679, time remaining: 1m 22s
Rendered 793/3679, time remaining: 1m 22s
Rendered 794/3679, time remaining: 1m 22s
Rendered 795/3679, time remaining: 1m 22s
Rendered 796/3679, time remaining: 1m 20s
Rendered 797/3679, time remaining: 1m 20s
Rendered 798/3679, time remaining: 1m 20s
Rendered 799/3679, time remaining: 1m 21s
Rendered 800/3679, time remaining: 1m 22s
Rendered 801/3679, time remaining: 1m 22s
Rendered 802/3679, time remaining: 1m 20s
Rendered 803/3679, time remaining: 1m 20s
Rendered 804/3679, time remaining: 1m 20s
Rendered 805/3679, time remaining: 1m 21s
Rendered 806/3679, time remaining: 1m 21s
Rendered 807/3679, time remaining: 1m 20s
Rendered 808/3679, time remaining: 1m 20s
Rendered 809/3679, time remaining: 1m 20s
Rendered 810/3679, time remaining: 1m 21s
Rendered 811/3679, time remaining: 1m 21s
Rendered 812/3679, time remaining: 1m 21s
Rendered 813/3679, time remaining: 1m 19s
Rendered 814/3679, time remaining: 1m 19s
Rendered 815/3679, time remaining: 1m 19s
Rendered 816/3679, time remaining: 1m 20s
Rendered 817/3679, time remaining: 1m 20s
Rendered 818/3679, time remaining: 1m 20s
Rendered 819/3679, time remaining: 1m 20s
Rendered 820/3679, time remaining: 1m 19s
Rendered 821/3679, time remaining: 1m 19s
Rendered 822/3679, time remaining: 1m 20s
Rendered 823/3679, time remaining: 1m 20s
Rendered 824/3679, time remaining: 1m 19s
Rendered 825/3679, time remaining: 1m 20s
Rendered 826/3679, time remaining: 1m 19s
Rendered 827/3679, time remaining: 1m 20s
Rendered 828/3679, time remaining: 1m 20s
Rendered 829/3679, time remaining: 1m 20s
Rendered 830/3679, time remaining: 1m 20s
Rendered 831/3679, time remaining: 1m 20s
Rendered 832/3679, time remaining: 1m 19s
Rendered 833/3679, time remaining: 1m 20s
Rendered 834/3679, time remaining: 1m 20s
Rendered 835/3679, time remaining: 1m 20s
Rendered 836/3679, time remaining: 1m 19s
Rendered 837/3679, time remaining: 1m 19s
Rendered 838/3679, time remaining: 1m 21s
Rendered 839/3679, time remaining: 1m 20s
Rendered 840/3679, time remaining: 1m 21s
Rendered 841/3679, time remaining: 1m 19s
Rendered 842/3679, time remaining: 1m 19s
Rendered 843/3679, time remaining: 1m 19s
Rendered 844/3679, time remaining: 1m 21s
Rendered 845/3679, time remaining: 1m 21s
Rendered 846/3679, time remaining: 1m 21s
Rendered 847/3679, time remaining: 1m 21s
Rendered 848/3679, time remaining: 1m 21s
Rendered 849/3679, time remaining: 1m 20s
Rendered 850/3679, time remaining: 1m 21s
Rendered 851/3679, time remaining: 1m 22s
Rendered 852/3679, time remaining: 1m 21s
Rendered 853/3679, time remaining: 1m 21s
Rendered 854/3679, time remaining: 1m 21s
Rendered 855/3679, time remaining: 1m 20s
Rendered 856/3679, time remaining: 1m 22s
Rendered 857/3679, time remaining: 1m 22s
Rendered 858/3679, time remaining: 1m 22s
Rendered 859/3679, time remaining: 1m 21s
Rendered 860/3679, time remaining: 1m 22s
Rendered 861/3679, time remaining: 1m 20s
Rendered 862/3679, time remaining: 1m 21s
Rendered 863/3679, time remaining: 1m 22s
Rendered 864/3679, time remaining: 1m 22s
Rendered 865/3679, time remaining: 1m 22s
Rendered 866/3679, time remaining: 1m 22s
Rendered 867/3679, time remaining: 1m 22s
Rendered 868/3679, time remaining: 1m 23s
Rendered 869/3679, time remaining: 1m 22s
Rendered 870/3679, time remaining: 1m 22s
Rendered 871/3679, time remaining: 1m 22s
Rendered 872/3679, time remaining: 1m 21s
Rendered 873/3679, time remaining: 1m 22s
Rendered 874/3679, time remaining: 1m 22s
Rendered 875/3679, time remaining: 1m 22s
Rendered 876/3679, time remaining: 1m 23s
Rendered 877/3679, time remaining: 1m 23s
Rendered 878/3679, time remaining: 1m 23s
Rendered 879/3679, time remaining: 1m 23s
Rendered 880/3679, time remaining: 1m 22s
Rendered 881/3679, time remaining: 1m 22s
Rendered 882/3679, time remaining: 1m 23s
Rendered 883/3679, time remaining: 1m 23s
Rendered 884/3679, time remaining: 1m 23s
Rendered 885/3679, time remaining: 1m 23s
Rendered 886/3679, time remaining: 1m 22s
Rendered 887/3679, time remaining: 1m 22s
Rendered 888/3679, time remaining: 1m 23s
Rendered 889/3679, time remaining: 1m 23s
Rendered 890/3679, time remaining: 1m 23s
Rendered 891/3679, time remaining: 1m 23s
Rendered 892/3679, time remaining: 1m 21s
Rendered 893/3679, time remaining: 1m 21s
Rendered 894/3679, time remaining: 1m 23s
Rendered 895/3679, time remaining: 1m 23s
Rendered 896/3679, time remaining: 1m 23s
Rendered 897/3679, time remaining: 1m 24s
Rendered 898/3679, time remaining: 1m 22s
Rendered 899/3679, time remaining: 1m 22s
Rendered 900/3679, time remaining: 1m 22s
Rendered 901/3679, time remaining: 1m 24s
Rendered 902/3679, time remaining: 1m 24s
Rendered 903/3679, time remaining: 1m 24s
Rendered 904/3679, time remaining: 1m 23s
Rendered 905/3679, time remaining: 1m 22s
Rendered 906/3679, time remaining: 1m 23s
Rendered 907/3679, time remaining: 1m 23s
Rendered 908/3679, time remaining: 1m 23s
Rendered 909/3679, time remaining: 1m 23s
Rendered 910/3679, time remaining: 1m 23s
Rendered 911/3679, time remaining: 1m 23s
Rendered 912/3679, time remaining: 1m 23s
Rendered 913/3679, time remaining: 1m 23s
Rendered 914/3679, time remaining: 1m 23s
Rendered 915/3679, time remaining: 1m 23s
Rendered 916/3679, time remaining: 1m 23s
Rendered 917/3679, time remaining: 1m 23s
Rendered 918/3679, time remaining: 1m 24s
Rendered 919/3679, time remaining: 1m 24s
Rendered 920/3679, time remaining: 1m 23s
Rendered 921/3679, time remaining: 1m 23s
Rendered 922/3679, time remaining: 1m 23s
Rendered 923/3679, time remaining: 1m 23s
Rendered 924/3679, time remaining: 1m 24s
Rendered 925/3679, time remaining: 1m 24s
Rendered 926/3679, time remaining: 1m 24s
Rendered 927/3679, time remaining: 1m 24s
Rendered 928/3679, time remaining: 1m 24s
Rendered 929/3679, time remaining: 1m 25s
Rendered 930/3679, time remaining: 1m 23s
Rendered 931/3679, time remaining: 1m 23s
Rendered 932/3679, time remaining: 1m 24s
Rendered 933/3679, time remaining: 1m 24s
Rendered 934/3679, time remaining: 1m 25s
Rendered 935/3679, time remaining: 1m 25s
Rendered 936/3679, time remaining: 1m 24s
Rendered 937/3679, time remaining: 1m 24s
Rendered 938/3679, time remaining: 1m 24s
Rendered 939/3679, time remaining: 1m 24s
Rendered 940/3679, time remaining: 1m 25s
Rendered 941/3679, time remaining: 1m 25s
Rendered 942/3679, time remaining: 1m 23s
Rendered 943/3679, time remaining: 1m 23s
Rendered 944/3679, time remaining: 1m 23s
Rendered 945/3679, time remaining: 1m 24s
Rendered 946/3679, time remaining: 1m 28s
Rendered 947/3679, time remaining: 1m 27s
Rendered 948/3679, time remaining: 1m 27s
Rendered 949/3679, time remaining: 1m 25s
Rendered 950/3679, time remaining: 1m 26s
Rendered 951/3679, time remaining: 1m 25s
Rendered 952/3679, time remaining: 1m 28s
Rendered 953/3679, time remaining: 1m 28s
Rendered 954/3679, time remaining: 1m 27s
Rendered 955/3679, time remaining: 1m 26s
Rendered 956/3679, time remaining: 1m 25s
Rendered 957/3679, time remaining: 1m 25s
Rendered 958/3679, time remaining: 1m 28s
Rendered 959/3679, time remaining: 1m 28s
Rendered 960/3679, time remaining: 1m 27s
Rendered 961/3679, time remaining: 1m 27s
Rendered 962/3679, time remaining: 1m 27s
Rendered 963/3679, time remaining: 1m 26s
Rendered 964/3679, time remaining: 1m 28s
Rendered 965/3679, time remaining: 1m 28s
Rendered 966/3679, time remaining: 1m 28s
Rendered 967/3679, time remaining: 1m 28s
Rendered 968/3679, time remaining: 1m 27s
Rendered 969/3679, time remaining: 1m 28s
Rendered 970/3679, time remaining: 1m 27s
Rendered 971/3679, time remaining: 1m 28s
Rendered 972/3679, time remaining: 1m 28s
Rendered 973/3679, time remaining: 1m 28s
Rendered 974/3679, time remaining: 1m 29s
Rendered 975/3679, time remaining: 1m 28s
Rendered 976/3679, time remaining: 1m 27s
Rendered 977/3679, time remaining: 1m 27s
Rendered 978/3679, time remaining: 1m 27s
Rendered 979/3679, time remaining: 1m 27s
Rendered 980/3679, time remaining: 1m 28s
Rendered 981/3679, time remaining: 1m 28s
Rendered 982/3679, time remaining: 1m 27s
Rendered 983/3679, time remaining: 1m 27s
Rendered 984/3679, time remaining: 1m 28s
Rendered 985/3679, time remaining: 1m 27s
Rendered 986/3679, time remaining: 1m 27s
Rendered 987/3679, time remaining: 1m 27s
Rendered 988/3679, time remaining: 1m 26s
Rendered 989/3679, time remaining: 1m 27s
Rendered 990/3679, time remaining: 1m 27s
Rendered 991/3679, time remaining: 1m 27s
Rendered 992/3679, time remaining: 1m 27s
Rendered 993/3679, time remaining: 1m 28s
Rendered 994/3679, time remaining: 1m 25s
Rendered 995/3679, time remaining: 1m 25s
Rendered 996/3679, time remaining: 1m 25s
Rendered 997/3679, time remaining: 1m 25s
Rendered 998/3679, time remaining: 1m 26s
Rendered 999/3679, time remaining: 1m 26s
Rendered 1000/3679, time remaining: 1m 25s
Rendered 1001/3679, time remaining: 1m 26s
Rendered 1002/3679, time remaining: 1m 25s
Rendered 1003/3679, time remaining: 1m 26s
Rendered 1004/3679, time remaining: 1m 26s
Rendered 1005/3679, time remaining: 1m 25s
Rendered 1006/3679, time remaining: 1m 25s
Rendered 1007/3679, time remaining: 1m 25s
Rendered 1008/3679, time remaining: 1m 25s
Rendered 1009/3679, time remaining: 1m 25s
Rendered 1010/3679, time remaining: 1m 25s
Rendered 1011/3679, time remaining: 1m 26s
Rendered 1012/3679, time remaining: 1m 25s
Rendered 1013/3679, time remaining: 1m 25s
Rendered 1014/3679, time remaining: 1m 26s
Rendered 1015/3679, time remaining: 1m 26s
Rendered 1016/3679, time remaining: 1m 26s
Rendered 1017/3679, time remaining: 1m 26s
Rendered 1018/3679, time remaining: 1m 25s
Rendered 1019/3679, time remaining: 1m 25s
Rendered 1020/3679, time remaining: 1m 25s
Rendered 1021/3679, time remaining: 1m 25s
Rendered 1022/3679, time remaining: 1m 25s
Rendered 1023/3679, time remaining: 1m 25s
Rendered 1024/3679, time remaining: 1m 25s
Rendered 1025/3679, time remaining: 1m 25s
Rendered 1026/3679, time remaining: 1m 25s
Rendered 1027/3679, time remaining: 1m 25s
Rendered 1028/3679, time remaining: 1m 26s
Rendered 1029/3679, time remaining: 1m 26s
Rendered 1030/3679, time remaining: 1m 25s
Rendered 1031/3679, time remaining: 1m 25s
Rendered 1032/3679, time remaining: 1m 25s
Rendered 1033/3679, time remaining: 1m 24s
Rendered 1034/3679, time remaining: 1m 26s
Rendered 1035/3679, time remaining: 1m 25s
Rendered 1036/3679, time remaining: 1m 25s
Rendered 1037/3679, time remaining: 1m 25s
Rendered 1038/3679, time remaining: 1m 23s
Rendered 1039/3679, time remaining: 1m 24s
Rendered 1040/3679, time remaining: 1m 25s
Rendered 1041/3679, time remaining: 1m 26s
Rendered 1042/3679, time remaining: 1m 25s
Rendered 1043/3679, time remaining: 1m 25s
Rendered 1044/3679, time remaining: 1m 24s
Rendered 1045/3679, time remaining: 1m 24s
Rendered 1046/3679, time remaining: 1m 25s
Rendered 1047/3679, time remaining: 1m 25s
Rendered 1048/3679, time remaining: 1m 25s
Rendered 1049/3679, time remaining: 1m 25s
Rendered 1050/3679, time remaining: 1m 25s
Rendered 1051/3679, time remaining: 1m 24s
Rendered 1052/3679, time remaining: 1m 25s
Rendered 1053/3679, time remaining: 1m 25s
Rendered 1054/3679, time remaining: 1m 25s
Rendered 1055/3679, time remaining: 1m 25s
Rendered 1056/3679, time remaining: 1m 24s
Rendered 1057/3679, time remaining: 1m 24s
Rendered 1058/3679, time remaining: 1m 25s
Rendered 1059/3679, time remaining: 1m 25s
Rendered 1060/3679, time remaining: 1m 25s
Rendered 1061/3679, time remaining: 1m 25s
Rendered 1062/3679, time remaining: 1m 24s
Rendered 1063/3679, time remaining: 1m 24s
Rendered 1064/3679, time remaining: 1m 24s
Rendered 1065/3679, time remaining: 1m 25s
Rendered 1066/3679, time remaining: 1m 25s
Rendered 1067/3679, time remaining: 1m 25s
Rendered 1068/3679, time remaining: 1m 23s
Rendered 1069/3679, time remaining: 1m 23s
Rendered 1070/3679, time remaining: 1m 23s
Rendered 1071/3679, time remaining: 1m 25s
Rendered 1072/3679, time remaining: 1m 25s
Rendered 1073/3679, time remaining: 1m 25s
Rendered 1074/3679, time remaining: 1m 23s
Rendered 1075/3679, time remaining: 1m 23s
Rendered 1076/3679, time remaining: 1m 23s
Rendered 1077/3679, time remaining: 1m 25s
Rendered 1078/3679, time remaining: 1m 25s
Rendered 1079/3679, time remaining: 1m 24s
Rendered 1080/3679, time remaining: 1m 24s
Rendered 1081/3679, time remaining: 1m 24s
Rendered 1082/3679, time remaining: 1m 23s
Rendered 1083/3679, time remaining: 1m 25s
Rendered 1084/3679, time remaining: 1m 24s
Rendered 1085/3679, time remaining: 1m 25s
Rendered 1086/3679, time remaining: 1m 24s
Rendered 1087/3679, time remaining: 1m 24s
Rendered 1088/3679, time remaining: 1m 23s
Rendered 1089/3679, time remaining: 1m 25s
Rendered 1090/3679, time remaining: 1m 24s
Rendered 1091/3679, time remaining: 1m 24s
Rendered 1092/3679, time remaining: 1m 24s
Rendered 1093/3679, time remaining: 1m 25s
Rendered 1094/3679, time remaining: 1m 25s
Rendered 1095/3679, time remaining: 1m 25s
Rendered 1096/3679, time remaining: 1m 21s
Rendered 1097/3679, time remaining: 1m 21s
Rendered 1098/3679, time remaining: 1m 23s
Rendered 1099/3679, time remaining: 1m 23s
Rendered 1100/3679, time remaining: 1m 23s
Rendered 1101/3679, time remaining: 1m 23s
Rendered 1102/3679, time remaining: 1m 20s
Rendered 1103/3679, time remaining: 1m 21s
Rendered 1104/3679, time remaining: 1m 22s
Rendered 1105/3679, time remaining: 1m 22s
Rendered 1106/3679, time remaining: 1m 22s
Rendered 1107/3679, time remaining: 1m 22s
Rendered 1108/3679, time remaining: 1m 20s
Rendered 1109/3679, time remaining: 1m 20s
Rendered 1110/3679, time remaining: 1m 22s
Rendered 1111/3679, time remaining: 1m 22s
Rendered 1112/3679, time remaining: 1m 22s
Rendered 1113/3679, time remaining: 1m 22s
Rendered 1114/3679, time remaining: 1m 20s
Rendered 1115/3679, time remaining: 1m 20s
Rendered 1116/3679, time remaining: 1m 21s
Rendered 1117/3679, time remaining: 1m 21s
Rendered 1118/3679, time remaining: 1m 21s
Rendered 1119/3679, time remaining: 1m 21s
Rendered 1120/3679, time remaining: 1m 21s
Rendered 1121/3679, time remaining: 1m 22s
Rendered 1122/3679, time remaining: 1m 21s
Rendered 1123/3679, time remaining: 1m 21s
Rendered 1124/3679, time remaining: 1m 21s
Rendered 1125/3679, time remaining: 1m 20s
Rendered 1126/3679, time remaining: 1m 21s
Rendered 1127/3679, time remaining: 1m 21s
Rendered 1128/3679, time remaining: 1m 21s
Rendered 1129/3679, time remaining: 1m 21s
Rendered 1130/3679, time remaining: 1m 20s
Rendered 1131/3679, time remaining: 1m 20s
Rendered 1132/3679, time remaining: 1m 20s
Rendered 1133/3679, time remaining: 1m 20s
Rendered 1134/3679, time remaining: 1m 21s
Rendered 1135/3679, time remaining: 1m 21s
Rendered 1136/3679, time remaining: 1m 21s
Rendered 1137/3679, time remaining: 1m 21s
Rendered 1138/3679, time remaining: 1m 21s
Rendered 1139/3679, time remaining: 1m 19s
Rendered 1140/3679, time remaining: 1m 21s
Rendered 1141/3679, time remaining: 1m 21s
Rendered 1142/3679, time remaining: 1m 21s
Rendered 1143/3679, time remaining: 1m 21s
Rendered 1144/3679, time remaining: 1m 21s
Rendered 1145/3679, time remaining: 1m 20s
Rendered 1146/3679, time remaining: 1m 22s
Rendered 1147/3679, time remaining: 1m 22s
Rendered 1148/3679, time remaining: 1m 21s
Rendered 1149/3679, time remaining: 1m 21s
Rendered 1150/3679, time remaining: 1m 20s
Rendered 1151/3679, time remaining: 1m 20s
Rendered 1152/3679, time remaining: 1m 22s
Rendered 1153/3679, time remaining: 1m 21s
Rendered 1154/3679, time remaining: 1m 22s
Rendered 1155/3679, time remaining: 1m 22s
Rendered 1156/3679, time remaining: 1m 20s
Rendered 1157/3679, time remaining: 1m 21s
Rendered 1158/3679, time remaining: 1m 22s
Rendered 1159/3679, time remaining: 1m 22s
Rendered 1160/3679, time remaining: 1m 22s
Rendered 1161/3679, time remaining: 1m 21s
Rendered 1162/3679, time remaining: 1m 20s
Rendered 1163/3679, time remaining: 1m 20s
Rendered 1164/3679, time remaining: 1m 21s
Rendered 1165/3679, time remaining: 1m 22s
Rendered 1166/3679, time remaining: 1m 21s
Rendered 1167/3679, time remaining: 1m 20s
Rendered 1168/3679, time remaining: 1m 20s
Rendered 1169/3679, time remaining: 1m 19s
Rendered 1170/3679, time remaining: 1m 20s
Rendered 1171/3679, time remaining: 1m 22s
Rendered 1172/3679, time remaining: 1m 22s
Rendered 1173/3679, time remaining: 1m 22s
Rendered 1174/3679, time remaining: 1m 21s
Rendered 1175/3679, time remaining: 1m 21s
Rendered 1176/3679, time remaining: 1m 21s
Rendered 1177/3679, time remaining: 1m 23s
Rendered 1178/3679, time remaining: 1m 22s
Rendered 1179/3679, time remaining: 1m 22s
Rendered 1180/3679, time remaining: 1m 22s
Rendered 1181/3679, time remaining: 1m 22s
Rendered 1182/3679, time remaining: 1m 21s
Rendered 1183/3679, time remaining: 1m 24s
Rendered 1184/3679, time remaining: 1m 23s
Rendered 1185/3679, time remaining: 1m 23s
Rendered 1186/3679, time remaining: 1m 23s
Rendered 1187/3679, time remaining: 1m 23s
Rendered 1188/3679, time remaining: 1m 23s
Rendered 1189/3679, time remaining: 1m 25s
Rendered 1190/3679, time remaining: 1m 23s
Rendered 1191/3679, time remaining: 1m 23s
Rendered 1192/3679, time remaining: 1m 23s
Rendered 1193/3679, time remaining: 1m 23s
Rendered 1194/3679, time remaining: 1m 23s
Rendered 1195/3679, time remaining: 1m 24s
Rendered 1196/3679, time remaining: 1m 23s
Rendered 1197/3679, time remaining: 1m 23s
Rendered 1198/3679, time remaining: 1m 22s
Rendered 1199/3679, time remaining: 1m 23s
Rendered 1200/3679, time remaining: 1m 24s
Rendered 1201/3679, time remaining: 1m 23s
Rendered 1202/3679, time remaining: 1m 23s
Rendered 1203/3679, time remaining: 1m 22s
Rendered 1204/3679, time remaining: 1m 22s
Rendered 1205/3679, time remaining: 1m 23s
Rendered 1206/3679, time remaining: 1m 23s
Rendered 1207/3679, time remaining: 1m 24s
Rendered 1208/3679, time remaining: 1m 23s
Rendered 1209/3679, time remaining: 1m 23s
Rendered 1210/3679, time remaining: 1m 23s
Rendered 1211/3679, time remaining: 1m 24s
Rendered 1212/3679, time remaining: 1m 24s
Rendered 1213/3679, time remaining: 1m 23s
Rendered 1214/3679, time remaining: 1m 24s
Rendered 1215/3679, time remaining: 1m 23s
Rendered 1216/3679, time remaining: 1m 24s
Rendered 1217/3679, time remaining: 1m 24s
Rendered 1218/3679, time remaining: 1m 24s
Rendered 1219/3679, time remaining: 1m 24s
Rendered 1220/3679, time remaining: 1m 24s
Rendered 1221/3679, time remaining: 1m 22s
Rendered 1222/3679, time remaining: 1m 23s
Rendered 1223/3679, time remaining: 1m 24s
Rendered 1224/3679, time remaining: 1m 23s
Rendered 1225/3679, time remaining: 1m 24s
Rendered 1226/3679, time remaining: 1m 24s
Rendered 1227/3679, time remaining: 1m 21s
Rendered 1228/3679, time remaining: 1m 23s
Rendered 1229/3679, time remaining: 1m 23s
Rendered 1230/3679, time remaining: 1m 23s
Rendered 1231/3679, time remaining: 1m 23s
Rendered 1232/3679, time remaining: 1m 23s
Rendered 1233/3679, time remaining: 1m 21s
Rendered 1234/3679, time remaining: 1m 23s
Rendered 1235/3679, time remaining: 1m 23s
Rendered 1236/3679, time remaining: 1m 24s
Rendered 1237/3679, time remaining: 1m 24s
Rendered 1238/3679, time remaining: 1m 24s
Rendered 1239/3679, time remaining: 1m 22s
Rendered 1240/3679, time remaining: 1m 23s
Rendered 1241/3679, time remaining: 1m 24s
Rendered 1242/3679, time remaining: 1m 24s
Rendered 1243/3679, time remaining: 1m 23s
Rendered 1244/3679, time remaining: 1m 23s
Rendered 1245/3679, time remaining: 1m 23s
Rendered 1246/3679, time remaining: 1m 23s
Rendered 1247/3679, time remaining: 1m 24s
Rendered 1248/3679, time remaining: 1m 23s
Rendered 1249/3679, time remaining: 1m 23s
Rendered 1250/3679, time remaining: 1m 23s
Rendered 1251/3679, time remaining: 1m 23s
Rendered 1252/3679, time remaining: 1m 23s
Rendered 1253/3679, time remaining: 1m 24s
Rendered 1254/3679, time remaining: 1m 22s
Rendered 1255/3679, time remaining: 1m 24s
Rendered 1256/3679, time remaining: 1m 24s
Rendered 1257/3679, time remaining: 1m 24s
Rendered 1258/3679, time remaining: 1m 24s
Rendered 1259/3679, time remaining: 1m 23s
Rendered 1260/3679, time remaining: 1m 22s
Rendered 1261/3679, time remaining: 1m 23s
Rendered 1262/3679, time remaining: 1m 23s
Rendered 1263/3679, time remaining: 1m 24s
Rendered 1264/3679, time remaining: 1m 24s
Rendered 1265/3679, time remaining: 1m 24s
Rendered 1266/3679, time remaining: 1m 23s
Rendered 1267/3679, time remaining: 1m 23s
Rendered 1268/3679, time remaining: 1m 23s
Rendered 1269/3679, time remaining: 1m 23s
Rendered 1270/3679, time remaining: 1m 24s
Rendered 1271/3679, time remaining: 1m 24s
Rendered 1272/3679, time remaining: 1m 24s
Rendered 1273/3679, time remaining: 1m 23s
Rendered 1274/3679, time remaining: 1m 23s
Rendered 1275/3679, time remaining: 1m 23s
Rendered 1276/3679, time remaining: 1m 23s
Rendered 1277/3679, time remaining: 1m 24s
Rendered 1278/3679, time remaining: 1m 24s
Rendered 1279/3679, time remaining: 1m 24s
Rendered 1280/3679, time remaining: 1m 25s
Rendered 1281/3679, time remaining: 1m 24s
Rendered 1282/3679, time remaining: 1m 24s
Rendered 1283/3679, time remaining: 1m 25s
Rendered 1284/3679, time remaining: 1m 25s
Rendered 1285/3679, time remaining: 1m 25s
Rendered 1286/3679, time remaining: 1m 25s
Rendered 1287/3679, time remaining: 1m 24s
Rendered 1288/3679, time remaining: 1m 24s
Rendered 1289/3679, time remaining: 1m 24s
Rendered 1290/3679, time remaining: 1m 24s
Rendered 1291/3679, time remaining: 1m 24s
Rendered 1292/3679, time remaining: 1m 25s
Rendered 1293/3679, time remaining: 1m 25s
Rendered 1294/3679, time remaining: 1m 25s
Rendered 1295/3679, time remaining: 1m 25s
Rendered 1296/3679, time remaining: 1m 23s
Rendered 1297/3679, time remaining: 1m 23s
Rendered 1298/3679, time remaining: 1m 24s
Rendered 1299/3679, time remaining: 1m 25s
Rendered 1300/3679, time remaining: 1m 24s
Rendered 1301/3679, time remaining: 1m 25s
Rendered 1302/3679, time remaining: 1m 23s
Rendered 1303/3679, time remaining: 1m 25s
Rendered 1304/3679, time remaining: 1m 24s
Rendered 1305/3679, time remaining: 1m 24s
Rendered 1306/3679, time remaining: 1m 25s
Rendered 1307/3679, time remaining: 1m 24s
Rendered 1308/3679, time remaining: 1m 23s
Rendered 1309/3679, time remaining: 1m 24s
Rendered 1310/3679, time remaining: 1m 24s
Rendered 1311/3679, time remaining: 1m 24s
Rendered 1312/3679, time remaining: 1m 25s
Rendered 1313/3679, time remaining: 1m 25s
Rendered 1314/3679, time remaining: 1m 23s
Rendered 1315/3679, time remaining: 1m 23s
Rendered 1316/3679, time remaining: 1m 24s
Rendered 1317/3679, time remaining: 1m 24s
Rendered 1318/3679, time remaining: 1m 24s
Rendered 1319/3679, time remaining: 1m 25s
Rendered 1320/3679, time remaining: 1m 24s
Rendered 1321/3679, time remaining: 1m 22s
Rendered 1322/3679, time remaining: 1m 24s
Rendered 1323/3679, time remaining: 1m 23s
Rendered 1324/3679, time remaining: 1m 23s
Rendered 1325/3679, time remaining: 1m 23s
Rendered 1326/3679, time remaining: 1m 23s
Rendered 1327/3679, time remaining: 1m 21s
Rendered 1328/3679, time remaining: 1m 22s
Rendered 1329/3679, time remaining: 1m 22s
Rendered 1330/3679, time remaining: 1m 21s
Rendered 1331/3679, time remaining: 1m 22s
Rendered 1332/3679, time remaining: 1m 22s
Rendered 1333/3679, time remaining: 1m 19s
Rendered 1334/3679, time remaining: 1m 21s
Rendered 1335/3679, time remaining: 1m 21s
Rendered 1336/3679, time remaining: 1m 21s
Rendered 1337/3679, time remaining: 1m 21s
Rendered 1338/3679, time remaining: 1m 20s
Rendered 1339/3679, time remaining: 1m 19s
Rendered 1340/3679, time remaining: 1m 21s
Rendered 1341/3679, time remaining: 1m 21s
Rendered 1342/3679, time remaining: 1m 21s
Rendered 1343/3679, time remaining: 1m 21s
Rendered 1344/3679, time remaining: 1m 21s
Rendered 1345/3679, time remaining: 1m 20s
Rendered 1346/3679, time remaining: 1m 21s
Rendered 1347/3679, time remaining: 1m 21s
Rendered 1348/3679, time remaining: 1m 21s
Rendered 1349/3679, time remaining: 1m 20s
Rendered 1350/3679, time remaining: 1m 20s
Rendered 1351/3679, time remaining: 1m 20s
Rendered 1352/3679, time remaining: 1m 21s
Rendered 1353/3679, time remaining: 1m 21s
Rendered 1354/3679, time remaining: 1m 21s
Rendered 1355/3679, time remaining: 1m 20s
Rendered 1356/3679, time remaining: 1m 20s
Rendered 1357/3679, time remaining: 1m 19s
Rendered 1358/3679, time remaining: 1m 21s
Rendered 1359/3679, time remaining: 1m 21s
Rendered 1360/3679, time remaining: 1m 20s
Rendered 1361/3679, time remaining: 1m 19s
Rendered 1362/3679, time remaining: 1m 19s
Rendered 1363/3679, time remaining: 1m 19s
Rendered 1364/3679, time remaining: 1m 21s
Rendered 1365/3679, time remaining: 1m 20s
Rendered 1366/3679, time remaining: 1m 19s
Rendered 1367/3679, time remaining: 1m 19s
Rendered 1368/3679, time remaining: 1m 19s
Rendered 1369/3679, time remaining: 1m 19s
Rendered 1370/3679, time remaining: 1m 21s
Rendered 1371/3679, time remaining: 1m 21s
Rendered 1372/3679, time remaining: 1m 19s
Rendered 1373/3679, time remaining: 1m 19s
Rendered 1374/3679, time remaining: 1m 19s
Rendered 1375/3679, time remaining: 1m 19s
Rendered 1376/3679, time remaining: 1m 21s
Rendered 1377/3679, time remaining: 1m 21s
Rendered 1378/3679, time remaining: 1m 18s
Rendered 1379/3679, time remaining: 1m 18s
Rendered 1380/3679, time remaining: 1m 18s
Rendered 1381/3679, time remaining: 1m 18s
Rendered 1382/3679, time remaining: 1m 20s
Rendered 1383/3679, time remaining: 1m 20s
Rendered 1384/3679, time remaining: 1m 18s
Rendered 1385/3679, time remaining: 1m 18s
Rendered 1386/3679, time remaining: 1m 17s
Rendered 1387/3679, time remaining: 1m 19s
Rendered 1388/3679, time remaining: 1m 19s
Rendered 1389/3679, time remaining: 1m 19s
Rendered 1390/3679, time remaining: 1m 19s
Rendered 1391/3679, time remaining: 1m 17s
Rendered 1392/3679, time remaining: 1m 17s
Rendered 1393/3679, time remaining: 1m 17s
Rendered 1394/3679, time remaining: 1m 19s
Rendered 1395/3679, time remaining: 1m 19s
Rendered 1396/3679, time remaining: 1m 19s
Rendered 1397/3679, time remaining: 1m 17s
Rendered 1398/3679, time remaining: 1m 17s
Rendered 1399/3679, time remaining: 1m 17s
Rendered 1400/3679, time remaining: 1m 17s
Rendered 1401/3679, time remaining: 1m 19s
Rendered 1402/3679, time remaining: 1m 18s
Rendered 1403/3679, time remaining: 1m 18s
Rendered 1404/3679, time remaining: 1m 18s
Rendered 1405/3679, time remaining: 1m 17s
Rendered 1406/3679, time remaining: 1m 17s
Rendered 1407/3679, time remaining: 1m 18s
Rendered 1408/3679, time remaining: 1m 17s
Rendered 1409/3679, time remaining: 1m 18s
Rendered 1410/3679, time remaining: 1m 18s
Rendered 1411/3679, time remaining: 1m 17s
Rendered 1412/3679, time remaining: 1m 17s
Rendered 1413/3679, time remaining: 1m 18s
Rendered 1414/3679, time remaining: 1m 17s
Rendered 1415/3679, time remaining: 1m 17s
Rendered 1416/3679, time remaining: 1m 16s
Rendered 1417/3679, time remaining: 1m 16s
Rendered 1418/3679, time remaining: 1m 16s
Rendered 1419/3679, time remaining: 1m 18s
Rendered 1420/3679, time remaining: 1m 17s
Rendered 1421/3679, time remaining: 1m 16s
Rendered 1422/3679, time remaining: 1m 16s
Rendered 1423/3679, time remaining: 1m 16s
Rendered 1424/3679, time remaining: 1m 16s
Rendered 1425/3679, time remaining: 1m 18s
Rendered 1426/3679, time remaining: 1m 17s
Rendered 1427/3679, time remaining: 1m 15s
Rendered 1428/3679, time remaining: 1m 15s
Rendered 1429/3679, time remaining: 1m 16s
Rendered 1430/3679, time remaining: 1m 15s
Rendered 1431/3679, time remaining: 1m 16s
Rendered 1432/3679, time remaining: 1m 16s
Rendered 1433/3679, time remaining: 1m 15s
Rendered 1434/3679, time remaining: 1m 15s
Rendered 1435/3679, time remaining: 1m 15s
Rendered 1436/3679, time remaining: 1m 15s
Rendered 1437/3679, time remaining: 1m 15s
Rendered 1438/3679, time remaining: 1m 15s
Rendered 1439/3679, time remaining: 1m 15s
Rendered 1440/3679, time remaining: 1m 15s
Rendered 1441/3679, time remaining: 1m 15s
Rendered 1442/3679, time remaining: 1m 14s
Rendered 1443/3679, time remaining: 1m 14s
Rendered 1444/3679, time remaining: 1m 14s
Rendered 1445/3679, time remaining: 1m 14s
Rendered 1446/3679, time remaining: 1m 16s
Rendered 1447/3679, time remaining: 1m 15s
Rendered 1448/3679, time remaining: 1m 15s
Rendered 1449/3679, time remaining: 1m 14s
Rendered 1450/3679, time remaining: 1m 14s
Rendered 1451/3679, time remaining: 1m 14s
Rendered 1452/3679, time remaining: 1m 14s
Rendered 1453/3679, time remaining: 1m 14s
Rendered 1454/3679, time remaining: 1m 14s
Rendered 1455/3679, time remaining: 1m 14s
Rendered 1456/3679, time remaining: 1m 14s
Rendered 1457/3679, time remaining: 1m 14s
Rendered 1458/3679, time remaining: 1m 14s
Rendered 1459/3679, time remaining: 1m 14s
Rendered 1460/3679, time remaining: 1m 16s
Rendered 1461/3679, time remaining: 1m 16s
Rendered 1462/3679, time remaining: 1m 15s
Rendered 1463/3679, time remaining: 1m 15s
Rendered 1464/3679, time remaining: 1m 14s
Rendered 1465/3679, time remaining: 1m 14s
Rendered 1466/3679, time remaining: 1m 15s
Rendered 1467/3679, time remaining: 1m 15s
Rendered 1468/3679, time remaining: 1m 15s
Rendered 1469/3679, time remaining: 1m 15s
Rendered 1470/3679, time remaining: 1m 14s
Rendered 1471/3679, time remaining: 1m 14s
Rendered 1472/3679, time remaining: 1m 14s
Rendered 1473/3679, time remaining: 1m 14s
Rendered 1474/3679, time remaining: 1m 14s
Rendered 1475/3679, time remaining: 1m 16s
Rendered 1476/3679, time remaining: 1m 16s
Rendered 1477/3679, time remaining: 1m 15s
Rendered 1478/3679, time remaining: 1m 14s
Rendered 1479/3679, time remaining: 1m 14s
Rendered 1480/3679, time remaining: 1m 14s
Rendered 1481/3679, time remaining: 1m 15s
Rendered 1482/3679, time remaining: 1m 15s
Rendered 1483/3679, time remaining: 1m 15s
Rendered 1484/3679, time remaining: 1m 14s
Rendered 1485/3679, time remaining: 1m 15s
Rendered 1486/3679, time remaining: 1m 15s
Rendered 1487/3679, time remaining: 1m 16s
Rendered 1488/3679, time remaining: 1m 16s
Rendered 1489/3679, time remaining: 1m 16s
Rendered 1490/3679, time remaining: 1m 14s
Rendered 1491/3679, time remaining: 1m 14s
Rendered 1492/3679, time remaining: 1m 14s
Rendered 1493/3679, time remaining: 1m 16s
Rendered 1494/3679, time remaining: 1m 15s
Rendered 1495/3679, time remaining: 1m 15s
Rendered 1496/3679, time remaining: 1m 14s
Rendered 1497/3679, time remaining: 1m 14s
Rendered 1498/3679, time remaining: 1m 14s
Rendered 1499/3679, time remaining: 1m 15s
Rendered 1500/3679, time remaining: 1m 15s
Rendered 1501/3679, time remaining: 1m 15s
Rendered 1502/3679, time remaining: 1m 14s
Rendered 1503/3679, time remaining: 1m 14s
Rendered 1504/3679, time remaining: 1m 14s
Rendered 1505/3679, time remaining: 1m 15s
Rendered 1506/3679, time remaining: 1m 15s
Rendered 1507/3679, time remaining: 1m 15s
Rendered 1508/3679, time remaining: 1m 14s
Rendered 1509/3679, time remaining: 1m 14s
Rendered 1510/3679, time remaining: 1m 15s
Rendered 1511/3679, time remaining: 1m 15s
Rendered 1512/3679, time remaining: 1m 15s
Rendered 1513/3679, time remaining: 1m 15s
Rendered 1514/3679, time remaining: 1m 16s
Rendered 1515/3679, time remaining: 1m 16s
Rendered 1516/3679, time remaining: 1m 16s
Rendered 1517/3679, time remaining: 1m 16s
Rendered 1518/3679, time remaining: 1m 16s
Rendered 1519/3679, time remaining: 1m 16s
Rendered 1520/3679, time remaining: 1m 17s
Rendered 1521/3679, time remaining: 1m 17s
Rendered 1522/3679, time remaining: 1m 19s
Rendered 1523/3679, time remaining: 1m 18s
Rendered 1524/3679, time remaining: 1m 18s
Rendered 1525/3679, time remaining: 1m 19s
Rendered 1526/3679, time remaining: 1m 17s
Rendered 1527/3679, time remaining: 1m 19s
Rendered 1528/3679, time remaining: 1m 18s
Rendered 1529/3679, time remaining: 1m 19s
Rendered 1530/3679, time remaining: 1m 20s
Rendered 1531/3679, time remaining: 1m 20s
Rendered 1532/3679, time remaining: 1m 18s
Rendered 1533/3679, time remaining: 1m 18s
Rendered 1534/3679, time remaining: 1m 18s
Rendered 1535/3679, time remaining: 1m 19s
Rendered 1536/3679, time remaining: 1m 19s
Rendered 1537/3679, time remaining: 1m 18s
Rendered 1538/3679, time remaining: 1m 17s
Rendered 1539/3679, time remaining: 1m 17s
Rendered 1540/3679, time remaining: 1m 18s
Rendered 1541/3679, time remaining: 1m 20s
Rendered 1542/3679, time remaining: 1m 20s
Rendered 1543/3679, time remaining: 1m 20s
Rendered 1544/3679, time remaining: 1m 18s
Rendered 1545/3679, time remaining: 1m 18s
Rendered 1546/3679, time remaining: 1m 18s
Rendered 1547/3679, time remaining: 1m 19s
Rendered 1548/3679, time remaining: 1m 19s
Rendered 1549/3679, time remaining: 1m 20s
Rendered 1550/3679, time remaining: 1m 19s
Rendered 1551/3679, time remaining: 1m 18s
Rendered 1552/3679, time remaining: 1m 19s
Rendered 1553/3679, time remaining: 1m 19s
Rendered 1554/3679, time remaining: 1m 18s
Rendered 1555/3679, time remaining: 1m 19s
Rendered 1556/3679, time remaining: 1m 20s
Rendered 1557/3679, time remaining: 1m 18s
Rendered 1558/3679, time remaining: 1m 18s
Rendered 1559/3679, time remaining: 1m 19s
Rendered 1560/3679, time remaining: 1m 18s
Rendered 1561/3679, time remaining: 1m 19s
Rendered 1562/3679, time remaining: 1m 19s
Rendered 1563/3679, time remaining: 1m 18s
Rendered 1564/3679, time remaining: 1m 18s
Rendered 1565/3679, time remaining: 1m 18s
Rendered 1566/3679, time remaining: 1m 18s
Rendered 1567/3679, time remaining: 1m 19s
Rendered 1568/3679, time remaining: 1m 19s
Rendered 1569/3679, time remaining: 1m 18s
Rendered 1570/3679, time remaining: 1m 18s
Rendered 1571/3679, time remaining: 1m 18s
Rendered 1572/3679, time remaining: 1m 18s
Rendered 1573/3679, time remaining: 1m 18s
Rendered 1574/3679, time remaining: 1m 19s
Rendered 1575/3679, time remaining: 1m 18s
Rendered 1576/3679, time remaining: 1m 18s
Rendered 1577/3679, time remaining: 1m 18s
Rendered 1578/3679, time remaining: 1m 18s
Rendered 1579/3679, time remaining: 1m 17s
Rendered 1580/3679, time remaining: 1m 18s
Rendered 1581/3679, time remaining: 1m 18s
Rendered 1582/3679, time remaining: 1m 18s
Rendered 1583/3679, time remaining: 1m 19s
Rendered 1584/3679, time remaining: 1m 17s
Rendered 1585/3679, time remaining: 1m 17s
Rendered 1586/3679, time remaining: 1m 17s
Rendered 1587/3679, time remaining: 1m 17s
Rendered 1588/3679, time remaining: 1m 17s
Rendered 1589/3679, time remaining: 1m 17s
Rendered 1590/3679, time remaining: 1m 15s
Rendered 1591/3679, time remaining: 1m 15s
Rendered 1592/3679, time remaining: 1m 15s
Rendered 1593/3679, time remaining: 1m 15s
Rendered 1594/3679, time remaining: 1m 15s
Rendered 1595/3679, time remaining: 1m 15s
Rendered 1596/3679, time remaining: 1m 13s
Rendered 1597/3679, time remaining: 1m 13s
Rendered 1598/3679, time remaining: 1m 13s
Rendered 1599/3679, time remaining: 1m 13s
Rendered 1600/3679, time remaining: 1m 13s
Rendered 1601/3679, time remaining: 1m 13s
Rendered 1602/3679, time remaining: 1m 13s
Rendered 1603/3679, time remaining: 1m 11s
Rendered 1604/3679, time remaining: 1m 11s
Rendered 1605/3679, time remaining: 1m 11s
Rendered 1606/3679, time remaining: 1m 11s
Rendered 1607/3679, time remaining: 1m 12s
Rendered 1608/3679, time remaining: 1m 12s
Rendered 1609/3679, time remaining: 1m 12s
Rendered 1610/3679, time remaining: 1m 10s
Rendered 1611/3679, time remaining: 1m 10s
Rendered 1612/3679, time remaining: 1m 9s
Rendered 1613/3679, time remaining: 1m 11s
Rendered 1614/3679, time remaining: 1m 11s
Rendered 1615/3679, time remaining: 1m 11s
Rendered 1616/3679, time remaining: 1m 9s
Rendered 1617/3679, time remaining: 1m 9s
Rendered 1618/3679, time remaining: 1m 9s
Rendered 1619/3679, time remaining: 1m 10s
Rendered 1620/3679, time remaining: 1m 10s
Rendered 1621/3679, time remaining: 1m 10s
Rendered 1622/3679, time remaining: 1m 10s
Rendered 1623/3679, time remaining: 1m 10s
Rendered 1624/3679, time remaining: 1m 10s
Rendered 1625/3679, time remaining: 1m 8s
Rendered 1626/3679, time remaining: 1m 8s
Rendered 1627/3679, time remaining: 1m 8s
Rendered 1628/3679, time remaining: 1m 9s
Rendered 1629/3679, time remaining: 1m 9s
Rendered 1630/3679, time remaining: 1m 9s
Rendered 1631/3679, time remaining: 1m 9s
Rendered 1632/3679, time remaining: 1m 8s
Rendered 1633/3679, time remaining: 1m 8s
Rendered 1634/3679, time remaining: 1m 8s
Rendered 1635/3679, time remaining: 1m 7s
Rendered 1636/3679, time remaining: 1m 7s
Rendered 1637/3679, time remaining: 1m 8s
Rendered 1638/3679, time remaining: 1m 8s
Rendered 1639/3679, time remaining: 1m 8s
Rendered 1640/3679, time remaining: 1m 8s
Rendered 1641/3679, time remaining: 1m 7s
Rendered 1642/3679, time remaining: 1m 7s
Rendered 1643/3679, time remaining: 1m 8s
Rendered 1644/3679, time remaining: 1m 7s
Rendered 1645/3679, time remaining: 1m 7s
Rendered 1646/3679, time remaining: 1m 7s
Rendered 1647/3679, time remaining: 1m 7s
Rendered 1648/3679, time remaining: 1m 7s
Rendered 1649/3679, time remaining: 1m 7s
Rendered 1650/3679, time remaining: 1m 6s
Rendered 1651/3679, time remaining: 1m 7s
Rendered 1652/3679, time remaining: 1m 7s
Rendered 1653/3679, time remaining: 1m 7s
Rendered 1654/3679, time remaining: 1m 8s
Rendered 1655/3679, time remaining: 1m 7s
Rendered 1656/3679, time remaining: 1m 6s
Rendered 1657/3679, time remaining: 1m 6s
Rendered 1658/3679, time remaining: 1m 6s
Rendered 1659/3679, time remaining: 1m 6s
Rendered 1660/3679, time remaining: 1m 6s
Rendered 1661/3679, time remaining: 1m 6s
Rendered 1662/3679, time remaining: 1m 6s
Rendered 1663/3679, time remaining: 1m 6s
Rendered 1664/3679, time remaining: 1m 4s
Rendered 1665/3679, time remaining: 1m 4s
Rendered 1666/3679, time remaining: 1m 5s
Rendered 1667/3679, time remaining: 1m 4s
Rendered 1668/3679, time remaining: 1m 4s
Rendered 1669/3679, time remaining: 1m 5s
Rendered 1670/3679, time remaining: 1m 3s
Rendered 1671/3679, time remaining: 1m 2s
Rendered 1672/3679, time remaining: 1m 2s
Rendered 1673/3679, time remaining: 1m 2s
Rendered 1674/3679, time remaining: 1m 2s
Rendered 1675/3679, time remaining: 1m 1s
Rendered 1676/3679, time remaining: 1m 1s
Rendered 1677/3679, time remaining: 1m 0s
Rendered 1678/3679, time remaining: 1m 2s
Rendered 1679/3679, time remaining: 1m 1s
Rendered 1680/3679, time remaining: 1m 1s
Rendered 1681/3679, time remaining: 1m 0s
Rendered 1682/3679, time remaining: 1m 0s
Rendered 1683/3679, time remaining: 1m 1s
Rendered 1684/3679, time remaining: 1m 2s
Rendered 1685/3679, time remaining: 1m 0s
Rendered 1686/3679, time remaining: 1m 0s
Rendered 1687/3679, time remaining: 1m 0s
Rendered 1688/3679, time remaining: 1m 0s
Rendered 1689/3679, time remaining: 1m 0s
Rendered 1690/3679, time remaining: 1m 1s
Rendered 1691/3679, time remaining: 59s
Rendered 1692/3679, time remaining: 59s
Rendered 1693/3679, time remaining: 59s
Rendered 1694/3679, time remaining: 59s
Rendered 1695/3679, time remaining: 59s
Rendered 1696/3679, time remaining: 1m 0s
Rendered 1697/3679, time remaining: 59s
Rendered 1698/3679, time remaining: 59s
Rendered 1699/3679, time remaining: 59s
Rendered 1700/3679, time remaining: 59s
Rendered 1701/3679, time remaining: 59s
Rendered 1702/3679, time remaining: 59s
Rendered 1703/3679, time remaining: 58s
Rendered 1704/3679, time remaining: 59s
Rendered 1705/3679, time remaining: 59s
Rendered 1706/3679, time remaining: 58s
Rendered 1707/3679, time remaining: 59s
Rendered 1708/3679, time remaining: 59s
Rendered 1709/3679, time remaining: 58s
Rendered 1710/3679, time remaining: 58s
Rendered 1711/3679, time remaining: 58s
Rendered 1712/3679, time remaining: 58s
Rendered 1713/3679, time remaining: 58s
Rendered 1714/3679, time remaining: 58s
Rendered 1715/3679, time remaining: 58s
Rendered 1716/3679, time remaining: 58s
Rendered 1717/3679, time remaining: 58s
Rendered 1718/3679, time remaining: 57s
Rendered 1719/3679, time remaining: 59s
Rendered 1720/3679, time remaining: 59s
Rendered 1721/3679, time remaining: 58s
Rendered 1722/3679, time remaining: 58s
Rendered 1723/3679, time remaining: 58s
Rendered 1724/3679, time remaining: 56s
Rendered 1725/3679, time remaining: 58s
Rendered 1726/3679, time remaining: 58s
Rendered 1727/3679, time remaining: 58s
Rendered 1728/3679, time remaining: 58s
Rendered 1729/3679, time remaining: 58s
Rendered 1730/3679, time remaining: 57s
Rendered 1731/3679, time remaining: 58s
Rendered 1732/3679, time remaining: 58s
Rendered 1733/3679, time remaining: 58s
Rendered 1734/3679, time remaining: 58s
Rendered 1735/3679, time remaining: 59s
Rendered 1736/3679, time remaining: 59s
Rendered 1737/3679, time remaining: 59s
Rendered 1738/3679, time remaining: 59s
Rendered 1739/3679, time remaining: 59s
Rendered 1740/3679, time remaining: 59s
Rendered 1741/3679, time remaining: 1m 0s
Rendered 1742/3679, time remaining: 1m 0s
Rendered 1743/3679, time remaining: 1m 0s
Rendered 1744/3679, time remaining: 1m 0s
Rendered 1745/3679, time remaining: 1m 0s
Rendered 1746/3679, time remaining: 1m 1s
Rendered 1747/3679, time remaining: 1m 1s
Rendered 1748/3679, time remaining: 1m 1s
Rendered 1749/3679, time remaining: 1m 2s
Rendered 1750/3679, time remaining: 1m 2s
Rendered 1751/3679, time remaining: 1m 2s
Rendered 1752/3679, time remaining: 1m 2s
Rendered 1753/3679, time remaining: 1m 2s
Rendered 1754/3679, time remaining: 1m 2s
Rendered 1755/3679, time remaining: 1m 3s
Rendered 1756/3679, time remaining: 1m 3s
Rendered 1757/3679, time remaining: 1m 2s
Rendered 1758/3679, time remaining: 1m 2s
Rendered 1759/3679, time remaining: 1m 2s
Rendered 1760/3679, time remaining: 1m 1s
Rendered 1761/3679, time remaining: 1m 3s
Rendered 1762/3679, time remaining: 1m 3s
Rendered 1763/3679, time remaining: 1m 1s
Rendered 1764/3679, time remaining: 1m 1s
Rendered 1765/3679, time remaining: 1m 1s
Rendered 1766/3679, time remaining: 1m 1s
Rendered 1767/3679, time remaining: 1m 2s
Rendered 1768/3679, time remaining: 1m 3s
Rendered 1769/3679, time remaining: 1m 2s
Rendered 1770/3679, time remaining: 1m 1s
Rendered 1771/3679, time remaining: 1m 2s
Rendered 1772/3679, time remaining: 1m 1s
Rendered 1773/3679, time remaining: 1m 2s
Rendered 1774/3679, time remaining: 1m 2s
Rendered 1775/3679, time remaining: 1m 2s
Rendered 1776/3679, time remaining: 1m 2s
Rendered 1777/3679, time remaining: 1m 2s
Rendered 1778/3679, time remaining: 1m 1s
Rendered 1779/3679, time remaining: 1m 1s
Rendered 1780/3679, time remaining: 1m 2s
Rendered 1781/3679, time remaining: 1m 1s
Rendered 1782/3679, time remaining: 1m 1s
Rendered 1783/3679, time remaining: 1m 1s
Rendered 1784/3679, time remaining: 1m 2s
Rendered 1785/3679, time remaining: 1m 2s
Rendered 1786/3679, time remaining: 1m 2s
Rendered 1787/3679, time remaining: 1m 0s
Rendered 1788/3679, time remaining: 1m 1s
Rendered 1789/3679, time remaining: 1m 1s
Rendered 1790/3679, time remaining: 1m 1s
Rendered 1791/3679, time remaining: 1m 1s
Rendered 1792/3679, time remaining: 1m 2s
Rendered 1793/3679, time remaining: 1m 0s
Rendered 1794/3679, time remaining: 1m 1s
Rendered 1795/3679, time remaining: 1m 1s
Rendered 1796/3679, time remaining: 1m 1s
Rendered 1797/3679, time remaining: 1m 1s
Rendered 1798/3679, time remaining: 1m 1s
Rendered 1799/3679, time remaining: 1m 0s
Rendered 1800/3679, time remaining: 1m 0s
Rendered 1801/3679, time remaining: 1m 0s
Rendered 1802/3679, time remaining: 1m 1s
Rendered 1803/3679, time remaining: 1m 1s
Rendered 1804/3679, time remaining: 1m 0s
Rendered 1805/3679, time remaining: 1m 0s
Rendered 1806/3679, time remaining: 1m 0s
Rendered 1807/3679, time remaining: 1m 0s
Rendered 1808/3679, time remaining: 1m 0s
Rendered 1809/3679, time remaining: 1m 0s
Rendered 1810/3679, time remaining: 1m 0s
Rendered 1811/3679, time remaining: 1m 0s
Rendered 1812/3679, time remaining: 1m 0s
Rendered 1813/3679, time remaining: 1m 0s
Rendered 1814/3679, time remaining: 1m 0s
Rendered 1815/3679, time remaining: 1m 0s
Rendered 1816/3679, time remaining: 1m 0s
Rendered 1817/3679, time remaining: 1m 0s
Rendered 1818/3679, time remaining: 59s
Rendered 1819/3679, time remaining: 59s
Rendered 1820/3679, time remaining: 1m 0s
Rendered 1821/3679, time remaining: 1m 0s
Rendered 1822/3679, time remaining: 1m 0s
Rendered 1823/3679, time remaining: 59s
Rendered 1824/3679, time remaining: 59s
Rendered 1825/3679, time remaining: 59s
Rendered 1826/3679, time remaining: 1m 0s
Rendered 1827/3679, time remaining: 1m 1s
Rendered 1828/3679, time remaining: 59s
Rendered 1829/3679, time remaining: 59s
Rendered 1830/3679, time remaining: 59s
Rendered 1831/3679, time remaining: 59s
Rendered 1832/3679, time remaining: 59s
Rendered 1833/3679, time remaining: 1m 1s
Rendered 1834/3679, time remaining: 1m 0s
Rendered 1835/3679, time remaining: 1m 0s
Rendered 1836/3679, time remaining: 1m 0s
Rendered 1837/3679, time remaining: 1m 0s
Rendered 1838/3679, time remaining: 1m 0s
Rendered 1839/3679, time remaining: 1m 2s
Rendered 1840/3679, time remaining: 1m 0s
Rendered 1841/3679, time remaining: 1m 0s
Rendered 1842/3679, time remaining: 1m 0s
Rendered 1843/3679, time remaining: 1m 0s
Rendered 1844/3679, time remaining: 1m 0s
Rendered 1845/3679, time remaining: 1m 1s
Rendered 1846/3679, time remaining: 1m 1s
Rendered 1847/3679, time remaining: 1m 0s
Rendered 1848/3679, time remaining: 1m 0s
Rendered 1849/3679, time remaining: 1m 0s
Rendered 1850/3679, time remaining: 1m 0s
Rendered 1851/3679, time remaining: 1m 1s
Rendered 1852/3679, time remaining: 1m 1s
Rendered 1853/3679, time remaining: 1m 1s
Rendered 1854/3679, time remaining: 1m 0s
Rendered 1855/3679, time remaining: 59s
Rendered 1856/3679, time remaining: 59s
Rendered 1857/3679, time remaining: 1m 1s
Rendered 1858/3679, time remaining: 1m 0s
Rendered 1859/3679, time remaining: 1m 1s
Rendered 1860/3679, time remaining: 1m 1s
Rendered 1861/3679, time remaining: 1m 0s
Rendered 1862/3679, time remaining: 1m 0s
Rendered 1863/3679, time remaining: 1m 0s
Rendered 1864/3679, time remaining: 1m 0s
Rendered 1865/3679, time remaining: 1m 0s
Rendered 1866/3679, time remaining: 1m 0s
Rendered 1867/3679, time remaining: 1m 0s
Rendered 1868/3679, time remaining: 1m 1s
Rendered 1869/3679, time remaining: 1m 0s
Rendered 1870/3679, time remaining: 1m 0s
Rendered 1871/3679, time remaining: 1m 0s
Rendered 1872/3679, time remaining: 59s
Rendered 1873/3679, time remaining: 1m 0s
Rendered 1874/3679, time remaining: 1m 0s
Rendered 1875/3679, time remaining: 59s
Rendered 1876/3679, time remaining: 59s
Rendered 1877/3679, time remaining: 59s
Rendered 1878/3679, time remaining: 1m 0s
Rendered 1879/3679, time remaining: 59s
Rendered 1880/3679, time remaining: 1m 0s
Rendered 1881/3679, time remaining: 58s
Rendered 1882/3679, time remaining: 58s
Rendered 1883/3679, time remaining: 58s
Rendered 1884/3679, time remaining: 59s
Rendered 1885/3679, time remaining: 58s
Rendered 1886/3679, time remaining: 58s
Rendered 1887/3679, time remaining: 58s
Rendered 1888/3679, time remaining: 58s
Rendered 1889/3679, time remaining: 58s
Rendered 1890/3679, time remaining: 58s
Rendered 1891/3679, time remaining: 58s
Rendered 1892/3679, time remaining: 58s
Rendered 1893/3679, time remaining: 58s
Rendered 1894/3679, time remaining: 58s
Rendered 1895/3679, time remaining: 58s
Rendered 1896/3679, time remaining: 58s
Rendered 1897/3679, time remaining: 57s
Rendered 1898/3679, time remaining: 57s
Rendered 1899/3679, time remaining: 57s
Rendered 1900/3679, time remaining: 58s
Rendered 1901/3679, time remaining: 58s
Rendered 1902/3679, time remaining: 58s
Rendered 1903/3679, time remaining: 58s
Rendered 1904/3679, time remaining: 58s
Rendered 1905/3679, time remaining: 57s
Rendered 1906/3679, time remaining: 58s
Rendered 1907/3679, time remaining: 58s
Rendered 1908/3679, time remaining: 58s
Rendered 1909/3679, time remaining: 58s
Rendered 1910/3679, time remaining: 58s
Rendered 1911/3679, time remaining: 57s
Rendered 1912/3679, time remaining: 57s
Rendered 1913/3679, time remaining: 58s
Rendered 1914/3679, time remaining: 58s
Rendered 1915/3679, time remaining: 58s
Rendered 1916/3679, time remaining: 58s
Rendered 1917/3679, time remaining: 57s
Rendered 1918/3679, time remaining: 57s
Rendered 1919/3679, time remaining: 58s
Rendered 1920/3679, time remaining: 58s
Rendered 1921/3679, time remaining: 57s
Rendered 1922/3679, time remaining: 58s
Rendered 1923/3679, time remaining: 57s
Rendered 1924/3679, time remaining: 57s
Rendered 1925/3679, time remaining: 58s
Rendered 1926/3679, time remaining: 58s
Rendered 1927/3679, time remaining: 58s
Rendered 1928/3679, time remaining: 57s
Rendered 1929/3679, time remaining: 57s
Rendered 1930/3679, time remaining: 56s
Rendered 1931/3679, time remaining: 58s
Rendered 1932/3679, time remaining: 58s
Rendered 1933/3679, time remaining: 58s
Rendered 1934/3679, time remaining: 57s
Rendered 1935/3679, time remaining: 57s
Rendered 1936/3679, time remaining: 57s
Rendered 1937/3679, time remaining: 58s
Rendered 1938/3679, time remaining: 58s
Rendered 1939/3679, time remaining: 58s
Rendered 1940/3679, time remaining: 57s
Rendered 1941/3679, time remaining: 57s
Rendered 1942/3679, time remaining: 57s
Rendered 1943/3679, time remaining: 57s
Rendered 1944/3679, time remaining: 57s
Rendered 1945/3679, time remaining: 58s
Rendered 1946/3679, time remaining: 58s
Rendered 1947/3679, time remaining: 57s
Rendered 1948/3679, time remaining: 58s
Rendered 1949/3679, time remaining: 57s
Rendered 1950/3679, time remaining: 58s
Rendered 1951/3679, time remaining: 58s
Rendered 1952/3679, time remaining: 57s
Rendered 1953/3679, time remaining: 57s
Rendered 1954/3679, time remaining: 57s
Rendered 1955/3679, time remaining: 57s
Rendered 1956/3679, time remaining: 57s
Rendered 1957/3679, time remaining: 57s
Rendered 1958/3679, time remaining: 58s
Rendered 1959/3679, time remaining: 57s
Rendered 1960/3679, time remaining: 57s
Rendered 1961/3679, time remaining: 57s
Rendered 1962/3679, time remaining: 56s
Rendered 1963/3679, time remaining: 56s
Rendered 1964/3679, time remaining: 57s
Rendered 1965/3679, time remaining: 57s
Rendered 1966/3679, time remaining: 57s
Rendered 1967/3679, time remaining: 57s
Rendered 1968/3679, time remaining: 57s
Rendered 1969/3679, time remaining: 57s
Rendered 1970/3679, time remaining: 57s
Rendered 1971/3679, time remaining: 57s
Rendered 1972/3679, time remaining: 57s
Rendered 1973/3679, time remaining: 57s
Rendered 1974/3679, time remaining: 56s
Rendered 1975/3679, time remaining: 56s
Rendered 1976/3679, time remaining: 56s
Rendered 1977/3679, time remaining: 56s
Rendered 1978/3679, time remaining: 56s
Rendered 1979/3679, time remaining: 56s
Rendered 1980/3679, time remaining: 57s
Rendered 1981/3679, time remaining: 57s
Rendered 1982/3679, time remaining: 57s
Rendered 1983/3679, time remaining: 55s
Rendered 1984/3679, time remaining: 56s
Rendered 1985/3679, time remaining: 56s
Rendered 1986/3679, time remaining: 56s
Rendered 1987/3679, time remaining: 56s
Rendered 1988/3679, time remaining: 56s
Rendered 1989/3679, time remaining: 54s
Rendered 1990/3679, time remaining: 55s
Rendered 1991/3679, time remaining: 55s
Rendered 1992/3679, time remaining: 55s
Rendered 1993/3679, time remaining: 55s
Rendered 1994/3679, time remaining: 55s
Rendered 1995/3679, time remaining: 54s
Rendered 1996/3679, time remaining: 55s
Rendered 1997/3679, time remaining: 55s
Rendered 1998/3679, time remaining: 55s
Rendered 1999/3679, time remaining: 54s
Rendered 2000/3679, time remaining: 55s
Rendered 2001/3679, time remaining: 54s
Rendered 2002/3679, time remaining: 54s
Rendered 2003/3679, time remaining: 55s
Rendered 2004/3679, time remaining: 55s
Rendered 2005/3679, time remaining: 55s
Rendered 2006/3679, time remaining: 55s
Rendered 2007/3679, time remaining: 53s
Rendered 2008/3679, time remaining: 53s
Rendered 2009/3679, time remaining: 55s
Rendered 2010/3679, time remaining: 55s
Rendered 2011/3679, time remaining: 54s
Rendered 2012/3679, time remaining: 54s
Rendered 2013/3679, time remaining: 54s
Rendered 2014/3679, time remaining: 54s
Rendered 2015/3679, time remaining: 54s
Rendered 2016/3679, time remaining: 55s
Rendered 2017/3679, time remaining: 55s
Rendered 2018/3679, time remaining: 54s
Rendered 2019/3679, time remaining: 54s
Rendered 2020/3679, time remaining: 54s
Rendered 2021/3679, time remaining: 54s
Rendered 2022/3679, time remaining: 54s
Rendered 2023/3679, time remaining: 54s
Rendered 2024/3679, time remaining: 54s
Rendered 2025/3679, time remaining: 54s
Rendered 2026/3679, time remaining: 54s
Rendered 2027/3679, time remaining: 54s
Rendered 2028/3679, time remaining: 53s
Rendered 2029/3679, time remaining: 54s
Rendered 2030/3679, time remaining: 54s
Rendered 2031/3679, time remaining: 54s
Rendered 2032/3679, time remaining: 54s
Rendered 2033/3679, time remaining: 55s
Rendered 2034/3679, time remaining: 54s
Rendered 2035/3679, time remaining: 54s
Rendered 2036/3679, time remaining: 53s
Rendered 2037/3679, time remaining: 54s
Rendered 2038/3679, time remaining: 54s
Rendered 2039/3679, time remaining: 54s
Rendered 2040/3679, time remaining: 54s
Rendered 2041/3679, time remaining: 53s
Rendered 2042/3679, time remaining: 53s
Rendered 2043/3679, time remaining: 54s
Rendered 2044/3679, time remaining: 54s
Rendered 2045/3679, time remaining: 53s
Rendered 2046/3679, time remaining: 54s
Rendered 2047/3679, time remaining: 54s
Rendered 2048/3679, time remaining: 54s
Rendered 2049/3679, time remaining: 54s
Rendered 2050/3679, time remaining: 54s
Rendered 2051/3679, time remaining: 54s
Rendered 2052/3679, time remaining: 54s
Rendered 2053/3679, time remaining: 54s
Rendered 2054/3679, time remaining: 54s
Rendered 2055/3679, time remaining: 54s
Rendered 2056/3679, time remaining: 53s
Rendered 2057/3679, time remaining: 54s
Rendered 2058/3679, time remaining: 54s
Rendered 2059/3679, time remaining: 54s
Rendered 2060/3679, time remaining: 54s
Rendered 2061/3679, time remaining: 54s
Rendered 2062/3679, time remaining: 54s
Rendered 2063/3679, time remaining: 54s
Rendered 2064/3679, time remaining: 54s
Rendered 2065/3679, time remaining: 53s
Rendered 2066/3679, time remaining: 53s
Rendered 2067/3679, time remaining: 53s
Rendered 2068/3679, time remaining: 54s
Rendered 2069/3679, time remaining: 54s
Rendered 2070/3679, time remaining: 54s
Rendered 2071/3679, time remaining: 54s
Rendered 2072/3679, time remaining: 54s
Rendered 2073/3679, time remaining: 54s
Rendered 2074/3679, time remaining: 54s
Rendered 2075/3679, time remaining: 53s
Rendered 2076/3679, time remaining: 54s
Rendered 2077/3679, time remaining: 54s
Rendered 2078/3679, time remaining: 54s
Rendered 2079/3679, time remaining: 54s
Rendered 2080/3679, time remaining: 54s
Rendered 2081/3679, time remaining: 53s
Rendered 2082/3679, time remaining: 55s
Rendered 2083/3679, time remaining: 55s
Rendered 2084/3679, time remaining: 55s
Rendered 2085/3679, time remaining: 55s
Rendered 2086/3679, time remaining: 56s
Rendered 2087/3679, time remaining: 54s
Rendered 2088/3679, time remaining: 54s
Rendered 2089/3679, time remaining: 54s
Rendered 2090/3679, time remaining: 54s
Rendered 2091/3679, time remaining: 54s
Rendered 2092/3679, time remaining: 55s
Rendered 2093/3679, time remaining: 55s
Rendered 2094/3679, time remaining: 55s
Rendered 2095/3679, time remaining: 55s
Rendered 2096/3679, time remaining: 55s
Rendered 2097/3679, time remaining: 55s
Rendered 2098/3679, time remaining: 56s
Rendered 2099/3679, time remaining: 56s
Rendered 2100/3679, time remaining: 56s
Rendered 2101/3679, time remaining: 56s
Rendered 2102/3679, time remaining: 56s
Rendered 2103/3679, time remaining: 55s
Rendered 2104/3679, time remaining: 55s
Rendered 2105/3679, time remaining: 55s
Rendered 2106/3679, time remaining: 56s
Rendered 2107/3679, time remaining: 56s
Rendered 2108/3679, time remaining: 55s
Rendered 2109/3679, time remaining: 55s
Rendered 2110/3679, time remaining: 55s
Rendered 2111/3679, time remaining: 55s
Rendered 2112/3679, time remaining: 56s
Rendered 2113/3679, time remaining: 57s
Rendered 2114/3679, time remaining: 56s
Rendered 2115/3679, time remaining: 56s
Rendered 2116/3679, time remaining: 56s
Rendered 2117/3679, time remaining: 56s
Rendered 2118/3679, time remaining: 56s
Rendered 2119/3679, time remaining: 56s
Rendered 2120/3679, time remaining: 56s
Rendered 2121/3679, time remaining: 55s
Rendered 2122/3679, time remaining: 56s
Rendered 2123/3679, time remaining: 56s
Rendered 2124/3679, time remaining: 56s
Rendered 2125/3679, time remaining: 57s
Rendered 2126/3679, time remaining: 56s
Rendered 2127/3679, time remaining: 56s
Rendered 2128/3679, time remaining: 56s
Rendered 2129/3679, time remaining: 56s
Rendered 2130/3679, time remaining: 55s
Rendered 2131/3679, time remaining: 55s
Rendered 2132/3679, time remaining: 55s
Rendered 2133/3679, time remaining: 55s
Rendered 2134/3679, time remaining: 55s
Rendered 2135/3679, time remaining: 55s
Rendered 2136/3679, time remaining: 56s
Rendered 2137/3679, time remaining: 55s
Rendered 2138/3679, time remaining: 56s
Rendered 2139/3679, time remaining: 56s
Rendered 2140/3679, time remaining: 55s
Rendered 2141/3679, time remaining: 55s
Rendered 2142/3679, time remaining: 55s
Rendered 2143/3679, time remaining: 55s
Rendered 2144/3679, time remaining: 55s
Rendered 2145/3679, time remaining: 55s
Rendered 2146/3679, time remaining: 55s
Rendered 2147/3679, time remaining: 55s
Rendered 2148/3679, time remaining: 55s
Rendered 2149/3679, time remaining: 55s
Rendered 2150/3679, time remaining: 55s
Rendered 2151/3679, time remaining: 55s
Rendered 2152/3679, time remaining: 56s
Rendered 2153/3679, time remaining: 55s
Rendered 2154/3679, time remaining: 55s
Rendered 2155/3679, time remaining: 55s
Rendered 2156/3679, time remaining: 54s
Rendered 2157/3679, time remaining: 55s
Rendered 2158/3679, time remaining: 56s
Rendered 2159/3679, time remaining: 55s
Rendered 2160/3679, time remaining: 54s
Rendered 2161/3679, time remaining: 54s
Rendered 2162/3679, time remaining: 54s
Rendered 2163/3679, time remaining: 54s
Rendered 2164/3679, time remaining: 54s
Rendered 2165/3679, time remaining: 55s
Rendered 2166/3679, time remaining: 54s
Rendered 2167/3679, time remaining: 54s
Rendered 2168/3679, time remaining: 54s
Rendered 2169/3679, time remaining: 54s
Rendered 2170/3679, time remaining: 54s
Rendered 2171/3679, time remaining: 55s
Rendered 2172/3679, time remaining: 55s
Rendered 2173/3679, time remaining: 54s
Rendered 2174/3679, time remaining: 54s
Rendered 2175/3679, time remaining: 54s
Rendered 2176/3679, time remaining: 53s
Rendered 2177/3679, time remaining: 54s
Rendered 2178/3679, time remaining: 55s
Rendered 2179/3679, time remaining: 54s
Rendered 2180/3679, time remaining: 54s
Rendered 2181/3679, time remaining: 54s
Rendered 2182/3679, time remaining: 53s
Rendered 2183/3679, time remaining: 54s
Rendered 2184/3679, time remaining: 54s
Rendered 2185/3679, time remaining: 54s
Rendered 2186/3679, time remaining: 54s
Rendered 2187/3679, time remaining: 53s
Rendered 2188/3679, time remaining: 53s
Rendered 2189/3679, time remaining: 54s
Rendered 2190/3679, time remaining: 54s
Rendered 2191/3679, time remaining: 54s
Rendered 2192/3679, time remaining: 54s
Rendered 2193/3679, time remaining: 53s
Rendered 2194/3679, time remaining: 53s
Rendered 2195/3679, time remaining: 53s
Rendered 2196/3679, time remaining: 54s
Rendered 2197/3679, time remaining: 54s
Rendered 2198/3679, time remaining: 54s
Rendered 2199/3679, time remaining: 53s
Rendered 2200/3679, time remaining: 52s
Rendered 2201/3679, time remaining: 52s
Rendered 2202/3679, time remaining: 53s
Rendered 2203/3679, time remaining: 53s
Rendered 2204/3679, time remaining: 53s
Rendered 2205/3679, time remaining: 53s
Rendered 2206/3679, time remaining: 53s
Rendered 2207/3679, time remaining: 52s
Rendered 2208/3679, time remaining: 52s
Rendered 2209/3679, time remaining: 52s
Rendered 2210/3679, time remaining: 53s
Rendered 2211/3679, time remaining: 53s
Rendered 2212/3679, time remaining: 53s
Rendered 2213/3679, time remaining: 52s
Rendered 2214/3679, time remaining: 52s
Rendered 2215/3679, time remaining: 52s
Rendered 2216/3679, time remaining: 52s
Rendered 2217/3679, time remaining: 52s
Rendered 2218/3679, time remaining: 52s
Rendered 2219/3679, time remaining: 51s
Rendered 2220/3679, time remaining: 51s
Rendered 2221/3679, time remaining: 51s
Rendered 2222/3679, time remaining: 52s
Rendered 2223/3679, time remaining: 51s
Rendered 2224/3679, time remaining: 52s
Rendered 2225/3679, time remaining: 51s
Rendered 2226/3679, time remaining: 51s
Rendered 2227/3679, time remaining: 51s
Rendered 2228/3679, time remaining: 51s
Rendered 2229/3679, time remaining: 51s
Rendered 2230/3679, time remaining: 51s
Rendered 2231/3679, time remaining: 50s
Rendered 2232/3679, time remaining: 50s
Rendered 2233/3679, time remaining: 50s
Rendered 2234/3679, time remaining: 50s
Rendered 2235/3679, time remaining: 50s
Rendered 2236/3679, time remaining: 49s
Rendered 2237/3679, time remaining: 50s
Rendered 2238/3679, time remaining: 49s
Rendered 2239/3679, time remaining: 49s
Rendered 2240/3679, time remaining: 49s
Rendered 2241/3679, time remaining: 50s
Rendered 2242/3679, time remaining: 49s
Rendered 2243/3679, time remaining: 49s
Rendered 2244/3679, time remaining: 48s
Rendered 2245/3679, time remaining: 48s
Rendered 2246/3679, time remaining: 48s
Rendered 2247/3679, time remaining: 49s
Rendered 2248/3679, time remaining: 48s
Rendered 2249/3679, time remaining: 48s
Rendered 2250/3679, time remaining: 47s
Rendered 2251/3679, time remaining: 47s
Rendered 2252/3679, time remaining: 47s
Rendered 2253/3679, time remaining: 48s
Rendered 2254/3679, time remaining: 48s
Rendered 2255/3679, time remaining: 48s
Rendered 2256/3679, time remaining: 47s
Rendered 2257/3679, time remaining: 47s
Rendered 2258/3679, time remaining: 47s
Rendered 2259/3679, time remaining: 47s
Rendered 2260/3679, time remaining: 48s
Rendered 2261/3679, time remaining: 48s
Rendered 2262/3679, time remaining: 47s
Rendered 2263/3679, time remaining: 46s
Rendered 2264/3679, time remaining: 46s
Rendered 2265/3679, time remaining: 47s
Rendered 2266/3679, time remaining: 47s
Rendered 2267/3679, time remaining: 47s
Rendered 2268/3679, time remaining: 47s
Rendered 2269/3679, time remaining: 46s
Rendered 2270/3679, time remaining: 46s
Rendered 2271/3679, time remaining: 47s
Rendered 2272/3679, time remaining: 47s
Rendered 2273/3679, time remaining: 47s
Rendered 2274/3679, time remaining: 47s
Rendered 2275/3679, time remaining: 46s
Rendered 2276/3679, time remaining: 47s
Rendered 2277/3679, time remaining: 47s
Rendered 2278/3679, time remaining: 46s
Rendered 2279/3679, time remaining: 47s
Rendered 2280/3679, time remaining: 46s
Rendered 2281/3679, time remaining: 46s
Rendered 2282/3679, time remaining: 47s
Rendered 2283/3679, time remaining: 47s
Rendered 2284/3679, time remaining: 46s
Rendered 2285/3679, time remaining: 46s
Rendered 2286/3679, time remaining: 46s
Rendered 2287/3679, time remaining: 47s
Rendered 2288/3679, time remaining: 47s
Rendered 2289/3679, time remaining: 47s
Rendered 2290/3679, time remaining: 46s
Rendered 2291/3679, time remaining: 46s
Rendered 2292/3679, time remaining: 46s
Rendered 2293/3679, time remaining: 46s
Rendered 2294/3679, time remaining: 46s
Rendered 2295/3679, time remaining: 47s
Rendered 2296/3679, time remaining: 46s
Rendered 2297/3679, time remaining: 46s
Rendered 2298/3679, time remaining: 46s
Rendered 2299/3679, time remaining: 46s
Rendered 2300/3679, time remaining: 46s
Rendered 2301/3679, time remaining: 47s
Rendered 2302/3679, time remaining: 46s
Rendered 2303/3679, time remaining: 46s
Rendered 2304/3679, time remaining: 46s
Rendered 2305/3679, time remaining: 46s
Rendered 2306/3679, time remaining: 46s
Rendered 2307/3679, time remaining: 46s
Rendered 2308/3679, time remaining: 46s
Rendered 2309/3679, time remaining: 45s
Rendered 2310/3679, time remaining: 46s
Rendered 2311/3679, time remaining: 46s
Rendered 2312/3679, time remaining: 46s
Rendered 2313/3679, time remaining: 46s
Rendered 2314/3679, time remaining: 46s
Rendered 2315/3679, time remaining: 45s
Rendered 2316/3679, time remaining: 45s
Rendered 2317/3679, time remaining: 45s
Rendered 2318/3679, time remaining: 46s
Rendered 2319/3679, time remaining: 46s
Rendered 2320/3679, time remaining: 46s
Rendered 2321/3679, time remaining: 45s
Rendered 2322/3679, time remaining: 45s
Rendered 2323/3679, time remaining: 45s
Rendered 2324/3679, time remaining: 45s
Rendered 2325/3679, time remaining: 46s
Rendered 2326/3679, time remaining: 46s
Rendered 2327/3679, time remaining: 45s
Rendered 2328/3679, time remaining: 45s
Rendered 2329/3679, time remaining: 45s
Rendered 2330/3679, time remaining: 45s
Rendered 2331/3679, time remaining: 46s
Rendered 2332/3679, time remaining: 46s
Rendered 2333/3679, time remaining: 45s
Rendered 2334/3679, time remaining: 45s
Rendered 2335/3679, time remaining: 45s
Rendered 2336/3679, time remaining: 45s
Rendered 2337/3679, time remaining: 46s
Rendered 2338/3679, time remaining: 45s
Rendered 2339/3679, time remaining: 45s
Rendered 2340/3679, time remaining: 45s
Rendered 2341/3679, time remaining: 45s
Rendered 2342/3679, time remaining: 45s
Rendered 2343/3679, time remaining: 46s
Rendered 2344/3679, time remaining: 45s
Rendered 2345/3679, time remaining: 45s
Rendered 2346/3679, time remaining: 45s
Rendered 2347/3679, time remaining: 45s
Rendered 2348/3679, time remaining: 45s
Rendered 2349/3679, time remaining: 45s
Rendered 2350/3679, time remaining: 45s
Rendered 2351/3679, time remaining: 46s
Rendered 2352/3679, time remaining: 45s
Rendered 2353/3679, time remaining: 45s
Rendered 2354/3679, time remaining: 44s
Rendered 2355/3679, time remaining: 45s
Rendered 2356/3679, time remaining: 45s
Rendered 2357/3679, time remaining: 45s
Rendered 2358/3679, time remaining: 45s
Rendered 2359/3679, time remaining: 45s
Rendered 2360/3679, time remaining: 44s
Rendered 2361/3679, time remaining: 44s
Rendered 2362/3679, time remaining: 44s
Rendered 2363/3679, time remaining: 45s
Rendered 2364/3679, time remaining: 45s
Rendered 2365/3679, time remaining: 45s
Rendered 2366/3679, time remaining: 44s
Rendered 2367/3679, time remaining: 44s
Rendered 2368/3679, time remaining: 44s
Rendered 2369/3679, time remaining: 45s
Rendered 2370/3679, time remaining: 45s
Rendered 2371/3679, time remaining: 45s
Rendered 2372/3679, time remaining: 44s
Rendered 2373/3679, time remaining: 44s
Rendered 2374/3679, time remaining: 44s
Rendered 2375/3679, time remaining: 45s
Rendered 2376/3679, time remaining: 44s
Rendered 2377/3679, time remaining: 44s
Rendered 2378/3679, time remaining: 44s
Rendered 2379/3679, time remaining: 44s
Rendered 2380/3679, time remaining: 44s
Rendered 2381/3679, time remaining: 45s
Rendered 2382/3679, time remaining: 44s
Rendered 2383/3679, time remaining: 45s
Rendered 2384/3679, time remaining: 44s
Rendered 2385/3679, time remaining: 44s
Rendered 2386/3679, time remaining: 44s
Rendered 2387/3679, time remaining: 44s
Rendered 2388/3679, time remaining: 44s
Rendered 2389/3679, time remaining: 44s
Rendered 2390/3679, time remaining: 44s
Rendered 2391/3679, time remaining: 44s
Rendered 2392/3679, time remaining: 44s
Rendered 2393/3679, time remaining: 44s
Rendered 2394/3679, time remaining: 44s
Rendered 2395/3679, time remaining: 44s
Rendered 2396/3679, time remaining: 43s
Rendered 2397/3679, time remaining: 43s
Rendered 2398/3679, time remaining: 43s
Rendered 2399/3679, time remaining: 43s
Rendered 2400/3679, time remaining: 44s
Rendered 2401/3679, time remaining: 44s
Rendered 2402/3679, time remaining: 44s
Rendered 2403/3679, time remaining: 43s
Rendered 2404/3679, time remaining: 43s
Rendered 2405/3679, time remaining: 43s
Rendered 2406/3679, time remaining: 44s
Rendered 2407/3679, time remaining: 44s
Rendered 2408/3679, time remaining: 43s
Rendered 2409/3679, time remaining: 43s
Rendered 2410/3679, time remaining: 43s
Rendered 2411/3679, time remaining: 43s
Rendered 2412/3679, time remaining: 43s
Rendered 2413/3679, time remaining: 43s
Rendered 2414/3679, time remaining: 44s
Rendered 2415/3679, time remaining: 43s
Rendered 2416/3679, time remaining: 43s
Rendered 2417/3679, time remaining: 43s
Rendered 2418/3679, time remaining: 43s
Rendered 2419/3679, time remaining: 43s
Rendered 2420/3679, time remaining: 43s
Rendered 2421/3679, time remaining: 42s
Rendered 2422/3679, time remaining: 42s
Rendered 2423/3679, time remaining: 43s
Rendered 2424/3679, time remaining: 43s
Rendered 2425/3679, time remaining: 43s
Rendered 2426/3679, time remaining: 42s
Rendered 2427/3679, time remaining: 42s
Rendered 2428/3679, time remaining: 43s
Rendered 2429/3679, time remaining: 43s
Rendered 2430/3679, time remaining: 43s
Rendered 2431/3679, time remaining: 43s
Rendered 2432/3679, time remaining: 42s
Rendered 2433/3679, time remaining: 42s
Rendered 2434/3679, time remaining: 42s
Rendered 2435/3679, time remaining: 43s
Rendered 2436/3679, time remaining: 42s
Rendered 2437/3679, time remaining: 42s
Rendered 2438/3679, time remaining: 42s
Rendered 2439/3679, time remaining: 42s
Rendered 2440/3679, time remaining: 41s
Rendered 2441/3679, time remaining: 42s
Rendered 2442/3679, time remaining: 42s
Rendered 2443/3679, time remaining: 42s
Rendered 2444/3679, time remaining: 42s
Rendered 2445/3679, time remaining: 41s
Rendered 2446/3679, time remaining: 41s
Rendered 2447/3679, time remaining: 42s
Rendered 2448/3679, time remaining: 42s
Rendered 2449/3679, time remaining: 42s
Rendered 2450/3679, time remaining: 42s
Rendered 2451/3679, time remaining: 41s
Rendered 2452/3679, time remaining: 41s
Rendered 2453/3679, time remaining: 42s
Rendered 2454/3679, time remaining: 42s
Rendered 2455/3679, time remaining: 42s
Rendered 2456/3679, time remaining: 42s
Rendered 2457/3679, time remaining: 41s
Rendered 2458/3679, time remaining: 41s
Rendered 2459/3679, time remaining: 41s
Rendered 2460/3679, time remaining: 41s
Rendered 2461/3679, time remaining: 42s
Rendered 2462/3679, time remaining: 41s
Rendered 2463/3679, time remaining: 41s
Rendered 2464/3679, time remaining: 41s
Rendered 2465/3679, time remaining: 41s
Rendered 2466/3679, time remaining: 41s
Rendered 2467/3679, time remaining: 42s
Rendered 2468/3679, time remaining: 41s
Rendered 2469/3679, time remaining: 41s
Rendered 2470/3679, time remaining: 41s
Rendered 2471/3679, time remaining: 41s
Rendered 2472/3679, time remaining: 41s
Rendered 2473/3679, time remaining: 42s
Rendered 2474/3679, time remaining: 42s
Rendered 2475/3679, time remaining: 41s
Rendered 2476/3679, time remaining: 41s
Rendered 2477/3679, time remaining: 41s
Rendered 2478/3679, time remaining: 41s
Rendered 2479/3679, time remaining: 41s
Rendered 2480/3679, time remaining: 42s
Rendered 2481/3679, time remaining: 41s
Rendered 2482/3679, time remaining: 41s
Rendered 2483/3679, time remaining: 40s
Rendered 2484/3679, time remaining: 41s
Rendered 2485/3679, time remaining: 41s
Rendered 2486/3679, time remaining: 41s
Rendered 2487/3679, time remaining: 40s
Rendered 2488/3679, time remaining: 40s
Rendered 2489/3679, time remaining: 41s
Rendered 2490/3679, time remaining: 40s
Rendered 2491/3679, time remaining: 40s
Rendered 2492/3679, time remaining: 40s
Rendered 2493/3679, time remaining: 40s
Rendered 2494/3679, time remaining: 40s
Rendered 2495/3679, time remaining: 40s
Rendered 2496/3679, time remaining: 41s
Rendered 2497/3679, time remaining: 40s
Rendered 2498/3679, time remaining: 40s
Rendered 2499/3679, time remaining: 40s
Rendered 2500/3679, time remaining: 40s
Rendered 2501/3679, time remaining: 39s
Rendered 2502/3679, time remaining: 40s
Rendered 2503/3679, time remaining: 40s
Rendered 2504/3679, time remaining: 40s
Rendered 2505/3679, time remaining: 40s
Rendered 2506/3679, time remaining: 40s
Rendered 2507/3679, time remaining: 39s
Rendered 2508/3679, time remaining: 39s
Rendered 2509/3679, time remaining: 40s
Rendered 2510/3679, time remaining: 40s
Rendered 2511/3679, time remaining: 40s
Rendered 2512/3679, time remaining: 40s
Rendered 2513/3679, time remaining: 40s
Rendered 2514/3679, time remaining: 40s
Rendered 2515/3679, time remaining: 39s
Rendered 2516/3679, time remaining: 39s
Rendered 2517/3679, time remaining: 40s
Rendered 2518/3679, time remaining: 40s
Rendered 2519/3679, time remaining: 39s
Rendered 2520/3679, time remaining: 40s
Rendered 2521/3679, time remaining: 39s
Rendered 2522/3679, time remaining: 39s
Rendered 2523/3679, time remaining: 40s
Rendered 2524/3679, time remaining: 40s
Rendered 2525/3679, time remaining: 39s
Rendered 2526/3679, time remaining: 39s
Rendered 2527/3679, time remaining: 39s
Rendered 2528/3679, time remaining: 39s
Rendered 2529/3679, time remaining: 40s
Rendered 2530/3679, time remaining: 40s
Rendered 2531/3679, time remaining: 39s
Rendered 2532/3679, time remaining: 39s
Rendered 2533/3679, time remaining: 39s
Rendered 2534/3679, time remaining: 39s
Rendered 2535/3679, time remaining: 39s
Rendered 2536/3679, time remaining: 39s
Rendered 2537/3679, time remaining: 40s
Rendered 2538/3679, time remaining: 39s
Rendered 2539/3679, time remaining: 39s
Rendered 2540/3679, time remaining: 39s
Rendered 2541/3679, time remaining: 39s
Rendered 2542/3679, time remaining: 39s
Rendered 2543/3679, time remaining: 39s
Rendered 2544/3679, time remaining: 39s
Rendered 2545/3679, time remaining: 39s
Rendered 2546/3679, time remaining: 39s
Rendered 2547/3679, time remaining: 39s
Rendered 2548/3679, time remaining: 39s
Rendered 2549/3679, time remaining: 39s
Rendered 2550/3679, time remaining: 38s
Rendered 2551/3679, time remaining: 38s
Rendered 2552/3679, time remaining: 39s
Rendered 2553/3679, time remaining: 39s
Rendered 2554/3679, time remaining: 39s
Rendered 2555/3679, time remaining: 39s
Rendered 2556/3679, time remaining: 38s
Rendered 2557/3679, time remaining: 38s
Rendered 2558/3679, time remaining: 38s
Rendered 2559/3679, time remaining: 39s
Rendered 2560/3679, time remaining: 39s
Rendered 2561/3679, time remaining: 39s
Rendered 2562/3679, time remaining: 38s
Rendered 2563/3679, time remaining: 38s
Rendered 2564/3679, time remaining: 38s
Rendered 2565/3679, time remaining: 38s
Rendered 2566/3679, time remaining: 39s
Rendered 2567/3679, time remaining: 39s
Rendered 2568/3679, time remaining: 38s
Rendered 2569/3679, time remaining: 38s
Rendered 2570/3679, time remaining: 38s
Rendered 2571/3679, time remaining: 38s
Rendered 2572/3679, time remaining: 39s
Rendered 2573/3679, time remaining: 38s
Rendered 2574/3679, time remaining: 38s
Rendered 2575/3679, time remaining: 38s
Rendered 2576/3679, time remaining: 38s
Rendered 2577/3679, time remaining: 38s
Rendered 2578/3679, time remaining: 38s
Rendered 2579/3679, time remaining: 38s
Rendered 2580/3679, time remaining: 38s
Rendered 2581/3679, time remaining: 38s
Rendered 2582/3679, time remaining: 38s
Rendered 2583/3679, time remaining: 38s
Rendered 2584/3679, time remaining: 38s
Rendered 2585/3679, time remaining: 37s
Rendered 2586/3679, time remaining: 37s
Rendered 2587/3679, time remaining: 38s
Rendered 2588/3679, time remaining: 37s
Rendered 2589/3679, time remaining: 37s
Rendered 2590/3679, time remaining: 38s
Rendered 2591/3679, time remaining: 37s
Rendered 2592/3679, time remaining: 37s
Rendered 2593/3679, time remaining: 37s
Rendered 2594/3679, time remaining: 37s
Rendered 2595/3679, time remaining: 37s
Rendered 2596/3679, time remaining: 38s
Rendered 2597/3679, time remaining: 37s
Rendered 2598/3679, time remaining: 37s
Rendered 2599/3679, time remaining: 37s
Rendered 2600/3679, time remaining: 37s
Rendered 2601/3679, time remaining: 37s
Rendered 2602/3679, time remaining: 38s
Rendered 2603/3679, time remaining: 37s
Rendered 2604/3679, time remaining: 37s
Rendered 2605/3679, time remaining: 37s
Rendered 2606/3679, time remaining: 37s
Rendered 2607/3679, time remaining: 37s
Rendered 2608/3679, time remaining: 37s
Rendered 2609/3679, time remaining: 37s
Rendered 2610/3679, time remaining: 37s
Rendered 2611/3679, time remaining: 37s
Rendered 2612/3679, time remaining: 37s
Rendered 2613/3679, time remaining: 37s
Rendered 2614/3679, time remaining: 37s
Rendered 2615/3679, time remaining: 37s
Rendered 2616/3679, time remaining: 37s
Rendered 2617/3679, time remaining: 36s
Rendered 2618/3679, time remaining: 36s
Rendered 2619/3679, time remaining: 36s
Rendered 2620/3679, time remaining: 36s
Rendered 2621/3679, time remaining: 36s
Rendered 2622/3679, time remaining: 37s
Rendered 2623/3679, time remaining: 36s
Rendered 2624/3679, time remaining: 36s
Rendered 2625/3679, time remaining: 36s
Rendered 2626/3679, time remaining: 36s
Rendered 2627/3679, time remaining: 36s
Rendered 2628/3679, time remaining: 36s
Rendered 2629/3679, time remaining: 36s
Rendered 2630/3679, time remaining: 36s
Rendered 2631/3679, time remaining: 36s
Rendered 2632/3679, time remaining: 36s
Rendered 2633/3679, time remaining: 36s
Rendered 2634/3679, time remaining: 36s
Rendered 2635/3679, time remaining: 36s
Rendered 2636/3679, time remaining: 36s
Rendered 2637/3679, time remaining: 36s
Rendered 2638/3679, time remaining: 36s
Rendered 2639/3679, time remaining: 36s
Rendered 2640/3679, time remaining: 36s
Rendered 2641/3679, time remaining: 37s
Rendered 2642/3679, time remaining: 36s
Rendered 2643/3679, time remaining: 36s
Rendered 2644/3679, time remaining: 36s
Rendered 2645/3679, time remaining: 36s
Rendered 2646/3679, time remaining: 36s
Rendered 2647/3679, time remaining: 36s
Rendered 2648/3679, time remaining: 36s
Rendered 2649/3679, time remaining: 36s
Rendered 2650/3679, time remaining: 36s
Rendered 2651/3679, time remaining: 36s
Rendered 2652/3679, time remaining: 35s
Rendered 2653/3679, time remaining: 36s
Rendered 2654/3679, time remaining: 36s
Rendered 2655/3679, time remaining: 36s
Rendered 2656/3679, time remaining: 36s
Rendered 2657/3679, time remaining: 36s
Rendered 2658/3679, time remaining: 35s
Rendered 2659/3679, time remaining: 36s
Rendered 2660/3679, time remaining: 35s
Rendered 2661/3679, time remaining: 35s
Rendered 2662/3679, time remaining: 35s
Rendered 2663/3679, time remaining: 35s
Rendered 2664/3679, time remaining: 35s
Rendered 2665/3679, time remaining: 35s
Rendered 2666/3679, time remaining: 35s
Rendered 2667/3679, time remaining: 35s
Rendered 2668/3679, time remaining: 35s
Rendered 2669/3679, time remaining: 35s
Rendered 2670/3679, time remaining: 35s
Rendered 2671/3679, time remaining: 35s
Rendered 2672/3679, time remaining: 35s
Rendered 2673/3679, time remaining: 35s
Rendered 2674/3679, time remaining: 35s
Rendered 2675/3679, time remaining: 35s
Rendered 2676/3679, time remaining: 34s
Rendered 2677/3679, time remaining: 34s
Rendered 2678/3679, time remaining: 35s
Rendered 2679/3679, time remaining: 34s
Rendered 2680/3679, time remaining: 34s
Rendered 2681/3679, time remaining: 34s
Rendered 2682/3679, time remaining: 34s
Rendered 2683/3679, time remaining: 35s
Rendered 2684/3679, time remaining: 35s
Rendered 2685/3679, time remaining: 34s
Rendered 2686/3679, time remaining: 34s
Rendered 2687/3679, time remaining: 34s
Rendered 2688/3679, time remaining: 34s
Rendered 2689/3679, time remaining: 34s
Rendered 2690/3679, time remaining: 35s
Rendered 2691/3679, time remaining: 35s
Rendered 2692/3679, time remaining: 34s
Rendered 2693/3679, time remaining: 34s
Rendered 2694/3679, time remaining: 34s
Rendered 2695/3679, time remaining: 34s
Rendered 2696/3679, time remaining: 34s
Rendered 2697/3679, time remaining: 34s
Rendered 2698/3679, time remaining: 34s
Rendered 2699/3679, time remaining: 34s
Rendered 2700/3679, time remaining: 34s
Rendered 2701/3679, time remaining: 34s
Rendered 2702/3679, time remaining: 34s
Rendered 2703/3679, time remaining: 34s
Rendered 2704/3679, time remaining: 34s
Rendered 2705/3679, time remaining: 34s
Rendered 2706/3679, time remaining: 34s
Rendered 2707/3679, time remaining: 34s
Rendered 2708/3679, time remaining: 34s
Rendered 2709/3679, time remaining: 33s
Rendered 2710/3679, time remaining: 34s
Rendered 2711/3679, time remaining: 34s
Rendered 2712/3679, time remaining: 34s
Rendered 2713/3679, time remaining: 34s
Rendered 2714/3679, time remaining: 34s
Rendered 2715/3679, time remaining: 33s
Rendered 2716/3679, time remaining: 34s
Rendered 2717/3679, time remaining: 34s
Rendered 2718/3679, time remaining: 34s
Rendered 2719/3679, time remaining: 34s
Rendered 2720/3679, time remaining: 34s
Rendered 2721/3679, time remaining: 34s
Rendered 2722/3679, time remaining: 33s
Rendered 2723/3679, time remaining: 34s
Rendered 2724/3679, time remaining: 33s
Rendered 2725/3679, time remaining: 33s
Rendered 2726/3679, time remaining: 34s
Rendered 2727/3679, time remaining: 34s
Rendered 2728/3679, time remaining: 33s
Rendered 2729/3679, time remaining: 33s
Rendered 2730/3679, time remaining: 33s
Rendered 2731/3679, time remaining: 33s
Rendered 2732/3679, time remaining: 33s
Rendered 2733/3679, time remaining: 33s
Rendered 2734/3679, time remaining: 33s
Rendered 2735/3679, time remaining: 33s
Rendered 2736/3679, time remaining: 33s
Rendered 2737/3679, time remaining: 33s
Rendered 2738/3679, time remaining: 33s
Rendered 2739/3679, time remaining: 33s
Rendered 2740/3679, time remaining: 33s
Rendered 2741/3679, time remaining: 33s
Rendered 2742/3679, time remaining: 33s
Rendered 2743/3679, time remaining: 33s
Rendered 2744/3679, time remaining: 33s
Rendered 2745/3679, time remaining: 33s
Rendered 2746/3679, time remaining: 33s
Rendered 2747/3679, time remaining: 32s
Rendered 2748/3679, time remaining: 32s
Rendered 2749/3679, time remaining: 33s
Rendered 2750/3679, time remaining: 33s
Rendered 2751/3679, time remaining: 33s
Rendered 2752/3679, time remaining: 33s
Rendered 2753/3679, time remaining: 32s
Rendered 2754/3679, time remaining: 32s
Rendered 2755/3679, time remaining: 32s
Rendered 2756/3679, time remaining: 33s
Rendered 2757/3679, time remaining: 32s
Rendered 2758/3679, time remaining: 32s
Rendered 2759/3679, time remaining: 32s
Rendered 2760/3679, time remaining: 31s
Rendered 2761/3679, time remaining: 31s
Rendered 2762/3679, time remaining: 31s
Rendered 2763/3679, time remaining: 31s
Rendered 2764/3679, time remaining: 31s
Rendered 2765/3679, time remaining: 31s
Rendered 2766/3679, time remaining: 30s
Rendered 2767/3679, time remaining: 30s
Rendered 2768/3679, time remaining: 30s
Rendered 2769/3679, time remaining: 30s
Rendered 2770/3679, time remaining: 30s
Rendered 2771/3679, time remaining: 31s
Rendered 2772/3679, time remaining: 31s
Rendered 2773/3679, time remaining: 31s
Rendered 2774/3679, time remaining: 31s
Rendered 2775/3679, time remaining: 31s
Rendered 2776/3679, time remaining: 31s
Rendered 2777/3679, time remaining: 31s
Rendered 2778/3679, time remaining: 31s
Rendered 2779/3679, time remaining: 31s
Rendered 2780/3679, time remaining: 31s
Rendered 2781/3679, time remaining: 31s
Rendered 2782/3679, time remaining: 31s
Rendered 2783/3679, time remaining: 31s
Rendered 2784/3679, time remaining: 31s
Rendered 2785/3679, time remaining: 31s
Rendered 2786/3679, time remaining: 30s
Rendered 2787/3679, time remaining: 30s
Rendered 2788/3679, time remaining: 30s
Rendered 2789/3679, time remaining: 31s
Rendered 2790/3679, time remaining: 31s
Rendered 2791/3679, time remaining: 31s
Rendered 2792/3679, time remaining: 30s
Rendered 2793/3679, time remaining: 30s
Rendered 2794/3679, time remaining: 30s
Rendered 2795/3679, time remaining: 31s
Rendered 2796/3679, time remaining: 31s
Rendered 2797/3679, time remaining: 30s
Rendered 2798/3679, time remaining: 31s
Rendered 2799/3679, time remaining: 30s
Rendered 2800/3679, time remaining: 30s
Rendered 2801/3679, time remaining: 31s
Rendered 2802/3679, time remaining: 30s
Rendered 2803/3679, time remaining: 31s
Rendered 2804/3679, time remaining: 30s
Rendered 2805/3679, time remaining: 30s
Rendered 2806/3679, time remaining: 30s
Rendered 2807/3679, time remaining: 30s
Rendered 2808/3679, time remaining: 30s
Rendered 2809/3679, time remaining: 31s
Rendered 2810/3679, time remaining: 31s
Rendered 2811/3679, time remaining: 31s
Rendered 2812/3679, time remaining: 30s
Rendered 2813/3679, time remaining: 30s
Rendered 2814/3679, time remaining: 30s
Rendered 2815/3679, time remaining: 31s
Rendered 2816/3679, time remaining: 31s
Rendered 2817/3679, time remaining: 30s
Rendered 2818/3679, time remaining: 30s
Rendered 2819/3679, time remaining: 30s
Rendered 2820/3679, time remaining: 30s
Rendered 2821/3679, time remaining: 30s
Rendered 2822/3679, time remaining: 30s
Rendered 2823/3679, time remaining: 31s
Rendered 2824/3679, time remaining: 30s
Rendered 2825/3679, time remaining: 30s
Rendered 2826/3679, time remaining: 30s
Rendered 2827/3679, time remaining: 30s
Rendered 2828/3679, time remaining: 30s
Rendered 2829/3679, time remaining: 31s
Rendered 2830/3679, time remaining: 30s
Rendered 2831/3679, time remaining: 30s
Rendered 2832/3679, time remaining: 30s
Rendered 2833/3679, time remaining: 30s
Rendered 2834/3679, time remaining: 30s
Rendered 2835/3679, time remaining: 30s
Rendered 2836/3679, time remaining: 30s
Rendered 2837/3679, time remaining: 30s
Rendered 2838/3679, time remaining: 30s
Rendered 2839/3679, time remaining: 30s
Rendered 2840/3679, time remaining: 30s
Rendered 2841/3679, time remaining: 30s
Rendered 2842/3679, time remaining: 30s
Rendered 2843/3679, time remaining: 30s
Rendered 2844/3679, time remaining: 30s
Rendered 2845/3679, time remaining: 30s
Rendered 2846/3679, time remaining: 30s
Rendered 2847/3679, time remaining: 30s
Rendered 2848/3679, time remaining: 30s
Rendered 2849/3679, time remaining: 30s
Rendered 2850/3679, time remaining: 30s
Rendered 2851/3679, time remaining: 29s
Rendered 2852/3679, time remaining: 30s
Rendered 2853/3679, time remaining: 30s
Rendered 2854/3679, time remaining: 29s
Rendered 2855/3679, time remaining: 29s
Rendered 2856/3679, time remaining: 29s
Rendered 2857/3679, time remaining: 29s
Rendered 2858/3679, time remaining: 30s
Rendered 2859/3679, time remaining: 30s
Rendered 2860/3679, time remaining: 29s
Rendered 2861/3679, time remaining: 29s
Rendered 2862/3679, time remaining: 29s
Rendered 2863/3679, time remaining: 29s
Rendered 2864/3679, time remaining: 29s
Rendered 2865/3679, time remaining: 29s
Rendered 2866/3679, time remaining: 29s
Rendered 2867/3679, time remaining: 29s
Rendered 2868/3679, time remaining: 29s
Rendered 2869/3679, time remaining: 29s
Rendered 2870/3679, time remaining: 29s
Rendered 2871/3679, time remaining: 29s
Rendered 2872/3679, time remaining: 29s
Rendered 2873/3679, time remaining: 29s
Rendered 2874/3679, time remaining: 29s
Rendered 2875/3679, time remaining: 29s
Rendered 2876/3679, time remaining: 29s
Rendered 2877/3679, time remaining: 29s
Rendered 2878/3679, time remaining: 29s
Rendered 2879/3679, time remaining: 29s
Rendered 2880/3679, time remaining: 29s
Rendered 2881/3679, time remaining: 29s
Rendered 2882/3679, time remaining: 29s
Rendered 2883/3679, time remaining: 29s
Rendered 2884/3679, time remaining: 28s
Rendered 2885/3679, time remaining: 28s
Rendered 2886/3679, time remaining: 29s
Rendered 2887/3679, time remaining: 29s
Rendered 2888/3679, time remaining: 29s
Rendered 2889/3679, time remaining: 29s
Rendered 2890/3679, time remaining: 28s
Rendered 2891/3679, time remaining: 28s
Rendered 2892/3679, time remaining: 28s
Rendered 2893/3679, time remaining: 28s
Rendered 2894/3679, time remaining: 28s
Rendered 2895/3679, time remaining: 28s
Rendered 2896/3679, time remaining: 28s
Rendered 2897/3679, time remaining: 28s
Rendered 2898/3679, time remaining: 28s
Rendered 2899/3679, time remaining: 29s
Rendered 2900/3679, time remaining: 28s
Rendered 2901/3679, time remaining: 28s
Rendered 2902/3679, time remaining: 28s
Rendered 2903/3679, time remaining: 28s
Rendered 2904/3679, time remaining: 28s
Rendered 2905/3679, time remaining: 28s
Rendered 2906/3679, time remaining: 28s
Rendered 2907/3679, time remaining: 28s
Rendered 2908/3679, time remaining: 28s
Rendered 2909/3679, time remaining: 28s
Rendered 2910/3679, time remaining: 28s
Rendered 2911/3679, time remaining: 29s
Rendered 2912/3679, time remaining: 29s
Rendered 2913/3679, time remaining: 29s
Rendered 2914/3679, time remaining: 29s
Rendered 2915/3679, time remaining: 29s
Rendered 2916/3679, time remaining: 29s
Rendered 2917/3679, time remaining: 29s
Rendered 2918/3679, time remaining: 29s
Rendered 2919/3679, time remaining: 29s
Rendered 2920/3679, time remaining: 29s
Rendered 2921/3679, time remaining: 28s
Rendered 2922/3679, time remaining: 28s
Rendered 2923/3679, time remaining: 28s
Rendered 2924/3679, time remaining: 28s
Rendered 2925/3679, time remaining: 28s
Rendered 2926/3679, time remaining: 28s
Rendered 2927/3679, time remaining: 27s
Rendered 2928/3679, time remaining: 27s
Rendered 2929/3679, time remaining: 28s
Rendered 2930/3679, time remaining: 28s
Rendered 2931/3679, time remaining: 28s
Rendered 2932/3679, time remaining: 28s
Rendered 2933/3679, time remaining: 27s
Rendered 2934/3679, time remaining: 27s
Rendered 2935/3679, time remaining: 28s
Rendered 2936/3679, time remaining: 28s
Rendered 2937/3679, time remaining: 28s
Rendered 2938/3679, time remaining: 28s
Rendered 2939/3679, time remaining: 27s
Rendered 2940/3679, time remaining: 27s
Rendered 2941/3679, time remaining: 27s
Rendered 2942/3679, time remaining: 27s
Rendered 2943/3679, time remaining: 27s
Rendered 2944/3679, time remaining: 28s
Rendered 2945/3679, time remaining: 27s
Rendered 2946/3679, time remaining: 27s
Rendered 2947/3679, time remaining: 27s
Rendered 2948/3679, time remaining: 27s
Rendered 2949/3679, time remaining: 27s
Rendered 2950/3679, time remaining: 28s
Rendered 2951/3679, time remaining: 27s
Rendered 2952/3679, time remaining: 28s
Rendered 2953/3679, time remaining: 27s
Rendered 2954/3679, time remaining: 27s
Rendered 2955/3679, time remaining: 27s
Rendered 2956/3679, time remaining: 28s
Rendered 2957/3679, time remaining: 28s
Rendered 2958/3679, time remaining: 28s
Rendered 2959/3679, time remaining: 27s
Rendered 2960/3679, time remaining: 27s
Rendered 2961/3679, time remaining: 27s
Rendered 2962/3679, time remaining: 27s
Rendered 2963/3679, time remaining: 27s
Rendered 2964/3679, time remaining: 27s
Rendered 2965/3679, time remaining: 27s
Rendered 2966/3679, time remaining: 27s
Rendered 2967/3679, time remaining: 27s
Rendered 2968/3679, time remaining: 28s
Rendered 2969/3679, time remaining: 28s
Rendered 2970/3679, time remaining: 27s
Rendered 2971/3679, time remaining: 27s
Rendered 2972/3679, time remaining: 27s
Rendered 2973/3679, time remaining: 26s
Rendered 2974/3679, time remaining: 27s
Rendered 2975/3679, time remaining: 27s
Rendered 2976/3679, time remaining: 27s
Rendered 2977/3679, time remaining: 27s
Rendered 2978/3679, time remaining: 26s
Rendered 2979/3679, time remaining: 26s
Rendered 2980/3679, time remaining: 26s
Rendered 2981/3679, time remaining: 26s
Rendered 2982/3679, time remaining: 27s
Rendered 2983/3679, time remaining: 27s
Rendered 2984/3679, time remaining: 26s
Rendered 2985/3679, time remaining: 26s
Rendered 2986/3679, time remaining: 26s
Rendered 2987/3679, time remaining: 26s
Rendered 2988/3679, time remaining: 27s
Rendered 2989/3679, time remaining: 27s
Rendered 2990/3679, time remaining: 26s
Rendered 2991/3679, time remaining: 26s
Rendered 2992/3679, time remaining: 26s
Rendered 2993/3679, time remaining: 26s
Rendered 2994/3679, time remaining: 26s
Rendered 2995/3679, time remaining: 26s
Rendered 2996/3679, time remaining: 26s
Rendered 2997/3679, time remaining: 26s
Rendered 2998/3679, time remaining: 26s
Rendered 2999/3679, time remaining: 26s
Rendered 3000/3679, time remaining: 26s
Rendered 3001/3679, time remaining: 26s
Rendered 3002/3679, time remaining: 26s
Rendered 3003/3679, time remaining: 25s
Rendered 3004/3679, time remaining: 25s
Rendered 3005/3679, time remaining: 25s
Rendered 3006/3679, time remaining: 26s
Rendered 3007/3679, time remaining: 26s
Rendered 3008/3679, time remaining: 25s
Rendered 3009/3679, time remaining: 25s
Rendered 3010/3679, time remaining: 25s
Rendered 3011/3679, time remaining: 25s
Rendered 3012/3679, time remaining: 25s
Rendered 3013/3679, time remaining: 25s
Rendered 3014/3679, time remaining: 25s
Rendered 3015/3679, time remaining: 25s
Rendered 3016/3679, time remaining: 25s
Rendered 3017/3679, time remaining: 25s
Rendered 3018/3679, time remaining: 25s
Rendered 3019/3679, time remaining: 24s
Rendered 3020/3679, time remaining: 25s
Rendered 3021/3679, time remaining: 25s
Rendered 3022/3679, time remaining: 25s
Rendered 3023/3679, time remaining: 25s
Rendered 3024/3679, time remaining: 25s
Rendered 3025/3679, time remaining: 25s
Rendered 3026/3679, time remaining: 24s
Rendered 3027/3679, time remaining: 25s
Rendered 3028/3679, time remaining: 24s
Rendered 3029/3679, time remaining: 24s
Rendered 3030/3679, time remaining: 24s
Rendered 3031/3679, time remaining: 24s
Rendered 3032/3679, time remaining: 24s
Rendered 3033/3679, time remaining: 24s
Rendered 3034/3679, time remaining: 24s
Rendered 3035/3679, time remaining: 24s
Rendered 3036/3679, time remaining: 23s
Rendered 3037/3679, time remaining: 24s
Rendered 3038/3679, time remaining: 24s
Rendered 3039/3679, time remaining: 24s
Rendered 3040/3679, time remaining: 24s
Rendered 3041/3679, time remaining: 24s
Rendered 3042/3679, time remaining: 24s
Rendered 3043/3679, time remaining: 24s
Rendered 3044/3679, time remaining: 24s
Rendered 3045/3679, time remaining: 23s
Rendered 3046/3679, time remaining: 23s
Rendered 3047/3679, time remaining: 23s
Rendered 3048/3679, time remaining: 24s
Rendered 3049/3679, time remaining: 23s
Rendered 3050/3679, time remaining: 23s
Rendered 3051/3679, time remaining: 23s
Rendered 3052/3679, time remaining: 23s
Rendered 3053/3679, time remaining: 23s
Rendered 3054/3679, time remaining: 24s
Rendered 3055/3679, time remaining: 23s
Rendered 3056/3679, time remaining: 23s
Rendered 3057/3679, time remaining: 23s
Rendered 3058/3679, time remaining: 23s
Rendered 3059/3679, time remaining: 23s
Rendered 3060/3679, time remaining: 23s
Rendered 3061/3679, time remaining: 23s
Rendered 3062/3679, time remaining: 23s
Rendered 3063/3679, time remaining: 23s
Rendered 3064/3679, time remaining: 23s
Rendered 3065/3679, time remaining: 23s
Rendered 3066/3679, time remaining: 23s
Rendered 3067/3679, time remaining: 23s
Rendered 3068/3679, time remaining: 23s
Rendered 3069/3679, time remaining: 23s
Rendered 3070/3679, time remaining: 23s
Rendered 3071/3679, time remaining: 23s
Rendered 3072/3679, time remaining: 23s
Rendered 3073/3679, time remaining: 22s
Rendered 3074/3679, time remaining: 22s
Rendered 3075/3679, time remaining: 22s
Rendered 3076/3679, time remaining: 23s
Rendered 3077/3679, time remaining: 23s
Rendered 3078/3679, time remaining: 23s
Rendered 3079/3679, time remaining: 22s
Rendered 3080/3679, time remaining: 22s
Rendered 3081/3679, time remaining: 22s
Rendered 3082/3679, time remaining: 22s
Rendered 3083/3679, time remaining: 22s
Rendered 3084/3679, time remaining: 23s
Rendered 3085/3679, time remaining: 22s
Rendered 3086/3679, time remaining: 22s
Rendered 3087/3679, time remaining: 22s
Rendered 3088/3679, time remaining: 22s
Rendered 3089/3679, time remaining: 22s
Rendered 3090/3679, time remaining: 22s
Rendered 3091/3679, time remaining: 22s
Rendered 3092/3679, time remaining: 22s
Rendered 3093/3679, time remaining: 22s
Rendered 3094/3679, time remaining: 21s
Rendered 3095/3679, time remaining: 21s
Rendered 3096/3679, time remaining: 21s
Rendered 3097/3679, time remaining: 21s
Rendered 3098/3679, time remaining: 21s
Rendered 3099/3679, time remaining: 21s
Rendered 3100/3679, time remaining: 21s
Rendered 3101/3679, time remaining: 21s
Rendered 3102/3679, time remaining: 21s
Rendered 3103/3679, time remaining: 21s
Rendered 3104/3679, time remaining: 21s
Rendered 3105/3679, time remaining: 21s
Rendered 3106/3679, time remaining: 21s
Rendered 3107/3679, time remaining: 21s
Rendered 3108/3679, time remaining: 21s
Rendered 3109/3679, time remaining: 20s
Rendered 3110/3679, time remaining: 20s
Rendered 3111/3679, time remaining: 21s
Rendered 3112/3679, time remaining: 20s
Rendered 3113/3679, time remaining: 20s
Rendered 3114/3679, time remaining: 20s
Rendered 3115/3679, time remaining: 20s
Rendered 3116/3679, time remaining: 20s
Rendered 3117/3679, time remaining: 20s
Rendered 3118/3679, time remaining: 20s
Rendered 3119/3679, time remaining: 20s
Rendered 3120/3679, time remaining: 20s
Rendered 3121/3679, time remaining: 20s
Rendered 3122/3679, time remaining: 20s
Rendered 3123/3679, time remaining: 20s
Rendered 3124/3679, time remaining: 20s
Rendered 3125/3679, time remaining: 20s
Rendered 3126/3679, time remaining: 19s
Rendered 3127/3679, time remaining: 19s
Rendered 3128/3679, time remaining: 19s
Rendered 3129/3679, time remaining: 19s
Rendered 3130/3679, time remaining: 19s
Rendered 3131/3679, time remaining: 19s
Rendered 3132/3679, time remaining: 19s
Rendered 3133/3679, time remaining: 19s
Rendered 3134/3679, time remaining: 19s
Rendered 3135/3679, time remaining: 19s
Rendered 3136/3679, time remaining: 19s
Rendered 3137/3679, time remaining: 19s
Rendered 3138/3679, time remaining: 19s
Rendered 3139/3679, time remaining: 19s
Rendered 3140/3679, time remaining: 19s
Rendered 3141/3679, time remaining: 19s
Rendered 3142/3679, time remaining: 19s
Rendered 3143/3679, time remaining: 19s
Rendered 3144/3679, time remaining: 19s
Rendered 3145/3679, time remaining: 19s
Rendered 3146/3679, time remaining: 19s
Rendered 3147/3679, time remaining: 19s
Rendered 3148/3679, time remaining: 19s
Rendered 3149/3679, time remaining: 19s
Rendered 3150/3679, time remaining: 18s
Rendered 3151/3679, time remaining: 18s
Rendered 3152/3679, time remaining: 19s
Rendered 3153/3679, time remaining: 19s
Rendered 3154/3679, time remaining: 19s
Rendered 3155/3679, time remaining: 19s
Rendered 3156/3679, time remaining: 18s
Rendered 3157/3679, time remaining: 18s
Rendered 3158/3679, time remaining: 18s
Rendered 3159/3679, time remaining: 18s
Rendered 3160/3679, time remaining: 19s
Rendered 3161/3679, time remaining: 19s
Rendered 3162/3679, time remaining: 18s
Rendered 3163/3679, time remaining: 18s
Rendered 3164/3679, time remaining: 18s
Rendered 3165/3679, time remaining: 18s
Rendered 3166/3679, time remaining: 18s
Rendered 3167/3679, time remaining: 18s
Rendered 3168/3679, time remaining: 18s
Rendered 3169/3679, time remaining: 18s
Rendered 3170/3679, time remaining: 18s
Rendered 3171/3679, time remaining: 18s
Rendered 3172/3679, time remaining: 18s
Rendered 3173/3679, time remaining: 18s
Rendered 3174/3679, time remaining: 18s
Rendered 3175/3679, time remaining: 18s
Rendered 3176/3679, time remaining: 18s
Rendered 3177/3679, time remaining: 18s
Rendered 3178/3679, time remaining: 18s
Rendered 3179/3679, time remaining: 18s
Rendered 3180/3679, time remaining: 18s
Rendered 3181/3679, time remaining: 18s
Rendered 3182/3679, time remaining: 18s
Rendered 3183/3679, time remaining: 17s
Rendered 3184/3679, time remaining: 18s
Rendered 3185/3679, time remaining: 18s
Rendered 3186/3679, time remaining: 18s
Rendered 3187/3679, time remaining: 17s
Rendered 3188/3679, time remaining: 17s
Rendered 3189/3679, time remaining: 17s
Rendered 3190/3679, time remaining: 17s
Rendered 3191/3679, time remaining: 17s
Rendered 3192/3679, time remaining: 17s
Rendered 3193/3679, time remaining: 17s
Rendered 3194/3679, time remaining: 17s
Rendered 3195/3679, time remaining: 17s
Rendered 3196/3679, time remaining: 17s
Rendered 3197/3679, time remaining: 17s
Rendered 3198/3679, time remaining: 17s
Rendered 3199/3679, time remaining: 17s
Rendered 3200/3679, time remaining: 17s
Rendered 3201/3679, time remaining: 17s
Rendered 3202/3679, time remaining: 17s
Rendered 3203/3679, time remaining: 17s
Rendered 3204/3679, time remaining: 17s
Rendered 3205/3679, time remaining: 17s
Rendered 3206/3679, time remaining: 17s
Rendered 3207/3679, time remaining: 17s
Rendered 3208/3679, time remaining: 17s
Rendered 3209/3679, time remaining: 17s
Rendered 3210/3679, time remaining: 16s
Rendered 3211/3679, time remaining: 16s
Rendered 3212/3679, time remaining: 16s
Rendered 3213/3679, time remaining: 16s
Rendered 3214/3679, time remaining: 16s
Rendered 3215/3679, time remaining: 16s
Rendered 3216/3679, time remaining: 16s
Rendered 3217/3679, time remaining: 16s
Rendered 3218/3679, time remaining: 16s
Rendered 3219/3679, time remaining: 16s
Rendered 3220/3679, time remaining: 16s
Rendered 3221/3679, time remaining: 16s
Rendered 3222/3679, time remaining: 16s
Rendered 3223/3679, time remaining: 16s
Rendered 3224/3679, time remaining: 16s
Rendered 3225/3679, time remaining: 16s
Rendered 3226/3679, time remaining: 16s
Rendered 3227/3679, time remaining: 16s
Rendered 3228/3679, time remaining: 16s
Rendered 3229/3679, time remaining: 16s
Rendered 3230/3679, time remaining: 16s
Rendered 3231/3679, time remaining: 16s
Rendered 3232/3679, time remaining: 16s
Rendered 3233/3679, time remaining: 16s
Rendered 3234/3679, time remaining: 15s
Rendered 3235/3679, time remaining: 15s
Rendered 3236/3679, time remaining: 16s
Rendered 3237/3679, time remaining: 16s
Rendered 3238/3679, time remaining: 16s
Rendered 3239/3679, time remaining: 16s
Rendered 3240/3679, time remaining: 15s
Rendered 3241/3679, time remaining: 15s
Rendered 3242/3679, time remaining: 15s
Rendered 3243/3679, time remaining: 15s
Rendered 3244/3679, time remaining: 15s
Rendered 3245/3679, time remaining: 15s
Rendered 3246/3679, time remaining: 15s
Rendered 3247/3679, time remaining: 15s
Rendered 3248/3679, time remaining: 15s
Rendered 3249/3679, time remaining: 15s
Rendered 3250/3679, time remaining: 15s
Rendered 3251/3679, time remaining: 15s
Rendered 3252/3679, time remaining: 15s
Rendered 3253/3679, time remaining: 15s
Rendered 3254/3679, time remaining: 15s
Rendered 3255/3679, time remaining: 15s
Rendered 3256/3679, time remaining: 15s
Rendered 3257/3679, time remaining: 15s
Rendered 3258/3679, time remaining: 15s
Rendered 3259/3679, time remaining: 15s
Rendered 3260/3679, time remaining: 15s
Rendered 3261/3679, time remaining: 14s
Rendered 3262/3679, time remaining: 14s
Rendered 3263/3679, time remaining: 14s
Rendered 3264/3679, time remaining: 14s
Rendered 3265/3679, time remaining: 14s
Rendered 3266/3679, time remaining: 14s
Rendered 3267/3679, time remaining: 14s
Rendered 3268/3679, time remaining: 14s
Rendered 3269/3679, time remaining: 14s
Rendered 3270/3679, time remaining: 14s
Rendered 3271/3679, time remaining: 14s
Rendered 3272/3679, time remaining: 14s
Rendered 3273/3679, time remaining: 14s
Rendered 3274/3679, time remaining: 14s
Rendered 3275/3679, time remaining: 14s
Rendered 3276/3679, time remaining: 14s
Rendered 3277/3679, time remaining: 14s
Rendered 3278/3679, time remaining: 14s
Rendered 3279/3679, time remaining: 14s
Rendered 3280/3679, time remaining: 14s
Rendered 3281/3679, time remaining: 14s
Rendered 3282/3679, time remaining: 14s
Rendered 3283/3679, time remaining: 14s
Rendered 3284/3679, time remaining: 14s
Rendered 3285/3679, time remaining: 14s
Rendered 3286/3679, time remaining: 14s
Rendered 3287/3679, time remaining: 13s
Rendered 3288/3679, time remaining: 13s
Rendered 3289/3679, time remaining: 13s
Rendered 3290/3679, time remaining: 13s
Rendered 3291/3679, time remaining: 13s
Rendered 3292/3679, time remaining: 13s
Rendered 3293/3679, time remaining: 13s
Rendered 3294/3679, time remaining: 13s
Rendered 3295/3679, time remaining: 13s
Rendered 3296/3679, time remaining: 13s
Rendered 3297/3679, time remaining: 13s
Rendered 3298/3679, time remaining: 13s
Rendered 3299/3679, time remaining: 13s
Rendered 3300/3679, time remaining: 13s
Rendered 3301/3679, time remaining: 13s
Rendered 3302/3679, time remaining: 13s
Rendered 3303/3679, time remaining: 13s
Rendered 3304/3679, time remaining: 13s
Rendered 3305/3679, time remaining: 13s
Rendered 3306/3679, time remaining: 13s
Rendered 3307/3679, time remaining: 13s
Rendered 3308/3679, time remaining: 13s
Rendered 3309/3679, time remaining: 13s
Rendered 3310/3679, time remaining: 12s
Rendered 3311/3679, time remaining: 12s
Rendered 3312/3679, time remaining: 12s
Rendered 3313/3679, time remaining: 13s
Rendered 3314/3679, time remaining: 12s
Rendered 3315/3679, time remaining: 12s
Rendered 3316/3679, time remaining: 12s
Rendered 3317/3679, time remaining: 12s
Rendered 3318/3679, time remaining: 12s
Rendered 3319/3679, time remaining: 12s
Rendered 3320/3679, time remaining: 12s
Rendered 3321/3679, time remaining: 12s
Rendered 3322/3679, time remaining: 12s
Rendered 3323/3679, time remaining: 12s
Rendered 3324/3679, time remaining: 12s
Rendered 3325/3679, time remaining: 12s
Rendered 3326/3679, time remaining: 12s
Rendered 3327/3679, time remaining: 12s
Rendered 3328/3679, time remaining: 12s
Rendered 3329/3679, time remaining: 12s
Rendered 3330/3679, time remaining: 12s
Rendered 3331/3679, time remaining: 12s
Rendered 3332/3679, time remaining: 12s
Rendered 3333/3679, time remaining: 12s
Rendered 3334/3679, time remaining: 11s
Rendered 3335/3679, time remaining: 12s
Rendered 3336/3679, time remaining: 12s
Rendered 3337/3679, time remaining: 11s
Rendered 3338/3679, time remaining: 11s
Rendered 3339/3679, time remaining: 11s
Rendered 3340/3679, time remaining: 11s
Rendered 3341/3679, time remaining: 12s
Rendered 3342/3679, time remaining: 12s
Rendered 3343/3679, time remaining: 11s
Rendered 3344/3679, time remaining: 11s
Rendered 3345/3679, time remaining: 11s
Rendered 3346/3679, time remaining: 11s
Rendered 3347/3679, time remaining: 11s
Rendered 3348/3679, time remaining: 11s
Rendered 3349/3679, time remaining: 11s
Rendered 3350/3679, time remaining: 11s
Rendered 3351/3679, time remaining: 11s
Rendered 3352/3679, time remaining: 11s
Rendered 3353/3679, time remaining: 11s
Rendered 3354/3679, time remaining: 11s
Rendered 3355/3679, time remaining: 11s
Rendered 3356/3679, time remaining: 11s
Rendered 3357/3679, time remaining: 11s
Rendered 3358/3679, time remaining: 11s
Rendered 3359/3679, time remaining: 11s
Rendered 3360/3679, time remaining: 11s
Rendered 3361/3679, time remaining: 11s
Rendered 3362/3679, time remaining: 11s
Rendered 3363/3679, time remaining: 11s
Rendered 3364/3679, time remaining: 11s
Rendered 3365/3679, time remaining: 10s
Rendered 3366/3679, time remaining: 10s
Rendered 3367/3679, time remaining: 11s
Rendered 3368/3679, time remaining: 10s
Rendered 3369/3679, time remaining: 10s
Rendered 3370/3679, time remaining: 10s
Rendered 3371/3679, time remaining: 10s
Rendered 3372/3679, time remaining: 10s
Rendered 3373/3679, time remaining: 10s
Rendered 3374/3679, time remaining: 10s
Rendered 3375/3679, time remaining: 10s
Rendered 3376/3679, time remaining: 10s
Rendered 3377/3679, time remaining: 10s
Rendered 3378/3679, time remaining: 10s
Rendered 3379/3679, time remaining: 10s
Rendered 3380/3679, time remaining: 10s
Rendered 3381/3679, time remaining: 10s
Rendered 3382/3679, time remaining: 10s
Rendered 3383/3679, time remaining: 10s
Rendered 3384/3679, time remaining: 10s
Rendered 3385/3679, time remaining: 10s
Rendered 3386/3679, time remaining: 10s
Rendered 3387/3679, time remaining: 10s
Rendered 3388/3679, time remaining: 10s
Rendered 3389/3679, time remaining: 10s
Rendered 3390/3679, time remaining: 10s
Rendered 3391/3679, time remaining: 10s
Rendered 3392/3679, time remaining: 10s
Rendered 3393/3679, time remaining: 9s
Rendered 3394/3679, time remaining: 10s
Rendered 3395/3679, time remaining: 10s
Rendered 3396/3679, time remaining: 10s
Rendered 3397/3679, time remaining: 10s
Rendered 3398/3679, time remaining: 10s
Rendered 3399/3679, time remaining: 9s
Rendered 3400/3679, time remaining: 10s
Rendered 3401/3679, time remaining: 10s
Rendered 3402/3679, time remaining: 10s
Rendered 3403/3679, time remaining: 10s
Rendered 3404/3679, time remaining: 10s
Rendered 3405/3679, time remaining: 9s
Rendered 3406/3679, time remaining: 10s
Rendered 3407/3679, time remaining: 10s
Rendered 3408/3679, time remaining: 10s
Rendered 3409/3679, time remaining: 9s
Rendered 3410/3679, time remaining: 9s
Rendered 3411/3679, time remaining: 9s
Rendered 3412/3679, time remaining: 9s
Rendered 3413/3679, time remaining: 9s
Rendered 3414/3679, time remaining: 9s
Rendered 3415/3679, time remaining: 9s
Rendered 3416/3679, time remaining: 9s
Rendered 3417/3679, time remaining: 9s
Rendered 3418/3679, time remaining: 9s
Rendered 3419/3679, time remaining: 9s
Rendered 3420/3679, time remaining: 9s
Rendered 3421/3679, time remaining: 9s
Rendered 3422/3679, time remaining: 9s
Rendered 3423/3679, time remaining: 9s
Rendered 3424/3679, time remaining: 9s
Rendered 3425/3679, time remaining: 9s
Rendered 3426/3679, time remaining: 9s
Rendered 3427/3679, time remaining: 9s
Rendered 3428/3679, time remaining: 9s
Rendered 3429/3679, time remaining: 9s
Rendered 3430/3679, time remaining: 9s
Rendered 3431/3679, time remaining: 9s
Rendered 3432/3679, time remaining: 9s
Rendered 3433/3679, time remaining: 9s
Rendered 3434/3679, time remaining: 9s
Rendered 3435/3679, time remaining: 9s
Rendered 3436/3679, time remaining: 8s
Rendered 3437/3679, time remaining: 9s
Rendered 3438/3679, time remaining: 9s
Rendered 3439/3679, time remaining: 9s
Rendered 3440/3679, time remaining: 9s
Rendered 3441/3679, time remaining: 8s
Rendered 3442/3679, time remaining: 8s
Rendered 3443/3679, time remaining: 8s
Rendered 3444/3679, time remaining: 8s
Rendered 3445/3679, time remaining: 8s
Rendered 3446/3679, time remaining: 8s
Rendered 3447/3679, time remaining: 8s
Rendered 3448/3679, time remaining: 8s
Rendered 3449/3679, time remaining: 8s
Rendered 3450/3679, time remaining: 8s
Rendered 3451/3679, time remaining: 8s
Rendered 3452/3679, time remaining: 8s
Rendered 3453/3679, time remaining: 8s
Rendered 3454/3679, time remaining: 8s
Rendered 3455/3679, time remaining: 8s
Rendered 3456/3679, time remaining: 8s
Rendered 3457/3679, time remaining: 8s
Rendered 3458/3679, time remaining: 8s
Rendered 3459/3679, time remaining: 8s
Rendered 3460/3679, time remaining: 8s
Rendered 3461/3679, time remaining: 8s
Rendered 3462/3679, time remaining: 8s
Rendered 3463/3679, time remaining: 8s
Rendered 3464/3679, time remaining: 8s
Rendered 3465/3679, time remaining: 8s
Rendered 3466/3679, time remaining: 8s
Rendered 3467/3679, time remaining: 8s
Rendered 3468/3679, time remaining: 8s
Rendered 3469/3679, time remaining: 8s
Rendered 3470/3679, time remaining: 8s
Rendered 3471/3679, time remaining: 7s
Rendered 3472/3679, time remaining: 7s
Rendered 3473/3679, time remaining: 7s
Rendered 3474/3679, time remaining: 7s
Rendered 3475/3679, time remaining: 7s
Rendered 3476/3679, time remaining: 7s
Rendered 3477/3679, time remaining: 7s
Rendered 3478/3679, time remaining: 7s
Rendered 3479/3679, time remaining: 7s
Rendered 3480/3679, time remaining: 7s
Rendered 3481/3679, time remaining: 7s
Rendered 3482/3679, time remaining: 7s
Rendered 3483/3679, time remaining: 7s
Rendered 3484/3679, time remaining: 7s
Rendered 3485/3679, time remaining: 7s
Rendered 3486/3679, time remaining: 7s
Rendered 3487/3679, time remaining: 7s
Rendered 3488/3679, time remaining: 7s
Rendered 3489/3679, time remaining: 7s
Rendered 3490/3679, time remaining: 7s
Rendered 3491/3679, time remaining: 7s
Rendered 3492/3679, time remaining: 7s
Rendered 3493/3679, time remaining: 7s
Rendered 3494/3679, time remaining: 7s
Rendered 3495/3679, time remaining: 7s
Rendered 3496/3679, time remaining: 7s
Rendered 3497/3679, time remaining: 6s
Rendered 3498/3679, time remaining: 6s
Rendered 3499/3679, time remaining: 6s
Rendered 3500/3679, time remaining: 6s
Rendered 3501/3679, time remaining: 6s
Rendered 3502/3679, time remaining: 6s
Rendered 3503/3679, time remaining: 6s
Rendered 3504/3679, time remaining: 6s
Rendered 3505/3679, time remaining: 6s
Rendered 3506/3679, time remaining: 6s
Rendered 3507/3679, time remaining: 6s
Rendered 3508/3679, time remaining: 6s
Rendered 3509/3679, time remaining: 6s
Rendered 3510/3679, time remaining: 6s
Rendered 3511/3679, time remaining: 6s
Rendered 3512/3679, time remaining: 6s
Rendered 3513/3679, time remaining: 6s
Rendered 3514/3679, time remaining: 6s
Rendered 3515/3679, time remaining: 6s
Rendered 3516/3679, time remaining: 6s
Rendered 3517/3679, time remaining: 6s
Rendered 3518/3679, time remaining: 6s
Rendered 3519/3679, time remaining: 6s
Rendered 3520/3679, time remaining: 6s
Rendered 3521/3679, time remaining: 6s
Rendered 3522/3679, time remaining: 6s
Rendered 3523/3679, time remaining: 6s
Rendered 3524/3679, time remaining: 6s
Rendered 3525/3679, time remaining: 5s
Rendered 3526/3679, time remaining: 5s
Rendered 3527/3679, time remaining: 5s
Rendered 3528/3679, time remaining: 5s
Rendered 3529/3679, time remaining: 5s
Rendered 3530/3679, time remaining: 5s
Rendered 3531/3679, time remaining: 5s
Rendered 3532/3679, time remaining: 5s
Rendered 3533/3679, time remaining: 5s
Rendered 3534/3679, time remaining: 5s
Rendered 3535/3679, time remaining: 5s
Rendered 3536/3679, time remaining: 5s
Rendered 3537/3679, time remaining: 5s
Rendered 3538/3679, time remaining: 5s
Rendered 3539/3679, time remaining: 5s
Rendered 3540/3679, time remaining: 5s
Rendered 3541/3679, time remaining: 5s
Rendered 3542/3679, time remaining: 5s
Rendered 3543/3679, time remaining: 5s
Rendered 3544/3679, time remaining: 5s
Rendered 3545/3679, time remaining: 5s
Rendered 3546/3679, time remaining: 5s
Rendered 3547/3679, time remaining: 5s
Rendered 3548/3679, time remaining: 5s
Rendered 3549/3679, time remaining: 4s
Rendered 3550/3679, time remaining: 4s
Rendered 3551/3679, time remaining: 4s
Rendered 3552/3679, time remaining: 4s
Rendered 3553/3679, time remaining: 4s
Rendered 3554/3679, time remaining: 4s
Rendered 3555/3679, time remaining: 4s
Rendered 3556/3679, time remaining: 4s
Rendered 3557/3679, time remaining: 4s
Rendered 3558/3679, time remaining: 4s
Rendered 3559/3679, time remaining: 4s
Rendered 3560/3679, time remaining: 4s
Rendered 3561/3679, time remaining: 4s
Rendered 3562/3679, time remaining: 4s
Rendered 3563/3679, time remaining: 4s
Rendered 3564/3679, time remaining: 4s
Rendered 3565/3679, time remaining: 4s
Rendered 3566/3679, time remaining: 4s
Rendered 3567/3679, time remaining: 4s
Rendered 3568/3679, time remaining: 4s
Rendered 3569/3679, time remaining: 4s
Rendered 3570/3679, time remaining: 4s
Rendered 3571/3679, time remaining: 4s
Rendered 3572/3679, time remaining: 4s
Rendered 3573/3679, time remaining: 4s
Rendered 3574/3679, time remaining: 3s
Rendered 3575/3679, time remaining: 3s
Rendered 3576/3679, time remaining: 3s
Rendered 3577/3679, time remaining: 3s
Rendered 3578/3679, time remaining: 3s
Rendered 3579/3679, time remaining: 3s
Rendered 3580/3679, time remaining: 3s
Rendered 3581/3679, time remaining: 3s
Rendered 3582/3679, time remaining: 3s
Rendered 3583/3679, time remaining: 3s
Rendered 3584/3679, time remaining: 3s
Rendered 3585/3679, time remaining: 3s
Rendered 3586/3679, time remaining: 3s
Rendered 3587/3679, time remaining: 3s
Rendered 3588/3679, time remaining: 3s
Rendered 3589/3679, time remaining: 3s
Rendered 3590/3679, time remaining: 3s
Rendered 3591/3679, time remaining: 3s
Rendered 3592/3679, time remaining: 3s
Rendered 3593/3679, time remaining: 3s
Rendered 3594/3679, time remaining: 3s
Rendered 3595/3679, time remaining: 3s
Rendered 3596/3679, time remaining: 3s
Rendered 3597/3679, time remaining: 3s
Rendered 3598/3679, time remaining: 3s
Rendered 3599/3679, time remaining: 2s
Rendered 3600/3679, time remaining: 2s
Rendered 3601/3679, time remaining: 2s
Rendered 3602/3679, time remaining: 2s
Rendered 3603/3679, time remaining: 2s
Rendered 3604/3679, time remaining: 2s
Rendered 3605/3679, time remaining: 2s
Rendered 3606/3679, time remaining: 2s
Rendered 3607/3679, time remaining: 2s
Rendered 3608/3679, time remaining: 2s
Rendered 3609/3679, time remaining: 2s
Rendered 3610/3679, time remaining: 2s
Rendered 3611/3679, time remaining: 2s
Rendered 3612/3679, time remaining: 2s
Rendered 3613/3679, time remaining: 2s
Rendered 3614/3679, time remaining: 2s
Rendered 3615/3679, time remaining: 2s
Rendered 3616/3679, time remaining: 2s
Rendered 3617/3679, time remaining: 2s
Rendered 3618/3679, time remaining: 2s
Rendered 3619/3679, time remaining: 2s
Rendered 3620/3679, time remaining: 2s
Rendered 3621/3679, time remaining: 2s
Rendered 3622/3679, time remaining: 2s
Rendered 3623/3679, time remaining: 2s
Rendered 3624/3679, time remaining: 2s
Rendered 3625/3679, time remaining: 2s
Rendered 3626/3679, time remaining: 2s
Rendered 3627/3679, time remaining: 1s
Rendered 3628/3679, time remaining: 1s
Rendered 3629/3679, time remaining: 1s
Rendered 3630/3679, time remaining: 1s
Rendered 3631/3679, time remaining: 1s
Rendered 3632/3679, time remaining: 1s
Rendered 3633/3679, time remaining: 1s
Rendered 3634/3679, time remaining: 1s
Rendered 3635/3679, time remaining: 1s
Rendered 3636/3679, time remaining: 1s
Rendered 3637/3679, time remaining: 1s
Rendered 3638/3679, time remaining: 1s
Rendered 3639/3679, time remaining: 1s
Rendered 3640/3679, time remaining: 1s
Rendered 3641/3679, time remaining: 1s
Rendered 3642/3679, time remaining: 1s
Rendered 3643/3679, time remaining: 1s
Rendered 3644/3679, time remaining: 1s
Rendered 3645/3679, time remaining: 1s
Rendered 3646/3679, time remaining: 1s
Rendered 3647/3679, time remaining: 1s
Rendered 3648/3679, time remaining: 1s
Rendered 3649/3679, time remaining: 1s
Rendered 3650/3679, time remaining: 1s
Rendered 3651/3679, time remaining: 1s
Rendered 3652/3679, time remaining: 1s
Rendered 3653/3679, time remaining: 0s
Rendered 3654/3679, time remaining: 0s
Rendered 3655/3679, time remaining: 0s
Rendered 3656/3679, time remaining: 0s
Rendered 3657/3679, time remaining: 0s
Rendered 3658/3679, time remaining: 0s
Rendered 3659/3679, time remaining: 0s
Rendered 3660/3679, time remaining: 0s
Rendered 3661/3679, time remaining: 0s
Rendered 3662/3679, time remaining: 0s
Rendered 3663/3679, time remaining: 0s
Rendered 3664/3679, time remaining: 0s
Rendered 3665/3679, time remaining: 0s
Rendered 3666/3679, time remaining: 0s
Rendered 3667/3679, time remaining: 0s
Rendered 3668/3679, time remaining: 0s
Rendered 3669/3679, time remaining: 0s
Rendered 3670/3679, time remaining: 0s
Rendered 3671/3679, time remaining: 0s
Rendered 3672/3679, time remaining: 0s
Rendered 3673/3679, time remaining: 0s
Rendered 3674/3679, time remaining: 0s
Rendered 3675/3679, time remaining: 0s
Rendered 3676/3679, time remaining: 0s
Rendered 3677/3679, time remaining: 0s
Rendered 3678/3679, time remaining: 0s
Rendered 3679/3679
Encoded 48/3679
Encoded 153/3679
Encoded 256/3679
Encoded 368/3679
Encoded 475/3679
Encoded 573/3679
Encoded 677/3679
Encoded 766/3679
Encoded 868/3679
Encoded 937/3679
Encoded 1039/3679
Encoded 1140/3679
Encoded 1259/3679
Encoded 1363/3679
Encoded 1467/3679
Encoded 1578/3679
Encoded 1670/3679
Encoded 1757/3679
Encoded 1854/3679
Encoded 1942/3679
Encoded 2051/3679
Encoded 2152/3679
Encoded 2255/3679
Encoded 2365/3679
Encoded 2465/3679
Encoded 2568/3679
Encoded 2669/3679
Encoded 2767/3679
Encoded 2836/3679
Encoded 2923/3679
Encoded 3013/3679
Encoded 3110/3679
Encoded 3213/3679
Encoded 3317/3679
Encoded 3427/3679
Encoded 3533/3679
Encoded 3637/3679
Encoded 3679/3679
+                    ../projects/import-china-india-te/renders/ch26.mp4 16 MB
Bundling 6%
Bundling 17%
Bundling 63%
Bundling 69%
Bundling 74%
Bundling 80%
Bundling 85%
Bundling 90%
Bundling 95%
Bundling 100%
Getting composition
Composition          Explainer
Codec                h264
Output               ../projects/import-china-india-te/renders/ch27.mp4
Concurrency          6x
Rendered 0/3656
Rendered 1/3656, time remaining: 39m 17s
Rendered 2/3656, time remaining: 19m 40s
Rendered 3/3656, time remaining: 13m 7s
Rendered 4/3656, time remaining: 9m 51s
Rendered 5/3656, time remaining: 7m 57s
Rendered 6/3656, time remaining: 7m 2s
Rendered 7/3656, time remaining: 7m 24s
Rendered 8/3656, time remaining: 6m 37s
Rendered 9/3656, time remaining: 5m 57s
Rendered 10/3656, time remaining: 5m 24s
Rendered 11/3656, time remaining: 4m 58s
Rendered 12/3656, time remaining: 4m 36s
Rendered 13/3656, time remaining: 4m 58s
Rendered 14/3656, time remaining: 4m 39s
Rendered 15/3656, time remaining: 4m 23s
Rendered 16/3656, time remaining: 4m 12s
Rendered 17/3656, time remaining: 4m 0s
Rendered 18/3656, time remaining: 3m 47s
Rendered 19/3656, time remaining: 4m 5s
Rendered 20/3656, time remaining: 3m 57s
Rendered 21/3656, time remaining: 3m 47s
Rendered 22/3656, time remaining: 3m 38s
Rendered 23/3656, time remaining: 3m 30s
Rendered 24/3656, time remaining: 3m 23s
Rendered 25/3656, time remaining: 3m 22s
Rendered 26/3656, time remaining: 3m 31s
Rendered 27/3656, time remaining: 3m 26s
Rendered 28/3656, time remaining: 3m 20s
Rendered 29/3656, time remaining: 3m 14s
Rendered 30/3656, time remaining: 3m 14s
Rendered 31/3656, time remaining: 3m 8s
Rendered 32/3656, time remaining: 3m 11s
Rendered 33/3656, time remaining: 3m 10s
Rendered 34/3656, time remaining: 3m 5s
Rendered 35/3656, time remaining: 3m 1s
Rendered 36/3656, time remaining: 3m 5s
Rendered 37/3656, time remaining: 3m 0s
Rendered 38/3656, time remaining: 3m 1s
Rendered 39/3656, time remaining: 2m 58s
Rendered 40/3656, time remaining: 2m 55s
Rendered 41/3656, time remaining: 2m 52s
Rendered 42/3656, time remaining: 2m 55s
Rendered 43/3656, time remaining: 2m 54s
Rendered 44/3656, time remaining: 2m 52s
Rendered 45/3656, time remaining: 2m 49s
Rendered 46/3656, time remaining: 2m 47s
Rendered 47/3656, time remaining: 2m 44s
Rendered 48/3656, time remaining: 2m 43s
Rendered 49/3656, time remaining: 2m 49s
Rendered 50/3656, time remaining: 2m 47s
Rendered 51/3656, time remaining: 2m 44s
Rendered 52/3656, time remaining: 2m 42s
Rendered 53/3656, time remaining: 2m 41s
Rendered 54/3656, time remaining: 2m 38s
Rendered 55/3656, time remaining: 2m 42s
Rendered 56/3656, time remaining: 2m 43s
Rendered 57/3656, time remaining: 2m 40s
Rendered 58/3656, time remaining: 2m 39s
Rendered 59/3656, time remaining: 2m 37s
Rendered 60/3656, time remaining: 2m 36s
Rendered 61/3656, time remaining: 2m 35s
Rendered 62/3656, time remaining: 2m 40s
Rendered 63/3656, time remaining: 2m 40s
Rendered 64/3656, time remaining: 2m 40s
Rendered 65/3656, time remaining: 2m 37s
Rendered 66/3656, time remaining: 2m 35s
Rendered 67/3656, time remaining: 2m 34s
Rendered 68/3656, time remaining: 2m 33s
Rendered 69/3656, time remaining: 2m 33s
Rendered 70/3656, time remaining: 2m 37s
Rendered 71/3656, time remaining: 2m 36s
Rendered 72/3656, time remaining: 2m 34s
Rendered 73/3656, time remaining: 2m 32s
Rendered 74/3656, time remaining: 2m 31s
Rendered 75/3656, time remaining: 2m 29s
Rendered 76/3656, time remaining: 2m 35s
Rendered 77/3656, time remaining: 2m 33s
Rendered 78/3656, time remaining: 2m 32s
Rendered 79/3656, time remaining: 2m 31s
Rendered 80/3656, time remaining: 2m 30s
Rendered 81/3656, time remaining: 2m 28s
Rendered 82/3656, time remaining: 2m 32s
Rendered 83/3656, time remaining: 2m 31s
Rendered 84/3656, time remaining: 2m 31s
Rendered 85/3656, time remaining: 2m 29s
Rendered 86/3656, time remaining: 2m 28s
Rendered 87/3656, time remaining: 2m 26s
Rendered 88/3656, time remaining: 2m 27s
Rendered 89/3656, time remaining: 2m 27s
Rendered 90/3656, time remaining: 2m 27s
Rendered 91/3656, time remaining: 2m 28s
Rendered 92/3656, time remaining: 2m 28s
Rendered 93/3656, time remaining: 2m 27s
Rendered 94/3656, time remaining: 2m 26s
Rendered 95/3656, time remaining: 2m 25s
Rendered 96/3656, time remaining: 2m 24s
Rendered 97/3656, time remaining: 2m 27s
Rendered 98/3656, time remaining: 2m 27s
Rendered 99/3656, time remaining: 2m 26s
Rendered 100/3656, time remaining: 2m 24s
Rendered 101/3656, time remaining: 2m 23s
Rendered 102/3656, time remaining: 2m 22s
Rendered 103/3656, time remaining: 2m 23s
Rendered 104/3656, time remaining: 2m 26s
Rendered 105/3656, time remaining: 2m 25s
Rendered 106/3656, time remaining: 2m 24s
Rendered 107/3656, time remaining: 2m 23s
Rendered 108/3656, time remaining: 2m 22s
Rendered 109/3656, time remaining: 2m 21s
Rendered 110/3656, time remaining: 2m 25s
Rendered 111/3656, time remaining: 2m 25s
Rendered 112/3656, time remaining: 2m 24s
Rendered 113/3656, time remaining: 2m 23s
Rendered 114/3656, time remaining: 2m 22s
Rendered 115/3656, time remaining: 2m 22s
Rendered 116/3656, time remaining: 2m 23s
Rendered 117/3656, time remaining: 2m 23s
Rendered 118/3656, time remaining: 2m 23s
Rendered 119/3656, time remaining: 2m 22s
Rendered 120/3656, time remaining: 2m 22s
Rendered 121/3656, time remaining: 2m 21s
Rendered 122/3656, time remaining: 2m 21s
Rendered 123/3656, time remaining: 2m 21s
Rendered 124/3656, time remaining: 2m 21s
Rendered 125/3656, time remaining: 2m 20s
Rendered 126/3656, time remaining: 2m 21s
Rendered 127/3656, time remaining: 2m 20s
Rendered 128/3656, time remaining: 2m 20s
Rendered 129/3656, time remaining: 2m 19s
Rendered 130/3656, time remaining: 2m 20s
Rendered 131/3656, time remaining: 2m 20s
Rendered 132/3656, time remaining: 2m 20s
Rendered 133/3656, time remaining: 2m 19s
Rendered 134/3656, time remaining: 2m 19s
Rendered 135/3656, time remaining: 2m 18s
Rendered 136/3656, time remaining: 2m 17s
Rendered 137/3656, time remaining: 2m 19s
Rendered 138/3656, time remaining: 2m 19s
Rendered 139/3656, time remaining: 2m 18s
Rendered 140/3656, time remaining: 2m 18s
Rendered 141/3656, time remaining: 2m 17s
Rendered 142/3656, time remaining: 2m 16s
Rendered 143/3656, time remaining: 2m 18s
Rendered 144/3656, time remaining: 2m 18s
Rendered 145/3656, time remaining: 2m 17s
Rendered 146/3656, time remaining: 2m 17s
Rendered 147/3656, time remaining: 2m 16s
Rendered 148/3656, time remaining: 2m 15s
Rendered 149/3656, time remaining: 2m 16s
Rendered 150/3656, time remaining: 2m 18s
Rendered 151/3656, time remaining: 2m 3s
Rendered 152/3656, time remaining: 2m 4s
Rendered 153/3656, time remaining: 2m 4s
Rendered 154/3656, time remaining: 2m 4s
Rendered 155/3656, time remaining: 2m 4s
Rendered 156/3656, time remaining: 2m 7s
Rendered 157/3656, time remaining: 2m 4s
Rendered 158/3656, time remaining: 2m 3s
Rendered 159/3656, time remaining: 2m 3s
Rendered 160/3656, time remaining: 2m 4s
Rendered 161/3656, time remaining: 2m 4s
Rendered 162/3656, time remaining: 2m 5s
Rendered 163/3656, time remaining: 2m 3s
Rendered 164/3656, time remaining: 2m 3s
Rendered 165/3656, time remaining: 2m 3s
Rendered 166/3656, time remaining: 2m 5s
Rendered 167/3656, time remaining: 2m 5s
Rendered 168/3656, time remaining: 2m 5s
Rendered 169/3656, time remaining: 2m 2s
Rendered 170/3656, time remaining: 2m 2s
Rendered 171/3656, time remaining: 2m 2s
Rendered 172/3656, time remaining: 2m 4s
Rendered 173/3656, time remaining: 2m 5s
Rendered 174/3656, time remaining: 2m 5s
Rendered 175/3656, time remaining: 2m 4s
Rendered 176/3656, time remaining: 2m 2s
Rendered 177/3656, time remaining: 2m 2s
Rendered 178/3656, time remaining: 2m 1s
Rendered 179/3656, time remaining: 2m 4s
Rendered 180/3656, time remaining: 2m 3s
Rendered 181/3656, time remaining: 2m 4s
Rendered 182/3656, time remaining: 2m 2s
Rendered 183/3656, time remaining: 2m 2s
Rendered 184/3656, time remaining: 2m 2s
Rendered 185/3656, time remaining: 2m 5s
Rendered 186/3656, time remaining: 2m 3s
Rendered 187/3656, time remaining: 2m 3s
Rendered 188/3656, time remaining: 2m 2s
Rendered 189/3656, time remaining: 2m 3s
Rendered 190/3656, time remaining: 2m 2s
Rendered 191/3656, time remaining: 2m 4s
Rendered 192/3656, time remaining: 2m 3s
Rendered 193/3656, time remaining: 2m 2s
Rendered 194/3656, time remaining: 2m 2s
Rendered 195/3656, time remaining: 2m 2s
Rendered 196/3656, time remaining: 2m 4s
Rendered 197/3656, time remaining: 2m 4s
Rendered 198/3656, time remaining: 2m 4s
Rendered 199/3656, time remaining: 2m 1s
Rendered 200/3656, time remaining: 2m 1s
Rendered 201/3656, time remaining: 2m 3s
Rendered 202/3656, time remaining: 2m 2s
Rendered 203/3656, time remaining: 2m 4s
Rendered 204/3656, time remaining: 2m 4s
Rendered 205/3656, time remaining: 2m 2s
Rendered 206/3656, time remaining: 2m 1s
Rendered 207/3656, time remaining: 2m 1s
Rendered 208/3656, time remaining: 2m 1s
Rendered 209/3656, time remaining: 2m 4s
Rendered 210/3656, time remaining: 2m 3s
Rendered 211/3656, time remaining: 2m 3s
Rendered 212/3656, time remaining: 2m 0s
Rendered 213/3656, time remaining: 1m 59s
Rendered 214/3656, time remaining: 1m 59s
Rendered 215/3656, time remaining: 2m 1s
Rendered 216/3656, time remaining: 2m 2s
Rendered 217/3656, time remaining: 2m 2s
Rendered 218/3656, time remaining: 2m 2s
Rendered 219/3656, time remaining: 2m 1s
Rendered 220/3656, time remaining: 1m 59s
Rendered 221/3656, time remaining: 2m 0s
Rendered 222/3656, time remaining: 2m 1s
Rendered 223/3656, time remaining: 2m 1s
Rendered 224/3656, time remaining: 2m 1s
Rendered 225/3656, time remaining: 2m 1s
Rendered 226/3656, time remaining: 1m 58s
Rendered 227/3656, time remaining: 2m 0s
Rendered 228/3656, time remaining: 2m 1s
Rendered 229/3656, time remaining: 2m 0s
Rendered 230/3656, time remaining: 2m 0s
Rendered 231/3656, time remaining: 2m 0s
Rendered 232/3656, time remaining: 1m 59s
Rendered 233/3656, time remaining: 1m 58s
Rendered 234/3656, time remaining: 2m 0s
Rendered 235/3656, time remaining: 2m 1s
Rendered 236/3656, time remaining: 2m 1s
Rendered 237/3656, time remaining: 2m 1s
Rendered 238/3656, time remaining: 2m 0s
Rendered 239/3656, time remaining: 1m 59s
Rendered 240/3656, time remaining: 2m 1s
Rendered 241/3656, time remaining: 2m 2s
Rendered 242/3656, time remaining: 2m 2s
Rendered 243/3656, time remaining: 2m 3s
Rendered 244/3656, time remaining: 2m 2s
Rendered 245/3656, time remaining: 2m 2s
Rendered 246/3656, time remaining: 2m 3s
Rendered 247/3656, time remaining: 2m 0s
Rendered 248/3656, time remaining: 2m 4s
Rendered 249/3656, time remaining: 2m 5s
Rendered 250/3656, time remaining: 2m 5s
Rendered 251/3656, time remaining: 2m 5s
Rendered 252/3656, time remaining: 2m 5s
Rendered 253/3656, time remaining: 2m 4s
Rendered 254/3656, time remaining: 2m 1s
Rendered 255/3656, time remaining: 2m 5s
Rendered 256/3656, time remaining: 2m 5s
Rendered 257/3656, time remaining: 2m 5s
Rendered 258/3656, time remaining: 2m 5s
Rendered 259/3656, time remaining: 2m 5s
Rendered 260/3656, time remaining: 2m 2s
Rendered 261/3656, time remaining: 2m 3s
Rendered 262/3656, time remaining: 2m 3s
Rendered 263/3656, time remaining: 2m 4s
Rendered 264/3656, time remaining: 2m 4s
Rendered 265/3656, time remaining: 2m 4s
Rendered 266/3656, time remaining: 2m 4s
Rendered 267/3656, time remaining: 2m 2s
Rendered 268/3656, time remaining: 2m 2s
Rendered 269/3656, time remaining: 2m 3s
Rendered 270/3656, time remaining: 2m 2s
Rendered 271/3656, time remaining: 2m 3s
Rendered 272/3656, time remaining: 2m 5s
Rendered 273/3656, time remaining: 2m 4s
Rendered 274/3656, time remaining: 2m 4s
Rendered 275/3656, time remaining: 2m 4s
Rendered 276/3656, time remaining: 2m 3s
Rendered 277/3656, time remaining: 2m 3s
Rendered 278/3656, time remaining: 2m 4s
Rendered 279/3656, time remaining: 2m 5s
Rendered 280/3656, time remaining: 2m 4s
Rendered 281/3656, time remaining: 2m 3s
Rendered 282/3656, time remaining: 2m 3s
Rendered 283/3656, time remaining: 2m 3s
Rendered 284/3656, time remaining: 2m 3s
Rendered 285/3656, time remaining: 2m 6s
Rendered 286/3656, time remaining: 2m 6s
Rendered 287/3656, time remaining: 2m 4s
Rendered 288/3656, time remaining: 2m 3s
Rendered 289/3656, time remaining: 2m 3s
Rendered 290/3656, time remaining: 2m 3s
Rendered 291/3656, time remaining: 2m 6s
Rendered 292/3656, time remaining: 2m 6s
Rendered 293/3656, time remaining: 2m 4s
Rendered 294/3656, time remaining: 2m 4s
Rendered 295/3656, time remaining: 2m 3s
Rendered 296/3656, time remaining: 2m 3s
Rendered 297/3656, time remaining: 2m 7s
Rendered 298/3656, time remaining: 2m 6s
Rendered 299/3656, time remaining: 2m 5s
Rendered 300/3656, time remaining: 2m 3s
Rendered 301/3656, time remaining: 2m 3s
Rendered 302/3656, time remaining: 2m 3s
Rendered 303/3656, time remaining: 2m 6s
Rendered 304/3656, time remaining: 2m 6s
Rendered 305/3656, time remaining: 2m 6s
Rendered 306/3656, time remaining: 2m 3s
Rendered 307/3656, time remaining: 2m 2s
Rendered 308/3656, time remaining: 2m 3s
Rendered 309/3656, time remaining: 2m 4s
Rendered 310/3656, time remaining: 2m 3s
Rendered 311/3656, time remaining: 2m 5s
Rendered 312/3656, time remaining: 2m 5s
Rendered 313/3656, time remaining: 2m 4s
Rendered 314/3656, time remaining: 2m 5s
Rendered 315/3656, time remaining: 2m 5s
Rendered 316/3656, time remaining: 2m 2s
Rendered 317/3656, time remaining: 2m 2s
Rendered 318/3656, time remaining: 2m 5s
Rendered 319/3656, time remaining: 2m 5s
Rendered 320/3656, time remaining: 2m 5s
Rendered 321/3656, time remaining: 2m 5s
Rendered 322/3656, time remaining: 2m 3s
Rendered 323/3656, time remaining: 2m 2s
Rendered 324/3656, time remaining: 2m 4s
Rendered 325/3656, time remaining: 2m 4s
Rendered 326/3656, time remaining: 2m 5s
Rendered 327/3656, time remaining: 2m 6s
Rendered 328/3656, time remaining: 2m 7s
Rendered 329/3656, time remaining: 2m 4s
Rendered 330/3656, time remaining: 2m 4s
Rendered 331/3656, time remaining: 2m 4s
Rendered 332/3656, time remaining: 2m 5s
Rendered 333/3656, time remaining: 2m 6s
Rendered 334/3656, time remaining: 2m 7s
Rendered 335/3656, time remaining: 2m 4s
Rendered 336/3656, time remaining: 2m 4s
Rendered 337/3656, time remaining: 2m 4s
Rendered 338/3656, time remaining: 2m 4s
Rendered 339/3656, time remaining: 2m 5s
Rendered 340/3656, time remaining: 2m 6s
Rendered 341/3656, time remaining: 2m 4s
Rendered 342/3656, time remaining: 2m 4s
Rendered 343/3656, time remaining: 2m 4s
Rendered 344/3656, time remaining: 2m 3s
Rendered 345/3656, time remaining: 2m 4s
Rendered 346/3656, time remaining: 2m 5s
Rendered 347/3656, time remaining: 2m 5s
Rendered 348/3656, time remaining: 2m 4s
Rendered 349/3656, time remaining: 2m 5s
Rendered 350/3656, time remaining: 2m 5s
Rendered 351/3656, time remaining: 2m 3s
Rendered 352/3656, time remaining: 2m 5s
Rendered 353/3656, time remaining: 2m 4s
Rendered 354/3656, time remaining: 2m 4s
Rendered 355/3656, time remaining: 2m 5s
Rendered 356/3656, time remaining: 2m 6s
Rendered 357/3656, time remaining: 2m 5s
Rendered 358/3656, time remaining: 2m 5s
Rendered 359/3656, time remaining: 2m 3s
Rendered 360/3656, time remaining: 2m 3s
Rendered 361/3656, time remaining: 2m 4s
Rendered 362/3656, time remaining: 2m 6s
Rendered 363/3656, time remaining: 2m 6s
Rendered 364/3656, time remaining: 2m 6s
Rendered 365/3656, time remaining: 2m 4s
Rendered 366/3656, time remaining: 2m 4s
Rendered 367/3656, time remaining: 2m 3s
Rendered 368/3656, time remaining: 2m 4s
Rendered 369/3656, time remaining: 2m 5s
Rendered 370/3656, time remaining: 2m 6s
Rendered 371/3656, time remaining: 2m 4s
Rendered 372/3656, time remaining: 2m 3s
Rendered 373/3656, time remaining: 2m 4s
Rendered 374/3656, time remaining: 2m 4s
Rendered 375/3656, time remaining: 2m 5s
Rendered 376/3656, time remaining: 2m 5s
Rendered 377/3656, time remaining: 2m 4s
Rendered 378/3656, time remaining: 2m 4s
Rendered 379/3656, time remaining: 2m 4s
Rendered 380/3656, time remaining: 2m 4s
Rendered 381/3656, time remaining: 2m 6s
Rendered 382/3656, time remaining: 2m 4s
Rendered 383/3656, time remaining: 2m 4s
Rendered 384/3656, time remaining: 2m 3s
Rendered 385/3656, time remaining: 2m 2s
Rendered 386/3656, time remaining: 2m 2s
Rendered 387/3656, time remaining: 2m 4s
Rendered 388/3656, time remaining: 2m 4s
Rendered 389/3656, time remaining: 2m 5s
Rendered 390/3656, time remaining: 2m 2s
Rendered 391/3656, time remaining: 2m 0s
Rendered 392/3656, time remaining: 2m 0s
Rendered 393/3656, time remaining: 1m 59s
Rendered 394/3656, time remaining: 2m 1s
Rendered 395/3656, time remaining: 2m 2s
Rendered 396/3656, time remaining: 2m 1s
Rendered 397/3656, time remaining: 2m 2s
Rendered 398/3656, time remaining: 1m 57s
Rendered 399/3656, time remaining: 1m 56s
Rendered 400/3656, time remaining: 1m 59s
Rendered 401/3656, time remaining: 1m 59s
Rendered 402/3656, time remaining: 1m 59s
Rendered 403/3656, time remaining: 1m 59s
Rendered 404/3656, time remaining: 1m 59s
Rendered 405/3656, time remaining: 1m 55s
Rendered 406/3656, time remaining: 1m 58s
Rendered 407/3656, time remaining: 1m 58s
Rendered 408/3656, time remaining: 1m 59s
Rendered 409/3656, time remaining: 2m 0s
Rendered 410/3656, time remaining: 1m 59s
Rendered 411/3656, time remaining: 1m 57s
Rendered 412/3656, time remaining: 1m 58s
Rendered 413/3656, time remaining: 1m 57s
Rendered 414/3656, time remaining: 1m 57s
Rendered 415/3656, time remaining: 1m 59s
Rendered 416/3656, time remaining: 1m 57s
Rendered 417/3656, time remaining: 1m 58s
Rendered 418/3656, time remaining: 1m 58s
Rendered 419/3656, time remaining: 1m 58s
Rendered 420/3656, time remaining: 1m 58s
Rendered 421/3656, time remaining: 1m 58s
Rendered 422/3656, time remaining: 1m 55s
Rendered 423/3656, time remaining: 1m 56s
Rendered 424/3656, time remaining: 1m 57s
Rendered 425/3656, time remaining: 1m 57s
Rendered 426/3656, time remaining: 1m 57s
Rendered 427/3656, time remaining: 1m 58s
Rendered 428/3656, time remaining: 1m 55s
Rendered 429/3656, time remaining: 1m 54s
Rendered 430/3656, time remaining: 1m 57s
Rendered 431/3656, time remaining: 1m 56s
Rendered 432/3656, time remaining: 1m 57s
Rendered 433/3656, time remaining: 1m 57s
Rendered 434/3656, time remaining: 1m 56s
Rendered 435/3656, time remaining: 1m 53s
Rendered 436/3656, time remaining: 1m 54s
Rendered 437/3656, time remaining: 1m 54s
Rendered 438/3656, time remaining: 1m 54s
Rendered 439/3656, time remaining: 1m 54s
Rendered 440/3656, time remaining: 1m 54s
Rendered 441/3656, time remaining: 1m 50s
Rendered 442/3656, time remaining: 1m 51s
Rendered 443/3656, time remaining: 1m 51s
Rendered 444/3656, time remaining: 1m 50s
Rendered 445/3656, time remaining: 1m 50s
Rendered 446/3656, time remaining: 1m 50s
Rendered 447/3656, time remaining: 1m 47s
Rendered 448/3656, time remaining: 1m 48s
Rendered 449/3656, time remaining: 1m 48s
Rendered 450/3656, time remaining: 1m 47s
Rendered 451/3656, time remaining: 1m 47s
Rendered 452/3656, time remaining: 1m 47s
Rendered 453/3656, time remaining: 1m 45s
Rendered 454/3656, time remaining: 1m 47s
Rendered 455/3656, time remaining: 1m 47s
Rendered 456/3656, time remaining: 1m 47s
Rendered 457/3656, time remaining: 1m 47s
Rendered 458/3656, time remaining: 1m 46s
Rendered 459/3656, time remaining: 1m 46s
Rendered 460/3656, time remaining: 1m 48s
Rendered 461/3656, time remaining: 1m 47s
Rendered 462/3656, time remaining: 1m 45s
Rendered 463/3656, time remaining: 1m 46s
Rendered 464/3656, time remaining: 1m 45s
Rendered 465/3656, time remaining: 1m 46s
Rendered 466/3656, time remaining: 1m 47s
Rendered 467/3656, time remaining: 1m 47s
Rendered 468/3656, time remaining: 1m 44s
Rendered 469/3656, time remaining: 1m 45s
Rendered 470/3656, time remaining: 1m 45s
Rendered 471/3656, time remaining: 1m 45s
Rendered 472/3656, time remaining: 1m 47s
Rendered 473/3656, time remaining: 1m 47s
Rendered 474/3656, time remaining: 1m 45s
Rendered 475/3656, time remaining: 1m 45s
Rendered 476/3656, time remaining: 1m 43s
Rendered 477/3656, time remaining: 1m 43s
Rendered 478/3656, time remaining: 1m 43s
Rendered 479/3656, time remaining: 1m 44s
Rendered 480/3656, time remaining: 1m 44s
Rendered 481/3656, time remaining: 1m 45s
Rendered 482/3656, time remaining: 1m 44s
Rendered 483/3656, time remaining: 1m 43s
Rendered 484/3656, time remaining: 1m 43s
Rendered 485/3656, time remaining: 1m 42s
Rendered 486/3656, time remaining: 1m 43s
Rendered 487/3656, time remaining: 1m 45s
Rendered 488/3656, time remaining: 1m 45s
Rendered 489/3656, time remaining: 1m 43s
Rendered 490/3656, time remaining: 1m 42s
Rendered 491/3656, time remaining: 1m 42s
Rendered 492/3656, time remaining: 1m 43s
Rendered 493/3656, time remaining: 1m 44s
Rendered 494/3656, time remaining: 1m 44s
Rendered 495/3656, time remaining: 1m 46s
Rendered 496/3656, time remaining: 1m 42s
Rendered 497/3656, time remaining: 1m 43s
Rendered 498/3656, time remaining: 1m 43s
Rendered 499/3656, time remaining: 1m 42s
Rendered 500/3656, time remaining: 1m 42s
Rendered 501/3656, time remaining: 1m 45s
Rendered 502/3656, time remaining: 1m 43s
Rendered 503/3656, time remaining: 1m 43s
Rendered 504/3656, time remaining: 1m 43s
Rendered 505/3656, time remaining: 1m 41s
Rendered 506/3656, time remaining: 1m 42s
Rendered 507/3656, time remaining: 1m 44s
Rendered 508/3656, time remaining: 1m 44s
Rendered 509/3656, time remaining: 1m 44s
Rendered 510/3656, time remaining: 1m 45s
Rendered 511/3656, time remaining: 1m 44s
Rendered 512/3656, time remaining: 1m 42s
Rendered 513/3656, time remaining: 1m 43s
Rendered 514/3656, time remaining: 1m 42s
Rendered 515/3656, time remaining: 1m 44s
Rendered 516/3656, time remaining: 1m 44s
Rendered 517/3656, time remaining: 1m 45s
Rendered 518/3656, time remaining: 1m 44s
Rendered 519/3656, time remaining: 1m 43s
Rendered 520/3656, time remaining: 1m 42s
Rendered 521/3656, time remaining: 1m 43s
Rendered 522/3656, time remaining: 1m 43s
Rendered 523/3656, time remaining: 1m 44s
Rendered 524/3656, time remaining: 1m 44s
Rendered 525/3656, time remaining: 1m 44s
Rendered 526/3656, time remaining: 1m 43s
Rendered 527/3656, time remaining: 1m 43s
Rendered 528/3656, time remaining: 1m 44s
Rendered 529/3656, time remaining: 1m 43s
Rendered 530/3656, time remaining: 1m 44s
Rendered 531/3656, time remaining: 1m 43s
Rendered 532/3656, time remaining: 1m 43s
Rendered 533/3656, time remaining: 1m 43s
Rendered 534/3656, time remaining: 1m 43s
Rendered 535/3656, time remaining: 1m 43s
Rendered 536/3656, time remaining: 1m 46s
Rendered 537/3656, time remaining: 1m 44s
Rendered 538/3656, time remaining: 1m 44s
Rendered 539/3656, time remaining: 1m 43s
Rendered 540/3656, time remaining: 1m 43s
Rendered 541/3656, time remaining: 1m 43s
Rendered 542/3656, time remaining: 1m 46s
Rendered 543/3656, time remaining: 1m 45s
Rendered 544/3656, time remaining: 1m 43s
Rendered 545/3656, time remaining: 1m 43s
Rendered 546/3656, time remaining: 1m 43s
Rendered 547/3656, time remaining: 1m 43s
Rendered 548/3656, time remaining: 1m 45s
Rendered 549/3656, time remaining: 1m 46s
Rendered 550/3656, time remaining: 1m 44s
Rendered 551/3656, time remaining: 1m 44s
Rendered 552/3656, time remaining: 1m 44s
Rendered 553/3656, time remaining: 1m 43s
Rendered 554/3656, time remaining: 1m 45s
Rendered 555/3656, time remaining: 1m 48s
Rendered 556/3656, time remaining: 1m 46s
Rendered 557/3656, time remaining: 1m 46s
Rendered 558/3656, time remaining: 1m 45s
Rendered 559/3656, time remaining: 1m 44s
Rendered 560/3656, time remaining: 1m 44s
Rendered 561/3656, time remaining: 1m 46s
Rendered 562/3656, time remaining: 1m 45s
Rendered 563/3656, time remaining: 1m 47s
Rendered 564/3656, time remaining: 1m 46s
Rendered 565/3656, time remaining: 1m 45s
Rendered 566/3656, time remaining: 1m 45s
Rendered 567/3656, time remaining: 1m 45s
Rendered 568/3656, time remaining: 1m 45s
Rendered 569/3656, time remaining: 1m 47s
Rendered 570/3656, time remaining: 1m 46s
Rendered 571/3656, time remaining: 1m 46s
Rendered 572/3656, time remaining: 1m 46s
Rendered 573/3656, time remaining: 1m 46s
Rendered 574/3656, time remaining: 1m 44s
Rendered 575/3656, time remaining: 1m 46s
Rendered 576/3656, time remaining: 1m 46s
Rendered 577/3656, time remaining: 1m 46s
Rendered 578/3656, time remaining: 1m 46s
Rendered 579/3656, time remaining: 1m 46s
Rendered 580/3656, time remaining: 1m 45s
Rendered 581/3656, time remaining: 1m 46s
Rendered 582/3656, time remaining: 1m 46s
Rendered 583/3656, time remaining: 1m 47s
Rendered 584/3656, time remaining: 1m 47s
Rendered 585/3656, time remaining: 1m 47s
Rendered 586/3656, time remaining: 1m 47s
Rendered 587/3656, time remaining: 1m 48s
Rendered 588/3656, time remaining: 1m 49s
Rendered 589/3656, time remaining: 1m 49s
Rendered 590/3656, time remaining: 1m 49s
Rendered 591/3656, time remaining: 1m 49s
Rendered 592/3656, time remaining: 1m 49s
Rendered 593/3656, time remaining: 1m 49s
Rendered 594/3656, time remaining: 1m 50s
Rendered 595/3656, time remaining: 1m 50s
Rendered 596/3656, time remaining: 1m 53s
Rendered 597/3656, time remaining: 1m 52s
Rendered 598/3656, time remaining: 1m 52s
Rendered 599/3656, time remaining: 1m 52s
Rendered 600/3656, time remaining: 1m 52s
Rendered 601/3656, time remaining: 1m 52s
Rendered 602/3656, time remaining: 1m 54s
Rendered 603/3656, time remaining: 1m 55s
Rendered 604/3656, time remaining: 1m 53s
Rendered 605/3656, time remaining: 1m 53s
Rendered 606/3656, time remaining: 1m 53s
Rendered 607/3656, time remaining: 1m 53s
Rendered 608/3656, time remaining: 1m 53s
Rendered 609/3656, time remaining: 1m 56s
Rendered 610/3656, time remaining: 1m 54s
Rendered 611/3656, time remaining: 1m 54s
Rendered 612/3656, time remaining: 1m 54s
Rendered 613/3656, time remaining: 1m 53s
Rendered 614/3656, time remaining: 1m 53s
Rendered 615/3656, time remaining: 1m 56s
Rendered 616/3656, time remaining: 1m 55s
Rendered 617/3656, time remaining: 1m 55s
Rendered 618/3656, time remaining: 1m 55s
Rendered 619/3656, time remaining: 1m 54s
Rendered 620/3656, time remaining: 1m 54s
Rendered 621/3656, time remaining: 1m 56s
Rendered 622/3656, time remaining: 1m 55s
Rendered 623/3656, time remaining: 1m 55s
Rendered 624/3656, time remaining: 1m 55s
Rendered 625/3656, time remaining: 1m 55s
Rendered 626/3656, time remaining: 1m 55s
Rendered 627/3656, time remaining: 1m 56s
Rendered 628/3656, time remaining: 1m 56s
Rendered 629/3656, time remaining: 1m 56s
Rendered 630/3656, time remaining: 1m 55s
Rendered 631/3656, time remaining: 1m 54s
Rendered 632/3656, time remaining: 1m 54s
Rendered 633/3656, time remaining: 1m 55s
Rendered 634/3656, time remaining: 1m 55s
Rendered 635/3656, time remaining: 1m 57s
Rendered 636/3656, time remaining: 1m 57s
Rendered 637/3656, time remaining: 1m 55s
Rendered 638/3656, time remaining: 1m 55s
Rendered 639/3656, time remaining: 1m 55s
Rendered 640/3656, time remaining: 1m 55s
Rendered 641/3656, time remaining: 1m 57s
Rendered 642/3656, time remaining: 1m 58s
Rendered 643/3656, time remaining: 1m 57s
Rendered 644/3656, time remaining: 1m 57s
Rendered 645/3656, time remaining: 1m 55s
Rendered 646/3656, time remaining: 1m 55s
Rendered 647/3656, time remaining: 1m 55s
Rendered 648/3656, time remaining: 1m 57s
Rendered 649/3656, time remaining: 1m 57s
Rendered 650/3656, time remaining: 1m 58s
Rendered 651/3656, time remaining: 1m 55s
Rendered 652/3656, time remaining: 1m 56s
Rendered 653/3656, time remaining: 1m 57s
Rendered 654/3656, time remaining: 1m 56s
Rendered 655/3656, time remaining: 1m 57s
Rendered 656/3656, time remaining: 1m 57s
Rendered 657/3656, time remaining: 1m 54s
Rendered 658/3656, time remaining: 1m 57s
Rendered 659/3656, time remaining: 1m 56s
Rendered 660/3656, time remaining: 1m 56s
Rendered 661/3656, time remaining: 1m 55s
Rendered 662/3656, time remaining: 1m 54s
Rendered 663/3656, time remaining: 1m 55s
Rendered 664/3656, time remaining: 2m 0s
Rendered 665/3656, time remaining: 1m 58s
Rendered 666/3656, time remaining: 1m 58s
Rendered 667/3656, time remaining: 1m 57s
Rendered 668/3656, time remaining: 1m 57s
Rendered 669/3656, time remaining: 1m 57s
Rendered 670/3656, time remaining: 1m 59s
Rendered 671/3656, time remaining: 1m 59s
Rendered 672/3656, time remaining: 1m 59s
Rendered 673/3656, time remaining: 1m 57s
Rendered 674/3656, time remaining: 1m 57s
Rendered 675/3656, time remaining: 1m 56s
Rendered 676/3656, time remaining: 1m 59s
Rendered 677/3656, time remaining: 1m 59s
Rendered 678/3656, time remaining: 1m 57s
Rendered 679/3656, time remaining: 1m 58s
Rendered 680/3656, time remaining: 1m 57s
Rendered 681/3656, time remaining: 1m 56s
Rendered 682/3656, time remaining: 1m 59s
Rendered 683/3656, time remaining: 1m 59s
Rendered 684/3656, time remaining: 1m 58s
Rendered 685/3656, time remaining: 1m 59s
Rendered 686/3656, time remaining: 1m 56s
Rendered 687/3656, time remaining: 1m 56s
Rendered 688/3656, time remaining: 1m 57s
Rendered 689/3656, time remaining: 1m 58s
Rendered 690/3656, time remaining: 1m 58s
Rendered 691/3656, time remaining: 1m 59s
Rendered 692/3656, time remaining: 1m 56s
Rendered 693/3656, time remaining: 1m 56s
Rendered 694/3656, time remaining: 1m 56s
Rendered 695/3656, time remaining: 1m 57s
Rendered 696/3656, time remaining: 1m 58s
Rendered 697/3656, time remaining: 1m 58s
Rendered 698/3656, time remaining: 1m 56s
Rendered 699/3656, time remaining: 1m 56s
Rendered 700/3656, time remaining: 1m 55s
Rendered 701/3656, time remaining: 1m 57s
Rendered 702/3656, time remaining: 1m 57s
Rendered 703/3656, time remaining: 1m 57s
Rendered 704/3656, time remaining: 1m 57s
Rendered 705/3656, time remaining: 1m 54s
Rendered 706/3656, time remaining: 1m 54s
Rendered 707/3656, time remaining: 1m 54s
Rendered 708/3656, time remaining: 1m 54s
Rendered 709/3656, time remaining: 1m 55s
Rendered 710/3656, time remaining: 1m 57s
Rendered 711/3656, time remaining: 1m 55s
Rendered 712/3656, time remaining: 1m 55s
Rendered 713/3656, time remaining: 1m 53s
Rendered 714/3656, time remaining: 1m 56s
Rendered 715/3656, time remaining: 1m 55s
Rendered 716/3656, time remaining: 1m 55s
Rendered 717/3656, time remaining: 1m 56s
Rendered 718/3656, time remaining: 1m 56s
Rendered 719/3656, time remaining: 1m 53s
Rendered 720/3656, time remaining: 1m 55s
Rendered 721/3656, time remaining: 1m 55s
Rendered 722/3656, time remaining: 1m 55s
Rendered 723/3656, time remaining: 1m 56s
Rendered 724/3656, time remaining: 1m 56s
Rendered 725/3656, time remaining: 1m 53s
Rendered 726/3656, time remaining: 1m 56s
Rendered 727/3656, time remaining: 1m 55s
Rendered 728/3656, time remaining: 1m 55s
Rendered 729/3656, time remaining: 1m 55s
Rendered 730/3656, time remaining: 1m 54s
Rendered 731/3656, time remaining: 1m 53s
Rendered 732/3656, time remaining: 1m 55s
Rendered 733/3656, time remaining: 1m 55s
Rendered 734/3656, time remaining: 1m 55s
Rendered 735/3656, time remaining: 1m 55s
Rendered 736/3656, time remaining: 1m 55s
Rendered 737/3656, time remaining: 1m 53s
Rendered 738/3656, time remaining: 1m 53s
Rendered 739/3656, time remaining: 1m 55s
Rendered 740/3656, time remaining: 1m 55s
Rendered 741/3656, time remaining: 1m 55s
Rendered 742/3656, time remaining: 1m 55s
Rendered 743/3656, time remaining: 1m 55s
Rendered 744/3656, time remaining: 1m 55s
Rendered 745/3656, time remaining: 1m 56s
Rendered 746/3656, time remaining: 1m 54s
Rendered 747/3656, time remaining: 1m 54s
Rendered 748/3656, time remaining: 1m 54s
Rendered 749/3656, time remaining: 1m 54s
Rendered 750/3656, time remaining: 1m 55s
Rendered 751/3656, time remaining: 1m 55s
Rendered 752/3656, time remaining: 1m 53s
Rendered 753/3656, time remaining: 1m 53s
Rendered 754/3656, time remaining: 1m 53s
Rendered 755/3656, time remaining: 1m 53s
Rendered 756/3656, time remaining: 1m 53s
Rendered 757/3656, time remaining: 1m 54s
Rendered 758/3656, time remaining: 1m 55s
Rendered 759/3656, time remaining: 1m 52s
Rendered 760/3656, time remaining: 1m 52s
Rendered 761/3656, time remaining: 1m 53s
Rendered 762/3656, time remaining: 1m 53s
Rendered 763/3656, time remaining: 1m 53s
Rendered 764/3656, time remaining: 1m 53s
Rendered 765/3656, time remaining: 1m 51s
Rendered 766/3656, time remaining: 1m 52s
Rendered 767/3656, time remaining: 1m 51s
Rendered 768/3656, time remaining: 1m 51s
Rendered 769/3656, time remaining: 1m 52s
Rendered 770/3656, time remaining: 1m 52s
Rendered 771/3656, time remaining: 1m 49s
Rendered 772/3656, time remaining: 1m 52s
Rendered 773/3656, time remaining: 1m 51s
Rendered 774/3656, time remaining: 1m 51s
Rendered 775/3656, time remaining: 1m 51s
Rendered 776/3656, time remaining: 1m 51s
Rendered 777/3656, time remaining: 1m 49s
Rendered 778/3656, time remaining: 1m 52s
Rendered 779/3656, time remaining: 1m 52s
Rendered 780/3656, time remaining: 1m 52s
Rendered 781/3656, time remaining: 1m 52s
Rendered 782/3656, time remaining: 1m 51s
Rendered 783/3656, time remaining: 1m 51s
Rendered 784/3656, time remaining: 1m 51s
Rendered 785/3656, time remaining: 1m 51s
Rendered 786/3656, time remaining: 1m 50s
Rendered 787/3656, time remaining: 1m 50s
Rendered 788/3656, time remaining: 1m 50s
Rendered 789/3656, time remaining: 1m 51s
Rendered 790/3656, time remaining: 1m 50s
Rendered 791/3656, time remaining: 1m 49s
Rendered 792/3656, time remaining: 1m 49s
Rendered 793/3656, time remaining: 1m 49s
Rendered 794/3656, time remaining: 1m 49s
Rendered 795/3656, time remaining: 1m 49s
Rendered 796/3656, time remaining: 1m 50s
Rendered 797/3656, time remaining: 1m 50s
Rendered 798/3656, time remaining: 1m 49s
Rendered 799/3656, time remaining: 1m 50s
Rendered 800/3656, time remaining: 1m 49s
Rendered 801/3656, time remaining: 1m 49s
Rendered 802/3656, time remaining: 1m 48s
Rendered 803/3656, time remaining: 1m 48s
Rendered 804/3656, time remaining: 1m 48s
Rendered 805/3656, time remaining: 1m 49s
Rendered 806/3656, time remaining: 1m 49s
Rendered 807/3656, time remaining: 1m 50s
Rendered 808/3656, time remaining: 1m 48s
Rendered 809/3656, time remaining: 1m 48s
Rendered 810/3656, time remaining: 1m 47s
Rendered 811/3656, time remaining: 1m 48s
Rendered 812/3656, time remaining: 1m 48s
Rendered 813/3656, time remaining: 1m 49s
Rendered 814/3656, time remaining: 1m 45s
Rendered 815/3656, time remaining: 1m 45s
Rendered 816/3656, time remaining: 1m 46s
Rendered 817/3656, time remaining: 1m 45s
Rendered 818/3656, time remaining: 1m 45s
Rendered 819/3656, time remaining: 1m 47s
Rendered 820/3656, time remaining: 1m 46s
Rendered 821/3656, time remaining: 1m 45s
Rendered 822/3656, time remaining: 1m 45s
Rendered 823/3656, time remaining: 1m 45s
Rendered 824/3656, time remaining: 1m 45s
Rendered 825/3656, time remaining: 1m 45s
Rendered 826/3656, time remaining: 1m 45s
Rendered 827/3656, time remaining: 1m 45s
Rendered 828/3656, time remaining: 1m 45s
Rendered 829/3656, time remaining: 1m 45s
Rendered 830/3656, time remaining: 1m 45s
Rendered 831/3656, time remaining: 1m 45s
Rendered 832/3656, time remaining: 1m 45s
Rendered 833/3656, time remaining: 1m 44s
Rendered 834/3656, time remaining: 1m 45s
Rendered 835/3656, time remaining: 1m 44s
Rendered 836/3656, time remaining: 1m 44s
Rendered 837/3656, time remaining: 1m 44s
Rendered 838/3656, time remaining: 1m 45s
Rendered 839/3656, time remaining: 1m 45s
Rendered 840/3656, time remaining: 1m 45s
Rendered 841/3656, time remaining: 1m 44s
Rendered 842/3656, time remaining: 1m 44s
Rendered 843/3656, time remaining: 1m 43s
Rendered 844/3656, time remaining: 1m 45s
Rendered 845/3656, time remaining: 1m 44s
Rendered 846/3656, time remaining: 1m 44s
Rendered 847/3656, time remaining: 1m 44s
Rendered 848/3656, time remaining: 1m 44s
Rendered 849/3656, time remaining: 1m 43s
Rendered 850/3656, time remaining: 1m 45s
Rendered 851/3656, time remaining: 1m 44s
Rendered 852/3656, time remaining: 1m 44s
Rendered 853/3656, time remaining: 1m 44s
Rendered 854/3656, time remaining: 1m 43s
Rendered 855/3656, time remaining: 1m 42s
Rendered 856/3656, time remaining: 1m 44s
Rendered 857/3656, time remaining: 1m 44s
Rendered 858/3656, time remaining: 1m 45s
Rendered 859/3656, time remaining: 1m 45s
Rendered 860/3656, time remaining: 1m 43s
Rendered 861/3656, time remaining: 1m 43s
Rendered 862/3656, time remaining: 1m 43s
Rendered 863/3656, time remaining: 1m 43s
Rendered 864/3656, time remaining: 1m 43s
Rendered 865/3656, time remaining: 1m 43s
Rendered 866/3656, time remaining: 1m 43s
Rendered 867/3656, time remaining: 1m 42s
Rendered 868/3656, time remaining: 1m 43s
Rendered 869/3656, time remaining: 1m 43s
Rendered 870/3656, time remaining: 1m 42s
Rendered 871/3656, time remaining: 1m 42s
Rendered 872/3656, time remaining: 1m 42s
Rendered 873/3656, time remaining: 1m 42s
Rendered 874/3656, time remaining: 1m 42s
Rendered 875/3656, time remaining: 1m 44s
Rendered 876/3656, time remaining: 1m 42s
Rendered 877/3656, time remaining: 1m 43s
Rendered 878/3656, time remaining: 1m 43s
Rendered 879/3656, time remaining: 1m 43s
Rendered 880/3656, time remaining: 1m 44s
Rendered 881/3656, time remaining: 1m 44s
Rendered 882/3656, time remaining: 1m 42s
Rendered 883/3656, time remaining: 1m 43s
Rendered 884/3656, time remaining: 1m 43s
Rendered 885/3656, time remaining: 1m 43s
Rendered 886/3656, time remaining: 1m 43s
Rendered 887/3656, time remaining: 1m 43s
Rendered 888/3656, time remaining: 1m 43s
Rendered 889/3656, time remaining: 1m 42s
Rendered 890/3656, time remaining: 1m 42s
Rendered 891/3656, time remaining: 1m 42s
Rendered 892/3656, time remaining: 1m 42s
Rendered 893/3656, time remaining: 1m 42s
Rendered 894/3656, time remaining: 1m 41s
Rendered 895/3656, time remaining: 1m 43s
Rendered 896/3656, time remaining: 1m 42s
Rendered 897/3656, time remaining: 1m 42s
Rendered 898/3656, time remaining: 1m 42s
Rendered 899/3656, time remaining: 1m 42s
Rendered 900/3656, time remaining: 1m 43s
Rendered 901/3656, time remaining: 1m 44s
Rendered 902/3656, time remaining: 1m 44s
Rendered 903/3656, time remaining: 1m 43s
Rendered 904/3656, time remaining: 1m 42s
Rendered 905/3656, time remaining: 1m 42s
Rendered 906/3656, time remaining: 1m 42s
Rendered 907/3656, time remaining: 1m 43s
Rendered 908/3656, time remaining: 1m 43s
Rendered 909/3656, time remaining: 1m 43s
Rendered 910/3656, time remaining: 1m 43s
Rendered 911/3656, time remaining: 1m 42s
Rendered 912/3656, time remaining: 1m 43s
Rendered 913/3656, time remaining: 1m 44s
Rendered 914/3656, time remaining: 1m 45s
Rendered 915/3656, time remaining: 1m 44s
Rendered 916/3656, time remaining: 1m 43s
Rendered 917/3656, time remaining: 1m 43s
Rendered 918/3656, time remaining: 1m 43s
Rendered 919/3656, time remaining: 1m 45s
Rendered 920/3656, time remaining: 1m 45s
Rendered 921/3656, time remaining: 1m 46s
Rendered 922/3656, time remaining: 1m 43s
Rendered 923/3656, time remaining: 1m 43s
Rendered 924/3656, time remaining: 1m 43s
Rendered 925/3656, time remaining: 1m 44s
Rendered 926/3656, time remaining: 1m 44s
Rendered 927/3656, time remaining: 1m 46s
Rendered 928/3656, time remaining: 1m 43s
Rendered 929/3656, time remaining: 1m 43s
Rendered 930/3656, time remaining: 1m 43s
Rendered 931/3656, time remaining: 1m 43s
Rendered 932/3656, time remaining: 1m 43s
Rendered 933/3656, time remaining: 1m 45s
Rendered 934/3656, time remaining: 1m 45s
Rendered 935/3656, time remaining: 1m 43s
Rendered 936/3656, time remaining: 1m 43s
Rendered 937/3656, time remaining: 1m 43s
Rendered 938/3656, time remaining: 1m 43s
Rendered 939/3656, time remaining: 1m 44s
Rendered 940/3656, time remaining: 1m 46s
Rendered 941/3656, time remaining: 1m 45s
Rendered 942/3656, time remaining: 1m 44s
Rendered 943/3656, time remaining: 1m 43s
Rendered 944/3656, time remaining: 1m 43s
Rendered 945/3656, time remaining: 1m 43s
Rendered 946/3656, time remaining: 1m 45s
Rendered 947/3656, time remaining: 1m 45s
Rendered 948/3656, time remaining: 1m 45s
Rendered 949/3656, time remaining: 1m 43s
Rendered 950/3656, time remaining: 1m 43s
Rendered 951/3656, time remaining: 1m 43s
Rendered 952/3656, time remaining: 1m 45s
Rendered 953/3656, time remaining: 1m 45s
Rendered 954/3656, time remaining: 1m 45s
Rendered 955/3656, time remaining: 1m 44s
Rendered 956/3656, time remaining: 1m 44s
Rendered 957/3656, time remaining: 1m 43s
Rendered 958/3656, time remaining: 1m 44s
Rendered 959/3656, time remaining: 1m 45s
Rendered 960/3656, time remaining: 1m 45s
Rendered 961/3656, time remaining: 1m 45s
Rendered 962/3656, time remaining: 1m 45s
Rendered 963/3656, time remaining: 1m 42s
Rendered 964/3656, time remaining: 1m 42s
Rendered 965/3656, time remaining: 1m 44s
Rendered 966/3656, time remaining: 1m 45s
Rendered 967/3656, time remaining: 1m 45s
Rendered 968/3656, time remaining: 1m 45s
Rendered 969/3656, time remaining: 1m 43s
Rendered 970/3656, time remaining: 1m 42s
Rendered 971/3656, time remaining: 1m 43s
Rendered 972/3656, time remaining: 1m 44s
Rendered 973/3656, time remaining: 1m 45s
Rendered 974/3656, time remaining: 1m 45s
Rendered 975/3656, time remaining: 1m 45s
Rendered 976/3656, time remaining: 1m 42s
Rendered 977/3656, time remaining: 1m 43s
Rendered 978/3656, time remaining: 1m 44s
Rendered 979/3656, time remaining: 1m 46s
Rendered 980/3656, time remaining: 1m 48s
Rendered 981/3656, time remaining: 1m 47s
Rendered 982/3656, time remaining: 1m 45s
Rendered 983/3656, time remaining: 1m 46s
Rendered 984/3656, time remaining: 1m 46s
Rendered 985/3656, time remaining: 1m 46s
Rendered 986/3656, time remaining: 1m 47s
Rendered 987/3656, time remaining: 1m 47s
Rendered 988/3656, time remaining: 1m 45s
Rendered 989/3656, time remaining: 1m 47s
Rendered 990/3656, time remaining: 1m 48s
Rendered 991/3656, time remaining: 1m 48s
Rendered 992/3656, time remaining: 1m 48s
Rendered 993/3656, time remaining: 1m 48s
Rendered 994/3656, time remaining: 1m 46s
Rendered 995/3656, time remaining: 1m 47s
Rendered 996/3656, time remaining: 1m 49s
Rendered 997/3656, time remaining: 1m 50s
Rendered 998/3656, time remaining: 1m 50s
Rendered 999/3656, time remaining: 1m 50s
Rendered 1000/3656, time remaining: 1m 48s
Rendered 1001/3656, time remaining: 1m 48s
Rendered 1002/3656, time remaining: 1m 47s
Rendered 1003/3656, time remaining: 1m 51s
Rendered 1004/3656, time remaining: 1m 51s
Rendered 1005/3656, time remaining: 1m 51s
Rendered 1006/3656, time remaining: 1m 49s
Rendered 1007/3656, time remaining: 1m 49s
Rendered 1008/3656, time remaining: 1m 47s
Rendered 1009/3656, time remaining: 1m 50s
Rendered 1010/3656, time remaining: 1m 50s
Rendered 1011/3656, time remaining: 1m 50s
Rendered 1012/3656, time remaining: 1m 50s
Rendered 1013/3656, time remaining: 1m 50s
Rendered 1014/3656, time remaining: 1m 48s
Rendered 1015/3656, time remaining: 1m 50s
Rendered 1016/3656, time remaining: 1m 50s
Rendered 1017/3656, time remaining: 1m 50s
Rendered 1018/3656, time remaining: 1m 49s
Rendered 1019/3656, time remaining: 1m 49s
Rendered 1020/3656, time remaining: 1m 49s
Rendered 1021/3656, time remaining: 1m 50s
Rendered 1022/3656, time remaining: 1m 50s
Rendered 1023/3656, time remaining: 1m 50s
Rendered 1024/3656, time remaining: 1m 50s
Rendered 1025/3656, time remaining: 1m 49s
Rendered 1026/3656, time remaining: 1m 49s
Rendered 1027/3656, time remaining: 1m 49s
Rendered 1028/3656, time remaining: 1m 50s
Rendered 1029/3656, time remaining: 1m 52s
Rendered 1030/3656, time remaining: 1m 52s
Rendered 1031/3656, time remaining: 1m 51s
Rendered 1032/3656, time remaining: 1m 53s
Rendered 1033/3656, time remaining: 1m 52s
Rendered 1034/3656, time remaining: 1m 54s
Rendered 1035/3656, time remaining: 1m 54s
Rendered 1036/3656, time remaining: 1m 54s
Rendered 1037/3656, time remaining: 1m 56s
Rendered 1038/3656, time remaining: 1m 55s
Rendered 1039/3656, time remaining: 1m 54s
Rendered 1040/3656, time remaining: 1m 55s
Rendered 1041/3656, time remaining: 1m 55s
Rendered 1042/3656, time remaining: 1m 55s
Rendered 1043/3656, time remaining: 1m 55s
Rendered 1044/3656, time remaining: 1m 55s
Rendered 1045/3656, time remaining: 1m 53s
Rendered 1046/3656, time remaining: 1m 55s
Rendered 1047/3656, time remaining: 1m 56s
Rendered 1048/3656, time remaining: 1m 55s
Rendered 1049/3656, time remaining: 1m 56s
Rendered 1050/3656, time remaining: 1m 54s
Rendered 1051/3656, time remaining: 1m 53s
Rendered 1052/3656, time remaining: 1m 55s
Rendered 1053/3656, time remaining: 1m 55s
Rendered 1054/3656, time remaining: 1m 55s
Rendered 1055/3656, time remaining: 1m 55s
Rendered 1056/3656, time remaining: 1m 55s
Rendered 1057/3656, time remaining: 1m 54s
Rendered 1058/3656, time remaining: 1m 56s
Rendered 1059/3656, time remaining: 1m 56s
Rendered 1060/3656, time remaining: 1m 56s
Rendered 1061/3656, time remaining: 1m 56s
Rendered 1062/3656, time remaining: 1m 56s
Rendered 1063/3656, time remaining: 1m 56s
Rendered 1064/3656, time remaining: 1m 54s
Rendered 1065/3656, time remaining: 1m 56s
Rendered 1066/3656, time remaining: 1m 56s
Rendered 1067/3656, time remaining: 1m 55s
Rendered 1068/3656, time remaining: 1m 55s
Rendered 1069/3656, time remaining: 1m 55s
Rendered 1070/3656, time remaining: 1m 55s
Rendered 1071/3656, time remaining: 1m 55s
Rendered 1072/3656, time remaining: 1m 55s
Rendered 1073/3656, time remaining: 1m 55s
Rendered 1074/3656, time remaining: 1m 56s
Rendered 1075/3656, time remaining: 1m 56s
Rendered 1076/3656, time remaining: 1m 56s
Rendered 1077/3656, time remaining: 1m 55s
Rendered 1078/3656, time remaining: 1m 55s
Rendered 1079/3656, time remaining: 1m 55s
Rendered 1080/3656, time remaining: 1m 55s
Rendered 1081/3656, time remaining: 1m 55s
Rendered 1082/3656, time remaining: 1m 57s
Rendered 1083/3656, time remaining: 1m 55s
Rendered 1084/3656, time remaining: 1m 55s
Rendered 1085/3656, time remaining: 1m 55s
Rendered 1086/3656, time remaining: 1m 57s
Rendered 1087/3656, time remaining: 1m 57s
Rendered 1088/3656, time remaining: 1m 57s
Rendered 1089/3656, time remaining: 1m 58s
Rendered 1090/3656, time remaining: 1m 57s
Rendered 1091/3656, time remaining: 1m 57s
Rendered 1092/3656, time remaining: 1m 59s
Rendered 1093/3656, time remaining: 1m 59s
Rendered 1094/3656, time remaining: 1m 59s
Rendered 1095/3656, time remaining: 2m 2s
Rendered 1096/3656, time remaining: 2m 0s
Rendered 1097/3656, time remaining: 2m 0s
Rendered 1098/3656, time remaining: 2m 2s
Rendered 1099/3656, time remaining: 2m 2s
Rendered 1100/3656, time remaining: 2m 2s
Rendered 1101/3656, time remaining: 2m 3s
Rendered 1102/3656, time remaining: 2m 2s
Rendered 1103/3656, time remaining: 2m 5s
Rendered 1104/3656, time remaining: 2m 6s
Rendered 1105/3656, time remaining: 2m 6s
Rendered 1106/3656, time remaining: 2m 6s
Rendered 1107/3656, time remaining: 2m 6s
Rendered 1108/3656, time remaining: 2m 4s
Rendered 1109/3656, time remaining: 2m 10s
Rendered 1110/3656, time remaining: 2m 9s
Rendered 1111/3656, time remaining: 2m 9s
Rendered 1112/3656, time remaining: 2m 10s
Rendered 1113/3656, time remaining: 2m 10s
Rendered 1114/3656, time remaining: 2m 9s
Rendered 1115/3656, time remaining: 2m 11s
Rendered 1116/3656, time remaining: 2m 10s
Rendered 1117/3656, time remaining: 2m 10s
Rendered 1118/3656, time remaining: 2m 10s
Rendered 1119/3656, time remaining: 2m 10s
Rendered 1120/3656, time remaining: 2m 11s
Rendered 1121/3656, time remaining: 2m 12s
Rendered 1122/3656, time remaining: 2m 10s
Rendered 1123/3656, time remaining: 2m 10s
Rendered 1124/3656, time remaining: 2m 10s
Rendered 1125/3656, time remaining: 2m 10s
Rendered 1126/3656, time remaining: 2m 11s
Rendered 1127/3656, time remaining: 2m 11s
Rendered 1128/3656, time remaining: 2m 10s
Rendered 1129/3656, time remaining: 2m 8s
Rendered 1130/3656, time remaining: 2m 7s
Rendered 1131/3656, time remaining: 2m 7s
Rendered 1132/3656, time remaining: 2m 7s
Rendered 1133/3656, time remaining: 2m 6s
Rendered 1134/3656, time remaining: 2m 9s
Rendered 1135/3656, time remaining: 2m 9s
Rendered 1136/3656, time remaining: 2m 8s
Rendered 1137/3656, time remaining: 2m 8s
Rendered 1138/3656, time remaining: 2m 7s
Rendered 1139/3656, time remaining: 2m 7s
Rendered 1140/3656, time remaining: 2m 6s
Rendered 1141/3656, time remaining: 2m 7s
Rendered 1142/3656, time remaining: 2m 7s
Rendered 1143/3656, time remaining: 2m 7s
Rendered 1144/3656, time remaining: 2m 9s
Rendered 1145/3656, time remaining: 2m 8s
Rendered 1146/3656, time remaining: 2m 5s
Rendered 1147/3656, time remaining: 2m 4s
Rendered 1148/3656, time remaining: 2m 4s
Rendered 1149/3656, time remaining: 2m 5s
Rendered 1150/3656, time remaining: 2m 6s
Rendered 1151/3656, time remaining: 2m 6s
Rendered 1152/3656, time remaining: 2m 7s
Rendered 1153/3656, time remaining: 2m 5s
Rendered 1154/3656, time remaining: 2m 5s
Rendered 1155/3656, time remaining: 2m 5s
Rendered 1156/3656, time remaining: 2m 5s
Rendered 1157/3656, time remaining: 2m 5s
Rendered 1158/3656, time remaining: 2m 6s
Rendered 1159/3656, time remaining: 2m 4s
Rendered 1160/3656, time remaining: 2m 5s
Rendered 1161/3656, time remaining: 2m 5s
Rendered 1162/3656, time remaining: 2m 5s
Rendered 1163/3656, time remaining: 2m 6s
Rendered 1164/3656, time remaining: 2m 6s
Rendered 1165/3656, time remaining: 2m 5s
Rendered 1166/3656, time remaining: 2m 4s
Rendered 1167/3656, time remaining: 2m 4s
Rendered 1168/3656, time remaining: 2m 4s
Rendered 1169/3656, time remaining: 2m 4s
Rendered 1170/3656, time remaining: 2m 4s
Rendered 1171/3656, time remaining: 2m 4s
Rendered 1172/3656, time remaining: 2m 4s
Rendered 1173/3656, time remaining: 2m 4s
Rendered 1174/3656, time remaining: 2m 3s
Rendered 1175/3656, time remaining: 2m 3s
Rendered 1176/3656, time remaining: 2m 3s
Rendered 1177/3656, time remaining: 2m 4s
Rendered 1178/3656, time remaining: 2m 3s
Rendered 1179/3656, time remaining: 2m 1s
Rendered 1180/3656, time remaining: 2m 1s
Rendered 1181/3656, time remaining: 2m 1s
Rendered 1182/3656, time remaining: 2m 0s
Rendered 1183/3656, time remaining: 2m 1s
Rendered 1184/3656, time remaining: 1m 59s
Rendered 1185/3656, time remaining: 1m 59s
Rendered 1186/3656, time remaining: 1m 59s
Rendered 1187/3656, time remaining: 1m 57s
Rendered 1188/3656, time remaining: 1m 57s
Rendered 1189/3656, time remaining: 1m 58s
Rendered 1190/3656, time remaining: 1m 57s
Rendered 1191/3656, time remaining: 1m 58s
Rendered 1192/3656, time remaining: 1m 58s
Rendered 1193/3656, time remaining: 1m 58s
Rendered 1194/3656, time remaining: 1m 58s
Rendered 1195/3656, time remaining: 1m 59s
Rendered 1196/3656, time remaining: 1m 57s
Rendered 1197/3656, time remaining: 1m 56s
Rendered 1198/3656, time remaining: 1m 57s
Rendered 1199/3656, time remaining: 1m 56s
Rendered 1200/3656, time remaining: 1m 56s
Rendered 1201/3656, time remaining: 1m 58s
Rendered 1202/3656, time remaining: 1m 56s
Rendered 1203/3656, time remaining: 1m 56s
Rendered 1204/3656, time remaining: 1m 56s
Rendered 1205/3656, time remaining: 1m 56s
Rendered 1206/3656, time remaining: 1m 55s
Rendered 1207/3656, time remaining: 1m 58s
Rendered 1208/3656, time remaining: 1m 55s
Rendered 1209/3656, time remaining: 1m 55s
Rendered 1210/3656, time remaining: 1m 55s
Rendered 1211/3656, time remaining: 1m 55s
Rendered 1212/3656, time remaining: 1m 54s
Rendered 1213/3656, time remaining: 1m 55s
Rendered 1214/3656, time remaining: 1m 55s
Rendered 1215/3656, time remaining: 1m 55s
Rendered 1216/3656, time remaining: 1m 55s
Rendered 1217/3656, time remaining: 1m 55s
Rendered 1218/3656, time remaining: 1m 55s
Rendered 1219/3656, time remaining: 1m 54s
Rendered 1220/3656, time remaining: 1m 53s
Rendered 1221/3656, time remaining: 1m 55s
Rendered 1222/3656, time remaining: 1m 55s
Rendered 1223/3656, time remaining: 1m 56s
Rendered 1224/3656, time remaining: 1m 55s
Rendered 1225/3656, time remaining: 1m 54s
Rendered 1226/3656, time remaining: 1m 54s
Rendered 1227/3656, time remaining: 1m 53s
Rendered 1228/3656, time remaining: 1m 55s
Rendered 1229/3656, time remaining: 1m 57s
Rendered 1230/3656, time remaining: 1m 57s
Rendered 1231/3656, time remaining: 1m 56s
Rendered 1232/3656, time remaining: 1m 55s
Rendered 1233/3656, time remaining: 1m 54s
Rendered 1234/3656, time remaining: 1m 56s
Rendered 1235/3656, time remaining: 1m 57s
Rendered 1236/3656, time remaining: 1m 55s
Rendered 1237/3656, time remaining: 1m 55s
Rendered 1238/3656, time remaining: 1m 55s
Rendered 1239/3656, time remaining: 1m 52s
Rendered 1240/3656, time remaining: 1m 52s
Rendered 1241/3656, time remaining: 1m 54s
Rendered 1242/3656, time remaining: 1m 52s
Rendered 1243/3656, time remaining: 1m 52s
Rendered 1244/3656, time remaining: 1m 52s
Rendered 1245/3656, time remaining: 1m 49s
Rendered 1246/3656, time remaining: 1m 49s
Rendered 1247/3656, time remaining: 1m 51s
Rendered 1248/3656, time remaining: 1m 49s
Rendered 1249/3656, time remaining: 1m 49s
Rendered 1250/3656, time remaining: 1m 49s
Rendered 1251/3656, time remaining: 1m 48s
Rendered 1252/3656, time remaining: 1m 46s
Rendered 1253/3656, time remaining: 1m 45s
Rendered 1254/3656, time remaining: 1m 45s
Rendered 1255/3656, time remaining: 1m 45s
Rendered 1256/3656, time remaining: 1m 45s
Rendered 1257/3656, time remaining: 1m 46s
Rendered 1258/3656, time remaining: 1m 45s
Rendered 1259/3656, time remaining: 1m 41s
Rendered 1260/3656, time remaining: 1m 41s
Rendered 1261/3656, time remaining: 1m 42s
Rendered 1262/3656, time remaining: 1m 41s
Rendered 1263/3656, time remaining: 1m 41s
Rendered 1264/3656, time remaining: 1m 41s
Rendered 1265/3656, time remaining: 1m 39s
Rendered 1266/3656, time remaining: 1m 40s
Rendered 1267/3656, time remaining: 1m 40s
Rendered 1268/3656, time remaining: 1m 40s
Rendered 1269/3656, time remaining: 1m 40s
Rendered 1270/3656, time remaining: 1m 39s
Rendered 1271/3656, time remaining: 1m 38s
Rendered 1272/3656, time remaining: 1m 39s
Rendered 1273/3656, time remaining: 1m 40s
Rendered 1274/3656, time remaining: 1m 40s
Rendered 1275/3656, time remaining: 1m 40s
Rendered 1276/3656, time remaining: 1m 39s
Rendered 1277/3656, time remaining: 1m 38s
Rendered 1278/3656, time remaining: 1m 37s
Rendered 1279/3656, time remaining: 1m 39s
Rendered 1280/3656, time remaining: 1m 43s
Rendered 1281/3656, time remaining: 1m 43s
Rendered 1282/3656, time remaining: 1m 42s
Rendered 1283/3656, time remaining: 1m 42s
Rendered 1284/3656, time remaining: 1m 40s
Rendered 1285/3656, time remaining: 1m 40s
Rendered 1286/3656, time remaining: 1m 42s
Rendered 1287/3656, time remaining: 1m 42s
Rendered 1288/3656, time remaining: 1m 42s
Rendered 1289/3656, time remaining: 1m 41s
Rendered 1290/3656, time remaining: 1m 40s
Rendered 1291/3656, time remaining: 1m 39s
Rendered 1292/3656, time remaining: 1m 39s
Rendered 1293/3656, time remaining: 1m 39s
Rendered 1294/3656, time remaining: 1m 40s
Rendered 1295/3656, time remaining: 1m 40s
Rendered 1296/3656, time remaining: 1m 40s
Rendered 1297/3656, time remaining: 1m 40s
Rendered 1298/3656, time remaining: 1m 39s
Rendered 1299/3656, time remaining: 1m 39s
Rendered 1300/3656, time remaining: 1m 40s
Rendered 1301/3656, time remaining: 1m 40s
Rendered 1302/3656, time remaining: 1m 39s
Rendered 1303/3656, time remaining: 1m 38s
Rendered 1304/3656, time remaining: 1m 39s
Rendered 1305/3656, time remaining: 1m 39s
Rendered 1306/3656, time remaining: 1m 40s
Rendered 1307/3656, time remaining: 1m 40s
Rendered 1308/3656, time remaining: 1m 38s
Rendered 1309/3656, time remaining: 1m 38s
Rendered 1310/3656, time remaining: 1m 37s
Rendered 1311/3656, time remaining: 1m 38s
Rendered 1312/3656, time remaining: 1m 39s
Rendered 1313/3656, time remaining: 1m 39s
Rendered 1314/3656, time remaining: 1m 38s
Rendered 1315/3656, time remaining: 1m 37s
Rendered 1316/3656, time remaining: 1m 37s
Rendered 1317/3656, time remaining: 1m 39s
Rendered 1318/3656, time remaining: 1m 39s
Rendered 1319/3656, time remaining: 1m 39s
Rendered 1320/3656, time remaining: 1m 39s
Rendered 1321/3656, time remaining: 1m 37s
Rendered 1322/3656, time remaining: 1m 38s
Rendered 1323/3656, time remaining: 1m 39s
Rendered 1324/3656, time remaining: 1m 39s
Rendered 1325/3656, time remaining: 1m 39s
Rendered 1326/3656, time remaining: 1m 39s
Rendered 1327/3656, time remaining: 1m 37s
Rendered 1328/3656, time remaining: 1m 37s
Rendered 1329/3656, time remaining: 1m 39s
Rendered 1330/3656, time remaining: 1m 38s
Rendered 1331/3656, time remaining: 1m 38s
Rendered 1332/3656, time remaining: 1m 38s
Rendered 1333/3656, time remaining: 1m 37s
Rendered 1334/3656, time remaining: 1m 37s
Rendered 1335/3656, time remaining: 1m 38s
Rendered 1336/3656, time remaining: 1m 38s
Rendered 1337/3656, time remaining: 1m 38s
Rendered 1338/3656, time remaining: 1m 39s
Rendered 1339/3656, time remaining: 1m 37s
Rendered 1340/3656, time remaining: 1m 38s
Rendered 1341/3656, time remaining: 1m 38s
Rendered 1342/3656, time remaining: 1m 37s
Rendered 1343/3656, time remaining: 1m 38s
Rendered 1344/3656, time remaining: 1m 38s
Rendered 1345/3656, time remaining: 1m 37s
Rendered 1346/3656, time remaining: 1m 37s
Rendered 1347/3656, time remaining: 1m 37s
Rendered 1348/3656, time remaining: 1m 37s
Rendered 1349/3656, time remaining: 1m 37s
Rendered 1350/3656, time remaining: 1m 38s
Rendered 1351/3656, time remaining: 1m 38s
Rendered 1352/3656, time remaining: 1m 37s
Rendered 1353/3656, time remaining: 1m 37s
Rendered 1354/3656, time remaining: 1m 37s
Rendered 1355/3656, time remaining: 1m 37s
Rendered 1356/3656, time remaining: 1m 37s
Rendered 1357/3656, time remaining: 1m 37s
Rendered 1358/3656, time remaining: 1m 37s
Rendered 1359/3656, time remaining: 1m 37s
Rendered 1360/3656, time remaining: 1m 36s
Rendered 1361/3656, time remaining: 1m 36s
Rendered 1362/3656, time remaining: 1m 36s
Rendered 1363/3656, time remaining: 1m 37s
Rendered 1364/3656, time remaining: 1m 37s
Rendered 1365/3656, time remaining: 1m 36s
Rendered 1366/3656, time remaining: 1m 36s
Rendered 1367/3656, time remaining: 1m 36s
Rendered 1368/3656, time remaining: 1m 36s
Rendered 1369/3656, time remaining: 1m 37s
Rendered 1370/3656, time remaining: 1m 36s
Rendered 1371/3656, time remaining: 1m 37s
Rendered 1372/3656, time remaining: 1m 36s
Rendered 1373/3656, time remaining: 1m 35s
Rendered 1374/3656, time remaining: 1m 35s
Rendered 1375/3656, time remaining: 1m 35s
Rendered 1376/3656, time remaining: 1m 35s
Rendered 1377/3656, time remaining: 1m 37s
Rendered 1378/3656, time remaining: 1m 35s
Rendered 1379/3656, time remaining: 1m 33s
Rendered 1380/3656, time remaining: 1m 33s
Rendered 1381/3656, time remaining: 1m 33s
Rendered 1382/3656, time remaining: 1m 33s
Rendered 1383/3656, time remaining: 1m 35s
Rendered 1384/3656, time remaining: 1m 33s
Rendered 1385/3656, time remaining: 1m 32s
Rendered 1386/3656, time remaining: 1m 33s
Rendered 1387/3656, time remaining: 1m 32s
Rendered 1388/3656, time remaining: 1m 32s
Rendered 1389/3656, time remaining: 1m 35s
Rendered 1390/3656, time remaining: 1m 35s
Rendered 1391/3656, time remaining: 1m 33s
Rendered 1392/3656, time remaining: 1m 33s
Rendered 1393/3656, time remaining: 1m 33s
Rendered 1394/3656, time remaining: 1m 33s
Rendered 1395/3656, time remaining: 1m 35s
Rendered 1396/3656, time remaining: 1m 34s
Rendered 1397/3656, time remaining: 1m 34s
Rendered 1398/3656, time remaining: 1m 34s
Rendered 1399/3656, time remaining: 1m 34s
Rendered 1400/3656, time remaining: 1m 34s
Rendered 1401/3656, time remaining: 1m 34s
Rendered 1402/3656, time remaining: 1m 34s
Rendered 1403/3656, time remaining: 1m 34s
Rendered 1404/3656, time remaining: 1m 33s
Rendered 1405/3656, time remaining: 1m 33s
Rendered 1406/3656, time remaining: 1m 33s
Rendered 1407/3656, time remaining: 1m 32s
Rendered 1408/3656, time remaining: 1m 32s
Rendered 1409/3656, time remaining: 1m 33s
Rendered 1410/3656, time remaining: 1m 33s
Rendered 1411/3656, time remaining: 1m 32s
Rendered 1412/3656, time remaining: 1m 32s
Rendered 1413/3656, time remaining: 1m 32s
Rendered 1414/3656, time remaining: 1m 32s
Rendered 1415/3656, time remaining: 1m 34s
Rendered 1416/3656, time remaining: 1m 32s
Rendered 1417/3656, time remaining: 1m 32s
Rendered 1418/3656, time remaining: 1m 32s
Rendered 1419/3656, time remaining: 1m 32s
Rendered 1420/3656, time remaining: 1m 32s
Rendered 1421/3656, time remaining: 1m 33s
Rendered 1422/3656, time remaining: 1m 33s
Rendered 1423/3656, time remaining: 1m 32s
Rendered 1424/3656, time remaining: 1m 32s
Rendered 1425/3656, time remaining: 1m 32s
Rendered 1426/3656, time remaining: 1m 32s
Rendered 1427/3656, time remaining: 1m 32s
Rendered 1428/3656, time remaining: 1m 34s
Rendered 1429/3656, time remaining: 1m 32s
Rendered 1430/3656, time remaining: 1m 29s
Rendered 1431/3656, time remaining: 1m 29s
Rendered 1432/3656, time remaining: 1m 29s
Rendered 1433/3656, time remaining: 1m 29s
Rendered 1434/3656, time remaining: 1m 30s
Rendered 1435/3656, time remaining: 1m 30s
Rendered 1436/3656, time remaining: 1m 29s
Rendered 1437/3656, time remaining: 1m 29s
Rendered 1438/3656, time remaining: 1m 28s
Rendered 1439/3656, time remaining: 1m 30s
Rendered 1440/3656, time remaining: 1m 30s
Rendered 1441/3656, time remaining: 1m 30s
Rendered 1442/3656, time remaining: 1m 30s
Rendered 1443/3656, time remaining: 1m 29s
Rendered 1444/3656, time remaining: 1m 27s
Rendered 1445/3656, time remaining: 1m 29s
Rendered 1446/3656, time remaining: 1m 29s
Rendered 1447/3656, time remaining: 1m 29s
Rendered 1448/3656, time remaining: 1m 29s
Rendered 1449/3656, time remaining: 1m 30s
Rendered 1450/3656, time remaining: 1m 28s
Rendered 1451/3656, time remaining: 1m 29s
Rendered 1452/3656, time remaining: 1m 29s
Rendered 1453/3656, time remaining: 1m 29s
Rendered 1454/3656, time remaining: 1m 29s
Rendered 1455/3656, time remaining: 1m 29s
Rendered 1456/3656, time remaining: 1m 28s
Rendered 1457/3656, time remaining: 1m 29s
Rendered 1458/3656, time remaining: 1m 30s
Rendered 1459/3656, time remaining: 1m 30s
Rendered 1460/3656, time remaining: 1m 30s
Rendered 1461/3656, time remaining: 1m 29s
Rendered 1462/3656, time remaining: 1m 28s
Rendered 1463/3656, time remaining: 1m 29s
Rendered 1464/3656, time remaining: 1m 30s
Rendered 1465/3656, time remaining: 1m 30s
Rendered 1466/3656, time remaining: 1m 29s
Rendered 1467/3656, time remaining: 1m 27s
Rendered 1468/3656, time remaining: 1m 28s
Rendered 1469/3656, time remaining: 1m 28s
Rendered 1470/3656, time remaining: 1m 28s
Rendered 1471/3656, time remaining: 1m 29s
Rendered 1472/3656, time remaining: 1m 28s
Rendered 1473/3656, time remaining: 1m 27s
Rendered 1474/3656, time remaining: 1m 28s
Rendered 1475/3656, time remaining: 1m 28s
Rendered 1476/3656, time remaining: 1m 28s
Rendered 1477/3656, time remaining: 1m 28s
Rendered 1478/3656, time remaining: 1m 29s
Rendered 1479/3656, time remaining: 1m 27s
Rendered 1480/3656, time remaining: 1m 28s
Rendered 1481/3656, time remaining: 1m 27s
Rendered 1482/3656, time remaining: 1m 28s
Rendered 1483/3656, time remaining: 1m 28s
Rendered 1484/3656, time remaining: 1m 28s
Rendered 1485/3656, time remaining: 1m 26s
Rendered 1486/3656, time remaining: 1m 26s
Rendered 1487/3656, time remaining: 1m 27s
Rendered 1488/3656, time remaining: 1m 28s
Rendered 1489/3656, time remaining: 1m 28s
Rendered 1490/3656, time remaining: 1m 27s
Rendered 1491/3656, time remaining: 1m 26s
Rendered 1492/3656, time remaining: 1m 27s
Rendered 1493/3656, time remaining: 1m 26s
Rendered 1494/3656, time remaining: 1m 28s
Rendered 1495/3656, time remaining: 1m 27s
Rendered 1496/3656, time remaining: 1m 28s
Rendered 1497/3656, time remaining: 1m 27s
Rendered 1498/3656, time remaining: 1m 27s
Rendered 1499/3656, time remaining: 1m 26s
Rendered 1500/3656, time remaining: 1m 28s
Rendered 1501/3656, time remaining: 1m 27s
Rendered 1502/3656, time remaining: 1m 27s
Rendered 1503/3656, time remaining: 1m 27s
Rendered 1504/3656, time remaining: 1m 27s
Rendered 1505/3656, time remaining: 1m 27s
Rendered 1506/3656, time remaining: 1m 28s
Rendered 1507/3656, time remaining: 1m 27s
Rendered 1508/3656, time remaining: 1m 26s
Rendered 1509/3656, time remaining: 1m 28s
Rendered 1510/3656, time remaining: 1m 28s
Rendered 1511/3656, time remaining: 1m 28s
Rendered 1512/3656, time remaining: 1m 28s
Rendered 1513/3656, time remaining: 1m 25s
Rendered 1514/3656, time remaining: 1m 26s
Rendered 1515/3656, time remaining: 1m 27s
Rendered 1516/3656, time remaining: 1m 27s
Rendered 1517/3656, time remaining: 1m 27s
Rendered 1518/3656, time remaining: 1m 27s
Rendered 1519/3656, time remaining: 1m 27s
Rendered 1520/3656, time remaining: 1m 27s
Rendered 1521/3656, time remaining: 1m 27s
Rendered 1522/3656, time remaining: 1m 27s
Rendered 1523/3656, time remaining: 1m 27s
Rendered 1524/3656, time remaining: 1m 27s
Rendered 1525/3656, time remaining: 1m 27s
Rendered 1526/3656, time remaining: 1m 27s
Rendered 1527/3656, time remaining: 1m 27s
Rendered 1528/3656, time remaining: 1m 27s
Rendered 1529/3656, time remaining: 1m 27s
Rendered 1530/3656, time remaining: 1m 27s
Rendered 1531/3656, time remaining: 1m 28s
Rendered 1532/3656, time remaining: 1m 27s
Rendered 1533/3656, time remaining: 1m 25s
Rendered 1534/3656, time remaining: 1m 27s
Rendered 1535/3656, time remaining: 1m 27s
Rendered 1536/3656, time remaining: 1m 27s
Rendered 1537/3656, time remaining: 1m 27s
Rendered 1538/3656, time remaining: 1m 27s
Rendered 1539/3656, time remaining: 1m 24s
Rendered 1540/3656, time remaining: 1m 25s
Rendered 1541/3656, time remaining: 1m 25s
Rendered 1542/3656, time remaining: 1m 25s
Rendered 1543/3656, time remaining: 1m 26s
Rendered 1544/3656, time remaining: 1m 26s
Rendered 1545/3656, time remaining: 1m 25s
Rendered 1546/3656, time remaining: 1m 25s
Rendered 1547/3656, time remaining: 1m 24s
Rendered 1548/3656, time remaining: 1m 24s
Rendered 1549/3656, time remaining: 1m 25s
Rendered 1550/3656, time remaining: 1m 25s
Rendered 1551/3656, time remaining: 1m 25s
Rendered 1552/3656, time remaining: 1m 25s
Rendered 1553/3656, time remaining: 1m 23s
Rendered 1554/3656, time remaining: 1m 23s
Rendered 1555/3656, time remaining: 1m 25s
Rendered 1556/3656, time remaining: 1m 25s
Rendered 1557/3656, time remaining: 1m 25s
Rendered 1558/3656, time remaining: 1m 25s
Rendered 1559/3656, time remaining: 1m 23s
Rendered 1560/3656, time remaining: 1m 24s
Rendered 1561/3656, time remaining: 1m 25s
Rendered 1562/3656, time remaining: 1m 25s
Rendered 1563/3656, time remaining: 1m 25s
Rendered 1564/3656, time remaining: 1m 25s
Rendered 1565/3656, time remaining: 1m 23s
Rendered 1566/3656, time remaining: 1m 23s
Rendered 1567/3656, time remaining: 1m 24s
Rendered 1568/3656, time remaining: 1m 24s
Rendered 1569/3656, time remaining: 1m 24s
Rendered 1570/3656, time remaining: 1m 25s
Rendered 1571/3656, time remaining: 1m 24s
Rendered 1572/3656, time remaining: 1m 23s
Rendered 1573/3656, time remaining: 1m 23s
Rendered 1574/3656, time remaining: 1m 23s
Rendered 1575/3656, time remaining: 1m 23s
Rendered 1576/3656, time remaining: 1m 24s
Rendered 1577/3656, time remaining: 1m 24s
Rendered 1578/3656, time remaining: 1m 22s
Rendered 1579/3656, time remaining: 1m 22s
Rendered 1580/3656, time remaining: 1m 22s
Rendered 1581/3656, time remaining: 1m 22s
Rendered 1582/3656, time remaining: 1m 24s
Rendered 1583/3656, time remaining: 1m 24s
Rendered 1584/3656, time remaining: 1m 22s
Rendered 1585/3656, time remaining: 1m 23s
Rendered 1586/3656, time remaining: 1m 22s
Rendered 1587/3656, time remaining: 1m 22s
Rendered 1588/3656, time remaining: 1m 24s
Rendered 1589/3656, time remaining: 1m 22s
Rendered 1590/3656, time remaining: 1m 23s
Rendered 1591/3656, time remaining: 1m 23s
Rendered 1592/3656, time remaining: 1m 23s
Rendered 1593/3656, time remaining: 1m 23s
Rendered 1594/3656, time remaining: 1m 23s
Rendered 1595/3656, time remaining: 1m 20s
Rendered 1596/3656, time remaining: 1m 20s
Rendered 1597/3656, time remaining: 1m 20s
Rendered 1598/3656, time remaining: 1m 20s
Rendered 1599/3656, time remaining: 1m 20s
Rendered 1600/3656, time remaining: 1m 20s
Rendered 1601/3656, time remaining: 1m 18s
Rendered 1602/3656, time remaining: 1m 18s
Rendered 1603/3656, time remaining: 1m 18s
Rendered 1604/3656, time remaining: 1m 18s
Rendered 1605/3656, time remaining: 1m 17s
Rendered 1606/3656, time remaining: 1m 17s
Rendered 1607/3656, time remaining: 1m 16s
Rendered 1608/3656, time remaining: 1m 15s
Rendered 1609/3656, time remaining: 1m 15s
Rendered 1610/3656, time remaining: 1m 16s
Rendered 1611/3656, time remaining: 1m 16s
Rendered 1612/3656, time remaining: 1m 16s
Rendered 1613/3656, time remaining: 1m 15s
Rendered 1614/3656, time remaining: 1m 15s
Rendered 1615/3656, time remaining: 1m 15s
Rendered 1616/3656, time remaining: 1m 15s
Rendered 1617/3656, time remaining: 1m 16s
Rendered 1618/3656, time remaining: 1m 16s
Rendered 1619/3656, time remaining: 1m 16s
Rendered 1620/3656, time remaining: 1m 16s
Rendered 1621/3656, time remaining: 1m 15s
Rendered 1622/3656, time remaining: 1m 14s
Rendered 1623/3656, time remaining: 1m 16s
Rendered 1624/3656, time remaining: 1m 15s
Rendered 1625/3656, time remaining: 1m 15s
Rendered 1626/3656, time remaining: 1m 15s
Rendered 1627/3656, time remaining: 1m 15s
Rendered 1628/3656, time remaining: 1m 14s
Rendered 1629/3656, time remaining: 1m 16s
Rendered 1630/3656, time remaining: 1m 16s
Rendered 1631/3656, time remaining: 1m 16s
Rendered 1632/3656, time remaining: 1m 15s
Rendered 1633/3656, time remaining: 1m 15s
Rendered 1634/3656, time remaining: 1m 14s
Rendered 1635/3656, time remaining: 1m 16s
Rendered 1636/3656, time remaining: 1m 16s
Rendered 1637/3656, time remaining: 1m 16s
Rendered 1638/3656, time remaining: 1m 14s
Rendered 1639/3656, time remaining: 1m 14s
Rendered 1640/3656, time remaining: 1m 14s
Rendered 1641/3656, time remaining: 1m 16s
Rendered 1642/3656, time remaining: 1m 16s
Rendered 1643/3656, time remaining: 1m 16s
Rendered 1644/3656, time remaining: 1m 14s
Rendered 1645/3656, time remaining: 1m 14s
Rendered 1646/3656, time remaining: 1m 14s
Rendered 1647/3656, time remaining: 1m 16s
Rendered 1648/3656, time remaining: 1m 16s
Rendered 1649/3656, time remaining: 1m 16s
Rendered 1650/3656, time remaining: 1m 13s
Rendered 1651/3656, time remaining: 1m 14s
Rendered 1652/3656, time remaining: 1m 14s
Rendered 1653/3656, time remaining: 1m 14s
Rendered 1654/3656, time remaining: 1m 15s
Rendered 1655/3656, time remaining: 1m 15s
Rendered 1656/3656, time remaining: 1m 14s
Rendered 1657/3656, time remaining: 1m 14s
Rendered 1658/3656, time remaining: 1m 14s
Rendered 1659/3656, time remaining: 1m 13s
Rendered 1660/3656, time remaining: 1m 13s
Rendered 1661/3656, time remaining: 1m 13s
Rendered 1662/3656, time remaining: 1m 14s
Rendered 1663/3656, time remaining: 1m 15s
Rendered 1664/3656, time remaining: 1m 14s
Rendered 1665/3656, time remaining: 1m 12s
Rendered 1666/3656, time remaining: 1m 12s
Rendered 1667/3656, time remaining: 1m 12s
Rendered 1668/3656, time remaining: 1m 12s
Rendered 1669/3656, time remaining: 1m 14s
Rendered 1670/3656, time remaining: 1m 14s
Rendered 1671/3656, time remaining: 1m 12s
Rendered 1672/3656, time remaining: 1m 12s
Rendered 1673/3656, time remaining: 1m 12s
Rendered 1674/3656, time remaining: 1m 11s
Rendered 1675/3656, time remaining: 1m 12s
Rendered 1676/3656, time remaining: 1m 12s
Rendered 1677/3656, time remaining: 1m 12s
Rendered 1678/3656, time remaining: 1m 11s
Rendered 1679/3656, time remaining: 1m 11s
Rendered 1680/3656, time remaining: 1m 11s
Rendered 1681/3656, time remaining: 1m 11s
Rendered 1682/3656, time remaining: 1m 11s
Rendered 1683/3656, time remaining: 1m 13s
Rendered 1684/3656, time remaining: 1m 11s
Rendered 1685/3656, time remaining: 1m 12s
Rendered 1686/3656, time remaining: 1m 12s
Rendered 1687/3656, time remaining: 1m 12s
Rendered 1688/3656, time remaining: 1m 12s
Rendered 1689/3656, time remaining: 1m 11s
Rendered 1690/3656, time remaining: 1m 12s
Rendered 1691/3656, time remaining: 1m 12s
Rendered 1692/3656, time remaining: 1m 12s
Rendered 1693/3656, time remaining: 1m 12s
Rendered 1694/3656, time remaining: 1m 11s
Rendered 1695/3656, time remaining: 1m 11s
Rendered 1696/3656, time remaining: 1m 11s
Rendered 1697/3656, time remaining: 1m 11s
Rendered 1698/3656, time remaining: 1m 12s
Rendered 1699/3656, time remaining: 1m 10s
Rendered 1700/3656, time remaining: 1m 10s
Rendered 1701/3656, time remaining: 1m 11s
Rendered 1702/3656, time remaining: 1m 11s
Rendered 1703/3656, time remaining: 1m 11s
Rendered 1704/3656, time remaining: 1m 12s
Rendered 1705/3656, time remaining: 1m 11s
Rendered 1706/3656, time remaining: 1m 10s
Rendered 1707/3656, time remaining: 1m 10s
Rendered 1708/3656, time remaining: 1m 11s
Rendered 1709/3656, time remaining: 1m 10s
Rendered 1710/3656, time remaining: 1m 10s
Rendered 1711/3656, time remaining: 1m 10s
Rendered 1712/3656, time remaining: 1m 10s
Rendered 1713/3656, time remaining: 1m 10s
Rendered 1714/3656, time remaining: 1m 10s
Rendered 1715/3656, time remaining: 1m 10s
Rendered 1716/3656, time remaining: 1m 10s
Rendered 1717/3656, time remaining: 1m 10s
Rendered 1718/3656, time remaining: 1m 10s
Rendered 1719/3656, time remaining: 1m 10s
Rendered 1720/3656, time remaining: 1m 10s
Rendered 1721/3656, time remaining: 1m 11s
Rendered 1722/3656, time remaining: 1m 10s
Rendered 1723/3656, time remaining: 1m 10s
Rendered 1724/3656, time remaining: 1m 10s
Rendered 1725/3656, time remaining: 1m 10s
Rendered 1726/3656, time remaining: 1m 9s
Rendered 1727/3656, time remaining: 1m 10s
Rendered 1728/3656, time remaining: 1m 10s
Rendered 1729/3656, time remaining: 1m 10s
Rendered 1730/3656, time remaining: 1m 10s
Rendered 1731/3656, time remaining: 1m 10s
Rendered 1732/3656, time remaining: 1m 8s
Rendered 1733/3656, time remaining: 1m 10s
Rendered 1734/3656, time remaining: 1m 10s
Rendered 1735/3656, time remaining: 1m 10s
Rendered 1736/3656, time remaining: 1m 10s
Rendered 1737/3656, time remaining: 1m 10s
Rendered 1738/3656, time remaining: 1m 8s
Rendered 1739/3656, time remaining: 1m 10s
Rendered 1740/3656, time remaining: 1m 9s
Rendered 1741/3656, time remaining: 1m 9s
Rendered 1742/3656, time remaining: 1m 9s
Rendered 1743/3656, time remaining: 1m 9s
Rendered 1744/3656, time remaining: 1m 9s
Rendered 1745/3656, time remaining: 1m 11s
Rendered 1746/3656, time remaining: 1m 11s
Rendered 1747/3656, time remaining: 1m 11s
Rendered 1748/3656, time remaining: 1m 11s
Rendered 1749/3656, time remaining: 1m 11s
Rendered 1750/3656, time remaining: 1m 11s
Rendered 1751/3656, time remaining: 1m 12s
Rendered 1752/3656, time remaining: 1m 12s
Rendered 1753/3656, time remaining: 1m 12s
Rendered 1754/3656, time remaining: 1m 13s
Rendered 1755/3656, time remaining: 1m 13s
Rendered 1756/3656, time remaining: 1m 13s
Rendered 1757/3656, time remaining: 1m 14s
Rendered 1758/3656, time remaining: 1m 14s
Rendered 1759/3656, time remaining: 1m 14s
Rendered 1760/3656, time remaining: 1m 12s
Rendered 1761/3656, time remaining: 1m 13s
Rendered 1762/3656, time remaining: 1m 13s
Rendered 1763/3656, time remaining: 1m 13s
Rendered 1764/3656, time remaining: 1m 13s
Rendered 1765/3656, time remaining: 1m 13s
Rendered 1766/3656, time remaining: 1m 13s
Rendered 1767/3656, time remaining: 1m 11s
Rendered 1768/3656, time remaining: 1m 13s
Rendered 1769/3656, time remaining: 1m 13s
Rendered 1770/3656, time remaining: 1m 13s
Rendered 1771/3656, time remaining: 1m 13s
Rendered 1772/3656, time remaining: 1m 13s
Rendered 1773/3656, time remaining: 1m 11s
Rendered 1774/3656, time remaining: 1m 12s
Rendered 1775/3656, time remaining: 1m 12s
Rendered 1776/3656, time remaining: 1m 13s
Rendered 1777/3656, time remaining: 1m 13s
Rendered 1778/3656, time remaining: 1m 13s
Rendered 1779/3656, time remaining: 1m 12s
Rendered 1780/3656, time remaining: 1m 12s
Rendered 1781/3656, time remaining: 1m 12s
Rendered 1782/3656, time remaining: 1m 11s
Rendered 1783/3656, time remaining: 1m 11s
Rendered 1784/3656, time remaining: 1m 13s
Rendered 1785/3656, time remaining: 1m 12s
Rendered 1786/3656, time remaining: 1m 12s
Rendered 1787/3656, time remaining: 1m 12s
Rendered 1788/3656, time remaining: 1m 12s
Rendered 1789/3656, time remaining: 1m 12s
Rendered 1790/3656, time remaining: 1m 12s
Rendered 1791/3656, time remaining: 1m 11s
Rendered 1792/3656, time remaining: 1m 11s
Rendered 1793/3656, time remaining: 1m 11s
Rendered 1794/3656, time remaining: 1m 11s
Rendered 1795/3656, time remaining: 1m 11s
Rendered 1796/3656, time remaining: 1m 12s
Rendered 1797/3656, time remaining: 1m 11s
Rendered 1798/3656, time remaining: 1m 11s
Rendered 1799/3656, time remaining: 1m 11s
Rendered 1800/3656, time remaining: 1m 11s
Rendered 1801/3656, time remaining: 1m 11s
Rendered 1802/3656, time remaining: 1m 11s
Rendered 1803/3656, time remaining: 1m 12s
Rendered 1804/3656, time remaining: 1m 11s
Rendered 1805/3656, time remaining: 1m 11s
Rendered 1806/3656, time remaining: 1m 11s
Rendered 1807/3656, time remaining: 1m 10s
Rendered 1808/3656, time remaining: 1m 10s
Rendered 1809/3656, time remaining: 1m 11s
Rendered 1810/3656, time remaining: 1m 11s
Rendered 1811/3656, time remaining: 1m 11s
Rendered 1812/3656, time remaining: 1m 11s
Rendered 1813/3656, time remaining: 1m 10s
Rendered 1814/3656, time remaining: 1m 10s
Rendered 1815/3656, time remaining: 1m 11s
Rendered 1816/3656, time remaining: 1m 11s
Rendered 1817/3656, time remaining: 1m 11s
Rendered 1818/3656, time remaining: 1m 11s
Rendered 1819/3656, time remaining: 1m 9s
Rendered 1820/3656, time remaining: 1m 9s
Rendered 1821/3656, time remaining: 1m 10s
Rendered 1822/3656, time remaining: 1m 10s
Rendered 1823/3656, time remaining: 1m 11s
Rendered 1824/3656, time remaining: 1m 11s
Rendered 1825/3656, time remaining: 1m 11s
Rendered 1826/3656, time remaining: 1m 11s
Rendered 1827/3656, time remaining: 1m 10s
Rendered 1828/3656, time remaining: 1m 10s
Rendered 1829/3656, time remaining: 1m 10s
Rendered 1830/3656, time remaining: 1m 10s
Rendered 1831/3656, time remaining: 1m 11s
Rendered 1832/3656, time remaining: 1m 11s
Rendered 1833/3656, time remaining: 1m 9s
Rendered 1834/3656, time remaining: 1m 9s
Rendered 1835/3656, time remaining: 1m 9s
Rendered 1836/3656, time remaining: 1m 8s
Rendered 1837/3656, time remaining: 1m 9s
Rendered 1838/3656, time remaining: 1m 9s
Rendered 1839/3656, time remaining: 1m 9s
Rendered 1840/3656, time remaining: 1m 9s
Rendered 1841/3656, time remaining: 1m 8s
Rendered 1842/3656, time remaining: 1m 8s
Rendered 1843/3656, time remaining: 1m 9s
Rendered 1844/3656, time remaining: 1m 9s
Rendered 1845/3656, time remaining: 1m 9s
Rendered 1846/3656, time remaining: 1m 9s
Rendered 1847/3656, time remaining: 1m 9s
Rendered 1848/3656, time remaining: 1m 8s
Rendered 1849/3656, time remaining: 1m 9s
Rendered 1850/3656, time remaining: 1m 9s
Rendered 1851/3656, time remaining: 1m 9s
Rendered 1852/3656, time remaining: 1m 9s
Rendered 1853/3656, time remaining: 1m 9s
Rendered 1854/3656, time remaining: 1m 7s
Rendered 1855/3656, time remaining: 1m 8s
Rendered 1856/3656, time remaining: 1m 8s
Rendered 1857/3656, time remaining: 1m 9s
Rendered 1858/3656, time remaining: 1m 8s
Rendered 1859/3656, time remaining: 1m 8s
Rendered 1860/3656, time remaining: 1m 8s
Rendered 1861/3656, time remaining: 1m 7s
Rendered 1862/3656, time remaining: 1m 8s
Rendered 1863/3656, time remaining: 1m 8s
Rendered 1864/3656, time remaining: 1m 8s
Rendered 1865/3656, time remaining: 1m 8s
Rendered 1866/3656, time remaining: 1m 8s
Rendered 1867/3656, time remaining: 1m 7s
Rendered 1868/3656, time remaining: 1m 7s
Rendered 1869/3656, time remaining: 1m 8s
Rendered 1870/3656, time remaining: 1m 7s
Rendered 1871/3656, time remaining: 1m 8s
Rendered 1872/3656, time remaining: 1m 8s
Rendered 1873/3656, time remaining: 1m 7s
Rendered 1874/3656, time remaining: 1m 7s
Rendered 1875/3656, time remaining: 1m 7s
Rendered 1876/3656, time remaining: 1m 7s
Rendered 1877/3656, time remaining: 1m 7s
Rendered 1878/3656, time remaining: 1m 7s
Rendered 1879/3656, time remaining: 1m 8s
Rendered 1880/3656, time remaining: 1m 8s
Rendered 1881/3656, time remaining: 1m 8s
Rendered 1882/3656, time remaining: 1m 8s
Rendered 1883/3656, time remaining: 1m 6s
Rendered 1884/3656, time remaining: 1m 6s
Rendered 1885/3656, time remaining: 1m 7s
Rendered 1886/3656, time remaining: 1m 8s
Rendered 1887/3656, time remaining: 1m 8s
Rendered 1888/3656, time remaining: 1m 8s
Rendered 1889/3656, time remaining: 1m 6s
Rendered 1890/3656, time remaining: 1m 6s
Rendered 1891/3656, time remaining: 1m 6s
Rendered 1892/3656, time remaining: 1m 7s
Rendered 1893/3656, time remaining: 1m 7s
Rendered 1894/3656, time remaining: 1m 8s
Rendered 1895/3656, time remaining: 1m 6s
Rendered 1896/3656, time remaining: 1m 6s
Rendered 1897/3656, time remaining: 1m 6s
Rendered 1898/3656, time remaining: 1m 7s
Rendered 1899/3656, time remaining: 1m 7s
Rendered 1900/3656, time remaining: 1m 7s
Rendered 1901/3656, time remaining: 1m 6s
Rendered 1902/3656, time remaining: 1m 6s
Rendered 1903/3656, time remaining: 1m 7s
Rendered 1904/3656, time remaining: 1m 7s
Rendered 1905/3656, time remaining: 1m 7s
Rendered 1906/3656, time remaining: 1m 7s
Rendered 1907/3656, time remaining: 1m 6s
Rendered 1908/3656, time remaining: 1m 7s
Rendered 1909/3656, time remaining: 1m 7s
Rendered 1910/3656, time remaining: 1m 7s
Rendered 1911/3656, time remaining: 1m 7s
Rendered 1912/3656, time remaining: 1m 6s
Rendered 1913/3656, time remaining: 1m 7s
Rendered 1914/3656, time remaining: 1m 7s
Rendered 1915/3656, time remaining: 1m 7s
Rendered 1916/3656, time remaining: 1m 7s
Rendered 1917/3656, time remaining: 1m 6s
Rendered 1918/3656, time remaining: 1m 6s
Rendered 1919/3656, time remaining: 1m 6s
Rendered 1920/3656, time remaining: 1m 6s
Rendered 1921/3656, time remaining: 1m 6s
Rendered 1922/3656, time remaining: 1m 6s
Rendered 1923/3656, time remaining: 1m 7s
Rendered 1924/3656, time remaining: 1m 7s
Rendered 1925/3656, time remaining: 1m 7s
Rendered 1926/3656, time remaining: 1m 6s
Rendered 1927/3656, time remaining: 1m 6s
Rendered 1928/3656, time remaining: 1m 6s
Rendered 1929/3656, time remaining: 1m 5s
Rendered 1930/3656, time remaining: 1m 7s
Rendered 1931/3656, time remaining: 1m 6s
Rendered 1932/3656, time remaining: 1m 6s
Rendered 1933/3656, time remaining: 1m 6s
Rendered 1934/3656, time remaining: 1m 5s
Rendered 1935/3656, time remaining: 1m 4s
Rendered 1936/3656, time remaining: 1m 6s
Rendered 1937/3656, time remaining: 1m 6s
Rendered 1938/3656, time remaining: 1m 6s
Rendered 1939/3656, time remaining: 1m 6s
Rendered 1940/3656, time remaining: 1m 6s
Rendered 1941/3656, time remaining: 1m 4s
Rendered 1942/3656, time remaining: 1m 6s
Rendered 1943/3656, time remaining: 1m 6s
Rendered 1944/3656, time remaining: 1m 6s
Rendered 1945/3656, time remaining: 1m 5s
Rendered 1946/3656, time remaining: 1m 5s
Rendered 1947/3656, time remaining: 1m 4s
Rendered 1948/3656, time remaining: 1m 5s
Rendered 1949/3656, time remaining: 1m 5s
Rendered 1950/3656, time remaining: 1m 6s
Rendered 1951/3656, time remaining: 1m 6s
Rendered 1952/3656, time remaining: 1m 5s
Rendered 1953/3656, time remaining: 1m 4s
Rendered 1954/3656, time remaining: 1m 4s
Rendered 1955/3656, time remaining: 1m 4s
Rendered 1956/3656, time remaining: 1m 5s
Rendered 1957/3656, time remaining: 1m 5s
Rendered 1958/3656, time remaining: 1m 5s
Rendered 1959/3656, time remaining: 1m 4s
Rendered 1960/3656, time remaining: 1m 4s
Rendered 1961/3656, time remaining: 1m 5s
Rendered 1962/3656, time remaining: 1m 5s
Rendered 1963/3656, time remaining: 1m 5s
Rendered 1964/3656, time remaining: 1m 5s
Rendered 1965/3656, time remaining: 1m 4s
Rendered 1966/3656, time remaining: 1m 4s
Rendered 1967/3656, time remaining: 1m 4s
Rendered 1968/3656, time remaining: 1m 4s
Rendered 1969/3656, time remaining: 1m 5s
Rendered 1970/3656, time remaining: 1m 5s
Rendered 1971/3656, time remaining: 1m 4s
Rendered 1972/3656, time remaining: 1m 4s
Rendered 1973/3656, time remaining: 1m 4s
Rendered 1974/3656, time remaining: 1m 3s
Rendered 1975/3656, time remaining: 1m 5s
Rendered 1976/3656, time remaining: 1m 4s
Rendered 1977/3656, time remaining: 1m 5s
Rendered 1978/3656, time remaining: 1m 4s
Rendered 1979/3656, time remaining: 1m 4s
Rendered 1980/3656, time remaining: 1m 4s
Rendered 1981/3656, time remaining: 1m 3s
Rendered 1982/3656, time remaining: 1m 3s
Rendered 1983/3656, time remaining: 1m 4s
Rendered 1984/3656, time remaining: 1m 4s
Rendered 1985/3656, time remaining: 1m 4s
Rendered 1986/3656, time remaining: 1m 4s
Rendered 1987/3656, time remaining: 1m 3s
Rendered 1988/3656, time remaining: 1m 3s
Rendered 1989/3656, time remaining: 1m 4s
Rendered 1990/3656, time remaining: 1m 4s
Rendered 1991/3656, time remaining: 1m 4s
Rendered 1992/3656, time remaining: 1m 4s
Rendered 1993/3656, time remaining: 1m 3s
Rendered 1994/3656, time remaining: 1m 3s
Rendered 1995/3656, time remaining: 1m 4s
Rendered 1996/3656, time remaining: 1m 4s
Rendered 1997/3656, time remaining: 1m 4s
Rendered 1998/3656, time remaining: 1m 4s
Rendered 1999/3656, time remaining: 1m 4s
Rendered 2000/3656, time remaining: 1m 3s
Rendered 2001/3656, time remaining: 1m 3s
Rendered 2002/3656, time remaining: 1m 3s
Rendered 2003/3656, time remaining: 1m 3s
Rendered 2004/3656, time remaining: 1m 3s
Rendered 2005/3656, time remaining: 1m 3s
Rendered 2006/3656, time remaining: 1m 3s
Rendered 2007/3656, time remaining: 1m 3s
Rendered 2008/3656, time remaining: 1m 3s
Rendered 2009/3656, time remaining: 1m 3s
Rendered 2010/3656, time remaining: 1m 2s
Rendered 2011/3656, time remaining: 1m 2s
Rendered 2012/3656, time remaining: 1m 3s
Rendered 2013/3656, time remaining: 1m 3s
Rendered 2014/3656, time remaining: 1m 3s
Rendered 2015/3656, time remaining: 1m 3s
Rendered 2016/3656, time remaining: 1m 3s
Rendered 2017/3656, time remaining: 1m 3s
Rendered 2018/3656, time remaining: 1m 2s
Rendered 2019/3656, time remaining: 1m 3s
Rendered 2020/3656, time remaining: 1m 3s
Rendered 2021/3656, time remaining: 1m 2s
Rendered 2022/3656, time remaining: 1m 2s
Rendered 2023/3656, time remaining: 1m 2s
Rendered 2024/3656, time remaining: 1m 2s
Rendered 2025/3656, time remaining: 1m 3s
Rendered 2026/3656, time remaining: 1m 3s
Rendered 2027/3656, time remaining: 1m 3s
Rendered 2028/3656, time remaining: 1m 3s
Rendered 2029/3656, time remaining: 1m 2s
Rendered 2030/3656, time remaining: 1m 2s
Rendered 2031/3656, time remaining: 1m 2s
Rendered 2032/3656, time remaining: 1m 2s
Rendered 2033/3656, time remaining: 1m 3s
Rendered 2034/3656, time remaining: 1m 3s
Rendered 2035/3656, time remaining: 1m 2s
Rendered 2036/3656, time remaining: 1m 1s
Rendered 2037/3656, time remaining: 1m 1s
Rendered 2038/3656, time remaining: 1m 2s
Rendered 2039/3656, time remaining: 1m 2s
Rendered 2040/3656, time remaining: 1m 2s
Rendered 2041/3656, time remaining: 1m 2s
Rendered 2042/3656, time remaining: 1m 1s
Rendered 2043/3656, time remaining: 1m 1s
Rendered 2044/3656, time remaining: 1m 1s
Rendered 2045/3656, time remaining: 1m 2s
Rendered 2046/3656, time remaining: 1m 2s
Rendered 2047/3656, time remaining: 1m 2s
Rendered 2048/3656, time remaining: 1m 1s
Rendered 2049/3656, time remaining: 1m 1s
Rendered 2050/3656, time remaining: 1m 0s
Rendered 2051/3656, time remaining: 1m 1s
Rendered 2052/3656, time remaining: 1m 1s
Rendered 2053/3656, time remaining: 1m 1s
Rendered 2054/3656, time remaining: 1m 1s
Rendered 2055/3656, time remaining: 1m 1s
Rendered 2056/3656, time remaining: 1m 1s
Rendered 2057/3656, time remaining: 1m 0s
Rendered 2058/3656, time remaining: 1m 0s
Rendered 2059/3656, time remaining: 1m 1s
Rendered 2060/3656, time remaining: 1m 1s
Rendered 2061/3656, time remaining: 1m 1s
Rendered 2062/3656, time remaining: 1m 1s
Rendered 2063/3656, time remaining: 1m 0s
Rendered 2064/3656, time remaining: 1m 0s
Rendered 2065/3656, time remaining: 1m 1s
Rendered 2066/3656, time remaining: 1m 1s
Rendered 2067/3656, time remaining: 1m 1s
Rendered 2068/3656, time remaining: 1m 0s
Rendered 2069/3656, time remaining: 1m 0s
Rendered 2070/3656, time remaining: 1m 0s
Rendered 2071/3656, time remaining: 1m 1s
Rendered 2072/3656, time remaining: 1m 1s
Rendered 2073/3656, time remaining: 1m 0s
Rendered 2074/3656, time remaining: 59s
Rendered 2075/3656, time remaining: 59s
Rendered 2076/3656, time remaining: 59s
Rendered 2077/3656, time remaining: 1m 0s
Rendered 2078/3656, time remaining: 1m 0s
Rendered 2079/3656, time remaining: 1m 0s
Rendered 2080/3656, time remaining: 59s
Rendered 2081/3656, time remaining: 59s
Rendered 2082/3656, time remaining: 1m 0s
Rendered 2083/3656, time remaining: 1m 0s
Rendered 2084/3656, time remaining: 1m 0s
Rendered 2085/3656, time remaining: 1m 0s
Rendered 2086/3656, time remaining: 59s
Rendered 2087/3656, time remaining: 59s
Rendered 2088/3656, time remaining: 58s
Rendered 2089/3656, time remaining: 1m 0s
Rendered 2090/3656, time remaining: 1m 1s
Rendered 2091/3656, time remaining: 1m 0s
Rendered 2092/3656, time remaining: 59s
Rendered 2093/3656, time remaining: 59s
Rendered 2094/3656, time remaining: 59s
Rendered 2095/3656, time remaining: 59s
Rendered 2096/3656, time remaining: 1m 0s
Rendered 2097/3656, time remaining: 1m 0s
Rendered 2098/3656, time remaining: 59s
Rendered 2099/3656, time remaining: 59s
Rendered 2100/3656, time remaining: 58s
Rendered 2101/3656, time remaining: 58s
Rendered 2102/3656, time remaining: 59s
Rendered 2103/3656, time remaining: 59s
Rendered 2104/3656, time remaining: 1m 0s
Rendered 2105/3656, time remaining: 1m 0s
Rendered 2106/3656, time remaining: 58s
Rendered 2107/3656, time remaining: 58s
Rendered 2108/3656, time remaining: 58s
Rendered 2109/3656, time remaining: 59s
Rendered 2110/3656, time remaining: 59s
Rendered 2111/3656, time remaining: 59s
Rendered 2112/3656, time remaining: 58s
Rendered 2113/3656, time remaining: 58s
Rendered 2114/3656, time remaining: 58s
Rendered 2115/3656, time remaining: 58s
Rendered 2116/3656, time remaining: 59s
Rendered 2117/3656, time remaining: 59s
Rendered 2118/3656, time remaining: 59s
Rendered 2119/3656, time remaining: 58s
Rendered 2120/3656, time remaining: 58s
Rendered 2121/3656, time remaining: 58s
Rendered 2122/3656, time remaining: 58s
Rendered 2123/3656, time remaining: 59s
Rendered 2124/3656, time remaining: 59s
Rendered 2125/3656, time remaining: 57s
Rendered 2126/3656, time remaining: 58s
Rendered 2127/3656, time remaining: 57s
Rendered 2128/3656, time remaining: 58s
Rendered 2129/3656, time remaining: 58s
Rendered 2130/3656, time remaining: 58s
Rendered 2131/3656, time remaining: 58s
Rendered 2132/3656, time remaining: 58s
Rendered 2133/3656, time remaining: 57s
Rendered 2134/3656, time remaining: 57s
Rendered 2135/3656, time remaining: 58s
Rendered 2136/3656, time remaining: 58s
Rendered 2137/3656, time remaining: 58s
Rendered 2138/3656, time remaining: 58s
Rendered 2139/3656, time remaining: 57s
Rendered 2140/3656, time remaining: 57s
Rendered 2141/3656, time remaining: 57s
Rendered 2142/3656, time remaining: 57s
Rendered 2143/3656, time remaining: 58s
Rendered 2144/3656, time remaining: 58s
Rendered 2145/3656, time remaining: 57s
Rendered 2146/3656, time remaining: 57s
Rendered 2147/3656, time remaining: 57s
Rendered 2148/3656, time remaining: 57s
Rendered 2149/3656, time remaining: 57s
Rendered 2150/3656, time remaining: 56s
Rendered 2151/3656, time remaining: 56s
Rendered 2152/3656, time remaining: 56s
Rendered 2153/3656, time remaining: 57s
Rendered 2154/3656, time remaining: 56s
Rendered 2155/3656, time remaining: 57s
Rendered 2156/3656, time remaining: 56s
Rendered 2157/3656, time remaining: 56s
Rendered 2158/3656, time remaining: 57s
Rendered 2159/3656, time remaining: 57s
Rendered 2160/3656, time remaining: 57s
Rendered 2161/3656, time remaining: 57s
Rendered 2162/3656, time remaining: 56s
Rendered 2163/3656, time remaining: 56s
Rendered 2164/3656, time remaining: 56s
Rendered 2165/3656, time remaining: 56s
Rendered 2166/3656, time remaining: 56s
Rendered 2167/3656, time remaining: 56s
Rendered 2168/3656, time remaining: 56s
Rendered 2169/3656, time remaining: 56s
Rendered 2170/3656, time remaining: 56s
Rendered 2171/3656, time remaining: 56s
Rendered 2172/3656, time remaining: 56s
Rendered 2173/3656, time remaining: 57s
Rendered 2174/3656, time remaining: 57s
Rendered 2175/3656, time remaining: 56s
Rendered 2176/3656, time remaining: 56s
Rendered 2177/3656, time remaining: 56s
Rendered 2178/3656, time remaining: 56s
Rendered 2179/3656, time remaining: 56s
Rendered 2180/3656, time remaining: 56s
Rendered 2181/3656, time remaining: 56s
Rendered 2182/3656, time remaining: 56s
Rendered 2183/3656, time remaining: 56s
Rendered 2184/3656, time remaining: 56s
Rendered 2185/3656, time remaining: 56s
Rendered 2186/3656, time remaining: 56s
Rendered 2187/3656, time remaining: 56s
Rendered 2188/3656, time remaining: 56s
Rendered 2189/3656, time remaining: 55s
Rendered 2190/3656, time remaining: 56s
Rendered 2191/3656, time remaining: 56s
Rendered 2192/3656, time remaining: 56s
Rendered 2193/3656, time remaining: 56s
Rendered 2194/3656, time remaining: 56s
Rendered 2195/3656, time remaining: 55s
Rendered 2196/3656, time remaining: 55s
Rendered 2197/3656, time remaining: 55s
Rendered 2198/3656, time remaining: 55s
Rendered 2199/3656, time remaining: 56s
Rendered 2200/3656, time remaining: 56s
Rendered 2201/3656, time remaining: 56s
Rendered 2202/3656, time remaining: 55s
Rendered 2203/3656, time remaining: 54s
Rendered 2204/3656, time remaining: 55s
Rendered 2205/3656, time remaining: 55s
Rendered 2206/3656, time remaining: 55s
Rendered 2207/3656, time remaining: 55s
Rendered 2208/3656, time remaining: 55s
Rendered 2209/3656, time remaining: 54s
Rendered 2210/3656, time remaining: 54s
Rendered 2211/3656, time remaining: 56s
Rendered 2212/3656, time remaining: 55s
Rendered 2213/3656, time remaining: 55s
Rendered 2214/3656, time remaining: 55s
Rendered 2215/3656, time remaining: 54s
Rendered 2216/3656, time remaining: 54s
Rendered 2217/3656, time remaining: 55s
Rendered 2218/3656, time remaining: 55s
Rendered 2219/3656, time remaining: 55s
Rendered 2220/3656, time remaining: 55s
Rendered 2221/3656, time remaining: 54s
Rendered 2222/3656, time remaining: 54s
Rendered 2223/3656, time remaining: 55s
Rendered 2224/3656, time remaining: 55s
Rendered 2225/3656, time remaining: 55s
Rendered 2226/3656, time remaining: 55s
Rendered 2227/3656, time remaining: 54s
Rendered 2228/3656, time remaining: 54s
Rendered 2229/3656, time remaining: 54s
Rendered 2230/3656, time remaining: 55s
Rendered 2231/3656, time remaining: 54s
Rendered 2232/3656, time remaining: 54s
Rendered 2233/3656, time remaining: 54s
Rendered 2234/3656, time remaining: 54s
Rendered 2235/3656, time remaining: 54s
Rendered 2236/3656, time remaining: 55s
Rendered 2237/3656, time remaining: 54s
Rendered 2238/3656, time remaining: 55s
Rendered 2239/3656, time remaining: 53s
Rendered 2240/3656, time remaining: 53s
Rendered 2241/3656, time remaining: 53s
Rendered 2242/3656, time remaining: 53s
Rendered 2243/3656, time remaining: 53s
Rendered 2244/3656, time remaining: 54s
Rendered 2245/3656, time remaining: 54s
Rendered 2246/3656, time remaining: 53s
Rendered 2247/3656, time remaining: 53s
Rendered 2248/3656, time remaining: 53s
Rendered 2249/3656, time remaining: 53s
Rendered 2250/3656, time remaining: 54s
Rendered 2251/3656, time remaining: 54s
Rendered 2252/3656, time remaining: 53s
Rendered 2253/3656, time remaining: 53s
Rendered 2254/3656, time remaining: 52s
Rendered 2255/3656, time remaining: 52s
Rendered 2256/3656, time remaining: 54s
Rendered 2257/3656, time remaining: 54s
Rendered 2258/3656, time remaining: 53s
Rendered 2259/3656, time remaining: 53s
Rendered 2260/3656, time remaining: 52s
Rendered 2261/3656, time remaining: 52s
Rendered 2262/3656, time remaining: 52s
Rendered 2263/3656, time remaining: 53s
Rendered 2264/3656, time remaining: 53s
Rendered 2265/3656, time remaining: 53s
Rendered 2266/3656, time remaining: 52s
Rendered 2267/3656, time remaining: 52s
Rendered 2268/3656, time remaining: 52s
Rendered 2269/3656, time remaining: 53s
Rendered 2270/3656, time remaining: 53s
Rendered 2271/3656, time remaining: 53s
Rendered 2272/3656, time remaining: 52s
Rendered 2273/3656, time remaining: 52s
Rendered 2274/3656, time remaining: 52s
Rendered 2275/3656, time remaining: 52s
Rendered 2276/3656, time remaining: 53s
Rendered 2277/3656, time remaining: 53s
Rendered 2278/3656, time remaining: 52s
Rendered 2279/3656, time remaining: 52s
Rendered 2280/3656, time remaining: 52s
Rendered 2281/3656, time remaining: 52s
Rendered 2282/3656, time remaining: 53s
Rendered 2283/3656, time remaining: 53s
Rendered 2284/3656, time remaining: 53s
Rendered 2285/3656, time remaining: 52s
Rendered 2286/3656, time remaining: 52s
Rendered 2287/3656, time remaining: 52s
Rendered 2288/3656, time remaining: 52s
Rendered 2289/3656, time remaining: 52s
Rendered 2290/3656, time remaining: 52s
Rendered 2291/3656, time remaining: 52s
Rendered 2292/3656, time remaining: 53s
Rendered 2293/3656, time remaining: 52s
Rendered 2294/3656, time remaining: 52s
Rendered 2295/3656, time remaining: 52s
Rendered 2296/3656, time remaining: 52s
Rendered 2297/3656, time remaining: 52s
Rendered 2298/3656, time remaining: 53s
Rendered 2299/3656, time remaining: 52s
Rendered 2300/3656, time remaining: 52s
Rendered 2301/3656, time remaining: 52s
Rendered 2302/3656, time remaining: 52s
Rendered 2303/3656, time remaining: 52s
Rendered 2304/3656, time remaining: 53s
Rendered 2305/3656, time remaining: 52s
Rendered 2306/3656, time remaining: 52s
Rendered 2307/3656, time remaining: 52s
Rendered 2308/3656, time remaining: 52s
Rendered 2309/3656, time remaining: 52s
Rendered 2310/3656, time remaining: 53s
Rendered 2311/3656, time remaining: 52s
Rendered 2312/3656, time remaining: 52s
Rendered 2313/3656, time remaining: 51s
Rendered 2314/3656, time remaining: 51s
Rendered 2315/3656, time remaining: 51s
Rendered 2316/3656, time remaining: 53s
Rendered 2317/3656, time remaining: 53s
Rendered 2318/3656, time remaining: 53s
Rendered 2319/3656, time remaining: 51s
Rendered 2320/3656, time remaining: 52s
Rendered 2321/3656, time remaining: 51s
Rendered 2322/3656, time remaining: 53s
Rendered 2323/3656, time remaining: 52s
Rendered 2324/3656, time remaining: 52s
Rendered 2325/3656, time remaining: 52s
Rendered 2326/3656, time remaining: 52s
Rendered 2327/3656, time remaining: 51s
Rendered 2328/3656, time remaining: 52s
Rendered 2329/3656, time remaining: 53s
Rendered 2330/3656, time remaining: 52s
Rendered 2331/3656, time remaining: 52s
Rendered 2332/3656, time remaining: 52s
Rendered 2333/3656, time remaining: 52s
Rendered 2334/3656, time remaining: 52s
Rendered 2335/3656, time remaining: 52s
Rendered 2336/3656, time remaining: 52s
Rendered 2337/3656, time remaining: 52s
Rendered 2338/3656, time remaining: 52s
Rendered 2339/3656, time remaining: 52s
Rendered 2340/3656, time remaining: 52s
Rendered 2341/3656, time remaining: 52s
Rendered 2342/3656, time remaining: 53s
Rendered 2343/3656, time remaining: 52s
Rendered 2344/3656, time remaining: 52s
Rendered 2345/3656, time remaining: 52s
Rendered 2346/3656, time remaining: 51s
Rendered 2347/3656, time remaining: 52s
Rendered 2348/3656, time remaining: 53s
Rendered 2349/3656, time remaining: 52s
Rendered 2350/3656, time remaining: 52s
Rendered 2351/3656, time remaining: 52s
Rendered 2352/3656, time remaining: 52s
Rendered 2353/3656, time remaining: 52s
Rendered 2354/3656, time remaining: 52s
Rendered 2355/3656, time remaining: 51s
Rendered 2356/3656, time remaining: 51s
Rendered 2357/3656, time remaining: 51s
Rendered 2358/3656, time remaining: 51s
Rendered 2359/3656, time remaining: 52s
Rendered 2360/3656, time remaining: 52s
Rendered 2361/3656, time remaining: 50s
Rendered 2362/3656, time remaining: 51s
Rendered 2363/3656, time remaining: 51s
Rendered 2364/3656, time remaining: 51s
Rendered 2365/3656, time remaining: 51s
Rendered 2366/3656, time remaining: 52s
Rendered 2367/3656, time remaining: 50s
Rendered 2368/3656, time remaining: 50s
Rendered 2369/3656, time remaining: 50s
Rendered 2370/3656, time remaining: 50s
Rendered 2371/3656, time remaining: 50s
Rendered 2372/3656, time remaining: 51s
Rendered 2373/3656, time remaining: 51s
Rendered 2374/3656, time remaining: 50s
Rendered 2375/3656, time remaining: 50s
Rendered 2376/3656, time remaining: 50s
Rendered 2377/3656, time remaining: 50s
Rendered 2378/3656, time remaining: 51s
Rendered 2379/3656, time remaining: 51s
Rendered 2380/3656, time remaining: 50s
Rendered 2381/3656, time remaining: 50s
Rendered 2382/3656, time remaining: 50s
Rendered 2383/3656, time remaining: 50s
Rendered 2384/3656, time remaining: 50s
Rendered 2385/3656, time remaining: 51s
Rendered 2386/3656, time remaining: 50s
Rendered 2387/3656, time remaining: 50s
Rendered 2388/3656, time remaining: 49s
Rendered 2389/3656, time remaining: 49s
Rendered 2390/3656, time remaining: 49s
Rendered 2391/3656, time remaining: 50s
Rendered 2392/3656, time remaining: 50s
Rendered 2393/3656, time remaining: 51s
Rendered 2394/3656, time remaining: 49s
Rendered 2395/3656, time remaining: 49s
Rendered 2396/3656, time remaining: 49s
Rendered 2397/3656, time remaining: 50s
Rendered 2398/3656, time remaining: 50s
Rendered 2399/3656, time remaining: 50s
Rendered 2400/3656, time remaining: 49s
Rendered 2401/3656, time remaining: 49s
Rendered 2402/3656, time remaining: 49s
Rendered 2403/3656, time remaining: 50s
Rendered 2404/3656, time remaining: 50s
Rendered 2405/3656, time remaining: 50s
Rendered 2406/3656, time remaining: 49s
Rendered 2407/3656, time remaining: 49s
Rendered 2408/3656, time remaining: 49s
Rendered 2409/3656, time remaining: 50s
Rendered 2410/3656, time remaining: 50s
Rendered 2411/3656, time remaining: 50s
Rendered 2412/3656, time remaining: 50s
Rendered 2413/3656, time remaining: 49s
Rendered 2414/3656, time remaining: 49s
Rendered 2415/3656, time remaining: 49s
Rendered 2416/3656, time remaining: 50s
Rendered 2417/3656, time remaining: 49s
Rendered 2418/3656, time remaining: 50s
Rendered 2419/3656, time remaining: 49s
Rendered 2420/3656, time remaining: 49s
Rendered 2421/3656, time remaining: 49s
Rendered 2422/3656, time remaining: 49s
Rendered 2423/3656, time remaining: 49s
Rendered 2424/3656, time remaining: 49s
Rendered 2425/3656, time remaining: 49s
Rendered 2426/3656, time remaining: 48s
Rendered 2427/3656, time remaining: 48s
Rendered 2428/3656, time remaining: 48s
Rendered 2429/3656, time remaining: 49s
Rendered 2430/3656, time remaining: 49s
Rendered 2431/3656, time remaining: 49s
Rendered 2432/3656, time remaining: 48s
Rendered 2433/3656, time remaining: 48s
Rendered 2434/3656, time remaining: 48s
Rendered 2435/3656, time remaining: 49s
Rendered 2436/3656, time remaining: 49s
Rendered 2437/3656, time remaining: 49s
Rendered 2438/3656, time remaining: 48s
Rendered 2439/3656, time remaining: 48s
Rendered 2440/3656, time remaining: 48s
Rendered 2441/3656, time remaining: 48s
Rendered 2442/3656, time remaining: 48s
Rendered 2443/3656, time remaining: 48s
Rendered 2444/3656, time remaining: 48s
Rendered 2445/3656, time remaining: 48s
Rendered 2446/3656, time remaining: 48s
Rendered 2447/3656, time remaining: 48s
Rendered 2448/3656, time remaining: 47s
Rendered 2449/3656, time remaining: 48s
Rendered 2450/3656, time remaining: 49s
Rendered 2451/3656, time remaining: 48s
Rendered 2452/3656, time remaining: 48s
Rendered 2453/3656, time remaining: 49s
Rendered 2454/3656, time remaining: 48s
Rendered 2455/3656, time remaining: 48s
Rendered 2456/3656, time remaining: 48s
Rendered 2457/3656, time remaining: 48s
Rendered 2458/3656, time remaining: 48s
Rendered 2459/3656, time remaining: 48s
Rendered 2460/3656, time remaining: 48s
Rendered 2461/3656, time remaining: 48s
Rendered 2462/3656, time remaining: 48s
Rendered 2463/3656, time remaining: 48s
Rendered 2464/3656, time remaining: 48s
Rendered 2465/3656, time remaining: 48s
Rendered 2466/3656, time remaining: 47s
Rendered 2467/3656, time remaining: 47s
Rendered 2468/3656, time remaining: 47s
Rendered 2469/3656, time remaining: 48s
Rendered 2470/3656, time remaining: 47s
Rendered 2471/3656, time remaining: 48s
Rendered 2472/3656, time remaining: 46s
Rendered 2473/3656, time remaining: 47s
Rendered 2474/3656, time remaining: 47s
Rendered 2475/3656, time remaining: 47s
Rendered 2476/3656, time remaining: 47s
Rendered 2477/3656, time remaining: 47s
Rendered 2478/3656, time remaining: 46s
Rendered 2479/3656, time remaining: 46s
Rendered 2480/3656, time remaining: 46s
Rendered 2481/3656, time remaining: 46s
Rendered 2482/3656, time remaining: 47s
Rendered 2483/3656, time remaining: 47s
Rendered 2484/3656, time remaining: 46s
Rendered 2485/3656, time remaining: 45s
Rendered 2486/3656, time remaining: 45s
Rendered 2487/3656, time remaining: 45s
Rendered 2488/3656, time remaining: 46s
Rendered 2489/3656, time remaining: 46s
Rendered 2490/3656, time remaining: 46s
Rendered 2491/3656, time remaining: 45s
Rendered 2492/3656, time remaining: 45s
Rendered 2493/3656, time remaining: 45s
Rendered 2494/3656, time remaining: 46s
Rendered 2495/3656, time remaining: 46s
Rendered 2496/3656, time remaining: 46s
Rendered 2497/3656, time remaining: 45s
Rendered 2498/3656, time remaining: 45s
Rendered 2499/3656, time remaining: 44s
Rendered 2500/3656, time remaining: 45s
Rendered 2501/3656, time remaining: 45s
Rendered 2502/3656, time remaining: 45s
Rendered 2503/3656, time remaining: 45s
Rendered 2504/3656, time remaining: 45s
Rendered 2505/3656, time remaining: 44s
Rendered 2506/3656, time remaining: 45s
Rendered 2507/3656, time remaining: 45s
Rendered 2508/3656, time remaining: 45s
Rendered 2509/3656, time remaining: 45s
Rendered 2510/3656, time remaining: 45s
Rendered 2511/3656, time remaining: 45s
Rendered 2512/3656, time remaining: 44s
Rendered 2513/3656, time remaining: 44s
Rendered 2514/3656, time remaining: 45s
Rendered 2515/3656, time remaining: 45s
Rendered 2516/3656, time remaining: 45s
Rendered 2517/3656, time remaining: 44s
Rendered 2518/3656, time remaining: 44s
Rendered 2519/3656, time remaining: 44s
Rendered 2520/3656, time remaining: 44s
Rendered 2521/3656, time remaining: 45s
Rendered 2522/3656, time remaining: 44s
Rendered 2523/3656, time remaining: 44s
Rendered 2524/3656, time remaining: 44s
Rendered 2525/3656, time remaining: 44s
Rendered 2526/3656, time remaining: 44s
Rendered 2527/3656, time remaining: 45s
Rendered 2528/3656, time remaining: 44s
Rendered 2529/3656, time remaining: 44s
Rendered 2530/3656, time remaining: 44s
Rendered 2531/3656, time remaining: 44s
Rendered 2532/3656, time remaining: 44s
Rendered 2533/3656, time remaining: 44s
Rendered 2534/3656, time remaining: 44s
Rendered 2535/3656, time remaining: 44s
Rendered 2536/3656, time remaining: 44s
Rendered 2537/3656, time remaining: 44s
Rendered 2538/3656, time remaining: 44s
Rendered 2539/3656, time remaining: 44s
Rendered 2540/3656, time remaining: 44s
Rendered 2541/3656, time remaining: 43s
Rendered 2542/3656, time remaining: 43s
Rendered 2543/3656, time remaining: 43s
Rendered 2544/3656, time remaining: 43s
Rendered 2545/3656, time remaining: 43s
Rendered 2546/3656, time remaining: 43s
Rendered 2547/3656, time remaining: 43s
Rendered 2548/3656, time remaining: 43s
Rendered 2549/3656, time remaining: 43s
Rendered 2550/3656, time remaining: 43s
Rendered 2551/3656, time remaining: 43s
Rendered 2552/3656, time remaining: 43s
Rendered 2553/3656, time remaining: 43s
Rendered 2554/3656, time remaining: 43s
Rendered 2555/3656, time remaining: 43s
Rendered 2556/3656, time remaining: 43s
Rendered 2557/3656, time remaining: 43s
Rendered 2558/3656, time remaining: 42s
Rendered 2559/3656, time remaining: 43s
Rendered 2560/3656, time remaining: 42s
Rendered 2561/3656, time remaining: 42s
Rendered 2562/3656, time remaining: 42s
Rendered 2563/3656, time remaining: 42s
Rendered 2564/3656, time remaining: 42s
Rendered 2565/3656, time remaining: 43s
Rendered 2566/3656, time remaining: 42s
Rendered 2567/3656, time remaining: 42s
Rendered 2568/3656, time remaining: 42s
Rendered 2569/3656, time remaining: 42s
Rendered 2570/3656, time remaining: 43s
Rendered 2571/3656, time remaining: 42s
Rendered 2572/3656, time remaining: 42s
Rendered 2573/3656, time remaining: 41s
Rendered 2574/3656, time remaining: 41s
Rendered 2575/3656, time remaining: 41s
Rendered 2576/3656, time remaining: 42s
Rendered 2577/3656, time remaining: 42s
Rendered 2578/3656, time remaining: 42s
Rendered 2579/3656, time remaining: 41s
Rendered 2580/3656, time remaining: 41s
Rendered 2581/3656, time remaining: 41s
Rendered 2582/3656, time remaining: 41s
Rendered 2583/3656, time remaining: 41s
Rendered 2584/3656, time remaining: 42s
Rendered 2585/3656, time remaining: 41s
Rendered 2586/3656, time remaining: 41s
Rendered 2587/3656, time remaining: 41s
Rendered 2588/3656, time remaining: 41s
Rendered 2589/3656, time remaining: 41s
Rendered 2590/3656, time remaining: 41s
Rendered 2591/3656, time remaining: 41s
Rendered 2592/3656, time remaining: 40s
Rendered 2593/3656, time remaining: 40s
Rendered 2594/3656, time remaining: 40s
Rendered 2595/3656, time remaining: 40s
Rendered 2596/3656, time remaining: 40s
Rendered 2597/3656, time remaining: 40s
Rendered 2598/3656, time remaining: 40s
Rendered 2599/3656, time remaining: 39s
Rendered 2600/3656, time remaining: 39s
Rendered 2601/3656, time remaining: 39s
Rendered 2602/3656, time remaining: 39s
Rendered 2603/3656, time remaining: 39s
Rendered 2604/3656, time remaining: 39s
Rendered 2605/3656, time remaining: 39s
Rendered 2606/3656, time remaining: 39s
Rendered 2607/3656, time remaining: 39s
Rendered 2608/3656, time remaining: 39s
Rendered 2609/3656, time remaining: 39s
Rendered 2610/3656, time remaining: 38s
Rendered 2611/3656, time remaining: 38s
Rendered 2612/3656, time remaining: 39s
Rendered 2613/3656, time remaining: 38s
Rendered 2614/3656, time remaining: 38s
Rendered 2615/3656, time remaining: 38s
Rendered 2616/3656, time remaining: 38s
Rendered 2617/3656, time remaining: 38s
Rendered 2618/3656, time remaining: 38s
Rendered 2619/3656, time remaining: 38s
Rendered 2620/3656, time remaining: 38s
Rendered 2621/3656, time remaining: 38s
Rendered 2622/3656, time remaining: 38s
Rendered 2623/3656, time remaining: 37s
Rendered 2624/3656, time remaining: 37s
Rendered 2625/3656, time remaining: 38s
Rendered 2626/3656, time remaining: 38s
Rendered 2627/3656, time remaining: 38s
Rendered 2628/3656, time remaining: 38s
Rendered 2629/3656, time remaining: 37s
Rendered 2630/3656, time remaining: 37s
Rendered 2631/3656, time remaining: 38s
Rendered 2632/3656, time remaining: 37s
Rendered 2633/3656, time remaining: 37s
Rendered 2634/3656, time remaining: 37s
Rendered 2635/3656, time remaining: 37s
Rendered 2636/3656, time remaining: 37s
Rendered 2637/3656, time remaining: 38s
Rendered 2638/3656, time remaining: 37s
Rendered 2639/3656, time remaining: 37s
Rendered 2640/3656, time remaining: 37s
Rendered 2641/3656, time remaining: 37s
Rendered 2642/3656, time remaining: 37s
Rendered 2643/3656, time remaining: 37s
Rendered 2644/3656, time remaining: 37s
Rendered 2645/3656, time remaining: 36s
Rendered 2646/3656, time remaining: 36s
Rendered 2647/3656, time remaining: 37s
Rendered 2648/3656, time remaining: 37s
Rendered 2649/3656, time remaining: 37s
Rendered 2650/3656, time remaining: 36s
Rendered 2651/3656, time remaining: 36s
Rendered 2652/3656, time remaining: 36s
Rendered 2653/3656, time remaining: 37s
Rendered 2654/3656, time remaining: 37s
Rendered 2655/3656, time remaining: 37s
Rendered 2656/3656, time remaining: 36s
Rendered 2657/3656, time remaining: 37s
Rendered 2658/3656, time remaining: 36s
Rendered 2659/3656, time remaining: 36s
Rendered 2660/3656, time remaining: 36s
Rendered 2661/3656, time remaining: 36s
Rendered 2662/3656, time remaining: 36s
Rendered 2663/3656, time remaining: 37s
Rendered 2664/3656, time remaining: 37s
Rendered 2665/3656, time remaining: 36s
Rendered 2666/3656, time remaining: 36s
Rendered 2667/3656, time remaining: 36s
Rendered 2668/3656, time remaining: 36s
Rendered 2669/3656, time remaining: 36s
Rendered 2670/3656, time remaining: 36s
Rendered 2671/3656, time remaining: 36s
Rendered 2672/3656, time remaining: 36s
Rendered 2673/3656, time remaining: 36s
Rendered 2674/3656, time remaining: 36s
Rendered 2675/3656, time remaining: 36s
Rendered 2676/3656, time remaining: 36s
Rendered 2677/3656, time remaining: 35s
Rendered 2678/3656, time remaining: 35s
Rendered 2679/3656, time remaining: 36s
Rendered 2680/3656, time remaining: 36s
Rendered 2681/3656, time remaining: 36s
Rendered 2682/3656, time remaining: 36s
Rendered 2683/3656, time remaining: 35s
Rendered 2684/3656, time remaining: 35s
Rendered 2685/3656, time remaining: 35s
Rendered 2686/3656, time remaining: 35s
Rendered 2687/3656, time remaining: 35s
Rendered 2688/3656, time remaining: 35s
Rendered 2689/3656, time remaining: 35s
Rendered 2690/3656, time remaining: 35s
Rendered 2691/3656, time remaining: 35s
Rendered 2692/3656, time remaining: 35s
Rendered 2693/3656, time remaining: 35s
Rendered 2694/3656, time remaining: 35s
Rendered 2695/3656, time remaining: 35s
Rendered 2696/3656, time remaining: 35s
Rendered 2697/3656, time remaining: 35s
Rendered 2698/3656, time remaining: 35s
Rendered 2699/3656, time remaining: 35s
Rendered 2700/3656, time remaining: 35s
Rendered 2701/3656, time remaining: 35s
Rendered 2702/3656, time remaining: 34s
Rendered 2703/3656, time remaining: 34s
Rendered 2704/3656, time remaining: 34s
Rendered 2705/3656, time remaining: 34s
Rendered 2706/3656, time remaining: 34s
Rendered 2707/3656, time remaining: 34s
Rendered 2708/3656, time remaining: 34s
Rendered 2709/3656, time remaining: 34s
Rendered 2710/3656, time remaining: 34s
Rendered 2711/3656, time remaining: 34s
Rendered 2712/3656, time remaining: 34s
Rendered 2713/3656, time remaining: 34s
Rendered 2714/3656, time remaining: 34s
Rendered 2715/3656, time remaining: 34s
Rendered 2716/3656, time remaining: 34s
Rendered 2717/3656, time remaining: 34s
Rendered 2718/3656, time remaining: 34s
Rendered 2719/3656, time remaining: 34s
Rendered 2720/3656, time remaining: 34s
Rendered 2721/3656, time remaining: 34s
Rendered 2722/3656, time remaining: 34s
Rendered 2723/3656, time remaining: 34s
Rendered 2724/3656, time remaining: 34s
Rendered 2725/3656, time remaining: 34s
Rendered 2726/3656, time remaining: 34s
Rendered 2727/3656, time remaining: 34s
Rendered 2728/3656, time remaining: 34s
Rendered 2729/3656, time remaining: 34s
Rendered 2730/3656, time remaining: 34s
Rendered 2731/3656, time remaining: 34s
Rendered 2732/3656, time remaining: 34s
Rendered 2733/3656, time remaining: 34s
Rendered 2734/3656, time remaining: 33s
Rendered 2735/3656, time remaining: 33s
Rendered 2736/3656, time remaining: 33s
Rendered 2737/3656, time remaining: 34s
Rendered 2738/3656, time remaining: 34s
Rendered 2739/3656, time remaining: 34s
Rendered 2740/3656, time remaining: 34s
Rendered 2741/3656, time remaining: 33s
Rendered 2742/3656, time remaining: 33s
Rendered 2743/3656, time remaining: 33s
Rendered 2744/3656, time remaining: 33s
Rendered 2745/3656, time remaining: 33s
Rendered 2746/3656, time remaining: 33s
Rendered 2747/3656, time remaining: 32s
Rendered 2748/3656, time remaining: 32s
Rendered 2749/3656, time remaining: 32s
Rendered 2750/3656, time remaining: 32s
Rendered 2751/3656, time remaining: 32s
Rendered 2752/3656, time remaining: 32s
Rendered 2753/3656, time remaining: 31s
Rendered 2754/3656, time remaining: 31s
Rendered 2755/3656, time remaining: 31s
Rendered 2756/3656, time remaining: 31s
Rendered 2757/3656, time remaining: 31s
Rendered 2758/3656, time remaining: 31s
Rendered 2759/3656, time remaining: 31s
Rendered 2760/3656, time remaining: 31s
Rendered 2761/3656, time remaining: 31s
Rendered 2762/3656, time remaining: 31s
Rendered 2763/3656, time remaining: 31s
Rendered 2764/3656, time remaining: 30s
Rendered 2765/3656, time remaining: 30s
Rendered 2766/3656, time remaining: 30s
Rendered 2767/3656, time remaining: 30s
Rendered 2768/3656, time remaining: 31s
Rendered 2769/3656, time remaining: 31s
Rendered 2770/3656, time remaining: 30s
Rendered 2771/3656, time remaining: 30s
Rendered 2772/3656, time remaining: 30s
Rendered 2773/3656, time remaining: 30s
Rendered 2774/3656, time remaining: 31s
Rendered 2775/3656, time remaining: 30s
Rendered 2776/3656, time remaining: 30s
Rendered 2777/3656, time remaining: 30s
Rendered 2778/3656, time remaining: 30s
Rendered 2779/3656, time remaining: 30s
Rendered 2780/3656, time remaining: 31s
Rendered 2781/3656, time remaining: 30s
Rendered 2782/3656, time remaining: 30s
Rendered 2783/3656, time remaining: 30s
Rendered 2784/3656, time remaining: 30s
Rendered 2785/3656, time remaining: 30s
Rendered 2786/3656, time remaining: 30s
Rendered 2787/3656, time remaining: 30s
Rendered 2788/3656, time remaining: 30s
Rendered 2789/3656, time remaining: 30s
Rendered 2790/3656, time remaining: 30s
Rendered 2791/3656, time remaining: 30s
Rendered 2792/3656, time remaining: 30s
Rendered 2793/3656, time remaining: 30s
Rendered 2794/3656, time remaining: 30s
Rendered 2795/3656, time remaining: 30s
Rendered 2796/3656, time remaining: 30s
Rendered 2797/3656, time remaining: 29s
Rendered 2798/3656, time remaining: 29s
Rendered 2799/3656, time remaining: 30s
Rendered 2800/3656, time remaining: 30s
Rendered 2801/3656, time remaining: 30s
Rendered 2802/3656, time remaining: 30s
Rendered 2803/3656, time remaining: 29s
Rendered 2804/3656, time remaining: 29s
Rendered 2805/3656, time remaining: 29s
Rendered 2806/3656, time remaining: 30s
Rendered 2807/3656, time remaining: 29s
Rendered 2808/3656, time remaining: 30s
Rendered 2809/3656, time remaining: 29s
Rendered 2810/3656, time remaining: 29s
Rendered 2811/3656, time remaining: 29s
Rendered 2812/3656, time remaining: 29s
Rendered 2813/3656, time remaining: 29s
Rendered 2814/3656, time remaining: 29s
Rendered 2815/3656, time remaining: 29s
Rendered 2816/3656, time remaining: 29s
Rendered 2817/3656, time remaining: 29s
Rendered 2818/3656, time remaining: 29s
Rendered 2819/3656, time remaining: 28s
Rendered 2820/3656, time remaining: 29s
Rendered 2821/3656, time remaining: 28s
Rendered 2822/3656, time remaining: 29s
Rendered 2823/3656, time remaining: 28s
Rendered 2824/3656, time remaining: 28s
Rendered 2825/3656, time remaining: 28s
Rendered 2826/3656, time remaining: 28s
Rendered 2827/3656, time remaining: 28s
Rendered 2828/3656, time remaining: 28s
Rendered 2829/3656, time remaining: 28s
Rendered 2830/3656, time remaining: 28s
Rendered 2831/3656, time remaining: 28s
Rendered 2832/3656, time remaining: 28s
Rendered 2833/3656, time remaining: 28s
Rendered 2834/3656, time remaining: 29s
Rendered 2835/3656, time remaining: 28s
Rendered 2836/3656, time remaining: 28s
Rendered 2837/3656, time remaining: 28s
Rendered 2838/3656, time remaining: 28s
Rendered 2839/3656, time remaining: 28s
Rendered 2840/3656, time remaining: 28s
Rendered 2841/3656, time remaining: 27s
Rendered 2842/3656, time remaining: 27s
Rendered 2843/3656, time remaining: 27s
Rendered 2844/3656, time remaining: 28s
Rendered 2845/3656, time remaining: 28s
Rendered 2846/3656, time remaining: 28s
Rendered 2847/3656, time remaining: 27s
Rendered 2848/3656, time remaining: 27s
Rendered 2849/3656, time remaining: 27s
Rendered 2850/3656, time remaining: 28s
Rendered 2851/3656, time remaining: 28s
Rendered 2852/3656, time remaining: 28s
Rendered 2853/3656, time remaining: 27s
Rendered 2854/3656, time remaining: 27s
Rendered 2855/3656, time remaining: 27s
Rendered 2856/3656, time remaining: 27s
Rendered 2857/3656, time remaining: 27s
Rendered 2858/3656, time remaining: 28s
Rendered 2859/3656, time remaining: 27s
Rendered 2860/3656, time remaining: 27s
Rendered 2861/3656, time remaining: 27s
Rendered 2862/3656, time remaining: 27s
Rendered 2863/3656, time remaining: 27s
Rendered 2864/3656, time remaining: 27s
Rendered 2865/3656, time remaining: 27s
Rendered 2866/3656, time remaining: 27s
Rendered 2867/3656, time remaining: 27s
Rendered 2868/3656, time remaining: 27s
Rendered 2869/3656, time remaining: 26s
Rendered 2870/3656, time remaining: 27s
Rendered 2871/3656, time remaining: 27s
Rendered 2872/3656, time remaining: 27s
Rendered 2873/3656, time remaining: 27s
Rendered 2874/3656, time remaining: 27s
Rendered 2875/3656, time remaining: 27s
Rendered 2876/3656, time remaining: 26s
Rendered 2877/3656, time remaining: 26s
Rendered 2878/3656, time remaining: 26s
Rendered 2879/3656, time remaining: 26s
Rendered 2880/3656, time remaining: 26s
Rendered 2881/3656, time remaining: 27s
Rendered 2882/3656, time remaining: 26s
Rendered 2883/3656, time remaining: 26s
Rendered 2884/3656, time remaining: 26s
Rendered 2885/3656, time remaining: 26s
Rendered 2886/3656, time remaining: 26s
Rendered 2887/3656, time remaining: 26s
Rendered 2888/3656, time remaining: 26s
Rendered 2889/3656, time remaining: 26s
Rendered 2890/3656, time remaining: 26s
Rendered 2891/3656, time remaining: 26s
Rendered 2892/3656, time remaining: 26s
Rendered 2893/3656, time remaining: 26s
Rendered 2894/3656, time remaining: 26s
Rendered 2895/3656, time remaining: 26s
Rendered 2896/3656, time remaining: 27s
Rendered 2897/3656, time remaining: 27s
Rendered 2898/3656, time remaining: 27s
Rendered 2899/3656, time remaining: 26s
Rendered 2900/3656, time remaining: 26s
Rendered 2901/3656, time remaining: 26s
Rendered 2902/3656, time remaining: 26s
Rendered 2903/3656, time remaining: 27s
Rendered 2904/3656, time remaining: 27s
Rendered 2905/3656, time remaining: 27s
Rendered 2906/3656, time remaining: 27s
Rendered 2907/3656, time remaining: 27s
Rendered 2908/3656, time remaining: 27s
Rendered 2909/3656, time remaining: 27s
Rendered 2910/3656, time remaining: 27s
Rendered 2911/3656, time remaining: 27s
Rendered 2912/3656, time remaining: 27s
Rendered 2913/3656, time remaining: 27s
Rendered 2914/3656, time remaining: 27s
Rendered 2915/3656, time remaining: 27s
Rendered 2916/3656, time remaining: 27s
Rendered 2917/3656, time remaining: 27s
Rendered 2918/3656, time remaining: 27s
Rendered 2919/3656, time remaining: 27s
Rendered 2920/3656, time remaining: 27s
Rendered 2921/3656, time remaining: 27s
Rendered 2922/3656, time remaining: 27s
Rendered 2923/3656, time remaining: 27s
Rendered 2924/3656, time remaining: 27s
Rendered 2925/3656, time remaining: 27s
Rendered 2926/3656, time remaining: 27s
Rendered 2927/3656, time remaining: 27s
Rendered 2928/3656, time remaining: 27s
Rendered 2929/3656, time remaining: 27s
Rendered 2930/3656, time remaining: 27s
Rendered 2931/3656, time remaining: 27s
Rendered 2932/3656, time remaining: 27s
Rendered 2933/3656, time remaining: 27s
Rendered 2934/3656, time remaining: 27s
Rendered 2935/3656, time remaining: 27s
Rendered 2936/3656, time remaining: 26s
Rendered 2937/3656, time remaining: 26s
Rendered 2938/3656, time remaining: 26s
Rendered 2939/3656, time remaining: 27s
Rendered 2940/3656, time remaining: 27s
Rendered 2941/3656, time remaining: 27s
Rendered 2942/3656, time remaining: 26s
Rendered 2943/3656, time remaining: 26s
Rendered 2944/3656, time remaining: 27s
Rendered 2945/3656, time remaining: 27s
Rendered 2946/3656, time remaining: 27s
Rendered 2947/3656, time remaining: 27s
Rendered 2948/3656, time remaining: 27s
Rendered 2949/3656, time remaining: 27s
Rendered 2950/3656, time remaining: 26s
Rendered 2951/3656, time remaining: 26s
Rendered 2952/3656, time remaining: 27s
Rendered 2953/3656, time remaining: 27s
Rendered 2954/3656, time remaining: 27s
Rendered 2955/3656, time remaining: 27s
Rendered 2956/3656, time remaining: 27s
Rendered 2957/3656, time remaining: 26s
Rendered 2958/3656, time remaining: 27s
Rendered 2959/3656, time remaining: 26s
Rendered 2960/3656, time remaining: 26s
Rendered 2961/3656, time remaining: 26s
Rendered 2962/3656, time remaining: 27s
Rendered 2963/3656, time remaining: 27s
Rendered 2964/3656, time remaining: 26s
Rendered 2965/3656, time remaining: 26s
Rendered 2966/3656, time remaining: 26s
Rendered 2967/3656, time remaining: 26s
Rendered 2968/3656, time remaining: 26s
Rendered 2969/3656, time remaining: 27s
Rendered 2970/3656, time remaining: 26s
Rendered 2971/3656, time remaining: 26s
Rendered 2972/3656, time remaining: 27s
Rendered 2973/3656, time remaining: 26s
Rendered 2974/3656, time remaining: 26s
Rendered 2975/3656, time remaining: 26s
Rendered 2976/3656, time remaining: 26s
Rendered 2977/3656, time remaining: 26s
Rendered 2978/3656, time remaining: 26s
Rendered 2979/3656, time remaining: 26s
Rendered 2980/3656, time remaining: 26s
Rendered 2981/3656, time remaining: 26s
Rendered 2982/3656, time remaining: 26s
Rendered 2983/3656, time remaining: 26s
Rendered 2984/3656, time remaining: 26s
Rendered 2985/3656, time remaining: 26s
Rendered 2986/3656, time remaining: 26s
Rendered 2987/3656, time remaining: 26s
Rendered 2988/3656, time remaining: 26s
Rendered 2989/3656, time remaining: 26s
Rendered 2990/3656, time remaining: 26s
Rendered 2991/3656, time remaining: 26s
Rendered 2992/3656, time remaining: 26s
Rendered 2993/3656, time remaining: 26s
Rendered 2994/3656, time remaining: 26s
Rendered 2995/3656, time remaining: 26s
Rendered 2996/3656, time remaining: 26s
Rendered 2997/3656, time remaining: 26s
Rendered 2998/3656, time remaining: 26s
Rendered 2999/3656, time remaining: 26s
Rendered 3000/3656, time remaining: 26s
Rendered 3001/3656, time remaining: 26s
Rendered 3002/3656, time remaining: 26s
Rendered 3003/3656, time remaining: 26s
Rendered 3004/3656, time remaining: 26s
Rendered 3005/3656, time remaining: 26s
Rendered 3006/3656, time remaining: 26s
Rendered 3007/3656, time remaining: 26s
Rendered 3008/3656, time remaining: 26s
Rendered 3009/3656, time remaining: 26s
Rendered 3010/3656, time remaining: 26s
Rendered 3011/3656, time remaining: 26s
Rendered 3012/3656, time remaining: 26s
Rendered 3013/3656, time remaining: 26s
Rendered 3014/3656, time remaining: 25s
Rendered 3015/3656, time remaining: 25s
Rendered 3016/3656, time remaining: 25s
Rendered 3017/3656, time remaining: 26s
Rendered 3018/3656, time remaining: 25s
Rendered 3019/3656, time remaining: 26s
Rendered 3020/3656, time remaining: 25s
Rendered 3021/3656, time remaining: 25s
Rendered 3022/3656, time remaining: 25s
Rendered 3023/3656, time remaining: 25s
Rendered 3024/3656, time remaining: 25s
Rendered 3025/3656, time remaining: 26s
Rendered 3026/3656, time remaining: 25s
Rendered 3027/3656, time remaining: 25s
Rendered 3028/3656, time remaining: 25s
Rendered 3029/3656, time remaining: 25s
Rendered 3030/3656, time remaining: 25s
Rendered 3031/3656, time remaining: 25s
Rendered 3032/3656, time remaining: 25s
Rendered 3033/3656, time remaining: 25s
Rendered 3034/3656, time remaining: 25s
Rendered 3035/3656, time remaining: 25s
Rendered 3036/3656, time remaining: 25s
Rendered 3037/3656, time remaining: 25s
Rendered 3038/3656, time remaining: 25s
Rendered 3039/3656, time remaining: 25s
Rendered 3040/3656, time remaining: 25s
Rendered 3041/3656, time remaining: 25s
Rendered 3042/3656, time remaining: 24s
Rendered 3043/3656, time remaining: 25s
Rendered 3044/3656, time remaining: 25s
Rendered 3045/3656, time remaining: 25s
Rendered 3046/3656, time remaining: 24s
Rendered 3047/3656, time remaining: 24s
Rendered 3048/3656, time remaining: 24s
Rendered 3049/3656, time remaining: 24s
Rendered 3050/3656, time remaining: 24s
Rendered 3051/3656, time remaining: 25s
Rendered 3052/3656, time remaining: 25s
Rendered 3053/3656, time remaining: 24s
Rendered 3054/3656, time remaining: 24s
Rendered 3055/3656, time remaining: 24s
Rendered 3056/3656, time remaining: 24s
Rendered 3057/3656, time remaining: 24s
Rendered 3058/3656, time remaining: 24s
Rendered 3059/3656, time remaining: 24s
Rendered 3060/3656, time remaining: 24s
Rendered 3061/3656, time remaining: 24s
Rendered 3062/3656, time remaining: 23s
Rendered 3063/3656, time remaining: 24s
Rendered 3064/3656, time remaining: 24s
Rendered 3065/3656, time remaining: 24s
Rendered 3066/3656, time remaining: 24s
Rendered 3067/3656, time remaining: 24s
Rendered 3068/3656, time remaining: 23s
Rendered 3069/3656, time remaining: 24s
Rendered 3070/3656, time remaining: 24s
Rendered 3071/3656, time remaining: 24s
Rendered 3072/3656, time remaining: 24s
Rendered 3073/3656, time remaining: 24s
Rendered 3074/3656, time remaining: 24s
Rendered 3075/3656, time remaining: 23s
Rendered 3076/3656, time remaining: 23s
Rendered 3077/3656, time remaining: 24s
Rendered 3078/3656, time remaining: 24s
Rendered 3079/3656, time remaining: 24s
Rendered 3080/3656, time remaining: 23s
Rendered 3081/3656, time remaining: 23s
Rendered 3082/3656, time remaining: 23s
Rendered 3083/3656, time remaining: 23s
Rendered 3084/3656, time remaining: 23s
Rendered 3085/3656, time remaining: 23s
Rendered 3086/3656, time remaining: 23s
Rendered 3087/3656, time remaining: 23s
Rendered 3088/3656, time remaining: 23s
Rendered 3089/3656, time remaining: 23s
Rendered 3090/3656, time remaining: 23s
Rendered 3091/3656, time remaining: 23s
Rendered 3092/3656, time remaining: 23s
Rendered 3093/3656, time remaining: 24s
Rendered 3094/3656, time remaining: 24s
Rendered 3095/3656, time remaining: 23s
Rendered 3096/3656, time remaining: 23s
Rendered 3097/3656, time remaining: 23s
Rendered 3098/3656, time remaining: 23s
Rendered 3099/3656, time remaining: 23s
Rendered 3100/3656, time remaining: 23s
Rendered 3101/3656, time remaining: 23s
Rendered 3102/3656, time remaining: 23s
Rendered 3103/3656, time remaining: 23s
Rendered 3104/3656, time remaining: 23s
Rendered 3105/3656, time remaining: 23s
Rendered 3106/3656, time remaining: 23s
Rendered 3107/3656, time remaining: 23s
Rendered 3108/3656, time remaining: 23s
Rendered 3109/3656, time remaining: 23s
Rendered 3110/3656, time remaining: 23s
Rendered 3111/3656, time remaining: 24s
Rendered 3112/3656, time remaining: 23s
Rendered 3113/3656, time remaining: 23s
Rendered 3114/3656, time remaining: 23s
Rendered 3115/3656, time remaining: 23s
Rendered 3116/3656, time remaining: 23s
Rendered 3117/3656, time remaining: 24s
Rendered 3118/3656, time remaining: 24s
Rendered 3119/3656, time remaining: 24s
Rendered 3120/3656, time remaining: 24s
Rendered 3121/3656, time remaining: 24s
Rendered 3122/3656, time remaining: 23s
Rendered 3123/3656, time remaining: 23s
Rendered 3124/3656, time remaining: 23s
Rendered 3125/3656, time remaining: 24s
Rendered 3126/3656, time remaining: 24s
Rendered 3127/3656, time remaining: 24s
Rendered 3128/3656, time remaining: 24s
Rendered 3129/3656, time remaining: 24s
Rendered 3130/3656, time remaining: 24s
Rendered 3131/3656, time remaining: 24s
Rendered 3132/3656, time remaining: 24s
Rendered 3133/3656, time remaining: 24s
Rendered 3134/3656, time remaining: 24s
Rendered 3135/3656, time remaining: 23s
Rendered 3136/3656, time remaining: 24s
Rendered 3137/3656, time remaining: 24s
Rendered 3138/3656, time remaining: 24s
Rendered 3139/3656, time remaining: 24s
Rendered 3140/3656, time remaining: 23s
Rendered 3141/3656, time remaining: 23s
Rendered 3142/3656, time remaining: 23s
Rendered 3143/3656, time remaining: 23s
Rendered 3144/3656, time remaining: 23s
Rendered 3145/3656, time remaining: 23s
Rendered 3146/3656, time remaining: 23s
Rendered 3147/3656, time remaining: 23s
Rendered 3148/3656, time remaining: 23s
Rendered 3149/3656, time remaining: 23s
Rendered 3150/3656, time remaining: 23s
Rendered 3151/3656, time remaining: 23s
Rendered 3152/3656, time remaining: 22s
Rendered 3153/3656, time remaining: 23s
Rendered 3154/3656, time remaining: 23s
Rendered 3155/3656, time remaining: 23s
Rendered 3156/3656, time remaining: 23s
Rendered 3157/3656, time remaining: 23s
Rendered 3158/3656, time remaining: 23s
Rendered 3159/3656, time remaining: 23s
Rendered 3160/3656, time remaining: 23s
Rendered 3161/3656, time remaining: 23s
Rendered 3162/3656, time remaining: 23s
Rendered 3163/3656, time remaining: 23s
Rendered 3164/3656, time remaining: 23s
Rendered 3165/3656, time remaining: 23s
Rendered 3166/3656, time remaining: 23s
Rendered 3167/3656, time remaining: 23s
Rendered 3168/3656, time remaining: 23s
Rendered 3169/3656, time remaining: 23s
Rendered 3170/3656, time remaining: 23s
Rendered 3171/3656, time remaining: 23s
Rendered 3172/3656, time remaining: 23s
Rendered 3173/3656, time remaining: 23s
Rendered 3174/3656, time remaining: 23s
Rendered 3175/3656, time remaining: 22s
Rendered 3176/3656, time remaining: 22s
Rendered 3177/3656, time remaining: 22s
Rendered 3178/3656, time remaining: 22s
Rendered 3179/3656, time remaining: 23s
Rendered 3180/3656, time remaining: 22s
Rendered 3181/3656, time remaining: 22s
Rendered 3182/3656, time remaining: 22s
Rendered 3183/3656, time remaining: 22s
Rendered 3184/3656, time remaining: 22s
Rendered 3185/3656, time remaining: 22s
Rendered 3186/3656, time remaining: 22s
Rendered 3187/3656, time remaining: 22s
Rendered 3188/3656, time remaining: 22s
Rendered 3189/3656, time remaining: 22s
Rendered 3190/3656, time remaining: 22s
Rendered 3191/3656, time remaining: 22s
Rendered 3192/3656, time remaining: 22s
Rendered 3193/3656, time remaining: 22s
Rendered 3194/3656, time remaining: 22s
Rendered 3195/3656, time remaining: 22s
Rendered 3196/3656, time remaining: 22s
Rendered 3197/3656, time remaining: 22s
Rendered 3198/3656, time remaining: 22s
Rendered 3199/3656, time remaining: 22s
Rendered 3200/3656, time remaining: 22s
Rendered 3201/3656, time remaining: 21s
Rendered 3202/3656, time remaining: 21s
Rendered 3203/3656, time remaining: 21s
Rendered 3204/3656, time remaining: 21s
Rendered 3205/3656, time remaining: 21s
Rendered 3206/3656, time remaining: 21s
Rendered 3207/3656, time remaining: 21s
Rendered 3208/3656, time remaining: 21s
Rendered 3209/3656, time remaining: 21s
Rendered 3210/3656, time remaining: 21s
Rendered 3211/3656, time remaining: 21s
Rendered 3212/3656, time remaining: 21s
Rendered 3213/3656, time remaining: 21s
Rendered 3214/3656, time remaining: 20s
Rendered 3215/3656, time remaining: 20s
Rendered 3216/3656, time remaining: 20s
Rendered 3217/3656, time remaining: 21s
Rendered 3218/3656, time remaining: 21s
Rendered 3219/3656, time remaining: 20s
Rendered 3220/3656, time remaining: 20s
Rendered 3221/3656, time remaining: 20s
Rendered 3222/3656, time remaining: 20s
Rendered 3223/3656, time remaining: 20s
Rendered 3224/3656, time remaining: 20s
Rendered 3225/3656, time remaining: 20s
Rendered 3226/3656, time remaining: 20s
Rendered 3227/3656, time remaining: 20s
Rendered 3228/3656, time remaining: 20s
Rendered 3229/3656, time remaining: 20s
Rendered 3230/3656, time remaining: 20s
Rendered 3231/3656, time remaining: 20s
Rendered 3232/3656, time remaining: 20s
Rendered 3233/3656, time remaining: 20s
Rendered 3234/3656, time remaining: 20s
Rendered 3235/3656, time remaining: 20s
Rendered 3236/3656, time remaining: 19s
Rendered 3237/3656, time remaining: 19s
Rendered 3238/3656, time remaining: 19s
Rendered 3239/3656, time remaining: 19s
Rendered 3240/3656, time remaining: 19s
Rendered 3241/3656, time remaining: 19s
Rendered 3242/3656, time remaining: 19s
Rendered 3243/3656, time remaining: 19s
Rendered 3244/3656, time remaining: 18s
Rendered 3245/3656, time remaining: 18s
Rendered 3246/3656, time remaining: 18s
Rendered 3247/3656, time remaining: 19s
Rendered 3248/3656, time remaining: 18s
Rendered 3249/3656, time remaining: 18s
Rendered 3250/3656, time remaining: 18s
Rendered 3251/3656, time remaining: 18s
Rendered 3252/3656, time remaining: 18s
Rendered 3253/3656, time remaining: 18s
Rendered 3254/3656, time remaining: 18s
Rendered 3255/3656, time remaining: 18s
Rendered 3256/3656, time remaining: 18s
Rendered 3257/3656, time remaining: 18s
Rendered 3258/3656, time remaining: 18s
Rendered 3259/3656, time remaining: 18s
Rendered 3260/3656, time remaining: 18s
Rendered 3261/3656, time remaining: 17s
Rendered 3262/3656, time remaining: 17s
Rendered 3263/3656, time remaining: 17s
Rendered 3264/3656, time remaining: 17s
Rendered 3265/3656, time remaining: 17s
Rendered 3266/3656, time remaining: 17s
Rendered 3267/3656, time remaining: 16s
Rendered 3268/3656, time remaining: 16s
Rendered 3269/3656, time remaining: 16s
Rendered 3270/3656, time remaining: 16s
Rendered 3271/3656, time remaining: 16s
Rendered 3272/3656, time remaining: 16s
Rendered 3273/3656, time remaining: 16s
Rendered 3274/3656, time remaining: 16s
Rendered 3275/3656, time remaining: 16s
Rendered 3276/3656, time remaining: 15s
Rendered 3277/3656, time remaining: 15s
Rendered 3278/3656, time remaining: 16s
Rendered 3279/3656, time remaining: 15s
Rendered 3280/3656, time remaining: 15s
Rendered 3281/3656, time remaining: 15s
Rendered 3282/3656, time remaining: 15s
Rendered 3283/3656, time remaining: 15s
Rendered 3284/3656, time remaining: 15s
Rendered 3285/3656, time remaining: 15s
Rendered 3286/3656, time remaining: 15s
Rendered 3287/3656, time remaining: 15s
Rendered 3288/3656, time remaining: 15s
Rendered 3289/3656, time remaining: 15s
Rendered 3290/3656, time remaining: 15s
Rendered 3291/3656, time remaining: 15s
Rendered 3292/3656, time remaining: 15s
Rendered 3293/3656, time remaining: 15s
Rendered 3294/3656, time remaining: 15s
Rendered 3295/3656, time remaining: 15s
Rendered 3296/3656, time remaining: 14s
Rendered 3297/3656, time remaining: 14s
Rendered 3298/3656, time remaining: 14s
Rendered 3299/3656, time remaining: 14s
Rendered 3300/3656, time remaining: 14s
Rendered 3301/3656, time remaining: 14s
Rendered 3302/3656, time remaining: 14s
Rendered 3303/3656, time remaining: 14s
Rendered 3304/3656, time remaining: 14s
Rendered 3305/3656, time remaining: 14s
Rendered 3306/3656, time remaining: 14s
Rendered 3307/3656, time remaining: 13s
Rendered 3308/3656, time remaining: 14s
Rendered 3309/3656, time remaining: 14s
Rendered 3310/3656, time remaining: 14s
Rendered 3311/3656, time remaining: 13s
Rendered 3312/3656, time remaining: 13s
Rendered 3313/3656, time remaining: 13s
Rendered 3314/3656, time remaining: 13s
Rendered 3315/3656, time remaining: 13s
Rendered 3316/3656, time remaining: 13s
Rendered 3317/3656, time remaining: 13s
Rendered 3318/3656, time remaining: 13s
Rendered 3319/3656, time remaining: 13s
Rendered 3320/3656, time remaining: 13s
Rendered 3321/3656, time remaining: 13s
Rendered 3322/3656, time remaining: 13s
Rendered 3323/3656, time remaining: 13s
Rendered 3324/3656, time remaining: 13s
Rendered 3325/3656, time remaining: 12s
Rendered 3326/3656, time remaining: 12s
Rendered 3327/3656, time remaining: 13s
Rendered 3328/3656, time remaining: 12s
Rendered 3329/3656, time remaining: 12s
Rendered 3330/3656, time remaining: 12s
Rendered 3331/3656, time remaining: 12s
Rendered 3332/3656, time remaining: 12s
Rendered 3333/3656, time remaining: 12s
Rendered 3334/3656, time remaining: 12s
Rendered 3335/3656, time remaining: 12s
Rendered 3336/3656, time remaining: 12s
Rendered 3337/3656, time remaining: 12s
Rendered 3338/3656, time remaining: 12s
Rendered 3339/3656, time remaining: 12s
Rendered 3340/3656, time remaining: 12s
Rendered 3341/3656, time remaining: 12s
Rendered 3342/3656, time remaining: 12s
Rendered 3343/3656, time remaining: 12s
Rendered 3344/3656, time remaining: 12s
Rendered 3345/3656, time remaining: 12s
Rendered 3346/3656, time remaining: 12s
Rendered 3347/3656, time remaining: 12s
Rendered 3348/3656, time remaining: 12s
Rendered 3349/3656, time remaining: 12s
Rendered 3350/3656, time remaining: 12s
Rendered 3351/3656, time remaining: 12s
Rendered 3352/3656, time remaining: 12s
Rendered 3353/3656, time remaining: 12s
Rendered 3354/3656, time remaining: 11s
Rendered 3355/3656, time remaining: 11s
Rendered 3356/3656, time remaining: 11s
Rendered 3357/3656, time remaining: 11s
Rendered 3358/3656, time remaining: 11s
Rendered 3359/3656, time remaining: 11s
Rendered 3360/3656, time remaining: 11s
Rendered 3361/3656, time remaining: 11s
Rendered 3362/3656, time remaining: 11s
Rendered 3363/3656, time remaining: 11s
Rendered 3364/3656, time remaining: 11s
Rendered 3365/3656, time remaining: 11s
Rendered 3366/3656, time remaining: 11s
Rendered 3367/3656, time remaining: 11s
Rendered 3368/3656, time remaining: 11s
Rendered 3369/3656, time remaining: 11s
Rendered 3370/3656, time remaining: 11s
Rendered 3371/3656, time remaining: 11s
Rendered 3372/3656, time remaining: 11s
Rendered 3373/3656, time remaining: 11s
Rendered 3374/3656, time remaining: 11s
Rendered 3375/3656, time remaining: 11s
Rendered 3376/3656, time remaining: 11s
Rendered 3377/3656, time remaining: 11s
Rendered 3378/3656, time remaining: 11s
Rendered 3379/3656, time remaining: 11s
Rendered 3380/3656, time remaining: 11s
Rendered 3381/3656, time remaining: 11s
Rendered 3382/3656, time remaining: 11s
Rendered 3383/3656, time remaining: 10s
Rendered 3384/3656, time remaining: 10s
Rendered 3385/3656, time remaining: 10s
Rendered 3386/3656, time remaining: 10s
Rendered 3387/3656, time remaining: 10s
Rendered 3388/3656, time remaining: 10s
Rendered 3389/3656, time remaining: 10s
Rendered 3390/3656, time remaining: 10s
Rendered 3391/3656, time remaining: 10s
Rendered 3392/3656, time remaining: 10s
Rendered 3393/3656, time remaining: 10s
Rendered 3394/3656, time remaining: 10s
Rendered 3395/3656, time remaining: 10s
Rendered 3396/3656, time remaining: 10s
Rendered 3397/3656, time remaining: 10s
Rendered 3398/3656, time remaining: 10s
Rendered 3399/3656, time remaining: 10s
Rendered 3400/3656, time remaining: 10s
Rendered 3401/3656, time remaining: 10s
Rendered 3402/3656, time remaining: 10s
Rendered 3403/3656, time remaining: 9s
Rendered 3404/3656, time remaining: 10s
Rendered 3405/3656, time remaining: 9s
Rendered 3406/3656, time remaining: 9s
Rendered 3407/3656, time remaining: 10s
Rendered 3408/3656, time remaining: 10s
Rendered 3409/3656, time remaining: 9s
Rendered 3410/3656, time remaining: 9s
Rendered 3411/3656, time remaining: 9s
Rendered 3412/3656, time remaining: 9s
Rendered 3413/3656, time remaining: 9s
Rendered 3414/3656, time remaining: 9s
Rendered 3415/3656, time remaining: 9s
Rendered 3416/3656, time remaining: 9s
Rendered 3417/3656, time remaining: 9s
Rendered 3418/3656, time remaining: 9s
Rendered 3419/3656, time remaining: 9s
Rendered 3420/3656, time remaining: 9s
Rendered 3421/3656, time remaining: 9s
Rendered 3422/3656, time remaining: 9s
Rendered 3423/3656, time remaining: 9s
Rendered 3424/3656, time remaining: 9s
Rendered 3425/3656, time remaining: 9s
Rendered 3426/3656, time remaining: 9s
Rendered 3427/3656, time remaining: 9s
Rendered 3428/3656, time remaining: 9s
Rendered 3429/3656, time remaining: 9s
Rendered 3430/3656, time remaining: 9s
Rendered 3431/3656, time remaining: 9s
Rendered 3432/3656, time remaining: 9s
Rendered 3433/3656, time remaining: 9s
Rendered 3434/3656, time remaining: 9s
Rendered 3435/3656, time remaining: 9s
Rendered 3436/3656, time remaining: 8s
Rendered 3437/3656, time remaining: 9s
Rendered 3438/3656, time remaining: 9s
Rendered 3439/3656, time remaining: 8s
Rendered 3440/3656, time remaining: 8s
Rendered 3441/3656, time remaining: 8s
Rendered 3442/3656, time remaining: 8s
Rendered 3443/3656, time remaining: 8s
Rendered 3444/3656, time remaining: 8s
Rendered 3445/3656, time remaining: 8s
Rendered 3446/3656, time remaining: 8s
Rendered 3447/3656, time remaining: 8s
Rendered 3448/3656, time remaining: 8s
Rendered 3449/3656, time remaining: 8s
Rendered 3450/3656, time remaining: 8s
Rendered 3451/3656, time remaining: 8s
Rendered 3452/3656, time remaining: 8s
Rendered 3453/3656, time remaining: 8s
Rendered 3454/3656, time remaining: 8s
Rendered 3455/3656, time remaining: 8s
Rendered 3456/3656, time remaining: 8s
Rendered 3457/3656, time remaining: 8s
Rendered 3458/3656, time remaining: 8s
Rendered 3459/3656, time remaining: 8s
Rendered 3460/3656, time remaining: 8s
Rendered 3461/3656, time remaining: 8s
Rendered 3462/3656, time remaining: 8s
Rendered 3463/3656, time remaining: 8s
Rendered 3464/3656, time remaining: 8s
Rendered 3465/3656, time remaining: 7s
Rendered 3466/3656, time remaining: 7s
Rendered 3467/3656, time remaining: 7s
Rendered 3468/3656, time remaining: 7s
Rendered 3469/3656, time remaining: 7s
Rendered 3470/3656, time remaining: 7s
Rendered 3471/3656, time remaining: 7s
Rendered 3472/3656, time remaining: 7s
Rendered 3473/3656, time remaining: 7s
Rendered 3474/3656, time remaining: 7s
Rendered 3475/3656, time remaining: 7s
Rendered 3476/3656, time remaining: 7s
Rendered 3477/3656, time remaining: 7s
Rendered 3478/3656, time remaining: 7s
Rendered 3479/3656, time remaining: 7s
Rendered 3480/3656, time remaining: 7s
Rendered 3481/3656, time remaining: 7s
Rendered 3482/3656, time remaining: 7s
Rendered 3483/3656, time remaining: 7s
Rendered 3484/3656, time remaining: 7s
Rendered 3485/3656, time remaining: 7s
Rendered 3486/3656, time remaining: 7s
Rendered 3487/3656, time remaining: 7s
Rendered 3488/3656, time remaining: 7s
Rendered 3489/3656, time remaining: 6s
Rendered 3490/3656, time remaining: 6s
Rendered 3491/3656, time remaining: 6s
Rendered 3492/3656, time remaining: 6s
Rendered 3493/3656, time remaining: 6s
Rendered 3494/3656, time remaining: 6s
Rendered 3495/3656, time remaining: 6s
Rendered 3496/3656, time remaining: 6s
Rendered 3497/3656, time remaining: 6s
Rendered 3498/3656, time remaining: 6s
Rendered 3499/3656, time remaining: 6s
Rendered 3500/3656, time remaining: 6s
Rendered 3501/3656, time remaining: 6s
Rendered 3502/3656, time remaining: 6s
Rendered 3503/3656, time remaining: 6s
Rendered 3504/3656, time remaining: 6s
Rendered 3505/3656, time remaining: 6s
Rendered 3506/3656, time remaining: 6s
Rendered 3507/3656, time remaining: 6s
Rendered 3508/3656, time remaining: 6s
Rendered 3509/3656, time remaining: 5s
Rendered 3510/3656, time remaining: 5s
Rendered 3511/3656, time remaining: 5s
Rendered 3512/3656, time remaining: 5s
Rendered 3513/3656, time remaining: 5s
Rendered 3514/3656, time remaining: 6s
Rendered 3515/3656, time remaining: 5s
Rendered 3516/3656, time remaining: 5s
Rendered 3517/3656, time remaining: 5s
Rendered 3518/3656, time remaining: 5s
Rendered 3519/3656, time remaining: 5s
Rendered 3520/3656, time remaining: 5s
Rendered 3521/3656, time remaining: 5s
Rendered 3522/3656, time remaining: 5s
Rendered 3523/3656, time remaining: 5s
Rendered 3524/3656, time remaining: 5s
Rendered 3525/3656, time remaining: 5s
Rendered 3526/3656, time remaining: 5s
Rendered 3527/3656, time remaining: 5s
Rendered 3528/3656, time remaining: 5s
Rendered 3529/3656, time remaining: 5s
Rendered 3530/3656, time remaining: 5s
Rendered 3531/3656, time remaining: 5s
Rendered 3532/3656, time remaining: 5s
Rendered 3533/3656, time remaining: 5s
Rendered 3534/3656, time remaining: 5s
Rendered 3535/3656, time remaining: 5s
Rendered 3536/3656, time remaining: 5s
Rendered 3537/3656, time remaining: 5s
Rendered 3538/3656, time remaining: 5s
Rendered 3539/3656, time remaining: 5s
Rendered 3540/3656, time remaining: 5s
Rendered 3541/3656, time remaining: 5s
Rendered 3542/3656, time remaining: 5s
Rendered 3543/3656, time remaining: 4s
Rendered 3544/3656, time remaining: 4s
Rendered 3545/3656, time remaining: 4s
Rendered 3546/3656, time remaining: 4s
Rendered 3547/3656, time remaining: 4s
Rendered 3548/3656, time remaining: 4s
Rendered 3549/3656, time remaining: 4s
Rendered 3550/3656, time remaining: 4s
Rendered 3551/3656, time remaining: 4s
Rendered 3552/3656, time remaining: 4s
Rendered 3553/3656, time remaining: 4s
Rendered 3554/3656, time remaining: 4s
Rendered 3555/3656, time remaining: 4s
Rendered 3556/3656, time remaining: 4s
Rendered 3557/3656, time remaining: 4s
Rendered 3558/3656, time remaining: 4s
Rendered 3559/3656, time remaining: 4s
Rendered 3560/3656, time remaining: 4s
Rendered 3561/3656, time remaining: 4s
Rendered 3562/3656, time remaining: 4s
Rendered 3563/3656, time remaining: 4s
Rendered 3564/3656, time remaining: 4s
Rendered 3565/3656, time remaining: 4s
Rendered 3566/3656, time remaining: 3s
Rendered 3567/3656, time remaining: 3s
Rendered 3568/3656, time remaining: 3s
Rendered 3569/3656, time remaining: 3s
Rendered 3570/3656, time remaining: 3s
Rendered 3571/3656, time remaining: 3s
Rendered 3572/3656, time remaining: 3s
Rendered 3573/3656, time remaining: 3s
Rendered 3574/3656, time remaining: 3s
Rendered 3575/3656, time remaining: 3s
Rendered 3576/3656, time remaining: 3s
Rendered 3577/3656, time remaining: 3s
Rendered 3578/3656, time remaining: 3s
Rendered 3579/3656, time remaining: 3s
Rendered 3580/3656, time remaining: 3s
Rendered 3581/3656, time remaining: 3s
Rendered 3582/3656, time remaining: 3s
Rendered 3583/3656, time remaining: 3s
Rendered 3584/3656, time remaining: 3s
Rendered 3585/3656, time remaining: 3s
Rendered 3586/3656, time remaining: 3s
Rendered 3587/3656, time remaining: 2s
Rendered 3588/3656, time remaining: 2s
Rendered 3589/3656, time remaining: 2s
Rendered 3590/3656, time remaining: 2s
Rendered 3591/3656, time remaining: 2s
Rendered 3592/3656, time remaining: 2s
Rendered 3593/3656, time remaining: 2s
Rendered 3594/3656, time remaining: 2s
Rendered 3595/3656, time remaining: 2s
Rendered 3596/3656, time remaining: 2s
Rendered 3597/3656, time remaining: 2s
Rendered 3598/3656, time remaining: 2s
Rendered 3599/3656, time remaining: 2s
Rendered 3600/3656, time remaining: 2s
Rendered 3601/3656, time remaining: 2s
Rendered 3602/3656, time remaining: 2s
Rendered 3603/3656, time remaining: 2s
Rendered 3604/3656, time remaining: 2s
Rendered 3605/3656, time remaining: 2s
Rendered 3606/3656, time remaining: 2s
Rendered 3607/3656, time remaining: 2s
Rendered 3608/3656, time remaining: 2s
Rendered 3609/3656, time remaining: 2s
Rendered 3610/3656, time remaining: 2s
Rendered 3611/3656, time remaining: 1s
Rendered 3612/3656, time remaining: 1s
Rendered 3613/3656, time remaining: 1s
Rendered 3614/3656, time remaining: 1s
Rendered 3615/3656, time remaining: 1s
Rendered 3616/3656, time remaining: 1s
Rendered 3617/3656, time remaining: 1s
Rendered 3618/3656, time remaining: 1s
Rendered 3619/3656, time remaining: 1s
Rendered 3620/3656, time remaining: 1s
Rendered 3621/3656, time remaining: 1s
Rendered 3622/3656, time remaining: 1s
Rendered 3623/3656, time remaining: 1s
Rendered 3624/3656, time remaining: 1s
Rendered 3625/3656, time remaining: 1s
Rendered 3626/3656, time remaining: 1s
Rendered 3627/3656, time remaining: 1s
Rendered 3628/3656, time remaining: 1s
Rendered 3629/3656, time remaining: 1s
Rendered 3630/3656, time remaining: 1s
Rendered 3631/3656, time remaining: 1s
Rendered 3632/3656, time remaining: 1s
Rendered 3633/3656, time remaining: 0s
Rendered 3634/3656, time remaining: 0s
Rendered 3635/3656, time remaining: 0s
Rendered 3636/3656, time remaining: 0s
Rendered 3637/3656, time remaining: 0s
Rendered 3638/3656, time remaining: 0s
Rendered 3639/3656, time remaining: 0s
Rendered 3640/3656, time remaining: 0s
Rendered 3641/3656, time remaining: 0s
Rendered 3642/3656, time remaining: 0s
Rendered 3643/3656, time remaining: 0s
Rendered 3644/3656, time remaining: 0s
Rendered 3645/3656, time remaining: 0s
Rendered 3646/3656, time remaining: 0s
Rendered 3647/3656, time remaining: 0s
Rendered 3648/3656, time remaining: 0s
Rendered 3649/3656, time remaining: 0s
Rendered 3650/3656, time remaining: 0s
Rendered 3651/3656, time remaining: 0s
Rendered 3652/3656, time remaining: 0s
Rendered 3653/3656, time remaining: 0s
Rendered 3654/3656, time remaining: 0s
Rendered 3655/3656, time remaining: 0s
Rendered 3656/3656
Encoded 49/3656
Encoded 119/3656
Encoded 189/3656
Encoded 277/3656
Encoded 359/3656
Encoded 450/3656
Encoded 526/3656
Encoded 612/3656
Encoded 697/3656
Encoded 786/3656
Encoded 889/3656
Encoded 973/3656
Encoded 1079/3656
Encoded 1173/3656
Encoded 1279/3656
Encoded 1387/3656
Encoded 1491/3656
Encoded 1596/3656
Encoded 1692/3656
Encoded 1782/3656
Encoded 1881/3656
Encoded 1972/3656
Encoded 2076/3656
Encoded 2176/3656
Encoded 2278/3656
Encoded 2377/3656
Encoded 2488/3656
Encoded 2578/3656
Encoded 2687/3656
Encoded 2781/3656
Encoded 2873/3656
Encoded 2958/3656
Encoded 3051/3656
Encoded 3151/3656
Encoded 3257/3656
Encoded 3367/3656
Encoded 3477/3656
Encoded 3575/3656
Encoded 3656/3656
+                    ../projects/import-china-india-te/renders/ch27.mp4 15.9 MB
Bundling 6%
Bundling 16%
Bundling 63%
Bundling 69%
Bundling 74%
Bundling 80%
Bundling 85%
Bundling 90%
Bundling 95%
Bundling 100%
Getting composition
Composition          Explainer
Codec                h264
Output               ../projects/import-china-india-te/renders/ch28.mp4
Concurrency          6x
Rendered 0/3764
Rendered 1/3764, time remaining: 45m 28s
Rendered 2/3764, time remaining: 22m 47s
Rendered 3/3764, time remaining: 15m 11s
Rendered 4/3764, time remaining: 11m 24s
Rendered 5/3764, time remaining: 9m 14s
Rendered 6/3764, time remaining: 7m 59s
Rendered 7/3764, time remaining: 8m 13s
Rendered 8/3764, time remaining: 7m 20s
Rendered 9/3764, time remaining: 6m 43s
Rendered 10/3764, time remaining: 6m 7s
Rendered 11/3764, time remaining: 5m 34s
Rendered 12/3764, time remaining: 5m 10s
Rendered 13/3764, time remaining: 5m 5s
Rendered 14/3764, time remaining: 5m 3s
Rendered 15/3764, time remaining: 4m 46s
Rendered 16/3764, time remaining: 4m 37s
Rendered 17/3764, time remaining: 4m 22s
Rendered 18/3764, time remaining: 4m 11s
Rendered 19/3764, time remaining: 4m 27s
Rendered 20/3764, time remaining: 4m 15s
Rendered 21/3764, time remaining: 4m 5s
Rendered 22/3764, time remaining: 3m 56s
Rendered 23/3764, time remaining: 3m 47s
Rendered 24/3764, time remaining: 3m 40s
Rendered 25/3764, time remaining: 3m 56s
Rendered 26/3764, time remaining: 3m 50s
Rendered 27/3764, time remaining: 3m 44s
Rendered 28/3764, time remaining: 3m 37s
Rendered 29/3764, time remaining: 3m 31s
Rendered 30/3764, time remaining: 3m 31s
Rendered 31/3764, time remaining: 3m 31s
Rendered 32/3764, time remaining: 3m 32s
Rendered 33/3764, time remaining: 3m 26s
Rendered 34/3764, time remaining: 3m 22s
Rendered 35/3764, time remaining: 3m 19s
Rendered 36/3764, time remaining: 3m 22s
Rendered 37/3764, time remaining: 3m 21s
Rendered 38/3764, time remaining: 3m 17s
Rendered 39/3764, time remaining: 3m 13s
Rendered 40/3764, time remaining: 3m 9s
Rendered 41/3764, time remaining: 3m 8s
Rendered 42/3764, time remaining: 3m 6s
Rendered 43/3764, time remaining: 3m 12s
Rendered 44/3764, time remaining: 3m 8s
Rendered 45/3764, time remaining: 3m 6s
Rendered 46/3764, time remaining: 3m 3s
Rendered 47/3764, time remaining: 3m 1s
Rendered 48/3764, time remaining: 3m 1s
Rendered 49/3764, time remaining: 3m 4s
Rendered 50/3764, time remaining: 3m 1s
Rendered 51/3764, time remaining: 2m 59s
Rendered 52/3764, time remaining: 2m 56s
Rendered 53/3764, time remaining: 2m 54s
Rendered 54/3764, time remaining: 2m 51s
Rendered 55/3764, time remaining: 3m 0s
Rendered 56/3764, time remaining: 2m 58s
Rendered 57/3764, time remaining: 2m 55s
Rendered 58/3764, time remaining: 2m 53s
Rendered 59/3764, time remaining: 2m 51s
Rendered 60/3764, time remaining: 2m 49s
Rendered 61/3764, time remaining: 2m 56s
Rendered 62/3764, time remaining: 2m 55s
Rendered 63/3764, time remaining: 2m 53s
Rendered 64/3764, time remaining: 2m 51s
Rendered 65/3764, time remaining: 2m 50s
Rendered 66/3764, time remaining: 2m 47s
Rendered 67/3764, time remaining: 2m 51s
Rendered 68/3764, time remaining: 2m 52s
Rendered 69/3764, time remaining: 2m 50s
Rendered 70/3764, time remaining: 2m 49s
Rendered 71/3764, time remaining: 2m 47s
Rendered 72/3764, time remaining: 2m 45s
Rendered 73/3764, time remaining: 2m 43s
Rendered 74/3764, time remaining: 2m 47s
Rendered 75/3764, time remaining: 2m 46s
Rendered 76/3764, time remaining: 2m 45s
Rendered 77/3764, time remaining: 2m 43s
Rendered 78/3764, time remaining: 2m 42s
Rendered 79/3764, time remaining: 2m 42s
Rendered 80/3764, time remaining: 2m 43s
Rendered 81/3764, time remaining: 2m 44s
Rendered 82/3764, time remaining: 2m 43s
Rendered 83/3764, time remaining: 2m 42s
Rendered 84/3764, time remaining: 2m 41s
Rendered 85/3764, time remaining: 2m 40s
Rendered 86/3764, time remaining: 2m 38s
Rendered 87/3764, time remaining: 2m 42s
Rendered 88/3764, time remaining: 2m 41s
Rendered 89/3764, time remaining: 2m 40s
Rendered 90/3764, time remaining: 2m 38s
Rendered 91/3764, time remaining: 2m 37s
Rendered 92/3764, time remaining: 2m 36s
Rendered 93/3764, time remaining: 2m 40s
Rendered 94/3764, time remaining: 2m 39s
Rendered 95/3764, time remaining: 2m 37s
Rendered 96/3764, time remaining: 2m 37s
Rendered 97/3764, time remaining: 2m 35s
Rendered 98/3764, time remaining: 2m 34s
Rendered 99/3764, time remaining: 2m 38s
Rendered 100/3764, time remaining: 2m 38s
Rendered 101/3764, time remaining: 2m 37s
Rendered 102/3764, time remaining: 2m 35s
Rendered 103/3764, time remaining: 2m 35s
Rendered 104/3764, time remaining: 2m 33s
Rendered 105/3764, time remaining: 2m 36s
Rendered 106/3764, time remaining: 2m 37s
Rendered 107/3764, time remaining: 2m 36s
Rendered 108/3764, time remaining: 2m 35s
Rendered 109/3764, time remaining: 2m 34s
Rendered 110/3764, time remaining: 2m 33s
Rendered 111/3764, time remaining: 2m 32s
Rendered 112/3764, time remaining: 2m 35s
Rendered 113/3764, time remaining: 2m 34s
Rendered 114/3764, time remaining: 2m 34s
Rendered 115/3764, time remaining: 2m 33s
Rendered 116/3764, time remaining: 2m 32s
Rendered 117/3764, time remaining: 2m 31s
Rendered 118/3764, time remaining: 2m 34s
Rendered 119/3764, time remaining: 2m 33s
Rendered 120/3764, time remaining: 2m 32s
Rendered 121/3764, time remaining: 2m 32s
Rendered 122/3764, time remaining: 2m 31s
Rendered 123/3764, time remaining: 2m 30s
Rendered 124/3764, time remaining: 2m 33s
Rendered 125/3764, time remaining: 2m 32s
Rendered 126/3764, time remaining: 2m 32s
Rendered 127/3764, time remaining: 2m 31s
Rendered 128/3764, time remaining: 2m 30s
Rendered 129/3764, time remaining: 2m 29s
Rendered 130/3764, time remaining: 2m 30s
Rendered 131/3764, time remaining: 2m 29s
Rendered 132/3764, time remaining: 2m 31s
Rendered 133/3764, time remaining: 2m 31s
Rendered 134/3764, time remaining: 2m 30s
Rendered 135/3764, time remaining: 2m 30s
Rendered 136/3764, time remaining: 2m 29s
Rendered 137/3764, time remaining: 2m 28s
Rendered 138/3764, time remaining: 2m 27s
Rendered 139/3764, time remaining: 2m 31s
Rendered 140/3764, time remaining: 2m 30s
Rendered 141/3764, time remaining: 2m 29s
Rendered 142/3764, time remaining: 2m 28s
Rendered 143/3764, time remaining: 2m 28s
Rendered 144/3764, time remaining: 2m 27s
Rendered 145/3764, time remaining: 2m 30s
Rendered 146/3764, time remaining: 2m 29s
Rendered 147/3764, time remaining: 2m 29s
Rendered 148/3764, time remaining: 2m 29s
Rendered 149/3764, time remaining: 2m 28s
Rendered 150/3764, time remaining: 2m 28s
Rendered 151/3764, time remaining: 2m 11s
Rendered 152/3764, time remaining: 2m 12s
Rendered 153/3764, time remaining: 2m 14s
Rendered 154/3764, time remaining: 2m 14s
Rendered 155/3764, time remaining: 2m 15s
Rendered 156/3764, time remaining: 2m 14s
Rendered 157/3764, time remaining: 2m 11s
Rendered 158/3764, time remaining: 2m 12s
Rendered 159/3764, time remaining: 2m 11s
Rendered 160/3764, time remaining: 2m 12s
Rendered 161/3764, time remaining: 2m 14s
Rendered 162/3764, time remaining: 2m 14s
Rendered 163/3764, time remaining: 2m 13s
Rendered 164/3764, time remaining: 2m 12s
Rendered 165/3764, time remaining: 2m 12s
Rendered 166/3764, time remaining: 2m 12s
Rendered 167/3764, time remaining: 2m 14s
Rendered 168/3764, time remaining: 2m 14s
Rendered 169/3764, time remaining: 2m 11s
Rendered 170/3764, time remaining: 2m 11s
Rendered 171/3764, time remaining: 2m 11s
Rendered 172/3764, time remaining: 2m 11s
Rendered 173/3764, time remaining: 2m 14s
Rendered 174/3764, time remaining: 2m 15s
Rendered 175/3764, time remaining: 2m 11s
Rendered 176/3764, time remaining: 2m 11s
Rendered 177/3764, time remaining: 2m 11s
Rendered 178/3764, time remaining: 2m 11s
Rendered 179/3764, time remaining: 2m 12s
Rendered 180/3764, time remaining: 2m 12s
Rendered 181/3764, time remaining: 2m 12s
Rendered 182/3764, time remaining: 2m 10s
Rendered 183/3764, time remaining: 2m 11s
Rendered 184/3764, time remaining: 2m 12s
Rendered 185/3764, time remaining: 2m 12s
Rendered 186/3764, time remaining: 2m 12s
Rendered 187/3764, time remaining: 2m 11s
Rendered 188/3764, time remaining: 2m 11s
Rendered 189/3764, time remaining: 2m 11s
Rendered 190/3764, time remaining: 2m 12s
Rendered 191/3764, time remaining: 2m 11s
Rendered 192/3764, time remaining: 2m 13s
Rendered 193/3764, time remaining: 2m 11s
Rendered 194/3764, time remaining: 2m 12s
Rendered 195/3764, time remaining: 2m 12s
Rendered 196/3764, time remaining: 2m 12s
Rendered 197/3764, time remaining: 2m 12s
Rendered 198/3764, time remaining: 2m 11s
Rendered 199/3764, time remaining: 2m 11s
Rendered 200/3764, time remaining: 2m 13s
Rendered 201/3764, time remaining: 2m 13s
Rendered 202/3764, time remaining: 2m 13s
Rendered 203/3764, time remaining: 2m 13s
Rendered 204/3764, time remaining: 2m 13s
Rendered 205/3764, time remaining: 2m 9s
Rendered 206/3764, time remaining: 2m 12s
Rendered 207/3764, time remaining: 2m 13s
Rendered 208/3764, time remaining: 2m 14s
Rendered 209/3764, time remaining: 2m 13s
Rendered 210/3764, time remaining: 2m 13s
Rendered 211/3764, time remaining: 2m 10s
Rendered 212/3764, time remaining: 2m 9s
Rendered 213/3764, time remaining: 2m 13s
Rendered 214/3764, time remaining: 2m 13s
Rendered 215/3764, time remaining: 2m 12s
Rendered 216/3764, time remaining: 2m 13s
Rendered 217/3764, time remaining: 2m 10s
Rendered 218/3764, time remaining: 2m 9s
Rendered 219/3764, time remaining: 2m 13s
Rendered 220/3764, time remaining: 2m 12s
Rendered 221/3764, time remaining: 2m 12s
Rendered 222/3764, time remaining: 2m 13s
Rendered 223/3764, time remaining: 2m 12s
Rendered 224/3764, time remaining: 2m 10s
Rendered 225/3764, time remaining: 2m 12s
Rendered 226/3764, time remaining: 2m 12s
Rendered 227/3764, time remaining: 2m 12s
Rendered 228/3764, time remaining: 2m 12s
Rendered 229/3764, time remaining: 2m 13s
Rendered 230/3764, time remaining: 2m 12s
Rendered 231/3764, time remaining: 2m 11s
Rendered 232/3764, time remaining: 2m 13s
Rendered 233/3764, time remaining: 2m 12s
Rendered 234/3764, time remaining: 2m 12s
Rendered 235/3764, time remaining: 2m 12s
Rendered 236/3764, time remaining: 2m 12s
Rendered 237/3764, time remaining: 2m 10s
Rendered 238/3764, time remaining: 2m 12s
Rendered 239/3764, time remaining: 2m 12s
Rendered 240/3764, time remaining: 2m 12s
Rendered 241/3764, time remaining: 2m 12s
Rendered 242/3764, time remaining: 2m 14s
Rendered 243/3764, time remaining: 2m 11s
Rendered 244/3764, time remaining: 2m 11s
Rendered 245/3764, time remaining: 2m 11s
Rendered 246/3764, time remaining: 2m 11s
Rendered 247/3764, time remaining: 2m 13s
Rendered 248/3764, time remaining: 2m 14s
Rendered 249/3764, time remaining: 2m 10s
Rendered 250/3764, time remaining: 2m 11s
Rendered 251/3764, time remaining: 2m 12s
Rendered 252/3764, time remaining: 2m 11s
Rendered 253/3764, time remaining: 2m 12s
Rendered 254/3764, time remaining: 2m 13s
Rendered 255/3764, time remaining: 2m 11s
Rendered 256/3764, time remaining: 2m 11s
Rendered 257/3764, time remaining: 2m 11s
Rendered 258/3764, time remaining: 2m 11s
Rendered 259/3764, time remaining: 2m 11s
Rendered 260/3764, time remaining: 2m 11s
Rendered 261/3764, time remaining: 2m 11s
Rendered 262/3764, time remaining: 2m 10s
Rendered 263/3764, time remaining: 2m 10s
Rendered 264/3764, time remaining: 2m 11s
Rendered 265/3764, time remaining: 2m 12s
Rendered 266/3764, time remaining: 2m 12s
Rendered 267/3764, time remaining: 2m 12s
Rendered 268/3764, time remaining: 2m 9s
Rendered 269/3764, time remaining: 2m 9s
Rendered 270/3764, time remaining: 2m 12s
Rendered 271/3764, time remaining: 2m 11s
Rendered 272/3764, time remaining: 2m 12s
Rendered 273/3764, time remaining: 2m 12s
Rendered 274/3764, time remaining: 2m 10s
Rendered 275/3764, time remaining: 2m 9s
Rendered 276/3764, time remaining: 2m 11s
Rendered 277/3764, time remaining: 2m 11s
Rendered 278/3764, time remaining: 2m 12s
Rendered 279/3764, time remaining: 2m 12s
Rendered 280/3764, time remaining: 2m 11s
Rendered 281/3764, time remaining: 2m 11s
Rendered 282/3764, time remaining: 2m 10s
Rendered 283/3764, time remaining: 2m 9s
Rendered 284/3764, time remaining: 2m 10s
Rendered 285/3764, time remaining: 2m 11s
Rendered 286/3764, time remaining: 2m 11s
Rendered 287/3764, time remaining: 2m 11s
Rendered 288/3764, time remaining: 2m 11s
Rendered 289/3764, time remaining: 2m 9s
Rendered 290/3764, time remaining: 2m 9s
Rendered 291/3764, time remaining: 2m 10s
Rendered 292/3764, time remaining: 2m 10s
Rendered 293/3764, time remaining: 2m 10s
Rendered 294/3764, time remaining: 2m 10s
Rendered 295/3764, time remaining: 2m 8s
Rendered 296/3764, time remaining: 2m 10s
Rendered 297/3764, time remaining: 2m 9s
Rendered 298/3764, time remaining: 2m 9s
Rendered 299/3764, time remaining: 2m 9s
Rendered 300/3764, time remaining: 2m 8s
Rendered 301/3764, time remaining: 2m 8s
Rendered 302/3764, time remaining: 2m 9s
Rendered 303/3764, time remaining: 2m 9s
Rendered 304/3764, time remaining: 2m 8s
Rendered 305/3764, time remaining: 2m 8s
Rendered 306/3764, time remaining: 2m 8s
Rendered 307/3764, time remaining: 2m 9s
Rendered 308/3764, time remaining: 2m 9s
Rendered 309/3764, time remaining: 2m 10s
Rendered 310/3764, time remaining: 2m 9s
Rendered 311/3764, time remaining: 2m 8s
Rendered 312/3764, time remaining: 2m 8s
Rendered 313/3764, time remaining: 2m 7s
Rendered 314/3764, time remaining: 2m 9s
Rendered 315/3764, time remaining: 2m 10s
Rendered 316/3764, time remaining: 2m 9s
Rendered 317/3764, time remaining: 2m 7s
Rendered 318/3764, time remaining: 2m 8s
Rendered 319/3764, time remaining: 2m 8s
Rendered 320/3764, time remaining: 2m 8s
Rendered 321/3764, time remaining: 2m 10s
Rendered 322/3764, time remaining: 2m 10s
Rendered 323/3764, time remaining: 2m 7s
Rendered 324/3764, time remaining: 2m 8s
Rendered 325/3764, time remaining: 2m 8s
Rendered 326/3764, time remaining: 2m 8s
Rendered 327/3764, time remaining: 2m 8s
Rendered 328/3764, time remaining: 2m 8s
Rendered 329/3764, time remaining: 2m 6s
Rendered 330/3764, time remaining: 2m 8s
Rendered 331/3764, time remaining: 2m 8s
Rendered 332/3764, time remaining: 2m 8s
Rendered 333/3764, time remaining: 2m 8s
Rendered 334/3764, time remaining: 2m 6s
Rendered 335/3764, time remaining: 2m 6s
Rendered 336/3764, time remaining: 2m 5s
Rendered 337/3764, time remaining: 2m 8s
Rendered 338/3764, time remaining: 2m 8s
Rendered 339/3764, time remaining: 2m 8s
Rendered 340/3764, time remaining: 2m 7s
Rendered 341/3764, time remaining: 2m 7s
Rendered 342/3764, time remaining: 2m 5s
Rendered 343/3764, time remaining: 2m 8s
Rendered 344/3764, time remaining: 2m 7s
Rendered 345/3764, time remaining: 2m 7s
Rendered 346/3764, time remaining: 2m 6s
Rendered 347/3764, time remaining: 2m 7s
Rendered 348/3764, time remaining: 2m 6s
Rendered 349/3764, time remaining: 2m 6s
Rendered 350/3764, time remaining: 2m 6s
Rendered 351/3764, time remaining: 2m 6s
Rendered 352/3764, time remaining: 2m 6s
Rendered 353/3764, time remaining: 2m 6s
Rendered 354/3764, time remaining: 2m 6s
Rendered 355/3764, time remaining: 2m 7s
Rendered 356/3764, time remaining: 2m 5s
Rendered 357/3764, time remaining: 2m 5s
Rendered 358/3764, time remaining: 2m 4s
Rendered 359/3764, time remaining: 2m 4s
Rendered 360/3764, time remaining: 2m 4s
Rendered 361/3764, time remaining: 2m 4s
Rendered 362/3764, time remaining: 2m 6s
Rendered 363/3764, time remaining: 2m 5s
Rendered 364/3764, time remaining: 2m 5s
Rendered 365/3764, time remaining: 2m 5s
Rendered 366/3764, time remaining: 2m 4s
Rendered 367/3764, time remaining: 2m 4s
Rendered 368/3764, time remaining: 2m 6s
Rendered 369/3764, time remaining: 2m 3s
Rendered 370/3764, time remaining: 2m 3s
Rendered 371/3764, time remaining: 2m 3s
Rendered 372/3764, time remaining: 2m 5s
Rendered 373/3764, time remaining: 2m 5s
Rendered 374/3764, time remaining: 2m 5s
Rendered 375/3764, time remaining: 2m 3s
Rendered 376/3764, time remaining: 2m 4s
Rendered 377/3764, time remaining: 2m 4s
Rendered 378/3764, time remaining: 2m 5s
Rendered 379/3764, time remaining: 2m 3s
Rendered 380/3764, time remaining: 2m 3s
Rendered 381/3764, time remaining: 2m 4s
Rendered 382/3764, time remaining: 2m 3s
Rendered 383/3764, time remaining: 2m 4s
Rendered 384/3764, time remaining: 2m 4s
Rendered 385/3764, time remaining: 2m 4s
Rendered 386/3764, time remaining: 2m 4s
Rendered 387/3764, time remaining: 2m 3s
Rendered 388/3764, time remaining: 2m 3s
Rendered 389/3764, time remaining: 2m 3s
Rendered 390/3764, time remaining: 2m 3s
Rendered 391/3764, time remaining: 2m 3s
Rendered 392/3764, time remaining: 2m 2s
Rendered 393/3764, time remaining: 2m 1s
Rendered 394/3764, time remaining: 2m 1s
Rendered 395/3764, time remaining: 2m 4s
Rendered 396/3764, time remaining: 2m 4s
Rendered 397/3764, time remaining: 2m 2s
Rendered 398/3764, time remaining: 2m 2s
Rendered 399/3764, time remaining: 2m 1s
Rendered 400/3764, time remaining: 2m 0s
Rendered 401/3764, time remaining: 2m 2s
Rendered 402/3764, time remaining: 2m 4s
Rendered 403/3764, time remaining: 2m 4s
Rendered 404/3764, time remaining: 2m 2s
Rendered 405/3764, time remaining: 2m 2s
Rendered 406/3764, time remaining: 2m 1s
Rendered 407/3764, time remaining: 2m 1s
Rendered 408/3764, time remaining: 2m 1s
Rendered 409/3764, time remaining: 2m 1s
Rendered 410/3764, time remaining: 2m 1s
Rendered 411/3764, time remaining: 2m 2s
Rendered 412/3764, time remaining: 1m 59s
Rendered 413/3764, time remaining: 2m 0s
Rendered 414/3764, time remaining: 1m 58s
Rendered 415/3764, time remaining: 1m 58s
Rendered 416/3764, time remaining: 1m 58s
Rendered 417/3764, time remaining: 1m 58s
Rendered 418/3764, time remaining: 1m 57s
Rendered 419/3764, time remaining: 1m 58s
Rendered 420/3764, time remaining: 1m 54s
Rendered 421/3764, time remaining: 1m 54s
Rendered 422/3764, time remaining: 1m 54s
Rendered 423/3764, time remaining: 1m 54s
Rendered 424/3764, time remaining: 1m 53s
Rendered 425/3764, time remaining: 1m 54s
Rendered 426/3764, time remaining: 1m 51s
Rendered 427/3764, time remaining: 1m 51s
Rendered 428/3764, time remaining: 1m 52s
Rendered 429/3764, time remaining: 1m 54s
Rendered 430/3764, time remaining: 1m 53s
Rendered 431/3764, time remaining: 1m 53s
Rendered 432/3764, time remaining: 1m 52s
Rendered 433/3764, time remaining: 1m 53s
Rendered 434/3764, time remaining: 1m 52s
Rendered 435/3764, time remaining: 1m 53s
Rendered 436/3764, time remaining: 1m 52s
Rendered 437/3764, time remaining: 1m 53s
Rendered 438/3764, time remaining: 1m 52s
Rendered 439/3764, time remaining: 1m 52s
Rendered 440/3764, time remaining: 1m 52s
Rendered 441/3764, time remaining: 1m 52s
Rendered 442/3764, time remaining: 1m 53s
Rendered 443/3764, time remaining: 1m 53s
Rendered 444/3764, time remaining: 1m 53s
Rendered 445/3764, time remaining: 1m 52s
Rendered 446/3764, time remaining: 1m 51s
Rendered 447/3764, time remaining: 1m 51s
Rendered 448/3764, time remaining: 1m 53s
Rendered 449/3764, time remaining: 1m 53s
Rendered 450/3764, time remaining: 1m 53s
Rendered 451/3764, time remaining: 1m 53s
Rendered 452/3764, time remaining: 1m 52s
Rendered 453/3764, time remaining: 1m 51s
Rendered 454/3764, time remaining: 1m 51s
Rendered 455/3764, time remaining: 1m 53s
Rendered 456/3764, time remaining: 1m 53s
Rendered 457/3764, time remaining: 1m 52s
Rendered 458/3764, time remaining: 1m 51s
Rendered 459/3764, time remaining: 1m 50s
Rendered 460/3764, time remaining: 1m 50s
Rendered 461/3764, time remaining: 1m 52s
Rendered 462/3764, time remaining: 1m 52s
Rendered 463/3764, time remaining: 1m 52s
Rendered 464/3764, time remaining: 1m 51s
Rendered 465/3764, time remaining: 1m 50s
Rendered 466/3764, time remaining: 1m 50s
Rendered 467/3764, time remaining: 1m 52s
Rendered 468/3764, time remaining: 1m 51s
Rendered 469/3764, time remaining: 1m 52s
Rendered 470/3764, time remaining: 1m 51s
Rendered 471/3764, time remaining: 1m 50s
Rendered 472/3764, time remaining: 1m 50s
Rendered 473/3764, time remaining: 1m 51s
Rendered 474/3764, time remaining: 1m 50s
Rendered 475/3764, time remaining: 1m 50s
Rendered 476/3764, time remaining: 1m 51s
Rendered 477/3764, time remaining: 1m 51s
Rendered 478/3764, time remaining: 1m 51s
Rendered 479/3764, time remaining: 1m 51s
Rendered 480/3764, time remaining: 1m 51s
Rendered 481/3764, time remaining: 1m 51s
Rendered 482/3764, time remaining: 1m 50s
Rendered 483/3764, time remaining: 1m 50s
Rendered 484/3764, time remaining: 1m 51s
Rendered 485/3764, time remaining: 1m 50s
Rendered 486/3764, time remaining: 1m 53s
Rendered 487/3764, time remaining: 1m 50s
Rendered 488/3764, time remaining: 1m 50s
Rendered 489/3764, time remaining: 1m 50s
Rendered 490/3764, time remaining: 1m 50s
Rendered 491/3764, time remaining: 1m 50s
Rendered 492/3764, time remaining: 1m 52s
Rendered 493/3764, time remaining: 1m 50s
Rendered 494/3764, time remaining: 1m 49s
Rendered 495/3764, time remaining: 1m 50s
Rendered 496/3764, time remaining: 1m 50s
Rendered 497/3764, time remaining: 1m 49s
Rendered 498/3764, time remaining: 1m 52s
Rendered 499/3764, time remaining: 1m 50s
Rendered 500/3764, time remaining: 1m 50s
Rendered 501/3764, time remaining: 1m 49s
Rendered 502/3764, time remaining: 1m 49s
Rendered 503/3764, time remaining: 1m 49s
Rendered 504/3764, time remaining: 1m 50s
Rendered 505/3764, time remaining: 1m 50s
Rendered 506/3764, time remaining: 1m 49s
Rendered 507/3764, time remaining: 1m 49s
Rendered 508/3764, time remaining: 1m 50s
Rendered 509/3764, time remaining: 1m 50s
Rendered 510/3764, time remaining: 1m 50s
Rendered 511/3764, time remaining: 1m 50s
Rendered 512/3764, time remaining: 1m 51s
Rendered 513/3764, time remaining: 1m 48s
Rendered 514/3764, time remaining: 1m 50s
Rendered 515/3764, time remaining: 1m 49s
Rendered 516/3764, time remaining: 1m 49s
Rendered 517/3764, time remaining: 1m 50s
Rendered 518/3764, time remaining: 1m 48s
Rendered 519/3764, time remaining: 1m 47s
Rendered 520/3764, time remaining: 1m 50s
Rendered 521/3764, time remaining: 1m 50s
Rendered 522/3764, time remaining: 1m 48s
Rendered 523/3764, time remaining: 1m 48s
Rendered 524/3764, time remaining: 1m 48s
Rendered 525/3764, time remaining: 1m 48s
Rendered 526/3764, time remaining: 1m 47s
Rendered 527/3764, time remaining: 1m 48s
Rendered 528/3764, time remaining: 1m 48s
Rendered 529/3764, time remaining: 1m 49s
Rendered 530/3764, time remaining: 1m 49s
Rendered 531/3764, time remaining: 1m 48s
Rendered 532/3764, time remaining: 1m 47s
Rendered 533/3764, time remaining: 1m 48s
Rendered 534/3764, time remaining: 1m 48s
Rendered 535/3764, time remaining: 1m 49s
Rendered 536/3764, time remaining: 1m 49s
Rendered 537/3764, time remaining: 1m 49s
Rendered 538/3764, time remaining: 1m 47s
Rendered 539/3764, time remaining: 1m 47s
Rendered 540/3764, time remaining: 1m 48s
Rendered 541/3764, time remaining: 1m 48s
Rendered 542/3764, time remaining: 1m 48s
Rendered 543/3764, time remaining: 1m 49s
Rendered 544/3764, time remaining: 1m 50s
Rendered 545/3764, time remaining: 1m 47s
Rendered 546/3764, time remaining: 1m 47s
Rendered 547/3764, time remaining: 1m 48s
Rendered 548/3764, time remaining: 1m 48s
Rendered 549/3764, time remaining: 1m 47s
Rendered 550/3764, time remaining: 1m 48s
Rendered 551/3764, time remaining: 1m 47s
Rendered 552/3764, time remaining: 1m 46s
Rendered 553/3764, time remaining: 1m 46s
Rendered 554/3764, time remaining: 1m 46s
Rendered 555/3764, time remaining: 1m 46s
Rendered 556/3764, time remaining: 1m 47s
Rendered 557/3764, time remaining: 1m 47s
Rendered 558/3764, time remaining: 1m 48s
Rendered 559/3764, time remaining: 1m 48s
Rendered 560/3764, time remaining: 1m 48s
Rendered 561/3764, time remaining: 1m 47s
Rendered 562/3764, time remaining: 1m 49s
Rendered 563/3764, time remaining: 1m 49s
Rendered 564/3764, time remaining: 1m 49s
Rendered 565/3764, time remaining: 1m 49s
Rendered 566/3764, time remaining: 1m 49s
Rendered 567/3764, time remaining: 1m 50s
Rendered 568/3764, time remaining: 1m 52s
Rendered 569/3764, time remaining: 1m 51s
Rendered 570/3764, time remaining: 1m 52s
Rendered 571/3764, time remaining: 1m 52s
Rendered 572/3764, time remaining: 1m 53s
Rendered 573/3764, time remaining: 1m 53s
Rendered 574/3764, time remaining: 1m 53s
Rendered 575/3764, time remaining: 1m 54s
Rendered 576/3764, time remaining: 1m 54s
Rendered 577/3764, time remaining: 1m 54s
Rendered 578/3764, time remaining: 1m 55s
Rendered 579/3764, time remaining: 1m 53s
Rendered 580/3764, time remaining: 1m 54s
Rendered 581/3764, time remaining: 1m 53s
Rendered 582/3764, time remaining: 1m 53s
Rendered 583/3764, time remaining: 1m 52s
Rendered 584/3764, time remaining: 1m 53s
Rendered 585/3764, time remaining: 1m 52s
Rendered 586/3764, time remaining: 1m 54s
Rendered 587/3764, time remaining: 1m 54s
Rendered 588/3764, time remaining: 1m 54s
Rendered 589/3764, time remaining: 1m 52s
Rendered 590/3764, time remaining: 1m 52s
Rendered 591/3764, time remaining: 1m 52s
Rendered 592/3764, time remaining: 1m 53s
Rendered 593/3764, time remaining: 1m 53s
Rendered 594/3764, time remaining: 1m 53s
Rendered 595/3764, time remaining: 1m 53s
Rendered 596/3764, time remaining: 1m 53s
Rendered 597/3764, time remaining: 1m 53s
Rendered 598/3764, time remaining: 1m 51s
Rendered 599/3764, time remaining: 1m 53s
Rendered 600/3764, time remaining: 1m 53s
Rendered 601/3764, time remaining: 1m 53s
Rendered 602/3764, time remaining: 1m 52s
Rendered 603/3764, time remaining: 1m 52s
Rendered 604/3764, time remaining: 1m 52s
Rendered 605/3764, time remaining: 1m 53s
Rendered 606/3764, time remaining: 1m 52s
Rendered 607/3764, time remaining: 1m 52s
Rendered 608/3764, time remaining: 1m 52s
Rendered 609/3764, time remaining: 1m 52s
Rendered 610/3764, time remaining: 1m 52s
Rendered 611/3764, time remaining: 1m 52s
Rendered 612/3764, time remaining: 1m 52s
Rendered 613/3764, time remaining: 1m 52s
Rendered 614/3764, time remaining: 1m 53s
Rendered 615/3764, time remaining: 1m 52s
Rendered 616/3764, time remaining: 1m 52s
Rendered 617/3764, time remaining: 1m 52s
Rendered 618/3764, time remaining: 1m 52s
Rendered 619/3764, time remaining: 1m 52s
Rendered 620/3764, time remaining: 1m 52s
Rendered 621/3764, time remaining: 1m 52s
Rendered 622/3764, time remaining: 1m 52s
Rendered 623/3764, time remaining: 1m 53s
Rendered 624/3764, time remaining: 1m 52s
Rendered 625/3764, time remaining: 1m 52s
Rendered 626/3764, time remaining: 1m 52s
Rendered 627/3764, time remaining: 1m 51s
Rendered 628/3764, time remaining: 1m 52s
Rendered 629/3764, time remaining: 1m 52s
Rendered 630/3764, time remaining: 1m 50s
Rendered 631/3764, time remaining: 1m 51s
Rendered 632/3764, time remaining: 1m 51s
Rendered 633/3764, time remaining: 1m 52s
Rendered 634/3764, time remaining: 1m 52s
Rendered 635/3764, time remaining: 1m 53s
Rendered 636/3764, time remaining: 1m 49s
Rendered 637/3764, time remaining: 1m 50s
Rendered 638/3764, time remaining: 1m 50s
Rendered 639/3764, time remaining: 1m 52s
Rendered 640/3764, time remaining: 1m 52s
Rendered 641/3764, time remaining: 1m 52s
Rendered 642/3764, time remaining: 1m 50s
Rendered 643/3764, time remaining: 1m 50s
Rendered 644/3764, time remaining: 1m 50s
Rendered 645/3764, time remaining: 1m 50s
Rendered 646/3764, time remaining: 1m 50s
Rendered 647/3764, time remaining: 1m 52s
Rendered 648/3764, time remaining: 1m 49s
Rendered 649/3764, time remaining: 1m 50s
Rendered 650/3764, time remaining: 1m 50s
Rendered 651/3764, time remaining: 1m 51s
Rendered 652/3764, time remaining: 1m 51s
Rendered 653/3764, time remaining: 1m 51s
Rendered 654/3764, time remaining: 1m 50s
Rendered 655/3764, time remaining: 1m 51s
Rendered 656/3764, time remaining: 1m 51s
Rendered 657/3764, time remaining: 1m 50s
Rendered 658/3764, time remaining: 1m 50s
Rendered 659/3764, time remaining: 1m 49s
Rendered 660/3764, time remaining: 1m 49s
Rendered 661/3764, time remaining: 1m 49s
Rendered 662/3764, time remaining: 1m 50s
Rendered 663/3764, time remaining: 1m 50s
Rendered 664/3764, time remaining: 1m 49s
Rendered 665/3764, time remaining: 1m 49s
Rendered 666/3764, time remaining: 1m 49s
Rendered 667/3764, time remaining: 1m 49s
Rendered 668/3764, time remaining: 1m 52s
Rendered 669/3764, time remaining: 1m 52s
Rendered 670/3764, time remaining: 1m 49s
Rendered 671/3764, time remaining: 1m 49s
Rendered 672/3764, time remaining: 1m 49s
Rendered 673/3764, time remaining: 1m 48s
Rendered 674/3764, time remaining: 1m 51s
Rendered 675/3764, time remaining: 1m 51s
Rendered 676/3764, time remaining: 1m 51s
Rendered 677/3764, time remaining: 1m 49s
Rendered 678/3764, time remaining: 1m 50s
Rendered 679/3764, time remaining: 1m 48s
Rendered 680/3764, time remaining: 1m 50s
Rendered 681/3764, time remaining: 1m 50s
Rendered 682/3764, time remaining: 1m 50s
Rendered 683/3764, time remaining: 1m 49s
Rendered 684/3764, time remaining: 1m 49s
Rendered 685/3764, time remaining: 1m 48s
Rendered 686/3764, time remaining: 1m 50s
Rendered 687/3764, time remaining: 1m 50s
Rendered 688/3764, time remaining: 1m 50s
Rendered 689/3764, time remaining: 1m 49s
Rendered 690/3764, time remaining: 1m 49s
Rendered 691/3764, time remaining: 1m 50s
Rendered 692/3764, time remaining: 1m 50s
Rendered 693/3764, time remaining: 1m 49s
Rendered 694/3764, time remaining: 1m 49s
Rendered 695/3764, time remaining: 1m 49s
Rendered 696/3764, time remaining: 1m 49s
Rendered 697/3764, time remaining: 1m 48s
Rendered 698/3764, time remaining: 1m 49s
Rendered 699/3764, time remaining: 1m 49s
Rendered 700/3764, time remaining: 1m 49s
Rendered 701/3764, time remaining: 1m 48s
Rendered 702/3764, time remaining: 1m 50s
Rendered 703/3764, time remaining: 1m 48s
Rendered 704/3764, time remaining: 1m 49s
Rendered 705/3764, time remaining: 1m 49s
Rendered 706/3764, time remaining: 1m 49s
Rendered 707/3764, time remaining: 1m 48s
Rendered 708/3764, time remaining: 1m 48s
Rendered 709/3764, time remaining: 1m 48s
Rendered 710/3764, time remaining: 1m 50s
Rendered 711/3764, time remaining: 1m 50s
Rendered 712/3764, time remaining: 1m 48s
Rendered 713/3764, time remaining: 1m 48s
Rendered 714/3764, time remaining: 1m 48s
Rendered 715/3764, time remaining: 1m 48s
Rendered 716/3764, time remaining: 1m 51s
Rendered 717/3764, time remaining: 1m 50s
Rendered 718/3764, time remaining: 1m 48s
Rendered 719/3764, time remaining: 1m 48s
Rendered 720/3764, time remaining: 1m 47s
Rendered 721/3764, time remaining: 1m 48s
Rendered 722/3764, time remaining: 1m 49s
Rendered 723/3764, time remaining: 1m 49s
Rendered 724/3764, time remaining: 1m 49s
Rendered 725/3764, time remaining: 1m 48s
Rendered 726/3764, time remaining: 1m 48s
Rendered 727/3764, time remaining: 1m 48s
Rendered 728/3764, time remaining: 1m 47s
Rendered 729/3764, time remaining: 1m 49s
Rendered 730/3764, time remaining: 1m 48s
Rendered 731/3764, time remaining: 1m 49s
Rendered 732/3764, time remaining: 1m 49s
Rendered 733/3764, time remaining: 1m 49s
Rendered 734/3764, time remaining: 1m 49s
Rendered 735/3764, time remaining: 1m 49s
Rendered 736/3764, time remaining: 1m 47s
Rendered 737/3764, time remaining: 1m 47s
Rendered 738/3764, time remaining: 1m 47s
Rendered 739/3764, time remaining: 1m 48s
Rendered 740/3764, time remaining: 1m 50s
Rendered 741/3764, time remaining: 1m 50s
Rendered 742/3764, time remaining: 1m 47s
Rendered 743/3764, time remaining: 1m 47s
Rendered 744/3764, time remaining: 1m 47s
Rendered 745/3764, time remaining: 1m 46s
Rendered 746/3764, time remaining: 1m 49s
Rendered 747/3764, time remaining: 1m 49s
Rendered 748/3764, time remaining: 1m 49s
Rendered 749/3764, time remaining: 1m 47s
Rendered 750/3764, time remaining: 1m 47s
Rendered 751/3764, time remaining: 1m 47s
Rendered 752/3764, time remaining: 1m 50s
Rendered 753/3764, time remaining: 1m 49s
Rendered 754/3764, time remaining: 1m 49s
Rendered 755/3764, time remaining: 1m 47s
Rendered 756/3764, time remaining: 1m 47s
Rendered 757/3764, time remaining: 1m 47s
Rendered 758/3764, time remaining: 1m 50s
Rendered 759/3764, time remaining: 1m 50s
Rendered 760/3764, time remaining: 1m 50s
Rendered 761/3764, time remaining: 1m 47s
Rendered 762/3764, time remaining: 1m 47s
Rendered 763/3764, time remaining: 1m 47s
Rendered 764/3764, time remaining: 1m 49s
Rendered 765/3764, time remaining: 1m 50s
Rendered 766/3764, time remaining: 1m 50s
Rendered 767/3764, time remaining: 1m 48s
Rendered 768/3764, time remaining: 1m 48s
Rendered 769/3764, time remaining: 1m 47s
Rendered 770/3764, time remaining: 1m 49s
Rendered 771/3764, time remaining: 1m 50s
Rendered 772/3764, time remaining: 1m 50s
Rendered 773/3764, time remaining: 1m 48s
Rendered 774/3764, time remaining: 1m 47s
Rendered 775/3764, time remaining: 1m 47s
Rendered 776/3764, time remaining: 1m 48s
Rendered 777/3764, time remaining: 1m 50s
Rendered 778/3764, time remaining: 1m 49s
Rendered 779/3764, time remaining: 1m 49s
Rendered 780/3764, time remaining: 1m 48s
Rendered 781/3764, time remaining: 1m 47s
Rendered 782/3764, time remaining: 1m 47s
Rendered 783/3764, time remaining: 1m 49s
Rendered 784/3764, time remaining: 1m 49s
Rendered 785/3764, time remaining: 1m 49s
Rendered 786/3764, time remaining: 1m 49s
Rendered 787/3764, time remaining: 1m 48s
Rendered 788/3764, time remaining: 1m 48s
Rendered 789/3764, time remaining: 1m 48s
Rendered 790/3764, time remaining: 1m 48s
Rendered 791/3764, time remaining: 1m 49s
Rendered 792/3764, time remaining: 1m 48s
Rendered 793/3764, time remaining: 1m 48s
Rendered 794/3764, time remaining: 1m 48s
Rendered 795/3764, time remaining: 1m 47s
Rendered 796/3764, time remaining: 1m 48s
Rendered 797/3764, time remaining: 1m 49s
Rendered 798/3764, time remaining: 1m 48s
Rendered 799/3764, time remaining: 1m 48s
Rendered 800/3764, time remaining: 1m 47s
Rendered 801/3764, time remaining: 1m 47s
Rendered 802/3764, time remaining: 1m 46s
Rendered 803/3764, time remaining: 1m 49s
Rendered 804/3764, time remaining: 1m 48s
Rendered 805/3764, time remaining: 1m 47s
Rendered 806/3764, time remaining: 1m 47s
Rendered 807/3764, time remaining: 1m 47s
Rendered 808/3764, time remaining: 1m 47s
Rendered 809/3764, time remaining: 1m 48s
Rendered 810/3764, time remaining: 1m 48s
Rendered 811/3764, time remaining: 1m 48s
Rendered 812/3764, time remaining: 1m 46s
Rendered 813/3764, time remaining: 1m 48s
Rendered 814/3764, time remaining: 1m 48s
Rendered 815/3764, time remaining: 1m 48s
Rendered 816/3764, time remaining: 1m 48s
Rendered 817/3764, time remaining: 1m 48s
Rendered 818/3764, time remaining: 1m 45s
Rendered 819/3764, time remaining: 1m 47s
Rendered 820/3764, time remaining: 1m 48s
Rendered 821/3764, time remaining: 1m 49s
Rendered 822/3764, time remaining: 1m 49s
Rendered 823/3764, time remaining: 1m 49s
Rendered 824/3764, time remaining: 1m 46s
Rendered 825/3764, time remaining: 1m 46s
Rendered 826/3764, time remaining: 1m 46s
Rendered 827/3764, time remaining: 1m 49s
Rendered 828/3764, time remaining: 1m 48s
Rendered 829/3764, time remaining: 1m 48s
Rendered 830/3764, time remaining: 1m 46s
Rendered 831/3764, time remaining: 1m 46s
Rendered 832/3764, time remaining: 1m 47s
Rendered 833/3764, time remaining: 1m 47s
Rendered 834/3764, time remaining: 1m 49s
Rendered 835/3764, time remaining: 1m 49s
Rendered 836/3764, time remaining: 1m 47s
Rendered 837/3764, time remaining: 1m 48s
Rendered 838/3764, time remaining: 1m 47s
Rendered 839/3764, time remaining: 1m 47s
Rendered 840/3764, time remaining: 1m 48s
Rendered 841/3764, time remaining: 1m 48s
Rendered 842/3764, time remaining: 1m 47s
Rendered 843/3764, time remaining: 1m 48s
Rendered 844/3764, time remaining: 1m 46s
Rendered 845/3764, time remaining: 1m 47s
Rendered 846/3764, time remaining: 1m 48s
Rendered 847/3764, time remaining: 1m 48s
Rendered 848/3764, time remaining: 1m 48s
Rendered 849/3764, time remaining: 1m 48s
Rendered 850/3764, time remaining: 1m 47s
Rendered 851/3764, time remaining: 1m 47s
Rendered 852/3764, time remaining: 1m 46s
Rendered 853/3764, time remaining: 1m 47s
Rendered 854/3764, time remaining: 1m 47s
Rendered 855/3764, time remaining: 1m 48s
Rendered 856/3764, time remaining: 1m 48s
Rendered 857/3764, time remaining: 1m 48s
Rendered 858/3764, time remaining: 1m 47s
Rendered 859/3764, time remaining: 1m 48s
Rendered 860/3764, time remaining: 1m 46s
Rendered 861/3764, time remaining: 1m 46s
Rendered 862/3764, time remaining: 1m 46s
Rendered 863/3764, time remaining: 1m 47s
Rendered 864/3764, time remaining: 1m 46s
Rendered 865/3764, time remaining: 1m 46s
Rendered 866/3764, time remaining: 1m 46s
Rendered 867/3764, time remaining: 1m 46s
Rendered 868/3764, time remaining: 1m 46s
Rendered 869/3764, time remaining: 1m 46s
Rendered 870/3764, time remaining: 1m 46s
Rendered 871/3764, time remaining: 1m 45s
Rendered 872/3764, time remaining: 1m 46s
Rendered 873/3764, time remaining: 1m 45s
Rendered 874/3764, time remaining: 1m 45s
Rendered 875/3764, time remaining: 1m 46s
Rendered 876/3764, time remaining: 1m 46s
Rendered 877/3764, time remaining: 1m 45s
Rendered 878/3764, time remaining: 1m 46s
Rendered 879/3764, time remaining: 1m 44s
Rendered 880/3764, time remaining: 1m 44s
Rendered 881/3764, time remaining: 1m 44s
Rendered 882/3764, time remaining: 1m 46s
Rendered 883/3764, time remaining: 1m 46s
Rendered 884/3764, time remaining: 1m 45s
Rendered 885/3764, time remaining: 1m 45s
Rendered 886/3764, time remaining: 1m 45s
Rendered 887/3764, time remaining: 1m 44s
Rendered 888/3764, time remaining: 1m 46s
Rendered 889/3764, time remaining: 1m 46s
Rendered 890/3764, time remaining: 1m 45s
Rendered 891/3764, time remaining: 1m 45s
Rendered 892/3764, time remaining: 1m 45s
Rendered 893/3764, time remaining: 1m 45s
Rendered 894/3764, time remaining: 1m 45s
Rendered 895/3764, time remaining: 1m 46s
Rendered 896/3764, time remaining: 1m 44s
Rendered 897/3764, time remaining: 1m 44s
Rendered 898/3764, time remaining: 1m 44s
Rendered 899/3764, time remaining: 1m 46s
Rendered 900/3764, time remaining: 1m 46s
Rendered 901/3764, time remaining: 1m 46s
Rendered 902/3764, time remaining: 1m 43s
Rendered 903/3764, time remaining: 1m 43s
Rendered 904/3764, time remaining: 1m 43s
Rendered 905/3764, time remaining: 1m 45s
Rendered 906/3764, time remaining: 1m 45s
Rendered 907/3764, time remaining: 1m 45s
Rendered 908/3764, time remaining: 1m 43s
Rendered 909/3764, time remaining: 1m 43s
Rendered 910/3764, time remaining: 1m 43s
Rendered 911/3764, time remaining: 1m 43s
Rendered 912/3764, time remaining: 1m 44s
Rendered 913/3764, time remaining: 1m 44s
Rendered 914/3764, time remaining: 1m 42s
Rendered 915/3764, time remaining: 1m 43s
Rendered 916/3764, time remaining: 1m 43s
Rendered 917/3764, time remaining: 1m 43s
Rendered 918/3764, time remaining: 1m 43s
Rendered 919/3764, time remaining: 1m 44s
Rendered 920/3764, time remaining: 1m 42s
Rendered 921/3764, time remaining: 1m 43s
Rendered 922/3764, time remaining: 1m 43s
Rendered 923/3764, time remaining: 1m 43s
Rendered 924/3764, time remaining: 1m 43s
Rendered 925/3764, time remaining: 1m 43s
Rendered 926/3764, time remaining: 1m 42s
Rendered 927/3764, time remaining: 1m 42s
Rendered 928/3764, time remaining: 1m 42s
Rendered 929/3764, time remaining: 1m 42s
Rendered 930/3764, time remaining: 1m 42s
Rendered 931/3764, time remaining: 1m 42s
Rendered 932/3764, time remaining: 1m 42s
Rendered 933/3764, time remaining: 1m 41s
Rendered 934/3764, time remaining: 1m 41s
Rendered 935/3764, time remaining: 1m 43s
Rendered 936/3764, time remaining: 1m 42s
Rendered 937/3764, time remaining: 1m 42s
Rendered 938/3764, time remaining: 1m 42s
Rendered 939/3764, time remaining: 1m 40s
Rendered 940/3764, time remaining: 1m 40s
Rendered 941/3764, time remaining: 1m 42s
Rendered 942/3764, time remaining: 1m 42s
Rendered 943/3764, time remaining: 1m 42s
Rendered 944/3764, time remaining: 1m 42s
Rendered 945/3764, time remaining: 1m 42s
Rendered 946/3764, time remaining: 1m 41s
Rendered 947/3764, time remaining: 1m 40s
Rendered 948/3764, time remaining: 1m 41s
Rendered 949/3764, time remaining: 1m 42s
Rendered 950/3764, time remaining: 1m 42s
Rendered 951/3764, time remaining: 1m 42s
Rendered 952/3764, time remaining: 1m 42s
Rendered 953/3764, time remaining: 1m 40s
Rendered 954/3764, time remaining: 1m 40s
Rendered 955/3764, time remaining: 1m 42s
Rendered 956/3764, time remaining: 1m 42s
Rendered 957/3764, time remaining: 1m 41s
Rendered 958/3764, time remaining: 1m 42s
Rendered 959/3764, time remaining: 1m 41s
Rendered 960/3764, time remaining: 1m 40s
Rendered 961/3764, time remaining: 1m 41s
Rendered 962/3764, time remaining: 1m 42s
Rendered 963/3764, time remaining: 1m 40s
Rendered 964/3764, time remaining: 1m 41s
Rendered 965/3764, time remaining: 1m 41s
Rendered 966/3764, time remaining: 1m 41s
Rendered 967/3764, time remaining: 1m 41s
Rendered 968/3764, time remaining: 1m 41s
Rendered 969/3764, time remaining: 1m 39s
Rendered 970/3764, time remaining: 1m 41s
Rendered 971/3764, time remaining: 1m 40s
Rendered 972/3764, time remaining: 1m 40s
Rendered 973/3764, time remaining: 1m 39s
Rendered 974/3764, time remaining: 1m 40s
Rendered 975/3764, time remaining: 1m 40s
Rendered 976/3764, time remaining: 1m 42s
Rendered 977/3764, time remaining: 1m 39s
Rendered 978/3764, time remaining: 1m 39s
Rendered 979/3764, time remaining: 1m 39s
Rendered 980/3764, time remaining: 1m 39s
Rendered 981/3764, time remaining: 1m 39s
Rendered 982/3764, time remaining: 1m 40s
Rendered 983/3764, time remaining: 1m 41s
Rendered 984/3764, time remaining: 1m 39s
Rendered 985/3764, time remaining: 1m 39s
Rendered 986/3764, time remaining: 1m 39s
Rendered 987/3764, time remaining: 1m 38s
Rendered 988/3764, time remaining: 1m 39s
Rendered 989/3764, time remaining: 1m 40s
Rendered 990/3764, time remaining: 1m 39s
Rendered 991/3764, time remaining: 1m 39s
Rendered 992/3764, time remaining: 1m 39s
Rendered 993/3764, time remaining: 1m 39s
Rendered 994/3764, time remaining: 1m 40s
Rendered 995/3764, time remaining: 1m 40s
Rendered 996/3764, time remaining: 1m 38s
Rendered 997/3764, time remaining: 1m 38s
Rendered 998/3764, time remaining: 1m 38s
Rendered 999/3764, time remaining: 1m 39s
Rendered 1000/3764, time remaining: 1m 40s
Rendered 1001/3764, time remaining: 1m 40s
Rendered 1002/3764, time remaining: 1m 39s
Rendered 1003/3764, time remaining: 1m 39s
Rendered 1004/3764, time remaining: 1m 38s
Rendered 1005/3764, time remaining: 1m 37s
Rendered 1006/3764, time remaining: 1m 37s
Rendered 1007/3764, time remaining: 1m 40s
Rendered 1008/3764, time remaining: 1m 40s
Rendered 1009/3764, time remaining: 1m 39s
Rendered 1010/3764, time remaining: 1m 38s
Rendered 1011/3764, time remaining: 1m 38s
Rendered 1012/3764, time remaining: 1m 39s
Rendered 1013/3764, time remaining: 1m 41s
Rendered 1014/3764, time remaining: 1m 41s
Rendered 1015/3764, time remaining: 1m 41s
Rendered 1016/3764, time remaining: 1m 38s
Rendered 1017/3764, time remaining: 1m 38s
Rendered 1018/3764, time remaining: 1m 39s
Rendered 1019/3764, time remaining: 1m 41s
Rendered 1020/3764, time remaining: 1m 41s
Rendered 1021/3764, time remaining: 1m 41s
Rendered 1022/3764, time remaining: 1m 39s
Rendered 1023/3764, time remaining: 1m 38s
Rendered 1024/3764, time remaining: 1m 39s
Rendered 1025/3764, time remaining: 1m 39s
Rendered 1026/3764, time remaining: 1m 40s
Rendered 1027/3764, time remaining: 1m 40s
Rendered 1028/3764, time remaining: 1m 39s
Rendered 1029/3764, time remaining: 1m 39s
Rendered 1030/3764, time remaining: 1m 41s
Rendered 1031/3764, time remaining: 1m 41s
Rendered 1032/3764, time remaining: 1m 39s
Rendered 1033/3764, time remaining: 1m 39s
Rendered 1034/3764, time remaining: 1m 39s
Rendered 1035/3764, time remaining: 1m 39s
Rendered 1036/3764, time remaining: 1m 40s
Rendered 1037/3764, time remaining: 1m 41s
Rendered 1038/3764, time remaining: 1m 39s
Rendered 1039/3764, time remaining: 1m 40s
Rendered 1040/3764, time remaining: 1m 39s
Rendered 1041/3764, time remaining: 1m 39s
Rendered 1042/3764, time remaining: 1m 39s
Rendered 1043/3764, time remaining: 1m 38s
Rendered 1044/3764, time remaining: 1m 39s
Rendered 1045/3764, time remaining: 1m 40s
Rendered 1046/3764, time remaining: 1m 40s
Rendered 1047/3764, time remaining: 1m 40s
Rendered 1048/3764, time remaining: 1m 39s
Rendered 1049/3764, time remaining: 1m 37s
Rendered 1050/3764, time remaining: 1m 37s
Rendered 1051/3764, time remaining: 1m 40s
Rendered 1052/3764, time remaining: 1m 40s
Rendered 1053/3764, time remaining: 1m 40s
Rendered 1054/3764, time remaining: 1m 40s
Rendered 1055/3764, time remaining: 1m 38s
Rendered 1056/3764, time remaining: 1m 38s
Rendered 1057/3764, time remaining: 1m 40s
Rendered 1058/3764, time remaining: 1m 40s
Rendered 1059/3764, time remaining: 1m 39s
Rendered 1060/3764, time remaining: 1m 39s
Rendered 1061/3764, time remaining: 1m 39s
Rendered 1062/3764, time remaining: 1m 39s
Rendered 1063/3764, time remaining: 1m 40s
Rendered 1064/3764, time remaining: 1m 39s
Rendered 1065/3764, time remaining: 1m 39s
Rendered 1066/3764, time remaining: 1m 39s
Rendered 1067/3764, time remaining: 1m 39s
Rendered 1068/3764, time remaining: 1m 38s
Rendered 1069/3764, time remaining: 1m 38s
Rendered 1070/3764, time remaining: 1m 39s
Rendered 1071/3764, time remaining: 1m 39s
Rendered 1072/3764, time remaining: 1m 39s
Rendered 1073/3764, time remaining: 1m 39s
Rendered 1074/3764, time remaining: 1m 39s
Rendered 1075/3764, time remaining: 1m 39s
Rendered 1076/3764, time remaining: 1m 39s
Rendered 1077/3764, time remaining: 1m 39s
Rendered 1078/3764, time remaining: 1m 39s
Rendered 1079/3764, time remaining: 1m 39s
Rendered 1080/3764, time remaining: 1m 38s
Rendered 1081/3764, time remaining: 1m 39s
Rendered 1082/3764, time remaining: 1m 39s
Rendered 1083/3764, time remaining: 1m 40s
Rendered 1084/3764, time remaining: 1m 39s
Rendered 1085/3764, time remaining: 1m 38s
Rendered 1086/3764, time remaining: 1m 38s
Rendered 1087/3764, time remaining: 1m 38s
Rendered 1088/3764, time remaining: 1m 37s
Rendered 1089/3764, time remaining: 1m 40s
Rendered 1090/3764, time remaining: 1m 40s
Rendered 1091/3764, time remaining: 1m 38s
Rendered 1092/3764, time remaining: 1m 38s
Rendered 1093/3764, time remaining: 1m 37s
Rendered 1094/3764, time remaining: 1m 37s
Rendered 1095/3764, time remaining: 1m 39s
Rendered 1096/3764, time remaining: 1m 39s
Rendered 1097/3764, time remaining: 1m 39s
Rendered 1098/3764, time remaining: 1m 39s
Rendered 1099/3764, time remaining: 1m 37s
Rendered 1100/3764, time remaining: 1m 37s
Rendered 1101/3764, time remaining: 1m 37s
Rendered 1102/3764, time remaining: 1m 37s
Rendered 1103/3764, time remaining: 1m 39s
Rendered 1104/3764, time remaining: 1m 39s
Rendered 1105/3764, time remaining: 1m 37s
Rendered 1106/3764, time remaining: 1m 37s
Rendered 1107/3764, time remaining: 1m 37s
Rendered 1108/3764, time remaining: 1m 38s
Rendered 1109/3764, time remaining: 1m 38s
Rendered 1110/3764, time remaining: 1m 39s
Rendered 1111/3764, time remaining: 1m 38s
Rendered 1112/3764, time remaining: 1m 37s
Rendered 1113/3764, time remaining: 1m 37s
Rendered 1114/3764, time remaining: 1m 37s
Rendered 1115/3764, time remaining: 1m 37s
Rendered 1116/3764, time remaining: 1m 37s
Rendered 1117/3764, time remaining: 1m 38s
Rendered 1118/3764, time remaining: 1m 38s
Rendered 1119/3764, time remaining: 1m 39s
Rendered 1120/3764, time remaining: 1m 37s
Rendered 1121/3764, time remaining: 1m 37s
Rendered 1122/3764, time remaining: 1m 37s
Rendered 1123/3764, time remaining: 1m 37s
Rendered 1124/3764, time remaining: 1m 37s
Rendered 1125/3764, time remaining: 1m 38s
Rendered 1126/3764, time remaining: 1m 37s
Rendered 1127/3764, time remaining: 1m 36s
Rendered 1128/3764, time remaining: 1m 36s
Rendered 1129/3764, time remaining: 1m 37s
Rendered 1130/3764, time remaining: 1m 37s
Rendered 1131/3764, time remaining: 1m 37s
Rendered 1132/3764, time remaining: 1m 36s
Rendered 1133/3764, time remaining: 1m 35s
Rendered 1134/3764, time remaining: 1m 37s
Rendered 1135/3764, time remaining: 1m 37s
Rendered 1136/3764, time remaining: 1m 36s
Rendered 1137/3764, time remaining: 1m 36s
Rendered 1138/3764, time remaining: 1m 36s
Rendered 1139/3764, time remaining: 1m 36s
Rendered 1140/3764, time remaining: 1m 36s
Rendered 1141/3764, time remaining: 1m 36s
Rendered 1142/3764, time remaining: 1m 37s
Rendered 1143/3764, time remaining: 1m 36s
Rendered 1144/3764, time remaining: 1m 35s
Rendered 1145/3764, time remaining: 1m 35s
Rendered 1146/3764, time remaining: 1m 36s
Rendered 1147/3764, time remaining: 1m 36s
Rendered 1148/3764, time remaining: 1m 37s
Rendered 1149/3764, time remaining: 1m 36s
Rendered 1150/3764, time remaining: 1m 35s
Rendered 1151/3764, time remaining: 1m 35s
Rendered 1152/3764, time remaining: 1m 35s
Rendered 1153/3764, time remaining: 1m 35s
Rendered 1154/3764, time remaining: 1m 36s
Rendered 1155/3764, time remaining: 1m 37s
Rendered 1156/3764, time remaining: 1m 36s
Rendered 1157/3764, time remaining: 1m 34s
Rendered 1158/3764, time remaining: 1m 34s
Rendered 1159/3764, time remaining: 1m 35s
Rendered 1160/3764, time remaining: 1m 36s
Rendered 1161/3764, time remaining: 1m 36s
Rendered 1162/3764, time remaining: 1m 35s
Rendered 1163/3764, time remaining: 1m 33s
Rendered 1164/3764, time remaining: 1m 33s
Rendered 1165/3764, time remaining: 1m 33s
Rendered 1166/3764, time remaining: 1m 35s
Rendered 1167/3764, time remaining: 1m 35s
Rendered 1168/3764, time remaining: 1m 34s
Rendered 1169/3764, time remaining: 1m 33s
Rendered 1170/3764, time remaining: 1m 32s
Rendered 1171/3764, time remaining: 1m 33s
Rendered 1172/3764, time remaining: 1m 34s
Rendered 1173/3764, time remaining: 1m 34s
Rendered 1174/3764, time remaining: 1m 33s
Rendered 1175/3764, time remaining: 1m 33s
Rendered 1176/3764, time remaining: 1m 32s
Rendered 1177/3764, time remaining: 1m 33s
Rendered 1178/3764, time remaining: 1m 32s
Rendered 1179/3764, time remaining: 1m 34s
Rendered 1180/3764, time remaining: 1m 32s
Rendered 1181/3764, time remaining: 1m 32s
Rendered 1182/3764, time remaining: 1m 32s
Rendered 1183/3764, time remaining: 1m 32s
Rendered 1184/3764, time remaining: 1m 33s
Rendered 1185/3764, time remaining: 1m 33s
Rendered 1186/3764, time remaining: 1m 33s
Rendered 1187/3764, time remaining: 1m 33s
Rendered 1188/3764, time remaining: 1m 32s
Rendered 1189/3764, time remaining: 1m 31s
Rendered 1190/3764, time remaining: 1m 31s
Rendered 1191/3764, time remaining: 1m 31s
Rendered 1192/3764, time remaining: 1m 32s
Rendered 1193/3764, time remaining: 1m 33s
Rendered 1194/3764, time remaining: 1m 33s
Rendered 1195/3764, time remaining: 1m 30s
Rendered 1196/3764, time remaining: 1m 31s
Rendered 1197/3764, time remaining: 1m 31s
Rendered 1198/3764, time remaining: 1m 31s
Rendered 1199/3764, time remaining: 1m 31s
Rendered 1200/3764, time remaining: 1m 32s
Rendered 1201/3764, time remaining: 1m 29s
Rendered 1202/3764, time remaining: 1m 30s
Rendered 1203/3764, time remaining: 1m 30s
Rendered 1204/3764, time remaining: 1m 31s
Rendered 1205/3764, time remaining: 1m 31s
Rendered 1206/3764, time remaining: 1m 32s
Rendered 1207/3764, time remaining: 1m 29s
Rendered 1208/3764, time remaining: 1m 29s
Rendered 1209/3764, time remaining: 1m 29s
Rendered 1210/3764, time remaining: 1m 29s
Rendered 1211/3764, time remaining: 1m 29s
Rendered 1212/3764, time remaining: 1m 31s
Rendered 1213/3764, time remaining: 1m 29s
Rendered 1214/3764, time remaining: 1m 29s
Rendered 1215/3764, time remaining: 1m 29s
Rendered 1216/3764, time remaining: 1m 29s
Rendered 1217/3764, time remaining: 1m 29s
Rendered 1218/3764, time remaining: 1m 31s
Rendered 1219/3764, time remaining: 1m 30s
Rendered 1220/3764, time remaining: 1m 30s
Rendered 1221/3764, time remaining: 1m 29s
Rendered 1222/3764, time remaining: 1m 29s
Rendered 1223/3764, time remaining: 1m 28s
Rendered 1224/3764, time remaining: 1m 29s
Rendered 1225/3764, time remaining: 1m 30s
Rendered 1226/3764, time remaining: 1m 30s
Rendered 1227/3764, time remaining: 1m 29s
Rendered 1228/3764, time remaining: 1m 28s
Rendered 1229/3764, time remaining: 1m 28s
Rendered 1230/3764, time remaining: 1m 29s
Rendered 1231/3764, time remaining: 1m 29s
Rendered 1232/3764, time remaining: 1m 29s
Rendered 1233/3764, time remaining: 1m 27s
Rendered 1234/3764, time remaining: 1m 28s
Rendered 1235/3764, time remaining: 1m 28s
Rendered 1236/3764, time remaining: 1m 29s
Rendered 1237/3764, time remaining: 1m 29s
Rendered 1238/3764, time remaining: 1m 29s
Rendered 1239/3764, time remaining: 1m 28s
Rendered 1240/3764, time remaining: 1m 27s
Rendered 1241/3764, time remaining: 1m 28s
Rendered 1242/3764, time remaining: 1m 29s
Rendered 1243/3764, time remaining: 1m 29s
Rendered 1244/3764, time remaining: 1m 29s
Rendered 1245/3764, time remaining: 1m 27s
Rendered 1246/3764, time remaining: 1m 27s
Rendered 1247/3764, time remaining: 1m 27s
Rendered 1248/3764, time remaining: 1m 27s
Rendered 1249/3764, time remaining: 1m 28s
Rendered 1250/3764, time remaining: 1m 29s
Rendered 1251/3764, time remaining: 1m 28s
Rendered 1252/3764, time remaining: 1m 28s
Rendered 1253/3764, time remaining: 1m 27s
Rendered 1254/3764, time remaining: 1m 27s
Rendered 1255/3764, time remaining: 1m 27s
Rendered 1256/3764, time remaining: 1m 29s
Rendered 1257/3764, time remaining: 1m 28s
Rendered 1258/3764, time remaining: 1m 27s
Rendered 1259/3764, time remaining: 1m 27s
Rendered 1260/3764, time remaining: 1m 26s
Rendered 1261/3764, time remaining: 1m 27s
Rendered 1262/3764, time remaining: 1m 29s
Rendered 1263/3764, time remaining: 1m 28s
Rendered 1264/3764, time remaining: 1m 27s
Rendered 1265/3764, time remaining: 1m 27s
Rendered 1266/3764, time remaining: 1m 27s
Rendered 1267/3764, time remaining: 1m 27s
Rendered 1268/3764, time remaining: 1m 28s
Rendered 1269/3764, time remaining: 1m 27s
Rendered 1270/3764, time remaining: 1m 28s
Rendered 1271/3764, time remaining: 1m 28s
Rendered 1272/3764, time remaining: 1m 27s
Rendered 1273/3764, time remaining: 1m 27s
Rendered 1274/3764, time remaining: 1m 27s
Rendered 1275/3764, time remaining: 1m 28s
Rendered 1276/3764, time remaining: 1m 28s
Rendered 1277/3764, time remaining: 1m 28s
Rendered 1278/3764, time remaining: 1m 28s
Rendered 1279/3764, time remaining: 1m 27s
Rendered 1280/3764, time remaining: 1m 27s
Rendered 1281/3764, time remaining: 1m 29s
Rendered 1282/3764, time remaining: 1m 29s
Rendered 1283/3764, time remaining: 1m 28s
Rendered 1284/3764, time remaining: 1m 27s
Rendered 1285/3764, time remaining: 1m 27s
Rendered 1286/3764, time remaining: 1m 27s
Rendered 1287/3764, time remaining: 1m 27s
Rendered 1288/3764, time remaining: 1m 29s
Rendered 1289/3764, time remaining: 1m 28s
Rendered 1290/3764, time remaining: 1m 28s
Rendered 1291/3764, time remaining: 1m 27s
Rendered 1292/3764, time remaining: 1m 27s
Rendered 1293/3764, time remaining: 1m 27s
Rendered 1294/3764, time remaining: 1m 29s
Rendered 1295/3764, time remaining: 1m 28s
Rendered 1296/3764, time remaining: 1m 28s
Rendered 1297/3764, time remaining: 1m 28s
Rendered 1298/3764, time remaining: 1m 27s
Rendered 1299/3764, time remaining: 1m 27s
Rendered 1300/3764, time remaining: 1m 27s
Rendered 1301/3764, time remaining: 1m 28s
Rendered 1302/3764, time remaining: 1m 28s
Rendered 1303/3764, time remaining: 1m 28s
Rendered 1304/3764, time remaining: 1m 27s
Rendered 1305/3764, time remaining: 1m 27s
Rendered 1306/3764, time remaining: 1m 27s
Rendered 1307/3764, time remaining: 1m 28s
Rendered 1308/3764, time remaining: 1m 28s
Rendered 1309/3764, time remaining: 1m 27s
Rendered 1310/3764, time remaining: 1m 28s
Rendered 1311/3764, time remaining: 1m 28s
Rendered 1312/3764, time remaining: 1m 28s
Rendered 1313/3764, time remaining: 1m 28s
Rendered 1314/3764, time remaining: 1m 27s
Rendered 1315/3764, time remaining: 1m 27s
Rendered 1316/3764, time remaining: 1m 26s
Rendered 1317/3764, time remaining: 1m 28s
Rendered 1318/3764, time remaining: 1m 28s
Rendered 1319/3764, time remaining: 1m 28s
Rendered 1320/3764, time remaining: 1m 28s
Rendered 1321/3764, time remaining: 1m 27s
Rendered 1322/3764, time remaining: 1m 27s
Rendered 1323/3764, time remaining: 1m 26s
Rendered 1324/3764, time remaining: 1m 27s
Rendered 1325/3764, time remaining: 1m 27s
Rendered 1326/3764, time remaining: 1m 28s
Rendered 1327/3764, time remaining: 1m 28s
Rendered 1328/3764, time remaining: 1m 29s
Rendered 1329/3764, time remaining: 1m 27s
Rendered 1330/3764, time remaining: 1m 27s
Rendered 1331/3764, time remaining: 1m 27s
Rendered 1332/3764, time remaining: 1m 28s
Rendered 1333/3764, time remaining: 1m 28s
Rendered 1334/3764, time remaining: 1m 27s
Rendered 1335/3764, time remaining: 1m 27s
Rendered 1336/3764, time remaining: 1m 27s
Rendered 1337/3764, time remaining: 1m 27s
Rendered 1338/3764, time remaining: 1m 28s
Rendered 1339/3764, time remaining: 1m 28s
Rendered 1340/3764, time remaining: 1m 28s
Rendered 1341/3764, time remaining: 1m 28s
Rendered 1342/3764, time remaining: 1m 27s
Rendered 1343/3764, time remaining: 1m 27s
Rendered 1344/3764, time remaining: 1m 28s
Rendered 1345/3764, time remaining: 1m 28s
Rendered 1346/3764, time remaining: 1m 28s
Rendered 1347/3764, time remaining: 1m 28s
Rendered 1348/3764, time remaining: 1m 27s
Rendered 1349/3764, time remaining: 1m 27s
Rendered 1350/3764, time remaining: 1m 28s
Rendered 1351/3764, time remaining: 1m 28s
Rendered 1352/3764, time remaining: 1m 28s
Rendered 1353/3764, time remaining: 1m 28s
Rendered 1354/3764, time remaining: 1m 27s
Rendered 1355/3764, time remaining: 1m 28s
Rendered 1356/3764, time remaining: 1m 27s
Rendered 1357/3764, time remaining: 1m 27s
Rendered 1358/3764, time remaining: 1m 27s
Rendered 1359/3764, time remaining: 1m 28s
Rendered 1360/3764, time remaining: 1m 28s
Rendered 1361/3764, time remaining: 1m 29s
Rendered 1362/3764, time remaining: 1m 27s
Rendered 1363/3764, time remaining: 1m 27s
Rendered 1364/3764, time remaining: 1m 27s
Rendered 1365/3764, time remaining: 1m 28s
Rendered 1366/3764, time remaining: 1m 28s
Rendered 1367/3764, time remaining: 1m 29s
Rendered 1368/3764, time remaining: 1m 27s
Rendered 1369/3764, time remaining: 1m 26s
Rendered 1370/3764, time remaining: 1m 26s
Rendered 1371/3764, time remaining: 1m 27s
Rendered 1372/3764, time remaining: 1m 28s
Rendered 1373/3764, time remaining: 1m 28s
Rendered 1374/3764, time remaining: 1m 28s
Rendered 1375/3764, time remaining: 1m 27s
Rendered 1376/3764, time remaining: 1m 26s
Rendered 1377/3764, time remaining: 1m 27s
Rendered 1378/3764, time remaining: 1m 27s
Rendered 1379/3764, time remaining: 1m 28s
Rendered 1380/3764, time remaining: 1m 27s
Rendered 1381/3764, time remaining: 1m 27s
Rendered 1382/3764, time remaining: 1m 27s
Rendered 1383/3764, time remaining: 1m 28s
Rendered 1384/3764, time remaining: 1m 27s
Rendered 1385/3764, time remaining: 1m 27s
Rendered 1386/3764, time remaining: 1m 27s
Rendered 1387/3764, time remaining: 1m 27s
Rendered 1388/3764, time remaining: 1m 26s
Rendered 1389/3764, time remaining: 1m 26s
Rendered 1390/3764, time remaining: 1m 26s
Rendered 1391/3764, time remaining: 1m 26s
Rendered 1392/3764, time remaining: 1m 27s
Rendered 1393/3764, time remaining: 1m 27s
Rendered 1394/3764, time remaining: 1m 27s
Rendered 1395/3764, time remaining: 1m 27s
Rendered 1396/3764, time remaining: 1m 27s
Rendered 1397/3764, time remaining: 1m 26s
Rendered 1398/3764, time remaining: 1m 27s
Rendered 1399/3764, time remaining: 1m 26s
Rendered 1400/3764, time remaining: 1m 26s
Rendered 1401/3764, time remaining: 1m 26s
Rendered 1402/3764, time remaining: 1m 26s
Rendered 1403/3764, time remaining: 1m 26s
Rendered 1404/3764, time remaining: 1m 26s
Rendered 1405/3764, time remaining: 1m 28s
Rendered 1406/3764, time remaining: 1m 26s
Rendered 1407/3764, time remaining: 1m 26s
Rendered 1408/3764, time remaining: 1m 26s
Rendered 1409/3764, time remaining: 1m 26s
Rendered 1410/3764, time remaining: 1m 26s
Rendered 1411/3764, time remaining: 1m 27s
Rendered 1412/3764, time remaining: 1m 26s
Rendered 1413/3764, time remaining: 1m 26s
Rendered 1414/3764, time remaining: 1m 26s
Rendered 1415/3764, time remaining: 1m 25s
Rendered 1416/3764, time remaining: 1m 26s
Rendered 1417/3764, time remaining: 1m 26s
Rendered 1418/3764, time remaining: 1m 26s
Rendered 1419/3764, time remaining: 1m 25s
Rendered 1420/3764, time remaining: 1m 25s
Rendered 1421/3764, time remaining: 1m 25s
Rendered 1422/3764, time remaining: 1m 26s
Rendered 1423/3764, time remaining: 1m 26s
Rendered 1424/3764, time remaining: 1m 28s
Rendered 1425/3764, time remaining: 1m 25s
Rendered 1426/3764, time remaining: 1m 25s
Rendered 1427/3764, time remaining: 1m 25s
Rendered 1428/3764, time remaining: 1m 25s
Rendered 1429/3764, time remaining: 1m 26s
Rendered 1430/3764, time remaining: 1m 27s
Rendered 1431/3764, time remaining: 1m 25s
Rendered 1432/3764, time remaining: 1m 24s
Rendered 1433/3764, time remaining: 1m 25s
Rendered 1434/3764, time remaining: 1m 25s
Rendered 1435/3764, time remaining: 1m 26s
Rendered 1436/3764, time remaining: 1m 27s
Rendered 1437/3764, time remaining: 1m 26s
Rendered 1438/3764, time remaining: 1m 24s
Rendered 1439/3764, time remaining: 1m 25s
Rendered 1440/3764, time remaining: 1m 24s
Rendered 1441/3764, time remaining: 1m 25s
Rendered 1442/3764, time remaining: 1m 26s
Rendered 1443/3764, time remaining: 1m 26s
Rendered 1444/3764, time remaining: 1m 24s
Rendered 1445/3764, time remaining: 1m 25s
Rendered 1446/3764, time remaining: 1m 25s
Rendered 1447/3764, time remaining: 1m 26s
Rendered 1448/3764, time remaining: 1m 25s
Rendered 1449/3764, time remaining: 1m 25s
Rendered 1450/3764, time remaining: 1m 25s
Rendered 1451/3764, time remaining: 1m 24s
Rendered 1452/3764, time remaining: 1m 25s
Rendered 1453/3764, time remaining: 1m 25s
Rendered 1454/3764, time remaining: 1m 25s
Rendered 1455/3764, time remaining: 1m 25s
Rendered 1456/3764, time remaining: 1m 25s
Rendered 1457/3764, time remaining: 1m 24s
Rendered 1458/3764, time remaining: 1m 24s
Rendered 1459/3764, time remaining: 1m 25s
Rendered 1460/3764, time remaining: 1m 24s
Rendered 1461/3764, time remaining: 1m 24s
Rendered 1462/3764, time remaining: 1m 24s
Rendered 1463/3764, time remaining: 1m 24s
Rendered 1464/3764, time remaining: 1m 24s
Rendered 1465/3764, time remaining: 1m 25s
Rendered 1466/3764, time remaining: 1m 24s
Rendered 1467/3764, time remaining: 1m 24s
Rendered 1468/3764, time remaining: 1m 24s
Rendered 1469/3764, time remaining: 1m 24s
Rendered 1470/3764, time remaining: 1m 24s
Rendered 1471/3764, time remaining: 1m 23s
Rendered 1472/3764, time remaining: 1m 23s
Rendered 1473/3764, time remaining: 1m 25s
Rendered 1474/3764, time remaining: 1m 24s
Rendered 1475/3764, time remaining: 1m 24s
Rendered 1476/3764, time remaining: 1m 23s
Rendered 1477/3764, time remaining: 1m 23s
Rendered 1478/3764, time remaining: 1m 22s
Rendered 1479/3764, time remaining: 1m 23s
Rendered 1480/3764, time remaining: 1m 24s
Rendered 1481/3764, time remaining: 1m 24s
Rendered 1482/3764, time remaining: 1m 23s
Rendered 1483/3764, time remaining: 1m 23s
Rendered 1484/3764, time remaining: 1m 23s
Rendered 1485/3764, time remaining: 1m 23s
Rendered 1486/3764, time remaining: 1m 23s
Rendered 1487/3764, time remaining: 1m 24s
Rendered 1488/3764, time remaining: 1m 23s
Rendered 1489/3764, time remaining: 1m 23s
Rendered 1490/3764, time remaining: 1m 23s
Rendered 1491/3764, time remaining: 1m 23s
Rendered 1492/3764, time remaining: 1m 22s
Rendered 1493/3764, time remaining: 1m 23s
Rendered 1494/3764, time remaining: 1m 22s
Rendered 1495/3764, time remaining: 1m 22s
Rendered 1496/3764, time remaining: 1m 22s
Rendered 1497/3764, time remaining: 1m 22s
Rendered 1498/3764, time remaining: 1m 22s
Rendered 1499/3764, time remaining: 1m 24s
Rendered 1500/3764, time remaining: 1m 23s
Rendered 1501/3764, time remaining: 1m 22s
Rendered 1502/3764, time remaining: 1m 22s
Rendered 1503/3764, time remaining: 1m 21s
Rendered 1504/3764, time remaining: 1m 21s
Rendered 1505/3764, time remaining: 1m 22s
Rendered 1506/3764, time remaining: 1m 22s
Rendered 1507/3764, time remaining: 1m 22s
Rendered 1508/3764, time remaining: 1m 22s
Rendered 1509/3764, time remaining: 1m 21s
Rendered 1510/3764, time remaining: 1m 21s
Rendered 1511/3764, time remaining: 1m 22s
Rendered 1512/3764, time remaining: 1m 22s
Rendered 1513/3764, time remaining: 1m 23s
Rendered 1514/3764, time remaining: 1m 22s
Rendered 1515/3764, time remaining: 1m 22s
Rendered 1516/3764, time remaining: 1m 21s
Rendered 1517/3764, time remaining: 1m 21s
Rendered 1518/3764, time remaining: 1m 21s
Rendered 1519/3764, time remaining: 1m 22s
Rendered 1520/3764, time remaining: 1m 23s
Rendered 1521/3764, time remaining: 1m 22s
Rendered 1522/3764, time remaining: 1m 21s
Rendered 1523/3764, time remaining: 1m 21s
Rendered 1524/3764, time remaining: 1m 21s
Rendered 1525/3764, time remaining: 1m 21s
Rendered 1526/3764, time remaining: 1m 21s
Rendered 1527/3764, time remaining: 1m 21s
Rendered 1528/3764, time remaining: 1m 22s
Rendered 1529/3764, time remaining: 1m 21s
Rendered 1530/3764, time remaining: 1m 21s
Rendered 1531/3764, time remaining: 1m 21s
Rendered 1532/3764, time remaining: 1m 21s
Rendered 1533/3764, time remaining: 1m 20s
Rendered 1534/3764, time remaining: 1m 22s
Rendered 1535/3764, time remaining: 1m 21s
Rendered 1536/3764, time remaining: 1m 21s
Rendered 1537/3764, time remaining: 1m 21s
Rendered 1538/3764, time remaining: 1m 21s
Rendered 1539/3764, time remaining: 1m 21s
Rendered 1540/3764, time remaining: 1m 22s
Rendered 1541/3764, time remaining: 1m 22s
Rendered 1542/3764, time remaining: 1m 20s
Rendered 1543/3764, time remaining: 1m 20s
Rendered 1544/3764, time remaining: 1m 20s
Rendered 1545/3764, time remaining: 1m 21s
Rendered 1546/3764, time remaining: 1m 22s
Rendered 1547/3764, time remaining: 1m 22s
Rendered 1548/3764, time remaining: 1m 21s
Rendered 1549/3764, time remaining: 1m 21s
Rendered 1550/3764, time remaining: 1m 21s
Rendered 1551/3764, time remaining: 1m 21s
Rendered 1552/3764, time remaining: 1m 21s
Rendered 1553/3764, time remaining: 1m 21s
Rendered 1554/3764, time remaining: 1m 22s
Rendered 1555/3764, time remaining: 1m 20s
Rendered 1556/3764, time remaining: 1m 20s
Rendered 1557/3764, time remaining: 1m 21s
Rendered 1558/3764, time remaining: 1m 21s
Rendered 1559/3764, time remaining: 1m 21s
Rendered 1560/3764, time remaining: 1m 22s
Rendered 1561/3764, time remaining: 1m 20s
Rendered 1562/3764, time remaining: 1m 19s
Rendered 1563/3764, time remaining: 1m 20s
Rendered 1564/3764, time remaining: 1m 20s
Rendered 1565/3764, time remaining: 1m 21s
Rendered 1566/3764, time remaining: 1m 21s
Rendered 1567/3764, time remaining: 1m 20s
Rendered 1568/3764, time remaining: 1m 19s
Rendered 1569/3764, time remaining: 1m 20s
Rendered 1570/3764, time remaining: 1m 20s
Rendered 1571/3764, time remaining: 1m 20s
Rendered 1572/3764, time remaining: 1m 20s
Rendered 1573/3764, time remaining: 1m 20s
Rendered 1574/3764, time remaining: 1m 18s
Rendered 1575/3764, time remaining: 1m 19s
Rendered 1576/3764, time remaining: 1m 19s
Rendered 1577/3764, time remaining: 1m 19s
Rendered 1578/3764, time remaining: 1m 20s
Rendered 1579/3764, time remaining: 1m 19s
Rendered 1580/3764, time remaining: 1m 18s
Rendered 1581/3764, time remaining: 1m 18s
Rendered 1582/3764, time remaining: 1m 19s
Rendered 1583/3764, time remaining: 1m 18s
Rendered 1584/3764, time remaining: 1m 19s
Rendered 1585/3764, time remaining: 1m 18s
Rendered 1586/3764, time remaining: 1m 17s
Rendered 1587/3764, time remaining: 1m 18s
Rendered 1588/3764, time remaining: 1m 18s
Rendered 1589/3764, time remaining: 1m 18s
Rendered 1590/3764, time remaining: 1m 19s
Rendered 1591/3764, time remaining: 1m 18s
Rendered 1592/3764, time remaining: 1m 17s
Rendered 1593/3764, time remaining: 1m 18s
Rendered 1594/3764, time remaining: 1m 18s
Rendered 1595/3764, time remaining: 1m 17s
Rendered 1596/3764, time remaining: 1m 18s
Rendered 1597/3764, time remaining: 1m 17s
Rendered 1598/3764, time remaining: 1m 18s
Rendered 1599/3764, time remaining: 1m 18s
Rendered 1600/3764, time remaining: 1m 17s
Rendered 1601/3764, time remaining: 1m 17s
Rendered 1602/3764, time remaining: 1m 18s
Rendered 1603/3764, time remaining: 1m 17s
Rendered 1604/3764, time remaining: 1m 17s
Rendered 1605/3764, time remaining: 1m 17s
Rendered 1606/3764, time remaining: 1m 17s
Rendered 1607/3764, time remaining: 1m 17s
Rendered 1608/3764, time remaining: 1m 18s
Rendered 1609/3764, time remaining: 1m 18s
Rendered 1610/3764, time remaining: 1m 17s
Rendered 1611/3764, time remaining: 1m 17s
Rendered 1612/3764, time remaining: 1m 16s
Rendered 1613/3764, time remaining: 1m 16s
Rendered 1614/3764, time remaining: 1m 18s
Rendered 1615/3764, time remaining: 1m 17s
Rendered 1616/3764, time remaining: 1m 17s
Rendered 1617/3764, time remaining: 1m 16s
Rendered 1618/3764, time remaining: 1m 16s
Rendered 1619/3764, time remaining: 1m 16s
Rendered 1620/3764, time remaining: 1m 18s
Rendered 1621/3764, time remaining: 1m 18s
Rendered 1622/3764, time remaining: 1m 18s
Rendered 1623/3764, time remaining: 1m 16s
Rendered 1624/3764, time remaining: 1m 16s
Rendered 1625/3764, time remaining: 1m 16s
Rendered 1626/3764, time remaining: 1m 17s
Rendered 1627/3764, time remaining: 1m 17s
Rendered 1628/3764, time remaining: 1m 17s
Rendered 1629/3764, time remaining: 1m 17s
Rendered 1630/3764, time remaining: 1m 16s
Rendered 1631/3764, time remaining: 1m 16s
Rendered 1632/3764, time remaining: 1m 17s
Rendered 1633/3764, time remaining: 1m 17s
Rendered 1634/3764, time remaining: 1m 17s
Rendered 1635/3764, time remaining: 1m 16s
Rendered 1636/3764, time remaining: 1m 17s
Rendered 1637/3764, time remaining: 1m 16s
Rendered 1638/3764, time remaining: 1m 16s
Rendered 1639/3764, time remaining: 1m 16s
Rendered 1640/3764, time remaining: 1m 16s
Rendered 1641/3764, time remaining: 1m 16s
Rendered 1642/3764, time remaining: 1m 17s
Rendered 1643/3764, time remaining: 1m 16s
Rendered 1644/3764, time remaining: 1m 17s
Rendered 1645/3764, time remaining: 1m 17s
Rendered 1646/3764, time remaining: 1m 17s
Rendered 1647/3764, time remaining: 1m 17s
Rendered 1648/3764, time remaining: 1m 16s
Rendered 1649/3764, time remaining: 1m 15s
Rendered 1650/3764, time remaining: 1m 15s
Rendered 1651/3764, time remaining: 1m 16s
Rendered 1652/3764, time remaining: 1m 17s
Rendered 1653/3764, time remaining: 1m 17s
Rendered 1654/3764, time remaining: 1m 17s
Rendered 1655/3764, time remaining: 1m 15s
Rendered 1656/3764, time remaining: 1m 15s
Rendered 1657/3764, time remaining: 1m 15s
Rendered 1658/3764, time remaining: 1m 17s
Rendered 1659/3764, time remaining: 1m 17s
Rendered 1660/3764, time remaining: 1m 17s
Rendered 1661/3764, time remaining: 1m 15s
Rendered 1662/3764, time remaining: 1m 15s
Rendered 1663/3764, time remaining: 1m 14s
Rendered 1664/3764, time remaining: 1m 14s
Rendered 1665/3764, time remaining: 1m 15s
Rendered 1666/3764, time remaining: 1m 14s
Rendered 1667/3764, time remaining: 1m 14s
Rendered 1668/3764, time remaining: 1m 14s
Rendered 1669/3764, time remaining: 1m 13s
Rendered 1670/3764, time remaining: 1m 13s
Rendered 1671/3764, time remaining: 1m 12s
Rendered 1672/3764, time remaining: 1m 12s
Rendered 1673/3764, time remaining: 1m 12s
Rendered 1674/3764, time remaining: 1m 12s
Rendered 1675/3764, time remaining: 1m 11s
Rendered 1676/3764, time remaining: 1m 11s
Rendered 1677/3764, time remaining: 1m 11s
Rendered 1678/3764, time remaining: 1m 10s
Rendered 1679/3764, time remaining: 1m 10s
Rendered 1680/3764, time remaining: 1m 10s
Rendered 1681/3764, time remaining: 1m 10s
Rendered 1682/3764, time remaining: 1m 11s
Rendered 1683/3764, time remaining: 1m 11s
Rendered 1684/3764, time remaining: 1m 9s
Rendered 1685/3764, time remaining: 1m 10s
Rendered 1686/3764, time remaining: 1m 10s
Rendered 1687/3764, time remaining: 1m 10s
Rendered 1688/3764, time remaining: 1m 10s
Rendered 1689/3764, time remaining: 1m 10s
Rendered 1690/3764, time remaining: 1m 9s
Rendered 1691/3764, time remaining: 1m 9s
Rendered 1692/3764, time remaining: 1m 10s
Rendered 1693/3764, time remaining: 1m 10s
Rendered 1694/3764, time remaining: 1m 11s
Rendered 1695/3764, time remaining: 1m 10s
Rendered 1696/3764, time remaining: 1m 9s
Rendered 1697/3764, time remaining: 1m 9s
Rendered 1698/3764, time remaining: 1m 9s
Rendered 1699/3764, time remaining: 1m 9s
Rendered 1700/3764, time remaining: 1m 10s
Rendered 1701/3764, time remaining: 1m 10s
Rendered 1702/3764, time remaining: 1m 9s
Rendered 1703/3764, time remaining: 1m 9s
Rendered 1704/3764, time remaining: 1m 9s
Rendered 1705/3764, time remaining: 1m 9s
Rendered 1706/3764, time remaining: 1m 10s
Rendered 1707/3764, time remaining: 1m 9s
Rendered 1708/3764, time remaining: 1m 9s
Rendered 1709/3764, time remaining: 1m 9s
Rendered 1710/3764, time remaining: 1m 9s
Rendered 1711/3764, time remaining: 1m 9s
Rendered 1712/3764, time remaining: 1m 10s
Rendered 1713/3764, time remaining: 1m 10s
Rendered 1714/3764, time remaining: 1m 10s
Rendered 1715/3764, time remaining: 1m 9s
Rendered 1716/3764, time remaining: 1m 9s
Rendered 1717/3764, time remaining: 1m 9s
Rendered 1718/3764, time remaining: 1m 9s
Rendered 1719/3764, time remaining: 1m 10s
Rendered 1720/3764, time remaining: 1m 10s
Rendered 1721/3764, time remaining: 1m 10s
Rendered 1722/3764, time remaining: 1m 10s
Rendered 1723/3764, time remaining: 1m 10s
Rendered 1724/3764, time remaining: 1m 9s
Rendered 1725/3764, time remaining: 1m 10s
Rendered 1726/3764, time remaining: 1m 10s
Rendered 1727/3764, time remaining: 1m 10s
Rendered 1728/3764, time remaining: 1m 9s
Rendered 1729/3764, time remaining: 1m 9s
Rendered 1730/3764, time remaining: 1m 9s
Rendered 1731/3764, time remaining: 1m 9s
Rendered 1732/3764, time remaining: 1m 10s
Rendered 1733/3764, time remaining: 1m 10s
Rendered 1734/3764, time remaining: 1m 10s
Rendered 1735/3764, time remaining: 1m 10s
Rendered 1736/3764, time remaining: 1m 9s
Rendered 1737/3764, time remaining: 1m 9s
Rendered 1738/3764, time remaining: 1m 9s
Rendered 1739/3764, time remaining: 1m 10s
Rendered 1740/3764, time remaining: 1m 10s
Rendered 1741/3764, time remaining: 1m 10s
Rendered 1742/3764, time remaining: 1m 9s
Rendered 1743/3764, time remaining: 1m 9s
Rendered 1744/3764, time remaining: 1m 9s
Rendered 1745/3764, time remaining: 1m 10s
Rendered 1746/3764, time remaining: 1m 9s
Rendered 1747/3764, time remaining: 1m 10s
Rendered 1748/3764, time remaining: 1m 9s
Rendered 1749/3764, time remaining: 1m 9s
Rendered 1750/3764, time remaining: 1m 9s
Rendered 1751/3764, time remaining: 1m 10s
Rendered 1752/3764, time remaining: 1m 9s
Rendered 1753/3764, time remaining: 1m 10s
Rendered 1754/3764, time remaining: 1m 9s
Rendered 1755/3764, time remaining: 1m 9s
Rendered 1756/3764, time remaining: 1m 9s
Rendered 1757/3764, time remaining: 1m 9s
Rendered 1758/3764, time remaining: 1m 9s
Rendered 1759/3764, time remaining: 1m 9s
Rendered 1760/3764, time remaining: 1m 9s
Rendered 1761/3764, time remaining: 1m 9s
Rendered 1762/3764, time remaining: 1m 10s
Rendered 1763/3764, time remaining: 1m 9s
Rendered 1764/3764, time remaining: 1m 9s
Rendered 1765/3764, time remaining: 1m 9s
Rendered 1766/3764, time remaining: 1m 10s
Rendered 1767/3764, time remaining: 1m 9s
Rendered 1768/3764, time remaining: 1m 9s
Rendered 1769/3764, time remaining: 1m 9s
Rendered 1770/3764, time remaining: 1m 8s
Rendered 1771/3764, time remaining: 1m 9s
Rendered 1772/3764, time remaining: 1m 9s
Rendered 1773/3764, time remaining: 1m 9s
Rendered 1774/3764, time remaining: 1m 9s
Rendered 1775/3764, time remaining: 1m 8s
Rendered 1776/3764, time remaining: 1m 7s
Rendered 1777/3764, time remaining: 1m 9s
Rendered 1778/3764, time remaining: 1m 9s
Rendered 1779/3764, time remaining: 1m 9s
Rendered 1780/3764, time remaining: 1m 8s
Rendered 1781/3764, time remaining: 1m 8s
Rendered 1782/3764, time remaining: 1m 7s
Rendered 1783/3764, time remaining: 1m 9s
Rendered 1784/3764, time remaining: 1m 9s
Rendered 1785/3764, time remaining: 1m 8s
Rendered 1786/3764, time remaining: 1m 7s
Rendered 1787/3764, time remaining: 1m 7s
Rendered 1788/3764, time remaining: 1m 7s
Rendered 1789/3764, time remaining: 1m 9s
Rendered 1790/3764, time remaining: 1m 9s
Rendered 1791/3764, time remaining: 1m 9s
Rendered 1792/3764, time remaining: 1m 8s
Rendered 1793/3764, time remaining: 1m 8s
Rendered 1794/3764, time remaining: 1m 7s
Rendered 1795/3764, time remaining: 1m 7s
Rendered 1796/3764, time remaining: 1m 9s
Rendered 1797/3764, time remaining: 1m 8s
Rendered 1798/3764, time remaining: 1m 8s
Rendered 1799/3764, time remaining: 1m 8s
Rendered 1800/3764, time remaining: 1m 8s
Rendered 1801/3764, time remaining: 1m 7s
Rendered 1802/3764, time remaining: 1m 8s
Rendered 1803/3764, time remaining: 1m 8s
Rendered 1804/3764, time remaining: 1m 8s
Rendered 1805/3764, time remaining: 1m 8s
Rendered 1806/3764, time remaining: 1m 7s
Rendered 1807/3764, time remaining: 1m 8s
Rendered 1808/3764, time remaining: 1m 8s
Rendered 1809/3764, time remaining: 1m 8s
Rendered 1810/3764, time remaining: 1m 8s
Rendered 1811/3764, time remaining: 1m 8s
Rendered 1812/3764, time remaining: 1m 8s
Rendered 1813/3764, time remaining: 1m 8s
Rendered 1814/3764, time remaining: 1m 9s
Rendered 1815/3764, time remaining: 1m 9s
Rendered 1816/3764, time remaining: 1m 10s
Rendered 1817/3764, time remaining: 1m 10s
Rendered 1818/3764, time remaining: 1m 10s
Rendered 1819/3764, time remaining: 1m 9s
Rendered 1820/3764, time remaining: 1m 10s
Rendered 1821/3764, time remaining: 1m 11s
Rendered 1822/3764, time remaining: 1m 11s
Rendered 1823/3764, time remaining: 1m 11s
Rendered 1824/3764, time remaining: 1m 11s
Rendered 1825/3764, time remaining: 1m 11s
Rendered 1826/3764, time remaining: 1m 11s
Rendered 1827/3764, time remaining: 1m 12s
Rendered 1828/3764, time remaining: 1m 12s
Rendered 1829/3764, time remaining: 1m 12s
Rendered 1830/3764, time remaining: 1m 13s
Rendered 1831/3764, time remaining: 1m 13s
Rendered 1832/3764, time remaining: 1m 12s
Rendered 1833/3764, time remaining: 1m 12s
Rendered 1834/3764, time remaining: 1m 12s
Rendered 1835/3764, time remaining: 1m 11s
Rendered 1836/3764, time remaining: 1m 11s
Rendered 1837/3764, time remaining: 1m 12s
Rendered 1838/3764, time remaining: 1m 11s
Rendered 1839/3764, time remaining: 1m 12s
Rendered 1840/3764, time remaining: 1m 13s
Rendered 1841/3764, time remaining: 1m 12s
Rendered 1842/3764, time remaining: 1m 12s
Rendered 1843/3764, time remaining: 1m 12s
Rendered 1844/3764, time remaining: 1m 11s
Rendered 1845/3764, time remaining: 1m 11s
Rendered 1846/3764, time remaining: 1m 12s
Rendered 1847/3764, time remaining: 1m 12s
Rendered 1848/3764, time remaining: 1m 12s
Rendered 1849/3764, time remaining: 1m 13s
Rendered 1850/3764, time remaining: 1m 11s
Rendered 1851/3764, time remaining: 1m 10s
Rendered 1852/3764, time remaining: 1m 12s
Rendered 1853/3764, time remaining: 1m 12s
Rendered 1854/3764, time remaining: 1m 12s
Rendered 1855/3764, time remaining: 1m 12s
Rendered 1856/3764, time remaining: 1m 11s
Rendered 1857/3764, time remaining: 1m 11s
Rendered 1858/3764, time remaining: 1m 12s
Rendered 1859/3764, time remaining: 1m 11s
Rendered 1860/3764, time remaining: 1m 12s
Rendered 1861/3764, time remaining: 1m 12s
Rendered 1862/3764, time remaining: 1m 11s
Rendered 1863/3764, time remaining: 1m 10s
Rendered 1864/3764, time remaining: 1m 10s
Rendered 1865/3764, time remaining: 1m 10s
Rendered 1866/3764, time remaining: 1m 10s
Rendered 1867/3764, time remaining: 1m 10s
Rendered 1868/3764, time remaining: 1m 12s
Rendered 1869/3764, time remaining: 1m 10s
Rendered 1870/3764, time remaining: 1m 10s
Rendered 1871/3764, time remaining: 1m 10s
Rendered 1872/3764, time remaining: 1m 10s
Rendered 1873/3764, time remaining: 1m 10s
Rendered 1874/3764, time remaining: 1m 11s
Rendered 1875/3764, time remaining: 1m 9s
Rendered 1876/3764, time remaining: 1m 9s
Rendered 1877/3764, time remaining: 1m 10s
Rendered 1878/3764, time remaining: 1m 10s
Rendered 1879/3764, time remaining: 1m 10s
Rendered 1880/3764, time remaining: 1m 10s
Rendered 1881/3764, time remaining: 1m 10s
Rendered 1882/3764, time remaining: 1m 8s
Rendered 1883/3764, time remaining: 1m 8s
Rendered 1884/3764, time remaining: 1m 9s
Rendered 1885/3764, time remaining: 1m 10s
Rendered 1886/3764, time remaining: 1m 10s
Rendered 1887/3764, time remaining: 1m 10s
Rendered 1888/3764, time remaining: 1m 9s
Rendered 1889/3764, time remaining: 1m 8s
Rendered 1890/3764, time remaining: 1m 9s
Rendered 1891/3764, time remaining: 1m 9s
Rendered 1892/3764, time remaining: 1m 9s
Rendered 1893/3764, time remaining: 1m 9s
Rendered 1894/3764, time remaining: 1m 9s
Rendered 1895/3764, time remaining: 1m 8s
Rendered 1896/3764, time remaining: 1m 8s
Rendered 1897/3764, time remaining: 1m 8s
Rendered 1898/3764, time remaining: 1m 9s
Rendered 1899/3764, time remaining: 1m 9s
Rendered 1900/3764, time remaining: 1m 9s
Rendered 1901/3764, time remaining: 1m 7s
Rendered 1902/3764, time remaining: 1m 7s
Rendered 1903/3764, time remaining: 1m 7s
Rendered 1904/3764, time remaining: 1m 8s
Rendered 1905/3764, time remaining: 1m 9s
Rendered 1906/3764, time remaining: 1m 9s
Rendered 1907/3764, time remaining: 1m 8s
Rendered 1908/3764, time remaining: 1m 8s
Rendered 1909/3764, time remaining: 1m 7s
Rendered 1910/3764, time remaining: 1m 8s
Rendered 1911/3764, time remaining: 1m 8s
Rendered 1912/3764, time remaining: 1m 8s
Rendered 1913/3764, time remaining: 1m 8s
Rendered 1914/3764, time remaining: 1m 7s
Rendered 1915/3764, time remaining: 1m 7s
Rendered 1916/3764, time remaining: 1m 7s
Rendered 1917/3764, time remaining: 1m 7s
Rendered 1918/3764, time remaining: 1m 7s
Rendered 1919/3764, time remaining: 1m 8s
Rendered 1920/3764, time remaining: 1m 8s
Rendered 1921/3764, time remaining: 1m 6s
Rendered 1922/3764, time remaining: 1m 7s
Rendered 1923/3764, time remaining: 1m 7s
Rendered 1924/3764, time remaining: 1m 8s
Rendered 1925/3764, time remaining: 1m 8s
Rendered 1926/3764, time remaining: 1m 8s
Rendered 1927/3764, time remaining: 1m 6s
Rendered 1928/3764, time remaining: 1m 7s
Rendered 1929/3764, time remaining: 1m 7s
Rendered 1930/3764, time remaining: 1m 8s
Rendered 1931/3764, time remaining: 1m 7s
Rendered 1932/3764, time remaining: 1m 7s
Rendered 1933/3764, time remaining: 1m 7s
Rendered 1934/3764, time remaining: 1m 7s
Rendered 1935/3764, time remaining: 1m 7s
Rendered 1936/3764, time remaining: 1m 7s
Rendered 1937/3764, time remaining: 1m 7s
Rendered 1938/3764, time remaining: 1m 7s
Rendered 1939/3764, time remaining: 1m 6s
Rendered 1940/3764, time remaining: 1m 7s
Rendered 1941/3764, time remaining: 1m 6s
Rendered 1942/3764, time remaining: 1m 8s
Rendered 1943/3764, time remaining: 1m 8s
Rendered 1944/3764, time remaining: 1m 8s
Rendered 1945/3764, time remaining: 1m 8s
Rendered 1946/3764, time remaining: 1m 5s
Rendered 1947/3764, time remaining: 1m 5s
Rendered 1948/3764, time remaining: 1m 7s
Rendered 1949/3764, time remaining: 1m 7s
Rendered 1950/3764, time remaining: 1m 7s
Rendered 1951/3764, time remaining: 1m 7s
Rendered 1952/3764, time remaining: 1m 5s
Rendered 1953/3764, time remaining: 1m 5s
Rendered 1954/3764, time remaining: 1m 6s
Rendered 1955/3764, time remaining: 1m 7s
Rendered 1956/3764, time remaining: 1m 7s
Rendered 1957/3764, time remaining: 1m 7s
Rendered 1958/3764, time remaining: 1m 5s
Rendered 1959/3764, time remaining: 1m 5s
Rendered 1960/3764, time remaining: 1m 5s
Rendered 1961/3764, time remaining: 1m 6s
Rendered 1962/3764, time remaining: 1m 6s
Rendered 1963/3764, time remaining: 1m 7s
Rendered 1964/3764, time remaining: 1m 5s
Rendered 1965/3764, time remaining: 1m 5s
Rendered 1966/3764, time remaining: 1m 5s
Rendered 1967/3764, time remaining: 1m 5s
Rendered 1968/3764, time remaining: 1m 6s
Rendered 1969/3764, time remaining: 1m 6s
Rendered 1970/3764, time remaining: 1m 5s
Rendered 1971/3764, time remaining: 1m 4s
Rendered 1972/3764, time remaining: 1m 4s
Rendered 1973/3764, time remaining: 1m 4s
Rendered 1974/3764, time remaining: 1m 6s
Rendered 1975/3764, time remaining: 1m 5s
Rendered 1976/3764, time remaining: 1m 5s
Rendered 1977/3764, time remaining: 1m 5s
Rendered 1978/3764, time remaining: 1m 4s
Rendered 1979/3764, time remaining: 1m 4s
Rendered 1980/3764, time remaining: 1m 4s
Rendered 1981/3764, time remaining: 1m 4s
Rendered 1982/3764, time remaining: 1m 5s
Rendered 1983/3764, time remaining: 1m 4s
Rendered 1984/3764, time remaining: 1m 4s
Rendered 1985/3764, time remaining: 1m 4s
Rendered 1986/3764, time remaining: 1m 4s
Rendered 1987/3764, time remaining: 1m 5s
Rendered 1988/3764, time remaining: 1m 5s
Rendered 1989/3764, time remaining: 1m 5s
Rendered 1990/3764, time remaining: 1m 4s
Rendered 1991/3764, time remaining: 1m 4s
Rendered 1992/3764, time remaining: 1m 4s
Rendered 1993/3764, time remaining: 1m 4s
Rendered 1994/3764, time remaining: 1m 4s
Rendered 1995/3764, time remaining: 1m 5s
Rendered 1996/3764, time remaining: 1m 4s
Rendered 1997/3764, time remaining: 1m 4s
Rendered 1998/3764, time remaining: 1m 4s
Rendered 1999/3764, time remaining: 1m 4s
Rendered 2000/3764, time remaining: 1m 4s
Rendered 2001/3764, time remaining: 1m 5s
Rendered 2002/3764, time remaining: 1m 4s
Rendered 2003/3764, time remaining: 1m 4s
Rendered 2004/3764, time remaining: 1m 4s
Rendered 2005/3764, time remaining: 1m 4s
Rendered 2006/3764, time remaining: 1m 4s
Rendered 2007/3764, time remaining: 1m 4s
Rendered 2008/3764, time remaining: 1m 3s
Rendered 2009/3764, time remaining: 1m 4s
Rendered 2010/3764, time remaining: 1m 3s
Rendered 2011/3764, time remaining: 1m 4s
Rendered 2012/3764, time remaining: 1m 4s
Rendered 2013/3764, time remaining: 1m 3s
Rendered 2014/3764, time remaining: 1m 3s
Rendered 2015/3764, time remaining: 1m 3s
Rendered 2016/3764, time remaining: 1m 3s
Rendered 2017/3764, time remaining: 1m 5s
Rendered 2018/3764, time remaining: 1m 3s
Rendered 2019/3764, time remaining: 1m 3s
Rendered 2020/3764, time remaining: 1m 3s
Rendered 2021/3764, time remaining: 1m 3s
Rendered 2022/3764, time remaining: 1m 3s
Rendered 2023/3764, time remaining: 1m 4s
Rendered 2024/3764, time remaining: 1m 3s
Rendered 2025/3764, time remaining: 1m 3s
Rendered 2026/3764, time remaining: 1m 4s
Rendered 2027/3764, time remaining: 1m 2s
Rendered 2028/3764, time remaining: 1m 2s
Rendered 2029/3764, time remaining: 1m 3s
Rendered 2030/3764, time remaining: 1m 3s
Rendered 2031/3764, time remaining: 1m 3s
Rendered 2032/3764, time remaining: 1m 3s
Rendered 2033/3764, time remaining: 1m 3s
Rendered 2034/3764, time remaining: 1m 2s
Rendered 2035/3764, time remaining: 1m 3s
Rendered 2036/3764, time remaining: 1m 3s
Rendered 2037/3764, time remaining: 1m 3s
Rendered 2038/3764, time remaining: 1m 3s
Rendered 2039/3764, time remaining: 1m 3s
Rendered 2040/3764, time remaining: 1m 2s
Rendered 2041/3764, time remaining: 1m 3s
Rendered 2042/3764, time remaining: 1m 3s
Rendered 2043/3764, time remaining: 1m 3s
Rendered 2044/3764, time remaining: 1m 3s
Rendered 2045/3764, time remaining: 1m 2s
Rendered 2046/3764, time remaining: 1m 2s
Rendered 2047/3764, time remaining: 1m 3s
Rendered 2048/3764, time remaining: 1m 3s
Rendered 2049/3764, time remaining: 1m 3s
Rendered 2050/3764, time remaining: 1m 2s
Rendered 2051/3764, time remaining: 1m 2s
Rendered 2052/3764, time remaining: 1m 2s
Rendered 2053/3764, time remaining: 1m 2s
Rendered 2054/3764, time remaining: 1m 2s
Rendered 2055/3764, time remaining: 1m 1s
Rendered 2056/3764, time remaining: 1m 3s
Rendered 2057/3764, time remaining: 1m 3s
Rendered 2058/3764, time remaining: 1m 3s
Rendered 2059/3764, time remaining: 1m 3s
Rendered 2060/3764, time remaining: 1m 2s
Rendered 2061/3764, time remaining: 1m 1s
Rendered 2062/3764, time remaining: 1m 3s
Rendered 2063/3764, time remaining: 1m 2s
Rendered 2064/3764, time remaining: 1m 2s
Rendered 2065/3764, time remaining: 1m 2s
Rendered 2066/3764, time remaining: 1m 2s
Rendered 2067/3764, time remaining: 1m 3s
Rendered 2068/3764, time remaining: 1m 3s
Rendered 2069/3764, time remaining: 1m 2s
Rendered 2070/3764, time remaining: 1m 2s
Rendered 2071/3764, time remaining: 1m 2s
Rendered 2072/3764, time remaining: 1m 2s
Rendered 2073/3764, time remaining: 1m 2s
Rendered 2074/3764, time remaining: 1m 2s
Rendered 2075/3764, time remaining: 1m 2s
Rendered 2076/3764, time remaining: 1m 2s
Rendered 2077/3764, time remaining: 1m 2s
Rendered 2078/3764, time remaining: 1m 1s
Rendered 2079/3764, time remaining: 1m 0s
Rendered 2080/3764, time remaining: 1m 1s
Rendered 2081/3764, time remaining: 1m 1s
Rendered 2082/3764, time remaining: 1m 2s
Rendered 2083/3764, time remaining: 1m 1s
Rendered 2084/3764, time remaining: 1m 0s
Rendered 2085/3764, time remaining: 1m 1s
Rendered 2086/3764, time remaining: 1m 1s
Rendered 2087/3764, time remaining: 1m 1s
Rendered 2088/3764, time remaining: 1m 1s
Rendered 2089/3764, time remaining: 1m 1s
Rendered 2090/3764, time remaining: 1m 0s
Rendered 2091/3764, time remaining: 1m 1s
Rendered 2092/3764, time remaining: 1m 0s
Rendered 2093/3764, time remaining: 59s
Rendered 2094/3764, time remaining: 1m 0s
Rendered 2095/3764, time remaining: 1m 0s
Rendered 2096/3764, time remaining: 1m 1s
Rendered 2097/3764, time remaining: 1m 1s
Rendered 2098/3764, time remaining: 1m 0s
Rendered 2099/3764, time remaining: 1m 0s
Rendered 2100/3764, time remaining: 59s
Rendered 2101/3764, time remaining: 59s
Rendered 2102/3764, time remaining: 1m 0s
Rendered 2103/3764, time remaining: 1m 1s
Rendered 2104/3764, time remaining: 1m 0s
Rendered 2105/3764, time remaining: 1m 0s
Rendered 2106/3764, time remaining: 59s
Rendered 2107/3764, time remaining: 59s
Rendered 2108/3764, time remaining: 59s
Rendered 2109/3764, time remaining: 1m 1s
Rendered 2110/3764, time remaining: 1m 1s
Rendered 2111/3764, time remaining: 1m 0s
Rendered 2112/3764, time remaining: 59s
Rendered 2113/3764, time remaining: 59s
Rendered 2114/3764, time remaining: 59s
Rendered 2115/3764, time remaining: 1m 0s
Rendered 2116/3764, time remaining: 1m 0s
Rendered 2117/3764, time remaining: 1m 0s
Rendered 2118/3764, time remaining: 59s
Rendered 2119/3764, time remaining: 59s
Rendered 2120/3764, time remaining: 59s
Rendered 2121/3764, time remaining: 59s
Rendered 2122/3764, time remaining: 1m 0s
Rendered 2123/3764, time remaining: 1m 0s
Rendered 2124/3764, time remaining: 59s
Rendered 2125/3764, time remaining: 59s
Rendered 2126/3764, time remaining: 59s
Rendered 2127/3764, time remaining: 59s
Rendered 2128/3764, time remaining: 59s
Rendered 2129/3764, time remaining: 59s
Rendered 2130/3764, time remaining: 59s
Rendered 2131/3764, time remaining: 59s
Rendered 2132/3764, time remaining: 59s
Rendered 2133/3764, time remaining: 59s
Rendered 2134/3764, time remaining: 59s
Rendered 2135/3764, time remaining: 59s
Rendered 2136/3764, time remaining: 1m 0s
Rendered 2137/3764, time remaining: 59s
Rendered 2138/3764, time remaining: 59s
Rendered 2139/3764, time remaining: 58s
Rendered 2140/3764, time remaining: 58s
Rendered 2141/3764, time remaining: 58s
Rendered 2142/3764, time remaining: 58s
Rendered 2143/3764, time remaining: 59s
Rendered 2144/3764, time remaining: 1m 0s
Rendered 2145/3764, time remaining: 58s
Rendered 2146/3764, time remaining: 58s
Rendered 2147/3764, time remaining: 58s
Rendered 2148/3764, time remaining: 58s
Rendered 2149/3764, time remaining: 59s
Rendered 2150/3764, time remaining: 59s
Rendered 2151/3764, time remaining: 58s
Rendered 2152/3764, time remaining: 58s
Rendered 2153/3764, time remaining: 58s
Rendered 2154/3764, time remaining: 58s
Rendered 2155/3764, time remaining: 58s
Rendered 2156/3764, time remaining: 59s
Rendered 2157/3764, time remaining: 58s
Rendered 2158/3764, time remaining: 58s
Rendered 2159/3764, time remaining: 58s
Rendered 2160/3764, time remaining: 58s
Rendered 2161/3764, time remaining: 57s
Rendered 2162/3764, time remaining: 58s
Rendered 2163/3764, time remaining: 58s
Rendered 2164/3764, time remaining: 58s
Rendered 2165/3764, time remaining: 58s
Rendered 2166/3764, time remaining: 58s
Rendered 2167/3764, time remaining: 57s
Rendered 2168/3764, time remaining: 58s
Rendered 2169/3764, time remaining: 58s
Rendered 2170/3764, time remaining: 58s
Rendered 2171/3764, time remaining: 58s
Rendered 2172/3764, time remaining: 58s
Rendered 2173/3764, time remaining: 57s
Rendered 2174/3764, time remaining: 58s
Rendered 2175/3764, time remaining: 58s
Rendered 2176/3764, time remaining: 58s
Rendered 2177/3764, time remaining: 57s
Rendered 2178/3764, time remaining: 57s
Rendered 2179/3764, time remaining: 56s
Rendered 2180/3764, time remaining: 57s
Rendered 2181/3764, time remaining: 57s
Rendered 2182/3764, time remaining: 58s
Rendered 2183/3764, time remaining: 58s
Rendered 2184/3764, time remaining: 58s
Rendered 2185/3764, time remaining: 57s
Rendered 2186/3764, time remaining: 57s
Rendered 2187/3764, time remaining: 56s
Rendered 2188/3764, time remaining: 58s
Rendered 2189/3764, time remaining: 58s
Rendered 2190/3764, time remaining: 58s
Rendered 2191/3764, time remaining: 57s
Rendered 2192/3764, time remaining: 56s
Rendered 2193/3764, time remaining: 56s
Rendered 2194/3764, time remaining: 57s
Rendered 2195/3764, time remaining: 57s
Rendered 2196/3764, time remaining: 58s
Rendered 2197/3764, time remaining: 57s
Rendered 2198/3764, time remaining: 56s
Rendered 2199/3764, time remaining: 56s
Rendered 2200/3764, time remaining: 56s
Rendered 2201/3764, time remaining: 56s
Rendered 2202/3764, time remaining: 57s
Rendered 2203/3764, time remaining: 57s
Rendered 2204/3764, time remaining: 57s
Rendered 2205/3764, time remaining: 56s
Rendered 2206/3764, time remaining: 56s
Rendered 2207/3764, time remaining: 56s
Rendered 2208/3764, time remaining: 56s
Rendered 2209/3764, time remaining: 56s
Rendered 2210/3764, time remaining: 56s
Rendered 2211/3764, time remaining: 56s
Rendered 2212/3764, time remaining: 56s
Rendered 2213/3764, time remaining: 55s
Rendered 2214/3764, time remaining: 56s
Rendered 2215/3764, time remaining: 56s
Rendered 2216/3764, time remaining: 56s
Rendered 2217/3764, time remaining: 55s
Rendered 2218/3764, time remaining: 55s
Rendered 2219/3764, time remaining: 55s
Rendered 2220/3764, time remaining: 56s
Rendered 2221/3764, time remaining: 56s
Rendered 2222/3764, time remaining: 56s
Rendered 2223/3764, time remaining: 55s
Rendered 2224/3764, time remaining: 55s
Rendered 2225/3764, time remaining: 55s
Rendered 2226/3764, time remaining: 55s
Rendered 2227/3764, time remaining: 55s
Rendered 2228/3764, time remaining: 55s
Rendered 2229/3764, time remaining: 56s
Rendered 2230/3764, time remaining: 55s
Rendered 2231/3764, time remaining: 55s
Rendered 2232/3764, time remaining: 55s
Rendered 2233/3764, time remaining: 54s
Rendered 2234/3764, time remaining: 54s
Rendered 2235/3764, time remaining: 55s
Rendered 2236/3764, time remaining: 55s
Rendered 2237/3764, time remaining: 55s
Rendered 2238/3764, time remaining: 54s
Rendered 2239/3764, time remaining: 54s
Rendered 2240/3764, time remaining: 55s
Rendered 2241/3764, time remaining: 55s
Rendered 2242/3764, time remaining: 55s
Rendered 2243/3764, time remaining: 55s
Rendered 2244/3764, time remaining: 54s
Rendered 2245/3764, time remaining: 54s
Rendered 2246/3764, time remaining: 54s
Rendered 2247/3764, time remaining: 54s
Rendered 2248/3764, time remaining: 54s
Rendered 2249/3764, time remaining: 55s
Rendered 2250/3764, time remaining: 55s
Rendered 2251/3764, time remaining: 55s
Rendered 2252/3764, time remaining: 54s
Rendered 2253/3764, time remaining: 53s
Rendered 2254/3764, time remaining: 53s
Rendered 2255/3764, time remaining: 54s
Rendered 2256/3764, time remaining: 54s
Rendered 2257/3764, time remaining: 54s
Rendered 2258/3764, time remaining: 54s
Rendered 2259/3764, time remaining: 53s
Rendered 2260/3764, time remaining: 53s
Rendered 2261/3764, time remaining: 54s
Rendered 2262/3764, time remaining: 54s
Rendered 2263/3764, time remaining: 54s
Rendered 2264/3764, time remaining: 54s
Rendered 2265/3764, time remaining: 53s
Rendered 2266/3764, time remaining: 52s
Rendered 2267/3764, time remaining: 54s
Rendered 2268/3764, time remaining: 53s
Rendered 2269/3764, time remaining: 53s
Rendered 2270/3764, time remaining: 53s
Rendered 2271/3764, time remaining: 53s
Rendered 2272/3764, time remaining: 53s
Rendered 2273/3764, time remaining: 54s
Rendered 2274/3764, time remaining: 53s
Rendered 2275/3764, time remaining: 53s
Rendered 2276/3764, time remaining: 53s
Rendered 2277/3764, time remaining: 53s
Rendered 2278/3764, time remaining: 53s
Rendered 2279/3764, time remaining: 54s
Rendered 2280/3764, time remaining: 53s
Rendered 2281/3764, time remaining: 53s
Rendered 2282/3764, time remaining: 53s
Rendered 2283/3764, time remaining: 53s
Rendered 2284/3764, time remaining: 53s
Rendered 2285/3764, time remaining: 54s
Rendered 2286/3764, time remaining: 53s
Rendered 2287/3764, time remaining: 53s
Rendered 2288/3764, time remaining: 53s
Rendered 2289/3764, time remaining: 53s
Rendered 2290/3764, time remaining: 53s
Rendered 2291/3764, time remaining: 53s
Rendered 2292/3764, time remaining: 53s
Rendered 2293/3764, time remaining: 52s
Rendered 2294/3764, time remaining: 52s
Rendered 2295/3764, time remaining: 52s
Rendered 2296/3764, time remaining: 52s
Rendered 2297/3764, time remaining: 52s
Rendered 2298/3764, time remaining: 52s
Rendered 2299/3764, time remaining: 52s
Rendered 2300/3764, time remaining: 52s
Rendered 2301/3764, time remaining: 52s
Rendered 2302/3764, time remaining: 52s
Rendered 2303/3764, time remaining: 52s
Rendered 2304/3764, time remaining: 52s
Rendered 2305/3764, time remaining: 52s
Rendered 2306/3764, time remaining: 51s
Rendered 2307/3764, time remaining: 51s
Rendered 2308/3764, time remaining: 51s
Rendered 2309/3764, time remaining: 51s
Rendered 2310/3764, time remaining: 52s
Rendered 2311/3764, time remaining: 52s
Rendered 2312/3764, time remaining: 51s
Rendered 2313/3764, time remaining: 51s
Rendered 2314/3764, time remaining: 51s
Rendered 2315/3764, time remaining: 51s
Rendered 2316/3764, time remaining: 51s
Rendered 2317/3764, time remaining: 52s
Rendered 2318/3764, time remaining: 51s
Rendered 2319/3764, time remaining: 51s
Rendered 2320/3764, time remaining: 51s
Rendered 2321/3764, time remaining: 51s
Rendered 2322/3764, time remaining: 52s
Rendered 2323/3764, time remaining: 51s
Rendered 2324/3764, time remaining: 50s
Rendered 2325/3764, time remaining: 51s
Rendered 2326/3764, time remaining: 51s
Rendered 2327/3764, time remaining: 51s
Rendered 2328/3764, time remaining: 51s
Rendered 2329/3764, time remaining: 51s
Rendered 2330/3764, time remaining: 51s
Rendered 2331/3764, time remaining: 51s
Rendered 2332/3764, time remaining: 51s
Rendered 2333/3764, time remaining: 51s
Rendered 2334/3764, time remaining: 51s
Rendered 2335/3764, time remaining: 51s
Rendered 2336/3764, time remaining: 50s
Rendered 2337/3764, time remaining: 50s
Rendered 2338/3764, time remaining: 50s
Rendered 2339/3764, time remaining: 50s
Rendered 2340/3764, time remaining: 50s
Rendered 2341/3764, time remaining: 51s
Rendered 2342/3764, time remaining: 50s
Rendered 2343/3764, time remaining: 51s
Rendered 2344/3764, time remaining: 50s
Rendered 2345/3764, time remaining: 50s
Rendered 2346/3764, time remaining: 50s
Rendered 2347/3764, time remaining: 50s
Rendered 2348/3764, time remaining: 50s
Rendered 2349/3764, time remaining: 50s
Rendered 2350/3764, time remaining: 50s
Rendered 2351/3764, time remaining: 50s
Rendered 2352/3764, time remaining: 50s
Rendered 2353/3764, time remaining: 50s
Rendered 2354/3764, time remaining: 50s
Rendered 2355/3764, time remaining: 50s
Rendered 2356/3764, time remaining: 50s
Rendered 2357/3764, time remaining: 50s
Rendered 2358/3764, time remaining: 50s
Rendered 2359/3764, time remaining: 50s
Rendered 2360/3764, time remaining: 50s
Rendered 2361/3764, time remaining: 50s
Rendered 2362/3764, time remaining: 50s
Rendered 2363/3764, time remaining: 50s
Rendered 2364/3764, time remaining: 49s
Rendered 2365/3764, time remaining: 50s
Rendered 2366/3764, time remaining: 50s
Rendered 2367/3764, time remaining: 49s
Rendered 2368/3764, time remaining: 50s
Rendered 2369/3764, time remaining: 50s
Rendered 2370/3764, time remaining: 49s
Rendered 2371/3764, time remaining: 49s
Rendered 2372/3764, time remaining: 49s
Rendered 2373/3764, time remaining: 49s
Rendered 2374/3764, time remaining: 49s
Rendered 2375/3764, time remaining: 49s
Rendered 2376/3764, time remaining: 49s
Rendered 2377/3764, time remaining: 49s
Rendered 2378/3764, time remaining: 50s
Rendered 2379/3764, time remaining: 49s
Rendered 2380/3764, time remaining: 49s
Rendered 2381/3764, time remaining: 49s
Rendered 2382/3764, time remaining: 49s
Rendered 2383/3764, time remaining: 49s
Rendered 2384/3764, time remaining: 50s
Rendered 2385/3764, time remaining: 50s
Rendered 2386/3764, time remaining: 49s
Rendered 2387/3764, time remaining: 49s
Rendered 2388/3764, time remaining: 49s
Rendered 2389/3764, time remaining: 48s
Rendered 2390/3764, time remaining: 48s
Rendered 2391/3764, time remaining: 49s
Rendered 2392/3764, time remaining: 49s
Rendered 2393/3764, time remaining: 49s
Rendered 2394/3764, time remaining: 49s
Rendered 2395/3764, time remaining: 49s
Rendered 2396/3764, time remaining: 49s
Rendered 2397/3764, time remaining: 49s
Rendered 2398/3764, time remaining: 49s
Rendered 2399/3764, time remaining: 48s
Rendered 2400/3764, time remaining: 48s
Rendered 2401/3764, time remaining: 48s
Rendered 2402/3764, time remaining: 48s
Rendered 2403/3764, time remaining: 49s
Rendered 2404/3764, time remaining: 49s
Rendered 2405/3764, time remaining: 48s
Rendered 2406/3764, time remaining: 48s
Rendered 2407/3764, time remaining: 48s
Rendered 2408/3764, time remaining: 48s
Rendered 2409/3764, time remaining: 49s
Rendered 2410/3764, time remaining: 49s
Rendered 2411/3764, time remaining: 48s
Rendered 2412/3764, time remaining: 48s
Rendered 2413/3764, time remaining: 48s
Rendered 2414/3764, time remaining: 47s
Rendered 2415/3764, time remaining: 48s
Rendered 2416/3764, time remaining: 48s
Rendered 2417/3764, time remaining: 48s
Rendered 2418/3764, time remaining: 48s
Rendered 2419/3764, time remaining: 48s
Rendered 2420/3764, time remaining: 48s
Rendered 2421/3764, time remaining: 48s
Rendered 2422/3764, time remaining: 48s
Rendered 2423/3764, time remaining: 48s
Rendered 2424/3764, time remaining: 48s
Rendered 2425/3764, time remaining: 48s
Rendered 2426/3764, time remaining: 48s
Rendered 2427/3764, time remaining: 48s
Rendered 2428/3764, time remaining: 48s
Rendered 2429/3764, time remaining: 47s
Rendered 2430/3764, time remaining: 47s
Rendered 2431/3764, time remaining: 47s
Rendered 2432/3764, time remaining: 47s
Rendered 2433/3764, time remaining: 48s
Rendered 2434/3764, time remaining: 48s
Rendered 2435/3764, time remaining: 46s
Rendered 2436/3764, time remaining: 47s
Rendered 2437/3764, time remaining: 47s
Rendered 2438/3764, time remaining: 47s
Rendered 2439/3764, time remaining: 47s
Rendered 2440/3764, time remaining: 47s
Rendered 2441/3764, time remaining: 47s
Rendered 2442/3764, time remaining: 46s
Rendered 2443/3764, time remaining: 47s
Rendered 2444/3764, time remaining: 47s
Rendered 2445/3764, time remaining: 47s
Rendered 2446/3764, time remaining: 47s
Rendered 2447/3764, time remaining: 47s
Rendered 2448/3764, time remaining: 47s
Rendered 2449/3764, time remaining: 47s
Rendered 2450/3764, time remaining: 47s
Rendered 2451/3764, time remaining: 47s
Rendered 2452/3764, time remaining: 47s
Rendered 2453/3764, time remaining: 47s
Rendered 2454/3764, time remaining: 46s
Rendered 2455/3764, time remaining: 47s
Rendered 2456/3764, time remaining: 47s
Rendered 2457/3764, time remaining: 47s
Rendered 2458/3764, time remaining: 47s
Rendered 2459/3764, time remaining: 47s
Rendered 2460/3764, time remaining: 47s
Rendered 2461/3764, time remaining: 46s
Rendered 2462/3764, time remaining: 46s
Rendered 2463/3764, time remaining: 46s
Rendered 2464/3764, time remaining: 46s
Rendered 2465/3764, time remaining: 47s
Rendered 2466/3764, time remaining: 47s
Rendered 2467/3764, time remaining: 47s
Rendered 2468/3764, time remaining: 46s
Rendered 2469/3764, time remaining: 46s
Rendered 2470/3764, time remaining: 46s
Rendered 2471/3764, time remaining: 47s
Rendered 2472/3764, time remaining: 46s
Rendered 2473/3764, time remaining: 48s
Rendered 2474/3764, time remaining: 48s
Rendered 2475/3764, time remaining: 47s
Rendered 2476/3764, time remaining: 47s
Rendered 2477/3764, time remaining: 47s
Rendered 2478/3764, time remaining: 47s
Rendered 2479/3764, time remaining: 47s
Rendered 2480/3764, time remaining: 47s
Rendered 2481/3764, time remaining: 47s
Rendered 2482/3764, time remaining: 46s
Rendered 2483/3764, time remaining: 46s
Rendered 2484/3764, time remaining: 48s
Rendered 2485/3764, time remaining: 48s
Rendered 2486/3764, time remaining: 48s
Rendered 2487/3764, time remaining: 48s
Rendered 2488/3764, time remaining: 47s
Rendered 2489/3764, time remaining: 47s
Rendered 2490/3764, time remaining: 48s
Rendered 2491/3764, time remaining: 48s
Rendered 2492/3764, time remaining: 48s
Rendered 2493/3764, time remaining: 48s
Rendered 2494/3764, time remaining: 47s
Rendered 2495/3764, time remaining: 47s
Rendered 2496/3764, time remaining: 49s
Rendered 2497/3764, time remaining: 49s
Rendered 2498/3764, time remaining: 49s
Rendered 2499/3764, time remaining: 48s
Rendered 2500/3764, time remaining: 48s
Rendered 2501/3764, time remaining: 47s
Rendered 2502/3764, time remaining: 49s
Rendered 2503/3764, time remaining: 49s
Rendered 2504/3764, time remaining: 49s
Rendered 2505/3764, time remaining: 49s
Rendered 2506/3764, time remaining: 48s
Rendered 2507/3764, time remaining: 48s
Rendered 2508/3764, time remaining: 50s
Rendered 2509/3764, time remaining: 51s
Rendered 2510/3764, time remaining: 50s
Rendered 2511/3764, time remaining: 50s
Rendered 2512/3764, time remaining: 49s
Rendered 2513/3764, time remaining: 50s
Rendered 2514/3764, time remaining: 51s
Rendered 2515/3764, time remaining: 51s
Rendered 2516/3764, time remaining: 51s
Rendered 2517/3764, time remaining: 50s
Rendered 2518/3764, time remaining: 50s
Rendered 2519/3764, time remaining: 50s
Rendered 2520/3764, time remaining: 51s
Rendered 2521/3764, time remaining: 51s
Rendered 2522/3764, time remaining: 51s
Rendered 2523/3764, time remaining: 51s
Rendered 2524/3764, time remaining: 51s
Rendered 2525/3764, time remaining: 51s
Rendered 2526/3764, time remaining: 50s
Rendered 2527/3764, time remaining: 52s
Rendered 2528/3764, time remaining: 51s
Rendered 2529/3764, time remaining: 51s
Rendered 2530/3764, time remaining: 51s
Rendered 2531/3764, time remaining: 51s
Rendered 2532/3764, time remaining: 52s
Rendered 2533/3764, time remaining: 51s
Rendered 2534/3764, time remaining: 51s
Rendered 2535/3764, time remaining: 51s
Rendered 2536/3764, time remaining: 51s
Rendered 2537/3764, time remaining: 52s
Rendered 2538/3764, time remaining: 52s
Rendered 2539/3764, time remaining: 52s
Rendered 2540/3764, time remaining: 52s
Rendered 2541/3764, time remaining: 51s
Rendered 2542/3764, time remaining: 51s
Rendered 2543/3764, time remaining: 52s
Rendered 2544/3764, time remaining: 52s
Rendered 2545/3764, time remaining: 52s
Rendered 2546/3764, time remaining: 52s
Rendered 2547/3764, time remaining: 52s
Rendered 2548/3764, time remaining: 53s
Rendered 2549/3764, time remaining: 52s
Rendered 2550/3764, time remaining: 52s
Rendered 2551/3764, time remaining: 53s
Rendered 2552/3764, time remaining: 52s
Rendered 2553/3764, time remaining: 52s
Rendered 2554/3764, time remaining: 52s
Rendered 2555/3764, time remaining: 52s
Rendered 2556/3764, time remaining: 52s
Rendered 2557/3764, time remaining: 52s
Rendered 2558/3764, time remaining: 52s
Rendered 2559/3764, time remaining: 51s
Rendered 2560/3764, time remaining: 52s
Rendered 2561/3764, time remaining: 52s
Rendered 2562/3764, time remaining: 52s
Rendered 2563/3764, time remaining: 52s
Rendered 2564/3764, time remaining: 52s
Rendered 2565/3764, time remaining: 51s
Rendered 2566/3764, time remaining: 52s
Rendered 2567/3764, time remaining: 51s
Rendered 2568/3764, time remaining: 51s
Rendered 2569/3764, time remaining: 51s
Rendered 2570/3764, time remaining: 51s
Rendered 2571/3764, time remaining: 51s
Rendered 2572/3764, time remaining: 52s
Rendered 2573/3764, time remaining: 51s
Rendered 2574/3764, time remaining: 51s
Rendered 2575/3764, time remaining: 51s
Rendered 2576/3764, time remaining: 51s
Rendered 2577/3764, time remaining: 51s
Rendered 2578/3764, time remaining: 52s
Rendered 2579/3764, time remaining: 51s
Rendered 2580/3764, time remaining: 51s
Rendered 2581/3764, time remaining: 51s
Rendered 2582/3764, time remaining: 51s
Rendered 2583/3764, time remaining: 51s
Rendered 2584/3764, time remaining: 52s
Rendered 2585/3764, time remaining: 52s
Rendered 2586/3764, time remaining: 51s
Rendered 2587/3764, time remaining: 50s
Rendered 2588/3764, time remaining: 51s
Rendered 2589/3764, time remaining: 51s
Rendered 2590/3764, time remaining: 51s
Rendered 2591/3764, time remaining: 51s
Rendered 2592/3764, time remaining: 51s
Rendered 2593/3764, time remaining: 51s
Rendered 2594/3764, time remaining: 51s
Rendered 2595/3764, time remaining: 51s
Rendered 2596/3764, time remaining: 51s
Rendered 2597/3764, time remaining: 51s
Rendered 2598/3764, time remaining: 51s
Rendered 2599/3764, time remaining: 50s
Rendered 2600/3764, time remaining: 51s
Rendered 2601/3764, time remaining: 51s
Rendered 2602/3764, time remaining: 52s
Rendered 2603/3764, time remaining: 51s
Rendered 2604/3764, time remaining: 51s
Rendered 2605/3764, time remaining: 50s
Rendered 2606/3764, time remaining: 51s
Rendered 2607/3764, time remaining: 50s
Rendered 2608/3764, time remaining: 52s
Rendered 2609/3764, time remaining: 51s
Rendered 2610/3764, time remaining: 51s
Rendered 2611/3764, time remaining: 51s
Rendered 2612/3764, time remaining: 51s
Rendered 2613/3764, time remaining: 51s
Rendered 2614/3764, time remaining: 51s
Rendered 2615/3764, time remaining: 51s
Rendered 2616/3764, time remaining: 51s
Rendered 2617/3764, time remaining: 51s
Rendered 2618/3764, time remaining: 51s
Rendered 2619/3764, time remaining: 51s
Rendered 2620/3764, time remaining: 50s
Rendered 2621/3764, time remaining: 51s
Rendered 2622/3764, time remaining: 51s
Rendered 2623/3764, time remaining: 49s
Rendered 2624/3764, time remaining: 49s
Rendered 2625/3764, time remaining: 49s
Rendered 2626/3764, time remaining: 50s
Rendered 2627/3764, time remaining: 49s
Rendered 2628/3764, time remaining: 50s
Rendered 2629/3764, time remaining: 50s
Rendered 2630/3764, time remaining: 50s
Rendered 2631/3764, time remaining: 50s
Rendered 2632/3764, time remaining: 49s
Rendered 2633/3764, time remaining: 49s
Rendered 2634/3764, time remaining: 48s
Rendered 2635/3764, time remaining: 48s
Rendered 2636/3764, time remaining: 49s
Rendered 2637/3764, time remaining: 49s
Rendered 2638/3764, time remaining: 49s
Rendered 2639/3764, time remaining: 48s
Rendered 2640/3764, time remaining: 48s
Rendered 2641/3764, time remaining: 48s
Rendered 2642/3764, time remaining: 48s
Rendered 2643/3764, time remaining: 48s
Rendered 2644/3764, time remaining: 48s
Rendered 2645/3764, time remaining: 48s
Rendered 2646/3764, time remaining: 48s
Rendered 2647/3764, time remaining: 48s
Rendered 2648/3764, time remaining: 48s
Rendered 2649/3764, time remaining: 48s
Rendered 2650/3764, time remaining: 48s
Rendered 2651/3764, time remaining: 48s
Rendered 2652/3764, time remaining: 47s
Rendered 2653/3764, time remaining: 48s
Rendered 2654/3764, time remaining: 47s
Rendered 2655/3764, time remaining: 47s
Rendered 2656/3764, time remaining: 47s
Rendered 2657/3764, time remaining: 47s
Rendered 2658/3764, time remaining: 46s
Rendered 2659/3764, time remaining: 46s
Rendered 2660/3764, time remaining: 46s
Rendered 2661/3764, time remaining: 46s
Rendered 2662/3764, time remaining: 46s
Rendered 2663/3764, time remaining: 45s
Rendered 2664/3764, time remaining: 44s
Rendered 2665/3764, time remaining: 45s
Rendered 2666/3764, time remaining: 45s
Rendered 2667/3764, time remaining: 45s
Rendered 2668/3764, time remaining: 45s
Rendered 2669/3764, time remaining: 45s
Rendered 2670/3764, time remaining: 44s
Rendered 2671/3764, time remaining: 44s
Rendered 2672/3764, time remaining: 44s
Rendered 2673/3764, time remaining: 44s
Rendered 2674/3764, time remaining: 44s
Rendered 2675/3764, time remaining: 44s
Rendered 2676/3764, time remaining: 44s
Rendered 2677/3764, time remaining: 43s
Rendered 2678/3764, time remaining: 44s
Rendered 2679/3764, time remaining: 44s
Rendered 2680/3764, time remaining: 44s
Rendered 2681/3764, time remaining: 43s
Rendered 2682/3764, time remaining: 43s
Rendered 2683/3764, time remaining: 44s
Rendered 2684/3764, time remaining: 44s
Rendered 2685/3764, time remaining: 44s
Rendered 2686/3764, time remaining: 44s
Rendered 2687/3764, time remaining: 43s
Rendered 2688/3764, time remaining: 42s
Rendered 2689/3764, time remaining: 43s
Rendered 2690/3764, time remaining: 42s
Rendered 2691/3764, time remaining: 43s
Rendered 2692/3764, time remaining: 43s
Rendered 2693/3764, time remaining: 42s
Rendered 2694/3764, time remaining: 42s
Rendered 2695/3764, time remaining: 42s
Rendered 2696/3764, time remaining: 42s
Rendered 2697/3764, time remaining: 42s
Rendered 2698/3764, time remaining: 41s
Rendered 2699/3764, time remaining: 41s
Rendered 2700/3764, time remaining: 41s
Rendered 2701/3764, time remaining: 41s
Rendered 2702/3764, time remaining: 41s
Rendered 2703/3764, time remaining: 42s
Rendered 2704/3764, time remaining: 41s
Rendered 2705/3764, time remaining: 41s
Rendered 2706/3764, time remaining: 42s
Rendered 2707/3764, time remaining: 41s
Rendered 2708/3764, time remaining: 41s
Rendered 2709/3764, time remaining: 41s
Rendered 2710/3764, time remaining: 41s
Rendered 2711/3764, time remaining: 41s
Rendered 2712/3764, time remaining: 41s
Rendered 2713/3764, time remaining: 41s
Rendered 2714/3764, time remaining: 41s
Rendered 2715/3764, time remaining: 41s
Rendered 2716/3764, time remaining: 41s
Rendered 2717/3764, time remaining: 41s
Rendered 2718/3764, time remaining: 41s
Rendered 2719/3764, time remaining: 41s
Rendered 2720/3764, time remaining: 41s
Rendered 2721/3764, time remaining: 41s
Rendered 2722/3764, time remaining: 40s
Rendered 2723/3764, time remaining: 41s
Rendered 2724/3764, time remaining: 41s
Rendered 2725/3764, time remaining: 41s
Rendered 2726/3764, time remaining: 41s
Rendered 2727/3764, time remaining: 41s
Rendered 2728/3764, time remaining: 40s
Rendered 2729/3764, time remaining: 40s
Rendered 2730/3764, time remaining: 40s
Rendered 2731/3764, time remaining: 40s
Rendered 2732/3764, time remaining: 40s
Rendered 2733/3764, time remaining: 40s
Rendered 2734/3764, time remaining: 40s
Rendered 2735/3764, time remaining: 40s
Rendered 2736/3764, time remaining: 40s
Rendered 2737/3764, time remaining: 40s
Rendered 2738/3764, time remaining: 40s
Rendered 2739/3764, time remaining: 40s
Rendered 2740/3764, time remaining: 40s
Rendered 2741/3764, time remaining: 40s
Rendered 2742/3764, time remaining: 40s
Rendered 2743/3764, time remaining: 40s
Rendered 2744/3764, time remaining: 39s
Rendered 2745/3764, time remaining: 39s
Rendered 2746/3764, time remaining: 40s
Rendered 2747/3764, time remaining: 40s
Rendered 2748/3764, time remaining: 40s
Rendered 2749/3764, time remaining: 40s
Rendered 2750/3764, time remaining: 39s
Rendered 2751/3764, time remaining: 39s
Rendered 2752/3764, time remaining: 39s
Rendered 2753/3764, time remaining: 39s
Rendered 2754/3764, time remaining: 39s
Rendered 2755/3764, time remaining: 39s
Rendered 2756/3764, time remaining: 39s
Rendered 2757/3764, time remaining: 39s
Rendered 2758/3764, time remaining: 39s
Rendered 2759/3764, time remaining: 39s
Rendered 2760/3764, time remaining: 39s
Rendered 2761/3764, time remaining: 39s
Rendered 2762/3764, time remaining: 39s
Rendered 2763/3764, time remaining: 39s
Rendered 2764/3764, time remaining: 39s
Rendered 2765/3764, time remaining: 38s
Rendered 2766/3764, time remaining: 38s
Rendered 2767/3764, time remaining: 38s
Rendered 2768/3764, time remaining: 38s
Rendered 2769/3764, time remaining: 38s
Rendered 2770/3764, time remaining: 39s
Rendered 2771/3764, time remaining: 38s
Rendered 2772/3764, time remaining: 38s
Rendered 2773/3764, time remaining: 38s
Rendered 2774/3764, time remaining: 38s
Rendered 2775/3764, time remaining: 38s
Rendered 2776/3764, time remaining: 38s
Rendered 2777/3764, time remaining: 38s
Rendered 2778/3764, time remaining: 37s
Rendered 2779/3764, time remaining: 38s
Rendered 2780/3764, time remaining: 38s
Rendered 2781/3764, time remaining: 37s
Rendered 2782/3764, time remaining: 37s
Rendered 2783/3764, time remaining: 38s
Rendered 2784/3764, time remaining: 38s
Rendered 2785/3764, time remaining: 37s
Rendered 2786/3764, time remaining: 37s
Rendered 2787/3764, time remaining: 37s
Rendered 2788/3764, time remaining: 37s
Rendered 2789/3764, time remaining: 37s
Rendered 2790/3764, time remaining: 37s
Rendered 2791/3764, time remaining: 37s
Rendered 2792/3764, time remaining: 37s
Rendered 2793/3764, time remaining: 37s
Rendered 2794/3764, time remaining: 37s
Rendered 2795/3764, time remaining: 37s
Rendered 2796/3764, time remaining: 36s
Rendered 2797/3764, time remaining: 36s
Rendered 2798/3764, time remaining: 37s
Rendered 2799/3764, time remaining: 36s
Rendered 2800/3764, time remaining: 37s
Rendered 2801/3764, time remaining: 36s
Rendered 2802/3764, time remaining: 36s
Rendered 2803/3764, time remaining: 36s
Rendered 2804/3764, time remaining: 36s
Rendered 2805/3764, time remaining: 36s
Rendered 2806/3764, time remaining: 36s
Rendered 2807/3764, time remaining: 36s
Rendered 2808/3764, time remaining: 36s
Rendered 2809/3764, time remaining: 36s
Rendered 2810/3764, time remaining: 36s
Rendered 2811/3764, time remaining: 36s
Rendered 2812/3764, time remaining: 36s
Rendered 2813/3764, time remaining: 36s
Rendered 2814/3764, time remaining: 36s
Rendered 2815/3764, time remaining: 35s
Rendered 2816/3764, time remaining: 35s
Rendered 2817/3764, time remaining: 36s
Rendered 2818/3764, time remaining: 36s
Rendered 2819/3764, time remaining: 36s
Rendered 2820/3764, time remaining: 36s
Rendered 2821/3764, time remaining: 35s
Rendered 2822/3764, time remaining: 35s
Rendered 2823/3764, time remaining: 36s
Rendered 2824/3764, time remaining: 35s
Rendered 2825/3764, time remaining: 35s
Rendered 2826/3764, time remaining: 35s
Rendered 2827/3764, time remaining: 35s
Rendered 2828/3764, time remaining: 35s
Rendered 2829/3764, time remaining: 35s
Rendered 2830/3764, time remaining: 35s
Rendered 2831/3764, time remaining: 35s
Rendered 2832/3764, time remaining: 35s
Rendered 2833/3764, time remaining: 34s
Rendered 2834/3764, time remaining: 34s
Rendered 2835/3764, time remaining: 34s
Rendered 2836/3764, time remaining: 34s
Rendered 2837/3764, time remaining: 34s
Rendered 2838/3764, time remaining: 34s
Rendered 2839/3764, time remaining: 34s
Rendered 2840/3764, time remaining: 34s
Rendered 2841/3764, time remaining: 33s
Rendered 2842/3764, time remaining: 33s
Rendered 2843/3764, time remaining: 33s
Rendered 2844/3764, time remaining: 33s
Rendered 2845/3764, time remaining: 33s
Rendered 2846/3764, time remaining: 33s
Rendered 2847/3764, time remaining: 32s
Rendered 2848/3764, time remaining: 32s
Rendered 2849/3764, time remaining: 32s
Rendered 2850/3764, time remaining: 32s
Rendered 2851/3764, time remaining: 32s
Rendered 2852/3764, time remaining: 32s
Rendered 2853/3764, time remaining: 31s
Rendered 2854/3764, time remaining: 31s
Rendered 2855/3764, time remaining: 32s
Rendered 2856/3764, time remaining: 31s
Rendered 2857/3764, time remaining: 31s
Rendered 2858/3764, time remaining: 31s
Rendered 2859/3764, time remaining: 31s
Rendered 2860/3764, time remaining: 31s
Rendered 2861/3764, time remaining: 31s
Rendered 2862/3764, time remaining: 31s
Rendered 2863/3764, time remaining: 31s
Rendered 2864/3764, time remaining: 31s
Rendered 2865/3764, time remaining: 31s
Rendered 2866/3764, time remaining: 31s
Rendered 2867/3764, time remaining: 31s
Rendered 2868/3764, time remaining: 31s
Rendered 2869/3764, time remaining: 31s
Rendered 2870/3764, time remaining: 31s
Rendered 2871/3764, time remaining: 31s
Rendered 2872/3764, time remaining: 31s
Rendered 2873/3764, time remaining: 31s
Rendered 2874/3764, time remaining: 30s
Rendered 2875/3764, time remaining: 31s
Rendered 2876/3764, time remaining: 31s
Rendered 2877/3764, time remaining: 31s
Rendered 2878/3764, time remaining: 30s
Rendered 2879/3764, time remaining: 30s
Rendered 2880/3764, time remaining: 30s
Rendered 2881/3764, time remaining: 30s
Rendered 2882/3764, time remaining: 31s
Rendered 2883/3764, time remaining: 31s
Rendered 2884/3764, time remaining: 30s
Rendered 2885/3764, time remaining: 30s
Rendered 2886/3764, time remaining: 30s
Rendered 2887/3764, time remaining: 30s
Rendered 2888/3764, time remaining: 31s
Rendered 2889/3764, time remaining: 31s
Rendered 2890/3764, time remaining: 29s
Rendered 2891/3764, time remaining: 30s
Rendered 2892/3764, time remaining: 30s
Rendered 2893/3764, time remaining: 30s
Rendered 2894/3764, time remaining: 30s
Rendered 2895/3764, time remaining: 30s
Rendered 2896/3764, time remaining: 29s
Rendered 2897/3764, time remaining: 29s
Rendered 2898/3764, time remaining: 29s
Rendered 2899/3764, time remaining: 30s
Rendered 2900/3764, time remaining: 29s
Rendered 2901/3764, time remaining: 30s
Rendered 2902/3764, time remaining: 29s
Rendered 2903/3764, time remaining: 29s
Rendered 2904/3764, time remaining: 29s
Rendered 2905/3764, time remaining: 29s
Rendered 2906/3764, time remaining: 29s
Rendered 2907/3764, time remaining: 29s
Rendered 2908/3764, time remaining: 28s
Rendered 2909/3764, time remaining: 28s
Rendered 2910/3764, time remaining: 28s
Rendered 2911/3764, time remaining: 28s
Rendered 2912/3764, time remaining: 28s
Rendered 2913/3764, time remaining: 29s
Rendered 2914/3764, time remaining: 28s
Rendered 2915/3764, time remaining: 28s
Rendered 2916/3764, time remaining: 28s
Rendered 2917/3764, time remaining: 28s
Rendered 2918/3764, time remaining: 29s
Rendered 2919/3764, time remaining: 29s
Rendered 2920/3764, time remaining: 28s
Rendered 2921/3764, time remaining: 28s
Rendered 2922/3764, time remaining: 28s
Rendered 2923/3764, time remaining: 28s
Rendered 2924/3764, time remaining: 28s
Rendered 2925/3764, time remaining: 28s
Rendered 2926/3764, time remaining: 28s
Rendered 2927/3764, time remaining: 28s
Rendered 2928/3764, time remaining: 28s
Rendered 2929/3764, time remaining: 28s
Rendered 2930/3764, time remaining: 28s
Rendered 2931/3764, time remaining: 28s
Rendered 2932/3764, time remaining: 28s
Rendered 2933/3764, time remaining: 28s
Rendered 2934/3764, time remaining: 28s
Rendered 2935/3764, time remaining: 27s
Rendered 2936/3764, time remaining: 27s
Rendered 2937/3764, time remaining: 28s
Rendered 2938/3764, time remaining: 28s
Rendered 2939/3764, time remaining: 28s
Rendered 2940/3764, time remaining: 28s
Rendered 2941/3764, time remaining: 27s
Rendered 2942/3764, time remaining: 27s
Rendered 2943/3764, time remaining: 28s
Rendered 2944/3764, time remaining: 28s
Rendered 2945/3764, time remaining: 28s
Rendered 2946/3764, time remaining: 28s
Rendered 2947/3764, time remaining: 28s
Rendered 2948/3764, time remaining: 27s
Rendered 2949/3764, time remaining: 28s
Rendered 2950/3764, time remaining: 28s
Rendered 2951/3764, time remaining: 28s
Rendered 2952/3764, time remaining: 28s
Rendered 2953/3764, time remaining: 27s
Rendered 2954/3764, time remaining: 27s
Rendered 2955/3764, time remaining: 27s
Rendered 2956/3764, time remaining: 27s
Rendered 2957/3764, time remaining: 27s
Rendered 2958/3764, time remaining: 27s
Rendered 2959/3764, time remaining: 27s
Rendered 2960/3764, time remaining: 27s
Rendered 2961/3764, time remaining: 27s
Rendered 2962/3764, time remaining: 26s
Rendered 2963/3764, time remaining: 27s
Rendered 2964/3764, time remaining: 27s
Rendered 2965/3764, time remaining: 27s
Rendered 2966/3764, time remaining: 27s
Rendered 2967/3764, time remaining: 26s
Rendered 2968/3764, time remaining: 26s
Rendered 2969/3764, time remaining: 27s
Rendered 2970/3764, time remaining: 27s
Rendered 2971/3764, time remaining: 27s
Rendered 2972/3764, time remaining: 26s
Rendered 2973/3764, time remaining: 26s
Rendered 2974/3764, time remaining: 26s
Rendered 2975/3764, time remaining: 26s
Rendered 2976/3764, time remaining: 26s
Rendered 2977/3764, time remaining: 27s
Rendered 2978/3764, time remaining: 26s
Rendered 2979/3764, time remaining: 26s
Rendered 2980/3764, time remaining: 26s
Rendered 2981/3764, time remaining: 26s
Rendered 2982/3764, time remaining: 26s
Rendered 2983/3764, time remaining: 26s
Rendered 2984/3764, time remaining: 26s
Rendered 2985/3764, time remaining: 26s
Rendered 2986/3764, time remaining: 26s
Rendered 2987/3764, time remaining: 26s
Rendered 2988/3764, time remaining: 26s
Rendered 2989/3764, time remaining: 26s
Rendered 2990/3764, time remaining: 26s
Rendered 2991/3764, time remaining: 26s
Rendered 2992/3764, time remaining: 27s
Rendered 2993/3764, time remaining: 26s
Rendered 2994/3764, time remaining: 26s
Rendered 2995/3764, time remaining: 27s
Rendered 2996/3764, time remaining: 27s
Rendered 2997/3764, time remaining: 27s
Rendered 2998/3764, time remaining: 27s
Rendered 2999/3764, time remaining: 27s
Rendered 3000/3764, time remaining: 27s
Rendered 3001/3764, time remaining: 27s
Rendered 3002/3764, time remaining: 27s
Rendered 3003/3764, time remaining: 27s
Rendered 3004/3764, time remaining: 28s
Rendered 3005/3764, time remaining: 27s
Rendered 3006/3764, time remaining: 27s
Rendered 3007/3764, time remaining: 27s
Rendered 3008/3764, time remaining: 27s
Rendered 3009/3764, time remaining: 27s
Rendered 3010/3764, time remaining: 27s
Rendered 3011/3764, time remaining: 27s
Rendered 3012/3764, time remaining: 27s
Rendered 3013/3764, time remaining: 27s
Rendered 3014/3764, time remaining: 27s
Rendered 3015/3764, time remaining: 27s
Rendered 3016/3764, time remaining: 27s
Rendered 3017/3764, time remaining: 27s
Rendered 3018/3764, time remaining: 27s
Rendered 3019/3764, time remaining: 27s
Rendered 3020/3764, time remaining: 26s
Rendered 3021/3764, time remaining: 27s
Rendered 3022/3764, time remaining: 27s
Rendered 3023/3764, time remaining: 27s
Rendered 3024/3764, time remaining: 27s
Rendered 3025/3764, time remaining: 26s
Rendered 3026/3764, time remaining: 26s
Rendered 3027/3764, time remaining: 26s
Rendered 3028/3764, time remaining: 27s
Rendered 3029/3764, time remaining: 27s
Rendered 3030/3764, time remaining: 27s
Rendered 3031/3764, time remaining: 27s
Rendered 3032/3764, time remaining: 26s
Rendered 3033/3764, time remaining: 26s
Rendered 3034/3764, time remaining: 26s
Rendered 3035/3764, time remaining: 26s
Rendered 3036/3764, time remaining: 26s
Rendered 3037/3764, time remaining: 26s
Rendered 3038/3764, time remaining: 26s
Rendered 3039/3764, time remaining: 26s
Rendered 3040/3764, time remaining: 26s
Rendered 3041/3764, time remaining: 26s
Rendered 3042/3764, time remaining: 26s
Rendered 3043/3764, time remaining: 26s
Rendered 3044/3764, time remaining: 26s
Rendered 3045/3764, time remaining: 26s
Rendered 3046/3764, time remaining: 26s
Rendered 3047/3764, time remaining: 26s
Rendered 3048/3764, time remaining: 26s
Rendered 3049/3764, time remaining: 25s
Rendered 3050/3764, time remaining: 25s
Rendered 3051/3764, time remaining: 25s
Rendered 3052/3764, time remaining: 26s
Rendered 3053/3764, time remaining: 26s
Rendered 3054/3764, time remaining: 26s
Rendered 3055/3764, time remaining: 26s
Rendered 3056/3764, time remaining: 25s
Rendered 3057/3764, time remaining: 25s
Rendered 3058/3764, time remaining: 25s
Rendered 3059/3764, time remaining: 25s
Rendered 3060/3764, time remaining: 25s
Rendered 3061/3764, time remaining: 25s
Rendered 3062/3764, time remaining: 25s
Rendered 3063/3764, time remaining: 25s
Rendered 3064/3764, time remaining: 25s
Rendered 3065/3764, time remaining: 25s
Rendered 3066/3764, time remaining: 25s
Rendered 3067/3764, time remaining: 25s
Rendered 3068/3764, time remaining: 25s
Rendered 3069/3764, time remaining: 25s
Rendered 3070/3764, time remaining: 25s
Rendered 3071/3764, time remaining: 25s
Rendered 3072/3764, time remaining: 25s
Rendered 3073/3764, time remaining: 25s
Rendered 3074/3764, time remaining: 25s
Rendered 3075/3764, time remaining: 25s
Rendered 3076/3764, time remaining: 25s
Rendered 3077/3764, time remaining: 25s
Rendered 3078/3764, time remaining: 25s
Rendered 3079/3764, time remaining: 24s
Rendered 3080/3764, time remaining: 25s
Rendered 3081/3764, time remaining: 24s
Rendered 3082/3764, time remaining: 25s
Rendered 3083/3764, time remaining: 24s
Rendered 3084/3764, time remaining: 24s
Rendered 3085/3764, time remaining: 25s
Rendered 3086/3764, time remaining: 24s
Rendered 3087/3764, time remaining: 24s
Rendered 3088/3764, time remaining: 24s
Rendered 3089/3764, time remaining: 24s
Rendered 3090/3764, time remaining: 24s
Rendered 3091/3764, time remaining: 24s
Rendered 3092/3764, time remaining: 24s
Rendered 3093/3764, time remaining: 23s
Rendered 3094/3764, time remaining: 24s
Rendered 3095/3764, time remaining: 24s
Rendered 3096/3764, time remaining: 24s
Rendered 3097/3764, time remaining: 24s
Rendered 3098/3764, time remaining: 24s
Rendered 3099/3764, time remaining: 23s
Rendered 3100/3764, time remaining: 23s
Rendered 3101/3764, time remaining: 24s
Rendered 3102/3764, time remaining: 23s
Rendered 3103/3764, time remaining: 23s
Rendered 3104/3764, time remaining: 23s
Rendered 3105/3764, time remaining: 24s
Rendered 3106/3764, time remaining: 23s
Rendered 3107/3764, time remaining: 23s
Rendered 3108/3764, time remaining: 23s
Rendered 3109/3764, time remaining: 23s
Rendered 3110/3764, time remaining: 23s
Rendered 3111/3764, time remaining: 23s
Rendered 3112/3764, time remaining: 23s
Rendered 3113/3764, time remaining: 23s
Rendered 3114/3764, time remaining: 23s
Rendered 3115/3764, time remaining: 23s
Rendered 3116/3764, time remaining: 23s
Rendered 3117/3764, time remaining: 23s
Rendered 3118/3764, time remaining: 23s
Rendered 3119/3764, time remaining: 23s
Rendered 3120/3764, time remaining: 23s
Rendered 3121/3764, time remaining: 23s
Rendered 3122/3764, time remaining: 23s
Rendered 3123/3764, time remaining: 23s
Rendered 3124/3764, time remaining: 23s
Rendered 3125/3764, time remaining: 22s
Rendered 3126/3764, time remaining: 22s
Rendered 3127/3764, time remaining: 22s
Rendered 3128/3764, time remaining: 22s
Rendered 3129/3764, time remaining: 22s
Rendered 3130/3764, time remaining: 22s
Rendered 3131/3764, time remaining: 22s
Rendered 3132/3764, time remaining: 22s
Rendered 3133/3764, time remaining: 22s
Rendered 3134/3764, time remaining: 22s
Rendered 3135/3764, time remaining: 22s
Rendered 3136/3764, time remaining: 22s
Rendered 3137/3764, time remaining: 22s
Rendered 3138/3764, time remaining: 22s
Rendered 3139/3764, time remaining: 22s
Rendered 3140/3764, time remaining: 22s
Rendered 3141/3764, time remaining: 22s
Rendered 3142/3764, time remaining: 22s
Rendered 3143/3764, time remaining: 22s
Rendered 3144/3764, time remaining: 22s
Rendered 3145/3764, time remaining: 22s
Rendered 3146/3764, time remaining: 22s
Rendered 3147/3764, time remaining: 21s
Rendered 3148/3764, time remaining: 22s
Rendered 3149/3764, time remaining: 22s
Rendered 3150/3764, time remaining: 21s
Rendered 3151/3764, time remaining: 22s
Rendered 3152/3764, time remaining: 21s
Rendered 3153/3764, time remaining: 21s
Rendered 3154/3764, time remaining: 21s
Rendered 3155/3764, time remaining: 22s
Rendered 3156/3764, time remaining: 21s
Rendered 3157/3764, time remaining: 21s
Rendered 3158/3764, time remaining: 21s
Rendered 3159/3764, time remaining: 21s
Rendered 3160/3764, time remaining: 21s
Rendered 3161/3764, time remaining: 21s
Rendered 3162/3764, time remaining: 21s
Rendered 3163/3764, time remaining: 21s
Rendered 3164/3764, time remaining: 21s
Rendered 3165/3764, time remaining: 21s
Rendered 3166/3764, time remaining: 21s
Rendered 3167/3764, time remaining: 21s
Rendered 3168/3764, time remaining: 21s
Rendered 3169/3764, time remaining: 21s
Rendered 3170/3764, time remaining: 21s
Rendered 3171/3764, time remaining: 20s
Rendered 3172/3764, time remaining: 21s
Rendered 3173/3764, time remaining: 21s
Rendered 3174/3764, time remaining: 20s
Rendered 3175/3764, time remaining: 21s
Rendered 3176/3764, time remaining: 21s
Rendered 3177/3764, time remaining: 20s
Rendered 3178/3764, time remaining: 20s
Rendered 3179/3764, time remaining: 20s
Rendered 3180/3764, time remaining: 20s
Rendered 3181/3764, time remaining: 20s
Rendered 3182/3764, time remaining: 20s
Rendered 3183/3764, time remaining: 20s
Rendered 3184/3764, time remaining: 20s
Rendered 3185/3764, time remaining: 20s
Rendered 3186/3764, time remaining: 20s
Rendered 3187/3764, time remaining: 20s
Rendered 3188/3764, time remaining: 20s
Rendered 3189/3764, time remaining: 20s
Rendered 3190/3764, time remaining: 20s
Rendered 3191/3764, time remaining: 20s
Rendered 3192/3764, time remaining: 20s
Rendered 3193/3764, time remaining: 20s
Rendered 3194/3764, time remaining: 19s
Rendered 3195/3764, time remaining: 20s
Rendered 3196/3764, time remaining: 20s
Rendered 3197/3764, time remaining: 20s
Rendered 3198/3764, time remaining: 20s
Rendered 3199/3764, time remaining: 19s
Rendered 3200/3764, time remaining: 19s
Rendered 3201/3764, time remaining: 20s
Rendered 3202/3764, time remaining: 20s
Rendered 3203/3764, time remaining: 20s
Rendered 3204/3764, time remaining: 19s
Rendered 3205/3764, time remaining: 19s
Rendered 3206/3764, time remaining: 19s
Rendered 3207/3764, time remaining: 19s
Rendered 3208/3764, time remaining: 19s
Rendered 3209/3764, time remaining: 19s
Rendered 3210/3764, time remaining: 19s
Rendered 3211/3764, time remaining: 19s
Rendered 3212/3764, time remaining: 19s
Rendered 3213/3764, time remaining: 19s
Rendered 3214/3764, time remaining: 19s
Rendered 3215/3764, time remaining: 19s
Rendered 3216/3764, time remaining: 19s
Rendered 3217/3764, time remaining: 19s
Rendered 3218/3764, time remaining: 19s
Rendered 3219/3764, time remaining: 19s
Rendered 3220/3764, time remaining: 19s
Rendered 3221/3764, time remaining: 19s
Rendered 3222/3764, time remaining: 19s
Rendered 3223/3764, time remaining: 19s
Rendered 3224/3764, time remaining: 19s
Rendered 3225/3764, time remaining: 19s
Rendered 3226/3764, time remaining: 18s
Rendered 3227/3764, time remaining: 19s
Rendered 3228/3764, time remaining: 19s
Rendered 3229/3764, time remaining: 19s
Rendered 3230/3764, time remaining: 18s
Rendered 3231/3764, time remaining: 18s
Rendered 3232/3764, time remaining: 18s
Rendered 3233/3764, time remaining: 18s
Rendered 3234/3764, time remaining: 18s
Rendered 3235/3764, time remaining: 18s
Rendered 3236/3764, time remaining: 18s
Rendered 3237/3764, time remaining: 18s
Rendered 3238/3764, time remaining: 18s
Rendered 3239/3764, time remaining: 18s
Rendered 3240/3764, time remaining: 18s
Rendered 3241/3764, time remaining: 18s
Rendered 3242/3764, time remaining: 18s
Rendered 3243/3764, time remaining: 18s
Rendered 3244/3764, time remaining: 18s
Rendered 3245/3764, time remaining: 18s
Rendered 3246/3764, time remaining: 18s
Rendered 3247/3764, time remaining: 18s
Rendered 3248/3764, time remaining: 18s
Rendered 3249/3764, time remaining: 18s
Rendered 3250/3764, time remaining: 18s
Rendered 3251/3764, time remaining: 17s
Rendered 3252/3764, time remaining: 18s
Rendered 3253/3764, time remaining: 18s
Rendered 3254/3764, time remaining: 18s
Rendered 3255/3764, time remaining: 17s
Rendered 3256/3764, time remaining: 17s
Rendered 3257/3764, time remaining: 17s
Rendered 3258/3764, time remaining: 17s
Rendered 3259/3764, time remaining: 17s
Rendered 3260/3764, time remaining: 17s
Rendered 3261/3764, time remaining: 17s
Rendered 3262/3764, time remaining: 17s
Rendered 3263/3764, time remaining: 17s
Rendered 3264/3764, time remaining: 17s
Rendered 3265/3764, time remaining: 17s
Rendered 3266/3764, time remaining: 17s
Rendered 3267/3764, time remaining: 17s
Rendered 3268/3764, time remaining: 17s
Rendered 3269/3764, time remaining: 17s
Rendered 3270/3764, time remaining: 17s
Rendered 3271/3764, time remaining: 17s
Rendered 3272/3764, time remaining: 17s
Rendered 3273/3764, time remaining: 17s
Rendered 3274/3764, time remaining: 17s
Rendered 3275/3764, time remaining: 17s
Rendered 3276/3764, time remaining: 16s
Rendered 3277/3764, time remaining: 16s
Rendered 3278/3764, time remaining: 16s
Rendered 3279/3764, time remaining: 16s
Rendered 3280/3764, time remaining: 17s
Rendered 3281/3764, time remaining: 17s
Rendered 3282/3764, time remaining: 16s
Rendered 3283/3764, time remaining: 16s
Rendered 3284/3764, time remaining: 16s
Rendered 3285/3764, time remaining: 16s
Rendered 3286/3764, time remaining: 16s
Rendered 3287/3764, time remaining: 16s
Rendered 3288/3764, time remaining: 16s
Rendered 3289/3764, time remaining: 16s
Rendered 3290/3764, time remaining: 16s
Rendered 3291/3764, time remaining: 16s
Rendered 3292/3764, time remaining: 16s
Rendered 3293/3764, time remaining: 16s
Rendered 3294/3764, time remaining: 16s
Rendered 3295/3764, time remaining: 16s
Rendered 3296/3764, time remaining: 16s
Rendered 3297/3764, time remaining: 16s
Rendered 3298/3764, time remaining: 16s
Rendered 3299/3764, time remaining: 16s
Rendered 3300/3764, time remaining: 16s
Rendered 3301/3764, time remaining: 16s
Rendered 3302/3764, time remaining: 16s
Rendered 3303/3764, time remaining: 16s
Rendered 3304/3764, time remaining: 15s
Rendered 3305/3764, time remaining: 15s
Rendered 3306/3764, time remaining: 15s
Rendered 3307/3764, time remaining: 15s
Rendered 3308/3764, time remaining: 15s
Rendered 3309/3764, time remaining: 15s
Rendered 3310/3764, time remaining: 15s
Rendered 3311/3764, time remaining: 15s
Rendered 3312/3764, time remaining: 15s
Rendered 3313/3764, time remaining: 15s
Rendered 3314/3764, time remaining: 15s
Rendered 3315/3764, time remaining: 15s
Rendered 3316/3764, time remaining: 15s
Rendered 3317/3764, time remaining: 15s
Rendered 3318/3764, time remaining: 15s
Rendered 3319/3764, time remaining: 15s
Rendered 3320/3764, time remaining: 15s
Rendered 3321/3764, time remaining: 15s
Rendered 3322/3764, time remaining: 15s
Rendered 3323/3764, time remaining: 15s
Rendered 3324/3764, time remaining: 15s
Rendered 3325/3764, time remaining: 15s
Rendered 3326/3764, time remaining: 15s
Rendered 3327/3764, time remaining: 15s
Rendered 3328/3764, time remaining: 15s
Rendered 3329/3764, time remaining: 14s
Rendered 3330/3764, time remaining: 14s
Rendered 3331/3764, time remaining: 15s
Rendered 3332/3764, time remaining: 15s
Rendered 3333/3764, time remaining: 14s
Rendered 3334/3764, time remaining: 14s
Rendered 3335/3764, time remaining: 14s
Rendered 3336/3764, time remaining: 14s
Rendered 3337/3764, time remaining: 14s
Rendered 3338/3764, time remaining: 14s
Rendered 3339/3764, time remaining: 14s
Rendered 3340/3764, time remaining: 14s
Rendered 3341/3764, time remaining: 14s
Rendered 3342/3764, time remaining: 14s
Rendered 3343/3764, time remaining: 14s
Rendered 3344/3764, time remaining: 14s
Rendered 3345/3764, time remaining: 14s
Rendered 3346/3764, time remaining: 14s
Rendered 3347/3764, time remaining: 14s
Rendered 3348/3764, time remaining: 14s
Rendered 3349/3764, time remaining: 14s
Rendered 3350/3764, time remaining: 14s
Rendered 3351/3764, time remaining: 14s
Rendered 3352/3764, time remaining: 14s
Rendered 3353/3764, time remaining: 13s
Rendered 3354/3764, time remaining: 13s
Rendered 3355/3764, time remaining: 14s
Rendered 3356/3764, time remaining: 14s
Rendered 3357/3764, time remaining: 14s
Rendered 3358/3764, time remaining: 13s
Rendered 3359/3764, time remaining: 13s
Rendered 3360/3764, time remaining: 13s
Rendered 3361/3764, time remaining: 13s
Rendered 3362/3764, time remaining: 14s
Rendered 3363/3764, time remaining: 13s
Rendered 3364/3764, time remaining: 13s
Rendered 3365/3764, time remaining: 13s
Rendered 3366/3764, time remaining: 13s
Rendered 3367/3764, time remaining: 13s
Rendered 3368/3764, time remaining: 13s
Rendered 3369/3764, time remaining: 13s
Rendered 3370/3764, time remaining: 13s
Rendered 3371/3764, time remaining: 13s
Rendered 3372/3764, time remaining: 13s
Rendered 3373/3764, time remaining: 13s
Rendered 3374/3764, time remaining: 13s
Rendered 3375/3764, time remaining: 13s
Rendered 3376/3764, time remaining: 13s
Rendered 3377/3764, time remaining: 13s
Rendered 3378/3764, time remaining: 13s
Rendered 3379/3764, time remaining: 13s
Rendered 3380/3764, time remaining: 13s
Rendered 3381/3764, time remaining: 13s
Rendered 3382/3764, time remaining: 13s
Rendered 3383/3764, time remaining: 13s
Rendered 3384/3764, time remaining: 13s
Rendered 3385/3764, time remaining: 13s
Rendered 3386/3764, time remaining: 13s
Rendered 3387/3764, time remaining: 12s
Rendered 3388/3764, time remaining: 13s
Rendered 3389/3764, time remaining: 12s
Rendered 3390/3764, time remaining: 12s
Rendered 3391/3764, time remaining: 12s
Rendered 3392/3764, time remaining: 12s
Rendered 3393/3764, time remaining: 12s
Rendered 3394/3764, time remaining: 12s
Rendered 3395/3764, time remaining: 12s
Rendered 3396/3764, time remaining: 12s
Rendered 3397/3764, time remaining: 12s
Rendered 3398/3764, time remaining: 12s
Rendered 3399/3764, time remaining: 12s
Rendered 3400/3764, time remaining: 12s
Rendered 3401/3764, time remaining: 12s
Rendered 3402/3764, time remaining: 12s
Rendered 3403/3764, time remaining: 12s
Rendered 3404/3764, time remaining: 12s
Rendered 3405/3764, time remaining: 12s
Rendered 3406/3764, time remaining: 12s
Rendered 3407/3764, time remaining: 12s
Rendered 3408/3764, time remaining: 12s
Rendered 3409/3764, time remaining: 12s
Rendered 3410/3764, time remaining: 12s
Rendered 3411/3764, time remaining: 12s
Rendered 3412/3764, time remaining: 12s
Rendered 3413/3764, time remaining: 12s
Rendered 3414/3764, time remaining: 12s
Rendered 3415/3764, time remaining: 12s
Rendered 3416/3764, time remaining: 12s
Rendered 3417/3764, time remaining: 12s
Rendered 3418/3764, time remaining: 12s
Rendered 3419/3764, time remaining: 12s
Rendered 3420/3764, time remaining: 12s
Rendered 3421/3764, time remaining: 11s
Rendered 3422/3764, time remaining: 11s
Rendered 3423/3764, time remaining: 11s
Rendered 3424/3764, time remaining: 11s
Rendered 3425/3764, time remaining: 11s
Rendered 3426/3764, time remaining: 11s
Rendered 3427/3764, time remaining: 11s
Rendered 3428/3764, time remaining: 11s
Rendered 3429/3764, time remaining: 11s
Rendered 3430/3764, time remaining: 11s
Rendered 3431/3764, time remaining: 11s
Rendered 3432/3764, time remaining: 11s
Rendered 3433/3764, time remaining: 11s
Rendered 3434/3764, time remaining: 11s
Rendered 3435/3764, time remaining: 11s
Rendered 3436/3764, time remaining: 11s
Rendered 3437/3764, time remaining: 11s
Rendered 3438/3764, time remaining: 11s
Rendered 3439/3764, time remaining: 11s
Rendered 3440/3764, time remaining: 11s
Rendered 3441/3764, time remaining: 11s
Rendered 3442/3764, time remaining: 11s
Rendered 3443/3764, time remaining: 11s
Rendered 3444/3764, time remaining: 11s
Rendered 3445/3764, time remaining: 11s
Rendered 3446/3764, time remaining: 11s
Rendered 3447/3764, time remaining: 11s
Rendered 3448/3764, time remaining: 10s
Rendered 3449/3764, time remaining: 10s
Rendered 3450/3764, time remaining: 10s
Rendered 3451/3764, time remaining: 10s
Rendered 3452/3764, time remaining: 10s
Rendered 3453/3764, time remaining: 10s
Rendered 3454/3764, time remaining: 10s
Rendered 3455/3764, time remaining: 10s
Rendered 3456/3764, time remaining: 10s
Rendered 3457/3764, time remaining: 10s
Rendered 3458/3764, time remaining: 10s
Rendered 3459/3764, time remaining: 10s
Rendered 3460/3764, time remaining: 10s
Rendered 3461/3764, time remaining: 10s
Rendered 3462/3764, time remaining: 10s
Rendered 3463/3764, time remaining: 10s
Rendered 3464/3764, time remaining: 10s
Rendered 3465/3764, time remaining: 10s
Rendered 3466/3764, time remaining: 10s
Rendered 3467/3764, time remaining: 10s
Rendered 3468/3764, time remaining: 10s
Rendered 3469/3764, time remaining: 10s
Rendered 3470/3764, time remaining: 10s
Rendered 3471/3764, time remaining: 10s
Rendered 3472/3764, time remaining: 10s
Rendered 3473/3764, time remaining: 10s
Rendered 3474/3764, time remaining: 10s
Rendered 3475/3764, time remaining: 9s
Rendered 3476/3764, time remaining: 10s
Rendered 3477/3764, time remaining: 10s
Rendered 3478/3764, time remaining: 10s
Rendered 3479/3764, time remaining: 9s
Rendered 3480/3764, time remaining: 9s
Rendered 3481/3764, time remaining: 9s
Rendered 3482/3764, time remaining: 9s
Rendered 3483/3764, time remaining: 9s
Rendered 3484/3764, time remaining: 9s
Rendered 3485/3764, time remaining: 9s
Rendered 3486/3764, time remaining: 9s
Rendered 3487/3764, time remaining: 9s
Rendered 3488/3764, time remaining: 9s
Rendered 3489/3764, time remaining: 9s
Rendered 3490/3764, time remaining: 9s
Rendered 3491/3764, time remaining: 9s
Rendered 3492/3764, time remaining: 9s
Rendered 3493/3764, time remaining: 9s
Rendered 3494/3764, time remaining: 9s
Rendered 3495/3764, time remaining: 9s
Rendered 3496/3764, time remaining: 9s
Rendered 3497/3764, time remaining: 9s
Rendered 3498/3764, time remaining: 9s
Rendered 3499/3764, time remaining: 9s
Rendered 3500/3764, time remaining: 9s
Rendered 3501/3764, time remaining: 9s
Rendered 3502/3764, time remaining: 9s
Rendered 3503/3764, time remaining: 9s
Rendered 3504/3764, time remaining: 9s
Rendered 3505/3764, time remaining: 9s
Rendered 3506/3764, time remaining: 8s
Rendered 3507/3764, time remaining: 8s
Rendered 3508/3764, time remaining: 8s
Rendered 3509/3764, time remaining: 8s
Rendered 3510/3764, time remaining: 9s
Rendered 3511/3764, time remaining: 8s
Rendered 3512/3764, time remaining: 8s
Rendered 3513/3764, time remaining: 8s
Rendered 3514/3764, time remaining: 8s
Rendered 3515/3764, time remaining: 8s
Rendered 3516/3764, time remaining: 8s
Rendered 3517/3764, time remaining: 8s
Rendered 3518/3764, time remaining: 8s
Rendered 3519/3764, time remaining: 8s
Rendered 3520/3764, time remaining: 8s
Rendered 3521/3764, time remaining: 8s
Rendered 3522/3764, time remaining: 8s
Rendered 3523/3764, time remaining: 8s
Rendered 3524/3764, time remaining: 8s
Rendered 3525/3764, time remaining: 8s
Rendered 3526/3764, time remaining: 8s
Rendered 3527/3764, time remaining: 8s
Rendered 3528/3764, time remaining: 8s
Rendered 3529/3764, time remaining: 8s
Rendered 3530/3764, time remaining: 8s
Rendered 3531/3764, time remaining: 8s
Rendered 3532/3764, time remaining: 8s
Rendered 3533/3764, time remaining: 8s
Rendered 3534/3764, time remaining: 7s
Rendered 3535/3764, time remaining: 7s
Rendered 3536/3764, time remaining: 7s
Rendered 3537/3764, time remaining: 8s
Rendered 3538/3764, time remaining: 7s
Rendered 3539/3764, time remaining: 7s
Rendered 3540/3764, time remaining: 7s
Rendered 3541/3764, time remaining: 7s
Rendered 3542/3764, time remaining: 7s
Rendered 3543/3764, time remaining: 7s
Rendered 3544/3764, time remaining: 7s
Rendered 3545/3764, time remaining: 7s
Rendered 3546/3764, time remaining: 7s
Rendered 3547/3764, time remaining: 7s
Rendered 3548/3764, time remaining: 7s
Rendered 3549/3764, time remaining: 7s
Rendered 3550/3764, time remaining: 7s
Rendered 3551/3764, time remaining: 7s
Rendered 3552/3764, time remaining: 7s
Rendered 3553/3764, time remaining: 7s
Rendered 3554/3764, time remaining: 7s
Rendered 3555/3764, time remaining: 7s
Rendered 3556/3764, time remaining: 7s
Rendered 3557/3764, time remaining: 7s
Rendered 3558/3764, time remaining: 7s
Rendered 3559/3764, time remaining: 7s
Rendered 3560/3764, time remaining: 7s
Rendered 3561/3764, time remaining: 6s
Rendered 3562/3764, time remaining: 6s
Rendered 3563/3764, time remaining: 6s
Rendered 3564/3764, time remaining: 6s
Rendered 3565/3764, time remaining: 6s
Rendered 3566/3764, time remaining: 6s
Rendered 3567/3764, time remaining: 6s
Rendered 3568/3764, time remaining: 6s
Rendered 3569/3764, time remaining: 6s
Rendered 3570/3764, time remaining: 6s
Rendered 3571/3764, time remaining: 6s
Rendered 3572/3764, time remaining: 6s
Rendered 3573/3764, time remaining: 6s
Rendered 3574/3764, time remaining: 6s
Rendered 3575/3764, time remaining: 6s
Rendered 3576/3764, time remaining: 6s
Rendered 3577/3764, time remaining: 6s
Rendered 3578/3764, time remaining: 6s
Rendered 3579/3764, time remaining: 6s
Rendered 3580/3764, time remaining: 6s
Rendered 3581/3764, time remaining: 6s
Rendered 3582/3764, time remaining: 6s
Rendered 3583/3764, time remaining: 6s
Rendered 3584/3764, time remaining: 6s
Rendered 3585/3764, time remaining: 6s
Rendered 3586/3764, time remaining: 6s
Rendered 3587/3764, time remaining: 6s
Rendered 3588/3764, time remaining: 6s
Rendered 3589/3764, time remaining: 6s
Rendered 3590/3764, time remaining: 6s
Rendered 3591/3764, time remaining: 5s
Rendered 3592/3764, time remaining: 5s
Rendered 3593/3764, time remaining: 5s
Rendered 3594/3764, time remaining: 5s
Rendered 3595/3764, time remaining: 5s
Rendered 3596/3764, time remaining: 5s
Rendered 3597/3764, time remaining: 5s
Rendered 3598/3764, time remaining: 5s
Rendered 3599/3764, time remaining: 5s
Rendered 3600/3764, time remaining: 5s
Rendered 3601/3764, time remaining: 5s
Rendered 3602/3764, time remaining: 5s
Rendered 3603/3764, time remaining: 5s
Rendered 3604/3764, time remaining: 5s
Rendered 3605/3764, time remaining: 5s
Rendered 3606/3764, time remaining: 5s
Rendered 3607/3764, time remaining: 5s
Rendered 3608/3764, time remaining: 5s
Rendered 3609/3764, time remaining: 5s
Rendered 3610/3764, time remaining: 5s
Rendered 3611/3764, time remaining: 5s
Rendered 3612/3764, time remaining: 5s
Rendered 3613/3764, time remaining: 5s
Rendered 3614/3764, time remaining: 5s
Rendered 3615/3764, time remaining: 5s
Rendered 3616/3764, time remaining: 5s
Rendered 3617/3764, time remaining: 5s
Rendered 3618/3764, time remaining: 5s
Rendered 3619/3764, time remaining: 5s
Rendered 3620/3764, time remaining: 5s
Rendered 3621/3764, time remaining: 5s
Rendered 3622/3764, time remaining: 4s
Rendered 3623/3764, time remaining: 4s
Rendered 3624/3764, time remaining: 4s
Rendered 3625/3764, time remaining: 4s
Rendered 3626/3764, time remaining: 4s
Rendered 3627/3764, time remaining: 4s
Rendered 3628/3764, time remaining: 4s
Rendered 3629/3764, time remaining: 4s
Rendered 3630/3764, time remaining: 4s
Rendered 3631/3764, time remaining: 4s
Rendered 3632/3764, time remaining: 4s
Rendered 3633/3764, time remaining: 4s
Rendered 3634/3764, time remaining: 4s
Rendered 3635/3764, time remaining: 4s
Rendered 3636/3764, time remaining: 4s
Rendered 3637/3764, time remaining: 4s
Rendered 3638/3764, time remaining: 4s
Rendered 3639/3764, time remaining: 4s
Rendered 3640/3764, time remaining: 4s
Rendered 3641/3764, time remaining: 4s
Rendered 3642/3764, time remaining: 4s
Rendered 3643/3764, time remaining: 4s
Rendered 3644/3764, time remaining: 4s
Rendered 3645/3764, time remaining: 4s
Rendered 3646/3764, time remaining: 4s
Rendered 3647/3764, time remaining: 4s
Rendered 3648/3764, time remaining: 4s
Rendered 3649/3764, time remaining: 4s
Rendered 3650/3764, time remaining: 4s
Rendered 3651/3764, time remaining: 3s
Rendered 3652/3764, time remaining: 3s
Rendered 3653/3764, time remaining: 3s
Rendered 3654/3764, time remaining: 3s
Rendered 3655/3764, time remaining: 3s
Rendered 3656/3764, time remaining: 3s
Rendered 3657/3764, time remaining: 3s
Rendered 3658/3764, time remaining: 3s
Rendered 3659/3764, time remaining: 3s
Rendered 3660/3764, time remaining: 3s
Rendered 3661/3764, time remaining: 3s
Rendered 3662/3764, time remaining: 3s
Rendered 3663/3764, time remaining: 3s
Rendered 3664/3764, time remaining: 3s
Rendered 3665/3764, time remaining: 3s
Rendered 3666/3764, time remaining: 3s
Rendered 3667/3764, time remaining: 3s
Rendered 3668/3764, time remaining: 3s
Rendered 3669/3764, time remaining: 3s
Rendered 3670/3764, time remaining: 3s
Rendered 3671/3764, time remaining: 3s
Rendered 3672/3764, time remaining: 3s
Rendered 3673/3764, time remaining: 3s
Rendered 3674/3764, time remaining: 3s
Rendered 3675/3764, time remaining: 3s
Rendered 3676/3764, time remaining: 3s
Rendered 3677/3764, time remaining: 3s
Rendered 3678/3764, time remaining: 3s
Rendered 3679/3764, time remaining: 3s
Rendered 3680/3764, time remaining: 2s
Rendered 3681/3764, time remaining: 2s
Rendered 3682/3764, time remaining: 2s
Rendered 3683/3764, time remaining: 2s
Rendered 3684/3764, time remaining: 2s
Rendered 3685/3764, time remaining: 2s
Rendered 3686/3764, time remaining: 2s
Rendered 3687/3764, time remaining: 2s
Rendered 3688/3764, time remaining: 2s
Rendered 3689/3764, time remaining: 2s
Rendered 3690/3764, time remaining: 2s
Rendered 3691/3764, time remaining: 2s
Rendered 3692/3764, time remaining: 2s
Rendered 3693/3764, time remaining: 2s
Rendered 3694/3764, time remaining: 2s
Rendered 3695/3764, time remaining: 2s
Rendered 3696/3764, time remaining: 2s
Rendered 3697/3764, time remaining: 2s
Rendered 3698/3764, time remaining: 2s
Rendered 3699/3764, time remaining: 2s
Rendered 3700/3764, time remaining: 2s
Rendered 3701/3764, time remaining: 2s
Rendered 3702/3764, time remaining: 2s
Rendered 3703/3764, time remaining: 2s
Rendered 3704/3764, time remaining: 2s
Rendered 3705/3764, time remaining: 2s
Rendered 3706/3764, time remaining: 2s
Rendered 3707/3764, time remaining: 2s
Rendered 3708/3764, time remaining: 1s
Rendered 3709/3764, time remaining: 1s
Rendered 3710/3764, time remaining: 1s
Rendered 3711/3764, time remaining: 1s
Rendered 3712/3764, time remaining: 1s
Rendered 3713/3764, time remaining: 1s
Rendered 3714/3764, time remaining: 1s
Rendered 3715/3764, time remaining: 1s
Rendered 3716/3764, time remaining: 1s
Rendered 3717/3764, time remaining: 1s
Rendered 3718/3764, time remaining: 1s
Rendered 3719/3764, time remaining: 1s
Rendered 3720/3764, time remaining: 1s
Rendered 3721/3764, time remaining: 1s
Rendered 3722/3764, time remaining: 1s
Rendered 3723/3764, time remaining: 1s
Rendered 3724/3764, time remaining: 1s
Rendered 3725/3764, time remaining: 1s
Rendered 3726/3764, time remaining: 1s
Rendered 3727/3764, time remaining: 1s
Rendered 3728/3764, time remaining: 1s
Rendered 3729/3764, time remaining: 1s
Rendered 3730/3764, time remaining: 1s
Rendered 3731/3764, time remaining: 1s
Rendered 3732/3764, time remaining: 1s
Rendered 3733/3764, time remaining: 1s
Rendered 3734/3764, time remaining: 1s
Rendered 3735/3764, time remaining: 1s
Rendered 3736/3764, time remaining: 0s
Rendered 3737/3764, time remaining: 0s
Rendered 3738/3764, time remaining: 0s
Rendered 3739/3764, time remaining: 0s
Rendered 3740/3764, time remaining: 0s
Rendered 3741/3764, time remaining: 0s
Rendered 3742/3764, time remaining: 0s
Rendered 3743/3764, time remaining: 0s
Rendered 3744/3764, time remaining: 0s
Rendered 3745/3764, time remaining: 0s
Rendered 3746/3764, time remaining: 0s
Rendered 3747/3764, time remaining: 0s
Rendered 3748/3764, time remaining: 0s
Rendered 3749/3764, time remaining: 0s
Rendered 3750/3764, time remaining: 0s
Rendered 3751/3764, time remaining: 0s
Rendered 3752/3764, time remaining: 0s
Rendered 3753/3764, time remaining: 0s
Rendered 3754/3764, time remaining: 0s
Rendered 3755/3764, time remaining: 0s
Rendered 3756/3764, time remaining: 0s
Rendered 3757/3764, time remaining: 0s
Rendered 3758/3764, time remaining: 0s
Rendered 3759/3764, time remaining: 0s
Rendered 3760/3764, time remaining: 0s
Rendered 3761/3764, time remaining: 0s
Rendered 3762/3764, time remaining: 0s
Rendered 3763/3764, time remaining: 0s
Rendered 3764/3764
Encoded 73/3764
Encoded 184/3764
Encoded 298/3764
Encoded 414/3764
Encoded 524/3764
Encoded 629/3764
Encoded 745/3764
Encoded 859/3764
Encoded 958/3764
Encoded 1072/3764
Encoded 1187/3764
Encoded 1297/3764
Encoded 1391/3764
Encoded 1492/3764
Encoded 1590/3764
Encoded 1690/3764
Encoded 1785/3764
Encoded 1872/3764
Encoded 1979/3764
Encoded 2082/3764
Encoded 2180/3764
Encoded 2293/3764
Encoded 2391/3764
Encoded 2514/3764
Encoded 2630/3764
Encoded 2745/3764
Encoded 2850/3764
Encoded 2936/3764
Encoded 3031/3764
Encoded 3125/3764
Encoded 3226/3764
Encoded 3337/3764
Encoded 3453/3764
Encoded 3564/3764
Encoded 3665/3764
Encoded 3764/3764
+                    ../projects/import-china-india-te/renders/ch28.mp4 15.9 MB
Bundling 6%
Bundling 16%
Bundling 64%
Bundling 69%
Bundling 74%
Bundling 80%
Bundling 85%
Bundling 90%
Bundling 95%
Bundling 100%
Getting composition
Composition          Explainer
Codec                h264
Output               ../projects/import-china-india-te/renders/ch29.mp4
Concurrency          6x
Rendered 0/2766
Rendered 1/2766, time remaining: 28m 20s
Rendered 2/2766, time remaining: 14m 14s
Rendered 3/2766, time remaining: 9m 29s
Rendered 4/2766, time remaining: 7m 11s
Rendered 5/2766, time remaining: 6m 12s
Rendered 6/2766, time remaining: 5m 10s
Rendered 7/2766, time remaining: 5m 16s
Rendered 8/2766, time remaining: 4m 39s
Rendered 9/2766, time remaining: 4m 12s
Rendered 10/2766, time remaining: 3m 52s
Rendered 11/2766, time remaining: 3m 35s
Rendered 12/2766, time remaining: 3m 21s
Rendered 13/2766, time remaining: 3m 30s
Rendered 14/2766, time remaining: 3m 19s
Rendered 15/2766, time remaining: 3m 10s
Rendered 16/2766, time remaining: 3m 0s
Rendered 17/2766, time remaining: 2m 51s
Rendered 18/2766, time remaining: 2m 46s
Rendered 19/2766, time remaining: 2m 52s
Rendered 20/2766, time remaining: 2m 47s
Rendered 21/2766, time remaining: 2m 41s
Rendered 22/2766, time remaining: 2m 35s
Rendered 23/2766, time remaining: 2m 32s
Rendered 24/2766, time remaining: 2m 26s
Rendered 25/2766, time remaining: 2m 29s
Rendered 26/2766, time remaining: 2m 29s
Rendered 27/2766, time remaining: 2m 26s
Rendered 28/2766, time remaining: 2m 22s
Rendered 29/2766, time remaining: 2m 18s
Rendered 30/2766, time remaining: 2m 14s
Rendered 31/2766, time remaining: 2m 15s
Rendered 32/2766, time remaining: 2m 17s
Rendered 33/2766, time remaining: 2m 16s
Rendered 34/2766, time remaining: 2m 12s
Rendered 35/2766, time remaining: 2m 9s
Rendered 36/2766, time remaining: 2m 8s
Rendered 37/2766, time remaining: 2m 11s
Rendered 38/2766, time remaining: 2m 9s
Rendered 39/2766, time remaining: 2m 7s
Rendered 40/2766, time remaining: 2m 4s
Rendered 41/2766, time remaining: 2m 2s
Rendered 42/2766, time remaining: 2m 0s
Rendered 43/2766, time remaining: 2m 6s
Rendered 44/2766, time remaining: 2m 4s
Rendered 45/2766, time remaining: 2m 2s
Rendered 46/2766, time remaining: 2m 0s
Rendered 47/2766, time remaining: 1m 58s
Rendered 48/2766, time remaining: 1m 56s
Rendered 49/2766, time remaining: 2m 1s
Rendered 50/2766, time remaining: 1m 59s
Rendered 51/2766, time remaining: 1m 59s
Rendered 52/2766, time remaining: 1m 57s
Rendered 53/2766, time remaining: 1m 55s
Rendered 54/2766, time remaining: 1m 54s
Rendered 55/2766, time remaining: 1m 54s
Rendered 56/2766, time remaining: 1m 56s
Rendered 57/2766, time remaining: 1m 55s
Rendered 58/2766, time remaining: 1m 53s
Rendered 59/2766, time remaining: 1m 52s
Rendered 60/2766, time remaining: 1m 51s
Rendered 61/2766, time remaining: 1m 52s
Rendered 62/2766, time remaining: 1m 52s
Rendered 63/2766, time remaining: 1m 52s
Rendered 64/2766, time remaining: 1m 50s
Rendered 65/2766, time remaining: 1m 49s
Rendered 66/2766, time remaining: 1m 49s
Rendered 67/2766, time remaining: 1m 49s
Rendered 68/2766, time remaining: 1m 51s
Rendered 69/2766, time remaining: 1m 50s
Rendered 70/2766, time remaining: 1m 48s
Rendered 71/2766, time remaining: 1m 48s
Rendered 72/2766, time remaining: 1m 47s
Rendered 73/2766, time remaining: 1m 46s
Rendered 74/2766, time remaining: 1m 49s
Rendered 75/2766, time remaining: 1m 48s
Rendered 76/2766, time remaining: 1m 48s
Rendered 77/2766, time remaining: 1m 46s
Rendered 78/2766, time remaining: 1m 45s
Rendered 79/2766, time remaining: 1m 44s
Rendered 80/2766, time remaining: 1m 44s
Rendered 81/2766, time remaining: 1m 46s
Rendered 82/2766, time remaining: 1m 45s
Rendered 83/2766, time remaining: 1m 45s
Rendered 84/2766, time remaining: 1m 44s
Rendered 85/2766, time remaining: 1m 43s
Rendered 86/2766, time remaining: 1m 44s
Rendered 87/2766, time remaining: 1m 45s
Rendered 88/2766, time remaining: 1m 43s
Rendered 89/2766, time remaining: 1m 44s
Rendered 90/2766, time remaining: 1m 44s
Rendered 91/2766, time remaining: 1m 43s
Rendered 92/2766, time remaining: 1m 43s
Rendered 93/2766, time remaining: 1m 42s
Rendered 94/2766, time remaining: 1m 41s
Rendered 95/2766, time remaining: 1m 44s
Rendered 96/2766, time remaining: 1m 43s
Rendered 97/2766, time remaining: 1m 42s
Rendered 98/2766, time remaining: 1m 42s
Rendered 99/2766, time remaining: 1m 41s
Rendered 100/2766, time remaining: 1m 40s
Rendered 101/2766, time remaining: 1m 42s
Rendered 102/2766, time remaining: 1m 41s
Rendered 103/2766, time remaining: 1m 41s
Rendered 104/2766, time remaining: 1m 40s
Rendered 105/2766, time remaining: 1m 40s
Rendered 106/2766, time remaining: 1m 39s
Rendered 107/2766, time remaining: 1m 41s
Rendered 108/2766, time remaining: 1m 41s
Rendered 109/2766, time remaining: 1m 40s
Rendered 110/2766, time remaining: 1m 40s
Rendered 111/2766, time remaining: 1m 39s
Rendered 112/2766, time remaining: 1m 38s
Rendered 113/2766, time remaining: 1m 41s
Rendered 114/2766, time remaining: 1m 40s
Rendered 115/2766, time remaining: 1m 39s
Rendered 116/2766, time remaining: 1m 39s
Rendered 117/2766, time remaining: 1m 38s
Rendered 118/2766, time remaining: 1m 38s
Rendered 119/2766, time remaining: 1m 40s
Rendered 120/2766, time remaining: 1m 39s
Rendered 121/2766, time remaining: 1m 39s
Rendered 122/2766, time remaining: 1m 38s
Rendered 123/2766, time remaining: 1m 38s
Rendered 124/2766, time remaining: 1m 37s
Rendered 125/2766, time remaining: 1m 39s
Rendered 126/2766, time remaining: 1m 39s
Rendered 127/2766, time remaining: 1m 38s
Rendered 128/2766, time remaining: 1m 38s
Rendered 129/2766, time remaining: 1m 38s
Rendered 130/2766, time remaining: 1m 37s
Rendered 131/2766, time remaining: 1m 38s
Rendered 132/2766, time remaining: 1m 38s
Rendered 133/2766, time remaining: 1m 37s
Rendered 134/2766, time remaining: 1m 37s
Rendered 135/2766, time remaining: 1m 37s
Rendered 136/2766, time remaining: 1m 37s
Rendered 137/2766, time remaining: 1m 37s
Rendered 138/2766, time remaining: 1m 37s
Rendered 139/2766, time remaining: 1m 36s
Rendered 140/2766, time remaining: 1m 36s
Rendered 141/2766, time remaining: 1m 35s
Rendered 142/2766, time remaining: 1m 35s
Rendered 143/2766, time remaining: 1m 37s
Rendered 144/2766, time remaining: 1m 37s
Rendered 145/2766, time remaining: 1m 36s
Rendered 146/2766, time remaining: 1m 36s
Rendered 147/2766, time remaining: 1m 35s
Rendered 148/2766, time remaining: 1m 35s
Rendered 149/2766, time remaining: 1m 36s
Rendered 150/2766, time remaining: 1m 36s
Rendered 151/2766, time remaining: 1m 26s
Rendered 152/2766, time remaining: 1m 26s
Rendered 153/2766, time remaining: 1m 26s
Rendered 154/2766, time remaining: 1m 26s
Rendered 155/2766, time remaining: 1m 27s
Rendered 156/2766, time remaining: 1m 27s
Rendered 157/2766, time remaining: 1m 25s
Rendered 158/2766, time remaining: 1m 25s
Rendered 159/2766, time remaining: 1m 26s
Rendered 160/2766, time remaining: 1m 26s
Rendered 161/2766, time remaining: 1m 27s
Rendered 162/2766, time remaining: 1m 28s
Rendered 163/2766, time remaining: 1m 26s
Rendered 164/2766, time remaining: 1m 26s
Rendered 165/2766, time remaining: 1m 26s
Rendered 166/2766, time remaining: 1m 26s
Rendered 167/2766, time remaining: 1m 26s
Rendered 168/2766, time remaining: 1m 27s
Rendered 169/2766, time remaining: 1m 26s
Rendered 170/2766, time remaining: 1m 25s
Rendered 171/2766, time remaining: 1m 26s
Rendered 172/2766, time remaining: 1m 26s
Rendered 173/2766, time remaining: 1m 26s
Rendered 174/2766, time remaining: 1m 27s
Rendered 175/2766, time remaining: 1m 26s
Rendered 176/2766, time remaining: 1m 25s
Rendered 177/2766, time remaining: 1m 25s
Rendered 178/2766, time remaining: 1m 26s
Rendered 179/2766, time remaining: 1m 27s
Rendered 180/2766, time remaining: 1m 26s
Rendered 181/2766, time remaining: 1m 26s
Rendered 182/2766, time remaining: 1m 25s
Rendered 183/2766, time remaining: 1m 25s
Rendered 184/2766, time remaining: 1m 26s
Rendered 185/2766, time remaining: 1m 26s
Rendered 186/2766, time remaining: 1m 27s
Rendered 187/2766, time remaining: 1m 25s
Rendered 188/2766, time remaining: 1m 25s
Rendered 189/2766, time remaining: 1m 26s
Rendered 190/2766, time remaining: 1m 26s
Rendered 191/2766, time remaining: 1m 25s
Rendered 192/2766, time remaining: 1m 27s
Rendered 193/2766, time remaining: 1m 26s
Rendered 194/2766, time remaining: 1m 25s
Rendered 195/2766, time remaining: 1m 25s
Rendered 196/2766, time remaining: 1m 25s
Rendered 197/2766, time remaining: 1m 26s
Rendered 198/2766, time remaining: 1m 28s
Rendered 199/2766, time remaining: 1m 26s
Rendered 200/2766, time remaining: 1m 26s
Rendered 201/2766, time remaining: 1m 25s
Rendered 202/2766, time remaining: 1m 25s
Rendered 203/2766, time remaining: 1m 26s
Rendered 204/2766, time remaining: 1m 28s
Rendered 205/2766, time remaining: 1m 27s
Rendered 206/2766, time remaining: 1m 26s
Rendered 207/2766, time remaining: 1m 26s
Rendered 208/2766, time remaining: 1m 26s
Rendered 209/2766, time remaining: 1m 26s
Rendered 210/2766, time remaining: 1m 27s
Rendered 211/2766, time remaining: 1m 26s
Rendered 212/2766, time remaining: 1m 26s
Rendered 213/2766, time remaining: 1m 27s
Rendered 214/2766, time remaining: 1m 27s
Rendered 215/2766, time remaining: 1m 27s
Rendered 216/2766, time remaining: 1m 27s
Rendered 217/2766, time remaining: 1m 26s
Rendered 218/2766, time remaining: 1m 25s
Rendered 219/2766, time remaining: 1m 26s
Rendered 220/2766, time remaining: 1m 26s
Rendered 221/2766, time remaining: 1m 26s
Rendered 222/2766, time remaining: 1m 26s
Rendered 223/2766, time remaining: 1m 26s
Rendered 224/2766, time remaining: 1m 24s
Rendered 225/2766, time remaining: 1m 26s
Rendered 226/2766, time remaining: 1m 26s
Rendered 227/2766, time remaining: 1m 26s
Rendered 228/2766, time remaining: 1m 26s
Rendered 229/2766, time remaining: 1m 26s
Rendered 230/2766, time remaining: 1m 26s
Rendered 231/2766, time remaining: 1m 26s
Rendered 232/2766, time remaining: 1m 26s
Rendered 233/2766, time remaining: 1m 26s
Rendered 234/2766, time remaining: 1m 26s
Rendered 235/2766, time remaining: 1m 27s
Rendered 236/2766, time remaining: 1m 26s
Rendered 237/2766, time remaining: 1m 26s
Rendered 238/2766, time remaining: 1m 26s
Rendered 239/2766, time remaining: 1m 26s
Rendered 240/2766, time remaining: 1m 25s
Rendered 241/2766, time remaining: 1m 25s
Rendered 242/2766, time remaining: 1m 25s
Rendered 243/2766, time remaining: 1m 27s
Rendered 244/2766, time remaining: 1m 27s
Rendered 245/2766, time remaining: 1m 25s
Rendered 246/2766, time remaining: 1m 25s
Rendered 247/2766, time remaining: 1m 25s
Rendered 248/2766, time remaining: 1m 25s
Rendered 249/2766, time remaining: 1m 25s
Rendered 250/2766, time remaining: 1m 27s
Rendered 251/2766, time remaining: 1m 26s
Rendered 252/2766, time remaining: 1m 26s
Rendered 253/2766, time remaining: 1m 25s
Rendered 254/2766, time remaining: 1m 25s
Rendered 255/2766, time remaining: 1m 25s
Rendered 256/2766, time remaining: 1m 25s
Rendered 257/2766, time remaining: 1m 26s
Rendered 258/2766, time remaining: 1m 26s
Rendered 259/2766, time remaining: 1m 26s
Rendered 260/2766, time remaining: 1m 25s
Rendered 261/2766, time remaining: 1m 25s
Rendered 262/2766, time remaining: 1m 26s
Rendered 263/2766, time remaining: 1m 25s
Rendered 264/2766, time remaining: 1m 26s
Rendered 265/2766, time remaining: 1m 26s
Rendered 266/2766, time remaining: 1m 26s
Rendered 267/2766, time remaining: 1m 25s
Rendered 268/2766, time remaining: 1m 26s
Rendered 269/2766, time remaining: 1m 24s
Rendered 270/2766, time remaining: 1m 24s
Rendered 271/2766, time remaining: 1m 26s
Rendered 272/2766, time remaining: 1m 26s
Rendered 273/2766, time remaining: 1m 26s
Rendered 274/2766, time remaining: 1m 26s
Rendered 275/2766, time remaining: 1m 24s
Rendered 276/2766, time remaining: 1m 24s
Rendered 277/2766, time remaining: 1m 25s
Rendered 278/2766, time remaining: 1m 25s
Rendered 279/2766, time remaining: 1m 25s
Rendered 280/2766, time remaining: 1m 26s
Rendered 281/2766, time remaining: 1m 25s
Rendered 282/2766, time remaining: 1m 25s
Rendered 283/2766, time remaining: 1m 25s
Rendered 284/2766, time remaining: 1m 26s
Rendered 285/2766, time remaining: 1m 25s
Rendered 286/2766, time remaining: 1m 24s
Rendered 287/2766, time remaining: 1m 24s
Rendered 288/2766, time remaining: 1m 24s
Rendered 289/2766, time remaining: 1m 25s
Rendered 290/2766, time remaining: 1m 25s
Rendered 291/2766, time remaining: 1m 26s
Rendered 292/2766, time remaining: 1m 26s
Rendered 293/2766, time remaining: 1m 24s
Rendered 294/2766, time remaining: 1m 24s
Rendered 295/2766, time remaining: 1m 24s
Rendered 296/2766, time remaining: 1m 25s
Rendered 297/2766, time remaining: 1m 25s
Rendered 298/2766, time remaining: 1m 25s
Rendered 299/2766, time remaining: 1m 24s
Rendered 300/2766, time remaining: 1m 24s
Rendered 301/2766, time remaining: 1m 23s
Rendered 302/2766, time remaining: 1m 24s
Rendered 303/2766, time remaining: 1m 24s
Rendered 304/2766, time remaining: 1m 24s
Rendered 305/2766, time remaining: 1m 24s
Rendered 306/2766, time remaining: 1m 24s
Rendered 307/2766, time remaining: 1m 24s
Rendered 308/2766, time remaining: 1m 24s
Rendered 309/2766, time remaining: 1m 24s
Rendered 310/2766, time remaining: 1m 24s
Rendered 311/2766, time remaining: 1m 24s
Rendered 312/2766, time remaining: 1m 24s
Rendered 313/2766, time remaining: 1m 24s
Rendered 314/2766, time remaining: 1m 24s
Rendered 315/2766, time remaining: 1m 23s
Rendered 316/2766, time remaining: 1m 23s
Rendered 317/2766, time remaining: 1m 23s
Rendered 318/2766, time remaining: 1m 25s
Rendered 319/2766, time remaining: 1m 25s
Rendered 320/2766, time remaining: 1m 24s
Rendered 321/2766, time remaining: 1m 24s
Rendered 322/2766, time remaining: 1m 24s
Rendered 323/2766, time remaining: 1m 24s
Rendered 324/2766, time remaining: 1m 25s
Rendered 325/2766, time remaining: 1m 25s
Rendered 326/2766, time remaining: 1m 25s
Rendered 327/2766, time remaining: 1m 25s
Rendered 328/2766, time remaining: 1m 24s
Rendered 329/2766, time remaining: 1m 23s
Rendered 330/2766, time remaining: 1m 25s
Rendered 331/2766, time remaining: 1m 24s
Rendered 332/2766, time remaining: 1m 24s
Rendered 333/2766, time remaining: 1m 24s
Rendered 334/2766, time remaining: 1m 24s
Rendered 335/2766, time remaining: 1m 25s
Rendered 336/2766, time remaining: 1m 23s
Rendered 337/2766, time remaining: 1m 24s
Rendered 338/2766, time remaining: 1m 24s
Rendered 339/2766, time remaining: 1m 23s
Rendered 340/2766, time remaining: 1m 23s
Rendered 341/2766, time remaining: 1m 23s
Rendered 342/2766, time remaining: 1m 21s
Rendered 343/2766, time remaining: 1m 21s
Rendered 344/2766, time remaining: 1m 21s
Rendered 345/2766, time remaining: 1m 21s
Rendered 346/2766, time remaining: 1m 21s
Rendered 347/2766, time remaining: 1m 20s
Rendered 348/2766, time remaining: 1m 18s
Rendered 349/2766, time remaining: 1m 18s
Rendered 350/2766, time remaining: 1m 18s
Rendered 351/2766, time remaining: 1m 18s
Rendered 352/2766, time remaining: 1m 18s
Rendered 353/2766, time remaining: 1m 17s
Rendered 354/2766, time remaining: 1m 16s
Rendered 355/2766, time remaining: 1m 16s
Rendered 356/2766, time remaining: 1m 16s
Rendered 357/2766, time remaining: 1m 17s
Rendered 358/2766, time remaining: 1m 17s
Rendered 359/2766, time remaining: 1m 17s
Rendered 360/2766, time remaining: 1m 16s
Rendered 361/2766, time remaining: 1m 16s
Rendered 362/2766, time remaining: 1m 16s
Rendered 363/2766, time remaining: 1m 15s
Rendered 364/2766, time remaining: 1m 17s
Rendered 365/2766, time remaining: 1m 16s
Rendered 366/2766, time remaining: 1m 16s
Rendered 367/2766, time remaining: 1m 16s
Rendered 368/2766, time remaining: 1m 16s
Rendered 369/2766, time remaining: 1m 15s
Rendered 370/2766, time remaining: 1m 16s
Rendered 371/2766, time remaining: 1m 16s
Rendered 372/2766, time remaining: 1m 17s
Rendered 373/2766, time remaining: 1m 17s
Rendered 374/2766, time remaining: 1m 17s
Rendered 375/2766, time remaining: 1m 15s
Rendered 376/2766, time remaining: 1m 15s
Rendered 377/2766, time remaining: 1m 15s
Rendered 378/2766, time remaining: 1m 16s
Rendered 379/2766, time remaining: 1m 16s
Rendered 380/2766, time remaining: 1m 16s
Rendered 381/2766, time remaining: 1m 15s
Rendered 382/2766, time remaining: 1m 15s
Rendered 383/2766, time remaining: 1m 15s
Rendered 384/2766, time remaining: 1m 15s
Rendered 385/2766, time remaining: 1m 15s
Rendered 386/2766, time remaining: 1m 15s
Rendered 387/2766, time remaining: 1m 14s
Rendered 388/2766, time remaining: 1m 14s
Rendered 389/2766, time remaining: 1m 14s
Rendered 390/2766, time remaining: 1m 15s
Rendered 391/2766, time remaining: 1m 15s
Rendered 392/2766, time remaining: 1m 15s
Rendered 393/2766, time remaining: 1m 15s
Rendered 394/2766, time remaining: 1m 14s
Rendered 395/2766, time remaining: 1m 14s
Rendered 396/2766, time remaining: 1m 14s
Rendered 397/2766, time remaining: 1m 14s
Rendered 398/2766, time remaining: 1m 14s
Rendered 399/2766, time remaining: 1m 16s
Rendered 400/2766, time remaining: 1m 14s
Rendered 401/2766, time remaining: 1m 14s
Rendered 402/2766, time remaining: 1m 14s
Rendered 403/2766, time remaining: 1m 14s
Rendered 404/2766, time remaining: 1m 14s
Rendered 405/2766, time remaining: 1m 15s
Rendered 406/2766, time remaining: 1m 15s
Rendered 407/2766, time remaining: 1m 13s
Rendered 408/2766, time remaining: 1m 14s
Rendered 409/2766, time remaining: 1m 14s
Rendered 410/2766, time remaining: 1m 14s
Rendered 411/2766, time remaining: 1m 14s
Rendered 412/2766, time remaining: 1m 14s
Rendered 413/2766, time remaining: 1m 12s
Rendered 414/2766, time remaining: 1m 14s
Rendered 415/2766, time remaining: 1m 13s
Rendered 416/2766, time remaining: 1m 13s
Rendered 417/2766, time remaining: 1m 14s
Rendered 418/2766, time remaining: 1m 13s
Rendered 419/2766, time remaining: 1m 13s
Rendered 420/2766, time remaining: 1m 13s
Rendered 421/2766, time remaining: 1m 13s
Rendered 422/2766, time remaining: 1m 13s
Rendered 423/2766, time remaining: 1m 13s
Rendered 424/2766, time remaining: 1m 13s
Rendered 425/2766, time remaining: 1m 13s
Rendered 426/2766, time remaining: 1m 14s
Rendered 427/2766, time remaining: 1m 13s
Rendered 428/2766, time remaining: 1m 13s
Rendered 429/2766, time remaining: 1m 12s
Rendered 430/2766, time remaining: 1m 12s
Rendered 431/2766, time remaining: 1m 12s
Rendered 432/2766, time remaining: 1m 12s
Rendered 433/2766, time remaining: 1m 12s
Rendered 434/2766, time remaining: 1m 13s
Rendered 435/2766, time remaining: 1m 13s
Rendered 436/2766, time remaining: 1m 12s
Rendered 437/2766, time remaining: 1m 12s
Rendered 438/2766, time remaining: 1m 12s
Rendered 439/2766, time remaining: 1m 12s
Rendered 440/2766, time remaining: 1m 13s
Rendered 441/2766, time remaining: 1m 12s
Rendered 442/2766, time remaining: 1m 13s
Rendered 443/2766, time remaining: 1m 12s
Rendered 444/2766, time remaining: 1m 13s
Rendered 445/2766, time remaining: 1m 12s
Rendered 446/2766, time remaining: 1m 13s
Rendered 447/2766, time remaining: 1m 13s
Rendered 448/2766, time remaining: 1m 13s
Rendered 449/2766, time remaining: 1m 12s
Rendered 450/2766, time remaining: 1m 12s
Rendered 451/2766, time remaining: 1m 12s
Rendered 452/2766, time remaining: 1m 12s
Rendered 453/2766, time remaining: 1m 14s
Rendered 454/2766, time remaining: 1m 14s
Rendered 455/2766, time remaining: 1m 12s
Rendered 456/2766, time remaining: 1m 12s
Rendered 457/2766, time remaining: 1m 11s
Rendered 458/2766, time remaining: 1m 11s
Rendered 459/2766, time remaining: 1m 13s
Rendered 460/2766, time remaining: 1m 13s
Rendered 461/2766, time remaining: 1m 12s
Rendered 462/2766, time remaining: 1m 11s
Rendered 463/2766, time remaining: 1m 11s
Rendered 464/2766, time remaining: 1m 11s
Rendered 465/2766, time remaining: 1m 12s
Rendered 466/2766, time remaining: 1m 12s
Rendered 467/2766, time remaining: 1m 12s
Rendered 468/2766, time remaining: 1m 10s
Rendered 469/2766, time remaining: 1m 10s
Rendered 470/2766, time remaining: 1m 10s
Rendered 471/2766, time remaining: 1m 12s
Rendered 472/2766, time remaining: 1m 12s
Rendered 473/2766, time remaining: 1m 12s
Rendered 474/2766, time remaining: 1m 9s
Rendered 475/2766, time remaining: 1m 9s
Rendered 476/2766, time remaining: 1m 9s
Rendered 477/2766, time remaining: 1m 11s
Rendered 478/2766, time remaining: 1m 11s
Rendered 479/2766, time remaining: 1m 11s
Rendered 480/2766, time remaining: 1m 10s
Rendered 481/2766, time remaining: 1m 10s
Rendered 482/2766, time remaining: 1m 10s
Rendered 483/2766, time remaining: 1m 10s
Rendered 484/2766, time remaining: 1m 10s
Rendered 485/2766, time remaining: 1m 9s
Rendered 486/2766, time remaining: 1m 10s
Rendered 487/2766, time remaining: 1m 10s
Rendered 488/2766, time remaining: 1m 10s
Rendered 489/2766, time remaining: 1m 10s
Rendered 490/2766, time remaining: 1m 10s
Rendered 491/2766, time remaining: 1m 10s
Rendered 492/2766, time remaining: 1m 11s
Rendered 493/2766, time remaining: 1m 11s
Rendered 494/2766, time remaining: 1m 11s
Rendered 495/2766, time remaining: 1m 12s
Rendered 496/2766, time remaining: 1m 12s
Rendered 497/2766, time remaining: 1m 13s
Rendered 498/2766, time remaining: 1m 13s
Rendered 499/2766, time remaining: 1m 13s
Rendered 500/2766, time remaining: 1m 13s
Rendered 501/2766, time remaining: 1m 13s
Rendered 502/2766, time remaining: 1m 14s
Rendered 503/2766, time remaining: 1m 15s
Rendered 504/2766, time remaining: 1m 15s
Rendered 505/2766, time remaining: 1m 14s
Rendered 506/2766, time remaining: 1m 14s
Rendered 507/2766, time remaining: 1m 13s
Rendered 508/2766, time remaining: 1m 13s
Rendered 509/2766, time remaining: 1m 14s
Rendered 510/2766, time remaining: 1m 14s
Rendered 511/2766, time remaining: 1m 15s
Rendered 512/2766, time remaining: 1m 15s
Rendered 513/2766, time remaining: 1m 14s
Rendered 514/2766, time remaining: 1m 13s
Rendered 515/2766, time remaining: 1m 13s
Rendered 516/2766, time remaining: 1m 14s
Rendered 517/2766, time remaining: 1m 15s
Rendered 518/2766, time remaining: 1m 15s
Rendered 519/2766, time remaining: 1m 15s
Rendered 520/2766, time remaining: 1m 14s
Rendered 521/2766, time remaining: 1m 14s
Rendered 522/2766, time remaining: 1m 13s
Rendered 523/2766, time remaining: 1m 14s
Rendered 524/2766, time remaining: 1m 14s
Rendered 525/2766, time remaining: 1m 14s
Rendered 526/2766, time remaining: 1m 14s
Rendered 527/2766, time remaining: 1m 15s
Rendered 528/2766, time remaining: 1m 14s
Rendered 529/2766, time remaining: 1m 14s
Rendered 530/2766, time remaining: 1m 14s
Rendered 531/2766, time remaining: 1m 13s
Rendered 532/2766, time remaining: 1m 13s
Rendered 533/2766, time remaining: 1m 14s
Rendered 534/2766, time remaining: 1m 14s
Rendered 535/2766, time remaining: 1m 14s
Rendered 536/2766, time remaining: 1m 14s
Rendered 537/2766, time remaining: 1m 14s
Rendered 538/2766, time remaining: 1m 14s
Rendered 539/2766, time remaining: 1m 14s
Rendered 540/2766, time remaining: 1m 13s
Rendered 541/2766, time remaining: 1m 14s
Rendered 542/2766, time remaining: 1m 14s
Rendered 543/2766, time remaining: 1m 14s
Rendered 544/2766, time remaining: 1m 14s
Rendered 545/2766, time remaining: 1m 14s
Rendered 546/2766, time remaining: 1m 13s
Rendered 547/2766, time remaining: 1m 14s
Rendered 548/2766, time remaining: 1m 15s
Rendered 549/2766, time remaining: 1m 13s
Rendered 550/2766, time remaining: 1m 14s
Rendered 551/2766, time remaining: 1m 13s
Rendered 552/2766, time remaining: 1m 13s
Rendered 553/2766, time remaining: 1m 14s
Rendered 554/2766, time remaining: 1m 15s
Rendered 555/2766, time remaining: 1m 14s
Rendered 556/2766, time remaining: 1m 14s
Rendered 557/2766, time remaining: 1m 14s
Rendered 558/2766, time remaining: 1m 13s
Rendered 559/2766, time remaining: 1m 12s
Rendered 560/2766, time remaining: 1m 14s
Rendered 561/2766, time remaining: 1m 14s
Rendered 562/2766, time remaining: 1m 14s
Rendered 563/2766, time remaining: 1m 14s
Rendered 564/2766, time remaining: 1m 13s
Rendered 565/2766, time remaining: 1m 13s
Rendered 566/2766, time remaining: 1m 13s
Rendered 567/2766, time remaining: 1m 14s
Rendered 568/2766, time remaining: 1m 13s
Rendered 569/2766, time remaining: 1m 14s
Rendered 570/2766, time remaining: 1m 14s
Rendered 571/2766, time remaining: 1m 13s
Rendered 572/2766, time remaining: 1m 13s
Rendered 573/2766, time remaining: 1m 13s
Rendered 574/2766, time remaining: 1m 13s
Rendered 575/2766, time remaining: 1m 13s
Rendered 576/2766, time remaining: 1m 13s
Rendered 577/2766, time remaining: 1m 13s
Rendered 578/2766, time remaining: 1m 13s
Rendered 579/2766, time remaining: 1m 13s
Rendered 580/2766, time remaining: 1m 13s
Rendered 581/2766, time remaining: 1m 14s
Rendered 582/2766, time remaining: 1m 13s
Rendered 583/2766, time remaining: 1m 14s
Rendered 584/2766, time remaining: 1m 12s
Rendered 585/2766, time remaining: 1m 12s
Rendered 586/2766, time remaining: 1m 13s
Rendered 587/2766, time remaining: 1m 14s
Rendered 588/2766, time remaining: 1m 13s
Rendered 589/2766, time remaining: 1m 13s
Rendered 590/2766, time remaining: 1m 12s
Rendered 591/2766, time remaining: 1m 12s
Rendered 592/2766, time remaining: 1m 13s
Rendered 593/2766, time remaining: 1m 14s
Rendered 594/2766, time remaining: 1m 13s
Rendered 595/2766, time remaining: 1m 13s
Rendered 596/2766, time remaining: 1m 12s
Rendered 597/2766, time remaining: 1m 12s
Rendered 598/2766, time remaining: 1m 12s
Rendered 599/2766, time remaining: 1m 13s
Rendered 600/2766, time remaining: 1m 13s
Rendered 601/2766, time remaining: 1m 14s
Rendered 602/2766, time remaining: 1m 14s
Rendered 603/2766, time remaining: 1m 12s
Rendered 604/2766, time remaining: 1m 12s
Rendered 605/2766, time remaining: 1m 14s
Rendered 606/2766, time remaining: 1m 14s
Rendered 607/2766, time remaining: 1m 13s
Rendered 608/2766, time remaining: 1m 14s
Rendered 609/2766, time remaining: 1m 12s
Rendered 610/2766, time remaining: 1m 12s
Rendered 611/2766, time remaining: 1m 14s
Rendered 612/2766, time remaining: 1m 14s
Rendered 613/2766, time remaining: 1m 14s
Rendered 614/2766, time remaining: 1m 14s
Rendered 615/2766, time remaining: 1m 13s
Rendered 616/2766, time remaining: 1m 12s
Rendered 617/2766, time remaining: 1m 13s
Rendered 618/2766, time remaining: 1m 14s
Rendered 619/2766, time remaining: 1m 14s
Rendered 620/2766, time remaining: 1m 14s
Rendered 621/2766, time remaining: 1m 12s
Rendered 622/2766, time remaining: 1m 12s
Rendered 623/2766, time remaining: 1m 13s
Rendered 624/2766, time remaining: 1m 14s
Rendered 625/2766, time remaining: 1m 14s
Rendered 626/2766, time remaining: 1m 14s
Rendered 627/2766, time remaining: 1m 13s
Rendered 628/2766, time remaining: 1m 13s
Rendered 629/2766, time remaining: 1m 12s
Rendered 630/2766, time remaining: 1m 14s
Rendered 631/2766, time remaining: 1m 14s
Rendered 632/2766, time remaining: 1m 14s
Rendered 633/2766, time remaining: 1m 13s
Rendered 634/2766, time remaining: 1m 13s
Rendered 635/2766, time remaining: 1m 14s
Rendered 636/2766, time remaining: 1m 14s
Rendered 637/2766, time remaining: 1m 13s
Rendered 638/2766, time remaining: 1m 13s
Rendered 639/2766, time remaining: 1m 13s
Rendered 640/2766, time remaining: 1m 13s
Rendered 641/2766, time remaining: 1m 14s
Rendered 642/2766, time remaining: 1m 14s
Rendered 643/2766, time remaining: 1m 13s
Rendered 644/2766, time remaining: 1m 13s
Rendered 645/2766, time remaining: 1m 13s
Rendered 646/2766, time remaining: 1m 13s
Rendered 647/2766, time remaining: 1m 12s
Rendered 648/2766, time remaining: 1m 13s
Rendered 649/2766, time remaining: 1m 14s
Rendered 650/2766, time remaining: 1m 14s
Rendered 651/2766, time remaining: 1m 14s
Rendered 652/2766, time remaining: 1m 13s
Rendered 653/2766, time remaining: 1m 13s
Rendered 654/2766, time remaining: 1m 13s
Rendered 655/2766, time remaining: 1m 13s
Rendered 656/2766, time remaining: 1m 13s
Rendered 657/2766, time remaining: 1m 13s
Rendered 658/2766, time remaining: 1m 14s
Rendered 659/2766, time remaining: 1m 13s
Rendered 660/2766, time remaining: 1m 13s
Rendered 661/2766, time remaining: 1m 12s
Rendered 662/2766, time remaining: 1m 12s
Rendered 663/2766, time remaining: 1m 13s
Rendered 664/2766, time remaining: 1m 14s
Rendered 665/2766, time remaining: 1m 14s
Rendered 666/2766, time remaining: 1m 13s
Rendered 667/2766, time remaining: 1m 12s
Rendered 668/2766, time remaining: 1m 13s
Rendered 669/2766, time remaining: 1m 13s
Rendered 670/2766, time remaining: 1m 13s
Rendered 671/2766, time remaining: 1m 13s
Rendered 672/2766, time remaining: 1m 14s
Rendered 673/2766, time remaining: 1m 13s
Rendered 674/2766, time remaining: 1m 13s
Rendered 675/2766, time remaining: 1m 13s
Rendered 676/2766, time remaining: 1m 13s
Rendered 677/2766, time remaining: 1m 12s
Rendered 678/2766, time remaining: 1m 12s
Rendered 679/2766, time remaining: 1m 12s
Rendered 680/2766, time remaining: 1m 13s
Rendered 681/2766, time remaining: 1m 13s
Rendered 682/2766, time remaining: 1m 13s
Rendered 683/2766, time remaining: 1m 13s
Rendered 684/2766, time remaining: 1m 12s
Rendered 685/2766, time remaining: 1m 12s
Rendered 686/2766, time remaining: 1m 13s
Rendered 687/2766, time remaining: 1m 13s
Rendered 688/2766, time remaining: 1m 13s
Rendered 689/2766, time remaining: 1m 12s
Rendered 690/2766, time remaining: 1m 12s
Rendered 691/2766, time remaining: 1m 12s
Rendered 692/2766, time remaining: 1m 12s
Rendered 693/2766, time remaining: 1m 12s
Rendered 694/2766, time remaining: 1m 12s
Rendered 695/2766, time remaining: 1m 13s
Rendered 696/2766, time remaining: 1m 12s
Rendered 697/2766, time remaining: 1m 12s
Rendered 698/2766, time remaining: 1m 12s
Rendered 699/2766, time remaining: 1m 12s
Rendered 700/2766, time remaining: 1m 12s
Rendered 701/2766, time remaining: 1m 12s
Rendered 702/2766, time remaining: 1m 12s
Rendered 703/2766, time remaining: 1m 12s
Rendered 704/2766, time remaining: 1m 11s
Rendered 705/2766, time remaining: 1m 12s
Rendered 706/2766, time remaining: 1m 12s
Rendered 707/2766, time remaining: 1m 11s
Rendered 708/2766, time remaining: 1m 12s
Rendered 709/2766, time remaining: 1m 12s
Rendered 710/2766, time remaining: 1m 12s
Rendered 711/2766, time remaining: 1m 12s
Rendered 712/2766, time remaining: 1m 12s
Rendered 713/2766, time remaining: 1m 12s
Rendered 714/2766, time remaining: 1m 11s
Rendered 715/2766, time remaining: 1m 11s
Rendered 716/2766, time remaining: 1m 12s
Rendered 717/2766, time remaining: 1m 12s
Rendered 718/2766, time remaining: 1m 12s
Rendered 719/2766, time remaining: 1m 12s
Rendered 720/2766, time remaining: 1m 11s
Rendered 721/2766, time remaining: 1m 11s
Rendered 722/2766, time remaining: 1m 11s
Rendered 723/2766, time remaining: 1m 12s
Rendered 724/2766, time remaining: 1m 12s
Rendered 725/2766, time remaining: 1m 12s
Rendered 726/2766, time remaining: 1m 11s
Rendered 727/2766, time remaining: 1m 11s
Rendered 728/2766, time remaining: 1m 11s
Rendered 729/2766, time remaining: 1m 12s
Rendered 730/2766, time remaining: 1m 11s
Rendered 731/2766, time remaining: 1m 11s
Rendered 732/2766, time remaining: 1m 11s
Rendered 733/2766, time remaining: 1m 11s
Rendered 734/2766, time remaining: 1m 11s
Rendered 735/2766, time remaining: 1m 12s
Rendered 736/2766, time remaining: 1m 11s
Rendered 737/2766, time remaining: 1m 12s
Rendered 738/2766, time remaining: 1m 12s
Rendered 739/2766, time remaining: 1m 12s
Rendered 740/2766, time remaining: 1m 12s
Rendered 741/2766, time remaining: 1m 12s
Rendered 742/2766, time remaining: 1m 11s
Rendered 743/2766, time remaining: 1m 11s
Rendered 744/2766, time remaining: 1m 11s
Rendered 745/2766, time remaining: 1m 11s
Rendered 746/2766, time remaining: 1m 11s
Rendered 747/2766, time remaining: 1m 11s
Rendered 748/2766, time remaining: 1m 11s
Rendered 749/2766, time remaining: 1m 11s
Rendered 750/2766, time remaining: 1m 11s
Rendered 751/2766, time remaining: 1m 11s
Rendered 752/2766, time remaining: 1m 11s
Rendered 753/2766, time remaining: 1m 11s
Rendered 754/2766, time remaining: 1m 11s
Rendered 755/2766, time remaining: 1m 10s
Rendered 756/2766, time remaining: 1m 10s
Rendered 757/2766, time remaining: 1m 10s
Rendered 758/2766, time remaining: 1m 10s
Rendered 759/2766, time remaining: 1m 10s
Rendered 760/2766, time remaining: 1m 11s
Rendered 761/2766, time remaining: 1m 10s
Rendered 762/2766, time remaining: 1m 9s
Rendered 763/2766, time remaining: 1m 10s
Rendered 764/2766, time remaining: 1m 9s
Rendered 765/2766, time remaining: 1m 9s
Rendered 766/2766, time remaining: 1m 10s
Rendered 767/2766, time remaining: 1m 11s
Rendered 768/2766, time remaining: 1m 10s
Rendered 769/2766, time remaining: 1m 10s
Rendered 770/2766, time remaining: 1m 10s
Rendered 771/2766, time remaining: 1m 9s
Rendered 772/2766, time remaining: 1m 9s
Rendered 773/2766, time remaining: 1m 11s
Rendered 774/2766, time remaining: 1m 9s
Rendered 775/2766, time remaining: 1m 9s
Rendered 776/2766, time remaining: 1m 9s
Rendered 777/2766, time remaining: 1m 9s
Rendered 778/2766, time remaining: 1m 9s
Rendered 779/2766, time remaining: 1m 11s
Rendered 780/2766, time remaining: 1m 10s
Rendered 781/2766, time remaining: 1m 10s
Rendered 782/2766, time remaining: 1m 9s
Rendered 783/2766, time remaining: 1m 9s
Rendered 784/2766, time remaining: 1m 10s
Rendered 785/2766, time remaining: 1m 10s
Rendered 786/2766, time remaining: 1m 10s
Rendered 787/2766, time remaining: 1m 10s
Rendered 788/2766, time remaining: 1m 10s
Rendered 789/2766, time remaining: 1m 9s
Rendered 790/2766, time remaining: 1m 10s
Rendered 791/2766, time remaining: 1m 9s
Rendered 792/2766, time remaining: 1m 9s
Rendered 793/2766, time remaining: 1m 9s
Rendered 794/2766, time remaining: 1m 10s
Rendered 795/2766, time remaining: 1m 9s
Rendered 796/2766, time remaining: 1m 9s
Rendered 797/2766, time remaining: 1m 10s
Rendered 798/2766, time remaining: 1m 9s
Rendered 799/2766, time remaining: 1m 9s
Rendered 800/2766, time remaining: 1m 9s
Rendered 801/2766, time remaining: 1m 9s
Rendered 802/2766, time remaining: 1m 9s
Rendered 803/2766, time remaining: 1m 8s
Rendered 804/2766, time remaining: 1m 8s
Rendered 805/2766, time remaining: 1m 9s
Rendered 806/2766, time remaining: 1m 9s
Rendered 807/2766, time remaining: 1m 9s
Rendered 808/2766, time remaining: 1m 8s
Rendered 809/2766, time remaining: 1m 8s
Rendered 810/2766, time remaining: 1m 8s
Rendered 811/2766, time remaining: 1m 9s
Rendered 812/2766, time remaining: 1m 9s
Rendered 813/2766, time remaining: 1m 10s
Rendered 814/2766, time remaining: 1m 8s
Rendered 815/2766, time remaining: 1m 8s
Rendered 816/2766, time remaining: 1m 8s
Rendered 817/2766, time remaining: 1m 8s
Rendered 818/2766, time remaining: 1m 7s
Rendered 819/2766, time remaining: 1m 9s
Rendered 820/2766, time remaining: 1m 9s
Rendered 821/2766, time remaining: 1m 9s
Rendered 822/2766, time remaining: 1m 8s
Rendered 823/2766, time remaining: 1m 8s
Rendered 824/2766, time remaining: 1m 7s
Rendered 825/2766, time remaining: 1m 8s
Rendered 826/2766, time remaining: 1m 8s
Rendered 827/2766, time remaining: 1m 9s
Rendered 828/2766, time remaining: 1m 9s
Rendered 829/2766, time remaining: 1m 8s
Rendered 830/2766, time remaining: 1m 8s
Rendered 831/2766, time remaining: 1m 8s
Rendered 832/2766, time remaining: 1m 7s
Rendered 833/2766, time remaining: 1m 7s
Rendered 834/2766, time remaining: 1m 8s
Rendered 835/2766, time remaining: 1m 8s
Rendered 836/2766, time remaining: 1m 8s
Rendered 837/2766, time remaining: 1m 8s
Rendered 838/2766, time remaining: 1m 8s
Rendered 839/2766, time remaining: 1m 7s
Rendered 840/2766, time remaining: 1m 9s
Rendered 841/2766, time remaining: 1m 8s
Rendered 842/2766, time remaining: 1m 7s
Rendered 843/2766, time remaining: 1m 7s
Rendered 844/2766, time remaining: 1m 7s
Rendered 845/2766, time remaining: 1m 7s
Rendered 846/2766, time remaining: 1m 8s
Rendered 847/2766, time remaining: 1m 8s
Rendered 848/2766, time remaining: 1m 7s
Rendered 849/2766, time remaining: 1m 7s
Rendered 850/2766, time remaining: 1m 7s
Rendered 851/2766, time remaining: 1m 7s
Rendered 852/2766, time remaining: 1m 8s
Rendered 853/2766, time remaining: 1m 8s
Rendered 854/2766, time remaining: 1m 8s
Rendered 855/2766, time remaining: 1m 7s
Rendered 856/2766, time remaining: 1m 7s
Rendered 857/2766, time remaining: 1m 6s
Rendered 858/2766, time remaining: 1m 7s
Rendered 859/2766, time remaining: 1m 8s
Rendered 860/2766, time remaining: 1m 7s
Rendered 861/2766, time remaining: 1m 7s
Rendered 862/2766, time remaining: 1m 7s
Rendered 863/2766, time remaining: 1m 6s
Rendered 864/2766, time remaining: 1m 7s
Rendered 865/2766, time remaining: 1m 7s
Rendered 866/2766, time remaining: 1m 6s
Rendered 867/2766, time remaining: 1m 7s
Rendered 868/2766, time remaining: 1m 7s
Rendered 869/2766, time remaining: 1m 6s
Rendered 870/2766, time remaining: 1m 7s
Rendered 871/2766, time remaining: 1m 7s
Rendered 872/2766, time remaining: 1m 6s
Rendered 873/2766, time remaining: 1m 7s
Rendered 874/2766, time remaining: 1m 6s
Rendered 875/2766, time remaining: 1m 6s
Rendered 876/2766, time remaining: 1m 6s
Rendered 877/2766, time remaining: 1m 6s
Rendered 878/2766, time remaining: 1m 6s
Rendered 879/2766, time remaining: 1m 6s
Rendered 880/2766, time remaining: 1m 6s
Rendered 881/2766, time remaining: 1m 6s
Rendered 882/2766, time remaining: 1m 6s
Rendered 883/2766, time remaining: 1m 5s
Rendered 884/2766, time remaining: 1m 6s
Rendered 885/2766, time remaining: 1m 6s
Rendered 886/2766, time remaining: 1m 6s
Rendered 887/2766, time remaining: 1m 5s
Rendered 888/2766, time remaining: 1m 5s
Rendered 889/2766, time remaining: 1m 5s
Rendered 890/2766, time remaining: 1m 6s
Rendered 891/2766, time remaining: 1m 6s
Rendered 892/2766, time remaining: 1m 5s
Rendered 893/2766, time remaining: 1m 5s
Rendered 894/2766, time remaining: 1m 5s
Rendered 895/2766, time remaining: 1m 4s
Rendered 896/2766, time remaining: 1m 6s
Rendered 897/2766, time remaining: 1m 6s
Rendered 898/2766, time remaining: 1m 5s
Rendered 899/2766, time remaining: 1m 4s
Rendered 900/2766, time remaining: 1m 5s
Rendered 901/2766, time remaining: 1m 4s
Rendered 902/2766, time remaining: 1m 5s
Rendered 903/2766, time remaining: 1m 5s
Rendered 904/2766, time remaining: 1m 5s
Rendered 905/2766, time remaining: 1m 4s
Rendered 906/2766, time remaining: 1m 5s
Rendered 907/2766, time remaining: 1m 5s
Rendered 908/2766, time remaining: 1m 4s
Rendered 909/2766, time remaining: 1m 4s
Rendered 910/2766, time remaining: 1m 4s
Rendered 911/2766, time remaining: 1m 3s
Rendered 912/2766, time remaining: 1m 4s
Rendered 913/2766, time remaining: 1m 4s
Rendered 914/2766, time remaining: 1m 4s
Rendered 915/2766, time remaining: 1m 4s
Rendered 916/2766, time remaining: 1m 4s
Rendered 917/2766, time remaining: 1m 3s
Rendered 918/2766, time remaining: 1m 3s
Rendered 919/2766, time remaining: 1m 4s
Rendered 920/2766, time remaining: 1m 4s
Rendered 921/2766, time remaining: 1m 4s
Rendered 922/2766, time remaining: 1m 4s
Rendered 923/2766, time remaining: 1m 2s
Rendered 924/2766, time remaining: 1m 2s
Rendered 925/2766, time remaining: 1m 3s
Rendered 926/2766, time remaining: 1m 3s
Rendered 927/2766, time remaining: 1m 3s
Rendered 928/2766, time remaining: 1m 3s
Rendered 929/2766, time remaining: 1m 1s
Rendered 930/2766, time remaining: 1m 1s
Rendered 931/2766, time remaining: 1m 2s
Rendered 932/2766, time remaining: 1m 2s
Rendered 933/2766, time remaining: 1m 3s
Rendered 934/2766, time remaining: 1m 2s
Rendered 935/2766, time remaining: 1m 1s
Rendered 936/2766, time remaining: 1m 1s
Rendered 937/2766, time remaining: 1m 1s
Rendered 938/2766, time remaining: 1m 1s
Rendered 939/2766, time remaining: 1m 2s
Rendered 940/2766, time remaining: 1m 2s
Rendered 941/2766, time remaining: 1m 2s
Rendered 942/2766, time remaining: 1m 1s
Rendered 943/2766, time remaining: 1m 2s
Rendered 944/2766, time remaining: 1m 2s
Rendered 945/2766, time remaining: 1m 2s
Rendered 946/2766, time remaining: 1m 1s
Rendered 947/2766, time remaining: 1m 1s
Rendered 948/2766, time remaining: 1m 1s
Rendered 949/2766, time remaining: 1m 2s
Rendered 950/2766, time remaining: 1m 1s
Rendered 951/2766, time remaining: 1m 1s
Rendered 952/2766, time remaining: 1m 1s
Rendered 953/2766, time remaining: 1m 1s
Rendered 954/2766, time remaining: 1m 1s
Rendered 955/2766, time remaining: 1m 1s
Rendered 956/2766, time remaining: 1m 1s
Rendered 957/2766, time remaining: 1m 1s
Rendered 958/2766, time remaining: 1m 1s
Rendered 959/2766, time remaining: 1m 1s
Rendered 960/2766, time remaining: 1m 1s
Rendered 961/2766, time remaining: 1m 2s
Rendered 962/2766, time remaining: 1m 1s
Rendered 963/2766, time remaining: 1m 0s
Rendered 964/2766, time remaining: 1m 0s
Rendered 965/2766, time remaining: 1m 1s
Rendered 966/2766, time remaining: 1m 1s
Rendered 967/2766, time remaining: 1m 1s
Rendered 968/2766, time remaining: 1m 2s
Rendered 969/2766, time remaining: 1m 0s
Rendered 970/2766, time remaining: 1m 0s
Rendered 971/2766, time remaining: 1m 0s
Rendered 972/2766, time remaining: 1m 0s
Rendered 973/2766, time remaining: 1m 1s
Rendered 974/2766, time remaining: 1m 1s
Rendered 975/2766, time remaining: 1m 1s
Rendered 976/2766, time remaining: 1m 0s
Rendered 977/2766, time remaining: 1m 0s
Rendered 978/2766, time remaining: 59s
Rendered 979/2766, time remaining: 59s
Rendered 980/2766, time remaining: 1m 0s
Rendered 981/2766, time remaining: 1m 0s
Rendered 982/2766, time remaining: 1m 0s
Rendered 983/2766, time remaining: 1m 1s
Rendered 984/2766, time remaining: 1m 0s
Rendered 985/2766, time remaining: 1m 0s
Rendered 986/2766, time remaining: 1m 0s
Rendered 987/2766, time remaining: 59s
Rendered 988/2766, time remaining: 59s
Rendered 989/2766, time remaining: 1m 0s
Rendered 990/2766, time remaining: 1m 0s
Rendered 991/2766, time remaining: 1m 0s
Rendered 992/2766, time remaining: 1m 0s
Rendered 993/2766, time remaining: 1m 0s
Rendered 994/2766, time remaining: 1m 0s
Rendered 995/2766, time remaining: 1m 0s
Rendered 996/2766, time remaining: 59s
Rendered 997/2766, time remaining: 1m 0s
Rendered 998/2766, time remaining: 1m 0s
Rendered 999/2766, time remaining: 1m 0s
Rendered 1000/2766, time remaining: 1m 0s
Rendered 1001/2766, time remaining: 1m 0s
Rendered 1002/2766, time remaining: 58s
Rendered 1003/2766, time remaining: 59s
Rendered 1004/2766, time remaining: 59s
Rendered 1005/2766, time remaining: 59s
Rendered 1006/2766, time remaining: 59s
Rendered 1007/2766, time remaining: 59s
Rendered 1008/2766, time remaining: 59s
Rendered 1009/2766, time remaining: 58s
Rendered 1010/2766, time remaining: 59s
Rendered 1011/2766, time remaining: 59s
Rendered 1012/2766, time remaining: 59s
Rendered 1013/2766, time remaining: 59s
Rendered 1014/2766, time remaining: 59s
Rendered 1015/2766, time remaining: 58s
Rendered 1016/2766, time remaining: 59s
Rendered 1017/2766, time remaining: 58s
Rendered 1018/2766, time remaining: 58s
Rendered 1019/2766, time remaining: 58s
Rendered 1020/2766, time remaining: 58s
Rendered 1021/2766, time remaining: 58s
Rendered 1022/2766, time remaining: 58s
Rendered 1023/2766, time remaining: 58s
Rendered 1024/2766, time remaining: 58s
Rendered 1025/2766, time remaining: 58s
Rendered 1026/2766, time remaining: 58s
Rendered 1027/2766, time remaining: 58s
Rendered 1028/2766, time remaining: 58s
Rendered 1029/2766, time remaining: 59s
Rendered 1030/2766, time remaining: 59s
Rendered 1031/2766, time remaining: 59s
Rendered 1032/2766, time remaining: 59s
Rendered 1033/2766, time remaining: 59s
Rendered 1034/2766, time remaining: 57s
Rendered 1035/2766, time remaining: 59s
Rendered 1036/2766, time remaining: 58s
Rendered 1037/2766, time remaining: 58s
Rendered 1038/2766, time remaining: 58s
Rendered 1039/2766, time remaining: 59s
Rendered 1040/2766, time remaining: 57s
Rendered 1041/2766, time remaining: 58s
Rendered 1042/2766, time remaining: 58s
Rendered 1043/2766, time remaining: 58s
Rendered 1044/2766, time remaining: 58s
Rendered 1045/2766, time remaining: 58s
Rendered 1046/2766, time remaining: 58s
Rendered 1047/2766, time remaining: 58s
Rendered 1048/2766, time remaining: 58s
Rendered 1049/2766, time remaining: 58s
Rendered 1050/2766, time remaining: 58s
Rendered 1051/2766, time remaining: 58s
Rendered 1052/2766, time remaining: 58s
Rendered 1053/2766, time remaining: 58s
Rendered 1054/2766, time remaining: 58s
Rendered 1055/2766, time remaining: 58s
Rendered 1056/2766, time remaining: 58s
Rendered 1057/2766, time remaining: 58s
Rendered 1058/2766, time remaining: 58s
Rendered 1059/2766, time remaining: 58s
Rendered 1060/2766, time remaining: 58s
Rendered 1061/2766, time remaining: 58s
Rendered 1062/2766, time remaining: 57s
Rendered 1063/2766, time remaining: 57s
Rendered 1064/2766, time remaining: 58s
Rendered 1065/2766, time remaining: 58s
Rendered 1066/2766, time remaining: 58s
Rendered 1067/2766, time remaining: 58s
Rendered 1068/2766, time remaining: 57s
Rendered 1069/2766, time remaining: 57s
Rendered 1070/2766, time remaining: 57s
Rendered 1071/2766, time remaining: 58s
Rendered 1072/2766, time remaining: 58s
Rendered 1073/2766, time remaining: 58s
Rendered 1074/2766, time remaining: 58s
Rendered 1075/2766, time remaining: 57s
Rendered 1076/2766, time remaining: 57s
Rendered 1077/2766, time remaining: 58s
Rendered 1078/2766, time remaining: 58s
Rendered 1079/2766, time remaining: 58s
Rendered 1080/2766, time remaining: 57s
Rendered 1081/2766, time remaining: 57s
Rendered 1082/2766, time remaining: 57s
Rendered 1083/2766, time remaining: 57s
Rendered 1084/2766, time remaining: 58s
Rendered 1085/2766, time remaining: 57s
Rendered 1086/2766, time remaining: 58s
Rendered 1087/2766, time remaining: 57s
Rendered 1088/2766, time remaining: 57s
Rendered 1089/2766, time remaining: 57s
Rendered 1090/2766, time remaining: 58s
Rendered 1091/2766, time remaining: 58s
Rendered 1092/2766, time remaining: 58s
Rendered 1093/2766, time remaining: 57s
Rendered 1094/2766, time remaining: 57s
Rendered 1095/2766, time remaining: 57s
Rendered 1096/2766, time remaining: 57s
Rendered 1097/2766, time remaining: 58s
Rendered 1098/2766, time remaining: 58s
Rendered 1099/2766, time remaining: 57s
Rendered 1100/2766, time remaining: 57s
Rendered 1101/2766, time remaining: 57s
Rendered 1102/2766, time remaining: 57s
Rendered 1103/2766, time remaining: 57s
Rendered 1104/2766, time remaining: 58s
Rendered 1105/2766, time remaining: 57s
Rendered 1106/2766, time remaining: 57s
Rendered 1107/2766, time remaining: 57s
Rendered 1108/2766, time remaining: 57s
Rendered 1109/2766, time remaining: 57s
Rendered 1110/2766, time remaining: 58s
Rendered 1111/2766, time remaining: 56s
Rendered 1112/2766, time remaining: 56s
Rendered 1113/2766, time remaining: 57s
Rendered 1114/2766, time remaining: 57s
Rendered 1115/2766, time remaining: 57s
Rendered 1116/2766, time remaining: 57s
Rendered 1117/2766, time remaining: 57s
Rendered 1118/2766, time remaining: 57s
Rendered 1119/2766, time remaining: 56s
Rendered 1120/2766, time remaining: 57s
Rendered 1121/2766, time remaining: 56s
Rendered 1122/2766, time remaining: 57s
Rendered 1123/2766, time remaining: 56s
Rendered 1124/2766, time remaining: 56s
Rendered 1125/2766, time remaining: 56s
Rendered 1126/2766, time remaining: 56s
Rendered 1127/2766, time remaining: 57s
Rendered 1128/2766, time remaining: 57s
Rendered 1129/2766, time remaining: 57s
Rendered 1130/2766, time remaining: 57s
Rendered 1131/2766, time remaining: 56s
Rendered 1132/2766, time remaining: 56s
Rendered 1133/2766, time remaining: 56s
Rendered 1134/2766, time remaining: 55s
Rendered 1135/2766, time remaining: 56s
Rendered 1136/2766, time remaining: 56s
Rendered 1137/2766, time remaining: 56s
Rendered 1138/2766, time remaining: 57s
Rendered 1139/2766, time remaining: 57s
Rendered 1140/2766, time remaining: 55s
Rendered 1141/2766, time remaining: 55s
Rendered 1142/2766, time remaining: 56s
Rendered 1143/2766, time remaining: 56s
Rendered 1144/2766, time remaining: 56s
Rendered 1145/2766, time remaining: 57s
Rendered 1146/2766, time remaining: 56s
Rendered 1147/2766, time remaining: 56s
Rendered 1148/2766, time remaining: 55s
Rendered 1149/2766, time remaining: 55s
Rendered 1150/2766, time remaining: 56s
Rendered 1151/2766, time remaining: 55s
Rendered 1152/2766, time remaining: 57s
Rendered 1153/2766, time remaining: 56s
Rendered 1154/2766, time remaining: 56s
Rendered 1155/2766, time remaining: 56s
Rendered 1156/2766, time remaining: 56s
Rendered 1157/2766, time remaining: 55s
Rendered 1158/2766, time remaining: 57s
Rendered 1159/2766, time remaining: 57s
Rendered 1160/2766, time remaining: 56s
Rendered 1161/2766, time remaining: 56s
Rendered 1162/2766, time remaining: 55s
Rendered 1163/2766, time remaining: 55s
Rendered 1164/2766, time remaining: 57s
Rendered 1165/2766, time remaining: 56s
Rendered 1166/2766, time remaining: 55s
Rendered 1167/2766, time remaining: 56s
Rendered 1168/2766, time remaining: 56s
Rendered 1169/2766, time remaining: 56s
Rendered 1170/2766, time remaining: 55s
Rendered 1171/2766, time remaining: 55s
Rendered 1172/2766, time remaining: 57s
Rendered 1173/2766, time remaining: 55s
Rendered 1174/2766, time remaining: 55s
Rendered 1175/2766, time remaining: 55s
Rendered 1176/2766, time remaining: 55s
Rendered 1177/2766, time remaining: 55s
Rendered 1178/2766, time remaining: 55s
Rendered 1179/2766, time remaining: 55s
Rendered 1180/2766, time remaining: 55s
Rendered 1181/2766, time remaining: 55s
Rendered 1182/2766, time remaining: 55s
Rendered 1183/2766, time remaining: 55s
Rendered 1184/2766, time remaining: 55s
Rendered 1185/2766, time remaining: 54s
Rendered 1186/2766, time remaining: 54s
Rendered 1187/2766, time remaining: 54s
Rendered 1188/2766, time remaining: 55s
Rendered 1189/2766, time remaining: 55s
Rendered 1190/2766, time remaining: 55s
Rendered 1191/2766, time remaining: 54s
Rendered 1192/2766, time remaining: 54s
Rendered 1193/2766, time remaining: 54s
Rendered 1194/2766, time remaining: 54s
Rendered 1195/2766, time remaining: 55s
Rendered 1196/2766, time remaining: 54s
Rendered 1197/2766, time remaining: 54s
Rendered 1198/2766, time remaining: 54s
Rendered 1199/2766, time remaining: 55s
Rendered 1200/2766, time remaining: 55s
Rendered 1201/2766, time remaining: 55s
Rendered 1202/2766, time remaining: 54s
Rendered 1203/2766, time remaining: 53s
Rendered 1204/2766, time remaining: 55s
Rendered 1205/2766, time remaining: 54s
Rendered 1206/2766, time remaining: 54s
Rendered 1207/2766, time remaining: 54s
Rendered 1208/2766, time remaining: 53s
Rendered 1209/2766, time remaining: 53s
Rendered 1210/2766, time remaining: 54s
Rendered 1211/2766, time remaining: 54s
Rendered 1212/2766, time remaining: 54s
Rendered 1213/2766, time remaining: 54s
Rendered 1214/2766, time remaining: 53s
Rendered 1215/2766, time remaining: 54s
Rendered 1216/2766, time remaining: 53s
Rendered 1217/2766, time remaining: 54s
Rendered 1218/2766, time remaining: 54s
Rendered 1219/2766, time remaining: 54s
Rendered 1220/2766, time remaining: 54s
Rendered 1221/2766, time remaining: 54s
Rendered 1222/2766, time remaining: 53s
Rendered 1223/2766, time remaining: 53s
Rendered 1224/2766, time remaining: 53s
Rendered 1225/2766, time remaining: 53s
Rendered 1226/2766, time remaining: 53s
Rendered 1227/2766, time remaining: 53s
Rendered 1228/2766, time remaining: 53s
Rendered 1229/2766, time remaining: 53s
Rendered 1230/2766, time remaining: 54s
Rendered 1231/2766, time remaining: 53s
Rendered 1232/2766, time remaining: 53s
Rendered 1233/2766, time remaining: 52s
Rendered 1234/2766, time remaining: 53s
Rendered 1235/2766, time remaining: 53s
Rendered 1236/2766, time remaining: 53s
Rendered 1237/2766, time remaining: 53s
Rendered 1238/2766, time remaining: 53s
Rendered 1239/2766, time remaining: 53s
Rendered 1240/2766, time remaining: 53s
Rendered 1241/2766, time remaining: 53s
Rendered 1242/2766, time remaining: 53s
Rendered 1243/2766, time remaining: 53s
Rendered 1244/2766, time remaining: 53s
Rendered 1245/2766, time remaining: 53s
Rendered 1246/2766, time remaining: 54s
Rendered 1247/2766, time remaining: 53s
Rendered 1248/2766, time remaining: 53s
Rendered 1249/2766, time remaining: 53s
Rendered 1250/2766, time remaining: 52s
Rendered 1251/2766, time remaining: 53s
Rendered 1252/2766, time remaining: 54s
Rendered 1253/2766, time remaining: 54s
Rendered 1254/2766, time remaining: 54s
Rendered 1255/2766, time remaining: 53s
Rendered 1256/2766, time remaining: 53s
Rendered 1257/2766, time remaining: 53s
Rendered 1258/2766, time remaining: 53s
Rendered 1259/2766, time remaining: 53s
Rendered 1260/2766, time remaining: 53s
Rendered 1261/2766, time remaining: 53s
Rendered 1262/2766, time remaining: 53s
Rendered 1263/2766, time remaining: 53s
Rendered 1264/2766, time remaining: 53s
Rendered 1265/2766, time remaining: 52s
Rendered 1266/2766, time remaining: 53s
Rendered 1267/2766, time remaining: 53s
Rendered 1268/2766, time remaining: 53s
Rendered 1269/2766, time remaining: 53s
Rendered 1270/2766, time remaining: 53s
Rendered 1271/2766, time remaining: 53s
Rendered 1272/2766, time remaining: 52s
Rendered 1273/2766, time remaining: 53s
Rendered 1274/2766, time remaining: 53s
Rendered 1275/2766, time remaining: 53s
Rendered 1276/2766, time remaining: 53s
Rendered 1277/2766, time remaining: 53s
Rendered 1278/2766, time remaining: 53s
Rendered 1279/2766, time remaining: 53s
Rendered 1280/2766, time remaining: 53s
Rendered 1281/2766, time remaining: 53s
Rendered 1282/2766, time remaining: 54s
Rendered 1283/2766, time remaining: 53s
Rendered 1284/2766, time remaining: 53s
Rendered 1285/2766, time remaining: 53s
Rendered 1286/2766, time remaining: 53s
Rendered 1287/2766, time remaining: 53s
Rendered 1288/2766, time remaining: 53s
Rendered 1289/2766, time remaining: 53s
Rendered 1290/2766, time remaining: 53s
Rendered 1291/2766, time remaining: 53s
Rendered 1292/2766, time remaining: 53s
Rendered 1293/2766, time remaining: 53s
Rendered 1294/2766, time remaining: 53s
Rendered 1295/2766, time remaining: 52s
Rendered 1296/2766, time remaining: 52s
Rendered 1297/2766, time remaining: 53s
Rendered 1298/2766, time remaining: 53s
Rendered 1299/2766, time remaining: 53s
Rendered 1300/2766, time remaining: 53s
Rendered 1301/2766, time remaining: 53s
Rendered 1302/2766, time remaining: 52s
Rendered 1303/2766, time remaining: 52s
Rendered 1304/2766, time remaining: 53s
Rendered 1305/2766, time remaining: 53s
Rendered 1306/2766, time remaining: 53s
Rendered 1307/2766, time remaining: 53s
Rendered 1308/2766, time remaining: 52s
Rendered 1309/2766, time remaining: 53s
Rendered 1310/2766, time remaining: 53s
Rendered 1311/2766, time remaining: 52s
Rendered 1312/2766, time remaining: 53s
Rendered 1313/2766, time remaining: 53s
Rendered 1314/2766, time remaining: 51s
Rendered 1315/2766, time remaining: 52s
Rendered 1316/2766, time remaining: 52s
Rendered 1317/2766, time remaining: 52s
Rendered 1318/2766, time remaining: 52s
Rendered 1319/2766, time remaining: 52s
Rendered 1320/2766, time remaining: 52s
Rendered 1321/2766, time remaining: 53s
Rendered 1322/2766, time remaining: 51s
Rendered 1323/2766, time remaining: 51s
Rendered 1324/2766, time remaining: 51s
Rendered 1325/2766, time remaining: 52s
Rendered 1326/2766, time remaining: 52s
Rendered 1327/2766, time remaining: 52s
Rendered 1328/2766, time remaining: 52s
Rendered 1329/2766, time remaining: 51s
Rendered 1330/2766, time remaining: 51s
Rendered 1331/2766, time remaining: 52s
Rendered 1332/2766, time remaining: 51s
Rendered 1333/2766, time remaining: 51s
Rendered 1334/2766, time remaining: 52s
Rendered 1335/2766, time remaining: 52s
Rendered 1336/2766, time remaining: 52s
Rendered 1337/2766, time remaining: 51s
Rendered 1338/2766, time remaining: 51s
Rendered 1339/2766, time remaining: 51s
Rendered 1340/2766, time remaining: 51s
Rendered 1341/2766, time remaining: 51s
Rendered 1342/2766, time remaining: 51s
Rendered 1343/2766, time remaining: 51s
Rendered 1344/2766, time remaining: 51s
Rendered 1345/2766, time remaining: 51s
Rendered 1346/2766, time remaining: 52s
Rendered 1347/2766, time remaining: 51s
Rendered 1348/2766, time remaining: 51s
Rendered 1349/2766, time remaining: 51s
Rendered 1350/2766, time remaining: 51s
Rendered 1351/2766, time remaining: 51s
Rendered 1352/2766, time remaining: 51s
Rendered 1353/2766, time remaining: 52s
Rendered 1354/2766, time remaining: 51s
Rendered 1355/2766, time remaining: 51s
Rendered 1356/2766, time remaining: 51s
Rendered 1357/2766, time remaining: 51s
Rendered 1358/2766, time remaining: 51s
Rendered 1359/2766, time remaining: 51s
Rendered 1360/2766, time remaining: 50s
Rendered 1361/2766, time remaining: 51s
Rendered 1362/2766, time remaining: 51s
Rendered 1363/2766, time remaining: 51s
Rendered 1364/2766, time remaining: 51s
Rendered 1365/2766, time remaining: 51s
Rendered 1366/2766, time remaining: 51s
Rendered 1367/2766, time remaining: 51s
Rendered 1368/2766, time remaining: 51s
Rendered 1369/2766, time remaining: 51s
Rendered 1370/2766, time remaining: 51s
Rendered 1371/2766, time remaining: 50s
Rendered 1372/2766, time remaining: 51s
Rendered 1373/2766, time remaining: 51s
Rendered 1374/2766, time remaining: 52s
Rendered 1375/2766, time remaining: 51s
Rendered 1376/2766, time remaining: 51s
Rendered 1377/2766, time remaining: 51s
Rendered 1378/2766, time remaining: 50s
Rendered 1379/2766, time remaining: 50s
Rendered 1380/2766, time remaining: 50s
Rendered 1381/2766, time remaining: 51s
Rendered 1382/2766, time remaining: 51s
Rendered 1383/2766, time remaining: 51s
Rendered 1384/2766, time remaining: 50s
Rendered 1385/2766, time remaining: 50s
Rendered 1386/2766, time remaining: 50s
Rendered 1387/2766, time remaining: 50s
Rendered 1388/2766, time remaining: 50s
Rendered 1389/2766, time remaining: 50s
Rendered 1390/2766, time remaining: 49s
Rendered 1391/2766, time remaining: 49s
Rendered 1392/2766, time remaining: 50s
Rendered 1393/2766, time remaining: 50s
Rendered 1394/2766, time remaining: 50s
Rendered 1395/2766, time remaining: 50s
Rendered 1396/2766, time remaining: 49s
Rendered 1397/2766, time remaining: 50s
Rendered 1398/2766, time remaining: 49s
Rendered 1399/2766, time remaining: 49s
Rendered 1400/2766, time remaining: 49s
Rendered 1401/2766, time remaining: 49s
Rendered 1402/2766, time remaining: 49s
Rendered 1403/2766, time remaining: 49s
Rendered 1404/2766, time remaining: 48s
Rendered 1405/2766, time remaining: 48s
Rendered 1406/2766, time remaining: 49s
Rendered 1407/2766, time remaining: 49s
Rendered 1408/2766, time remaining: 49s
Rendered 1409/2766, time remaining: 49s
Rendered 1410/2766, time remaining: 48s
Rendered 1411/2766, time remaining: 48s
Rendered 1412/2766, time remaining: 48s
Rendered 1413/2766, time remaining: 48s
Rendered 1414/2766, time remaining: 48s
Rendered 1415/2766, time remaining: 48s
Rendered 1416/2766, time remaining: 48s
Rendered 1417/2766, time remaining: 47s
Rendered 1418/2766, time remaining: 48s
Rendered 1419/2766, time remaining: 48s
Rendered 1420/2766, time remaining: 48s
Rendered 1421/2766, time remaining: 48s
Rendered 1422/2766, time remaining: 48s
Rendered 1423/2766, time remaining: 48s
Rendered 1424/2766, time remaining: 48s
Rendered 1425/2766, time remaining: 48s
Rendered 1426/2766, time remaining: 48s
Rendered 1427/2766, time remaining: 47s
Rendered 1428/2766, time remaining: 47s
Rendered 1429/2766, time remaining: 47s
Rendered 1430/2766, time remaining: 47s
Rendered 1431/2766, time remaining: 47s
Rendered 1432/2766, time remaining: 46s
Rendered 1433/2766, time remaining: 47s
Rendered 1434/2766, time remaining: 47s
Rendered 1435/2766, time remaining: 47s
Rendered 1436/2766, time remaining: 47s
Rendered 1437/2766, time remaining: 47s
Rendered 1438/2766, time remaining: 46s
Rendered 1439/2766, time remaining: 46s
Rendered 1440/2766, time remaining: 47s
Rendered 1441/2766, time remaining: 47s
Rendered 1442/2766, time remaining: 46s
Rendered 1443/2766, time remaining: 47s
Rendered 1444/2766, time remaining: 46s
Rendered 1445/2766, time remaining: 46s
Rendered 1446/2766, time remaining: 46s
Rendered 1447/2766, time remaining: 46s
Rendered 1448/2766, time remaining: 46s
Rendered 1449/2766, time remaining: 46s
Rendered 1450/2766, time remaining: 46s
Rendered 1451/2766, time remaining: 46s
Rendered 1452/2766, time remaining: 46s
Rendered 1453/2766, time remaining: 46s
Rendered 1454/2766, time remaining: 45s
Rendered 1455/2766, time remaining: 46s
Rendered 1456/2766, time remaining: 46s
Rendered 1457/2766, time remaining: 46s
Rendered 1458/2766, time remaining: 46s
Rendered 1459/2766, time remaining: 45s
Rendered 1460/2766, time remaining: 45s
Rendered 1461/2766, time remaining: 46s
Rendered 1462/2766, time remaining: 46s
Rendered 1463/2766, time remaining: 46s
Rendered 1464/2766, time remaining: 46s
Rendered 1465/2766, time remaining: 45s
Rendered 1466/2766, time remaining: 46s
Rendered 1467/2766, time remaining: 46s
Rendered 1468/2766, time remaining: 46s
Rendered 1469/2766, time remaining: 45s
Rendered 1470/2766, time remaining: 45s
Rendered 1471/2766, time remaining: 45s
Rendered 1472/2766, time remaining: 45s
Rendered 1473/2766, time remaining: 45s
Rendered 1474/2766, time remaining: 45s
Rendered 1475/2766, time remaining: 45s
Rendered 1476/2766, time remaining: 45s
Rendered 1477/2766, time remaining: 45s
Rendered 1478/2766, time remaining: 45s
Rendered 1479/2766, time remaining: 45s
Rendered 1480/2766, time remaining: 45s
Rendered 1481/2766, time remaining: 45s
Rendered 1482/2766, time remaining: 45s
Rendered 1483/2766, time remaining: 45s
Rendered 1484/2766, time remaining: 45s
Rendered 1485/2766, time remaining: 45s
Rendered 1486/2766, time remaining: 45s
Rendered 1487/2766, time remaining: 45s
Rendered 1488/2766, time remaining: 45s
Rendered 1489/2766, time remaining: 45s
Rendered 1490/2766, time remaining: 45s
Rendered 1491/2766, time remaining: 45s
Rendered 1492/2766, time remaining: 45s
Rendered 1493/2766, time remaining: 45s
Rendered 1494/2766, time remaining: 45s
Rendered 1495/2766, time remaining: 45s
Rendered 1496/2766, time remaining: 44s
Rendered 1497/2766, time remaining: 44s
Rendered 1498/2766, time remaining: 45s
Rendered 1499/2766, time remaining: 44s
Rendered 1500/2766, time remaining: 44s
Rendered 1501/2766, time remaining: 44s
Rendered 1502/2766, time remaining: 44s
Rendered 1503/2766, time remaining: 44s
Rendered 1504/2766, time remaining: 44s
Rendered 1505/2766, time remaining: 44s
Rendered 1506/2766, time remaining: 44s
Rendered 1507/2766, time remaining: 44s
Rendered 1508/2766, time remaining: 44s
Rendered 1509/2766, time remaining: 44s
Rendered 1510/2766, time remaining: 44s
Rendered 1511/2766, time remaining: 44s
Rendered 1512/2766, time remaining: 44s
Rendered 1513/2766, time remaining: 44s
Rendered 1514/2766, time remaining: 44s
Rendered 1515/2766, time remaining: 44s
Rendered 1516/2766, time remaining: 44s
Rendered 1517/2766, time remaining: 44s
Rendered 1518/2766, time remaining: 43s
Rendered 1519/2766, time remaining: 44s
Rendered 1520/2766, time remaining: 44s
Rendered 1521/2766, time remaining: 44s
Rendered 1522/2766, time remaining: 43s
Rendered 1523/2766, time remaining: 44s
Rendered 1524/2766, time remaining: 43s
Rendered 1525/2766, time remaining: 43s
Rendered 1526/2766, time remaining: 43s
Rendered 1527/2766, time remaining: 43s
Rendered 1528/2766, time remaining: 43s
Rendered 1529/2766, time remaining: 44s
Rendered 1530/2766, time remaining: 43s
Rendered 1531/2766, time remaining: 43s
Rendered 1532/2766, time remaining: 43s
Rendered 1533/2766, time remaining: 43s
Rendered 1534/2766, time remaining: 43s
Rendered 1535/2766, time remaining: 43s
Rendered 1536/2766, time remaining: 43s
Rendered 1537/2766, time remaining: 43s
Rendered 1538/2766, time remaining: 43s
Rendered 1539/2766, time remaining: 43s
Rendered 1540/2766, time remaining: 43s
Rendered 1541/2766, time remaining: 43s
Rendered 1542/2766, time remaining: 43s
Rendered 1543/2766, time remaining: 43s
Rendered 1544/2766, time remaining: 43s
Rendered 1545/2766, time remaining: 43s
Rendered 1546/2766, time remaining: 42s
Rendered 1547/2766, time remaining: 42s
Rendered 1548/2766, time remaining: 43s
Rendered 1549/2766, time remaining: 43s
Rendered 1550/2766, time remaining: 43s
Rendered 1551/2766, time remaining: 42s
Rendered 1552/2766, time remaining: 42s
Rendered 1553/2766, time remaining: 42s
Rendered 1554/2766, time remaining: 43s
Rendered 1555/2766, time remaining: 42s
Rendered 1556/2766, time remaining: 42s
Rendered 1557/2766, time remaining: 42s
Rendered 1558/2766, time remaining: 42s
Rendered 1559/2766, time remaining: 42s
Rendered 1560/2766, time remaining: 43s
Rendered 1561/2766, time remaining: 43s
Rendered 1562/2766, time remaining: 42s
Rendered 1563/2766, time remaining: 43s
Rendered 1564/2766, time remaining: 43s
Rendered 1565/2766, time remaining: 42s
Rendered 1566/2766, time remaining: 42s
Rendered 1567/2766, time remaining: 43s
Rendered 1568/2766, time remaining: 42s
Rendered 1569/2766, time remaining: 43s
Rendered 1570/2766, time remaining: 43s
Rendered 1571/2766, time remaining: 42s
Rendered 1572/2766, time remaining: 42s
Rendered 1573/2766, time remaining: 42s
Rendered 1574/2766, time remaining: 43s
Rendered 1575/2766, time remaining: 42s
Rendered 1576/2766, time remaining: 42s
Rendered 1577/2766, time remaining: 42s
Rendered 1578/2766, time remaining: 42s
Rendered 1579/2766, time remaining: 42s
Rendered 1580/2766, time remaining: 42s
Rendered 1581/2766, time remaining: 42s
Rendered 1582/2766, time remaining: 43s
Rendered 1583/2766, time remaining: 43s
Rendered 1584/2766, time remaining: 42s
Rendered 1585/2766, time remaining: 42s
Rendered 1586/2766, time remaining: 42s
Rendered 1587/2766, time remaining: 42s
Rendered 1588/2766, time remaining: 43s
Rendered 1589/2766, time remaining: 43s
Rendered 1590/2766, time remaining: 42s
Rendered 1591/2766, time remaining: 42s
Rendered 1592/2766, time remaining: 42s
Rendered 1593/2766, time remaining: 42s
Rendered 1594/2766, time remaining: 42s
Rendered 1595/2766, time remaining: 43s
Rendered 1596/2766, time remaining: 42s
Rendered 1597/2766, time remaining: 42s
Rendered 1598/2766, time remaining: 41s
Rendered 1599/2766, time remaining: 41s
Rendered 1600/2766, time remaining: 42s
Rendered 1601/2766, time remaining: 42s
Rendered 1602/2766, time remaining: 42s
Rendered 1603/2766, time remaining: 42s
Rendered 1604/2766, time remaining: 42s
Rendered 1605/2766, time remaining: 41s
Rendered 1606/2766, time remaining: 42s
Rendered 1607/2766, time remaining: 42s
Rendered 1608/2766, time remaining: 42s
Rendered 1609/2766, time remaining: 42s
Rendered 1610/2766, time remaining: 42s
Rendered 1611/2766, time remaining: 41s
Rendered 1612/2766, time remaining: 41s
Rendered 1613/2766, time remaining: 41s
Rendered 1614/2766, time remaining: 41s
Rendered 1615/2766, time remaining: 41s
Rendered 1616/2766, time remaining: 41s
Rendered 1617/2766, time remaining: 41s
Rendered 1618/2766, time remaining: 41s
Rendered 1619/2766, time remaining: 41s
Rendered 1620/2766, time remaining: 41s
Rendered 1621/2766, time remaining: 41s
Rendered 1622/2766, time remaining: 41s
Rendered 1623/2766, time remaining: 41s
Rendered 1624/2766, time remaining: 41s
Rendered 1625/2766, time remaining: 41s
Rendered 1626/2766, time remaining: 41s
Rendered 1627/2766, time remaining: 41s
Rendered 1628/2766, time remaining: 41s
Rendered 1629/2766, time remaining: 41s
Rendered 1630/2766, time remaining: 41s
Rendered 1631/2766, time remaining: 41s
Rendered 1632/2766, time remaining: 41s
Rendered 1633/2766, time remaining: 41s
Rendered 1634/2766, time remaining: 41s
Rendered 1635/2766, time remaining: 40s
Rendered 1636/2766, time remaining: 40s
Rendered 1637/2766, time remaining: 41s
Rendered 1638/2766, time remaining: 41s
Rendered 1639/2766, time remaining: 41s
Rendered 1640/2766, time remaining: 40s
Rendered 1641/2766, time remaining: 40s
Rendered 1642/2766, time remaining: 40s
Rendered 1643/2766, time remaining: 40s
Rendered 1644/2766, time remaining: 40s
Rendered 1645/2766, time remaining: 40s
Rendered 1646/2766, time remaining: 40s
Rendered 1647/2766, time remaining: 40s
Rendered 1648/2766, time remaining: 40s
Rendered 1649/2766, time remaining: 40s
Rendered 1650/2766, time remaining: 40s
Rendered 1651/2766, time remaining: 40s
Rendered 1652/2766, time remaining: 40s
Rendered 1653/2766, time remaining: 40s
Rendered 1654/2766, time remaining: 40s
Rendered 1655/2766, time remaining: 39s
Rendered 1656/2766, time remaining: 40s
Rendered 1657/2766, time remaining: 39s
Rendered 1658/2766, time remaining: 40s
Rendered 1659/2766, time remaining: 39s
Rendered 1660/2766, time remaining: 39s
Rendered 1661/2766, time remaining: 39s
Rendered 1662/2766, time remaining: 40s
Rendered 1663/2766, time remaining: 39s
Rendered 1664/2766, time remaining: 39s
Rendered 1665/2766, time remaining: 39s
Rendered 1666/2766, time remaining: 39s
Rendered 1667/2766, time remaining: 39s
Rendered 1668/2766, time remaining: 39s
Rendered 1669/2766, time remaining: 39s
Rendered 1670/2766, time remaining: 39s
Rendered 1671/2766, time remaining: 39s
Rendered 1672/2766, time remaining: 39s
Rendered 1673/2766, time remaining: 39s
Rendered 1674/2766, time remaining: 39s
Rendered 1675/2766, time remaining: 39s
Rendered 1676/2766, time remaining: 39s
Rendered 1677/2766, time remaining: 39s
Rendered 1678/2766, time remaining: 39s
Rendered 1679/2766, time remaining: 38s
Rendered 1680/2766, time remaining: 38s
Rendered 1681/2766, time remaining: 39s
Rendered 1682/2766, time remaining: 39s
Rendered 1683/2766, time remaining: 39s
Rendered 1684/2766, time remaining: 39s
Rendered 1685/2766, time remaining: 38s
Rendered 1686/2766, time remaining: 38s
Rendered 1687/2766, time remaining: 39s
Rendered 1688/2766, time remaining: 38s
Rendered 1689/2766, time remaining: 39s
Rendered 1690/2766, time remaining: 39s
Rendered 1691/2766, time remaining: 38s
Rendered 1692/2766, time remaining: 38s
Rendered 1693/2766, time remaining: 38s
Rendered 1694/2766, time remaining: 38s
Rendered 1695/2766, time remaining: 38s
Rendered 1696/2766, time remaining: 38s
Rendered 1697/2766, time remaining: 38s
Rendered 1698/2766, time remaining: 37s
Rendered 1699/2766, time remaining: 37s
Rendered 1700/2766, time remaining: 37s
Rendered 1701/2766, time remaining: 37s
Rendered 1702/2766, time remaining: 37s
Rendered 1703/2766, time remaining: 37s
Rendered 1704/2766, time remaining: 36s
Rendered 1705/2766, time remaining: 36s
Rendered 1706/2766, time remaining: 36s
Rendered 1707/2766, time remaining: 36s
Rendered 1708/2766, time remaining: 36s
Rendered 1709/2766, time remaining: 35s
Rendered 1710/2766, time remaining: 35s
Rendered 1711/2766, time remaining: 35s
Rendered 1712/2766, time remaining: 35s
Rendered 1713/2766, time remaining: 34s
Rendered 1714/2766, time remaining: 34s
Rendered 1715/2766, time remaining: 34s
Rendered 1716/2766, time remaining: 34s
Rendered 1717/2766, time remaining: 34s
Rendered 1718/2766, time remaining: 34s
Rendered 1719/2766, time remaining: 34s
Rendered 1720/2766, time remaining: 34s
Rendered 1721/2766, time remaining: 34s
Rendered 1722/2766, time remaining: 34s
Rendered 1723/2766, time remaining: 34s
Rendered 1724/2766, time remaining: 33s
Rendered 1725/2766, time remaining: 34s
Rendered 1726/2766, time remaining: 33s
Rendered 1727/2766, time remaining: 33s
Rendered 1728/2766, time remaining: 34s
Rendered 1729/2766, time remaining: 34s
Rendered 1730/2766, time remaining: 33s
Rendered 1731/2766, time remaining: 34s
Rendered 1732/2766, time remaining: 33s
Rendered 1733/2766, time remaining: 33s
Rendered 1734/2766, time remaining: 33s
Rendered 1735/2766, time remaining: 33s
Rendered 1736/2766, time remaining: 33s
Rendered 1737/2766, time remaining: 34s
Rendered 1738/2766, time remaining: 33s
Rendered 1739/2766, time remaining: 33s
Rendered 1740/2766, time remaining: 33s
Rendered 1741/2766, time remaining: 33s
Rendered 1742/2766, time remaining: 33s
Rendered 1743/2766, time remaining: 33s
Rendered 1744/2766, time remaining: 32s
Rendered 1745/2766, time remaining: 33s
Rendered 1746/2766, time remaining: 33s
Rendered 1747/2766, time remaining: 33s
Rendered 1748/2766, time remaining: 33s
Rendered 1749/2766, time remaining: 33s
Rendered 1750/2766, time remaining: 32s
Rendered 1751/2766, time remaining: 32s
Rendered 1752/2766, time remaining: 35s
Rendered 1753/2766, time remaining: 35s
Rendered 1754/2766, time remaining: 35s
Rendered 1755/2766, time remaining: 35s
Rendered 1756/2766, time remaining: 34s
Rendered 1757/2766, time remaining: 34s
Rendered 1758/2766, time remaining: 34s
Rendered 1759/2766, time remaining: 35s
Rendered 1760/2766, time remaining: 35s
Rendered 1761/2766, time remaining: 34s
Rendered 1762/2766, time remaining: 34s
Rendered 1763/2766, time remaining: 34s
Rendered 1764/2766, time remaining: 35s
Rendered 1765/2766, time remaining: 35s
Rendered 1766/2766, time remaining: 35s
Rendered 1767/2766, time remaining: 34s
Rendered 1768/2766, time remaining: 34s
Rendered 1769/2766, time remaining: 34s
Rendered 1770/2766, time remaining: 34s
Rendered 1771/2766, time remaining: 35s
Rendered 1772/2766, time remaining: 35s
Rendered 1773/2766, time remaining: 34s
Rendered 1774/2766, time remaining: 34s
Rendered 1775/2766, time remaining: 34s
Rendered 1776/2766, time remaining: 34s
Rendered 1777/2766, time remaining: 35s
Rendered 1778/2766, time remaining: 35s
Rendered 1779/2766, time remaining: 35s
Rendered 1780/2766, time remaining: 35s
Rendered 1781/2766, time remaining: 34s
Rendered 1782/2766, time remaining: 34s
Rendered 1783/2766, time remaining: 35s
Rendered 1784/2766, time remaining: 35s
Rendered 1785/2766, time remaining: 35s
Rendered 1786/2766, time remaining: 35s
Rendered 1787/2766, time remaining: 35s
Rendered 1788/2766, time remaining: 35s
Rendered 1789/2766, time remaining: 35s
Rendered 1790/2766, time remaining: 35s
Rendered 1791/2766, time remaining: 35s
Rendered 1792/2766, time remaining: 35s
Rendered 1793/2766, time remaining: 35s
Rendered 1794/2766, time remaining: 35s
Rendered 1795/2766, time remaining: 35s
Rendered 1796/2766, time remaining: 35s
Rendered 1797/2766, time remaining: 35s
Rendered 1798/2766, time remaining: 35s
Rendered 1799/2766, time remaining: 35s
Rendered 1800/2766, time remaining: 35s
Rendered 1801/2766, time remaining: 35s
Rendered 1802/2766, time remaining: 35s
Rendered 1803/2766, time remaining: 35s
Rendered 1804/2766, time remaining: 35s
Rendered 1805/2766, time remaining: 35s
Rendered 1806/2766, time remaining: 35s
Rendered 1807/2766, time remaining: 35s
Rendered 1808/2766, time remaining: 36s
Rendered 1809/2766, time remaining: 35s
Rendered 1810/2766, time remaining: 35s
Rendered 1811/2766, time remaining: 35s
Rendered 1812/2766, time remaining: 35s
Rendered 1813/2766, time remaining: 35s
Rendered 1814/2766, time remaining: 36s
Rendered 1815/2766, time remaining: 36s
Rendered 1816/2766, time remaining: 35s
Rendered 1817/2766, time remaining: 35s
Rendered 1818/2766, time remaining: 35s
Rendered 1819/2766, time remaining: 35s
Rendered 1820/2766, time remaining: 35s
Rendered 1821/2766, time remaining: 35s
Rendered 1822/2766, time remaining: 35s
Rendered 1823/2766, time remaining: 35s
Rendered 1824/2766, time remaining: 35s
Rendered 1825/2766, time remaining: 34s
Rendered 1826/2766, time remaining: 35s
Rendered 1827/2766, time remaining: 35s
Rendered 1828/2766, time remaining: 35s
Rendered 1829/2766, time remaining: 35s
Rendered 1830/2766, time remaining: 35s
Rendered 1831/2766, time remaining: 34s
Rendered 1832/2766, time remaining: 35s
Rendered 1833/2766, time remaining: 35s
Rendered 1834/2766, time remaining: 35s
Rendered 1835/2766, time remaining: 35s
Rendered 1836/2766, time remaining: 35s
Rendered 1837/2766, time remaining: 35s
Rendered 1838/2766, time remaining: 35s
Rendered 1839/2766, time remaining: 35s
Rendered 1840/2766, time remaining: 35s
Rendered 1841/2766, time remaining: 35s
Rendered 1842/2766, time remaining: 35s
Rendered 1843/2766, time remaining: 35s
Rendered 1844/2766, time remaining: 35s
Rendered 1845/2766, time remaining: 35s
Rendered 1846/2766, time remaining: 35s
Rendered 1847/2766, time remaining: 35s
Rendered 1848/2766, time remaining: 35s
Rendered 1849/2766, time remaining: 35s
Rendered 1850/2766, time remaining: 36s
Rendered 1851/2766, time remaining: 36s
Rendered 1852/2766, time remaining: 36s
Rendered 1853/2766, time remaining: 36s
Rendered 1854/2766, time remaining: 36s
Rendered 1855/2766, time remaining: 36s
Rendered 1856/2766, time remaining: 36s
Rendered 1857/2766, time remaining: 37s
Rendered 1858/2766, time remaining: 37s
Rendered 1859/2766, time remaining: 37s
Rendered 1860/2766, time remaining: 37s
Rendered 1861/2766, time remaining: 37s
Rendered 1862/2766, time remaining: 37s
Rendered 1863/2766, time remaining: 37s
Rendered 1864/2766, time remaining: 37s
Rendered 1865/2766, time remaining: 37s
Rendered 1866/2766, time remaining: 37s
Rendered 1867/2766, time remaining: 37s
Rendered 1868/2766, time remaining: 37s
Rendered 1869/2766, time remaining: 37s
Rendered 1870/2766, time remaining: 37s
Rendered 1871/2766, time remaining: 37s
Rendered 1872/2766, time remaining: 37s
Rendered 1873/2766, time remaining: 37s
Rendered 1874/2766, time remaining: 38s
Rendered 1875/2766, time remaining: 38s
Rendered 1876/2766, time remaining: 37s
Rendered 1877/2766, time remaining: 37s
Rendered 1878/2766, time remaining: 36s
Rendered 1879/2766, time remaining: 37s
Rendered 1880/2766, time remaining: 38s
Rendered 1881/2766, time remaining: 38s
Rendered 1882/2766, time remaining: 38s
Rendered 1883/2766, time remaining: 38s
Rendered 1884/2766, time remaining: 38s
Rendered 1885/2766, time remaining: 38s
Rendered 1886/2766, time remaining: 38s
Rendered 1887/2766, time remaining: 38s
Rendered 1888/2766, time remaining: 38s
Rendered 1889/2766, time remaining: 38s
Rendered 1890/2766, time remaining: 38s
Rendered 1891/2766, time remaining: 38s
Rendered 1892/2766, time remaining: 39s
Rendered 1893/2766, time remaining: 39s
Rendered 1894/2766, time remaining: 39s
Rendered 1895/2766, time remaining: 38s
Rendered 1896/2766, time remaining: 38s
Rendered 1897/2766, time remaining: 38s
Rendered 1898/2766, time remaining: 39s
Rendered 1899/2766, time remaining: 39s
Rendered 1900/2766, time remaining: 39s
Rendered 1901/2766, time remaining: 39s
Rendered 1902/2766, time remaining: 37s
Rendered 1903/2766, time remaining: 37s
Rendered 1904/2766, time remaining: 37s
Rendered 1905/2766, time remaining: 38s
Rendered 1906/2766, time remaining: 38s
Rendered 1907/2766, time remaining: 37s
Rendered 1908/2766, time remaining: 37s
Rendered 1909/2766, time remaining: 37s
Rendered 1910/2766, time remaining: 37s
Rendered 1911/2766, time remaining: 38s
Rendered 1912/2766, time remaining: 38s
Rendered 1913/2766, time remaining: 37s
Rendered 1914/2766, time remaining: 37s
Rendered 1915/2766, time remaining: 36s
Rendered 1916/2766, time remaining: 37s
Rendered 1917/2766, time remaining: 38s
Rendered 1918/2766, time remaining: 38s
Rendered 1919/2766, time remaining: 37s
Rendered 1920/2766, time remaining: 37s
Rendered 1921/2766, time remaining: 37s
Rendered 1922/2766, time remaining: 37s
Rendered 1923/2766, time remaining: 38s
Rendered 1924/2766, time remaining: 38s
Rendered 1925/2766, time remaining: 38s
Rendered 1926/2766, time remaining: 38s
Rendered 1927/2766, time remaining: 38s
Rendered 1928/2766, time remaining: 38s
Rendered 1929/2766, time remaining: 39s
Rendered 1930/2766, time remaining: 39s
Rendered 1931/2766, time remaining: 39s
Rendered 1932/2766, time remaining: 38s
Rendered 1933/2766, time remaining: 37s
Rendered 1934/2766, time remaining: 38s
Rendered 1935/2766, time remaining: 38s
Rendered 1936/2766, time remaining: 38s
Rendered 1937/2766, time remaining: 39s
Rendered 1938/2766, time remaining: 39s
Rendered 1939/2766, time remaining: 38s
Rendered 1940/2766, time remaining: 38s
Rendered 1941/2766, time remaining: 38s
Rendered 1942/2766, time remaining: 39s
Rendered 1943/2766, time remaining: 39s
Rendered 1944/2766, time remaining: 39s
Rendered 1945/2766, time remaining: 38s
Rendered 1946/2766, time remaining: 38s
Rendered 1947/2766, time remaining: 38s
Rendered 1948/2766, time remaining: 39s
Rendered 1949/2766, time remaining: 39s
Rendered 1950/2766, time remaining: 39s
Rendered 1951/2766, time remaining: 39s
Rendered 1952/2766, time remaining: 39s
Rendered 1953/2766, time remaining: 39s
Rendered 1954/2766, time remaining: 39s
Rendered 1955/2766, time remaining: 39s
Rendered 1956/2766, time remaining: 39s
Rendered 1957/2766, time remaining: 39s
Rendered 1958/2766, time remaining: 38s
Rendered 1959/2766, time remaining: 38s
Rendered 1960/2766, time remaining: 38s
Rendered 1961/2766, time remaining: 38s
Rendered 1962/2766, time remaining: 38s
Rendered 1963/2766, time remaining: 39s
Rendered 1964/2766, time remaining: 38s
Rendered 1965/2766, time remaining: 38s
Rendered 1966/2766, time remaining: 38s
Rendered 1967/2766, time remaining: 38s
Rendered 1968/2766, time remaining: 38s
Rendered 1969/2766, time remaining: 39s
Rendered 1970/2766, time remaining: 38s
Rendered 1971/2766, time remaining: 38s
Rendered 1972/2766, time remaining: 38s
Rendered 1973/2766, time remaining: 38s
Rendered 1974/2766, time remaining: 38s
Rendered 1975/2766, time remaining: 38s
Rendered 1976/2766, time remaining: 38s
Rendered 1977/2766, time remaining: 38s
Rendered 1978/2766, time remaining: 38s
Rendered 1979/2766, time remaining: 38s
Rendered 1980/2766, time remaining: 38s
Rendered 1981/2766, time remaining: 38s
Rendered 1982/2766, time remaining: 37s
Rendered 1983/2766, time remaining: 38s
Rendered 1984/2766, time remaining: 37s
Rendered 1985/2766, time remaining: 37s
Rendered 1986/2766, time remaining: 37s
Rendered 1987/2766, time remaining: 37s
Rendered 1988/2766, time remaining: 37s
Rendered 1989/2766, time remaining: 37s
Rendered 1990/2766, time remaining: 37s
Rendered 1991/2766, time remaining: 37s
Rendered 1992/2766, time remaining: 37s
Rendered 1993/2766, time remaining: 37s
Rendered 1994/2766, time remaining: 37s
Rendered 1995/2766, time remaining: 37s
Rendered 1996/2766, time remaining: 37s
Rendered 1997/2766, time remaining: 37s
Rendered 1998/2766, time remaining: 36s
Rendered 1999/2766, time remaining: 37s
Rendered 2000/2766, time remaining: 36s
Rendered 2001/2766, time remaining: 36s
Rendered 2002/2766, time remaining: 36s
Rendered 2003/2766, time remaining: 36s
Rendered 2004/2766, time remaining: 36s
Rendered 2005/2766, time remaining: 36s
Rendered 2006/2766, time remaining: 36s
Rendered 2007/2766, time remaining: 35s
Rendered 2008/2766, time remaining: 36s
Rendered 2009/2766, time remaining: 36s
Rendered 2010/2766, time remaining: 36s
Rendered 2011/2766, time remaining: 36s
Rendered 2012/2766, time remaining: 36s
Rendered 2013/2766, time remaining: 35s
Rendered 2014/2766, time remaining: 36s
Rendered 2015/2766, time remaining: 36s
Rendered 2016/2766, time remaining: 36s
Rendered 2017/2766, time remaining: 36s
Rendered 2018/2766, time remaining: 36s
Rendered 2019/2766, time remaining: 35s
Rendered 2020/2766, time remaining: 35s
Rendered 2021/2766, time remaining: 36s
Rendered 2022/2766, time remaining: 36s
Rendered 2023/2766, time remaining: 36s
Rendered 2024/2766, time remaining: 35s
Rendered 2025/2766, time remaining: 35s
Rendered 2026/2766, time remaining: 35s
Rendered 2027/2766, time remaining: 35s
Rendered 2028/2766, time remaining: 35s
Rendered 2029/2766, time remaining: 35s
Rendered 2030/2766, time remaining: 34s
Rendered 2031/2766, time remaining: 34s
Rendered 2032/2766, time remaining: 34s
Rendered 2033/2766, time remaining: 34s
Rendered 2034/2766, time remaining: 34s
Rendered 2035/2766, time remaining: 33s
Rendered 2036/2766, time remaining: 34s
Rendered 2037/2766, time remaining: 33s
Rendered 2038/2766, time remaining: 33s
Rendered 2039/2766, time remaining: 33s
Rendered 2040/2766, time remaining: 33s
Rendered 2041/2766, time remaining: 33s
Rendered 2042/2766, time remaining: 32s
Rendered 2043/2766, time remaining: 32s
Rendered 2044/2766, time remaining: 32s
Rendered 2045/2766, time remaining: 32s
Rendered 2046/2766, time remaining: 32s
Rendered 2047/2766, time remaining: 32s
Rendered 2048/2766, time remaining: 32s
Rendered 2049/2766, time remaining: 32s
Rendered 2050/2766, time remaining: 31s
Rendered 2051/2766, time remaining: 31s
Rendered 2052/2766, time remaining: 33s
Rendered 2053/2766, time remaining: 33s
Rendered 2054/2766, time remaining: 33s
Rendered 2055/2766, time remaining: 32s
Rendered 2056/2766, time remaining: 32s
Rendered 2057/2766, time remaining: 31s
Rendered 2058/2766, time remaining: 32s
Rendered 2059/2766, time remaining: 32s
Rendered 2060/2766, time remaining: 32s
Rendered 2061/2766, time remaining: 32s
Rendered 2062/2766, time remaining: 32s
Rendered 2063/2766, time remaining: 32s
Rendered 2064/2766, time remaining: 32s
Rendered 2065/2766, time remaining: 32s
Rendered 2066/2766, time remaining: 32s
Rendered 2067/2766, time remaining: 31s
Rendered 2068/2766, time remaining: 31s
Rendered 2069/2766, time remaining: 32s
Rendered 2070/2766, time remaining: 32s
Rendered 2071/2766, time remaining: 31s
Rendered 2072/2766, time remaining: 31s
Rendered 2073/2766, time remaining: 30s
Rendered 2074/2766, time remaining: 30s
Rendered 2075/2766, time remaining: 30s
Rendered 2076/2766, time remaining: 30s
Rendered 2077/2766, time remaining: 30s
Rendered 2078/2766, time remaining: 30s
Rendered 2079/2766, time remaining: 29s
Rendered 2080/2766, time remaining: 29s
Rendered 2081/2766, time remaining: 29s
Rendered 2082/2766, time remaining: 29s
Rendered 2083/2766, time remaining: 29s
Rendered 2084/2766, time remaining: 29s
Rendered 2085/2766, time remaining: 29s
Rendered 2086/2766, time remaining: 28s
Rendered 2087/2766, time remaining: 28s
Rendered 2088/2766, time remaining: 28s
Rendered 2089/2766, time remaining: 28s
Rendered 2090/2766, time remaining: 28s
Rendered 2091/2766, time remaining: 28s
Rendered 2092/2766, time remaining: 27s
Rendered 2093/2766, time remaining: 27s
Rendered 2094/2766, time remaining: 28s
Rendered 2095/2766, time remaining: 28s
Rendered 2096/2766, time remaining: 27s
Rendered 2097/2766, time remaining: 28s
Rendered 2098/2766, time remaining: 27s
Rendered 2099/2766, time remaining: 27s
Rendered 2100/2766, time remaining: 27s
Rendered 2101/2766, time remaining: 27s
Rendered 2102/2766, time remaining: 27s
Rendered 2103/2766, time remaining: 27s
Rendered 2104/2766, time remaining: 27s
Rendered 2105/2766, time remaining: 27s
Rendered 2106/2766, time remaining: 27s
Rendered 2107/2766, time remaining: 27s
Rendered 2108/2766, time remaining: 27s
Rendered 2109/2766, time remaining: 27s
Rendered 2110/2766, time remaining: 27s
Rendered 2111/2766, time remaining: 27s
Rendered 2112/2766, time remaining: 27s
Rendered 2113/2766, time remaining: 27s
Rendered 2114/2766, time remaining: 27s
Rendered 2115/2766, time remaining: 27s
Rendered 2116/2766, time remaining: 27s
Rendered 2117/2766, time remaining: 27s
Rendered 2118/2766, time remaining: 27s
Rendered 2119/2766, time remaining: 26s
Rendered 2120/2766, time remaining: 26s
Rendered 2121/2766, time remaining: 26s
Rendered 2122/2766, time remaining: 26s
Rendered 2123/2766, time remaining: 27s
Rendered 2124/2766, time remaining: 27s
Rendered 2125/2766, time remaining: 26s
Rendered 2126/2766, time remaining: 26s
Rendered 2127/2766, time remaining: 26s
Rendered 2128/2766, time remaining: 26s
Rendered 2129/2766, time remaining: 26s
Rendered 2130/2766, time remaining: 26s
Rendered 2131/2766, time remaining: 26s
Rendered 2132/2766, time remaining: 26s
Rendered 2133/2766, time remaining: 26s
Rendered 2134/2766, time remaining: 26s
Rendered 2135/2766, time remaining: 26s
Rendered 2136/2766, time remaining: 26s
Rendered 2137/2766, time remaining: 26s
Rendered 2138/2766, time remaining: 26s
Rendered 2139/2766, time remaining: 26s
Rendered 2140/2766, time remaining: 25s
Rendered 2141/2766, time remaining: 26s
Rendered 2142/2766, time remaining: 26s
Rendered 2143/2766, time remaining: 26s
Rendered 2144/2766, time remaining: 26s
Rendered 2145/2766, time remaining: 26s
Rendered 2146/2766, time remaining: 25s
Rendered 2147/2766, time remaining: 26s
Rendered 2148/2766, time remaining: 26s
Rendered 2149/2766, time remaining: 26s
Rendered 2150/2766, time remaining: 26s
Rendered 2151/2766, time remaining: 26s
Rendered 2152/2766, time remaining: 25s
Rendered 2153/2766, time remaining: 25s
Rendered 2154/2766, time remaining: 26s
Rendered 2155/2766, time remaining: 26s
Rendered 2156/2766, time remaining: 26s
Rendered 2157/2766, time remaining: 26s
Rendered 2158/2766, time remaining: 25s
Rendered 2159/2766, time remaining: 25s
Rendered 2160/2766, time remaining: 25s
Rendered 2161/2766, time remaining: 25s
Rendered 2162/2766, time remaining: 25s
Rendered 2163/2766, time remaining: 25s
Rendered 2164/2766, time remaining: 25s
Rendered 2165/2766, time remaining: 25s
Rendered 2166/2766, time remaining: 25s
Rendered 2167/2766, time remaining: 25s
Rendered 2168/2766, time remaining: 25s
Rendered 2169/2766, time remaining: 25s
Rendered 2170/2766, time remaining: 25s
Rendered 2171/2766, time remaining: 24s
Rendered 2172/2766, time remaining: 24s
Rendered 2173/2766, time remaining: 24s
Rendered 2174/2766, time remaining: 24s
Rendered 2175/2766, time remaining: 25s
Rendered 2176/2766, time remaining: 24s
Rendered 2177/2766, time remaining: 24s
Rendered 2178/2766, time remaining: 24s
Rendered 2179/2766, time remaining: 24s
Rendered 2180/2766, time remaining: 24s
Rendered 2181/2766, time remaining: 24s
Rendered 2182/2766, time remaining: 24s
Rendered 2183/2766, time remaining: 24s
Rendered 2184/2766, time remaining: 24s
Rendered 2185/2766, time remaining: 24s
Rendered 2186/2766, time remaining: 24s
Rendered 2187/2766, time remaining: 24s
Rendered 2188/2766, time remaining: 24s
Rendered 2189/2766, time remaining: 24s
Rendered 2190/2766, time remaining: 24s
Rendered 2191/2766, time remaining: 24s
Rendered 2192/2766, time remaining: 24s
Rendered 2193/2766, time remaining: 24s
Rendered 2194/2766, time remaining: 23s
Rendered 2195/2766, time remaining: 24s
Rendered 2196/2766, time remaining: 24s
Rendered 2197/2766, time remaining: 23s
Rendered 2198/2766, time remaining: 23s
Rendered 2199/2766, time remaining: 23s
Rendered 2200/2766, time remaining: 23s
Rendered 2201/2766, time remaining: 23s
Rendered 2202/2766, time remaining: 22s
Rendered 2203/2766, time remaining: 22s
Rendered 2204/2766, time remaining: 22s
Rendered 2205/2766, time remaining: 22s
Rendered 2206/2766, time remaining: 23s
Rendered 2207/2766, time remaining: 23s
Rendered 2208/2766, time remaining: 22s
Rendered 2209/2766, time remaining: 22s
Rendered 2210/2766, time remaining: 22s
Rendered 2211/2766, time remaining: 22s
Rendered 2212/2766, time remaining: 22s
Rendered 2213/2766, time remaining: 22s
Rendered 2214/2766, time remaining: 22s
Rendered 2215/2766, time remaining: 22s
Rendered 2216/2766, time remaining: 22s
Rendered 2217/2766, time remaining: 21s
Rendered 2218/2766, time remaining: 21s
Rendered 2219/2766, time remaining: 21s
Rendered 2220/2766, time remaining: 21s
Rendered 2221/2766, time remaining: 21s
Rendered 2222/2766, time remaining: 21s
Rendered 2223/2766, time remaining: 21s
Rendered 2224/2766, time remaining: 22s
Rendered 2225/2766, time remaining: 21s
Rendered 2226/2766, time remaining: 21s
Rendered 2227/2766, time remaining: 21s
Rendered 2228/2766, time remaining: 21s
Rendered 2229/2766, time remaining: 21s
Rendered 2230/2766, time remaining: 21s
Rendered 2231/2766, time remaining: 21s
Rendered 2232/2766, time remaining: 21s
Rendered 2233/2766, time remaining: 21s
Rendered 2234/2766, time remaining: 21s
Rendered 2235/2766, time remaining: 21s
Rendered 2236/2766, time remaining: 21s
Rendered 2237/2766, time remaining: 21s
Rendered 2238/2766, time remaining: 20s
Rendered 2239/2766, time remaining: 20s
Rendered 2240/2766, time remaining: 20s
Rendered 2241/2766, time remaining: 20s
Rendered 2242/2766, time remaining: 20s
Rendered 2243/2766, time remaining: 20s
Rendered 2244/2766, time remaining: 20s
Rendered 2245/2766, time remaining: 20s
Rendered 2246/2766, time remaining: 20s
Rendered 2247/2766, time remaining: 20s
Rendered 2248/2766, time remaining: 20s
Rendered 2249/2766, time remaining: 20s
Rendered 2250/2766, time remaining: 19s
Rendered 2251/2766, time remaining: 20s
Rendered 2252/2766, time remaining: 20s
Rendered 2253/2766, time remaining: 19s
Rendered 2254/2766, time remaining: 19s
Rendered 2255/2766, time remaining: 19s
Rendered 2256/2766, time remaining: 19s
Rendered 2257/2766, time remaining: 19s
Rendered 2258/2766, time remaining: 19s
Rendered 2259/2766, time remaining: 19s
Rendered 2260/2766, time remaining: 19s
Rendered 2261/2766, time remaining: 19s
Rendered 2262/2766, time remaining: 19s
Rendered 2263/2766, time remaining: 19s
Rendered 2264/2766, time remaining: 18s
Rendered 2265/2766, time remaining: 19s
Rendered 2266/2766, time remaining: 19s
Rendered 2267/2766, time remaining: 19s
Rendered 2268/2766, time remaining: 19s
Rendered 2269/2766, time remaining: 18s
Rendered 2270/2766, time remaining: 18s
Rendered 2271/2766, time remaining: 18s
Rendered 2272/2766, time remaining: 18s
Rendered 2273/2766, time remaining: 18s
Rendered 2274/2766, time remaining: 18s
Rendered 2275/2766, time remaining: 18s
Rendered 2276/2766, time remaining: 18s
Rendered 2277/2766, time remaining: 18s
Rendered 2278/2766, time remaining: 18s
Rendered 2279/2766, time remaining: 18s
Rendered 2280/2766, time remaining: 18s
Rendered 2281/2766, time remaining: 18s
Rendered 2282/2766, time remaining: 18s
Rendered 2283/2766, time remaining: 18s
Rendered 2284/2766, time remaining: 18s
Rendered 2285/2766, time remaining: 17s
Rendered 2286/2766, time remaining: 18s
Rendered 2287/2766, time remaining: 18s
Rendered 2288/2766, time remaining: 18s
Rendered 2289/2766, time remaining: 18s
Rendered 2290/2766, time remaining: 17s
Rendered 2291/2766, time remaining: 17s
Rendered 2292/2766, time remaining: 17s
Rendered 2293/2766, time remaining: 17s
Rendered 2294/2766, time remaining: 17s
Rendered 2295/2766, time remaining: 17s
Rendered 2296/2766, time remaining: 17s
Rendered 2297/2766, time remaining: 17s
Rendered 2298/2766, time remaining: 16s
Rendered 2299/2766, time remaining: 16s
Rendered 2300/2766, time remaining: 16s
Rendered 2301/2766, time remaining: 17s
Rendered 2302/2766, time remaining: 17s
Rendered 2303/2766, time remaining: 17s
Rendered 2304/2766, time remaining: 16s
Rendered 2305/2766, time remaining: 16s
Rendered 2306/2766, time remaining: 16s
Rendered 2307/2766, time remaining: 16s
Rendered 2308/2766, time remaining: 16s
Rendered 2309/2766, time remaining: 16s
Rendered 2310/2766, time remaining: 16s
Rendered 2311/2766, time remaining: 16s
Rendered 2312/2766, time remaining: 16s
Rendered 2313/2766, time remaining: 16s
Rendered 2314/2766, time remaining: 16s
Rendered 2315/2766, time remaining: 16s
Rendered 2316/2766, time remaining: 16s
Rendered 2317/2766, time remaining: 16s
Rendered 2318/2766, time remaining: 16s
Rendered 2319/2766, time remaining: 16s
Rendered 2320/2766, time remaining: 16s
Rendered 2321/2766, time remaining: 16s
Rendered 2322/2766, time remaining: 15s
Rendered 2323/2766, time remaining: 15s
Rendered 2324/2766, time remaining: 15s
Rendered 2325/2766, time remaining: 15s
Rendered 2326/2766, time remaining: 15s
Rendered 2327/2766, time remaining: 15s
Rendered 2328/2766, time remaining: 15s
Rendered 2329/2766, time remaining: 15s
Rendered 2330/2766, time remaining: 15s
Rendered 2331/2766, time remaining: 15s
Rendered 2332/2766, time remaining: 15s
Rendered 2333/2766, time remaining: 15s
Rendered 2334/2766, time remaining: 15s
Rendered 2335/2766, time remaining: 15s
Rendered 2336/2766, time remaining: 15s
Rendered 2337/2766, time remaining: 15s
Rendered 2338/2766, time remaining: 15s
Rendered 2339/2766, time remaining: 15s
Rendered 2340/2766, time remaining: 15s
Rendered 2341/2766, time remaining: 15s
Rendered 2342/2766, time remaining: 15s
Rendered 2343/2766, time remaining: 15s
Rendered 2344/2766, time remaining: 15s
Rendered 2345/2766, time remaining: 14s
Rendered 2346/2766, time remaining: 14s
Rendered 2347/2766, time remaining: 14s
Rendered 2348/2766, time remaining: 14s
Rendered 2349/2766, time remaining: 14s
Rendered 2350/2766, time remaining: 14s
Rendered 2351/2766, time remaining: 14s
Rendered 2352/2766, time remaining: 14s
Rendered 2353/2766, time remaining: 14s
Rendered 2354/2766, time remaining: 14s
Rendered 2355/2766, time remaining: 14s
Rendered 2356/2766, time remaining: 14s
Rendered 2357/2766, time remaining: 14s
Rendered 2358/2766, time remaining: 14s
Rendered 2359/2766, time remaining: 14s
Rendered 2360/2766, time remaining: 14s
Rendered 2361/2766, time remaining: 14s
Rendered 2362/2766, time remaining: 14s
Rendered 2363/2766, time remaining: 14s
Rendered 2364/2766, time remaining: 13s
Rendered 2365/2766, time remaining: 14s
Rendered 2366/2766, time remaining: 14s
Rendered 2367/2766, time remaining: 14s
Rendered 2368/2766, time remaining: 14s
Rendered 2369/2766, time remaining: 13s
Rendered 2370/2766, time remaining: 13s
Rendered 2371/2766, time remaining: 13s
Rendered 2372/2766, time remaining: 13s
Rendered 2373/2766, time remaining: 13s
Rendered 2374/2766, time remaining: 13s
Rendered 2375/2766, time remaining: 13s
Rendered 2376/2766, time remaining: 13s
Rendered 2377/2766, time remaining: 13s
Rendered 2378/2766, time remaining: 13s
Rendered 2379/2766, time remaining: 13s
Rendered 2380/2766, time remaining: 13s
Rendered 2381/2766, time remaining: 13s
Rendered 2382/2766, time remaining: 13s
Rendered 2383/2766, time remaining: 13s
Rendered 2384/2766, time remaining: 13s
Rendered 2385/2766, time remaining: 13s
Rendered 2386/2766, time remaining: 13s
Rendered 2387/2766, time remaining: 13s
Rendered 2388/2766, time remaining: 13s
Rendered 2389/2766, time remaining: 13s
Rendered 2390/2766, time remaining: 13s
Rendered 2391/2766, time remaining: 12s
Rendered 2392/2766, time remaining: 13s
Rendered 2393/2766, time remaining: 13s
Rendered 2394/2766, time remaining: 13s
Rendered 2395/2766, time remaining: 13s
Rendered 2396/2766, time remaining: 12s
Rendered 2397/2766, time remaining: 12s
Rendered 2398/2766, time remaining: 12s
Rendered 2399/2766, time remaining: 12s
Rendered 2400/2766, time remaining: 12s
Rendered 2401/2766, time remaining: 12s
Rendered 2402/2766, time remaining: 12s
Rendered 2403/2766, time remaining: 12s
Rendered 2404/2766, time remaining: 12s
Rendered 2405/2766, time remaining: 12s
Rendered 2406/2766, time remaining: 12s
Rendered 2407/2766, time remaining: 12s
Rendered 2408/2766, time remaining: 12s
Rendered 2409/2766, time remaining: 12s
Rendered 2410/2766, time remaining: 12s
Rendered 2411/2766, time remaining: 12s
Rendered 2412/2766, time remaining: 12s
Rendered 2413/2766, time remaining: 12s
Rendered 2414/2766, time remaining: 12s
Rendered 2415/2766, time remaining: 12s
Rendered 2416/2766, time remaining: 12s
Rendered 2417/2766, time remaining: 12s
Rendered 2418/2766, time remaining: 12s
Rendered 2419/2766, time remaining: 12s
Rendered 2420/2766, time remaining: 12s
Rendered 2421/2766, time remaining: 12s
Rendered 2422/2766, time remaining: 12s
Rendered 2423/2766, time remaining: 12s
Rendered 2424/2766, time remaining: 11s
Rendered 2425/2766, time remaining: 11s
Rendered 2426/2766, time remaining: 12s
Rendered 2427/2766, time remaining: 11s
Rendered 2428/2766, time remaining: 11s
Rendered 2429/2766, time remaining: 11s
Rendered 2430/2766, time remaining: 11s
Rendered 2431/2766, time remaining: 11s
Rendered 2432/2766, time remaining: 11s
Rendered 2433/2766, time remaining: 11s
Rendered 2434/2766, time remaining: 11s
Rendered 2435/2766, time remaining: 11s
Rendered 2436/2766, time remaining: 11s
Rendered 2437/2766, time remaining: 11s
Rendered 2438/2766, time remaining: 11s
Rendered 2439/2766, time remaining: 11s
Rendered 2440/2766, time remaining: 11s
Rendered 2441/2766, time remaining: 11s
Rendered 2442/2766, time remaining: 11s
Rendered 2443/2766, time remaining: 11s
Rendered 2444/2766, time remaining: 11s
Rendered 2445/2766, time remaining: 11s
Rendered 2446/2766, time remaining: 11s
Rendered 2447/2766, time remaining: 11s
Rendered 2448/2766, time remaining: 11s
Rendered 2449/2766, time remaining: 11s
Rendered 2450/2766, time remaining: 11s
Rendered 2451/2766, time remaining: 10s
Rendered 2452/2766, time remaining: 10s
Rendered 2453/2766, time remaining: 10s
Rendered 2454/2766, time remaining: 10s
Rendered 2455/2766, time remaining: 10s
Rendered 2456/2766, time remaining: 10s
Rendered 2457/2766, time remaining: 10s
Rendered 2458/2766, time remaining: 10s
Rendered 2459/2766, time remaining: 10s
Rendered 2460/2766, time remaining: 10s
Rendered 2461/2766, time remaining: 10s
Rendered 2462/2766, time remaining: 10s
Rendered 2463/2766, time remaining: 10s
Rendered 2464/2766, time remaining: 10s
Rendered 2465/2766, time remaining: 10s
Rendered 2466/2766, time remaining: 10s
Rendered 2467/2766, time remaining: 10s
Rendered 2468/2766, time remaining: 10s
Rendered 2469/2766, time remaining: 10s
Rendered 2470/2766, time remaining: 10s
Rendered 2471/2766, time remaining: 10s
Rendered 2472/2766, time remaining: 10s
Rendered 2473/2766, time remaining: 10s
Rendered 2474/2766, time remaining: 10s
Rendered 2475/2766, time remaining: 10s
Rendered 2476/2766, time remaining: 10s
Rendered 2477/2766, time remaining: 10s
Rendered 2478/2766, time remaining: 10s
Rendered 2479/2766, time remaining: 10s
Rendered 2480/2766, time remaining: 10s
Rendered 2481/2766, time remaining: 10s
Rendered 2482/2766, time remaining: 10s
Rendered 2483/2766, time remaining: 9s
Rendered 2484/2766, time remaining: 10s
Rendered 2485/2766, time remaining: 9s
Rendered 2486/2766, time remaining: 9s
Rendered 2487/2766, time remaining: 10s
Rendered 2488/2766, time remaining: 10s
Rendered 2489/2766, time remaining: 9s
Rendered 2490/2766, time remaining: 9s
Rendered 2491/2766, time remaining: 9s
Rendered 2492/2766, time remaining: 9s
Rendered 2493/2766, time remaining: 9s
Rendered 2494/2766, time remaining: 9s
Rendered 2495/2766, time remaining: 9s
Rendered 2496/2766, time remaining: 9s
Rendered 2497/2766, time remaining: 9s
Rendered 2498/2766, time remaining: 9s
Rendered 2499/2766, time remaining: 9s
Rendered 2500/2766, time remaining: 9s
Rendered 2501/2766, time remaining: 9s
Rendered 2502/2766, time remaining: 9s
Rendered 2503/2766, time remaining: 9s
Rendered 2504/2766, time remaining: 9s
Rendered 2505/2766, time remaining: 9s
Rendered 2506/2766, time remaining: 9s
Rendered 2507/2766, time remaining: 9s
Rendered 2508/2766, time remaining: 9s
Rendered 2509/2766, time remaining: 9s
Rendered 2510/2766, time remaining: 9s
Rendered 2511/2766, time remaining: 9s
Rendered 2512/2766, time remaining: 9s
Rendered 2513/2766, time remaining: 9s
Rendered 2514/2766, time remaining: 9s
Rendered 2515/2766, time remaining: 9s
Rendered 2516/2766, time remaining: 8s
Rendered 2517/2766, time remaining: 8s
Rendered 2518/2766, time remaining: 9s
Rendered 2519/2766, time remaining: 9s
Rendered 2520/2766, time remaining: 8s
Rendered 2521/2766, time remaining: 8s
Rendered 2522/2766, time remaining: 8s
Rendered 2523/2766, time remaining: 8s
Rendered 2524/2766, time remaining: 8s
Rendered 2525/2766, time remaining: 8s
Rendered 2526/2766, time remaining: 8s
Rendered 2527/2766, time remaining: 8s
Rendered 2528/2766, time remaining: 8s
Rendered 2529/2766, time remaining: 8s
Rendered 2530/2766, time remaining: 8s
Rendered 2531/2766, time remaining: 8s
Rendered 2532/2766, time remaining: 8s
Rendered 2533/2766, time remaining: 8s
Rendered 2534/2766, time remaining: 8s
Rendered 2535/2766, time remaining: 8s
Rendered 2536/2766, time remaining: 8s
Rendered 2537/2766, time remaining: 8s
Rendered 2538/2766, time remaining: 8s
Rendered 2539/2766, time remaining: 8s
Rendered 2540/2766, time remaining: 8s
Rendered 2541/2766, time remaining: 8s
Rendered 2542/2766, time remaining: 8s
Rendered 2543/2766, time remaining: 8s
Rendered 2544/2766, time remaining: 8s
Rendered 2545/2766, time remaining: 8s
Rendered 2546/2766, time remaining: 8s
Rendered 2547/2766, time remaining: 8s
Rendered 2548/2766, time remaining: 8s
Rendered 2549/2766, time remaining: 7s
Rendered 2550/2766, time remaining: 7s
Rendered 2551/2766, time remaining: 7s
Rendered 2552/2766, time remaining: 7s
Rendered 2553/2766, time remaining: 7s
Rendered 2554/2766, time remaining: 7s
Rendered 2555/2766, time remaining: 7s
Rendered 2556/2766, time remaining: 7s
Rendered 2557/2766, time remaining: 7s
Rendered 2558/2766, time remaining: 7s
Rendered 2559/2766, time remaining: 7s
Rendered 2560/2766, time remaining: 7s
Rendered 2561/2766, time remaining: 7s
Rendered 2562/2766, time remaining: 7s
Rendered 2563/2766, time remaining: 7s
Rendered 2564/2766, time remaining: 7s
Rendered 2565/2766, time remaining: 7s
Rendered 2566/2766, time remaining: 7s
Rendered 2567/2766, time remaining: 7s
Rendered 2568/2766, time remaining: 7s
Rendered 2569/2766, time remaining: 7s
Rendered 2570/2766, time remaining: 7s
Rendered 2571/2766, time remaining: 7s
Rendered 2572/2766, time remaining: 7s
Rendered 2573/2766, time remaining: 7s
Rendered 2574/2766, time remaining: 7s
Rendered 2575/2766, time remaining: 7s
Rendered 2576/2766, time remaining: 6s
Rendered 2577/2766, time remaining: 6s
Rendered 2578/2766, time remaining: 6s
Rendered 2579/2766, time remaining: 6s
Rendered 2580/2766, time remaining: 6s
Rendered 2581/2766, time remaining: 6s
Rendered 2582/2766, time remaining: 6s
Rendered 2583/2766, time remaining: 6s
Rendered 2584/2766, time remaining: 6s
Rendered 2585/2766, time remaining: 6s
Rendered 2586/2766, time remaining: 6s
Rendered 2587/2766, time remaining: 6s
Rendered 2588/2766, time remaining: 6s
Rendered 2589/2766, time remaining: 6s
Rendered 2590/2766, time remaining: 6s
Rendered 2591/2766, time remaining: 6s
Rendered 2592/2766, time remaining: 6s
Rendered 2593/2766, time remaining: 6s
Rendered 2594/2766, time remaining: 6s
Rendered 2595/2766, time remaining: 6s
Rendered 2596/2766, time remaining: 6s
Rendered 2597/2766, time remaining: 6s
Rendered 2598/2766, time remaining: 6s
Rendered 2599/2766, time remaining: 6s
Rendered 2600/2766, time remaining: 6s
Rendered 2601/2766, time remaining: 6s
Rendered 2602/2766, time remaining: 6s
Rendered 2603/2766, time remaining: 6s
Rendered 2604/2766, time remaining: 5s
Rendered 2605/2766, time remaining: 5s
Rendered 2606/2766, time remaining: 5s
Rendered 2607/2766, time remaining: 5s
Rendered 2608/2766, time remaining: 5s
Rendered 2609/2766, time remaining: 5s
Rendered 2610/2766, time remaining: 5s
Rendered 2611/2766, time remaining: 5s
Rendered 2612/2766, time remaining: 5s
Rendered 2613/2766, time remaining: 5s
Rendered 2614/2766, time remaining: 5s
Rendered 2615/2766, time remaining: 5s
Rendered 2616/2766, time remaining: 5s
Rendered 2617/2766, time remaining: 5s
Rendered 2618/2766, time remaining: 5s
Rendered 2619/2766, time remaining: 5s
Rendered 2620/2766, time remaining: 5s
Rendered 2621/2766, time remaining: 5s
Rendered 2622/2766, time remaining: 5s
Rendered 2623/2766, time remaining: 5s
Rendered 2624/2766, time remaining: 5s
Rendered 2625/2766, time remaining: 5s
Rendered 2626/2766, time remaining: 5s
Rendered 2627/2766, time remaining: 5s
Rendered 2628/2766, time remaining: 5s
Rendered 2629/2766, time remaining: 5s
Rendered 2630/2766, time remaining: 5s
Rendered 2631/2766, time remaining: 4s
Rendered 2632/2766, time remaining: 4s
Rendered 2633/2766, time remaining: 5s
Rendered 2634/2766, time remaining: 4s
Rendered 2635/2766, time remaining: 4s
Rendered 2636/2766, time remaining: 4s
Rendered 2637/2766, time remaining: 4s
Rendered 2638/2766, time remaining: 4s
Rendered 2639/2766, time remaining: 4s
Rendered 2640/2766, time remaining: 4s
Rendered 2641/2766, time remaining: 4s
Rendered 2642/2766, time remaining: 4s
Rendered 2643/2766, time remaining: 4s
Rendered 2644/2766, time remaining: 4s
Rendered 2645/2766, time remaining: 4s
Rendered 2646/2766, time remaining: 4s
Rendered 2647/2766, time remaining: 4s
Rendered 2648/2766, time remaining: 4s
Rendered 2649/2766, time remaining: 4s
Rendered 2650/2766, time remaining: 4s
Rendered 2651/2766, time remaining: 4s
Rendered 2652/2766, time remaining: 4s
Rendered 2653/2766, time remaining: 4s
Rendered 2654/2766, time remaining: 4s
Rendered 2655/2766, time remaining: 4s
Rendered 2656/2766, time remaining: 4s
Rendered 2657/2766, time remaining: 4s
Rendered 2658/2766, time remaining: 4s
Rendered 2659/2766, time remaining: 4s
Rendered 2660/2766, time remaining: 3s
Rendered 2661/2766, time remaining: 3s
Rendered 2662/2766, time remaining: 3s
Rendered 2663/2766, time remaining: 3s
Rendered 2664/2766, time remaining: 3s
Rendered 2665/2766, time remaining: 3s
Rendered 2666/2766, time remaining: 3s
Rendered 2667/2766, time remaining: 3s
Rendered 2668/2766, time remaining: 3s
Rendered 2669/2766, time remaining: 3s
Rendered 2670/2766, time remaining: 3s
Rendered 2671/2766, time remaining: 3s
Rendered 2672/2766, time remaining: 3s
Rendered 2673/2766, time remaining: 3s
Rendered 2674/2766, time remaining: 3s
Rendered 2675/2766, time remaining: 3s
Rendered 2676/2766, time remaining: 3s
Rendered 2677/2766, time remaining: 3s
Rendered 2678/2766, time remaining: 3s
Rendered 2679/2766, time remaining: 3s
Rendered 2680/2766, time remaining: 3s
Rendered 2681/2766, time remaining: 3s
Rendered 2682/2766, time remaining: 3s
Rendered 2683/2766, time remaining: 3s
Rendered 2684/2766, time remaining: 3s
Rendered 2685/2766, time remaining: 3s
Rendered 2686/2766, time remaining: 3s
Rendered 2687/2766, time remaining: 2s
Rendered 2688/2766, time remaining: 2s
Rendered 2689/2766, time remaining: 2s
Rendered 2690/2766, time remaining: 2s
Rendered 2691/2766, time remaining: 2s
Rendered 2692/2766, time remaining: 2s
Rendered 2693/2766, time remaining: 2s
Rendered 2694/2766, time remaining: 2s
Rendered 2695/2766, time remaining: 2s
Rendered 2696/2766, time remaining: 2s
Rendered 2697/2766, time remaining: 2s
Rendered 2698/2766, time remaining: 2s
Rendered 2699/2766, time remaining: 2s
Rendered 2700/2766, time remaining: 2s
Rendered 2701/2766, time remaining: 2s
Rendered 2702/2766, time remaining: 2s
Rendered 2703/2766, time remaining: 2s
Rendered 2704/2766, time remaining: 2s
Rendered 2705/2766, time remaining: 2s
Rendered 2706/2766, time remaining: 2s
Rendered 2707/2766, time remaining: 2s
Rendered 2708/2766, time remaining: 2s
Rendered 2709/2766, time remaining: 2s
Rendered 2710/2766, time remaining: 2s
Rendered 2711/2766, time remaining: 2s
Rendered 2712/2766, time remaining: 2s
Rendered 2713/2766, time remaining: 2s
Rendered 2714/2766, time remaining: 2s
Rendered 2715/2766, time remaining: 2s
Rendered 2716/2766, time remaining: 1s
Rendered 2717/2766, time remaining: 1s
Rendered 2718/2766, time remaining: 1s
Rendered 2719/2766, time remaining: 1s
Rendered 2720/2766, time remaining: 1s
Rendered 2721/2766, time remaining: 1s
Rendered 2722/2766, time remaining: 1s
Rendered 2723/2766, time remaining: 1s
Rendered 2724/2766, time remaining: 1s
Rendered 2725/2766, time remaining: 1s
Rendered 2726/2766, time remaining: 1s
Rendered 2727/2766, time remaining: 1s
Rendered 2728/2766, time remaining: 1s
Rendered 2729/2766, time remaining: 1s
Rendered 2730/2766, time remaining: 1s
Rendered 2731/2766, time remaining: 1s
Rendered 2732/2766, time remaining: 1s
Rendered 2733/2766, time remaining: 1s
Rendered 2734/2766, time remaining: 1s
Rendered 2735/2766, time remaining: 1s
Rendered 2736/2766, time remaining: 1s
Rendered 2737/2766, time remaining: 1s
Rendered 2738/2766, time remaining: 1s
Rendered 2739/2766, time remaining: 1s
Rendered 2740/2766, time remaining: 1s
Rendered 2741/2766, time remaining: 0s
Rendered 2742/2766, time remaining: 0s
Rendered 2743/2766, time remaining: 0s
Rendered 2744/2766, time remaining: 0s
Rendered 2745/2766, time remaining: 0s
Rendered 2746/2766, time remaining: 0s
Rendered 2747/2766, time remaining: 0s
Rendered 2748/2766, time remaining: 0s
Rendered 2749/2766, time remaining: 0s
Rendered 2750/2766, time remaining: 0s
Rendered 2751/2766, time remaining: 0s
Rendered 2752/2766, time remaining: 0s
Rendered 2753/2766, time remaining: 0s
Rendered 2754/2766, time remaining: 0s
Rendered 2755/2766, time remaining: 0s
Rendered 2756/2766, time remaining: 0s
Rendered 2757/2766, time remaining: 0s
Rendered 2758/2766, time remaining: 0s
Rendered 2759/2766, time remaining: 0s
Rendered 2760/2766, time remaining: 0s
Rendered 2761/2766, time remaining: 0s
Rendered 2762/2766, time remaining: 0s
Rendered 2763/2766, time remaining: 0s
Rendered 2764/2766, time remaining: 0s
Rendered 2765/2766, time remaining: 0s
Rendered 2766/2766
Encoded 63/2766
Encoded 164/2766
Encoded 260/2766
Encoded 361/2766
Encoded 454/2766
Encoded 546/2766
Encoded 646/2766
Encoded 732/2766
Encoded 832/2766
Encoded 923/2766
Encoded 1012/2766
Encoded 1103/2766
Encoded 1195/2766
Encoded 1290/2766
Encoded 1378/2766
Encoded 1476/2766
Encoded 1579/2766
Encoded 1667/2766
Encoded 1758/2766
Encoded 1851/2766
Encoded 1949/2766
Encoded 2044/2766
Encoded 2143/2766
Encoded 2248/2766
Encoded 2363/2766
Encoded 2470/2766
Encoded 2578/2766
Encoded 2682/2766
Encoded 2766/2766
+                    ../projects/import-china-india-te/renders/ch29.mp4 11.8 MB
Bundling 6%
Bundling 16%
Bundling 64%
Bundling 70%
Bundling 75%
Bundling 80%
Bundling 85%
Bundling 91%
Bundling 98%
Bundling 100%
Getting composition
Composition          Explainer
Codec                h264
Output               ../projects/import-china-india-te/renders/ch30.mp4
Concurrency          6x
Rendered 0/3073
Rendered 1/3073, time remaining: 30m 6s
Rendered 2/3073, time remaining: 15m 5s
Rendered 3/3073, time remaining: 10m 4s
Rendered 4/3073, time remaining: 7m 42s
Rendered 5/3073, time remaining: 6m 36s
Rendered 6/3073, time remaining: 5m 37s
Rendered 7/3073, time remaining: 5m 34s
Rendered 8/3073, time remaining: 5m 3s
Rendered 9/3073, time remaining: 4m 34s
Rendered 10/3073, time remaining: 4m 13s
Rendered 11/3073, time remaining: 4m 18s
Rendered 12/3073, time remaining: 3m 59s
Rendered 13/3073, time remaining: 3m 43s
Rendered 14/3073, time remaining: 3m 34s
Rendered 15/3073, time remaining: 3m 21s
Rendered 16/3073, time remaining: 3m 10s
Rendered 17/3073, time remaining: 3m 15s
Rendered 18/3073, time remaining: 3m 17s
Rendered 19/3073, time remaining: 3m 8s
Rendered 20/3073, time remaining: 3m 2s
Rendered 21/3073, time remaining: 2m 54s
Rendered 22/3073, time remaining: 2m 47s
Rendered 23/3073, time remaining: 2m 42s
Rendered 24/3073, time remaining: 2m 53s
Rendered 25/3073, time remaining: 2m 49s
Rendered 26/3073, time remaining: 2m 44s
Rendered 27/3073, time remaining: 2m 39s
Rendered 28/3073, time remaining: 2m 34s
Rendered 29/3073, time remaining: 2m 33s
Rendered 30/3073, time remaining: 2m 29s
Rendered 31/3073, time remaining: 2m 36s
Rendered 32/3073, time remaining: 2m 32s
Rendered 33/3073, time remaining: 2m 29s
Rendered 34/3073, time remaining: 2m 26s
Rendered 35/3073, time remaining: 2m 26s
Rendered 36/3073, time remaining: 2m 24s
Rendered 37/3073, time remaining: 2m 25s
Rendered 38/3073, time remaining: 2m 24s
Rendered 39/3073, time remaining: 2m 22s
Rendered 40/3073, time remaining: 2m 21s
Rendered 41/3073, time remaining: 2m 18s
Rendered 42/3073, time remaining: 2m 16s
Rendered 43/3073, time remaining: 2m 21s
Rendered 44/3073, time remaining: 2m 20s
Rendered 45/3073, time remaining: 2m 17s
Rendered 46/3073, time remaining: 2m 15s
Rendered 47/3073, time remaining: 2m 13s
Rendered 48/3073, time remaining: 2m 11s
Rendered 49/3073, time remaining: 2m 9s
Rendered 50/3073, time remaining: 2m 17s
Rendered 51/3073, time remaining: 2m 15s
Rendered 52/3073, time remaining: 2m 13s
Rendered 53/3073, time remaining: 2m 12s
Rendered 54/3073, time remaining: 2m 10s
Rendered 55/3073, time remaining: 2m 8s
Rendered 56/3073, time remaining: 2m 14s
Rendered 57/3073, time remaining: 2m 13s
Rendered 58/3073, time remaining: 2m 11s
Rendered 59/3073, time remaining: 2m 9s
Rendered 60/3073, time remaining: 2m 8s
Rendered 61/3073, time remaining: 2m 8s
Rendered 62/3073, time remaining: 2m 6s
Rendered 63/3073, time remaining: 2m 10s
Rendered 64/3073, time remaining: 2m 8s
Rendered 65/3073, time remaining: 2m 8s
Rendered 66/3073, time remaining: 2m 6s
Rendered 67/3073, time remaining: 2m 5s
Rendered 68/3073, time remaining: 2m 5s
Rendered 69/3073, time remaining: 2m 8s
Rendered 70/3073, time remaining: 2m 6s
Rendered 71/3073, time remaining: 2m 5s
Rendered 72/3073, time remaining: 2m 4s
Rendered 73/3073, time remaining: 2m 3s
Rendered 74/3073, time remaining: 2m 1s
Rendered 75/3073, time remaining: 2m 4s
Rendered 76/3073, time remaining: 2m 3s
Rendered 77/3073, time remaining: 2m 3s
Rendered 78/3073, time remaining: 2m 4s
Rendered 79/3073, time remaining: 2m 2s
Rendered 80/3073, time remaining: 2m 1s
Rendered 81/3073, time remaining: 2m 3s
Rendered 82/3073, time remaining: 2m 2s
Rendered 83/3073, time remaining: 2m 1s
Rendered 84/3073, time remaining: 2m 1s
Rendered 85/3073, time remaining: 1m 59s
Rendered 86/3073, time remaining: 1m 58s
Rendered 87/3073, time remaining: 2m 2s
Rendered 88/3073, time remaining: 2m 1s
Rendered 89/3073, time remaining: 2m 0s
Rendered 90/3073, time remaining: 1m 59s
Rendered 91/3073, time remaining: 1m 59s
Rendered 92/3073, time remaining: 1m 58s
Rendered 93/3073, time remaining: 2m 1s
Rendered 94/3073, time remaining: 2m 0s
Rendered 95/3073, time remaining: 1m 59s
Rendered 96/3073, time remaining: 1m 59s
Rendered 97/3073, time remaining: 1m 58s
Rendered 98/3073, time remaining: 1m 56s
Rendered 99/3073, time remaining: 1m 59s
Rendered 100/3073, time remaining: 1m 59s
Rendered 101/3073, time remaining: 1m 58s
Rendered 102/3073, time remaining: 1m 57s
Rendered 103/3073, time remaining: 1m 56s
Rendered 104/3073, time remaining: 1m 55s
Rendered 105/3073, time remaining: 1m 59s
Rendered 106/3073, time remaining: 1m 58s
Rendered 107/3073, time remaining: 1m 58s
Rendered 108/3073, time remaining: 1m 57s
Rendered 109/3073, time remaining: 1m 56s
Rendered 110/3073, time remaining: 1m 55s
Rendered 111/3073, time remaining: 1m 57s
Rendered 112/3073, time remaining: 1m 56s
Rendered 113/3073, time remaining: 1m 56s
Rendered 114/3073, time remaining: 1m 56s
Rendered 115/3073, time remaining: 1m 55s
Rendered 116/3073, time remaining: 1m 56s
Rendered 117/3073, time remaining: 1m 55s
Rendered 118/3073, time remaining: 1m 55s
Rendered 119/3073, time remaining: 1m 55s
Rendered 120/3073, time remaining: 1m 55s
Rendered 121/3073, time remaining: 1m 54s
Rendered 122/3073, time remaining: 1m 55s
Rendered 123/3073, time remaining: 1m 55s
Rendered 124/3073, time remaining: 1m 54s
Rendered 125/3073, time remaining: 1m 53s
Rendered 126/3073, time remaining: 1m 53s
Rendered 127/3073, time remaining: 1m 52s
Rendered 128/3073, time remaining: 1m 54s
Rendered 129/3073, time remaining: 1m 54s
Rendered 130/3073, time remaining: 1m 54s
Rendered 131/3073, time remaining: 1m 53s
Rendered 132/3073, time remaining: 1m 52s
Rendered 133/3073, time remaining: 1m 52s
Rendered 134/3073, time remaining: 1m 54s
Rendered 135/3073, time remaining: 1m 53s
Rendered 136/3073, time remaining: 1m 53s
Rendered 137/3073, time remaining: 1m 52s
Rendered 138/3073, time remaining: 1m 52s
Rendered 139/3073, time remaining: 1m 52s
Rendered 140/3073, time remaining: 1m 52s
Rendered 141/3073, time remaining: 1m 53s
Rendered 142/3073, time remaining: 1m 53s
Rendered 143/3073, time remaining: 1m 52s
Rendered 144/3073, time remaining: 1m 52s
Rendered 145/3073, time remaining: 1m 51s
Rendered 146/3073, time remaining: 1m 51s
Rendered 147/3073, time remaining: 1m 52s
Rendered 148/3073, time remaining: 1m 52s
Rendered 149/3073, time remaining: 1m 51s
Rendered 150/3073, time remaining: 1m 52s
Rendered 151/3073, time remaining: 1m 41s
Rendered 152/3073, time remaining: 1m 41s
Rendered 153/3073, time remaining: 1m 41s
Rendered 154/3073, time remaining: 1m 41s
Rendered 155/3073, time remaining: 1m 41s
Rendered 156/3073, time remaining: 1m 42s
Rendered 157/3073, time remaining: 1m 42s
Rendered 158/3073, time remaining: 1m 41s
Rendered 159/3073, time remaining: 1m 41s
Rendered 160/3073, time remaining: 1m 41s
Rendered 161/3073, time remaining: 1m 39s
Rendered 162/3073, time remaining: 1m 41s
Rendered 163/3073, time remaining: 1m 42s
Rendered 164/3073, time remaining: 1m 41s
Rendered 165/3073, time remaining: 1m 41s
Rendered 166/3073, time remaining: 1m 42s
Rendered 167/3073, time remaining: 1m 40s
Rendered 168/3073, time remaining: 1m 39s
Rendered 169/3073, time remaining: 1m 41s
Rendered 170/3073, time remaining: 1m 42s
Rendered 171/3073, time remaining: 1m 41s
Rendered 172/3073, time remaining: 1m 42s
Rendered 173/3073, time remaining: 1m 42s
Rendered 174/3073, time remaining: 1m 39s
Rendered 175/3073, time remaining: 1m 40s
Rendered 176/3073, time remaining: 1m 41s
Rendered 177/3073, time remaining: 1m 42s
Rendered 178/3073, time remaining: 1m 41s
Rendered 179/3073, time remaining: 1m 41s
Rendered 180/3073, time remaining: 1m 41s
Rendered 181/3073, time remaining: 1m 39s
Rendered 182/3073, time remaining: 1m 41s
Rendered 183/3073, time remaining: 1m 41s
Rendered 184/3073, time remaining: 1m 41s
Rendered 185/3073, time remaining: 1m 41s
Rendered 186/3073, time remaining: 1m 41s
Rendered 187/3073, time remaining: 1m 39s
Rendered 188/3073, time remaining: 1m 40s
Rendered 189/3073, time remaining: 1m 41s
Rendered 190/3073, time remaining: 1m 41s
Rendered 191/3073, time remaining: 1m 41s
Rendered 192/3073, time remaining: 1m 41s
Rendered 193/3073, time remaining: 1m 40s
Rendered 194/3073, time remaining: 1m 39s
Rendered 195/3073, time remaining: 1m 40s
Rendered 196/3073, time remaining: 1m 40s
Rendered 197/3073, time remaining: 1m 41s
Rendered 198/3073, time remaining: 1m 41s
Rendered 199/3073, time remaining: 1m 42s
Rendered 200/3073, time remaining: 1m 39s
Rendered 201/3073, time remaining: 1m 40s
Rendered 202/3073, time remaining: 1m 40s
Rendered 203/3073, time remaining: 1m 39s
Rendered 204/3073, time remaining: 1m 39s
Rendered 205/3073, time remaining: 1m 41s
Rendered 206/3073, time remaining: 1m 38s
Rendered 207/3073, time remaining: 1m 40s
Rendered 208/3073, time remaining: 1m 40s
Rendered 209/3073, time remaining: 1m 40s
Rendered 210/3073, time remaining: 1m 40s
Rendered 211/3073, time remaining: 1m 39s
Rendered 212/3073, time remaining: 1m 40s
Rendered 213/3073, time remaining: 1m 39s
Rendered 214/3073, time remaining: 1m 40s
Rendered 215/3073, time remaining: 1m 40s
Rendered 216/3073, time remaining: 1m 40s
Rendered 217/3073, time remaining: 1m 40s
Rendered 218/3073, time remaining: 1m 39s
Rendered 219/3073, time remaining: 1m 38s
Rendered 220/3073, time remaining: 1m 41s
Rendered 221/3073, time remaining: 1m 41s
Rendered 222/3073, time remaining: 1m 41s
Rendered 223/3073, time remaining: 1m 41s
Rendered 224/3073, time remaining: 1m 41s
Rendered 225/3073, time remaining: 1m 39s
Rendered 226/3073, time remaining: 1m 42s
Rendered 227/3073, time remaining: 1m 41s
Rendered 228/3073, time remaining: 1m 40s
Rendered 229/3073, time remaining: 1m 41s
Rendered 230/3073, time remaining: 1m 41s
Rendered 231/3073, time remaining: 1m 39s
Rendered 232/3073, time remaining: 1m 42s
Rendered 233/3073, time remaining: 1m 42s
Rendered 234/3073, time remaining: 1m 41s
Rendered 235/3073, time remaining: 1m 42s
Rendered 236/3073, time remaining: 1m 42s
Rendered 237/3073, time remaining: 1m 39s
Rendered 238/3073, time remaining: 1m 39s
Rendered 239/3073, time remaining: 1m 42s
Rendered 240/3073, time remaining: 1m 42s
Rendered 241/3073, time remaining: 1m 41s
Rendered 242/3073, time remaining: 1m 41s
Rendered 243/3073, time remaining: 1m 39s
Rendered 244/3073, time remaining: 1m 39s
Rendered 245/3073, time remaining: 1m 42s
Rendered 246/3073, time remaining: 1m 42s
Rendered 247/3073, time remaining: 1m 42s
Rendered 248/3073, time remaining: 1m 42s
Rendered 249/3073, time remaining: 1m 40s
Rendered 250/3073, time remaining: 1m 40s
Rendered 251/3073, time remaining: 1m 42s
Rendered 252/3073, time remaining: 1m 42s
Rendered 253/3073, time remaining: 1m 42s
Rendered 254/3073, time remaining: 1m 43s
Rendered 255/3073, time remaining: 1m 40s
Rendered 256/3073, time remaining: 1m 40s
Rendered 257/3073, time remaining: 1m 41s
Rendered 258/3073, time remaining: 1m 41s
Rendered 259/3073, time remaining: 1m 42s
Rendered 260/3073, time remaining: 1m 43s
Rendered 261/3073, time remaining: 1m 41s
Rendered 262/3073, time remaining: 1m 41s
Rendered 263/3073, time remaining: 1m 40s
Rendered 264/3073, time remaining: 1m 40s
Rendered 265/3073, time remaining: 1m 42s
Rendered 266/3073, time remaining: 1m 42s
Rendered 267/3073, time remaining: 1m 42s
Rendered 268/3073, time remaining: 1m 42s
Rendered 269/3073, time remaining: 1m 41s
Rendered 270/3073, time remaining: 1m 40s
Rendered 271/3073, time remaining: 1m 40s
Rendered 272/3073, time remaining: 1m 41s
Rendered 273/3073, time remaining: 1m 42s
Rendered 274/3073, time remaining: 1m 42s
Rendered 275/3073, time remaining: 1m 41s
Rendered 276/3073, time remaining: 1m 41s
Rendered 277/3073, time remaining: 1m 42s
Rendered 278/3073, time remaining: 1m 40s
Rendered 279/3073, time remaining: 1m 43s
Rendered 280/3073, time remaining: 1m 42s
Rendered 281/3073, time remaining: 1m 42s
Rendered 282/3073, time remaining: 1m 42s
Rendered 283/3073, time remaining: 1m 42s
Rendered 284/3073, time remaining: 1m 40s
Rendered 285/3073, time remaining: 1m 43s
Rendered 286/3073, time remaining: 1m 43s
Rendered 287/3073, time remaining: 1m 43s
Rendered 288/3073, time remaining: 1m 43s
Rendered 289/3073, time remaining: 1m 42s
Rendered 290/3073, time remaining: 1m 42s
Rendered 291/3073, time remaining: 1m 40s
Rendered 292/3073, time remaining: 1m 43s
Rendered 293/3073, time remaining: 1m 43s
Rendered 294/3073, time remaining: 1m 43s
Rendered 295/3073, time remaining: 1m 42s
Rendered 296/3073, time remaining: 1m 42s
Rendered 297/3073, time remaining: 1m 41s
Rendered 298/3073, time remaining: 1m 43s
Rendered 299/3073, time remaining: 1m 43s
Rendered 300/3073, time remaining: 1m 41s
Rendered 301/3073, time remaining: 1m 41s
Rendered 302/3073, time remaining: 1m 41s
Rendered 303/3073, time remaining: 1m 41s
Rendered 304/3073, time remaining: 1m 43s
Rendered 305/3073, time remaining: 1m 43s
Rendered 306/3073, time remaining: 1m 43s
Rendered 307/3073, time remaining: 1m 41s
Rendered 308/3073, time remaining: 1m 41s
Rendered 309/3073, time remaining: 1m 41s
Rendered 310/3073, time remaining: 1m 41s
Rendered 311/3073, time remaining: 1m 43s
Rendered 312/3073, time remaining: 1m 42s
Rendered 313/3073, time remaining: 1m 41s
Rendered 314/3073, time remaining: 1m 41s
Rendered 315/3073, time remaining: 1m 41s
Rendered 316/3073, time remaining: 1m 41s
Rendered 317/3073, time remaining: 1m 42s
Rendered 318/3073, time remaining: 1m 43s
Rendered 319/3073, time remaining: 1m 42s
Rendered 320/3073, time remaining: 1m 41s
Rendered 321/3073, time remaining: 1m 41s
Rendered 322/3073, time remaining: 1m 41s
Rendered 323/3073, time remaining: 1m 41s
Rendered 324/3073, time remaining: 1m 42s
Rendered 325/3073, time remaining: 1m 43s
Rendered 326/3073, time remaining: 1m 41s
Rendered 327/3073, time remaining: 1m 41s
Rendered 328/3073, time remaining: 1m 41s
Rendered 329/3073, time remaining: 1m 40s
Rendered 330/3073, time remaining: 1m 40s
Rendered 331/3073, time remaining: 1m 43s
Rendered 332/3073, time remaining: 1m 42s
Rendered 333/3073, time remaining: 1m 41s
Rendered 334/3073, time remaining: 1m 41s
Rendered 335/3073, time remaining: 1m 40s
Rendered 336/3073, time remaining: 1m 40s
Rendered 337/3073, time remaining: 1m 43s
Rendered 338/3073, time remaining: 1m 42s
Rendered 339/3073, time remaining: 1m 41s
Rendered 340/3073, time remaining: 1m 41s
Rendered 341/3073, time remaining: 1m 41s
Rendered 342/3073, time remaining: 1m 40s
Rendered 343/3073, time remaining: 1m 42s
Rendered 344/3073, time remaining: 1m 42s
Rendered 345/3073, time remaining: 1m 42s
Rendered 346/3073, time remaining: 1m 41s
Rendered 347/3073, time remaining: 1m 40s
Rendered 348/3073, time remaining: 1m 40s
Rendered 349/3073, time remaining: 1m 40s
Rendered 350/3073, time remaining: 1m 41s
Rendered 351/3073, time remaining: 1m 41s
Rendered 352/3073, time remaining: 1m 41s
Rendered 353/3073, time remaining: 1m 42s
Rendered 354/3073, time remaining: 1m 42s
Rendered 355/3073, time remaining: 1m 40s
Rendered 356/3073, time remaining: 1m 41s
Rendered 357/3073, time remaining: 1m 41s
Rendered 358/3073, time remaining: 1m 41s
Rendered 359/3073, time remaining: 1m 40s
Rendered 360/3073, time remaining: 1m 40s
Rendered 361/3073, time remaining: 1m 40s
Rendered 362/3073, time remaining: 1m 40s
Rendered 363/3073, time remaining: 1m 41s
Rendered 364/3073, time remaining: 1m 39s
Rendered 365/3073, time remaining: 1m 39s
Rendered 366/3073, time remaining: 1m 40s
Rendered 367/3073, time remaining: 1m 40s
Rendered 368/3073, time remaining: 1m 40s
Rendered 369/3073, time remaining: 1m 41s
Rendered 370/3073, time remaining: 1m 38s
Rendered 371/3073, time remaining: 1m 39s
Rendered 372/3073, time remaining: 1m 39s
Rendered 373/3073, time remaining: 1m 39s
Rendered 374/3073, time remaining: 1m 39s
Rendered 375/3073, time remaining: 1m 39s
Rendered 376/3073, time remaining: 1m 36s
Rendered 377/3073, time remaining: 1m 38s
Rendered 378/3073, time remaining: 1m 38s
Rendered 379/3073, time remaining: 1m 38s
Rendered 380/3073, time remaining: 1m 38s
Rendered 381/3073, time remaining: 1m 38s
Rendered 382/3073, time remaining: 1m 36s
Rendered 383/3073, time remaining: 1m 36s
Rendered 384/3073, time remaining: 1m 38s
Rendered 385/3073, time remaining: 1m 38s
Rendered 386/3073, time remaining: 1m 38s
Rendered 387/3073, time remaining: 1m 38s
Rendered 388/3073, time remaining: 1m 38s
Rendered 389/3073, time remaining: 1m 35s
Rendered 390/3073, time remaining: 1m 35s
Rendered 391/3073, time remaining: 1m 37s
Rendered 392/3073, time remaining: 1m 37s
Rendered 393/3073, time remaining: 1m 37s
Rendered 394/3073, time remaining: 1m 37s
Rendered 395/3073, time remaining: 1m 35s
Rendered 396/3073, time remaining: 1m 35s
Rendered 397/3073, time remaining: 1m 36s
Rendered 398/3073, time remaining: 1m 37s
Rendered 399/3073, time remaining: 1m 37s
Rendered 400/3073, time remaining: 1m 37s
Rendered 401/3073, time remaining: 1m 34s
Rendered 402/3073, time remaining: 1m 34s
Rendered 403/3073, time remaining: 1m 34s
Rendered 404/3073, time remaining: 1m 36s
Rendered 405/3073, time remaining: 1m 36s
Rendered 406/3073, time remaining: 1m 36s
Rendered 407/3073, time remaining: 1m 35s
Rendered 408/3073, time remaining: 1m 35s
Rendered 409/3073, time remaining: 1m 34s
Rendered 410/3073, time remaining: 1m 34s
Rendered 411/3073, time remaining: 1m 35s
Rendered 412/3073, time remaining: 1m 35s
Rendered 413/3073, time remaining: 1m 36s
Rendered 414/3073, time remaining: 1m 36s
Rendered 415/3073, time remaining: 1m 35s
Rendered 416/3073, time remaining: 1m 34s
Rendered 417/3073, time remaining: 1m 34s
Rendered 418/3073, time remaining: 1m 34s
Rendered 419/3073, time remaining: 1m 34s
Rendered 420/3073, time remaining: 1m 34s
Rendered 421/3073, time remaining: 1m 36s
Rendered 422/3073, time remaining: 1m 34s
Rendered 423/3073, time remaining: 1m 33s
Rendered 424/3073, time remaining: 1m 35s
Rendered 425/3073, time remaining: 1m 35s
Rendered 426/3073, time remaining: 1m 35s
Rendered 427/3073, time remaining: 1m 34s
Rendered 428/3073, time remaining: 1m 34s
Rendered 429/3073, time remaining: 1m 32s
Rendered 430/3073, time remaining: 1m 33s
Rendered 431/3073, time remaining: 1m 33s
Rendered 432/3073, time remaining: 1m 33s
Rendered 433/3073, time remaining: 1m 35s
Rendered 434/3073, time remaining: 1m 34s
Rendered 435/3073, time remaining: 1m 32s
Rendered 436/3073, time remaining: 1m 31s
Rendered 437/3073, time remaining: 1m 31s
Rendered 438/3073, time remaining: 1m 32s
Rendered 439/3073, time remaining: 1m 34s
Rendered 440/3073, time remaining: 1m 34s
Rendered 441/3073, time remaining: 1m 34s
Rendered 442/3073, time remaining: 1m 31s
Rendered 443/3073, time remaining: 1m 31s
Rendered 444/3073, time remaining: 1m 31s
Rendered 445/3073, time remaining: 1m 32s
Rendered 446/3073, time remaining: 1m 32s
Rendered 447/3073, time remaining: 1m 32s
Rendered 448/3073, time remaining: 1m 31s
Rendered 449/3073, time remaining: 1m 32s
Rendered 450/3073, time remaining: 1m 32s
Rendered 451/3073, time remaining: 1m 32s
Rendered 452/3073, time remaining: 1m 32s
Rendered 453/3073, time remaining: 1m 32s
Rendered 454/3073, time remaining: 1m 32s
Rendered 455/3073, time remaining: 1m 31s
Rendered 456/3073, time remaining: 1m 32s
Rendered 457/3073, time remaining: 1m 31s
Rendered 458/3073, time remaining: 1m 31s
Rendered 459/3073, time remaining: 1m 31s
Rendered 460/3073, time remaining: 1m 32s
Rendered 461/3073, time remaining: 1m 31s
Rendered 462/3073, time remaining: 1m 31s
Rendered 463/3073, time remaining: 1m 31s
Rendered 464/3073, time remaining: 1m 31s
Rendered 465/3073, time remaining: 1m 31s
Rendered 466/3073, time remaining: 1m 32s
Rendered 467/3073, time remaining: 1m 31s
Rendered 468/3073, time remaining: 1m 31s
Rendered 469/3073, time remaining: 1m 31s
Rendered 470/3073, time remaining: 1m 30s
Rendered 471/3073, time remaining: 1m 30s
Rendered 472/3073, time remaining: 1m 31s
Rendered 473/3073, time remaining: 1m 32s
Rendered 474/3073, time remaining: 1m 31s
Rendered 475/3073, time remaining: 1m 30s
Rendered 476/3073, time remaining: 1m 30s
Rendered 477/3073, time remaining: 1m 30s
Rendered 478/3073, time remaining: 1m 30s
Rendered 479/3073, time remaining: 1m 31s
Rendered 480/3073, time remaining: 1m 31s
Rendered 481/3073, time remaining: 1m 30s
Rendered 482/3073, time remaining: 1m 30s
Rendered 483/3073, time remaining: 1m 30s
Rendered 484/3073, time remaining: 1m 30s
Rendered 485/3073, time remaining: 1m 31s
Rendered 486/3073, time remaining: 1m 31s
Rendered 487/3073, time remaining: 1m 29s
Rendered 488/3073, time remaining: 1m 29s
Rendered 489/3073, time remaining: 1m 29s
Rendered 490/3073, time remaining: 1m 29s
Rendered 491/3073, time remaining: 1m 29s
Rendered 492/3073, time remaining: 1m 31s
Rendered 493/3073, time remaining: 1m 29s
Rendered 494/3073, time remaining: 1m 29s
Rendered 495/3073, time remaining: 1m 29s
Rendered 496/3073, time remaining: 1m 30s
Rendered 497/3073, time remaining: 1m 30s
Rendered 498/3073, time remaining: 1m 30s
Rendered 499/3073, time remaining: 1m 29s
Rendered 500/3073, time remaining: 1m 28s
Rendered 501/3073, time remaining: 1m 27s
Rendered 502/3073, time remaining: 1m 28s
Rendered 503/3073, time remaining: 1m 29s
Rendered 504/3073, time remaining: 1m 29s
Rendered 505/3073, time remaining: 1m 29s
Rendered 506/3073, time remaining: 1m 29s
Rendered 507/3073, time remaining: 1m 28s
Rendered 508/3073, time remaining: 1m 28s
Rendered 509/3073, time remaining: 1m 29s
Rendered 510/3073, time remaining: 1m 29s
Rendered 511/3073, time remaining: 1m 29s
Rendered 512/3073, time remaining: 1m 30s
Rendered 513/3073, time remaining: 1m 29s
Rendered 514/3073, time remaining: 1m 29s
Rendered 515/3073, time remaining: 1m 29s
Rendered 516/3073, time remaining: 1m 29s
Rendered 517/3073, time remaining: 1m 28s
Rendered 518/3073, time remaining: 1m 29s
Rendered 519/3073, time remaining: 1m 29s
Rendered 520/3073, time remaining: 1m 29s
Rendered 521/3073, time remaining: 1m 28s
Rendered 522/3073, time remaining: 1m 28s
Rendered 523/3073, time remaining: 1m 28s
Rendered 524/3073, time remaining: 1m 29s
Rendered 525/3073, time remaining: 1m 29s
Rendered 526/3073, time remaining: 1m 29s
Rendered 527/3073, time remaining: 1m 28s
Rendered 528/3073, time remaining: 1m 28s
Rendered 529/3073, time remaining: 1m 28s
Rendered 530/3073, time remaining: 1m 28s
Rendered 531/3073, time remaining: 1m 28s
Rendered 532/3073, time remaining: 1m 30s
Rendered 533/3073, time remaining: 1m 30s
Rendered 534/3073, time remaining: 1m 28s
Rendered 535/3073, time remaining: 1m 28s
Rendered 536/3073, time remaining: 1m 28s
Rendered 537/3073, time remaining: 1m 28s
Rendered 538/3073, time remaining: 1m 28s
Rendered 539/3073, time remaining: 1m 30s
Rendered 540/3073, time remaining: 1m 30s
Rendered 541/3073, time remaining: 1m 28s
Rendered 542/3073, time remaining: 1m 28s
Rendered 543/3073, time remaining: 1m 28s
Rendered 544/3073, time remaining: 1m 28s
Rendered 545/3073, time remaining: 1m 29s
Rendered 546/3073, time remaining: 1m 29s
Rendered 547/3073, time remaining: 1m 28s
Rendered 548/3073, time remaining: 1m 27s
Rendered 549/3073, time remaining: 1m 27s
Rendered 550/3073, time remaining: 1m 28s
Rendered 551/3073, time remaining: 1m 28s
Rendered 552/3073, time remaining: 1m 29s
Rendered 553/3073, time remaining: 1m 29s
Rendered 554/3073, time remaining: 1m 27s
Rendered 555/3073, time remaining: 1m 27s
Rendered 556/3073, time remaining: 1m 27s
Rendered 557/3073, time remaining: 1m 27s
Rendered 558/3073, time remaining: 1m 28s
Rendered 559/3073, time remaining: 1m 29s
Rendered 560/3073, time remaining: 1m 28s
Rendered 561/3073, time remaining: 1m 28s
Rendered 562/3073, time remaining: 1m 27s
Rendered 563/3073, time remaining: 1m 26s
Rendered 564/3073, time remaining: 1m 26s
Rendered 565/3073, time remaining: 1m 28s
Rendered 566/3073, time remaining: 1m 28s
Rendered 567/3073, time remaining: 1m 28s
Rendered 568/3073, time remaining: 1m 29s
Rendered 569/3073, time remaining: 1m 28s
Rendered 570/3073, time remaining: 1m 28s
Rendered 571/3073, time remaining: 1m 27s
Rendered 572/3073, time remaining: 1m 28s
Rendered 573/3073, time remaining: 1m 28s
Rendered 574/3073, time remaining: 1m 27s
Rendered 575/3073, time remaining: 1m 27s
Rendered 576/3073, time remaining: 1m 27s
Rendered 577/3073, time remaining: 1m 28s
Rendered 578/3073, time remaining: 1m 29s
Rendered 579/3073, time remaining: 1m 28s
Rendered 580/3073, time remaining: 1m 27s
Rendered 581/3073, time remaining: 1m 27s
Rendered 582/3073, time remaining: 1m 28s
Rendered 583/3073, time remaining: 1m 27s
Rendered 584/3073, time remaining: 1m 27s
Rendered 585/3073, time remaining: 1m 28s
Rendered 586/3073, time remaining: 1m 29s
Rendered 587/3073, time remaining: 1m 28s
Rendered 588/3073, time remaining: 1m 29s
Rendered 589/3073, time remaining: 1m 27s
Rendered 590/3073, time remaining: 1m 27s
Rendered 591/3073, time remaining: 1m 27s
Rendered 592/3073, time remaining: 1m 27s
Rendered 593/3073, time remaining: 1m 27s
Rendered 594/3073, time remaining: 1m 28s
Rendered 595/3073, time remaining: 1m 28s
Rendered 596/3073, time remaining: 1m 27s
Rendered 597/3073, time remaining: 1m 28s
Rendered 598/3073, time remaining: 1m 28s
Rendered 599/3073, time remaining: 1m 27s
Rendered 600/3073, time remaining: 1m 27s
Rendered 601/3073, time remaining: 1m 27s
Rendered 602/3073, time remaining: 1m 28s
Rendered 603/3073, time remaining: 1m 28s
Rendered 604/3073, time remaining: 1m 27s
Rendered 605/3073, time remaining: 1m 27s
Rendered 606/3073, time remaining: 1m 27s
Rendered 607/3073, time remaining: 1m 27s
Rendered 608/3073, time remaining: 1m 27s
Rendered 609/3073, time remaining: 1m 29s
Rendered 610/3073, time remaining: 1m 27s
Rendered 611/3073, time remaining: 1m 27s
Rendered 612/3073, time remaining: 1m 27s
Rendered 613/3073, time remaining: 1m 27s
Rendered 614/3073, time remaining: 1m 27s
Rendered 615/3073, time remaining: 1m 27s
Rendered 616/3073, time remaining: 1m 28s
Rendered 617/3073, time remaining: 1m 27s
Rendered 618/3073, time remaining: 1m 27s
Rendered 619/3073, time remaining: 1m 27s
Rendered 620/3073, time remaining: 1m 27s
Rendered 621/3073, time remaining: 1m 29s
Rendered 622/3073, time remaining: 1m 29s
Rendered 623/3073, time remaining: 1m 28s
Rendered 624/3073, time remaining: 1m 28s
Rendered 625/3073, time remaining: 1m 27s
Rendered 626/3073, time remaining: 1m 27s
Rendered 627/3073, time remaining: 1m 27s
Rendered 628/3073, time remaining: 1m 28s
Rendered 629/3073, time remaining: 1m 28s
Rendered 630/3073, time remaining: 1m 29s
Rendered 631/3073, time remaining: 1m 27s
Rendered 632/3073, time remaining: 1m 27s
Rendered 633/3073, time remaining: 1m 27s
Rendered 634/3073, time remaining: 1m 28s
Rendered 635/3073, time remaining: 1m 28s
Rendered 636/3073, time remaining: 1m 28s
Rendered 637/3073, time remaining: 1m 29s
Rendered 638/3073, time remaining: 1m 28s
Rendered 639/3073, time remaining: 1m 28s
Rendered 640/3073, time remaining: 1m 28s
Rendered 641/3073, time remaining: 1m 29s
Rendered 642/3073, time remaining: 1m 29s
Rendered 643/3073, time remaining: 1m 28s
Rendered 644/3073, time remaining: 1m 28s
Rendered 645/3073, time remaining: 1m 28s
Rendered 646/3073, time remaining: 1m 27s
Rendered 647/3073, time remaining: 1m 27s
Rendered 648/3073, time remaining: 1m 29s
Rendered 649/3073, time remaining: 1m 29s
Rendered 650/3073, time remaining: 1m 29s
Rendered 651/3073, time remaining: 1m 29s
Rendered 652/3073, time remaining: 1m 29s
Rendered 653/3073, time remaining: 1m 28s
Rendered 654/3073, time remaining: 1m 27s
Rendered 655/3073, time remaining: 1m 29s
Rendered 656/3073, time remaining: 1m 29s
Rendered 657/3073, time remaining: 1m 28s
Rendered 658/3073, time remaining: 1m 29s
Rendered 659/3073, time remaining: 1m 28s
Rendered 660/3073, time remaining: 1m 28s
Rendered 661/3073, time remaining: 1m 28s
Rendered 662/3073, time remaining: 1m 28s
Rendered 663/3073, time remaining: 1m 28s
Rendered 664/3073, time remaining: 1m 29s
Rendered 665/3073, time remaining: 1m 29s
Rendered 666/3073, time remaining: 1m 29s
Rendered 667/3073, time remaining: 1m 29s
Rendered 668/3073, time remaining: 1m 27s
Rendered 669/3073, time remaining: 1m 27s
Rendered 670/3073, time remaining: 1m 29s
Rendered 671/3073, time remaining: 1m 28s
Rendered 672/3073, time remaining: 1m 28s
Rendered 673/3073, time remaining: 1m 29s
Rendered 674/3073, time remaining: 1m 28s
Rendered 675/3073, time remaining: 1m 28s
Rendered 676/3073, time remaining: 1m 29s
Rendered 677/3073, time remaining: 1m 28s
Rendered 678/3073, time remaining: 1m 28s
Rendered 679/3073, time remaining: 1m 28s
Rendered 680/3073, time remaining: 1m 27s
Rendered 681/3073, time remaining: 1m 29s
Rendered 682/3073, time remaining: 1m 28s
Rendered 683/3073, time remaining: 1m 28s
Rendered 684/3073, time remaining: 1m 28s
Rendered 685/3073, time remaining: 1m 27s
Rendered 686/3073, time remaining: 1m 27s
Rendered 687/3073, time remaining: 1m 29s
Rendered 688/3073, time remaining: 1m 29s
Rendered 689/3073, time remaining: 1m 28s
Rendered 690/3073, time remaining: 1m 28s
Rendered 691/3073, time remaining: 1m 27s
Rendered 692/3073, time remaining: 1m 27s
Rendered 693/3073, time remaining: 1m 29s
Rendered 694/3073, time remaining: 1m 29s
Rendered 695/3073, time remaining: 1m 28s
Rendered 696/3073, time remaining: 1m 27s
Rendered 697/3073, time remaining: 1m 28s
Rendered 698/3073, time remaining: 1m 27s
Rendered 699/3073, time remaining: 1m 27s
Rendered 700/3073, time remaining: 1m 28s
Rendered 701/3073, time remaining: 1m 28s
Rendered 702/3073, time remaining: 1m 27s
Rendered 703/3073, time remaining: 1m 27s
Rendered 704/3073, time remaining: 1m 27s
Rendered 705/3073, time remaining: 1m 27s
Rendered 706/3073, time remaining: 1m 27s
Rendered 707/3073, time remaining: 1m 29s
Rendered 708/3073, time remaining: 1m 28s
Rendered 709/3073, time remaining: 1m 27s
Rendered 710/3073, time remaining: 1m 27s
Rendered 711/3073, time remaining: 1m 27s
Rendered 712/3073, time remaining: 1m 27s
Rendered 713/3073, time remaining: 1m 29s
Rendered 714/3073, time remaining: 1m 29s
Rendered 715/3073, time remaining: 1m 27s
Rendered 716/3073, time remaining: 1m 26s
Rendered 717/3073, time remaining: 1m 26s
Rendered 718/3073, time remaining: 1m 26s
Rendered 719/3073, time remaining: 1m 28s
Rendered 720/3073, time remaining: 1m 28s
Rendered 721/3073, time remaining: 1m 27s
Rendered 722/3073, time remaining: 1m 26s
Rendered 723/3073, time remaining: 1m 26s
Rendered 724/3073, time remaining: 1m 27s
Rendered 725/3073, time remaining: 1m 26s
Rendered 726/3073, time remaining: 1m 26s
Rendered 727/3073, time remaining: 1m 27s
Rendered 728/3073, time remaining: 1m 26s
Rendered 729/3073, time remaining: 1m 27s
Rendered 730/3073, time remaining: 1m 26s
Rendered 731/3073, time remaining: 1m 26s
Rendered 732/3073, time remaining: 1m 25s
Rendered 733/3073, time remaining: 1m 26s
Rendered 734/3073, time remaining: 1m 26s
Rendered 735/3073, time remaining: 1m 26s
Rendered 736/3073, time remaining: 1m 25s
Rendered 737/3073, time remaining: 1m 25s
Rendered 738/3073, time remaining: 1m 24s
Rendered 739/3073, time remaining: 1m 25s
Rendered 740/3073, time remaining: 1m 25s
Rendered 741/3073, time remaining: 1m 25s
Rendered 742/3073, time remaining: 1m 25s
Rendered 743/3073, time remaining: 1m 26s
Rendered 744/3073, time remaining: 1m 25s
Rendered 745/3073, time remaining: 1m 25s
Rendered 746/3073, time remaining: 1m 25s
Rendered 747/3073, time remaining: 1m 24s
Rendered 748/3073, time remaining: 1m 24s
Rendered 749/3073, time remaining: 1m 26s
Rendered 750/3073, time remaining: 1m 25s
Rendered 751/3073, time remaining: 1m 25s
Rendered 752/3073, time remaining: 1m 25s
Rendered 753/3073, time remaining: 1m 24s
Rendered 754/3073, time remaining: 1m 24s
Rendered 755/3073, time remaining: 1m 25s
Rendered 756/3073, time remaining: 1m 25s
Rendered 757/3073, time remaining: 1m 25s
Rendered 758/3073, time remaining: 1m 25s
Rendered 759/3073, time remaining: 1m 23s
Rendered 760/3073, time remaining: 1m 23s
Rendered 761/3073, time remaining: 1m 24s
Rendered 762/3073, time remaining: 1m 25s
Rendered 763/3073, time remaining: 1m 25s
Rendered 764/3073, time remaining: 1m 25s
Rendered 765/3073, time remaining: 1m 25s
Rendered 766/3073, time remaining: 1m 23s
Rendered 767/3073, time remaining: 1m 23s
Rendered 768/3073, time remaining: 1m 25s
Rendered 769/3073, time remaining: 1m 24s
Rendered 770/3073, time remaining: 1m 24s
Rendered 771/3073, time remaining: 1m 23s
Rendered 772/3073, time remaining: 1m 23s
Rendered 773/3073, time remaining: 1m 22s
Rendered 774/3073, time remaining: 1m 24s
Rendered 775/3073, time remaining: 1m 24s
Rendered 776/3073, time remaining: 1m 24s
Rendered 777/3073, time remaining: 1m 23s
Rendered 778/3073, time remaining: 1m 22s
Rendered 779/3073, time remaining: 1m 22s
Rendered 780/3073, time remaining: 1m 22s
Rendered 781/3073, time remaining: 1m 23s
Rendered 782/3073, time remaining: 1m 24s
Rendered 783/3073, time remaining: 1m 23s
Rendered 784/3073, time remaining: 1m 22s
Rendered 785/3073, time remaining: 1m 21s
Rendered 786/3073, time remaining: 1m 21s
Rendered 787/3073, time remaining: 1m 22s
Rendered 788/3073, time remaining: 1m 22s
Rendered 789/3073, time remaining: 1m 22s
Rendered 790/3073, time remaining: 1m 23s
Rendered 791/3073, time remaining: 1m 21s
Rendered 792/3073, time remaining: 1m 20s
Rendered 793/3073, time remaining: 1m 22s
Rendered 794/3073, time remaining: 1m 22s
Rendered 795/3073, time remaining: 1m 22s
Rendered 796/3073, time remaining: 1m 23s
Rendered 797/3073, time remaining: 1m 22s
Rendered 798/3073, time remaining: 1m 21s
Rendered 799/3073, time remaining: 1m 21s
Rendered 800/3073, time remaining: 1m 20s
Rendered 801/3073, time remaining: 1m 20s
Rendered 802/3073, time remaining: 1m 21s
Rendered 803/3073, time remaining: 1m 22s
Rendered 804/3073, time remaining: 1m 22s
Rendered 805/3073, time remaining: 1m 20s
Rendered 806/3073, time remaining: 1m 19s
Rendered 807/3073, time remaining: 1m 19s
Rendered 808/3073, time remaining: 1m 21s
Rendered 809/3073, time remaining: 1m 21s
Rendered 810/3073, time remaining: 1m 21s
Rendered 811/3073, time remaining: 1m 20s
Rendered 812/3073, time remaining: 1m 19s
Rendered 813/3073, time remaining: 1m 19s
Rendered 814/3073, time remaining: 1m 20s
Rendered 815/3073, time remaining: 1m 20s
Rendered 816/3073, time remaining: 1m 20s
Rendered 817/3073, time remaining: 1m 20s
Rendered 818/3073, time remaining: 1m 20s
Rendered 819/3073, time remaining: 1m 20s
Rendered 820/3073, time remaining: 1m 19s
Rendered 821/3073, time remaining: 1m 20s
Rendered 822/3073, time remaining: 1m 20s
Rendered 823/3073, time remaining: 1m 20s
Rendered 824/3073, time remaining: 1m 20s
Rendered 825/3073, time remaining: 1m 19s
Rendered 826/3073, time remaining: 1m 18s
Rendered 827/3073, time remaining: 1m 20s
Rendered 828/3073, time remaining: 1m 20s
Rendered 829/3073, time remaining: 1m 20s
Rendered 830/3073, time remaining: 1m 20s
Rendered 831/3073, time remaining: 1m 18s
Rendered 832/3073, time remaining: 1m 18s
Rendered 833/3073, time remaining: 1m 20s
Rendered 834/3073, time remaining: 1m 20s
Rendered 835/3073, time remaining: 1m 20s
Rendered 836/3073, time remaining: 1m 20s
Rendered 837/3073, time remaining: 1m 18s
Rendered 838/3073, time remaining: 1m 17s
Rendered 839/3073, time remaining: 1m 18s
Rendered 840/3073, time remaining: 1m 19s
Rendered 841/3073, time remaining: 1m 19s
Rendered 842/3073, time remaining: 1m 19s
Rendered 843/3073, time remaining: 1m 18s
Rendered 844/3073, time remaining: 1m 18s
Rendered 845/3073, time remaining: 1m 17s
Rendered 846/3073, time remaining: 1m 18s
Rendered 847/3073, time remaining: 1m 19s
Rendered 848/3073, time remaining: 1m 19s
Rendered 849/3073, time remaining: 1m 19s
Rendered 850/3073, time remaining: 1m 17s
Rendered 851/3073, time remaining: 1m 18s
Rendered 852/3073, time remaining: 1m 18s
Rendered 853/3073, time remaining: 1m 18s
Rendered 854/3073, time remaining: 1m 18s
Rendered 855/3073, time remaining: 1m 18s
Rendered 856/3073, time remaining: 1m 18s
Rendered 857/3073, time remaining: 1m 18s
Rendered 858/3073, time remaining: 1m 17s
Rendered 859/3073, time remaining: 1m 17s
Rendered 860/3073, time remaining: 1m 18s
Rendered 861/3073, time remaining: 1m 17s
Rendered 862/3073, time remaining: 1m 17s
Rendered 863/3073, time remaining: 1m 17s
Rendered 864/3073, time remaining: 1m 17s
Rendered 865/3073, time remaining: 1m 17s
Rendered 866/3073, time remaining: 1m 17s
Rendered 867/3073, time remaining: 1m 17s
Rendered 868/3073, time remaining: 1m 17s
Rendered 869/3073, time remaining: 1m 17s
Rendered 870/3073, time remaining: 1m 17s
Rendered 871/3073, time remaining: 1m 17s
Rendered 872/3073, time remaining: 1m 17s
Rendered 873/3073, time remaining: 1m 17s
Rendered 874/3073, time remaining: 1m 16s
Rendered 875/3073, time remaining: 1m 19s
Rendered 876/3073, time remaining: 1m 18s
Rendered 877/3073, time remaining: 1m 17s
Rendered 878/3073, time remaining: 1m 17s
Rendered 879/3073, time remaining: 1m 16s
Rendered 880/3073, time remaining: 1m 16s
Rendered 881/3073, time remaining: 1m 18s
Rendered 882/3073, time remaining: 1m 18s
Rendered 883/3073, time remaining: 1m 17s
Rendered 884/3073, time remaining: 1m 17s
Rendered 885/3073, time remaining: 1m 17s
Rendered 886/3073, time remaining: 1m 16s
Rendered 887/3073, time remaining: 1m 19s
Rendered 888/3073, time remaining: 1m 18s
Rendered 889/3073, time remaining: 1m 18s
Rendered 890/3073, time remaining: 1m 17s
Rendered 891/3073, time remaining: 1m 17s
Rendered 892/3073, time remaining: 1m 17s
Rendered 893/3073, time remaining: 1m 17s
Rendered 894/3073, time remaining: 1m 17s
Rendered 895/3073, time remaining: 1m 17s
Rendered 896/3073, time remaining: 1m 17s
Rendered 897/3073, time remaining: 1m 17s
Rendered 898/3073, time remaining: 1m 17s
Rendered 899/3073, time remaining: 1m 16s
Rendered 900/3073, time remaining: 1m 17s
Rendered 901/3073, time remaining: 1m 17s
Rendered 902/3073, time remaining: 1m 17s
Rendered 903/3073, time remaining: 1m 17s
Rendered 904/3073, time remaining: 1m 17s
Rendered 905/3073, time remaining: 1m 16s
Rendered 906/3073, time remaining: 1m 16s
Rendered 907/3073, time remaining: 1m 16s
Rendered 908/3073, time remaining: 1m 16s
Rendered 909/3073, time remaining: 1m 17s
Rendered 910/3073, time remaining: 1m 17s
Rendered 911/3073, time remaining: 1m 16s
Rendered 912/3073, time remaining: 1m 16s
Rendered 913/3073, time remaining: 1m 15s
Rendered 914/3073, time remaining: 1m 15s
Rendered 915/3073, time remaining: 1m 17s
Rendered 916/3073, time remaining: 1m 16s
Rendered 917/3073, time remaining: 1m 17s
Rendered 918/3073, time remaining: 1m 15s
Rendered 919/3073, time remaining: 1m 15s
Rendered 920/3073, time remaining: 1m 15s
Rendered 921/3073, time remaining: 1m 16s
Rendered 922/3073, time remaining: 1m 16s
Rendered 923/3073, time remaining: 1m 17s
Rendered 924/3073, time remaining: 1m 15s
Rendered 925/3073, time remaining: 1m 15s
Rendered 926/3073, time remaining: 1m 15s
Rendered 927/3073, time remaining: 1m 15s
Rendered 928/3073, time remaining: 1m 16s
Rendered 929/3073, time remaining: 1m 16s
Rendered 930/3073, time remaining: 1m 16s
Rendered 931/3073, time remaining: 1m 14s
Rendered 932/3073, time remaining: 1m 15s
Rendered 933/3073, time remaining: 1m 15s
Rendered 934/3073, time remaining: 1m 15s
Rendered 935/3073, time remaining: 1m 16s
Rendered 936/3073, time remaining: 1m 16s
Rendered 937/3073, time remaining: 1m 14s
Rendered 938/3073, time remaining: 1m 14s
Rendered 939/3073, time remaining: 1m 15s
Rendered 940/3073, time remaining: 1m 15s
Rendered 941/3073, time remaining: 1m 15s
Rendered 942/3073, time remaining: 1m 15s
Rendered 943/3073, time remaining: 1m 14s
Rendered 944/3073, time remaining: 1m 15s
Rendered 945/3073, time remaining: 1m 15s
Rendered 946/3073, time remaining: 1m 14s
Rendered 947/3073, time remaining: 1m 14s
Rendered 948/3073, time remaining: 1m 14s
Rendered 949/3073, time remaining: 1m 13s
Rendered 950/3073, time remaining: 1m 15s
Rendered 951/3073, time remaining: 1m 15s
Rendered 952/3073, time remaining: 1m 14s
Rendered 953/3073, time remaining: 1m 14s
Rendered 954/3073, time remaining: 1m 14s
Rendered 955/3073, time remaining: 1m 14s
Rendered 956/3073, time remaining: 1m 16s
Rendered 957/3073, time remaining: 1m 15s
Rendered 958/3073, time remaining: 1m 14s
Rendered 959/3073, time remaining: 1m 14s
Rendered 960/3073, time remaining: 1m 14s
Rendered 961/3073, time remaining: 1m 14s
Rendered 962/3073, time remaining: 1m 15s
Rendered 963/3073, time remaining: 1m 15s
Rendered 964/3073, time remaining: 1m 13s
Rendered 965/3073, time remaining: 1m 13s
Rendered 966/3073, time remaining: 1m 13s
Rendered 967/3073, time remaining: 1m 13s
Rendered 968/3073, time remaining: 1m 14s
Rendered 969/3073, time remaining: 1m 15s
Rendered 970/3073, time remaining: 1m 14s
Rendered 971/3073, time remaining: 1m 13s
Rendered 972/3073, time remaining: 1m 13s
Rendered 973/3073, time remaining: 1m 13s
Rendered 974/3073, time remaining: 1m 15s
Rendered 975/3073, time remaining: 1m 14s
Rendered 976/3073, time remaining: 1m 15s
Rendered 977/3073, time remaining: 1m 13s
Rendered 978/3073, time remaining: 1m 13s
Rendered 979/3073, time remaining: 1m 13s
Rendered 980/3073, time remaining: 1m 14s
Rendered 981/3073, time remaining: 1m 14s
Rendered 982/3073, time remaining: 1m 15s
Rendered 983/3073, time remaining: 1m 13s
Rendered 984/3073, time remaining: 1m 13s
Rendered 985/3073, time remaining: 1m 13s
Rendered 986/3073, time remaining: 1m 13s
Rendered 987/3073, time remaining: 1m 13s
Rendered 988/3073, time remaining: 1m 14s
Rendered 989/3073, time remaining: 1m 14s
Rendered 990/3073, time remaining: 1m 13s
Rendered 991/3073, time remaining: 1m 13s
Rendered 992/3073, time remaining: 1m 13s
Rendered 993/3073, time remaining: 1m 13s
Rendered 994/3073, time remaining: 1m 13s
Rendered 995/3073, time remaining: 1m 13s
Rendered 996/3073, time remaining: 1m 13s
Rendered 997/3073, time remaining: 1m 13s
Rendered 998/3073, time remaining: 1m 13s
Rendered 999/3073, time remaining: 1m 13s
Rendered 1000/3073, time remaining: 1m 13s
Rendered 1001/3073, time remaining: 1m 12s
Rendered 1002/3073, time remaining: 1m 12s
Rendered 1003/3073, time remaining: 1m 14s
Rendered 1004/3073, time remaining: 1m 14s
Rendered 1005/3073, time remaining: 1m 14s
Rendered 1006/3073, time remaining: 1m 13s
Rendered 1007/3073, time remaining: 1m 12s
Rendered 1008/3073, time remaining: 1m 12s
Rendered 1009/3073, time remaining: 1m 13s
Rendered 1010/3073, time remaining: 1m 13s
Rendered 1011/3073, time remaining: 1m 14s
Rendered 1012/3073, time remaining: 1m 14s
Rendered 1013/3073, time remaining: 1m 13s
Rendered 1014/3073, time remaining: 1m 13s
Rendered 1015/3073, time remaining: 1m 12s
Rendered 1016/3073, time remaining: 1m 12s
Rendered 1017/3073, time remaining: 1m 14s
Rendered 1018/3073, time remaining: 1m 14s
Rendered 1019/3073, time remaining: 1m 13s
Rendered 1020/3073, time remaining: 1m 13s
Rendered 1021/3073, time remaining: 1m 13s
Rendered 1022/3073, time remaining: 1m 13s
Rendered 1023/3073, time remaining: 1m 13s
Rendered 1024/3073, time remaining: 1m 13s
Rendered 1025/3073, time remaining: 1m 11s
Rendered 1026/3073, time remaining: 1m 13s
Rendered 1027/3073, time remaining: 1m 13s
Rendered 1028/3073, time remaining: 1m 13s
Rendered 1029/3073, time remaining: 1m 13s
Rendered 1030/3073, time remaining: 1m 12s
Rendered 1031/3073, time remaining: 1m 11s
Rendered 1032/3073, time remaining: 1m 12s
Rendered 1033/3073, time remaining: 1m 13s
Rendered 1034/3073, time remaining: 1m 13s
Rendered 1035/3073, time remaining: 1m 12s
Rendered 1036/3073, time remaining: 1m 12s
Rendered 1037/3073, time remaining: 1m 11s
Rendered 1038/3073, time remaining: 1m 11s
Rendered 1039/3073, time remaining: 1m 12s
Rendered 1040/3073, time remaining: 1m 13s
Rendered 1041/3073, time remaining: 1m 13s
Rendered 1042/3073, time remaining: 1m 13s
Rendered 1043/3073, time remaining: 1m 11s
Rendered 1044/3073, time remaining: 1m 11s
Rendered 1045/3073, time remaining: 1m 12s
Rendered 1046/3073, time remaining: 1m 12s
Rendered 1047/3073, time remaining: 1m 12s
Rendered 1048/3073, time remaining: 1m 13s
Rendered 1049/3073, time remaining: 1m 12s
Rendered 1050/3073, time remaining: 1m 12s
Rendered 1051/3073, time remaining: 1m 12s
Rendered 1052/3073, time remaining: 1m 12s
Rendered 1053/3073, time remaining: 1m 11s
Rendered 1054/3073, time remaining: 1m 11s
Rendered 1055/3073, time remaining: 1m 12s
Rendered 1056/3073, time remaining: 1m 12s
Rendered 1057/3073, time remaining: 1m 12s
Rendered 1058/3073, time remaining: 1m 12s
Rendered 1059/3073, time remaining: 1m 11s
Rendered 1060/3073, time remaining: 1m 12s
Rendered 1061/3073, time remaining: 1m 13s
Rendered 1062/3073, time remaining: 1m 12s
Rendered 1063/3073, time remaining: 1m 12s
Rendered 1064/3073, time remaining: 1m 13s
Rendered 1065/3073, time remaining: 1m 11s
Rendered 1066/3073, time remaining: 1m 11s
Rendered 1067/3073, time remaining: 1m 13s
Rendered 1068/3073, time remaining: 1m 12s
Rendered 1069/3073, time remaining: 1m 12s
Rendered 1070/3073, time remaining: 1m 13s
Rendered 1071/3073, time remaining: 1m 11s
Rendered 1072/3073, time remaining: 1m 11s
Rendered 1073/3073, time remaining: 1m 12s
Rendered 1074/3073, time remaining: 1m 12s
Rendered 1075/3073, time remaining: 1m 13s
Rendered 1076/3073, time remaining: 1m 13s
Rendered 1077/3073, time remaining: 1m 12s
Rendered 1078/3073, time remaining: 1m 11s
Rendered 1079/3073, time remaining: 1m 11s
Rendered 1080/3073, time remaining: 1m 13s
Rendered 1081/3073, time remaining: 1m 13s
Rendered 1082/3073, time remaining: 1m 12s
Rendered 1083/3073, time remaining: 1m 12s
Rendered 1084/3073, time remaining: 1m 11s
Rendered 1085/3073, time remaining: 1m 11s
Rendered 1086/3073, time remaining: 1m 13s
Rendered 1087/3073, time remaining: 1m 12s
Rendered 1088/3073, time remaining: 1m 13s
Rendered 1089/3073, time remaining: 1m 12s
Rendered 1090/3073, time remaining: 1m 12s
Rendered 1091/3073, time remaining: 1m 12s
Rendered 1092/3073, time remaining: 1m 12s
Rendered 1093/3073, time remaining: 1m 12s
Rendered 1094/3073, time remaining: 1m 12s
Rendered 1095/3073, time remaining: 1m 12s
Rendered 1096/3073, time remaining: 1m 12s
Rendered 1097/3073, time remaining: 1m 12s
Rendered 1098/3073, time remaining: 1m 12s
Rendered 1099/3073, time remaining: 1m 13s
Rendered 1100/3073, time remaining: 1m 12s
Rendered 1101/3073, time remaining: 1m 12s
Rendered 1102/3073, time remaining: 1m 12s
Rendered 1103/3073, time remaining: 1m 11s
Rendered 1104/3073, time remaining: 1m 12s
Rendered 1105/3073, time remaining: 1m 12s
Rendered 1106/3073, time remaining: 1m 12s
Rendered 1107/3073, time remaining: 1m 12s
Rendered 1108/3073, time remaining: 1m 12s
Rendered 1109/3073, time remaining: 1m 12s
Rendered 1110/3073, time remaining: 1m 11s
Rendered 1111/3073, time remaining: 1m 12s
Rendered 1112/3073, time remaining: 1m 11s
Rendered 1113/3073, time remaining: 1m 12s
Rendered 1114/3073, time remaining: 1m 12s
Rendered 1115/3073, time remaining: 1m 12s
Rendered 1116/3073, time remaining: 1m 12s
Rendered 1117/3073, time remaining: 1m 12s
Rendered 1118/3073, time remaining: 1m 10s
Rendered 1119/3073, time remaining: 1m 12s
Rendered 1120/3073, time remaining: 1m 12s
Rendered 1121/3073, time remaining: 1m 11s
Rendered 1122/3073, time remaining: 1m 11s
Rendered 1123/3073, time remaining: 1m 11s
Rendered 1124/3073, time remaining: 1m 10s
Rendered 1125/3073, time remaining: 1m 11s
Rendered 1126/3073, time remaining: 1m 11s
Rendered 1127/3073, time remaining: 1m 11s
Rendered 1128/3073, time remaining: 1m 12s
Rendered 1129/3073, time remaining: 1m 11s
Rendered 1130/3073, time remaining: 1m 10s
Rendered 1131/3073, time remaining: 1m 10s
Rendered 1132/3073, time remaining: 1m 11s
Rendered 1133/3073, time remaining: 1m 11s
Rendered 1134/3073, time remaining: 1m 11s
Rendered 1135/3073, time remaining: 1m 11s
Rendered 1136/3073, time remaining: 1m 11s
Rendered 1137/3073, time remaining: 1m 11s
Rendered 1138/3073, time remaining: 1m 10s
Rendered 1139/3073, time remaining: 1m 10s
Rendered 1140/3073, time remaining: 1m 11s
Rendered 1141/3073, time remaining: 1m 11s
Rendered 1142/3073, time remaining: 1m 10s
Rendered 1143/3073, time remaining: 1m 10s
Rendered 1144/3073, time remaining: 1m 11s
Rendered 1145/3073, time remaining: 1m 12s
Rendered 1146/3073, time remaining: 1m 12s
Rendered 1147/3073, time remaining: 1m 10s
Rendered 1148/3073, time remaining: 1m 11s
Rendered 1149/3073, time remaining: 1m 10s
Rendered 1150/3073, time remaining: 1m 11s
Rendered 1151/3073, time remaining: 1m 11s
Rendered 1152/3073, time remaining: 1m 12s
Rendered 1153/3073, time remaining: 1m 10s
Rendered 1154/3073, time remaining: 1m 10s
Rendered 1155/3073, time remaining: 1m 10s
Rendered 1156/3073, time remaining: 1m 10s
Rendered 1157/3073, time remaining: 1m 10s
Rendered 1158/3073, time remaining: 1m 12s
Rendered 1159/3073, time remaining: 1m 10s
Rendered 1160/3073, time remaining: 1m 11s
Rendered 1161/3073, time remaining: 1m 9s
Rendered 1162/3073, time remaining: 1m 9s
Rendered 1163/3073, time remaining: 1m 9s
Rendered 1164/3073, time remaining: 1m 11s
Rendered 1165/3073, time remaining: 1m 11s
Rendered 1166/3073, time remaining: 1m 11s
Rendered 1167/3073, time remaining: 1m 9s
Rendered 1168/3073, time remaining: 1m 10s
Rendered 1169/3073, time remaining: 1m 9s
Rendered 1170/3073, time remaining: 1m 10s
Rendered 1171/3073, time remaining: 1m 10s
Rendered 1172/3073, time remaining: 1m 10s
Rendered 1173/3073, time remaining: 1m 10s
Rendered 1174/3073, time remaining: 1m 10s
Rendered 1175/3073, time remaining: 1m 9s
Rendered 1176/3073, time remaining: 1m 10s
Rendered 1177/3073, time remaining: 1m 10s
Rendered 1178/3073, time remaining: 1m 10s
Rendered 1179/3073, time remaining: 1m 10s
Rendered 1180/3073, time remaining: 1m 10s
Rendered 1181/3073, time remaining: 1m 9s
Rendered 1182/3073, time remaining: 1m 9s
Rendered 1183/3073, time remaining: 1m 9s
Rendered 1184/3073, time remaining: 1m 9s
Rendered 1185/3073, time remaining: 1m 9s
Rendered 1186/3073, time remaining: 1m 10s
Rendered 1187/3073, time remaining: 1m 9s
Rendered 1188/3073, time remaining: 1m 10s
Rendered 1189/3073, time remaining: 1m 9s
Rendered 1190/3073, time remaining: 1m 9s
Rendered 1191/3073, time remaining: 1m 9s
Rendered 1192/3073, time remaining: 1m 9s
Rendered 1193/3073, time remaining: 1m 9s
Rendered 1194/3073, time remaining: 1m 10s
Rendered 1195/3073, time remaining: 1m 9s
Rendered 1196/3073, time remaining: 1m 8s
Rendered 1197/3073, time remaining: 1m 9s
Rendered 1198/3073, time remaining: 1m 8s
Rendered 1199/3073, time remaining: 1m 7s
Rendered 1200/3073, time remaining: 1m 8s
Rendered 1201/3073, time remaining: 1m 8s
Rendered 1202/3073, time remaining: 1m 9s
Rendered 1203/3073, time remaining: 1m 9s
Rendered 1204/3073, time remaining: 1m 9s
Rendered 1205/3073, time remaining: 1m 7s
Rendered 1206/3073, time remaining: 1m 8s
Rendered 1207/3073, time remaining: 1m 8s
Rendered 1208/3073, time remaining: 1m 8s
Rendered 1209/3073, time remaining: 1m 9s
Rendered 1210/3073, time remaining: 1m 8s
Rendered 1211/3073, time remaining: 1m 7s
Rendered 1212/3073, time remaining: 1m 7s
Rendered 1213/3073, time remaining: 1m 8s
Rendered 1214/3073, time remaining: 1m 7s
Rendered 1215/3073, time remaining: 1m 8s
Rendered 1216/3073, time remaining: 1m 8s
Rendered 1217/3073, time remaining: 1m 7s
Rendered 1218/3073, time remaining: 1m 7s
Rendered 1219/3073, time remaining: 1m 7s
Rendered 1220/3073, time remaining: 1m 7s
Rendered 1221/3073, time remaining: 1m 8s
Rendered 1222/3073, time remaining: 1m 8s
Rendered 1223/3073, time remaining: 1m 7s
Rendered 1224/3073, time remaining: 1m 7s
Rendered 1225/3073, time remaining: 1m 6s
Rendered 1226/3073, time remaining: 1m 6s
Rendered 1227/3073, time remaining: 1m 7s
Rendered 1228/3073, time remaining: 1m 7s
Rendered 1229/3073, time remaining: 1m 8s
Rendered 1230/3073, time remaining: 1m 6s
Rendered 1231/3073, time remaining: 1m 6s
Rendered 1232/3073, time remaining: 1m 6s
Rendered 1233/3073, time remaining: 1m 6s
Rendered 1234/3073, time remaining: 1m 7s
Rendered 1235/3073, time remaining: 1m 8s
Rendered 1236/3073, time remaining: 1m 6s
Rendered 1237/3073, time remaining: 1m 6s
Rendered 1238/3073, time remaining: 1m 6s
Rendered 1239/3073, time remaining: 1m 6s
Rendered 1240/3073, time remaining: 1m 6s
Rendered 1241/3073, time remaining: 1m 7s
Rendered 1242/3073, time remaining: 1m 6s
Rendered 1243/3073, time remaining: 1m 7s
Rendered 1244/3073, time remaining: 1m 6s
Rendered 1245/3073, time remaining: 1m 6s
Rendered 1246/3073, time remaining: 1m 6s
Rendered 1247/3073, time remaining: 1m 6s
Rendered 1248/3073, time remaining: 1m 6s
Rendered 1249/3073, time remaining: 1m 6s
Rendered 1250/3073, time remaining: 1m 5s
Rendered 1251/3073, time remaining: 1m 5s
Rendered 1252/3073, time remaining: 1m 6s
Rendered 1253/3073, time remaining: 1m 6s
Rendered 1254/3073, time remaining: 1m 6s
Rendered 1255/3073, time remaining: 1m 6s
Rendered 1256/3073, time remaining: 1m 5s
Rendered 1257/3073, time remaining: 1m 5s
Rendered 1258/3073, time remaining: 1m 5s
Rendered 1259/3073, time remaining: 1m 6s
Rendered 1260/3073, time remaining: 1m 6s
Rendered 1261/3073, time remaining: 1m 5s
Rendered 1262/3073, time remaining: 1m 5s
Rendered 1263/3073, time remaining: 1m 5s
Rendered 1264/3073, time remaining: 1m 5s
Rendered 1265/3073, time remaining: 1m 5s
Rendered 1266/3073, time remaining: 1m 5s
Rendered 1267/3073, time remaining: 1m 5s
Rendered 1268/3073, time remaining: 1m 5s
Rendered 1269/3073, time remaining: 1m 4s
Rendered 1270/3073, time remaining: 1m 5s
Rendered 1271/3073, time remaining: 1m 4s
Rendered 1272/3073, time remaining: 1m 5s
Rendered 1273/3073, time remaining: 1m 5s
Rendered 1274/3073, time remaining: 1m 6s
Rendered 1275/3073, time remaining: 1m 5s
Rendered 1276/3073, time remaining: 1m 4s
Rendered 1277/3073, time remaining: 1m 4s
Rendered 1278/3073, time remaining: 1m 4s
Rendered 1279/3073, time remaining: 1m 4s
Rendered 1280/3073, time remaining: 1m 5s
Rendered 1281/3073, time remaining: 1m 5s
Rendered 1282/3073, time remaining: 1m 4s
Rendered 1283/3073, time remaining: 1m 4s
Rendered 1284/3073, time remaining: 1m 4s
Rendered 1285/3073, time remaining: 1m 4s
Rendered 1286/3073, time remaining: 1m 4s
Rendered 1287/3073, time remaining: 1m 5s
Rendered 1288/3073, time remaining: 1m 4s
Rendered 1289/3073, time remaining: 1m 4s
Rendered 1290/3073, time remaining: 1m 4s
Rendered 1291/3073, time remaining: 1m 4s
Rendered 1292/3073, time remaining: 1m 4s
Rendered 1293/3073, time remaining: 1m 4s
Rendered 1294/3073, time remaining: 1m 3s
Rendered 1295/3073, time remaining: 1m 3s
Rendered 1296/3073, time remaining: 1m 3s
Rendered 1297/3073, time remaining: 1m 3s
Rendered 1298/3073, time remaining: 1m 3s
Rendered 1299/3073, time remaining: 1m 3s
Rendered 1300/3073, time remaining: 1m 3s
Rendered 1301/3073, time remaining: 1m 3s
Rendered 1302/3073, time remaining: 1m 3s
Rendered 1303/3073, time remaining: 1m 3s
Rendered 1304/3073, time remaining: 1m 3s
Rendered 1305/3073, time remaining: 1m 3s
Rendered 1306/3073, time remaining: 1m 3s
Rendered 1307/3073, time remaining: 1m 3s
Rendered 1308/3073, time remaining: 1m 3s
Rendered 1309/3073, time remaining: 1m 2s
Rendered 1310/3073, time remaining: 1m 2s
Rendered 1311/3073, time remaining: 1m 2s
Rendered 1312/3073, time remaining: 1m 2s
Rendered 1313/3073, time remaining: 1m 3s
Rendered 1314/3073, time remaining: 1m 2s
Rendered 1315/3073, time remaining: 1m 2s
Rendered 1316/3073, time remaining: 1m 2s
Rendered 1317/3073, time remaining: 1m 2s
Rendered 1318/3073, time remaining: 1m 2s
Rendered 1319/3073, time remaining: 1m 2s
Rendered 1320/3073, time remaining: 1m 1s
Rendered 1321/3073, time remaining: 1m 2s
Rendered 1322/3073, time remaining: 1m 2s
Rendered 1323/3073, time remaining: 1m 2s
Rendered 1324/3073, time remaining: 1m 2s
Rendered 1325/3073, time remaining: 1m 2s
Rendered 1326/3073, time remaining: 1m 1s
Rendered 1327/3073, time remaining: 1m 2s
Rendered 1328/3073, time remaining: 1m 1s
Rendered 1329/3073, time remaining: 1m 2s
Rendered 1330/3073, time remaining: 1m 2s
Rendered 1331/3073, time remaining: 1m 1s
Rendered 1332/3073, time remaining: 1m 0s
Rendered 1333/3073, time remaining: 1m 1s
Rendered 1334/3073, time remaining: 1m 1s
Rendered 1335/3073, time remaining: 1m 1s
Rendered 1336/3073, time remaining: 1m 1s
Rendered 1337/3073, time remaining: 1m 1s
Rendered 1338/3073, time remaining: 1m 0s
Rendered 1339/3073, time remaining: 1m 0s
Rendered 1340/3073, time remaining: 1m 1s
Rendered 1341/3073, time remaining: 1m 1s
Rendered 1342/3073, time remaining: 1m 1s
Rendered 1343/3073, time remaining: 1m 1s
Rendered 1344/3073, time remaining: 1m 0s
Rendered 1345/3073, time remaining: 1m 0s
Rendered 1346/3073, time remaining: 1m 0s
Rendered 1347/3073, time remaining: 1m 1s
Rendered 1348/3073, time remaining: 1m 1s
Rendered 1349/3073, time remaining: 1m 1s
Rendered 1350/3073, time remaining: 1m 0s
Rendered 1351/3073, time remaining: 1m 0s
Rendered 1352/3073, time remaining: 1m 0s
Rendered 1353/3073, time remaining: 1m 0s
Rendered 1354/3073, time remaining: 1m 1s
Rendered 1355/3073, time remaining: 1m 1s
Rendered 1356/3073, time remaining: 1m 0s
Rendered 1357/3073, time remaining: 1m 0s
Rendered 1358/3073, time remaining: 1m 0s
Rendered 1359/3073, time remaining: 59s
Rendered 1360/3073, time remaining: 59s
Rendered 1361/3073, time remaining: 1m 0s
Rendered 1362/3073, time remaining: 1m 0s
Rendered 1363/3073, time remaining: 1m 0s
Rendered 1364/3073, time remaining: 1m 0s
Rendered 1365/3073, time remaining: 59s
Rendered 1366/3073, time remaining: 1m 0s
Rendered 1367/3073, time remaining: 1m 0s
Rendered 1368/3073, time remaining: 1m 0s
Rendered 1369/3073, time remaining: 1m 0s
Rendered 1370/3073, time remaining: 1m 0s
Rendered 1371/3073, time remaining: 59s
Rendered 1372/3073, time remaining: 59s
Rendered 1373/3073, time remaining: 59s
Rendered 1374/3073, time remaining: 1m 0s
Rendered 1375/3073, time remaining: 1m 0s
Rendered 1376/3073, time remaining: 1m 0s
Rendered 1377/3073, time remaining: 59s
Rendered 1378/3073, time remaining: 59s
Rendered 1379/3073, time remaining: 59s
Rendered 1380/3073, time remaining: 59s
Rendered 1381/3073, time remaining: 59s
Rendered 1382/3073, time remaining: 59s
Rendered 1383/3073, time remaining: 59s
Rendered 1384/3073, time remaining: 59s
Rendered 1385/3073, time remaining: 58s
Rendered 1386/3073, time remaining: 59s
Rendered 1387/3073, time remaining: 59s
Rendered 1388/3073, time remaining: 59s
Rendered 1389/3073, time remaining: 59s
Rendered 1390/3073, time remaining: 59s
Rendered 1391/3073, time remaining: 58s
Rendered 1392/3073, time remaining: 59s
Rendered 1393/3073, time remaining: 58s
Rendered 1394/3073, time remaining: 58s
Rendered 1395/3073, time remaining: 58s
Rendered 1396/3073, time remaining: 58s
Rendered 1397/3073, time remaining: 58s
Rendered 1398/3073, time remaining: 58s
Rendered 1399/3073, time remaining: 59s
Rendered 1400/3073, time remaining: 58s
Rendered 1401/3073, time remaining: 59s
Rendered 1402/3073, time remaining: 58s
Rendered 1403/3073, time remaining: 58s
Rendered 1404/3073, time remaining: 58s
Rendered 1405/3073, time remaining: 59s
Rendered 1406/3073, time remaining: 58s
Rendered 1407/3073, time remaining: 59s
Rendered 1408/3073, time remaining: 58s
Rendered 1409/3073, time remaining: 58s
Rendered 1410/3073, time remaining: 58s
Rendered 1411/3073, time remaining: 58s
Rendered 1412/3073, time remaining: 58s
Rendered 1413/3073, time remaining: 58s
Rendered 1414/3073, time remaining: 58s
Rendered 1415/3073, time remaining: 58s
Rendered 1416/3073, time remaining: 58s
Rendered 1417/3073, time remaining: 58s
Rendered 1418/3073, time remaining: 58s
Rendered 1419/3073, time remaining: 59s
Rendered 1420/3073, time remaining: 58s
Rendered 1421/3073, time remaining: 58s
Rendered 1422/3073, time remaining: 58s
Rendered 1423/3073, time remaining: 58s
Rendered 1424/3073, time remaining: 58s
Rendered 1425/3073, time remaining: 58s
Rendered 1426/3073, time remaining: 58s
Rendered 1427/3073, time remaining: 58s
Rendered 1428/3073, time remaining: 58s
Rendered 1429/3073, time remaining: 58s
Rendered 1430/3073, time remaining: 57s
Rendered 1431/3073, time remaining: 58s
Rendered 1432/3073, time remaining: 58s
Rendered 1433/3073, time remaining: 57s
Rendered 1434/3073, time remaining: 57s
Rendered 1435/3073, time remaining: 57s
Rendered 1436/3073, time remaining: 57s
Rendered 1437/3073, time remaining: 58s
Rendered 1438/3073, time remaining: 58s
Rendered 1439/3073, time remaining: 57s
Rendered 1440/3073, time remaining: 57s
Rendered 1441/3073, time remaining: 57s
Rendered 1442/3073, time remaining: 57s
Rendered 1443/3073, time remaining: 58s
Rendered 1444/3073, time remaining: 58s
Rendered 1445/3073, time remaining: 58s
Rendered 1446/3073, time remaining: 57s
Rendered 1447/3073, time remaining: 57s
Rendered 1448/3073, time remaining: 56s
Rendered 1449/3073, time remaining: 58s
Rendered 1450/3073, time remaining: 58s
Rendered 1451/3073, time remaining: 58s
Rendered 1452/3073, time remaining: 57s
Rendered 1453/3073, time remaining: 57s
Rendered 1454/3073, time remaining: 57s
Rendered 1455/3073, time remaining: 57s
Rendered 1456/3073, time remaining: 57s
Rendered 1457/3073, time remaining: 57s
Rendered 1458/3073, time remaining: 56s
Rendered 1459/3073, time remaining: 56s
Rendered 1460/3073, time remaining: 56s
Rendered 1461/3073, time remaining: 57s
Rendered 1462/3073, time remaining: 57s
Rendered 1463/3073, time remaining: 57s
Rendered 1464/3073, time remaining: 57s
Rendered 1465/3073, time remaining: 57s
Rendered 1466/3073, time remaining: 56s
Rendered 1467/3073, time remaining: 56s
Rendered 1468/3073, time remaining: 57s
Rendered 1469/3073, time remaining: 57s
Rendered 1470/3073, time remaining: 57s
Rendered 1471/3073, time remaining: 57s
Rendered 1472/3073, time remaining: 56s
Rendered 1473/3073, time remaining: 56s
Rendered 1474/3073, time remaining: 57s
Rendered 1475/3073, time remaining: 56s
Rendered 1476/3073, time remaining: 57s
Rendered 1477/3073, time remaining: 56s
Rendered 1478/3073, time remaining: 56s
Rendered 1479/3073, time remaining: 56s
Rendered 1480/3073, time remaining: 57s
Rendered 1481/3073, time remaining: 57s
Rendered 1482/3073, time remaining: 57s
Rendered 1483/3073, time remaining: 56s
Rendered 1484/3073, time remaining: 56s
Rendered 1485/3073, time remaining: 55s
Rendered 1486/3073, time remaining: 56s
Rendered 1487/3073, time remaining: 57s
Rendered 1488/3073, time remaining: 57s
Rendered 1489/3073, time remaining: 57s
Rendered 1490/3073, time remaining: 56s
Rendered 1491/3073, time remaining: 55s
Rendered 1492/3073, time remaining: 55s
Rendered 1493/3073, time remaining: 56s
Rendered 1494/3073, time remaining: 56s
Rendered 1495/3073, time remaining: 56s
Rendered 1496/3073, time remaining: 57s
Rendered 1497/3073, time remaining: 56s
Rendered 1498/3073, time remaining: 56s
Rendered 1499/3073, time remaining: 56s
Rendered 1500/3073, time remaining: 56s
Rendered 1501/3073, time remaining: 56s
Rendered 1502/3073, time remaining: 56s
Rendered 1503/3073, time remaining: 56s
Rendered 1504/3073, time remaining: 55s
Rendered 1505/3073, time remaining: 55s
Rendered 1506/3073, time remaining: 56s
Rendered 1507/3073, time remaining: 56s
Rendered 1508/3073, time remaining: 56s
Rendered 1509/3073, time remaining: 56s
Rendered 1510/3073, time remaining: 56s
Rendered 1511/3073, time remaining: 55s
Rendered 1512/3073, time remaining: 56s
Rendered 1513/3073, time remaining: 56s
Rendered 1514/3073, time remaining: 56s
Rendered 1515/3073, time remaining: 55s
Rendered 1516/3073, time remaining: 55s
Rendered 1517/3073, time remaining: 55s
Rendered 1518/3073, time remaining: 55s
Rendered 1519/3073, time remaining: 55s
Rendered 1520/3073, time remaining: 56s
Rendered 1521/3073, time remaining: 56s
Rendered 1522/3073, time remaining: 56s
Rendered 1523/3073, time remaining: 55s
Rendered 1524/3073, time remaining: 55s
Rendered 1525/3073, time remaining: 55s
Rendered 1526/3073, time remaining: 55s
Rendered 1527/3073, time remaining: 56s
Rendered 1528/3073, time remaining: 56s
Rendered 1529/3073, time remaining: 55s
Rendered 1530/3073, time remaining: 55s
Rendered 1531/3073, time remaining: 55s
Rendered 1532/3073, time remaining: 55s
Rendered 1533/3073, time remaining: 56s
Rendered 1534/3073, time remaining: 56s
Rendered 1535/3073, time remaining: 56s
Rendered 1536/3073, time remaining: 55s
Rendered 1537/3073, time remaining: 55s
Rendered 1538/3073, time remaining: 55s
Rendered 1539/3073, time remaining: 55s
Rendered 1540/3073, time remaining: 56s
Rendered 1541/3073, time remaining: 56s
Rendered 1542/3073, time remaining: 55s
Rendered 1543/3073, time remaining: 54s
Rendered 1544/3073, time remaining: 55s
Rendered 1545/3073, time remaining: 55s
Rendered 1546/3073, time remaining: 55s
Rendered 1547/3073, time remaining: 55s
Rendered 1548/3073, time remaining: 55s
Rendered 1549/3073, time remaining: 54s
Rendered 1550/3073, time remaining: 54s
Rendered 1551/3073, time remaining: 55s
Rendered 1552/3073, time remaining: 55s
Rendered 1553/3073, time remaining: 55s
Rendered 1554/3073, time remaining: 55s
Rendered 1555/3073, time remaining: 54s
Rendered 1556/3073, time remaining: 54s
Rendered 1557/3073, time remaining: 54s
Rendered 1558/3073, time remaining: 55s
Rendered 1559/3073, time remaining: 55s
Rendered 1560/3073, time remaining: 55s
Rendered 1561/3073, time remaining: 54s
Rendered 1562/3073, time remaining: 55s
Rendered 1563/3073, time remaining: 53s
Rendered 1564/3073, time remaining: 54s
Rendered 1565/3073, time remaining: 54s
Rendered 1566/3073, time remaining: 55s
Rendered 1567/3073, time remaining: 54s
Rendered 1568/3073, time remaining: 55s
Rendered 1569/3073, time remaining: 53s
Rendered 1570/3073, time remaining: 54s
Rendered 1571/3073, time remaining: 54s
Rendered 1572/3073, time remaining: 54s
Rendered 1573/3073, time remaining: 54s
Rendered 1574/3073, time remaining: 53s
Rendered 1575/3073, time remaining: 52s
Rendered 1576/3073, time remaining: 52s
Rendered 1577/3073, time remaining: 52s
Rendered 1578/3073, time remaining: 52s
Rendered 1579/3073, time remaining: 52s
Rendered 1580/3073, time remaining: 52s
Rendered 1581/3073, time remaining: 51s
Rendered 1582/3073, time remaining: 51s
Rendered 1583/3073, time remaining: 51s
Rendered 1584/3073, time remaining: 50s
Rendered 1585/3073, time remaining: 50s
Rendered 1586/3073, time remaining: 50s
Rendered 1587/3073, time remaining: 49s
Rendered 1588/3073, time remaining: 49s
Rendered 1589/3073, time remaining: 49s
Rendered 1590/3073, time remaining: 49s
Rendered 1591/3073, time remaining: 50s
Rendered 1592/3073, time remaining: 50s
Rendered 1593/3073, time remaining: 49s
Rendered 1594/3073, time remaining: 49s
Rendered 1595/3073, time remaining: 49s
Rendered 1596/3073, time remaining: 49s
Rendered 1597/3073, time remaining: 49s
Rendered 1598/3073, time remaining: 49s
Rendered 1599/3073, time remaining: 48s
Rendered 1600/3073, time remaining: 49s
Rendered 1601/3073, time remaining: 49s
Rendered 1602/3073, time remaining: 49s
Rendered 1603/3073, time remaining: 49s
Rendered 1604/3073, time remaining: 49s
Rendered 1605/3073, time remaining: 48s
Rendered 1606/3073, time remaining: 49s
Rendered 1607/3073, time remaining: 49s
Rendered 1608/3073, time remaining: 49s
Rendered 1609/3073, time remaining: 49s
Rendered 1610/3073, time remaining: 49s
Rendered 1611/3073, time remaining: 48s
Rendered 1612/3073, time remaining: 48s
Rendered 1613/3073, time remaining: 49s
Rendered 1614/3073, time remaining: 48s
Rendered 1615/3073, time remaining: 48s
Rendered 1616/3073, time remaining: 48s
Rendered 1617/3073, time remaining: 49s
Rendered 1618/3073, time remaining: 48s
Rendered 1619/3073, time remaining: 48s
Rendered 1620/3073, time remaining: 48s
Rendered 1621/3073, time remaining: 48s
Rendered 1622/3073, time remaining: 47s
Rendered 1623/3073, time remaining: 48s
Rendered 1624/3073, time remaining: 48s
Rendered 1625/3073, time remaining: 48s
Rendered 1626/3073, time remaining: 48s
Rendered 1627/3073, time remaining: 48s
Rendered 1628/3073, time remaining: 48s
Rendered 1629/3073, time remaining: 48s
Rendered 1630/3073, time remaining: 47s
Rendered 1631/3073, time remaining: 47s
Rendered 1632/3073, time remaining: 48s
Rendered 1633/3073, time remaining: 48s
Rendered 1634/3073, time remaining: 48s
Rendered 1635/3073, time remaining: 48s
Rendered 1636/3073, time remaining: 48s
Rendered 1637/3073, time remaining: 47s
Rendered 1638/3073, time remaining: 48s
Rendered 1639/3073, time remaining: 48s
Rendered 1640/3073, time remaining: 48s
Rendered 1641/3073, time remaining: 48s
Rendered 1642/3073, time remaining: 48s
Rendered 1643/3073, time remaining: 47s
Rendered 1644/3073, time remaining: 48s
Rendered 1645/3073, time remaining: 48s
Rendered 1646/3073, time remaining: 47s
Rendered 1647/3073, time remaining: 47s
Rendered 1648/3073, time remaining: 47s
Rendered 1649/3073, time remaining: 47s
Rendered 1650/3073, time remaining: 47s
Rendered 1651/3073, time remaining: 48s
Rendered 1652/3073, time remaining: 47s
Rendered 1653/3073, time remaining: 47s
Rendered 1654/3073, time remaining: 47s
Rendered 1655/3073, time remaining: 47s
Rendered 1656/3073, time remaining: 47s
Rendered 1657/3073, time remaining: 47s
Rendered 1658/3073, time remaining: 47s
Rendered 1659/3073, time remaining: 47s
Rendered 1660/3073, time remaining: 47s
Rendered 1661/3073, time remaining: 47s
Rendered 1662/3073, time remaining: 46s
Rendered 1663/3073, time remaining: 47s
Rendered 1664/3073, time remaining: 47s
Rendered 1665/3073, time remaining: 47s
Rendered 1666/3073, time remaining: 47s
Rendered 1667/3073, time remaining: 47s
Rendered 1668/3073, time remaining: 47s
Rendered 1669/3073, time remaining: 47s
Rendered 1670/3073, time remaining: 47s
Rendered 1671/3073, time remaining: 46s
Rendered 1672/3073, time remaining: 46s
Rendered 1673/3073, time remaining: 46s
Rendered 1674/3073, time remaining: 46s
Rendered 1675/3073, time remaining: 47s
Rendered 1676/3073, time remaining: 47s
Rendered 1677/3073, time remaining: 46s
Rendered 1678/3073, time remaining: 46s
Rendered 1679/3073, time remaining: 46s
Rendered 1680/3073, time remaining: 46s
Rendered 1681/3073, time remaining: 46s
Rendered 1682/3073, time remaining: 46s
Rendered 1683/3073, time remaining: 46s
Rendered 1684/3073, time remaining: 46s
Rendered 1685/3073, time remaining: 46s
Rendered 1686/3073, time remaining: 46s
Rendered 1687/3073, time remaining: 46s
Rendered 1688/3073, time remaining: 46s
Rendered 1689/3073, time remaining: 46s
Rendered 1690/3073, time remaining: 46s
Rendered 1691/3073, time remaining: 46s
Rendered 1692/3073, time remaining: 46s
Rendered 1693/3073, time remaining: 46s
Rendered 1694/3073, time remaining: 46s
Rendered 1695/3073, time remaining: 46s
Rendered 1696/3073, time remaining: 46s
Rendered 1697/3073, time remaining: 46s
Rendered 1698/3073, time remaining: 45s
Rendered 1699/3073, time remaining: 46s
Rendered 1700/3073, time remaining: 46s
Rendered 1701/3073, time remaining: 45s
Rendered 1702/3073, time remaining: 45s
Rendered 1703/3073, time remaining: 45s
Rendered 1704/3073, time remaining: 45s
Rendered 1705/3073, time remaining: 45s
Rendered 1706/3073, time remaining: 46s
Rendered 1707/3073, time remaining: 46s
Rendered 1708/3073, time remaining: 45s
Rendered 1709/3073, time remaining: 45s
Rendered 1710/3073, time remaining: 45s
Rendered 1711/3073, time remaining: 45s
Rendered 1712/3073, time remaining: 46s
Rendered 1713/3073, time remaining: 46s
Rendered 1714/3073, time remaining: 45s
Rendered 1715/3073, time remaining: 45s
Rendered 1716/3073, time remaining: 45s
Rendered 1717/3073, time remaining: 44s
Rendered 1718/3073, time remaining: 45s
Rendered 1719/3073, time remaining: 46s
Rendered 1720/3073, time remaining: 45s
Rendered 1721/3073, time remaining: 45s
Rendered 1722/3073, time remaining: 45s
Rendered 1723/3073, time remaining: 45s
Rendered 1724/3073, time remaining: 46s
Rendered 1725/3073, time remaining: 46s
Rendered 1726/3073, time remaining: 46s
Rendered 1727/3073, time remaining: 46s
Rendered 1728/3073, time remaining: 46s
Rendered 1729/3073, time remaining: 46s
Rendered 1730/3073, time remaining: 47s
Rendered 1731/3073, time remaining: 47s
Rendered 1732/3073, time remaining: 47s
Rendered 1733/3073, time remaining: 47s
Rendered 1734/3073, time remaining: 47s
Rendered 1735/3073, time remaining: 47s
Rendered 1736/3073, time remaining: 48s
Rendered 1737/3073, time remaining: 48s
Rendered 1738/3073, time remaining: 48s
Rendered 1739/3073, time remaining: 49s
Rendered 1740/3073, time remaining: 48s
Rendered 1741/3073, time remaining: 48s
Rendered 1742/3073, time remaining: 48s
Rendered 1743/3073, time remaining: 48s
Rendered 1744/3073, time remaining: 47s
Rendered 1745/3073, time remaining: 48s
Rendered 1746/3073, time remaining: 48s
Rendered 1747/3073, time remaining: 48s
Rendered 1748/3073, time remaining: 48s
Rendered 1749/3073, time remaining: 48s
Rendered 1750/3073, time remaining: 47s
Rendered 1751/3073, time remaining: 48s
Rendered 1752/3073, time remaining: 48s
Rendered 1753/3073, time remaining: 48s
Rendered 1754/3073, time remaining: 48s
Rendered 1755/3073, time remaining: 48s
Rendered 1756/3073, time remaining: 47s
Rendered 1757/3073, time remaining: 48s
Rendered 1758/3073, time remaining: 48s
Rendered 1759/3073, time remaining: 48s
Rendered 1760/3073, time remaining: 48s
Rendered 1761/3073, time remaining: 48s
Rendered 1762/3073, time remaining: 47s
Rendered 1763/3073, time remaining: 47s
Rendered 1764/3073, time remaining: 48s
Rendered 1765/3073, time remaining: 48s
Rendered 1766/3073, time remaining: 48s
Rendered 1767/3073, time remaining: 47s
Rendered 1768/3073, time remaining: 47s
Rendered 1769/3073, time remaining: 47s
Rendered 1770/3073, time remaining: 47s
Rendered 1771/3073, time remaining: 47s
Rendered 1772/3073, time remaining: 48s
Rendered 1773/3073, time remaining: 47s
Rendered 1774/3073, time remaining: 47s
Rendered 1775/3073, time remaining: 48s
Rendered 1776/3073, time remaining: 47s
Rendered 1777/3073, time remaining: 47s
Rendered 1778/3073, time remaining: 47s
Rendered 1779/3073, time remaining: 47s
Rendered 1780/3073, time remaining: 47s
Rendered 1781/3073, time remaining: 48s
Rendered 1782/3073, time remaining: 47s
Rendered 1783/3073, time remaining: 47s
Rendered 1784/3073, time remaining: 47s
Rendered 1785/3073, time remaining: 47s
Rendered 1786/3073, time remaining: 47s
Rendered 1787/3073, time remaining: 47s
Rendered 1788/3073, time remaining: 46s
Rendered 1789/3073, time remaining: 46s
Rendered 1790/3073, time remaining: 47s
Rendered 1791/3073, time remaining: 47s
Rendered 1792/3073, time remaining: 47s
Rendered 1793/3073, time remaining: 46s
Rendered 1794/3073, time remaining: 45s
Rendered 1795/3073, time remaining: 46s
Rendered 1796/3073, time remaining: 46s
Rendered 1797/3073, time remaining: 46s
Rendered 1798/3073, time remaining: 46s
Rendered 1799/3073, time remaining: 46s
Rendered 1800/3073, time remaining: 46s
Rendered 1801/3073, time remaining: 46s
Rendered 1802/3073, time remaining: 46s
Rendered 1803/3073, time remaining: 46s
Rendered 1804/3073, time remaining: 46s
Rendered 1805/3073, time remaining: 46s
Rendered 1806/3073, time remaining: 45s
Rendered 1807/3073, time remaining: 45s
Rendered 1808/3073, time remaining: 45s
Rendered 1809/3073, time remaining: 45s
Rendered 1810/3073, time remaining: 46s
Rendered 1811/3073, time remaining: 46s
Rendered 1812/3073, time remaining: 46s
Rendered 1813/3073, time remaining: 45s
Rendered 1814/3073, time remaining: 45s
Rendered 1815/3073, time remaining: 45s
Rendered 1816/3073, time remaining: 46s
Rendered 1817/3073, time remaining: 45s
Rendered 1818/3073, time remaining: 45s
Rendered 1819/3073, time remaining: 45s
Rendered 1820/3073, time remaining: 45s
Rendered 1821/3073, time remaining: 45s
Rendered 1822/3073, time remaining: 45s
Rendered 1823/3073, time remaining: 45s
Rendered 1824/3073, time remaining: 45s
Rendered 1825/3073, time remaining: 45s
Rendered 1826/3073, time remaining: 45s
Rendered 1827/3073, time remaining: 45s
Rendered 1828/3073, time remaining: 45s
Rendered 1829/3073, time remaining: 45s
Rendered 1830/3073, time remaining: 45s
Rendered 1831/3073, time remaining: 45s
Rendered 1832/3073, time remaining: 46s
Rendered 1833/3073, time remaining: 45s
Rendered 1834/3073, time remaining: 45s
Rendered 1835/3073, time remaining: 45s
Rendered 1836/3073, time remaining: 45s
Rendered 1837/3073, time remaining: 44s
Rendered 1838/3073, time remaining: 45s
Rendered 1839/3073, time remaining: 44s
Rendered 1840/3073, time remaining: 44s
Rendered 1841/3073, time remaining: 45s
Rendered 1842/3073, time remaining: 45s
Rendered 1843/3073, time remaining: 45s
Rendered 1844/3073, time remaining: 45s
Rendered 1845/3073, time remaining: 44s
Rendered 1846/3073, time remaining: 44s
Rendered 1847/3073, time remaining: 45s
Rendered 1848/3073, time remaining: 45s
Rendered 1849/3073, time remaining: 44s
Rendered 1850/3073, time remaining: 44s
Rendered 1851/3073, time remaining: 44s
Rendered 1852/3073, time remaining: 44s
Rendered 1853/3073, time remaining: 44s
Rendered 1854/3073, time remaining: 45s
Rendered 1855/3073, time remaining: 45s
Rendered 1856/3073, time remaining: 44s
Rendered 1857/3073, time remaining: 44s
Rendered 1858/3073, time remaining: 44s
Rendered 1859/3073, time remaining: 44s
Rendered 1860/3073, time remaining: 44s
Rendered 1861/3073, time remaining: 44s
Rendered 1862/3073, time remaining: 44s
Rendered 1863/3073, time remaining: 44s
Rendered 1864/3073, time remaining: 44s
Rendered 1865/3073, time remaining: 44s
Rendered 1866/3073, time remaining: 44s
Rendered 1867/3073, time remaining: 44s
Rendered 1868/3073, time remaining: 43s
Rendered 1869/3073, time remaining: 43s
Rendered 1870/3073, time remaining: 44s
Rendered 1871/3073, time remaining: 44s
Rendered 1872/3073, time remaining: 44s
Rendered 1873/3073, time remaining: 44s
Rendered 1874/3073, time remaining: 43s
Rendered 1875/3073, time remaining: 43s
Rendered 1876/3073, time remaining: 43s
Rendered 1877/3073, time remaining: 43s
Rendered 1878/3073, time remaining: 43s
Rendered 1879/3073, time remaining: 43s
Rendered 1880/3073, time remaining: 43s
Rendered 1881/3073, time remaining: 43s
Rendered 1882/3073, time remaining: 43s
Rendered 1883/3073, time remaining: 43s
Rendered 1884/3073, time remaining: 43s
Rendered 1885/3073, time remaining: 43s
Rendered 1886/3073, time remaining: 43s
Rendered 1887/3073, time remaining: 42s
Rendered 1888/3073, time remaining: 42s
Rendered 1889/3073, time remaining: 42s
Rendered 1890/3073, time remaining: 42s
Rendered 1891/3073, time remaining: 43s
Rendered 1892/3073, time remaining: 42s
Rendered 1893/3073, time remaining: 43s
Rendered 1894/3073, time remaining: 43s
Rendered 1895/3073, time remaining: 42s
Rendered 1896/3073, time remaining: 42s
Rendered 1897/3073, time remaining: 42s
Rendered 1898/3073, time remaining: 42s
Rendered 1899/3073, time remaining: 42s
Rendered 1900/3073, time remaining: 42s
Rendered 1901/3073, time remaining: 42s
Rendered 1902/3073, time remaining: 42s
Rendered 1903/3073, time remaining: 42s
Rendered 1904/3073, time remaining: 42s
Rendered 1905/3073, time remaining: 42s
Rendered 1906/3073, time remaining: 42s
Rendered 1907/3073, time remaining: 42s
Rendered 1908/3073, time remaining: 41s
Rendered 1909/3073, time remaining: 42s
Rendered 1910/3073, time remaining: 42s
Rendered 1911/3073, time remaining: 42s
Rendered 1912/3073, time remaining: 42s
Rendered 1913/3073, time remaining: 42s
Rendered 1914/3073, time remaining: 41s
Rendered 1915/3073, time remaining: 42s
Rendered 1916/3073, time remaining: 42s
Rendered 1917/3073, time remaining: 42s
Rendered 1918/3073, time remaining: 42s
Rendered 1919/3073, time remaining: 42s
Rendered 1920/3073, time remaining: 41s
Rendered 1921/3073, time remaining: 41s
Rendered 1922/3073, time remaining: 42s
Rendered 1923/3073, time remaining: 41s
Rendered 1924/3073, time remaining: 41s
Rendered 1925/3073, time remaining: 41s
Rendered 1926/3073, time remaining: 41s
Rendered 1927/3073, time remaining: 41s
Rendered 1928/3073, time remaining: 41s
Rendered 1929/3073, time remaining: 41s
Rendered 1930/3073, time remaining: 41s
Rendered 1931/3073, time remaining: 41s
Rendered 1932/3073, time remaining: 41s
Rendered 1933/3073, time remaining: 41s
Rendered 1934/3073, time remaining: 41s
Rendered 1935/3073, time remaining: 41s
Rendered 1936/3073, time remaining: 41s
Rendered 1937/3073, time remaining: 41s
Rendered 1938/3073, time remaining: 40s
Rendered 1939/3073, time remaining: 40s
Rendered 1940/3073, time remaining: 40s
Rendered 1941/3073, time remaining: 40s
Rendered 1942/3073, time remaining: 40s
Rendered 1943/3073, time remaining: 40s
Rendered 1944/3073, time remaining: 41s
Rendered 1945/3073, time remaining: 41s
Rendered 1946/3073, time remaining: 40s
Rendered 1947/3073, time remaining: 40s
Rendered 1948/3073, time remaining: 40s
Rendered 1949/3073, time remaining: 40s
Rendered 1950/3073, time remaining: 40s
Rendered 1951/3073, time remaining: 40s
Rendered 1952/3073, time remaining: 40s
Rendered 1953/3073, time remaining: 40s
Rendered 1954/3073, time remaining: 40s
Rendered 1955/3073, time remaining: 40s
Rendered 1956/3073, time remaining: 40s
Rendered 1957/3073, time remaining: 40s
Rendered 1958/3073, time remaining: 40s
Rendered 1959/3073, time remaining: 40s
Rendered 1960/3073, time remaining: 40s
Rendered 1961/3073, time remaining: 40s
Rendered 1962/3073, time remaining: 40s
Rendered 1963/3073, time remaining: 40s
Rendered 1964/3073, time remaining: 39s
Rendered 1965/3073, time remaining: 39s
Rendered 1966/3073, time remaining: 39s
Rendered 1967/3073, time remaining: 39s
Rendered 1968/3073, time remaining: 40s
Rendered 1969/3073, time remaining: 40s
Rendered 1970/3073, time remaining: 39s
Rendered 1971/3073, time remaining: 40s
Rendered 1972/3073, time remaining: 39s
Rendered 1973/3073, time remaining: 39s
Rendered 1974/3073, time remaining: 40s
Rendered 1975/3073, time remaining: 40s
Rendered 1976/3073, time remaining: 39s
Rendered 1977/3073, time remaining: 39s
Rendered 1978/3073, time remaining: 39s
Rendered 1979/3073, time remaining: 39s
Rendered 1980/3073, time remaining: 40s
Rendered 1981/3073, time remaining: 40s
Rendered 1982/3073, time remaining: 39s
Rendered 1983/3073, time remaining: 39s
Rendered 1984/3073, time remaining: 39s
Rendered 1985/3073, time remaining: 39s
Rendered 1986/3073, time remaining: 39s
Rendered 1987/3073, time remaining: 39s
Rendered 1988/3073, time remaining: 39s
Rendered 1989/3073, time remaining: 38s
Rendered 1990/3073, time remaining: 39s
Rendered 1991/3073, time remaining: 38s
Rendered 1992/3073, time remaining: 39s
Rendered 1993/3073, time remaining: 39s
Rendered 1994/3073, time remaining: 39s
Rendered 1995/3073, time remaining: 39s
Rendered 1996/3073, time remaining: 38s
Rendered 1997/3073, time remaining: 38s
Rendered 1998/3073, time remaining: 38s
Rendered 1999/3073, time remaining: 38s
Rendered 2000/3073, time remaining: 39s
Rendered 2001/3073, time remaining: 39s
Rendered 2002/3073, time remaining: 39s
Rendered 2003/3073, time remaining: 38s
Rendered 2004/3073, time remaining: 38s
Rendered 2005/3073, time remaining: 38s
Rendered 2006/3073, time remaining: 38s
Rendered 2007/3073, time remaining: 38s
Rendered 2008/3073, time remaining: 38s
Rendered 2009/3073, time remaining: 38s
Rendered 2010/3073, time remaining: 38s
Rendered 2011/3073, time remaining: 38s
Rendered 2012/3073, time remaining: 37s
Rendered 2013/3073, time remaining: 38s
Rendered 2014/3073, time remaining: 38s
Rendered 2015/3073, time remaining: 38s
Rendered 2016/3073, time remaining: 38s
Rendered 2017/3073, time remaining: 38s
Rendered 2018/3073, time remaining: 38s
Rendered 2019/3073, time remaining: 38s
Rendered 2020/3073, time remaining: 37s
Rendered 2021/3073, time remaining: 37s
Rendered 2022/3073, time remaining: 37s
Rendered 2023/3073, time remaining: 37s
Rendered 2024/3073, time remaining: 37s
Rendered 2025/3073, time remaining: 37s
Rendered 2026/3073, time remaining: 37s
Rendered 2027/3073, time remaining: 37s
Rendered 2028/3073, time remaining: 37s
Rendered 2029/3073, time remaining: 37s
Rendered 2030/3073, time remaining: 37s
Rendered 2031/3073, time remaining: 37s
Rendered 2032/3073, time remaining: 37s
Rendered 2033/3073, time remaining: 37s
Rendered 2034/3073, time remaining: 37s
Rendered 2035/3073, time remaining: 37s
Rendered 2036/3073, time remaining: 37s
Rendered 2037/3073, time remaining: 37s
Rendered 2038/3073, time remaining: 37s
Rendered 2039/3073, time remaining: 37s
Rendered 2040/3073, time remaining: 37s
Rendered 2041/3073, time remaining: 37s
Rendered 2042/3073, time remaining: 37s
Rendered 2043/3073, time remaining: 36s
Rendered 2044/3073, time remaining: 36s
Rendered 2045/3073, time remaining: 36s
Rendered 2046/3073, time remaining: 37s
Rendered 2047/3073, time remaining: 37s
Rendered 2048/3073, time remaining: 37s
Rendered 2049/3073, time remaining: 37s
Rendered 2050/3073, time remaining: 36s
Rendered 2051/3073, time remaining: 36s
Rendered 2052/3073, time remaining: 36s
Rendered 2053/3073, time remaining: 36s
Rendered 2054/3073, time remaining: 36s
Rendered 2055/3073, time remaining: 36s
Rendered 2056/3073, time remaining: 36s
Rendered 2057/3073, time remaining: 36s
Rendered 2058/3073, time remaining: 36s
Rendered 2059/3073, time remaining: 36s
Rendered 2060/3073, time remaining: 36s
Rendered 2061/3073, time remaining: 36s
Rendered 2062/3073, time remaining: 36s
Rendered 2063/3073, time remaining: 36s
Rendered 2064/3073, time remaining: 36s
Rendered 2065/3073, time remaining: 36s
Rendered 2066/3073, time remaining: 35s
Rendered 2067/3073, time remaining: 36s
Rendered 2068/3073, time remaining: 35s
Rendered 2069/3073, time remaining: 35s
Rendered 2070/3073, time remaining: 35s
Rendered 2071/3073, time remaining: 36s
Rendered 2072/3073, time remaining: 35s
Rendered 2073/3073, time remaining: 35s
Rendered 2074/3073, time remaining: 35s
Rendered 2075/3073, time remaining: 35s
Rendered 2076/3073, time remaining: 35s
Rendered 2077/3073, time remaining: 35s
Rendered 2078/3073, time remaining: 35s
Rendered 2079/3073, time remaining: 35s
Rendered 2080/3073, time remaining: 35s
Rendered 2081/3073, time remaining: 35s
Rendered 2082/3073, time remaining: 35s
Rendered 2083/3073, time remaining: 35s
Rendered 2084/3073, time remaining: 35s
Rendered 2085/3073, time remaining: 35s
Rendered 2086/3073, time remaining: 35s
Rendered 2087/3073, time remaining: 35s
Rendered 2088/3073, time remaining: 35s
Rendered 2089/3073, time remaining: 35s
Rendered 2090/3073, time remaining: 35s
Rendered 2091/3073, time remaining: 35s
Rendered 2092/3073, time remaining: 35s
Rendered 2093/3073, time remaining: 35s
Rendered 2094/3073, time remaining: 35s
Rendered 2095/3073, time remaining: 34s
Rendered 2096/3073, time remaining: 34s
Rendered 2097/3073, time remaining: 35s
Rendered 2098/3073, time remaining: 35s
Rendered 2099/3073, time remaining: 35s
Rendered 2100/3073, time remaining: 35s
Rendered 2101/3073, time remaining: 34s
Rendered 2102/3073, time remaining: 34s
Rendered 2103/3073, time remaining: 34s
Rendered 2104/3073, time remaining: 34s
Rendered 2105/3073, time remaining: 34s
Rendered 2106/3073, time remaining: 34s
Rendered 2107/3073, time remaining: 34s
Rendered 2108/3073, time remaining: 34s
Rendered 2109/3073, time remaining: 34s
Rendered 2110/3073, time remaining: 34s
Rendered 2111/3073, time remaining: 34s
Rendered 2112/3073, time remaining: 34s
Rendered 2113/3073, time remaining: 34s
Rendered 2114/3073, time remaining: 34s
Rendered 2115/3073, time remaining: 34s
Rendered 2116/3073, time remaining: 34s
Rendered 2117/3073, time remaining: 34s
Rendered 2118/3073, time remaining: 33s
Rendered 2119/3073, time remaining: 34s
Rendered 2120/3073, time remaining: 34s
Rendered 2121/3073, time remaining: 34s
Rendered 2122/3073, time remaining: 34s
Rendered 2123/3073, time remaining: 34s
Rendered 2124/3073, time remaining: 33s
Rendered 2125/3073, time remaining: 33s
Rendered 2126/3073, time remaining: 33s
Rendered 2127/3073, time remaining: 34s
Rendered 2128/3073, time remaining: 34s
Rendered 2129/3073, time remaining: 34s
Rendered 2130/3073, time remaining: 33s
Rendered 2131/3073, time remaining: 33s
Rendered 2132/3073, time remaining: 33s
Rendered 2133/3073, time remaining: 34s
Rendered 2134/3073, time remaining: 34s
Rendered 2135/3073, time remaining: 34s
Rendered 2136/3073, time remaining: 33s
Rendered 2137/3073, time remaining: 33s
Rendered 2138/3073, time remaining: 33s
Rendered 2139/3073, time remaining: 33s
Rendered 2140/3073, time remaining: 33s
Rendered 2141/3073, time remaining: 33s
Rendered 2142/3073, time remaining: 33s
Rendered 2143/3073, time remaining: 33s
Rendered 2144/3073, time remaining: 33s
Rendered 2145/3073, time remaining: 33s
Rendered 2146/3073, time remaining: 33s
Rendered 2147/3073, time remaining: 33s
Rendered 2148/3073, time remaining: 33s
Rendered 2149/3073, time remaining: 33s
Rendered 2150/3073, time remaining: 32s
Rendered 2151/3073, time remaining: 32s
Rendered 2152/3073, time remaining: 33s
Rendered 2153/3073, time remaining: 33s
Rendered 2154/3073, time remaining: 33s
Rendered 2155/3073, time remaining: 33s
Rendered 2156/3073, time remaining: 32s
Rendered 2157/3073, time remaining: 32s
Rendered 2158/3073, time remaining: 32s
Rendered 2159/3073, time remaining: 32s
Rendered 2160/3073, time remaining: 32s
Rendered 2161/3073, time remaining: 32s
Rendered 2162/3073, time remaining: 32s
Rendered 2163/3073, time remaining: 32s
Rendered 2164/3073, time remaining: 32s
Rendered 2165/3073, time remaining: 32s
Rendered 2166/3073, time remaining: 32s
Rendered 2167/3073, time remaining: 32s
Rendered 2168/3073, time remaining: 32s
Rendered 2169/3073, time remaining: 32s
Rendered 2170/3073, time remaining: 32s
Rendered 2171/3073, time remaining: 32s
Rendered 2172/3073, time remaining: 32s
Rendered 2173/3073, time remaining: 32s
Rendered 2174/3073, time remaining: 32s
Rendered 2175/3073, time remaining: 32s
Rendered 2176/3073, time remaining: 31s
Rendered 2177/3073, time remaining: 32s
Rendered 2178/3073, time remaining: 32s
Rendered 2179/3073, time remaining: 31s
Rendered 2180/3073, time remaining: 32s
Rendered 2181/3073, time remaining: 32s
Rendered 2182/3073, time remaining: 31s
Rendered 2183/3073, time remaining: 32s
Rendered 2184/3073, time remaining: 31s
Rendered 2185/3073, time remaining: 32s
Rendered 2186/3073, time remaining: 32s
Rendered 2187/3073, time remaining: 31s
Rendered 2188/3073, time remaining: 31s
Rendered 2189/3073, time remaining: 31s
Rendered 2190/3073, time remaining: 31s
Rendered 2191/3073, time remaining: 31s
Rendered 2192/3073, time remaining: 31s
Rendered 2193/3073, time remaining: 31s
Rendered 2194/3073, time remaining: 31s
Rendered 2195/3073, time remaining: 31s
Rendered 2196/3073, time remaining: 31s
Rendered 2197/3073, time remaining: 31s
Rendered 2198/3073, time remaining: 31s
Rendered 2199/3073, time remaining: 31s
Rendered 2200/3073, time remaining: 31s
Rendered 2201/3073, time remaining: 31s
Rendered 2202/3073, time remaining: 31s
Rendered 2203/3073, time remaining: 31s
Rendered 2204/3073, time remaining: 31s
Rendered 2205/3073, time remaining: 31s
Rendered 2206/3073, time remaining: 31s
Rendered 2207/3073, time remaining: 30s
Rendered 2208/3073, time remaining: 31s
Rendered 2209/3073, time remaining: 31s
Rendered 2210/3073, time remaining: 31s
Rendered 2211/3073, time remaining: 31s
Rendered 2212/3073, time remaining: 31s
Rendered 2213/3073, time remaining: 30s
Rendered 2214/3073, time remaining: 31s
Rendered 2215/3073, time remaining: 31s
Rendered 2216/3073, time remaining: 31s
Rendered 2217/3073, time remaining: 31s
Rendered 2218/3073, time remaining: 31s
Rendered 2219/3073, time remaining: 30s
Rendered 2220/3073, time remaining: 31s
Rendered 2221/3073, time remaining: 30s
Rendered 2222/3073, time remaining: 30s
Rendered 2223/3073, time remaining: 31s
Rendered 2224/3073, time remaining: 30s
Rendered 2225/3073, time remaining: 31s
Rendered 2226/3073, time remaining: 31s
Rendered 2227/3073, time remaining: 30s
Rendered 2228/3073, time remaining: 30s
Rendered 2229/3073, time remaining: 30s
Rendered 2230/3073, time remaining: 30s
Rendered 2231/3073, time remaining: 30s
Rendered 2232/3073, time remaining: 30s
Rendered 2233/3073, time remaining: 30s
Rendered 2234/3073, time remaining: 30s
Rendered 2235/3073, time remaining: 30s
Rendered 2236/3073, time remaining: 30s
Rendered 2237/3073, time remaining: 30s
Rendered 2238/3073, time remaining: 30s
Rendered 2239/3073, time remaining: 30s
Rendered 2240/3073, time remaining: 30s
Rendered 2241/3073, time remaining: 30s
Rendered 2242/3073, time remaining: 30s
Rendered 2243/3073, time remaining: 30s
Rendered 2244/3073, time remaining: 30s
Rendered 2245/3073, time remaining: 30s
Rendered 2246/3073, time remaining: 30s
Rendered 2247/3073, time remaining: 29s
Rendered 2248/3073, time remaining: 30s
Rendered 2249/3073, time remaining: 29s
Rendered 2250/3073, time remaining: 29s
Rendered 2251/3073, time remaining: 29s
Rendered 2252/3073, time remaining: 29s
Rendered 2253/3073, time remaining: 29s
Rendered 2254/3073, time remaining: 30s
Rendered 2255/3073, time remaining: 29s
Rendered 2256/3073, time remaining: 29s
Rendered 2257/3073, time remaining: 29s
Rendered 2258/3073, time remaining: 29s
Rendered 2259/3073, time remaining: 29s
Rendered 2260/3073, time remaining: 29s
Rendered 2261/3073, time remaining: 29s
Rendered 2262/3073, time remaining: 29s
Rendered 2263/3073, time remaining: 29s
Rendered 2264/3073, time remaining: 29s
Rendered 2265/3073, time remaining: 29s
Rendered 2266/3073, time remaining: 29s
Rendered 2267/3073, time remaining: 29s
Rendered 2268/3073, time remaining: 29s
Rendered 2269/3073, time remaining: 29s
Rendered 2270/3073, time remaining: 29s
Rendered 2271/3073, time remaining: 29s
Rendered 2272/3073, time remaining: 29s
Rendered 2273/3073, time remaining: 29s
Rendered 2274/3073, time remaining: 29s
Rendered 2275/3073, time remaining: 29s
Rendered 2276/3073, time remaining: 29s
Rendered 2277/3073, time remaining: 28s
Rendered 2278/3073, time remaining: 28s
Rendered 2279/3073, time remaining: 28s
Rendered 2280/3073, time remaining: 28s
Rendered 2281/3073, time remaining: 29s
Rendered 2282/3073, time remaining: 29s
Rendered 2283/3073, time remaining: 28s
Rendered 2284/3073, time remaining: 28s
Rendered 2285/3073, time remaining: 28s
Rendered 2286/3073, time remaining: 28s
Rendered 2287/3073, time remaining: 28s
Rendered 2288/3073, time remaining: 28s
Rendered 2289/3073, time remaining: 28s
Rendered 2290/3073, time remaining: 28s
Rendered 2291/3073, time remaining: 28s
Rendered 2292/3073, time remaining: 28s
Rendered 2293/3073, time remaining: 28s
Rendered 2294/3073, time remaining: 28s
Rendered 2295/3073, time remaining: 28s
Rendered 2296/3073, time remaining: 28s
Rendered 2297/3073, time remaining: 28s
Rendered 2298/3073, time remaining: 28s
Rendered 2299/3073, time remaining: 28s
Rendered 2300/3073, time remaining: 28s
Rendered 2301/3073, time remaining: 28s
Rendered 2302/3073, time remaining: 28s
Rendered 2303/3073, time remaining: 28s
Rendered 2304/3073, time remaining: 28s
Rendered 2305/3073, time remaining: 28s
Rendered 2306/3073, time remaining: 28s
Rendered 2307/3073, time remaining: 28s
Rendered 2308/3073, time remaining: 27s
Rendered 2309/3073, time remaining: 27s
Rendered 2310/3073, time remaining: 28s
Rendered 2311/3073, time remaining: 28s
Rendered 2312/3073, time remaining: 28s
Rendered 2313/3073, time remaining: 27s
Rendered 2314/3073, time remaining: 27s
Rendered 2315/3073, time remaining: 27s
Rendered 2316/3073, time remaining: 28s
Rendered 2317/3073, time remaining: 28s
Rendered 2318/3073, time remaining: 27s
Rendered 2319/3073, time remaining: 27s
Rendered 2320/3073, time remaining: 27s
Rendered 2321/3073, time remaining: 27s
Rendered 2322/3073, time remaining: 27s
Rendered 2323/3073, time remaining: 27s
Rendered 2324/3073, time remaining: 27s
Rendered 2325/3073, time remaining: 27s
Rendered 2326/3073, time remaining: 27s
Rendered 2327/3073, time remaining: 27s
Rendered 2328/3073, time remaining: 27s
Rendered 2329/3073, time remaining: 27s
Rendered 2330/3073, time remaining: 27s
Rendered 2331/3073, time remaining: 27s
Rendered 2332/3073, time remaining: 27s
Rendered 2333/3073, time remaining: 27s
Rendered 2334/3073, time remaining: 27s
Rendered 2335/3073, time remaining: 27s
Rendered 2336/3073, time remaining: 27s
Rendered 2337/3073, time remaining: 27s
Rendered 2338/3073, time remaining: 27s
Rendered 2339/3073, time remaining: 26s
Rendered 2340/3073, time remaining: 26s
Rendered 2341/3073, time remaining: 26s
Rendered 2342/3073, time remaining: 27s
Rendered 2343/3073, time remaining: 27s
Rendered 2344/3073, time remaining: 27s
Rendered 2345/3073, time remaining: 26s
Rendered 2346/3073, time remaining: 26s
Rendered 2347/3073, time remaining: 26s
Rendered 2348/3073, time remaining: 27s
Rendered 2349/3073, time remaining: 26s
Rendered 2350/3073, time remaining: 26s
Rendered 2351/3073, time remaining: 26s
Rendered 2352/3073, time remaining: 26s
Rendered 2353/3073, time remaining: 26s
Rendered 2354/3073, time remaining: 26s
Rendered 2355/3073, time remaining: 26s
Rendered 2356/3073, time remaining: 26s
Rendered 2357/3073, time remaining: 26s
Rendered 2358/3073, time remaining: 26s
Rendered 2359/3073, time remaining: 26s
Rendered 2360/3073, time remaining: 26s
Rendered 2361/3073, time remaining: 26s
Rendered 2362/3073, time remaining: 26s
Rendered 2363/3073, time remaining: 26s
Rendered 2364/3073, time remaining: 26s
Rendered 2365/3073, time remaining: 26s
Rendered 2366/3073, time remaining: 26s
Rendered 2367/3073, time remaining: 26s
Rendered 2368/3073, time remaining: 25s
Rendered 2369/3073, time remaining: 25s
Rendered 2370/3073, time remaining: 25s
Rendered 2371/3073, time remaining: 26s
Rendered 2372/3073, time remaining: 26s
Rendered 2373/3073, time remaining: 25s
Rendered 2374/3073, time remaining: 25s
Rendered 2375/3073, time remaining: 25s
Rendered 2376/3073, time remaining: 25s
Rendered 2377/3073, time remaining: 25s
Rendered 2378/3073, time remaining: 25s
Rendered 2379/3073, time remaining: 25s
Rendered 2380/3073, time remaining: 25s
Rendered 2381/3073, time remaining: 25s
Rendered 2382/3073, time remaining: 25s
Rendered 2383/3073, time remaining: 25s
Rendered 2384/3073, time remaining: 25s
Rendered 2385/3073, time remaining: 25s
Rendered 2386/3073, time remaining: 25s
Rendered 2387/3073, time remaining: 25s
Rendered 2388/3073, time remaining: 25s
Rendered 2389/3073, time remaining: 25s
Rendered 2390/3073, time remaining: 25s
Rendered 2391/3073, time remaining: 25s
Rendered 2392/3073, time remaining: 24s
Rendered 2393/3073, time remaining: 24s
Rendered 2394/3073, time remaining: 24s
Rendered 2395/3073, time remaining: 24s
Rendered 2396/3073, time remaining: 24s
Rendered 2397/3073, time remaining: 25s
Rendered 2398/3073, time remaining: 24s
Rendered 2399/3073, time remaining: 24s
Rendered 2400/3073, time remaining: 24s
Rendered 2401/3073, time remaining: 24s
Rendered 2402/3073, time remaining: 24s
Rendered 2403/3073, time remaining: 24s
Rendered 2404/3073, time remaining: 24s
Rendered 2405/3073, time remaining: 24s
Rendered 2406/3073, time remaining: 24s
Rendered 2407/3073, time remaining: 24s
Rendered 2408/3073, time remaining: 24s
Rendered 2409/3073, time remaining: 24s
Rendered 2410/3073, time remaining: 24s
Rendered 2411/3073, time remaining: 24s
Rendered 2412/3073, time remaining: 24s
Rendered 2413/3073, time remaining: 24s
Rendered 2414/3073, time remaining: 24s
Rendered 2415/3073, time remaining: 24s
Rendered 2416/3073, time remaining: 24s
Rendered 2417/3073, time remaining: 24s
Rendered 2418/3073, time remaining: 23s
Rendered 2419/3073, time remaining: 23s
Rendered 2420/3073, time remaining: 23s
Rendered 2421/3073, time remaining: 23s
Rendered 2422/3073, time remaining: 23s
Rendered 2423/3073, time remaining: 23s
Rendered 2424/3073, time remaining: 23s
Rendered 2425/3073, time remaining: 23s
Rendered 2426/3073, time remaining: 23s
Rendered 2427/3073, time remaining: 23s
Rendered 2428/3073, time remaining: 23s
Rendered 2429/3073, time remaining: 23s
Rendered 2430/3073, time remaining: 23s
Rendered 2431/3073, time remaining: 23s
Rendered 2432/3073, time remaining: 23s
Rendered 2433/3073, time remaining: 23s
Rendered 2434/3073, time remaining: 23s
Rendered 2435/3073, time remaining: 23s
Rendered 2436/3073, time remaining: 23s
Rendered 2437/3073, time remaining: 22s
Rendered 2438/3073, time remaining: 23s
Rendered 2439/3073, time remaining: 23s
Rendered 2440/3073, time remaining: 22s
Rendered 2441/3073, time remaining: 22s
Rendered 2442/3073, time remaining: 22s
Rendered 2443/3073, time remaining: 22s
Rendered 2444/3073, time remaining: 22s
Rendered 2445/3073, time remaining: 22s
Rendered 2446/3073, time remaining: 22s
Rendered 2447/3073, time remaining: 22s
Rendered 2448/3073, time remaining: 22s
Rendered 2449/3073, time remaining: 22s
Rendered 2450/3073, time remaining: 22s
Rendered 2451/3073, time remaining: 22s
Rendered 2452/3073, time remaining: 22s
Rendered 2453/3073, time remaining: 22s
Rendered 2454/3073, time remaining: 22s
Rendered 2455/3073, time remaining: 22s
Rendered 2456/3073, time remaining: 22s
Rendered 2457/3073, time remaining: 22s
Rendered 2458/3073, time remaining: 22s
Rendered 2459/3073, time remaining: 22s
Rendered 2460/3073, time remaining: 22s
Rendered 2461/3073, time remaining: 22s
Rendered 2462/3073, time remaining: 22s
Rendered 2463/3073, time remaining: 22s
Rendered 2464/3073, time remaining: 22s
Rendered 2465/3073, time remaining: 22s
Rendered 2466/3073, time remaining: 21s
Rendered 2467/3073, time remaining: 21s
Rendered 2468/3073, time remaining: 21s
Rendered 2469/3073, time remaining: 21s
Rendered 2470/3073, time remaining: 21s
Rendered 2471/3073, time remaining: 22s
Rendered 2472/3073, time remaining: 21s
Rendered 2473/3073, time remaining: 21s
Rendered 2474/3073, time remaining: 21s
Rendered 2475/3073, time remaining: 21s
Rendered 2476/3073, time remaining: 21s
Rendered 2477/3073, time remaining: 21s
Rendered 2478/3073, time remaining: 21s
Rendered 2479/3073, time remaining: 21s
Rendered 2480/3073, time remaining: 21s
Rendered 2481/3073, time remaining: 21s
Rendered 2482/3073, time remaining: 21s
Rendered 2483/3073, time remaining: 21s
Rendered 2484/3073, time remaining: 21s
Rendered 2485/3073, time remaining: 21s
Rendered 2486/3073, time remaining: 21s
Rendered 2487/3073, time remaining: 21s
Rendered 2488/3073, time remaining: 20s
Rendered 2489/3073, time remaining: 21s
Rendered 2490/3073, time remaining: 21s
Rendered 2491/3073, time remaining: 21s
Rendered 2492/3073, time remaining: 20s
Rendered 2493/3073, time remaining: 20s
Rendered 2494/3073, time remaining: 20s
Rendered 2495/3073, time remaining: 21s
Rendered 2496/3073, time remaining: 20s
Rendered 2497/3073, time remaining: 21s
Rendered 2498/3073, time remaining: 20s
Rendered 2499/3073, time remaining: 20s
Rendered 2500/3073, time remaining: 20s
Rendered 2501/3073, time remaining: 20s
Rendered 2502/3073, time remaining: 20s
Rendered 2503/3073, time remaining: 20s
Rendered 2504/3073, time remaining: 20s
Rendered 2505/3073, time remaining: 20s
Rendered 2506/3073, time remaining: 20s
Rendered 2507/3073, time remaining: 20s
Rendered 2508/3073, time remaining: 20s
Rendered 2509/3073, time remaining: 20s
Rendered 2510/3073, time remaining: 20s
Rendered 2511/3073, time remaining: 20s
Rendered 2512/3073, time remaining: 20s
Rendered 2513/3073, time remaining: 19s
Rendered 2514/3073, time remaining: 19s
Rendered 2515/3073, time remaining: 20s
Rendered 2516/3073, time remaining: 20s
Rendered 2517/3073, time remaining: 19s
Rendered 2518/3073, time remaining: 20s
Rendered 2519/3073, time remaining: 19s
Rendered 2520/3073, time remaining: 20s
Rendered 2521/3073, time remaining: 19s
Rendered 2522/3073, time remaining: 19s
Rendered 2523/3073, time remaining: 19s
Rendered 2524/3073, time remaining: 19s
Rendered 2525/3073, time remaining: 19s
Rendered 2526/3073, time remaining: 19s
Rendered 2527/3073, time remaining: 19s
Rendered 2528/3073, time remaining: 19s
Rendered 2529/3073, time remaining: 19s
Rendered 2530/3073, time remaining: 19s
Rendered 2531/3073, time remaining: 19s
Rendered 2532/3073, time remaining: 19s
Rendered 2533/3073, time remaining: 19s
Rendered 2534/3073, time remaining: 19s
Rendered 2535/3073, time remaining: 19s
Rendered 2536/3073, time remaining: 19s
Rendered 2537/3073, time remaining: 19s
Rendered 2538/3073, time remaining: 18s
Rendered 2539/3073, time remaining: 19s
Rendered 2540/3073, time remaining: 19s
Rendered 2541/3073, time remaining: 19s
Rendered 2542/3073, time remaining: 18s
Rendered 2543/3073, time remaining: 19s
Rendered 2544/3073, time remaining: 18s
Rendered 2545/3073, time remaining: 18s
Rendered 2546/3073, time remaining: 18s
Rendered 2547/3073, time remaining: 18s
Rendered 2548/3073, time remaining: 18s
Rendered 2549/3073, time remaining: 18s
Rendered 2550/3073, time remaining: 18s
Rendered 2551/3073, time remaining: 18s
Rendered 2552/3073, time remaining: 18s
Rendered 2553/3073, time remaining: 18s
Rendered 2554/3073, time remaining: 18s
Rendered 2555/3073, time remaining: 18s
Rendered 2556/3073, time remaining: 18s
Rendered 2557/3073, time remaining: 18s
Rendered 2558/3073, time remaining: 18s
Rendered 2559/3073, time remaining: 18s
Rendered 2560/3073, time remaining: 18s
Rendered 2561/3073, time remaining: 18s
Rendered 2562/3073, time remaining: 17s
Rendered 2563/3073, time remaining: 18s
Rendered 2564/3073, time remaining: 18s
Rendered 2565/3073, time remaining: 18s
Rendered 2566/3073, time remaining: 17s
Rendered 2567/3073, time remaining: 17s
Rendered 2568/3073, time remaining: 17s
Rendered 2569/3073, time remaining: 17s
Rendered 2570/3073, time remaining: 18s
Rendered 2571/3073, time remaining: 17s
Rendered 2572/3073, time remaining: 17s
Rendered 2573/3073, time remaining: 17s
Rendered 2574/3073, time remaining: 17s
Rendered 2575/3073, time remaining: 17s
Rendered 2576/3073, time remaining: 17s
Rendered 2577/3073, time remaining: 17s
Rendered 2578/3073, time remaining: 17s
Rendered 2579/3073, time remaining: 17s
Rendered 2580/3073, time remaining: 17s
Rendered 2581/3073, time remaining: 17s
Rendered 2582/3073, time remaining: 17s
Rendered 2583/3073, time remaining: 17s
Rendered 2584/3073, time remaining: 17s
Rendered 2585/3073, time remaining: 17s
Rendered 2586/3073, time remaining: 17s
Rendered 2587/3073, time remaining: 17s
Rendered 2588/3073, time remaining: 17s
Rendered 2589/3073, time remaining: 17s
Rendered 2590/3073, time remaining: 17s
Rendered 2591/3073, time remaining: 17s
Rendered 2592/3073, time remaining: 17s
Rendered 2593/3073, time remaining: 17s
Rendered 2594/3073, time remaining: 17s
Rendered 2595/3073, time remaining: 17s
Rendered 2596/3073, time remaining: 16s
Rendered 2597/3073, time remaining: 16s
Rendered 2598/3073, time remaining: 16s
Rendered 2599/3073, time remaining: 16s
Rendered 2600/3073, time remaining: 16s
Rendered 2601/3073, time remaining: 17s
Rendered 2602/3073, time remaining: 16s
Rendered 2603/3073, time remaining: 16s
Rendered 2604/3073, time remaining: 16s
Rendered 2605/3073, time remaining: 16s
Rendered 2606/3073, time remaining: 16s
Rendered 2607/3073, time remaining: 16s
Rendered 2608/3073, time remaining: 16s
Rendered 2609/3073, time remaining: 16s
Rendered 2610/3073, time remaining: 16s
Rendered 2611/3073, time remaining: 16s
Rendered 2612/3073, time remaining: 16s
Rendered 2613/3073, time remaining: 16s
Rendered 2614/3073, time remaining: 16s
Rendered 2615/3073, time remaining: 16s
Rendered 2616/3073, time remaining: 16s
Rendered 2617/3073, time remaining: 16s
Rendered 2618/3073, time remaining: 15s
Rendered 2619/3073, time remaining: 16s
Rendered 2620/3073, time remaining: 16s
Rendered 2621/3073, time remaining: 15s
Rendered 2622/3073, time remaining: 15s
Rendered 2623/3073, time remaining: 15s
Rendered 2624/3073, time remaining: 15s
Rendered 2625/3073, time remaining: 15s
Rendered 2626/3073, time remaining: 15s
Rendered 2627/3073, time remaining: 15s
Rendered 2628/3073, time remaining: 15s
Rendered 2629/3073, time remaining: 15s
Rendered 2630/3073, time remaining: 15s
Rendered 2631/3073, time remaining: 15s
Rendered 2632/3073, time remaining: 15s
Rendered 2633/3073, time remaining: 15s
Rendered 2634/3073, time remaining: 15s
Rendered 2635/3073, time remaining: 15s
Rendered 2636/3073, time remaining: 15s
Rendered 2637/3073, time remaining: 15s
Rendered 2638/3073, time remaining: 15s
Rendered 2639/3073, time remaining: 15s
Rendered 2640/3073, time remaining: 15s
Rendered 2641/3073, time remaining: 15s
Rendered 2642/3073, time remaining: 15s
Rendered 2643/3073, time remaining: 15s
Rendered 2644/3073, time remaining: 15s
Rendered 2645/3073, time remaining: 15s
Rendered 2646/3073, time remaining: 15s
Rendered 2647/3073, time remaining: 15s
Rendered 2648/3073, time remaining: 15s
Rendered 2649/3073, time remaining: 15s
Rendered 2650/3073, time remaining: 15s
Rendered 2651/3073, time remaining: 14s
Rendered 2652/3073, time remaining: 14s
Rendered 2653/3073, time remaining: 14s
Rendered 2654/3073, time remaining: 14s
Rendered 2655/3073, time remaining: 14s
Rendered 2656/3073, time remaining: 14s
Rendered 2657/3073, time remaining: 14s
Rendered 2658/3073, time remaining: 14s
Rendered 2659/3073, time remaining: 14s
Rendered 2660/3073, time remaining: 14s
Rendered 2661/3073, time remaining: 14s
Rendered 2662/3073, time remaining: 14s
Rendered 2663/3073, time remaining: 14s
Rendered 2664/3073, time remaining: 14s
Rendered 2665/3073, time remaining: 14s
Rendered 2666/3073, time remaining: 14s
Rendered 2667/3073, time remaining: 14s
Rendered 2668/3073, time remaining: 14s
Rendered 2669/3073, time remaining: 14s
Rendered 2670/3073, time remaining: 14s
Rendered 2671/3073, time remaining: 14s
Rendered 2672/3073, time remaining: 14s
Rendered 2673/3073, time remaining: 14s
Rendered 2674/3073, time remaining: 14s
Rendered 2675/3073, time remaining: 14s
Rendered 2676/3073, time remaining: 14s
Rendered 2677/3073, time remaining: 14s
Rendered 2678/3073, time remaining: 13s
Rendered 2679/3073, time remaining: 13s
Rendered 2680/3073, time remaining: 14s
Rendered 2681/3073, time remaining: 13s
Rendered 2682/3073, time remaining: 13s
Rendered 2683/3073, time remaining: 13s
Rendered 2684/3073, time remaining: 13s
Rendered 2685/3073, time remaining: 13s
Rendered 2686/3073, time remaining: 13s
Rendered 2687/3073, time remaining: 13s
Rendered 2688/3073, time remaining: 13s
Rendered 2689/3073, time remaining: 13s
Rendered 2690/3073, time remaining: 13s
Rendered 2691/3073, time remaining: 13s
Rendered 2692/3073, time remaining: 13s
Rendered 2693/3073, time remaining: 13s
Rendered 2694/3073, time remaining: 13s
Rendered 2695/3073, time remaining: 13s
Rendered 2696/3073, time remaining: 13s
Rendered 2697/3073, time remaining: 13s
Rendered 2698/3073, time remaining: 13s
Rendered 2699/3073, time remaining: 13s
Rendered 2700/3073, time remaining: 13s
Rendered 2701/3073, time remaining: 13s
Rendered 2702/3073, time remaining: 13s
Rendered 2703/3073, time remaining: 13s
Rendered 2704/3073, time remaining: 13s
Rendered 2705/3073, time remaining: 13s
Rendered 2706/3073, time remaining: 13s
Rendered 2707/3073, time remaining: 12s
Rendered 2708/3073, time remaining: 12s
Rendered 2709/3073, time remaining: 12s
Rendered 2710/3073, time remaining: 12s
Rendered 2711/3073, time remaining: 13s
Rendered 2712/3073, time remaining: 13s
Rendered 2713/3073, time remaining: 12s
Rendered 2714/3073, time remaining: 12s
Rendered 2715/3073, time remaining: 12s
Rendered 2716/3073, time remaining: 12s
Rendered 2717/3073, time remaining: 12s
Rendered 2718/3073, time remaining: 12s
Rendered 2719/3073, time remaining: 12s
Rendered 2720/3073, time remaining: 12s
Rendered 2721/3073, time remaining: 12s
Rendered 2722/3073, time remaining: 12s
Rendered 2723/3073, time remaining: 12s
Rendered 2724/3073, time remaining: 12s
Rendered 2725/3073, time remaining: 12s
Rendered 2726/3073, time remaining: 12s
Rendered 2727/3073, time remaining: 12s
Rendered 2728/3073, time remaining: 12s
Rendered 2729/3073, time remaining: 12s
Rendered 2730/3073, time remaining: 12s
Rendered 2731/3073, time remaining: 12s
Rendered 2732/3073, time remaining: 12s
Rendered 2733/3073, time remaining: 12s
Rendered 2734/3073, time remaining: 12s
Rendered 2735/3073, time remaining: 11s
Rendered 2736/3073, time remaining: 12s
Rendered 2737/3073, time remaining: 11s
Rendered 2738/3073, time remaining: 11s
Rendered 2739/3073, time remaining: 11s
Rendered 2740/3073, time remaining: 11s
Rendered 2741/3073, time remaining: 11s
Rendered 2742/3073, time remaining: 11s
Rendered 2743/3073, time remaining: 11s
Rendered 2744/3073, time remaining: 11s
Rendered 2745/3073, time remaining: 11s
Rendered 2746/3073, time remaining: 11s
Rendered 2747/3073, time remaining: 11s
Rendered 2748/3073, time remaining: 11s
Rendered 2749/3073, time remaining: 11s
Rendered 2750/3073, time remaining: 11s
Rendered 2751/3073, time remaining: 11s
Rendered 2752/3073, time remaining: 11s
Rendered 2753/3073, time remaining: 11s
Rendered 2754/3073, time remaining: 11s
Rendered 2755/3073, time remaining: 11s
Rendered 2756/3073, time remaining: 11s
Rendered 2757/3073, time remaining: 11s
Rendered 2758/3073, time remaining: 11s
Rendered 2759/3073, time remaining: 11s
Rendered 2760/3073, time remaining: 11s
Rendered 2761/3073, time remaining: 11s
Rendered 2762/3073, time remaining: 11s
Rendered 2763/3073, time remaining: 10s
Rendered 2764/3073, time remaining: 10s
Rendered 2765/3073, time remaining: 10s
Rendered 2766/3073, time remaining: 11s
Rendered 2767/3073, time remaining: 11s
Rendered 2768/3073, time remaining: 11s
Rendered 2769/3073, time remaining: 10s
Rendered 2770/3073, time remaining: 10s
Rendered 2771/3073, time remaining: 10s
Rendered 2772/3073, time remaining: 10s
Rendered 2773/3073, time remaining: 10s
Rendered 2774/3073, time remaining: 10s
Rendered 2775/3073, time remaining: 10s
Rendered 2776/3073, time remaining: 10s
Rendered 2777/3073, time remaining: 10s
Rendered 2778/3073, time remaining: 10s
Rendered 2779/3073, time remaining: 10s
Rendered 2780/3073, time remaining: 10s
Rendered 2781/3073, time remaining: 10s
Rendered 2782/3073, time remaining: 10s
Rendered 2783/3073, time remaining: 10s
Rendered 2784/3073, time remaining: 10s
Rendered 2785/3073, time remaining: 10s
Rendered 2786/3073, time remaining: 10s
Rendered 2787/3073, time remaining: 10s
Rendered 2788/3073, time remaining: 10s
Rendered 2789/3073, time remaining: 10s
Rendered 2790/3073, time remaining: 10s
Rendered 2791/3073, time remaining: 10s
Rendered 2792/3073, time remaining: 10s
Rendered 2793/3073, time remaining: 9s
Rendered 2794/3073, time remaining: 9s
Rendered 2795/3073, time remaining: 9s
Rendered 2796/3073, time remaining: 10s
Rendered 2797/3073, time remaining: 9s
Rendered 2798/3073, time remaining: 9s
Rendered 2799/3073, time remaining: 9s
Rendered 2800/3073, time remaining: 9s
Rendered 2801/3073, time remaining: 9s
Rendered 2802/3073, time remaining: 9s
Rendered 2803/3073, time remaining: 9s
Rendered 2804/3073, time remaining: 9s
Rendered 2805/3073, time remaining: 9s
Rendered 2806/3073, time remaining: 9s
Rendered 2807/3073, time remaining: 9s
Rendered 2808/3073, time remaining: 9s
Rendered 2809/3073, time remaining: 9s
Rendered 2810/3073, time remaining: 9s
Rendered 2811/3073, time remaining: 9s
Rendered 2812/3073, time remaining: 9s
Rendered 2813/3073, time remaining: 9s
Rendered 2814/3073, time remaining: 9s
Rendered 2815/3073, time remaining: 9s
Rendered 2816/3073, time remaining: 9s
Rendered 2817/3073, time remaining: 9s
Rendered 2818/3073, time remaining: 9s
Rendered 2819/3073, time remaining: 9s
Rendered 2820/3073, time remaining: 9s
Rendered 2821/3073, time remaining: 9s
Rendered 2822/3073, time remaining: 9s
Rendered 2823/3073, time remaining: 9s
Rendered 2824/3073, time remaining: 8s
Rendered 2825/3073, time remaining: 8s
Rendered 2826/3073, time remaining: 8s
Rendered 2827/3073, time remaining: 8s
Rendered 2828/3073, time remaining: 8s
Rendered 2829/3073, time remaining: 8s
Rendered 2830/3073, time remaining: 8s
Rendered 2831/3073, time remaining: 8s
Rendered 2832/3073, time remaining: 8s
Rendered 2833/3073, time remaining: 8s
Rendered 2834/3073, time remaining: 8s
Rendered 2835/3073, time remaining: 8s
Rendered 2836/3073, time remaining: 8s
Rendered 2837/3073, time remaining: 8s
Rendered 2838/3073, time remaining: 8s
Rendered 2839/3073, time remaining: 8s
Rendered 2840/3073, time remaining: 8s
Rendered 2841/3073, time remaining: 8s
Rendered 2842/3073, time remaining: 8s
Rendered 2843/3073, time remaining: 8s
Rendered 2844/3073, time remaining: 8s
Rendered 2845/3073, time remaining: 8s
Rendered 2846/3073, time remaining: 8s
Rendered 2847/3073, time remaining: 8s
Rendered 2848/3073, time remaining: 8s
Rendered 2849/3073, time remaining: 8s
Rendered 2850/3073, time remaining: 8s
Rendered 2851/3073, time remaining: 7s
Rendered 2852/3073, time remaining: 7s
Rendered 2853/3073, time remaining: 7s
Rendered 2854/3073, time remaining: 7s
Rendered 2855/3073, time remaining: 7s
Rendered 2856/3073, time remaining: 8s
Rendered 2857/3073, time remaining: 7s
Rendered 2858/3073, time remaining: 7s
Rendered 2859/3073, time remaining: 7s
Rendered 2860/3073, time remaining: 7s
Rendered 2861/3073, time remaining: 7s
Rendered 2862/3073, time remaining: 7s
Rendered 2863/3073, time remaining: 7s
Rendered 2864/3073, time remaining: 7s
Rendered 2865/3073, time remaining: 7s
Rendered 2866/3073, time remaining: 7s
Rendered 2867/3073, time remaining: 7s
Rendered 2868/3073, time remaining: 7s
Rendered 2869/3073, time remaining: 7s
Rendered 2870/3073, time remaining: 7s
Rendered 2871/3073, time remaining: 7s
Rendered 2872/3073, time remaining: 7s
Rendered 2873/3073, time remaining: 7s
Rendered 2874/3073, time remaining: 7s
Rendered 2875/3073, time remaining: 7s
Rendered 2876/3073, time remaining: 7s
Rendered 2877/3073, time remaining: 7s
Rendered 2878/3073, time remaining: 7s
Rendered 2879/3073, time remaining: 7s
Rendered 2880/3073, time remaining: 7s
Rendered 2881/3073, time remaining: 7s
Rendered 2882/3073, time remaining: 6s
Rendered 2883/3073, time remaining: 6s
Rendered 2884/3073, time remaining: 6s
Rendered 2885/3073, time remaining: 6s
Rendered 2886/3073, time remaining: 6s
Rendered 2887/3073, time remaining: 6s
Rendered 2888/3073, time remaining: 6s
Rendered 2889/3073, time remaining: 6s
Rendered 2890/3073, time remaining: 6s
Rendered 2891/3073, time remaining: 6s
Rendered 2892/3073, time remaining: 6s
Rendered 2893/3073, time remaining: 6s
Rendered 2894/3073, time remaining: 6s
Rendered 2895/3073, time remaining: 6s
Rendered 2896/3073, time remaining: 6s
Rendered 2897/3073, time remaining: 6s
Rendered 2898/3073, time remaining: 6s
Rendered 2899/3073, time remaining: 6s
Rendered 2900/3073, time remaining: 6s
Rendered 2901/3073, time remaining: 6s
Rendered 2902/3073, time remaining: 6s
Rendered 2903/3073, time remaining: 6s
Rendered 2904/3073, time remaining: 6s
Rendered 2905/3073, time remaining: 6s
Rendered 2906/3073, time remaining: 6s
Rendered 2907/3073, time remaining: 6s
Rendered 2908/3073, time remaining: 6s
Rendered 2909/3073, time remaining: 6s
Rendered 2910/3073, time remaining: 5s
Rendered 2911/3073, time remaining: 5s
Rendered 2912/3073, time remaining: 5s
Rendered 2913/3073, time remaining: 5s
Rendered 2914/3073, time remaining: 5s
Rendered 2915/3073, time remaining: 5s
Rendered 2916/3073, time remaining: 5s
Rendered 2917/3073, time remaining: 5s
Rendered 2918/3073, time remaining: 5s
Rendered 2919/3073, time remaining: 5s
Rendered 2920/3073, time remaining: 5s
Rendered 2921/3073, time remaining: 5s
Rendered 2922/3073, time remaining: 5s
Rendered 2923/3073, time remaining: 5s
Rendered 2924/3073, time remaining: 5s
Rendered 2925/3073, time remaining: 5s
Rendered 2926/3073, time remaining: 5s
Rendered 2927/3073, time remaining: 5s
Rendered 2928/3073, time remaining: 5s
Rendered 2929/3073, time remaining: 5s
Rendered 2930/3073, time remaining: 5s
Rendered 2931/3073, time remaining: 5s
Rendered 2932/3073, time remaining: 5s
Rendered 2933/3073, time remaining: 5s
Rendered 2934/3073, time remaining: 5s
Rendered 2935/3073, time remaining: 5s
Rendered 2936/3073, time remaining: 5s
Rendered 2937/3073, time remaining: 4s
Rendered 2938/3073, time remaining: 4s
Rendered 2939/3073, time remaining: 4s
Rendered 2940/3073, time remaining: 4s
Rendered 2941/3073, time remaining: 4s
Rendered 2942/3073, time remaining: 4s
Rendered 2943/3073, time remaining: 4s
Rendered 2944/3073, time remaining: 4s
Rendered 2945/3073, time remaining: 4s
Rendered 2946/3073, time remaining: 4s
Rendered 2947/3073, time remaining: 4s
Rendered 2948/3073, time remaining: 4s
Rendered 2949/3073, time remaining: 4s
Rendered 2950/3073, time remaining: 4s
Rendered 2951/3073, time remaining: 4s
Rendered 2952/3073, time remaining: 4s
Rendered 2953/3073, time remaining: 4s
Rendered 2954/3073, time remaining: 4s
Rendered 2955/3073, time remaining: 4s
Rendered 2956/3073, time remaining: 4s
Rendered 2957/3073, time remaining: 4s
Rendered 2958/3073, time remaining: 4s
Rendered 2959/3073, time remaining: 4s
Rendered 2960/3073, time remaining: 4s
Rendered 2961/3073, time remaining: 4s
Rendered 2962/3073, time remaining: 4s
Rendered 2963/3073, time remaining: 4s
Rendered 2964/3073, time remaining: 4s
Rendered 2965/3073, time remaining: 3s
Rendered 2966/3073, time remaining: 3s
Rendered 2967/3073, time remaining: 3s
Rendered 2968/3073, time remaining: 3s
Rendered 2969/3073, time remaining: 3s
Rendered 2970/3073, time remaining: 3s
Rendered 2971/3073, time remaining: 3s
Rendered 2972/3073, time remaining: 3s
Rendered 2973/3073, time remaining: 3s
Rendered 2974/3073, time remaining: 3s
Rendered 2975/3073, time remaining: 3s
Rendered 2976/3073, time remaining: 3s
Rendered 2977/3073, time remaining: 3s
Rendered 2978/3073, time remaining: 3s
Rendered 2979/3073, time remaining: 3s
Rendered 2980/3073, time remaining: 3s
Rendered 2981/3073, time remaining: 3s
Rendered 2982/3073, time remaining: 3s
Rendered 2983/3073, time remaining: 3s
Rendered 2984/3073, time remaining: 3s
Rendered 2985/3073, time remaining: 3s
Rendered 2986/3073, time remaining: 3s
Rendered 2987/3073, time remaining: 3s
Rendered 2988/3073, time remaining: 3s
Rendered 2989/3073, time remaining: 3s
Rendered 2990/3073, time remaining: 3s
Rendered 2991/3073, time remaining: 3s
Rendered 2992/3073, time remaining: 2s
Rendered 2993/3073, time remaining: 2s
Rendered 2994/3073, time remaining: 2s
Rendered 2995/3073, time remaining: 2s
Rendered 2996/3073, time remaining: 2s
Rendered 2997/3073, time remaining: 2s
Rendered 2998/3073, time remaining: 2s
Rendered 2999/3073, time remaining: 2s
Rendered 3000/3073, time remaining: 2s
Rendered 3001/3073, time remaining: 2s
Rendered 3002/3073, time remaining: 2s
Rendered 3003/3073, time remaining: 2s
Rendered 3004/3073, time remaining: 2s
Rendered 3005/3073, time remaining: 2s
Rendered 3006/3073, time remaining: 2s
Rendered 3007/3073, time remaining: 2s
Rendered 3008/3073, time remaining: 2s
Rendered 3009/3073, time remaining: 2s
Rendered 3010/3073, time remaining: 2s
Rendered 3011/3073, time remaining: 2s
Rendered 3012/3073, time remaining: 2s
Rendered 3013/3073, time remaining: 2s
Rendered 3014/3073, time remaining: 2s
Rendered 3015/3073, time remaining: 2s
Rendered 3016/3073, time remaining: 2s
Rendered 3017/3073, time remaining: 2s
Rendered 3018/3073, time remaining: 2s
Rendered 3019/3073, time remaining: 2s
Rendered 3020/3073, time remaining: 1s
Rendered 3021/3073, time remaining: 1s
Rendered 3022/3073, time remaining: 1s
Rendered 3023/3073, time remaining: 1s
Rendered 3024/3073, time remaining: 1s
Rendered 3025/3073, time remaining: 1s
Rendered 3026/3073, time remaining: 1s
Rendered 3027/3073, time remaining: 1s
Rendered 3028/3073, time remaining: 1s
Rendered 3029/3073, time remaining: 1s
Rendered 3030/3073, time remaining: 1s
Rendered 3031/3073, time remaining: 1s
Rendered 3032/3073, time remaining: 1s
Rendered 3033/3073, time remaining: 1s
Rendered 3034/3073, time remaining: 1s
Rendered 3035/3073, time remaining: 1s
Rendered 3036/3073, time remaining: 1s
Rendered 3037/3073, time remaining: 1s
Rendered 3038/3073, time remaining: 1s
Rendered 3039/3073, time remaining: 1s
Rendered 3040/3073, time remaining: 1s
Rendered 3041/3073, time remaining: 1s
Rendered 3042/3073, time remaining: 1s
Rendered 3043/3073, time remaining: 1s
Rendered 3044/3073, time remaining: 1s
Rendered 3045/3073, time remaining: 1s
Rendered 3046/3073, time remaining: 0s
Rendered 3047/3073, time remaining: 0s
Rendered 3048/3073, time remaining: 0s
Rendered 3049/3073, time remaining: 0s
Rendered 3050/3073, time remaining: 0s
Rendered 3051/3073, time remaining: 0s
Rendered 3052/3073, time remaining: 0s
Rendered 3053/3073, time remaining: 0s
Rendered 3054/3073, time remaining: 0s
Rendered 3055/3073, time remaining: 0s
Rendered 3056/3073, time remaining: 0s
Rendered 3057/3073, time remaining: 0s
Rendered 3058/3073, time remaining: 0s
Rendered 3059/3073, time remaining: 0s
Rendered 3060/3073, time remaining: 0s
Rendered 3061/3073, time remaining: 0s
Rendered 3062/3073, time remaining: 0s
Rendered 3063/3073, time remaining: 0s
Rendered 3064/3073, time remaining: 0s
Rendered 3065/3073, time remaining: 0s
Rendered 3066/3073, time remaining: 0s
Rendered 3067/3073, time remaining: 0s
Rendered 3068/3073, time remaining: 0s
Rendered 3069/3073, time remaining: 0s
Rendered 3070/3073, time remaining: 0s
Rendered 3071/3073, time remaining: 0s
Rendered 3072/3073, time remaining: 0s
Rendered 3073/3073
Encoded 59/3073
Encoded 152/3073
Encoded 253/3073
Encoded 349/3073
Encoded 450/3073
Encoded 546/3073
Encoded 645/3073
Encoded 744/3073
Encoded 838/3073
Encoded 947/3073
Encoded 1050/3073
Encoded 1154/3073
Encoded 1256/3073
Encoded 1357/3073
Encoded 1449/3073
Encoded 1542/3073
Encoded 1637/3073
Encoded 1714/3073
Encoded 1798/3073
Encoded 1882/3073
Encoded 1979/3073
Encoded 2069/3073
Encoded 2182/3073
Encoded 2266/3073
Encoded 2377/3073
Encoded 2469/3073
Encoded 2578/3073
Encoded 2693/3073
Encoded 2804/3073
Encoded 2909/3073
Encoded 3020/3073
Encoded 3073/3073
+                    ../projects/import-china-india-te/renders/ch30.mp4 14 MB
