Bundling 6%
Bundling 16%
Bundling 62%
Bundling 69%
Bundling 74%
Bundling 80%
Bundling 85%
Bundling 90%
Bundling 95%
Bundling 100%
Getting composition
Composition          Explainer
Codec                h264
Output               ../projects/import-china-india-te/renders/ch04.mp4
Concurrency          8x
Rendered 0/4735
Rendered 1/4735, time remaining: 57m 2s
Rendered 2/4735, time remaining: 28m 35s
Rendered 3/4735, time remaining: 19m 3s
Rendered 4/4735, time remaining: 14m 18s
Rendered 5/4735, time remaining: 11m 33s
Rendered 6/4735, time remaining: 9m 44s
Rendered 7/4735, time remaining: 8m 27s
Rendered 8/4735, time remaining: 7m 27s
Rendered 9/4735, time remaining: 8m 23s
Rendered 10/4735, time remaining: 7m 34s
Rendered 11/4735, time remaining: 6m 53s
Rendered 12/4735, time remaining: 6m 20s
Rendered 13/4735, time remaining: 6m 5s
Rendered 14/4735, time remaining: 5m 42s
Rendered 15/4735, time remaining: 5m 22s
Rendered 16/4735, time remaining: 5m 23s
Rendered 17/4735, time remaining: 5m 21s
Rendered 18/4735, time remaining: 5m 3s
Rendered 19/4735, time remaining: 4m 47s
Rendered 20/4735, time remaining: 4m 48s
Rendered 21/4735, time remaining: 4m 34s
Rendered 22/4735, time remaining: 4m 22s
Rendered 23/4735, time remaining: 4m 27s
Rendered 24/4735, time remaining: 4m 15s
Rendered 25/4735, time remaining: 4m 11s
Rendered 26/4735, time remaining: 4m 11s
Rendered 27/4735, time remaining: 4m 1s
Rendered 28/4735, time remaining: 4m 9s
Rendered 29/4735, time remaining: 4m 0s
Rendered 30/4735, time remaining: 3m 52s
Rendered 31/4735, time remaining: 3m 45s
Rendered 32/4735, time remaining: 3m 48s
Rendered 33/4735, time remaining: 3m 41s
Rendered 34/4735, time remaining: 3m 34s
Rendered 35/4735, time remaining: 3m 28s
Rendered 36/4735, time remaining: 3m 42s
Rendered 37/4735, time remaining: 3m 35s
Rendered 38/4735, time remaining: 3m 30s
Rendered 39/4735, time remaining: 3m 30s
Rendered 40/4735, time remaining: 3m 25s
Rendered 41/4735, time remaining: 3m 21s
Rendered 42/4735, time remaining: 3m 23s
Rendered 43/4735, time remaining: 3m 19s
Rendered 44/4735, time remaining: 3m 22s
Rendered 45/4735, time remaining: 3m 18s
Rendered 46/4735, time remaining: 3m 15s
Rendered 47/4735, time remaining: 3m 18s
Rendered 48/4735, time remaining: 3m 14s
Rendered 49/4735, time remaining: 3m 10s
Rendered 50/4735, time remaining: 3m 12s
Rendered 51/4735, time remaining: 3m 8s
Rendered 52/4735, time remaining: 3m 11s
Rendered 53/4735, time remaining: 3m 10s
Rendered 54/4735, time remaining: 3m 7s
Rendered 55/4735, time remaining: 3m 8s
Rendered 56/4735, time remaining: 3m 5s
Rendered 57/4735, time remaining: 3m 2s
Rendered 58/4735, time remaining: 2m 59s
Rendered 59/4735, time remaining: 2m 56s
Rendered 60/4735, time remaining: 3m 3s
Rendered 61/4735, time remaining: 3m 1s
Rendered 62/4735, time remaining: 2m 59s
Rendered 63/4735, time remaining: 3m 1s
Rendered 64/4735, time remaining: 2m 58s
Rendered 65/4735, time remaining: 3m 0s
Rendered 66/4735, time remaining: 2m 57s
Rendered 67/4735, time remaining: 2m 55s
Rendered 68/4735, time remaining: 2m 57s
Rendered 69/4735, time remaining: 2m 56s
Rendered 70/4735, time remaining: 2m 53s
Rendered 71/4735, time remaining: 2m 52s
Rendered 72/4735, time remaining: 2m 53s
Rendered 73/4735, time remaining: 2m 51s
Rendered 74/4735, time remaining: 2m 49s
Rendered 75/4735, time remaining: 2m 49s
Rendered 76/4735, time remaining: 2m 53s
Rendered 77/4735, time remaining: 2m 52s
Rendered 78/4735, time remaining: 2m 52s
Rendered 79/4735, time remaining: 2m 50s
Rendered 80/4735, time remaining: 2m 48s
Rendered 81/4735, time remaining: 2m 46s
Rendered 82/4735, time remaining: 2m 46s
Rendered 83/4735, time remaining: 2m 43s
Rendered 84/4735, time remaining: 2m 50s
Rendered 85/4735, time remaining: 2m 48s
Rendered 86/4735, time remaining: 2m 47s
Rendered 87/4735, time remaining: 2m 45s
Rendered 88/4735, time remaining: 2m 47s
Rendered 89/4735, time remaining: 2m 45s
Rendered 90/4735, time remaining: 2m 43s
Rendered 91/4735, time remaining: 2m 41s
Rendered 92/4735, time remaining: 2m 45s
Rendered 93/4735, time remaining: 2m 46s
Rendered 94/4735, time remaining: 2m 44s
Rendered 95/4735, time remaining: 2m 42s
Rendered 96/4735, time remaining: 2m 44s
Rendered 97/4735, time remaining: 2m 43s
Rendered 98/4735, time remaining: 2m 42s
Rendered 99/4735, time remaining: 2m 41s
Rendered 100/4735, time remaining: 2m 40s
Rendered 101/4735, time remaining: 2m 41s
Rendered 102/4735, time remaining: 2m 39s
Rendered 103/4735, time remaining: 2m 38s
Rendered 104/4735, time remaining: 2m 41s
Rendered 105/4735, time remaining: 2m 40s
Rendered 106/4735, time remaining: 2m 40s
Rendered 107/4735, time remaining: 2m 39s
Rendered 108/4735, time remaining: 2m 39s
Rendered 109/4735, time remaining: 2m 37s
Rendered 110/4735, time remaining: 2m 36s
Rendered 111/4735, time remaining: 2m 39s
Rendered 112/4735, time remaining: 2m 38s
Rendered 113/4735, time remaining: 2m 36s
Rendered 114/4735, time remaining: 2m 38s
Rendered 115/4735, time remaining: 2m 37s
Rendered 116/4735, time remaining: 2m 35s
Rendered 117/4735, time remaining: 2m 37s
Rendered 118/4735, time remaining: 2m 36s
Rendered 119/4735, time remaining: 2m 37s
Rendered 120/4735, time remaining: 2m 36s
Rendered 121/4735, time remaining: 2m 35s
Rendered 122/4735, time remaining: 2m 37s
Rendered 123/4735, time remaining: 2m 36s
Rendered 124/4735, time remaining: 2m 35s
Rendered 125/4735, time remaining: 2m 34s
Rendered 126/4735, time remaining: 2m 33s
Rendered 127/4735, time remaining: 2m 33s
Rendered 128/4735, time remaining: 2m 32s
Rendered 129/4735, time remaining: 2m 34s
Rendered 130/4735, time remaining: 2m 35s
Rendered 131/4735, time remaining: 2m 34s
Rendered 132/4735, time remaining: 2m 34s
Rendered 133/4735, time remaining: 2m 33s
Rendered 134/4735, time remaining: 2m 32s
Rendered 135/4735, time remaining: 2m 31s
Rendered 136/4735, time remaining: 2m 31s
Rendered 137/4735, time remaining: 2m 30s
Rendered 138/4735, time remaining: 2m 34s
Rendered 139/4735, time remaining: 2m 33s
Rendered 140/4735, time remaining: 2m 33s
Rendered 141/4735, time remaining: 2m 32s
Rendered 142/4735, time remaining: 2m 31s
Rendered 143/4735, time remaining: 2m 30s
Rendered 144/4735, time remaining: 2m 29s
Rendered 145/4735, time remaining: 2m 32s
Rendered 146/4735, time remaining: 2m 33s
Rendered 147/4735, time remaining: 2m 31s
Rendered 148/4735, time remaining: 2m 30s
Rendered 149/4735, time remaining: 2m 30s
Rendered 150/4735, time remaining: 2m 31s
Rendered 151/4735, time remaining: 2m 9s
Rendered 152/4735, time remaining: 2m 9s
Rendered 153/4735, time remaining: 2m 11s
Rendered 154/4735, time remaining: 2m 13s
Rendered 155/4735, time remaining: 2m 13s
Rendered 156/4735, time remaining: 2m 13s
Rendered 157/4735, time remaining: 2m 14s
Rendered 158/4735, time remaining: 2m 14s
Rendered 159/4735, time remaining: 2m 8s
Rendered 160/4735, time remaining: 2m 8s
Rendered 161/4735, time remaining: 2m 10s
Rendered 162/4735, time remaining: 2m 12s
Rendered 163/4735, time remaining: 2m 12s
Rendered 164/4735, time remaining: 2m 12s
Rendered 165/4735, time remaining: 2m 12s
Rendered 166/4735, time remaining: 2m 10s
Rendered 167/4735, time remaining: 2m 8s
Rendered 168/4735, time remaining: 2m 9s
Rendered 169/4735, time remaining: 2m 11s
Rendered 170/4735, time remaining: 2m 9s
Rendered 171/4735, time remaining: 2m 13s
Rendered 172/4735, time remaining: 2m 13s
Rendered 173/4735, time remaining: 2m 12s
Rendered 174/4735, time remaining: 2m 12s
Rendered 175/4735, time remaining: 2m 11s
Rendered 176/4735, time remaining: 2m 10s
Rendered 177/4735, time remaining: 2m 10s
Rendered 178/4735, time remaining: 2m 8s
Rendered 179/4735, time remaining: 2m 12s
Rendered 180/4735, time remaining: 2m 13s
Rendered 181/4735, time remaining: 2m 13s
Rendered 182/4735, time remaining: 2m 12s
Rendered 183/4735, time remaining: 2m 12s
Rendered 184/4735, time remaining: 2m 12s
Rendered 185/4735, time remaining: 2m 12s
Rendered 186/4735, time remaining: 2m 8s
Rendered 187/4735, time remaining: 2m 13s
Rendered 188/4735, time remaining: 2m 13s
Rendered 189/4735, time remaining: 2m 12s
Rendered 190/4735, time remaining: 2m 13s
Rendered 191/4735, time remaining: 2m 12s
Rendered 192/4735, time remaining: 2m 11s
Rendered 193/4735, time remaining: 2m 11s
Rendered 194/4735, time remaining: 2m 12s
Rendered 195/4735, time remaining: 2m 13s
Rendered 196/4735, time remaining: 2m 13s
Rendered 197/4735, time remaining: 2m 12s
Rendered 198/4735, time remaining: 2m 13s
Rendered 199/4735, time remaining: 2m 13s
Rendered 200/4735, time remaining: 2m 11s
Rendered 201/4735, time remaining: 2m 13s
Rendered 202/4735, time remaining: 2m 13s
Rendered 203/4735, time remaining: 2m 14s
Rendered 204/4735, time remaining: 2m 14s
Rendered 205/4735, time remaining: 2m 12s
Rendered 206/4735, time remaining: 2m 14s
Rendered 207/4735, time remaining: 2m 14s
Rendered 208/4735, time remaining: 2m 14s
Rendered 209/4735, time remaining: 2m 14s
Rendered 210/4735, time remaining: 2m 14s
Rendered 211/4735, time remaining: 2m 14s
Rendered 212/4735, time remaining: 2m 14s
Rendered 213/4735, time remaining: 2m 12s
Rendered 214/4735, time remaining: 2m 13s
Rendered 215/4735, time remaining: 2m 11s
Rendered 216/4735, time remaining: 2m 11s
Rendered 217/4735, time remaining: 2m 15s
Rendered 218/4735, time remaining: 2m 13s
Rendered 219/4735, time remaining: 2m 14s
Rendered 220/4735, time remaining: 2m 15s
Rendered 221/4735, time remaining: 2m 15s
Rendered 222/4735, time remaining: 2m 15s
Rendered 223/4735, time remaining: 2m 15s
Rendered 224/4735, time remaining: 2m 15s
Rendered 225/4735, time remaining: 2m 13s
Rendered 226/4735, time remaining: 2m 12s
Rendered 227/4735, time remaining: 2m 15s
Rendered 228/4735, time remaining: 2m 15s
Rendered 229/4735, time remaining: 2m 15s
Rendered 230/4735, time remaining: 2m 15s
Rendered 231/4735, time remaining: 2m 15s
Rendered 232/4735, time remaining: 2m 14s
Rendered 233/4735, time remaining: 2m 16s
Rendered 234/4735, time remaining: 2m 13s
Rendered 235/4735, time remaining: 2m 15s
Rendered 236/4735, time remaining: 2m 15s
Rendered 237/4735, time remaining: 2m 16s
Rendered 238/4735, time remaining: 2m 14s
Rendered 239/4735, time remaining: 2m 14s
Rendered 240/4735, time remaining: 2m 17s
Rendered 241/4735, time remaining: 2m 17s
Rendered 242/4735, time remaining: 2m 16s
Rendered 243/4735, time remaining: 2m 15s
Rendered 244/4735, time remaining: 2m 16s
Rendered 245/4735, time remaining: 2m 16s
Rendered 246/4735, time remaining: 2m 14s
Rendered 247/4735, time remaining: 2m 15s
Rendered 248/4735, time remaining: 2m 15s
Rendered 249/4735, time remaining: 2m 14s
Rendered 250/4735, time remaining: 2m 18s
Rendered 251/4735, time remaining: 2m 18s
Rendered 252/4735, time remaining: 2m 18s
Rendered 253/4735, time remaining: 2m 18s
Rendered 254/4735, time remaining: 2m 15s
Rendered 255/4735, time remaining: 2m 16s
Rendered 256/4735, time remaining: 2m 15s
Rendered 257/4735, time remaining: 2m 17s
Rendered 258/4735, time remaining: 2m 17s
Rendered 259/4735, time remaining: 2m 21s
Rendered 260/4735, time remaining: 2m 20s
Rendered 261/4735, time remaining: 2m 17s
Rendered 262/4735, time remaining: 2m 17s
Rendered 263/4735, time remaining: 2m 17s
Rendered 264/4735, time remaining: 2m 18s
Rendered 265/4735, time remaining: 2m 22s
Rendered 266/4735, time remaining: 2m 22s
Rendered 267/4735, time remaining: 2m 22s
Rendered 268/4735, time remaining: 2m 22s
Rendered 269/4735, time remaining: 2m 20s
Rendered 270/4735, time remaining: 2m 20s
Rendered 271/4735, time remaining: 2m 20s
Rendered 272/4735, time remaining: 2m 20s
Rendered 273/4735, time remaining: 2m 22s
Rendered 274/4735, time remaining: 2m 24s
Rendered 275/4735, time remaining: 2m 24s
Rendered 276/4735, time remaining: 2m 23s
Rendered 277/4735, time remaining: 2m 23s
Rendered 278/4735, time remaining: 2m 25s
Rendered 279/4735, time remaining: 2m 22s
Rendered 280/4735, time remaining: 2m 24s
Rendered 281/4735, time remaining: 2m 24s
Rendered 282/4735, time remaining: 2m 23s
Rendered 283/4735, time remaining: 2m 23s
Rendered 284/4735, time remaining: 2m 23s
Rendered 285/4735, time remaining: 2m 25s
Rendered 286/4735, time remaining: 2m 24s
Rendered 287/4735, time remaining: 2m 25s
Rendered 288/4735, time remaining: 2m 23s
Rendered 289/4735, time remaining: 2m 23s
Rendered 290/4735, time remaining: 2m 25s
Rendered 291/4735, time remaining: 2m 25s
Rendered 292/4735, time remaining: 2m 25s
Rendered 293/4735, time remaining: 2m 25s
Rendered 294/4735, time remaining: 2m 25s
Rendered 295/4735, time remaining: 2m 22s
Rendered 296/4735, time remaining: 2m 24s
Rendered 297/4735, time remaining: 2m 24s
Rendered 298/4735, time remaining: 2m 27s
Rendered 299/4735, time remaining: 2m 35s
Rendered 300/4735, time remaining: 2m 33s
Rendered 301/4735, time remaining: 2m 33s
Rendered 302/4735, time remaining: 2m 33s
Rendered 303/4735, time remaining: 2m 31s
Rendered 304/4735, time remaining: 2m 29s
Rendered 305/4735, time remaining: 2m 36s
Rendered 306/4735, time remaining: 2m 37s
Rendered 307/4735, time remaining: 2m 42s
Rendered 308/4735, time remaining: 2m 44s
Rendered 309/4735, time remaining: 2m 44s
Rendered 310/4735, time remaining: 2m 44s
Rendered 311/4735, time remaining: 2m 42s
Rendered 312/4735, time remaining: 2m 40s
Rendered 313/4735, time remaining: 2m 39s
Rendered 314/4735, time remaining: 2m 41s
Rendered 315/4735, time remaining: 2m 49s
Rendered 316/4735, time remaining: 2m 49s
Rendered 317/4735, time remaining: 2m 48s
Rendered 318/4735, time remaining: 2m 48s
Rendered 319/4735, time remaining: 2m 47s
Rendered 320/4735, time remaining: 2m 47s
Rendered 321/4735, time remaining: 2m 44s
Rendered 322/4735, time remaining: 2m 46s
Rendered 323/4735, time remaining: 2m 47s
Rendered 324/4735, time remaining: 2m 48s
Rendered 325/4735, time remaining: 2m 48s
Rendered 326/4735, time remaining: 2m 48s
Rendered 327/4735, time remaining: 2m 49s
Rendered 328/4735, time remaining: 2m 49s
Rendered 329/4735, time remaining: 2m 46s
Rendered 330/4735, time remaining: 2m 48s
Rendered 331/4735, time remaining: 2m 50s
Rendered 332/4735, time remaining: 2m 49s
Rendered 333/4735, time remaining: 2m 49s
Rendered 334/4735, time remaining: 2m 49s
Rendered 335/4735, time remaining: 2m 51s
Rendered 336/4735, time remaining: 2m 51s
Rendered 337/4735, time remaining: 2m 47s
Rendered 338/4735, time remaining: 2m 48s
Rendered 339/4735, time remaining: 2m 51s
Rendered 340/4735, time remaining: 2m 50s
Rendered 341/4735, time remaining: 2m 50s
Rendered 342/4735, time remaining: 2m 50s
Rendered 343/4735, time remaining: 2m 53s
Rendered 344/4735, time remaining: 2m 49s
Rendered 345/4735, time remaining: 2m 48s
Rendered 346/4735, time remaining: 2m 51s
Rendered 347/4735, time remaining: 2m 51s
Rendered 348/4735, time remaining: 2m 51s
Rendered 349/4735, time remaining: 2m 51s
Rendered 350/4735, time remaining: 2m 55s
Rendered 351/4735, time remaining: 2m 53s
Rendered 352/4735, time remaining: 2m 50s
Rendered 353/4735, time remaining: 2m 49s
Rendered 354/4735, time remaining: 2m 52s
Rendered 355/4735, time remaining: 2m 51s
Rendered 356/4735, time remaining: 2m 49s
Rendered 357/4735, time remaining: 2m 52s
Rendered 358/4735, time remaining: 2m 55s
Rendered 359/4735, time remaining: 2m 55s
Rendered 360/4735, time remaining: 2m 50s
Rendered 361/4735, time remaining: 2m 50s
Rendered 362/4735, time remaining: 2m 51s
Rendered 363/4735, time remaining: 2m 51s
Rendered 364/4735, time remaining: 2m 53s
Rendered 365/4735, time remaining: 2m 53s
Rendered 366/4735, time remaining: 2m 56s
Rendered 367/4735, time remaining: 2m 52s
Rendered 368/4735, time remaining: 2m 52s
Rendered 369/4735, time remaining: 2m 52s
Rendered 370/4735, time remaining: 2m 51s
Rendered 371/4735, time remaining: 2m 51s
Rendered 372/4735, time remaining: 2m 53s
Rendered 373/4735, time remaining: 2m 53s
Rendered 374/4735, time remaining: 2m 53s
Rendered 375/4735, time remaining: 2m 55s
Rendered 376/4735, time remaining: 2m 54s
Rendered 377/4735, time remaining: 2m 51s
Rendered 378/4735, time remaining: 2m 53s
Rendered 379/4735, time remaining: 2m 53s
Rendered 380/4735, time remaining: 2m 53s
Rendered 381/4735, time remaining: 2m 53s
Rendered 382/4735, time remaining: 2m 55s
Rendered 383/4735, time remaining: 3m 2s
Rendered 384/4735, time remaining: 3m 1s
Rendered 385/4735, time remaining: 2m 59s
Rendered 386/4735, time remaining: 2m 59s
Rendered 387/4735, time remaining: 2m 57s
Rendered 388/4735, time remaining: 2m 57s
Rendered 389/4735, time remaining: 2m 57s
Rendered 390/4735, time remaining: 2m 59s
Rendered 391/4735, time remaining: 3m 7s
Rendered 392/4735, time remaining: 3m 4s
Rendered 393/4735, time remaining: 3m 7s
Rendered 394/4735, time remaining: 3m 6s
Rendered 395/4735, time remaining: 3m 6s
Rendered 396/4735, time remaining: 3m 6s
Rendered 397/4735, time remaining: 3m 6s
Rendered 398/4735, time remaining: 3m 8s
Rendered 399/4735, time remaining: 3m 11s
Rendered 400/4735, time remaining: 3m 7s
Rendered 401/4735, time remaining: 3m 6s
Rendered 402/4735, time remaining: 3m 9s
Rendered 403/4735, time remaining: 3m 9s
Rendered 404/4735, time remaining: 3m 8s
Rendered 405/4735, time remaining: 3m 7s
Rendered 406/4735, time remaining: 3m 9s
Rendered 407/4735, time remaining: 3m 10s
Rendered 408/4735, time remaining: 3m 10s
Rendered 409/4735, time remaining: 3m 9s
Rendered 410/4735, time remaining: 3m 9s
Rendered 411/4735, time remaining: 3m 9s
Rendered 412/4735, time remaining: 3m 9s
Rendered 413/4735, time remaining: 3m 9s
Rendered 414/4735, time remaining: 3m 10s
Rendered 415/4735, time remaining: 3m 6s
Rendered 416/4735, time remaining: 3m 6s
Rendered 417/4735, time remaining: 3m 6s
Rendered 418/4735, time remaining: 3m 6s
Rendered 419/4735, time remaining: 3m 6s
Rendered 420/4735, time remaining: 3m 8s
Rendered 421/4735, time remaining: 3m 8s
Rendered 422/4735, time remaining: 3m 6s
Rendered 423/4735, time remaining: 3m 4s
Rendered 424/4735, time remaining: 3m 5s
Rendered 425/4735, time remaining: 3m 6s
Rendered 426/4735, time remaining: 3m 6s
Rendered 427/4735, time remaining: 3m 6s
Rendered 428/4735, time remaining: 3m 4s
Rendered 429/4735, time remaining: 3m 4s
Rendered 430/4735, time remaining: 3m 1s
Rendered 431/4735, time remaining: 3m 1s
Rendered 432/4735, time remaining: 3m 2s
Rendered 433/4735, time remaining: 3m 3s
Rendered 434/4735, time remaining: 3m 3s
Rendered 435/4735, time remaining: 3m 1s
Rendered 436/4735, time remaining: 3m 1s
Rendered 437/4735, time remaining: 3m 0s
Rendered 438/4735, time remaining: 2m 58s
Rendered 439/4735, time remaining: 2m 58s
Rendered 440/4735, time remaining: 2m 55s
Rendered 441/4735, time remaining: 2m 56s
Rendered 442/4735, time remaining: 2m 56s
Rendered 443/4735, time remaining: 2m 56s
Rendered 444/4735, time remaining: 2m 56s
Rendered 445/4735, time remaining: 2m 56s
Rendered 446/4735, time remaining: 3m 7s
Rendered 447/4735, time remaining: 3m 7s
Rendered 448/4735, time remaining: 3m 3s
Rendered 449/4735, time remaining: 2m 56s
Rendered 450/4735, time remaining: 2m 56s
Rendered 451/4735, time remaining: 2m 56s
Rendered 452/4735, time remaining: 2m 56s
Rendered 453/4735, time remaining: 2m 58s
Rendered 454/4735, time remaining: 3m 3s
Rendered 455/4735, time remaining: 2m 58s
Rendered 456/4735, time remaining: 2m 58s
Rendered 457/4735, time remaining: 2m 51s
Rendered 458/4735, time remaining: 2m 49s
Rendered 459/4735, time remaining: 2m 49s
Rendered 460/4735, time remaining: 2m 51s
Rendered 461/4735, time remaining: 2m 52s
Rendered 462/4735, time remaining: 2m 54s
Rendered 463/4735, time remaining: 2m 54s
Rendered 464/4735, time remaining: 2m 53s
Rendered 465/4735, time remaining: 2m 47s
Rendered 466/4735, time remaining: 2m 47s
Rendered 467/4735, time remaining: 2m 47s
Rendered 468/4735, time remaining: 2m 50s
Rendered 469/4735, time remaining: 2m 49s
Rendered 470/4735, time remaining: 2m 50s
Rendered 471/4735, time remaining: 2m 49s
Rendered 472/4735, time remaining: 2m 49s
Rendered 473/4735, time remaining: 2m 47s
Rendered 474/4735, time remaining: 2m 45s
Rendered 475/4735, time remaining: 2m 48s
Rendered 476/4735, time remaining: 2m 51s
Rendered 477/4735, time remaining: 2m 50s
Rendered 478/4735, time remaining: 2m 48s
Rendered 479/4735, time remaining: 2m 50s
Rendered 480/4735, time remaining: 2m 48s
Rendered 481/4735, time remaining: 2m 46s
Rendered 482/4735, time remaining: 2m 45s
Rendered 483/4735, time remaining: 2m 48s
Rendered 484/4735, time remaining: 2m 51s
Rendered 485/4735, time remaining: 2m 49s
Rendered 486/4735, time remaining: 2m 48s
Rendered 487/4735, time remaining: 2m 49s
Rendered 488/4735, time remaining: 2m 49s
Rendered 489/4735, time remaining: 2m 45s
Rendered 490/4735, time remaining: 2m 45s
Rendered 491/4735, time remaining: 2m 46s
Rendered 492/4735, time remaining: 2m 52s
Rendered 493/4735, time remaining: 2m 49s
Rendered 494/4735, time remaining: 2m 49s
Rendered 495/4735, time remaining: 2m 51s
Rendered 496/4735, time remaining: 2m 48s
Rendered 497/4735, time remaining: 2m 47s
Rendered 498/4735, time remaining: 2m 47s
Rendered 499/4735, time remaining: 2m 47s
Rendered 500/4735, time remaining: 2m 48s
Rendered 501/4735, time remaining: 2m 48s
Rendered 502/4735, time remaining: 2m 48s
Rendered 503/4735, time remaining: 2m 50s
Rendered 504/4735, time remaining: 2m 47s
Rendered 505/4735, time remaining: 2m 47s
Rendered 506/4735, time remaining: 2m 47s
Rendered 507/4735, time remaining: 2m 48s
Rendered 508/4735, time remaining: 2m 45s
Rendered 509/4735, time remaining: 2m 45s
Rendered 510/4735, time remaining: 2m 47s
Rendered 511/4735, time remaining: 2m 50s
Rendered 512/4735, time remaining: 2m 50s
Rendered 513/4735, time remaining: 2m 50s
Rendered 514/4735, time remaining: 2m 47s
Rendered 515/4735, time remaining: 2m 49s
Rendered 516/4735, time remaining: 2m 47s
Rendered 517/4735, time remaining: 2m 47s
Rendered 518/4735, time remaining: 2m 46s
Rendered 519/4735, time remaining: 2m 47s
Rendered 520/4735, time remaining: 2m 49s
Rendered 521/4735, time remaining: 2m 49s
Rendered 522/4735, time remaining: 2m 47s
Rendered 523/4735, time remaining: 2m 47s
Rendered 524/4735, time remaining: 2m 47s
Rendered 525/4735, time remaining: 2m 45s
Rendered 526/4735, time remaining: 2m 48s
Rendered 527/4735, time remaining: 2m 48s
Rendered 528/4735, time remaining: 2m 45s
Rendered 529/4735, time remaining: 2m 46s
Rendered 530/4735, time remaining: 2m 47s
Rendered 531/4735, time remaining: 2m 46s
Rendered 532/4735, time remaining: 2m 48s
Rendered 533/4735, time remaining: 2m 39s
Rendered 534/4735, time remaining: 2m 39s
Rendered 535/4735, time remaining: 2m 39s
Rendered 536/4735, time remaining: 2m 40s
Rendered 537/4735, time remaining: 2m 41s
Rendered 538/4735, time remaining: 2m 41s
Rendered 539/4735, time remaining: 2m 41s
Rendered 540/4735, time remaining: 2m 41s
Rendered 541/4735, time remaining: 2m 33s
Rendered 542/4735, time remaining: 2m 33s
Rendered 543/4735, time remaining: 2m 34s
Rendered 544/4735, time remaining: 2m 34s
Rendered 545/4735, time remaining: 2m 33s
Rendered 546/4735, time remaining: 2m 33s
Rendered 547/4735, time remaining: 2m 33s
Rendered 548/4735, time remaining: 2m 32s
Rendered 549/4735, time remaining: 2m 29s
Rendered 550/4735, time remaining: 2m 29s
Rendered 551/4735, time remaining: 2m 32s
Rendered 552/4735, time remaining: 2m 30s
Rendered 553/4735, time remaining: 2m 30s
Rendered 554/4735, time remaining: 2m 30s
Rendered 555/4735, time remaining: 2m 34s
Rendered 556/4735, time remaining: 2m 32s
Rendered 557/4735, time remaining: 2m 28s
Rendered 558/4735, time remaining: 2m 28s
Rendered 559/4735, time remaining: 2m 27s
Rendered 560/4735, time remaining: 2m 27s
Rendered 561/4735, time remaining: 2m 28s
Rendered 562/4735, time remaining: 2m 28s
Rendered 563/4735, time remaining: 2m 32s
Rendered 564/4735, time remaining: 2m 28s
Rendered 565/4735, time remaining: 2m 29s
Rendered 566/4735, time remaining: 2m 29s
Rendered 567/4735, time remaining: 2m 27s
Rendered 568/4735, time remaining: 2m 28s
Rendered 569/4735, time remaining: 2m 28s
Rendered 570/4735, time remaining: 2m 26s
Rendered 571/4735, time remaining: 2m 30s
Rendered 572/4735, time remaining: 2m 30s
Rendered 573/4735, time remaining: 2m 31s
Rendered 574/4735, time remaining: 2m 27s
Rendered 575/4735, time remaining: 2m 27s
Rendered 576/4735, time remaining: 2m 31s
Rendered 577/4735, time remaining: 2m 31s
Rendered 578/4735, time remaining: 2m 30s
Rendered 579/4735, time remaining: 2m 30s
Rendered 580/4735, time remaining: 2m 30s
Rendered 581/4735, time remaining: 2m 31s
Rendered 582/4735, time remaining: 2m 31s
Rendered 583/4735, time remaining: 2m 32s
Rendered 584/4735, time remaining: 2m 33s
Rendered 585/4735, time remaining: 2m 33s
Rendered 586/4735, time remaining: 2m 33s
Rendered 587/4735, time remaining: 2m 33s
Rendered 588/4735, time remaining: 2m 36s
Rendered 589/4735, time remaining: 2m 36s
Rendered 590/4735, time remaining: 2m 37s
Rendered 591/4735, time remaining: 2m 36s
Rendered 592/4735, time remaining: 2m 36s
Rendered 593/4735, time remaining: 2m 36s
Rendered 594/4735, time remaining: 2m 38s
Rendered 595/4735, time remaining: 2m 38s
Rendered 596/4735, time remaining: 2m 26s
Rendered 597/4735, time remaining: 2m 28s
Rendered 598/4735, time remaining: 2m 28s
Rendered 599/4735, time remaining: 2m 28s
Rendered 600/4735, time remaining: 2m 28s
Rendered 601/4735, time remaining: 2m 30s
Rendered 602/4735, time remaining: 2m 30s
Rendered 603/4735, time remaining: 2m 29s
Rendered 604/4735, time remaining: 2m 25s
Rendered 605/4735, time remaining: 2m 25s
Rendered 606/4735, time remaining: 2m 25s
Rendered 607/4735, time remaining: 2m 24s
Rendered 608/4735, time remaining: 2m 28s
Rendered 609/4735, time remaining: 2m 27s
Rendered 610/4735, time remaining: 2m 25s
Rendered 611/4735, time remaining: 2m 25s
Rendered 612/4735, time remaining: 2m 24s
Rendered 613/4735, time remaining: 2m 24s
Rendered 614/4735, time remaining: 2m 23s
Rendered 615/4735, time remaining: 2m 24s
Rendered 616/4735, time remaining: 2m 25s
Rendered 617/4735, time remaining: 2m 25s
Rendered 618/4735, time remaining: 2m 22s
Rendered 619/4735, time remaining: 2m 24s
Rendered 620/4735, time remaining: 2m 23s
Rendered 621/4735, time remaining: 2m 23s
Rendered 622/4735, time remaining: 2m 25s
Rendered 623/4735, time remaining: 2m 25s
Rendered 624/4735, time remaining: 2m 25s
Rendered 625/4735, time remaining: 2m 23s
Rendered 626/4735, time remaining: 2m 21s
Rendered 627/4735, time remaining: 2m 21s
Rendered 628/4735, time remaining: 2m 21s
Rendered 629/4735, time remaining: 2m 19s
Rendered 630/4735, time remaining: 2m 25s
Rendered 631/4735, time remaining: 2m 25s
Rendered 632/4735, time remaining: 2m 25s
Rendered 633/4735, time remaining: 2m 24s
Rendered 634/4735, time remaining: 2m 21s
Rendered 635/4735, time remaining: 2m 21s
Rendered 636/4735, time remaining: 2m 21s
Rendered 637/4735, time remaining: 2m 21s
Rendered 638/4735, time remaining: 2m 24s
Rendered 639/4735, time remaining: 2m 24s
Rendered 640/4735, time remaining: 2m 24s
Rendered 641/4735, time remaining: 2m 25s
Rendered 642/4735, time remaining: 2m 19s
Rendered 643/4735, time remaining: 2m 20s
Rendered 644/4735, time remaining: 2m 22s
Rendered 645/4735, time remaining: 2m 20s
Rendered 646/4735, time remaining: 2m 21s
Rendered 647/4735, time remaining: 2m 22s
Rendered 648/4735, time remaining: 2m 22s
Rendered 649/4735, time remaining: 2m 21s
Rendered 650/4735, time remaining: 2m 18s
Rendered 651/4735, time remaining: 2m 20s
Rendered 652/4735, time remaining: 2m 20s
Rendered 653/4735, time remaining: 2m 20s
Rendered 654/4735, time remaining: 2m 22s
Rendered 655/4735, time remaining: 2m 22s
Rendered 656/4735, time remaining: 2m 22s
Rendered 657/4735, time remaining: 2m 20s
Rendered 658/4735, time remaining: 2m 22s
Rendered 659/4735, time remaining: 2m 21s
Rendered 660/4735, time remaining: 2m 20s
Rendered 661/4735, time remaining: 2m 21s
Rendered 662/4735, time remaining: 2m 21s
Rendered 663/4735, time remaining: 2m 21s
Rendered 664/4735, time remaining: 2m 21s
Rendered 665/4735, time remaining: 2m 19s
Rendered 666/4735, time remaining: 2m 19s
Rendered 667/4735, time remaining: 2m 19s
Rendered 668/4735, time remaining: 2m 20s
Rendered 669/4735, time remaining: 2m 18s
Rendered 670/4735, time remaining: 2m 21s
Rendered 671/4735, time remaining: 2m 21s
Rendered 672/4735, time remaining: 2m 20s
Rendered 673/4735, time remaining: 2m 22s
Rendered 674/4735, time remaining: 2m 22s
Rendered 675/4735, time remaining: 2m 21s
Rendered 676/4735, time remaining: 2m 18s
Rendered 677/4735, time remaining: 2m 18s
Rendered 678/4735, time remaining: 2m 21s
Rendered 679/4735, time remaining: 2m 20s
Rendered 680/4735, time remaining: 2m 20s
Rendered 681/4735, time remaining: 2m 23s
Rendered 682/4735, time remaining: 2m 20s
Rendered 683/4735, time remaining: 2m 22s
Rendered 684/4735, time remaining: 2m 22s
Rendered 685/4735, time remaining: 2m 21s
Rendered 686/4735, time remaining: 2m 25s
Rendered 687/4735, time remaining: 2m 24s
Rendered 688/4735, time remaining: 2m 26s
Rendered 689/4735, time remaining: 2m 26s
Rendered 690/4735, time remaining: 2m 21s
Rendered 691/4735, time remaining: 2m 24s
Rendered 692/4735, time remaining: 2m 23s
Rendered 693/4735, time remaining: 2m 20s
Rendered 694/4735, time remaining: 2m 24s
Rendered 695/4735, time remaining: 2m 24s
Rendered 696/4735, time remaining: 2m 24s
Rendered 697/4735, time remaining: 2m 23s
Rendered 698/4735, time remaining: 2m 23s
Rendered 699/4735, time remaining: 2m 23s
Rendered 700/4735, time remaining: 2m 26s
Rendered 701/4735, time remaining: 2m 24s
Rendered 702/4735, time remaining: 2m 23s
Rendered 703/4735, time remaining: 2m 23s
Rendered 704/4735, time remaining: 2m 25s
Rendered 705/4735, time remaining: 2m 21s
Rendered 706/4735, time remaining: 2m 23s
Rendered 707/4735, time remaining: 2m 23s
Rendered 708/4735, time remaining: 2m 25s
Rendered 709/4735, time remaining: 2m 24s
Rendered 710/4735, time remaining: 2m 24s
Rendered 711/4735, time remaining: 2m 22s
Rendered 712/4735, time remaining: 2m 25s
Rendered 713/4735, time remaining: 2m 21s
Rendered 714/4735, time remaining: 2m 22s
Rendered 715/4735, time remaining: 2m 22s
Rendered 716/4735, time remaining: 2m 25s
Rendered 717/4735, time remaining: 2m 25s
Rendered 718/4735, time remaining: 2m 23s
Rendered 719/4735, time remaining: 2m 23s
Rendered 720/4735, time remaining: 2m 24s
Rendered 721/4735, time remaining: 2m 20s
Rendered 722/4735, time remaining: 2m 19s
Rendered 723/4735, time remaining: 2m 21s
Rendered 724/4735, time remaining: 2m 25s
Rendered 725/4735, time remaining: 2m 25s
Rendered 726/4735, time remaining: 2m 22s
Rendered 727/4735, time remaining: 2m 21s
Rendered 728/4735, time remaining: 2m 22s
Rendered 729/4735, time remaining: 2m 22s
Rendered 730/4735, time remaining: 2m 25s
Rendered 731/4735, time remaining: 2m 24s
Rendered 732/4735, time remaining: 2m 27s
Rendered 733/4735, time remaining: 2m 25s
Rendered 734/4735, time remaining: 2m 23s
Rendered 735/4735, time remaining: 2m 26s
Rendered 736/4735, time remaining: 2m 26s
Rendered 737/4735, time remaining: 2m 25s
Rendered 738/4735, time remaining: 2m 22s
Rendered 739/4735, time remaining: 2m 23s
Rendered 740/4735, time remaining: 2m 27s
Rendered 741/4735, time remaining: 2m 27s
Rendered 742/4735, time remaining: 2m 27s
Rendered 743/4735, time remaining: 2m 27s
Rendered 744/4735, time remaining: 2m 25s
Rendered 745/4735, time remaining: 2m 26s
Rendered 746/4735, time remaining: 2m 26s
Rendered 747/4735, time remaining: 2m 23s
Rendered 748/4735, time remaining: 2m 28s
Rendered 749/4735, time remaining: 2m 28s
Rendered 750/4735, time remaining: 2m 28s
Rendered 751/4735, time remaining: 2m 25s
Rendered 752/4735, time remaining: 2m 28s
Rendered 753/4735, time remaining: 2m 28s
Rendered 754/4735, time remaining: 2m 31s
Rendered 755/4735, time remaining: 2m 28s
Rendered 756/4735, time remaining: 2m 31s
Rendered 757/4735, time remaining: 2m 32s
Rendered 758/4735, time remaining: 2m 30s
Rendered 759/4735, time remaining: 2m 30s
Rendered 760/4735, time remaining: 2m 30s
Rendered 761/4735, time remaining: 2m 32s
Rendered 762/4735, time remaining: 2m 32s
Rendered 763/4735, time remaining: 2m 32s
Rendered 764/4735, time remaining: 2m 34s
Rendered 765/4735, time remaining: 2m 32s
Rendered 766/4735, time remaining: 2m 33s
Rendered 767/4735, time remaining: 2m 33s
Rendered 768/4735, time remaining: 2m 33s
Rendered 769/4735, time remaining: 2m 31s
Rendered 770/4735, time remaining: 2m 34s
Rendered 771/4735, time remaining: 2m 34s
Rendered 772/4735, time remaining: 2m 30s
Rendered 773/4735, time remaining: 2m 32s
Rendered 774/4735, time remaining: 2m 35s
Rendered 775/4735, time remaining: 2m 35s
Rendered 776/4735, time remaining: 2m 34s
Rendered 777/4735, time remaining: 2m 36s
Rendered 778/4735, time remaining: 2m 36s
Rendered 779/4735, time remaining: 2m 35s
Rendered 780/4735, time remaining: 2m 31s
Rendered 781/4735, time remaining: 2m 33s
Rendered 782/4735, time remaining: 2m 33s
Rendered 783/4735, time remaining: 2m 32s
Rendered 784/4735, time remaining: 2m 32s
Rendered 785/4735, time remaining: 2m 35s
Rendered 786/4735, time remaining: 2m 35s
Rendered 787/4735, time remaining: 2m 34s
Rendered 788/4735, time remaining: 2m 30s
Rendered 789/4735, time remaining: 2m 32s
Rendered 790/4735, time remaining: 2m 32s
Rendered 791/4735, time remaining: 2m 31s
Rendered 792/4735, time remaining: 2m 33s
Rendered 793/4735, time remaining: 2m 34s
Rendered 794/4735, time remaining: 2m 33s
Rendered 795/4735, time remaining: 2m 32s
Rendered 796/4735, time remaining: 2m 32s
Rendered 797/4735, time remaining: 2m 33s
Rendered 798/4735, time remaining: 2m 33s
Rendered 799/4735, time remaining: 2m 33s
Rendered 800/4735, time remaining: 2m 34s
Rendered 801/4735, time remaining: 2m 32s
Rendered 802/4735, time remaining: 2m 34s
Rendered 803/4735, time remaining: 2m 33s
Rendered 804/4735, time remaining: 2m 30s
Rendered 805/4735, time remaining: 2m 33s
Rendered 806/4735, time remaining: 2m 33s
Rendered 807/4735, time remaining: 2m 33s
Rendered 808/4735, time remaining: 2m 32s
Rendered 809/4735, time remaining: 2m 32s
Rendered 810/4735, time remaining: 2m 32s
Rendered 811/4735, time remaining: 2m 28s
Rendered 812/4735, time remaining: 2m 30s
Rendered 813/4735, time remaining: 2m 32s
Rendered 814/4735, time remaining: 2m 32s
Rendered 815/4735, time remaining: 2m 32s
Rendered 816/4735, time remaining: 2m 32s
Rendered 817/4735, time remaining: 2m 32s
Rendered 818/4735, time remaining: 2m 31s
Rendered 819/4735, time remaining: 2m 33s
Rendered 820/4735, time remaining: 2m 29s
Rendered 821/4735, time remaining: 2m 31s
Rendered 822/4735, time remaining: 2m 33s
Rendered 823/4735, time remaining: 2m 31s
Rendered 824/4735, time remaining: 2m 31s
Rendered 825/4735, time remaining: 2m 31s
Rendered 826/4735, time remaining: 2m 31s
Rendered 827/4735, time remaining: 2m 34s
Rendered 828/4735, time remaining: 2m 31s
Rendered 829/4735, time remaining: 2m 33s
Rendered 830/4735, time remaining: 2m 35s
Rendered 831/4735, time remaining: 2m 31s
Rendered 832/4735, time remaining: 2m 31s
Rendered 833/4735, time remaining: 2m 29s
Rendered 834/4735, time remaining: 2m 29s
Rendered 835/4735, time remaining: 2m 30s
Rendered 836/4735, time remaining: 2m 26s
Rendered 837/4735, time remaining: 2m 27s
Rendered 838/4735, time remaining: 2m 29s
Rendered 839/4735, time remaining: 2m 29s
Rendered 840/4735, time remaining: 2m 30s
Rendered 841/4735, time remaining: 2m 27s
Rendered 842/4735, time remaining: 2m 28s
Rendered 843/4735, time remaining: 2m 30s
Rendered 844/4735, time remaining: 2m 26s
Rendered 845/4735, time remaining: 2m 29s
Rendered 846/4735, time remaining: 2m 29s
Rendered 847/4735, time remaining: 2m 31s
Rendered 848/4735, time remaining: 2m 30s
Rendered 849/4735, time remaining: 2m 30s
Rendered 850/4735, time remaining: 2m 29s
Rendered 851/4735, time remaining: 2m 29s
Rendered 852/4735, time remaining: 2m 28s
Rendered 853/4735, time remaining: 2m 31s
Rendered 854/4735, time remaining: 2m 29s
Rendered 855/4735, time remaining: 2m 29s
Rendered 856/4735, time remaining: 2m 30s
Rendered 857/4735, time remaining: 2m 31s
Rendered 858/4735, time remaining: 2m 28s
Rendered 859/4735, time remaining: 2m 28s
Rendered 860/4735, time remaining: 2m 28s
Rendered 861/4735, time remaining: 2m 31s
Rendered 862/4735, time remaining: 2m 28s
Rendered 863/4735, time remaining: 2m 28s
Rendered 864/4735, time remaining: 2m 31s
Rendered 865/4735, time remaining: 2m 30s
Rendered 866/4735, time remaining: 2m 27s
Rendered 867/4735, time remaining: 2m 28s
Rendered 868/4735, time remaining: 2m 28s
Rendered 869/4735, time remaining: 2m 30s
Rendered 870/4735, time remaining: 2m 29s
Rendered 871/4735, time remaining: 2m 31s
Rendered 872/4735, time remaining: 2m 33s
Rendered 873/4735, time remaining: 2m 30s
Rendered 874/4735, time remaining: 2m 27s
Rendered 875/4735, time remaining: 2m 27s
Rendered 876/4735, time remaining: 2m 27s
Rendered 877/4735, time remaining: 2m 27s
Rendered 878/4735, time remaining: 2m 29s
Rendered 879/4735, time remaining: 2m 29s
Rendered 880/4735, time remaining: 2m 31s
Rendered 881/4735, time remaining: 2m 31s
Rendered 882/4735, time remaining: 2m 26s
Rendered 883/4735, time remaining: 2m 26s
Rendered 884/4735, time remaining: 2m 26s
Rendered 885/4735, time remaining: 2m 24s
Rendered 886/4735, time remaining: 2m 27s
Rendered 887/4735, time remaining: 2m 27s
Rendered 888/4735, time remaining: 2m 30s
Rendered 889/4735, time remaining: 2m 30s
Rendered 890/4735, time remaining: 2m 24s
Rendered 891/4735, time remaining: 2m 25s
Rendered 892/4735, time remaining: 2m 25s
Rendered 893/4735, time remaining: 2m 25s
Rendered 894/4735, time remaining: 2m 25s
Rendered 895/4735, time remaining: 2m 24s
Rendered 896/4735, time remaining: 2m 28s
Rendered 897/4735, time remaining: 2m 28s
Rendered 898/4735, time remaining: 2m 23s
Rendered 899/4735, time remaining: 2m 24s
Rendered 900/4735, time remaining: 2m 25s
Rendered 901/4735, time remaining: 2m 25s
Rendered 902/4735, time remaining: 2m 22s
Rendered 903/4735, time remaining: 2m 24s
Rendered 904/4735, time remaining: 2m 20s
Rendered 905/4735, time remaining: 2m 20s
Rendered 906/4735, time remaining: 2m 22s
Rendered 907/4735, time remaining: 2m 21s
Rendered 908/4735, time remaining: 2m 20s
Rendered 909/4735, time remaining: 2m 20s
Rendered 910/4735, time remaining: 2m 20s
Rendered 911/4735, time remaining: 2m 18s
Rendered 912/4735, time remaining: 2m 19s
Rendered 913/4735, time remaining: 2m 19s
Rendered 914/4735, time remaining: 2m 20s
Rendered 915/4735, time remaining: 2m 20s
Rendered 916/4735, time remaining: 2m 18s
Rendered 917/4735, time remaining: 2m 18s
Rendered 918/4735, time remaining: 2m 18s
Rendered 919/4735, time remaining: 2m 18s
Rendered 920/4735, time remaining: 2m 18s
Rendered 921/4735, time remaining: 2m 18s
Rendered 922/4735, time remaining: 2m 21s
Rendered 923/4735, time remaining: 2m 20s
Rendered 924/4735, time remaining: 2m 17s
Rendered 925/4735, time remaining: 2m 17s
Rendered 926/4735, time remaining: 2m 17s
Rendered 927/4735, time remaining: 2m 17s
Rendered 928/4735, time remaining: 2m 17s
Rendered 929/4735, time remaining: 2m 17s
Rendered 930/4735, time remaining: 2m 18s
Rendered 931/4735, time remaining: 2m 18s
Rendered 932/4735, time remaining: 2m 17s
Rendered 933/4735, time remaining: 2m 17s
Rendered 934/4735, time remaining: 2m 17s
Rendered 935/4735, time remaining: 2m 14s
Rendered 936/4735, time remaining: 2m 16s
Rendered 937/4735, time remaining: 2m 18s
Rendered 938/4735, time remaining: 2m 18s
Rendered 939/4735, time remaining: 2m 17s
Rendered 940/4735, time remaining: 2m 17s
Rendered 941/4735, time remaining: 2m 19s
Rendered 942/4735, time remaining: 2m 17s
Rendered 943/4735, time remaining: 2m 14s
Rendered 944/4735, time remaining: 2m 16s
Rendered 945/4735, time remaining: 2m 16s
Rendered 946/4735, time remaining: 2m 18s
Rendered 947/4735, time remaining: 2m 16s
Rendered 948/4735, time remaining: 2m 16s
Rendered 949/4735, time remaining: 2m 16s
Rendered 950/4735, time remaining: 2m 15s
Rendered 951/4735, time remaining: 2m 15s
Rendered 952/4735, time remaining: 2m 13s
Rendered 953/4735, time remaining: 2m 16s
Rendered 954/4735, time remaining: 2m 16s
Rendered 955/4735, time remaining: 2m 13s
Rendered 956/4735, time remaining: 2m 16s
Rendered 957/4735, time remaining: 2m 16s
Rendered 958/4735, time remaining: 2m 16s
Rendered 959/4735, time remaining: 2m 16s
Rendered 960/4735, time remaining: 2m 16s
Rendered 961/4735, time remaining: 2m 18s
Rendered 962/4735, time remaining: 2m 15s
Rendered 963/4735, time remaining: 2m 13s
Rendered 964/4735, time remaining: 2m 14s
Rendered 965/4735, time remaining: 2m 14s
Rendered 966/4735, time remaining: 2m 16s
Rendered 967/4735, time remaining: 2m 16s
Rendered 968/4735, time remaining: 2m 16s
Rendered 969/4735, time remaining: 2m 17s
Rendered 970/4735, time remaining: 2m 16s
Rendered 971/4735, time remaining: 2m 14s
Rendered 972/4735, time remaining: 2m 12s
Rendered 973/4735, time remaining: 2m 14s
Rendered 974/4735, time remaining: 2m 14s
Rendered 975/4735, time remaining: 2m 14s
Rendered 976/4735, time remaining: 2m 13s
Rendered 977/4735, time remaining: 2m 15s
Rendered 978/4735, time remaining: 2m 15s
Rendered 979/4735, time remaining: 2m 13s
Rendered 980/4735, time remaining: 2m 11s
Rendered 981/4735, time remaining: 2m 11s
Rendered 982/4735, time remaining: 2m 14s
Rendered 983/4735, time remaining: 2m 14s
Rendered 984/4735, time remaining: 2m 13s
Rendered 985/4735, time remaining: 2m 15s
Rendered 986/4735, time remaining: 2m 15s
Rendered 987/4735, time remaining: 2m 14s
Rendered 988/4735, time remaining: 2m 10s
Rendered 989/4735, time remaining: 2m 11s
Rendered 990/4735, time remaining: 2m 15s
Rendered 991/4735, time remaining: 2m 15s
Rendered 992/4735, time remaining: 2m 15s
Rendered 993/4735, time remaining: 2m 13s
Rendered 994/4735, time remaining: 2m 13s
Rendered 995/4735, time remaining: 2m 10s
Rendered 996/4735, time remaining: 2m 11s
Rendered 997/4735, time remaining: 2m 11s
Rendered 998/4735, time remaining: 2m 14s
Rendered 999/4735, time remaining: 2m 15s
Rendered 1000/4735, time remaining: 2m 14s
Rendered 1001/4735, time remaining: 2m 14s
Rendered 1002/4735, time remaining: 2m 14s
Rendered 1003/4735, time remaining: 2m 12s
Rendered 1004/4735, time remaining: 2m 14s
Rendered 1005/4735, time remaining: 2m 14s
Rendered 1006/4735, time remaining: 2m 11s
Rendered 1007/4735, time remaining: 2m 13s
Rendered 1008/4735, time remaining: 2m 13s
Rendered 1009/4735, time remaining: 2m 16s
Rendered 1010/4735, time remaining: 2m 16s
Rendered 1011/4735, time remaining: 2m 14s
Rendered 1012/4735, time remaining: 2m 14s
Rendered 1013/4735, time remaining: 2m 15s
Rendered 1014/4735, time remaining: 2m 12s
Rendered 1015/4735, time remaining: 2m 12s
Rendered 1016/4735, time remaining: 2m 12s
Rendered 1017/4735, time remaining: 2m 18s
Rendered 1018/4735, time remaining: 2m 17s
Rendered 1019/4735, time remaining: 2m 15s
Rendered 1020/4735, time remaining: 2m 16s
Rendered 1021/4735, time remaining: 2m 14s
Rendered 1022/4735, time remaining: 2m 12s
Rendered 1023/4735, time remaining: 2m 14s
Rendered 1024/4735, time remaining: 2m 16s
Rendered 1025/4735, time remaining: 2m 16s
Rendered 1026/4735, time remaining: 2m 16s
Rendered 1027/4735, time remaining: 2m 16s
Rendered 1028/4735, time remaining: 2m 14s
Rendered 1029/4735, time remaining: 2m 14s
Rendered 1030/4735, time remaining: 2m 11s
Rendered 1031/4735, time remaining: 2m 14s
Rendered 1032/4735, time remaining: 2m 15s
Rendered 1033/4735, time remaining: 2m 15s
Rendered 1034/4735, time remaining: 2m 15s
Rendered 1035/4735, time remaining: 2m 16s
Rendered 1036/4735, time remaining: 2m 14s
Rendered 1037/4735, time remaining: 2m 14s
Rendered 1038/4735, time remaining: 2m 13s
Rendered 1039/4735, time remaining: 2m 13s
Rendered 1040/4735, time remaining: 2m 14s
Rendered 1041/4735, time remaining: 2m 13s
Rendered 1042/4735, time remaining: 2m 14s
Rendered 1043/4735, time remaining: 2m 14s
Rendered 1044/4735, time remaining: 2m 14s
Rendered 1045/4735, time remaining: 2m 16s
Rendered 1046/4735, time remaining: 2m 12s
Rendered 1047/4735, time remaining: 2m 12s
Rendered 1048/4735, time remaining: 2m 13s
Rendered 1049/4735, time remaining: 2m 12s
Rendered 1050/4735, time remaining: 2m 13s
Rendered 1051/4735, time remaining: 2m 13s
Rendered 1052/4735, time remaining: 2m 13s
Rendered 1053/4735, time remaining: 2m 14s
Rendered 1054/4735, time remaining: 2m 15s
Rendered 1055/4735, time remaining: 2m 15s
Rendered 1056/4735, time remaining: 2m 11s
Rendered 1057/4735, time remaining: 2m 11s
Rendered 1058/4735, time remaining: 2m 13s
Rendered 1059/4735, time remaining: 2m 13s
Rendered 1060/4735, time remaining: 2m 13s
Rendered 1061/4735, time remaining: 2m 16s
Rendered 1062/4735, time remaining: 2m 13s
Rendered 1063/4735, time remaining: 2m 13s
Rendered 1064/4735, time remaining: 2m 10s
Rendered 1065/4735, time remaining: 2m 11s
Rendered 1066/4735, time remaining: 2m 11s
Rendered 1067/4735, time remaining: 2m 11s
Rendered 1068/4735, time remaining: 2m 12s
Rendered 1069/4735, time remaining: 2m 14s
Rendered 1070/4735, time remaining: 2m 12s
Rendered 1071/4735, time remaining: 2m 12s
Rendered 1072/4735, time remaining: 2m 10s
Rendered 1073/4735, time remaining: 2m 8s
Rendered 1074/4735, time remaining: 2m 8s
Rendered 1075/4735, time remaining: 2m 12s
Rendered 1076/4735, time remaining: 2m 12s
Rendered 1077/4735, time remaining: 2m 11s
Rendered 1078/4735, time remaining: 2m 12s
Rendered 1079/4735, time remaining: 2m 12s
Rendered 1080/4735, time remaining: 2m 9s
Rendered 1081/4735, time remaining: 2m 7s
Rendered 1082/4735, time remaining: 2m 8s
Rendered 1083/4735, time remaining: 2m 12s
Rendered 1084/4735, time remaining: 2m 12s
Rendered 1085/4735, time remaining: 2m 12s
Rendered 1086/4735, time remaining: 2m 12s
Rendered 1087/4735, time remaining: 2m 9s
Rendered 1088/4735, time remaining: 2m 9s
Rendered 1089/4735, time remaining: 2m 9s
Rendered 1090/4735, time remaining: 2m 12s
Rendered 1091/4735, time remaining: 2m 10s
Rendered 1092/4735, time remaining: 2m 12s
Rendered 1093/4735, time remaining: 2m 12s
Rendered 1094/4735, time remaining: 2m 11s
Rendered 1095/4735, time remaining: 2m 11s
Rendered 1096/4735, time remaining: 2m 9s
Rendered 1097/4735, time remaining: 2m 10s
Rendered 1098/4735, time remaining: 2m 10s
Rendered 1099/4735, time remaining: 2m 9s
Rendered 1100/4735, time remaining: 2m 12s
Rendered 1101/4735, time remaining: 2m 12s
Rendered 1102/4735, time remaining: 2m 12s
Rendered 1103/4735, time remaining: 2m 10s
Rendered 1104/4735, time remaining: 2m 10s
Rendered 1105/4735, time remaining: 2m 10s
Rendered 1106/4735, time remaining: 2m 8s
Rendered 1107/4735, time remaining: 2m 8s
Rendered 1108/4735, time remaining: 2m 10s
Rendered 1109/4735, time remaining: 2m 11s
Rendered 1110/4735, time remaining: 2m 13s
Rendered 1111/4735, time remaining: 2m 11s
Rendered 1112/4735, time remaining: 2m 11s
Rendered 1113/4735, time remaining: 2m 11s
Rendered 1114/4735, time remaining: 2m 11s
Rendered 1115/4735, time remaining: 2m 11s
Rendered 1116/4735, time remaining: 2m 9s
Rendered 1117/4735, time remaining: 2m 9s
Rendered 1118/4735, time remaining: 2m 13s
Rendered 1119/4735, time remaining: 2m 10s
Rendered 1120/4735, time remaining: 2m 10s
Rendered 1121/4735, time remaining: 2m 11s
Rendered 1122/4735, time remaining: 2m 12s
Rendered 1123/4735, time remaining: 2m 10s
Rendered 1124/4735, time remaining: 2m 10s
Rendered 1125/4735, time remaining: 2m 12s
Rendered 1126/4735, time remaining: 2m 13s
Rendered 1127/4735, time remaining: 2m 9s
Rendered 1128/4735, time remaining: 2m 11s
Rendered 1129/4735, time remaining: 2m 12s
Rendered 1130/4735, time remaining: 2m 12s
Rendered 1131/4735, time remaining: 2m 11s
Rendered 1132/4735, time remaining: 2m 9s
Rendered 1133/4735, time remaining: 2m 9s
Rendered 1134/4735, time remaining: 2m 12s
Rendered 1135/4735, time remaining: 2m 10s
Rendered 1136/4735, time remaining: 2m 10s
Rendered 1137/4735, time remaining: 2m 13s
Rendered 1138/4735, time remaining: 2m 13s
Rendered 1139/4735, time remaining: 2m 12s
Rendered 1140/4735, time remaining: 2m 9s
Rendered 1141/4735, time remaining: 2m 9s
Rendered 1142/4735, time remaining: 2m 10s
Rendered 1143/4735, time remaining: 2m 10s
Rendered 1144/4735, time remaining: 2m 10s
Rendered 1145/4735, time remaining: 2m 11s
Rendered 1146/4735, time remaining: 2m 10s
Rendered 1147/4735, time remaining: 2m 9s
Rendered 1148/4735, time remaining: 2m 8s
Rendered 1149/4735, time remaining: 2m 7s
Rendered 1150/4735, time remaining: 2m 7s
Rendered 1151/4735, time remaining: 2m 9s
Rendered 1152/4735, time remaining: 2m 8s
Rendered 1153/4735, time remaining: 2m 9s
Rendered 1154/4735, time remaining: 2m 6s
Rendered 1155/4735, time remaining: 2m 6s
Rendered 1156/4735, time remaining: 2m 7s
Rendered 1157/4735, time remaining: 2m 5s
Rendered 1158/4735, time remaining: 2m 8s
Rendered 1159/4735, time remaining: 2m 5s
Rendered 1160/4735, time remaining: 2m 6s
Rendered 1161/4735, time remaining: 2m 6s
Rendered 1162/4735, time remaining: 2m 7s
Rendered 1163/4735, time remaining: 2m 5s
Rendered 1164/4735, time remaining: 2m 5s
Rendered 1165/4735, time remaining: 2m 6s
Rendered 1166/4735, time remaining: 2m 9s
Rendered 1167/4735, time remaining: 2m 3s
Rendered 1168/4735, time remaining: 2m 5s
Rendered 1169/4735, time remaining: 2m 5s
Rendered 1170/4735, time remaining: 2m 4s
Rendered 1171/4735, time remaining: 2m 5s
Rendered 1172/4735, time remaining: 2m 5s
Rendered 1173/4735, time remaining: 2m 6s
Rendered 1174/4735, time remaining: 2m 4s
Rendered 1175/4735, time remaining: 2m 3s
Rendered 1176/4735, time remaining: 2m 3s
Rendered 1177/4735, time remaining: 2m 5s
Rendered 1178/4735, time remaining: 2m 4s
Rendered 1179/4735, time remaining: 2m 4s
Rendered 1180/4735, time remaining: 2m 2s
Rendered 1181/4735, time remaining: 2m 4s
Rendered 1182/4735, time remaining: 2m 3s
Rendered 1183/4735, time remaining: 2m 3s
Rendered 1184/4735, time remaining: 2m 3s
Rendered 1185/4735, time remaining: 2m 3s
Rendered 1186/4735, time remaining: 2m 3s
Rendered 1187/4735, time remaining: 2m 3s
Rendered 1188/4735, time remaining: 2m 0s
Rendered 1189/4735, time remaining: 2m 2s
Rendered 1190/4735, time remaining: 2m 4s
Rendered 1191/4735, time remaining: 2m 4s
Rendered 1192/4735, time remaining: 2m 2s
Rendered 1193/4735, time remaining: 2m 3s
Rendered 1194/4735, time remaining: 2m 4s
Rendered 1195/4735, time remaining: 2m 1s
Rendered 1196/4735, time remaining: 2m 0s
Rendered 1197/4735, time remaining: 2m 3s
Rendered 1198/4735, time remaining: 2m 4s
Rendered 1199/4735, time remaining: 2m 4s
Rendered 1200/4735, time remaining: 2m 2s
Rendered 1201/4735, time remaining: 2m 2s
Rendered 1202/4735, time remaining: 2m 4s
Rendered 1203/4735, time remaining: 2m 1s
Rendered 1204/4735, time remaining: 2m 0s
Rendered 1205/4735, time remaining: 2m 3s
Rendered 1206/4735, time remaining: 2m 3s
Rendered 1207/4735, time remaining: 2m 3s
Rendered 1208/4735, time remaining: 2m 1s
Rendered 1209/4735, time remaining: 2m 2s
Rendered 1210/4735, time remaining: 2m 2s
Rendered 1211/4735, time remaining: 2m 1s
Rendered 1212/4735, time remaining: 2m 1s
Rendered 1213/4735, time remaining: 2m 1s
Rendered 1214/4735, time remaining: 2m 4s
Rendered 1215/4735, time remaining: 2m 2s
Rendered 1216/4735, time remaining: 2m 2s
Rendered 1217/4735, time remaining: 2m 2s
Rendered 1218/4735, time remaining: 2m 2s
Rendered 1219/4735, time remaining: 2m 0s
Rendered 1220/4735, time remaining: 2m 0s
Rendered 1221/4735, time remaining: 2m 3s
Rendered 1222/4735, time remaining: 2m 2s
Rendered 1223/4735, time remaining: 2m 3s
Rendered 1224/4735, time remaining: 2m 3s
Rendered 1225/4735, time remaining: 1m 59s
Rendered 1226/4735, time remaining: 2m 1s
Rendered 1227/4735, time remaining: 2m 2s
Rendered 1228/4735, time remaining: 2m 1s
Rendered 1229/4735, time remaining: 2m 1s
Rendered 1230/4735, time remaining: 2m 2s
Rendered 1231/4735, time remaining: 2m 2s
Rendered 1232/4735, time remaining: 2m 2s
Rendered 1233/4735, time remaining: 2m 0s
Rendered 1234/4735, time remaining: 2m 0s
Rendered 1235/4735, time remaining: 2m 2s
Rendered 1236/4735, time remaining: 2m 1s
Rendered 1237/4735, time remaining: 2m 1s
Rendered 1238/4735, time remaining: 2m 2s
Rendered 1239/4735, time remaining: 2m 2s
Rendered 1240/4735, time remaining: 2m 0s
Rendered 1241/4735, time remaining: 2m 2s
Rendered 1242/4735, time remaining: 2m 0s
Rendered 1243/4735, time remaining: 2m 0s
Rendered 1244/4735, time remaining: 1m 59s
Rendered 1245/4735, time remaining: 1m 59s
Rendered 1246/4735, time remaining: 2m 0s
Rendered 1247/4735, time remaining: 2m 3s
Rendered 1248/4735, time remaining: 2m 2s
Rendered 1249/4735, time remaining: 2m 2s
Rendered 1250/4735, time remaining: 1m 58s
Rendered 1251/4735, time remaining: 2m 1s
Rendered 1252/4735, time remaining: 2m 1s
Rendered 1253/4735, time remaining: 2m 1s
Rendered 1254/4735, time remaining: 2m 1s
Rendered 1255/4735, time remaining: 2m 1s
Rendered 1256/4735, time remaining: 2m 1s
Rendered 1257/4735, time remaining: 2m 2s
Rendered 1258/4735, time remaining: 2m 0s
Rendered 1259/4735, time remaining: 1m 59s
Rendered 1260/4735, time remaining: 1m 59s
Rendered 1261/4735, time remaining: 1m 59s
Rendered 1262/4735, time remaining: 2m 0s
Rendered 1263/4735, time remaining: 2m 1s
Rendered 1264/4735, time remaining: 1m 59s
Rendered 1265/4735, time remaining: 1m 59s
Rendered 1266/4735, time remaining: 1m 59s
Rendered 1267/4735, time remaining: 2m 2s
Rendered 1268/4735, time remaining: 1m 58s
Rendered 1269/4735, time remaining: 1m 58s
Rendered 1270/4735, time remaining: 1m 58s
Rendered 1271/4735, time remaining: 2m 1s
Rendered 1272/4735, time remaining: 2m 0s
Rendered 1273/4735, time remaining: 2m 0s
Rendered 1274/4735, time remaining: 2m 0s
Rendered 1275/4735, time remaining: 1m 59s
Rendered 1276/4735, time remaining: 1m 58s
Rendered 1277/4735, time remaining: 1m 58s
Rendered 1278/4735, time remaining: 2m 1s
Rendered 1279/4735, time remaining: 1m 59s
Rendered 1280/4735, time remaining: 1m 59s
Rendered 1281/4735, time remaining: 2m 0s
Rendered 1282/4735, time remaining: 2m 0s
Rendered 1283/4735, time remaining: 2m 0s
Rendered 1284/4735, time remaining: 1m 57s
Rendered 1285/4735, time remaining: 1m 58s
Rendered 1286/4735, time remaining: 2m 1s
Rendered 1287/4735, time remaining: 1m 59s
Rendered 1288/4735, time remaining: 1m 59s
Rendered 1289/4735, time remaining: 1m 59s
Rendered 1290/4735, time remaining: 1m 58s
Rendered 1291/4735, time remaining: 1m 59s
Rendered 1292/4735, time remaining: 1m 58s
Rendered 1293/4735, time remaining: 1m 58s
Rendered 1294/4735, time remaining: 1m 59s
Rendered 1295/4735, time remaining: 1m 59s
Rendered 1296/4735, time remaining: 2m 1s
Rendered 1297/4735, time remaining: 2m 1s
Rendered 1298/4735, time remaining: 1m 59s
Rendered 1299/4735, time remaining: 1m 59s
Rendered 1300/4735, time remaining: 1m 59s
Rendered 1301/4735, time remaining: 1m 57s
Rendered 1302/4735, time remaining: 1m 58s
Rendered 1303/4735, time remaining: 1m 58s
Rendered 1304/4735, time remaining: 2m 1s
Rendered 1305/4735, time remaining: 2m 1s
Rendered 1306/4735, time remaining: 2m 2s
Rendered 1307/4735, time remaining: 2m 1s
Rendered 1308/4735, time remaining: 1m 59s
Rendered 1309/4735, time remaining: 1m 59s
Rendered 1310/4735, time remaining: 1m 58s
Rendered 1311/4735, time remaining: 1m 58s
Rendered 1312/4735, time remaining: 1m 59s
Rendered 1313/4735, time remaining: 1m 59s
Rendered 1314/4735, time remaining: 2m 3s
Rendered 1315/4735, time remaining: 2m 2s
Rendered 1316/4735, time remaining: 1m 58s
Rendered 1317/4735, time remaining: 1m 58s
Rendered 1318/4735, time remaining: 1m 59s
Rendered 1319/4735, time remaining: 2m 0s
Rendered 1320/4735, time remaining: 2m 1s
Rendered 1321/4735, time remaining: 2m 0s
Rendered 1322/4735, time remaining: 2m 1s
Rendered 1323/4735, time remaining: 1m 58s
Rendered 1324/4735, time remaining: 1m 58s
Rendered 1325/4735, time remaining: 1m 59s
Rendered 1326/4735, time remaining: 2m 2s
Rendered 1327/4735, time remaining: 2m 1s
Rendered 1328/4735, time remaining: 2m 1s
Rendered 1329/4735, time remaining: 2m 1s
Rendered 1330/4735, time remaining: 2m 3s
Rendered 1331/4735, time remaining: 1m 59s
Rendered 1332/4735, time remaining: 1m 59s
Rendered 1333/4735, time remaining: 1m 59s
Rendered 1334/4735, time remaining: 2m 1s
Rendered 1335/4735, time remaining: 2m 1s
Rendered 1336/4735, time remaining: 2m 1s
Rendered 1337/4735, time remaining: 2m 1s
Rendered 1338/4735, time remaining: 2m 2s
Rendered 1339/4735, time remaining: 2m 0s
Rendered 1340/4735, time remaining: 2m 1s
Rendered 1341/4735, time remaining: 2m 1s
Rendered 1342/4735, time remaining: 2m 1s
Rendered 1343/4735, time remaining: 2m 1s
Rendered 1344/4735, time remaining: 2m 0s
Rendered 1345/4735, time remaining: 2m 0s
Rendered 1346/4735, time remaining: 2m 2s
Rendered 1347/4735, time remaining: 2m 0s
Rendered 1348/4735, time remaining: 2m 0s
Rendered 1349/4735, time remaining: 2m 2s
Rendered 1350/4735, time remaining: 2m 1s
Rendered 1351/4735, time remaining: 2m 2s
Rendered 1352/4735, time remaining: 2m 0s
Rendered 1353/4735, time remaining: 2m 2s
Rendered 1354/4735, time remaining: 2m 2s
Rendered 1355/4735, time remaining: 1m 58s
Rendered 1356/4735, time remaining: 2m 1s
Rendered 1357/4735, time remaining: 2m 2s
Rendered 1358/4735, time remaining: 2m 2s
Rendered 1359/4735, time remaining: 2m 2s
Rendered 1360/4735, time remaining: 2m 2s
Rendered 1361/4735, time remaining: 2m 2s
Rendered 1362/4735, time remaining: 2m 2s
Rendered 1363/4735, time remaining: 2m 2s
Rendered 1364/4735, time remaining: 1m 59s
Rendered 1365/4735, time remaining: 2m 2s
Rendered 1366/4735, time remaining: 2m 2s
Rendered 1367/4735, time remaining: 2m 2s
Rendered 1368/4735, time remaining: 2m 1s
Rendered 1369/4735, time remaining: 2m 2s
Rendered 1370/4735, time remaining: 2m 2s
Rendered 1371/4735, time remaining: 1m 59s
Rendered 1372/4735, time remaining: 1m 59s
Rendered 1373/4735, time remaining: 2m 0s
Rendered 1374/4735, time remaining: 2m 2s
Rendered 1375/4735, time remaining: 2m 2s
Rendered 1376/4735, time remaining: 2m 0s
Rendered 1377/4735, time remaining: 1m 59s
Rendered 1378/4735, time remaining: 2m 0s
Rendered 1379/4735, time remaining: 2m 0s
Rendered 1380/4735, time remaining: 2m 1s
Rendered 1381/4735, time remaining: 2m 1s
Rendered 1382/4735, time remaining: 2m 3s
Rendered 1383/4735, time remaining: 2m 2s
Rendered 1384/4735, time remaining: 2m 2s
Rendered 1385/4735, time remaining: 2m 0s
Rendered 1386/4735, time remaining: 2m 0s
Rendered 1387/4735, time remaining: 2m 1s
Rendered 1388/4735, time remaining: 2m 0s
Rendered 1389/4735, time remaining: 2m 1s
Rendered 1390/4735, time remaining: 2m 3s
Rendered 1391/4735, time remaining: 2m 0s
Rendered 1392/4735, time remaining: 2m 0s
Rendered 1393/4735, time remaining: 2m 0s
Rendered 1394/4735, time remaining: 2m 0s
Rendered 1395/4735, time remaining: 2m 2s
Rendered 1396/4735, time remaining: 2m 1s
Rendered 1397/4735, time remaining: 2m 0s
Rendered 1398/4735, time remaining: 2m 1s
Rendered 1399/4735, time remaining: 2m 1s
Rendered 1400/4735, time remaining: 2m 1s
Rendered 1401/4735, time remaining: 1m 58s
Rendered 1402/4735, time remaining: 1m 59s
Rendered 1403/4735, time remaining: 1m 59s
Rendered 1404/4735, time remaining: 2m 1s
Rendered 1405/4735, time remaining: 2m 2s
Rendered 1406/4735, time remaining: 2m 2s
Rendered 1407/4735, time remaining: 2m 2s
Rendered 1408/4735, time remaining: 2m 1s
Rendered 1409/4735, time remaining: 2m 0s
Rendered 1410/4735, time remaining: 1m 58s
Rendered 1411/4735, time remaining: 1m 59s
Rendered 1412/4735, time remaining: 2m 0s
Rendered 1413/4735, time remaining: 2m 1s
Rendered 1414/4735, time remaining: 2m 1s
Rendered 1415/4735, time remaining: 2m 2s
Rendered 1416/4735, time remaining: 2m 2s
Rendered 1417/4735, time remaining: 2m 0s
Rendered 1418/4735, time remaining: 2m 1s
Rendered 1419/4735, time remaining: 2m 0s
Rendered 1420/4735, time remaining: 2m 2s
Rendered 1421/4735, time remaining: 1m 59s
Rendered 1422/4735, time remaining: 1m 59s
Rendered 1423/4735, time remaining: 2m 0s
Rendered 1424/4735, time remaining: 2m 2s
Rendered 1425/4735, time remaining: 2m 1s
Rendered 1426/4735, time remaining: 2m 3s
Rendered 1427/4735, time remaining: 2m 2s
Rendered 1428/4735, time remaining: 1m 58s
Rendered 1429/4735, time remaining: 1m 58s
Rendered 1430/4735, time remaining: 1m 58s
Rendered 1431/4735, time remaining: 2m 0s
Rendered 1432/4735, time remaining: 2m 1s
Rendered 1433/4735, time remaining: 2m 1s
Rendered 1434/4735, time remaining: 2m 1s
Rendered 1435/4735, time remaining: 2m 2s
Rendered 1436/4735, time remaining: 1m 59s
Rendered 1437/4735, time remaining: 1m 59s
Rendered 1438/4735, time remaining: 1m 59s
Rendered 1439/4735, time remaining: 2m 1s
Rendered 1440/4735, time remaining: 2m 0s
Rendered 1441/4735, time remaining: 2m 1s
Rendered 1442/4735, time remaining: 2m 1s
Rendered 1443/4735, time remaining: 2m 1s
Rendered 1444/4735, time remaining: 1m 59s
Rendered 1445/4735, time remaining: 2m 0s
Rendered 1446/4735, time remaining: 1m 58s
Rendered 1447/4735, time remaining: 1m 59s
Rendered 1448/4735, time remaining: 1m 59s
Rendered 1449/4735, time remaining: 2m 0s
Rendered 1450/4735, time remaining: 2m 0s
Rendered 1451/4735, time remaining: 2m 0s
Rendered 1452/4735, time remaining: 2m 0s
Rendered 1453/4735, time remaining: 2m 1s
Rendered 1454/4735, time remaining: 1m 57s
Rendered 1455/4735, time remaining: 1m 58s
Rendered 1456/4735, time remaining: 1m 59s
Rendered 1457/4735, time remaining: 1m 59s
Rendered 1458/4735, time remaining: 2m 1s
Rendered 1459/4735, time remaining: 2m 0s
Rendered 1460/4735, time remaining: 2m 0s
Rendered 1461/4735, time remaining: 2m 2s
Rendered 1462/4735, time remaining: 2m 1s
Rendered 1463/4735, time remaining: 2m 1s
Rendered 1464/4735, time remaining: 1m 57s
Rendered 1465/4735, time remaining: 1m 58s
Rendered 1466/4735, time remaining: 1m 58s
Rendered 1467/4735, time remaining: 1m 58s
Rendered 1468/4735, time remaining: 1m 59s
Rendered 1469/4735, time remaining: 2m 1s
Rendered 1470/4735, time remaining: 2m 1s
Rendered 1471/4735, time remaining: 2m 1s
Rendered 1472/4735, time remaining: 1m 59s
Rendered 1473/4735, time remaining: 1m 59s
Rendered 1474/4735, time remaining: 1m 59s
Rendered 1475/4735, time remaining: 1m 58s
Rendered 1476/4735, time remaining: 1m 58s
Rendered 1477/4735, time remaining: 2m 1s
Rendered 1478/4735, time remaining: 2m 2s
Rendered 1479/4735, time remaining: 2m 2s
Rendered 1480/4735, time remaining: 1m 59s
Rendered 1481/4735, time remaining: 1m 59s
Rendered 1482/4735, time remaining: 2m 0s
Rendered 1483/4735, time remaining: 2m 0s
Rendered 1484/4735, time remaining: 2m 2s
Rendered 1485/4735, time remaining: 2m 0s
Rendered 1486/4735, time remaining: 2m 0s
Rendered 1487/4735, time remaining: 2m 0s
Rendered 1488/4735, time remaining: 1m 59s
Rendered 1489/4735, time remaining: 2m 1s
Rendered 1490/4735, time remaining: 1m 58s
Rendered 1491/4735, time remaining: 1m 58s
Rendered 1492/4735, time remaining: 2m 1s
Rendered 1493/4735, time remaining: 2m 1s
Rendered 1494/4735, time remaining: 2m 0s
Rendered 1495/4735, time remaining: 2m 2s
Rendered 1496/4735, time remaining: 2m 0s
Rendered 1497/4735, time remaining: 2m 0s
Rendered 1498/4735, time remaining: 2m 0s
Rendered 1499/4735, time remaining: 1m 59s
Rendered 1500/4735, time remaining: 1m 59s
Rendered 1501/4735, time remaining: 2m 2s
Rendered 1502/4735, time remaining: 2m 2s
Rendered 1503/4735, time remaining: 2m 0s
Rendered 1504/4735, time remaining: 2m 0s
Rendered 1505/4735, time remaining: 2m 1s
Rendered 1506/4735, time remaining: 1m 59s
Rendered 1507/4735, time remaining: 1m 58s
Rendered 1508/4735, time remaining: 1m 58s
Rendered 1509/4735, time remaining: 2m 1s
Rendered 1510/4735, time remaining: 2m 1s
Rendered 1511/4735, time remaining: 1m 58s
Rendered 1512/4735, time remaining: 1m 59s
Rendered 1513/4735, time remaining: 1m 59s
Rendered 1514/4735, time remaining: 2m 1s
Rendered 1515/4735, time remaining: 1m 58s
Rendered 1516/4735, time remaining: 1m 58s
Rendered 1517/4735, time remaining: 2m 1s
Rendered 1518/4735, time remaining: 2m 1s
Rendered 1519/4735, time remaining: 2m 0s
Rendered 1520/4735, time remaining: 2m 3s
Rendered 1521/4735, time remaining: 2m 2s
Rendered 1522/4735, time remaining: 2m 2s
Rendered 1523/4735, time remaining: 2m 0s
Rendered 1524/4735, time remaining: 1m 58s
Rendered 1525/4735, time remaining: 2m 0s
Rendered 1526/4735, time remaining: 2m 0s
Rendered 1527/4735, time remaining: 2m 2s
Rendered 1528/4735, time remaining: 2m 3s
Rendered 1529/4735, time remaining: 2m 4s
Rendered 1530/4735, time remaining: 2m 1s
Rendered 1531/4735, time remaining: 2m 1s
Rendered 1532/4735, time remaining: 1m 59s
Rendered 1533/4735, time remaining: 1m 57s
Rendered 1534/4735, time remaining: 1m 59s
Rendered 1535/4735, time remaining: 1m 59s
Rendered 1536/4735, time remaining: 2m 1s
Rendered 1537/4735, time remaining: 2m 0s
Rendered 1538/4735, time remaining: 2m 1s
Rendered 1539/4735, time remaining: 2m 0s
Rendered 1540/4735, time remaining: 2m 0s
Rendered 1541/4735, time remaining: 2m 0s
Rendered 1542/4735, time remaining: 2m 1s
Rendered 1543/4735, time remaining: 2m 1s
Rendered 1544/4735, time remaining: 2m 1s
Rendered 1545/4735, time remaining: 2m 0s
Rendered 1546/4735, time remaining: 2m 0s
Rendered 1547/4735, time remaining: 1m 58s
Rendered 1548/4735, time remaining: 2m 0s
Rendered 1549/4735, time remaining: 2m 0s
Rendered 1550/4735, time remaining: 2m 0s
Rendered 1551/4735, time remaining: 2m 0s
Rendered 1552/4735, time remaining: 2m 2s
Rendered 1553/4735, time remaining: 2m 1s
Rendered 1554/4735, time remaining: 2m 0s
Rendered 1555/4735, time remaining: 1m 59s
Rendered 1556/4735, time remaining: 1m 59s
Rendered 1557/4735, time remaining: 2m 0s
Rendered 1558/4735, time remaining: 1m 59s
Rendered 1559/4735, time remaining: 2m 1s
Rendered 1560/4735, time remaining: 2m 0s
Rendered 1561/4735, time remaining: 2m 0s
Rendered 1562/4735, time remaining: 2m 1s
Rendered 1563/4735, time remaining: 1m 59s
Rendered 1564/4735, time remaining: 1m 59s
Rendered 1565/4735, time remaining: 1m 59s
Rendered 1566/4735, time remaining: 1m 58s
Rendered 1567/4735, time remaining: 2m 1s
Rendered 1568/4735, time remaining: 2m 0s
Rendered 1569/4735, time remaining: 2m 0s
Rendered 1570/4735, time remaining: 1m 58s
Rendered 1571/4735, time remaining: 2m 0s
Rendered 1572/4735, time remaining: 1m 59s
Rendered 1573/4735, time remaining: 1m 58s
Rendered 1574/4735, time remaining: 1m 57s
Rendered 1575/4735, time remaining: 1m 59s
Rendered 1576/4735, time remaining: 1m 58s
Rendered 1577/4735, time remaining: 1m 58s
Rendered 1578/4735, time remaining: 1m 59s
Rendered 1579/4735, time remaining: 2m 0s
Rendered 1580/4735, time remaining: 2m 0s
Rendered 1581/4735, time remaining: 1m 57s
Rendered 1582/4735, time remaining: 1m 56s
Rendered 1583/4735, time remaining: 2m 1s
Rendered 1584/4735, time remaining: 2m 1s
Rendered 1585/4735, time remaining: 1m 58s
Rendered 1586/4735, time remaining: 1m 58s
Rendered 1587/4735, time remaining: 1m 58s
Rendered 1588/4735, time remaining: 1m 58s
Rendered 1589/4735, time remaining: 1m 56s
Rendered 1590/4735, time remaining: 1m 57s
Rendered 1591/4735, time remaining: 1m 58s
Rendered 1592/4735, time remaining: 2m 0s
Rendered 1593/4735, time remaining: 2m 0s
Rendered 1594/4735, time remaining: 2m 0s
Rendered 1595/4735, time remaining: 1m 58s
Rendered 1596/4735, time remaining: 2m 0s
Rendered 1597/4735, time remaining: 1m 59s
Rendered 1598/4735, time remaining: 1m 59s
Rendered 1599/4735, time remaining: 1m 58s
Rendered 1600/4735, time remaining: 2m 0s
Rendered 1601/4735, time remaining: 2m 0s
Rendered 1602/4735, time remaining: 1m 59s
Rendered 1603/4735, time remaining: 1m 58s
Rendered 1604/4735, time remaining: 1m 58s
Rendered 1605/4735, time remaining: 1m 57s
Rendered 1606/4735, time remaining: 1m 58s
Rendered 1607/4735, time remaining: 1m 58s
Rendered 1608/4735, time remaining: 1m 57s
Rendered 1609/4735, time remaining: 1m 57s
Rendered 1610/4735, time remaining: 1m 57s
Rendered 1611/4735, time remaining: 1m 55s
Rendered 1612/4735, time remaining: 1m 58s
Rendered 1613/4735, time remaining: 1m 58s
Rendered 1614/4735, time remaining: 1m 58s
Rendered 1615/4735, time remaining: 1m 58s
Rendered 1616/4735, time remaining: 1m 58s
Rendered 1617/4735, time remaining: 1m 58s
Rendered 1618/4735, time remaining: 1m 56s
Rendered 1619/4735, time remaining: 1m 53s
Rendered 1620/4735, time remaining: 1m 57s
Rendered 1621/4735, time remaining: 1m 57s
Rendered 1622/4735, time remaining: 1m 57s
Rendered 1623/4735, time remaining: 1m 58s
Rendered 1624/4735, time remaining: 1m 58s
Rendered 1625/4735, time remaining: 1m 58s
Rendered 1626/4735, time remaining: 1m 55s
Rendered 1627/4735, time remaining: 1m 52s
Rendered 1628/4735, time remaining: 1m 56s
Rendered 1629/4735, time remaining: 1m 57s
Rendered 1630/4735, time remaining: 1m 57s
Rendered 1631/4735, time remaining: 1m 57s
Rendered 1632/4735, time remaining: 1m 58s
Rendered 1633/4735, time remaining: 1m 57s
Rendered 1634/4735, time remaining: 1m 54s
Rendered 1635/4735, time remaining: 1m 56s
Rendered 1636/4735, time remaining: 1m 57s
Rendered 1637/4735, time remaining: 1m 57s
Rendered 1638/4735, time remaining: 1m 56s
Rendered 1639/4735, time remaining: 1m 57s
Rendered 1640/4735, time remaining: 1m 57s
Rendered 1641/4735, time remaining: 1m 56s
Rendered 1642/4735, time remaining: 1m 54s
Rendered 1643/4735, time remaining: 1m 57s
Rendered 1644/4735, time remaining: 1m 57s
Rendered 1645/4735, time remaining: 1m 55s
Rendered 1646/4735, time remaining: 1m 55s
Rendered 1647/4735, time remaining: 1m 57s
Rendered 1648/4735, time remaining: 1m 55s
Rendered 1649/4735, time remaining: 1m 55s
Rendered 1650/4735, time remaining: 1m 56s
Rendered 1651/4735, time remaining: 1m 54s
Rendered 1652/4735, time remaining: 1m 54s
Rendered 1653/4735, time remaining: 1m 54s
Rendered 1654/4735, time remaining: 1m 55s
Rendered 1655/4735, time remaining: 1m 56s
Rendered 1656/4735, time remaining: 1m 55s
Rendered 1657/4735, time remaining: 1m 56s
Rendered 1658/4735, time remaining: 1m 56s
Rendered 1659/4735, time remaining: 1m 54s
Rendered 1660/4735, time remaining: 1m 54s
Rendered 1661/4735, time remaining: 1m 56s
Rendered 1662/4735, time remaining: 1m 56s
Rendered 1663/4735, time remaining: 1m 56s
Rendered 1664/4735, time remaining: 1m 54s
Rendered 1665/4735, time remaining: 1m 54s
Rendered 1666/4735, time remaining: 1m 54s
Rendered 1667/4735, time remaining: 1m 52s
Rendered 1668/4735, time remaining: 1m 54s
Rendered 1669/4735, time remaining: 1m 56s
Rendered 1670/4735, time remaining: 1m 53s
Rendered 1671/4735, time remaining: 1m 53s
Rendered 1672/4735, time remaining: 1m 55s
Rendered 1673/4735, time remaining: 1m 54s
Rendered 1674/4735, time remaining: 1m 54s
Rendered 1675/4735, time remaining: 1m 52s
Rendered 1676/4735, time remaining: 1m 54s
Rendered 1677/4735, time remaining: 1m 54s
Rendered 1678/4735, time remaining: 1m 53s
Rendered 1679/4735, time remaining: 1m 52s
Rendered 1680/4735, time remaining: 1m 52s
Rendered 1681/4735, time remaining: 1m 53s
Rendered 1682/4735, time remaining: 1m 53s
Rendered 1683/4735, time remaining: 1m 53s
Rendered 1684/4735, time remaining: 1m 53s
Rendered 1685/4735, time remaining: 1m 56s
Rendered 1686/4735, time remaining: 1m 54s
Rendered 1687/4735, time remaining: 1m 53s
Rendered 1688/4735, time remaining: 1m 52s
Rendered 1689/4735, time remaining: 1m 55s
Rendered 1690/4735, time remaining: 1m 53s
Rendered 1691/4735, time remaining: 1m 53s
Rendered 1692/4735, time remaining: 1m 52s
Rendered 1693/4735, time remaining: 1m 53s
Rendered 1694/4735, time remaining: 1m 53s
Rendered 1695/4735, time remaining: 1m 52s
Rendered 1696/4735, time remaining: 1m 54s
Rendered 1697/4735, time remaining: 1m 54s
Rendered 1698/4735, time remaining: 1m 52s
Rendered 1699/4735, time remaining: 1m 52s
Rendered 1700/4735, time remaining: 1m 54s
Rendered 1701/4735, time remaining: 1m 53s
Rendered 1702/4735, time remaining: 1m 51s
Rendered 1703/4735, time remaining: 1m 51s
Rendered 1704/4735, time remaining: 1m 54s
Rendered 1705/4735, time remaining: 1m 52s
Rendered 1706/4735, time remaining: 1m 52s
Rendered 1707/4735, time remaining: 1m 51s
Rendered 1708/4735, time remaining: 1m 55s
Rendered 1709/4735, time remaining: 1m 53s
Rendered 1710/4735, time remaining: 1m 54s
Rendered 1711/4735, time remaining: 1m 54s
Rendered 1712/4735, time remaining: 1m 52s
Rendered 1713/4735, time remaining: 1m 51s
Rendered 1714/4735, time remaining: 1m 51s
Rendered 1715/4735, time remaining: 1m 53s
Rendered 1716/4735, time remaining: 1m 55s
Rendered 1717/4735, time remaining: 1m 53s
Rendered 1718/4735, time remaining: 1m 53s
Rendered 1719/4735, time remaining: 1m 54s
Rendered 1720/4735, time remaining: 1m 54s
Rendered 1721/4735, time remaining: 1m 53s
Rendered 1722/4735, time remaining: 1m 53s
Rendered 1723/4735, time remaining: 1m 54s
Rendered 1724/4735, time remaining: 1m 55s
Rendered 1725/4735, time remaining: 1m 53s
Rendered 1726/4735, time remaining: 1m 54s
Rendered 1727/4735, time remaining: 1m 54s
Rendered 1728/4735, time remaining: 1m 53s
Rendered 1729/4735, time remaining: 1m 54s
Rendered 1730/4735, time remaining: 1m 54s
Rendered 1731/4735, time remaining: 1m 54s
Rendered 1732/4735, time remaining: 1m 55s
Rendered 1733/4735, time remaining: 1m 51s
Rendered 1734/4735, time remaining: 1m 51s
Rendered 1735/4735, time remaining: 1m 52s
Rendered 1736/4735, time remaining: 1m 52s
Rendered 1737/4735, time remaining: 1m 54s
Rendered 1738/4735, time remaining: 1m 54s
Rendered 1739/4735, time remaining: 1m 54s
Rendered 1740/4735, time remaining: 1m 55s
Rendered 1741/4735, time remaining: 1m 52s
Rendered 1742/4735, time remaining: 1m 51s
Rendered 1743/4735, time remaining: 1m 53s
Rendered 1744/4735, time remaining: 1m 53s
Rendered 1745/4735, time remaining: 1m 55s
Rendered 1746/4735, time remaining: 1m 54s
Rendered 1747/4735, time remaining: 1m 52s
Rendered 1748/4735, time remaining: 1m 53s
Rendered 1749/4735, time remaining: 1m 53s
Rendered 1750/4735, time remaining: 1m 51s
Rendered 1751/4735, time remaining: 1m 51s
Rendered 1752/4735, time remaining: 1m 52s
Rendered 1753/4735, time remaining: 1m 54s
Rendered 1754/4735, time remaining: 1m 54s
Rendered 1755/4735, time remaining: 1m 54s
Rendered 1756/4735, time remaining: 1m 52s
Rendered 1757/4735, time remaining: 1m 51s
Rendered 1758/4735, time remaining: 1m 53s
Rendered 1759/4735, time remaining: 1m 53s
Rendered 1760/4735, time remaining: 1m 53s
Rendered 1761/4735, time remaining: 1m 55s
Rendered 1762/4735, time remaining: 1m 52s
Rendered 1763/4735, time remaining: 1m 52s
Rendered 1764/4735, time remaining: 1m 52s
Rendered 1765/4735, time remaining: 1m 52s
Rendered 1766/4735, time remaining: 1m 51s
Rendered 1767/4735, time remaining: 1m 51s
Rendered 1768/4735, time remaining: 1m 53s
Rendered 1769/4735, time remaining: 1m 56s
Rendered 1770/4735, time remaining: 1m 53s
Rendered 1771/4735, time remaining: 1m 53s
Rendered 1772/4735, time remaining: 1m 53s
Rendered 1773/4735, time remaining: 1m 52s
Rendered 1774/4735, time remaining: 1m 52s
Rendered 1775/4735, time remaining: 1m 52s
Rendered 1776/4735, time remaining: 1m 55s
Rendered 1777/4735, time remaining: 1m 54s
Rendered 1778/4735, time remaining: 1m 51s
Rendered 1779/4735, time remaining: 1m 50s
Rendered 1780/4735, time remaining: 1m 53s
Rendered 1781/4735, time remaining: 1m 53s
Rendered 1782/4735, time remaining: 1m 51s
Rendered 1783/4735, time remaining: 1m 51s
Rendered 1784/4735, time remaining: 1m 51s
Rendered 1785/4735, time remaining: 1m 52s
Rendered 1786/4735, time remaining: 1m 51s
Rendered 1787/4735, time remaining: 1m 51s
Rendered 1788/4735, time remaining: 1m 53s
Rendered 1789/4735, time remaining: 1m 51s
Rendered 1790/4735, time remaining: 1m 51s
Rendered 1791/4735, time remaining: 1m 51s
Rendered 1792/4735, time remaining: 1m 51s
Rendered 1793/4735, time remaining: 1m 50s
Rendered 1794/4735, time remaining: 1m 50s
Rendered 1795/4735, time remaining: 1m 49s
Rendered 1796/4735, time remaining: 1m 53s
Rendered 1797/4735, time remaining: 1m 51s
Rendered 1798/4735, time remaining: 1m 51s
Rendered 1799/4735, time remaining: 1m 51s
Rendered 1800/4735, time remaining: 1m 52s
Rendered 1801/4735, time remaining: 1m 50s
Rendered 1802/4735, time remaining: 1m 51s
Rendered 1803/4735, time remaining: 1m 51s
Rendered 1804/4735, time remaining: 1m 52s
Rendered 1805/4735, time remaining: 1m 51s
Rendered 1806/4735, time remaining: 1m 51s
Rendered 1807/4735, time remaining: 1m 50s
Rendered 1808/4735, time remaining: 1m 52s
Rendered 1809/4735, time remaining: 1m 50s
Rendered 1810/4735, time remaining: 1m 50s
Rendered 1811/4735, time remaining: 1m 48s
Rendered 1812/4735, time remaining: 1m 52s
Rendered 1813/4735, time remaining: 1m 52s
Rendered 1814/4735, time remaining: 1m 52s
Rendered 1815/4735, time remaining: 1m 52s
Rendered 1816/4735, time remaining: 1m 52s
Rendered 1817/4735, time remaining: 1m 53s
Rendered 1818/4735, time remaining: 1m 52s
Rendered 1819/4735, time remaining: 1m 49s
Rendered 1820/4735, time remaining: 1m 52s
Rendered 1821/4735, time remaining: 1m 52s
Rendered 1822/4735, time remaining: 1m 50s
Rendered 1823/4735, time remaining: 1m 51s
Rendered 1824/4735, time remaining: 1m 51s
Rendered 1825/4735, time remaining: 1m 52s
Rendered 1826/4735, time remaining: 1m 50s
Rendered 1827/4735, time remaining: 1m 48s
Rendered 1828/4735, time remaining: 1m 52s
Rendered 1829/4735, time remaining: 1m 52s
Rendered 1830/4735, time remaining: 1m 52s
Rendered 1831/4735, time remaining: 1m 50s
Rendered 1832/4735, time remaining: 1m 50s
Rendered 1833/4735, time remaining: 1m 50s
Rendered 1834/4735, time remaining: 1m 52s
Rendered 1835/4735, time remaining: 1m 49s
Rendered 1836/4735, time remaining: 1m 52s
Rendered 1837/4735, time remaining: 1m 53s
Rendered 1838/4735, time remaining: 1m 53s
Rendered 1839/4735, time remaining: 1m 51s
Rendered 1840/4735, time remaining: 1m 51s
Rendered 1841/4735, time remaining: 1m 51s
Rendered 1842/4735, time remaining: 1m 51s
Rendered 1843/4735, time remaining: 1m 50s
Rendered 1844/4735, time remaining: 1m 54s
Rendered 1845/4735, time remaining: 1m 54s
Rendered 1846/4735, time remaining: 1m 52s
Rendered 1847/4735, time remaining: 1m 54s
Rendered 1848/4735, time remaining: 1m 53s
Rendered 1849/4735, time remaining: 1m 53s
Rendered 1850/4735, time remaining: 1m 51s
Rendered 1851/4735, time remaining: 1m 51s
Rendered 1852/4735, time remaining: 1m 52s
Rendered 1853/4735, time remaining: 1m 52s
Rendered 1854/4735, time remaining: 1m 50s
Rendered 1855/4735, time remaining: 1m 52s
Rendered 1856/4735, time remaining: 1m 53s
Rendered 1857/4735, time remaining: 1m 53s
Rendered 1858/4735, time remaining: 1m 50s
Rendered 1859/4735, time remaining: 1m 50s
Rendered 1860/4735, time remaining: 1m 49s
Rendered 1861/4735, time remaining: 1m 52s
Rendered 1862/4735, time remaining: 1m 52s
Rendered 1863/4735, time remaining: 1m 53s
Rendered 1864/4735, time remaining: 1m 53s
Rendered 1865/4735, time remaining: 1m 51s
Rendered 1866/4735, time remaining: 1m 49s
Rendered 1867/4735, time remaining: 1m 50s
Rendered 1868/4735, time remaining: 1m 50s
Rendered 1869/4735, time remaining: 1m 51s
Rendered 1870/4735, time remaining: 1m 52s
Rendered 1871/4735, time remaining: 1m 52s
Rendered 1872/4735, time remaining: 1m 52s
Rendered 1873/4735, time remaining: 1m 51s
Rendered 1874/4735, time remaining: 1m 50s
Rendered 1875/4735, time remaining: 1m 50s
Rendered 1876/4735, time remaining: 1m 49s
Rendered 1877/4735, time remaining: 1m 52s
Rendered 1878/4735, time remaining: 1m 52s
Rendered 1879/4735, time remaining: 1m 50s
Rendered 1880/4735, time remaining: 1m 51s
Rendered 1881/4735, time remaining: 1m 51s
Rendered 1882/4735, time remaining: 1m 49s
Rendered 1883/4735, time remaining: 1m 49s
Rendered 1884/4735, time remaining: 1m 50s
Rendered 1885/4735, time remaining: 1m 51s
Rendered 1886/4735, time remaining: 1m 51s
Rendered 1887/4735, time remaining: 1m 49s
Rendered 1888/4735, time remaining: 1m 49s
Rendered 1889/4735, time remaining: 1m 51s
Rendered 1890/4735, time remaining: 1m 49s
Rendered 1891/4735, time remaining: 1m 50s
Rendered 1892/4735, time remaining: 1m 51s
Rendered 1893/4735, time remaining: 1m 49s
Rendered 1894/4735, time remaining: 1m 49s
Rendered 1895/4735, time remaining: 1m 47s
Rendered 1896/4735, time remaining: 1m 47s
Rendered 1897/4735, time remaining: 1m 49s
Rendered 1898/4735, time remaining: 1m 49s
Rendered 1899/4735, time remaining: 1m 49s
Rendered 1900/4735, time remaining: 1m 50s
Rendered 1901/4735, time remaining: 1m 50s
Rendered 1902/4735, time remaining: 1m 48s
Rendered 1903/4735, time remaining: 1m 46s
Rendered 1904/4735, time remaining: 1m 49s
Rendered 1905/4735, time remaining: 1m 49s
Rendered 1906/4735, time remaining: 1m 49s
Rendered 1907/4735, time remaining: 1m 49s
Rendered 1908/4735, time remaining: 1m 47s
Rendered 1909/4735, time remaining: 1m 48s
Rendered 1910/4735, time remaining: 1m 48s
Rendered 1911/4735, time remaining: 1m 45s
Rendered 1912/4735, time remaining: 1m 48s
Rendered 1913/4735, time remaining: 1m 48s
Rendered 1914/4735, time remaining: 1m 48s
Rendered 1915/4735, time remaining: 1m 49s
Rendered 1916/4735, time remaining: 1m 49s
Rendered 1917/4735, time remaining: 1m 49s
Rendered 1918/4735, time remaining: 1m 49s
Rendered 1919/4735, time remaining: 1m 46s
Rendered 1920/4735, time remaining: 1m 46s
Rendered 1921/4735, time remaining: 1m 46s
Rendered 1922/4735, time remaining: 1m 46s
Rendered 1923/4735, time remaining: 1m 47s
Rendered 1924/4735, time remaining: 1m 48s
Rendered 1925/4735, time remaining: 1m 48s
Rendered 1926/4735, time remaining: 1m 47s
Rendered 1927/4735, time remaining: 1m 47s
Rendered 1928/4735, time remaining: 1m 46s
Rendered 1929/4735, time remaining: 1m 46s
Rendered 1930/4735, time remaining: 1m 45s
Rendered 1931/4735, time remaining: 1m 47s
Rendered 1932/4735, time remaining: 1m 47s
Rendered 1933/4735, time remaining: 1m 47s
Rendered 1934/4735, time remaining: 1m 48s
Rendered 1935/4735, time remaining: 1m 45s
Rendered 1936/4735, time remaining: 1m 45s
Rendered 1937/4735, time remaining: 1m 45s
Rendered 1938/4735, time remaining: 1m 45s
Rendered 1939/4735, time remaining: 1m 46s
Rendered 1940/4735, time remaining: 1m 46s
Rendered 1941/4735, time remaining: 1m 46s
Rendered 1942/4735, time remaining: 1m 46s
Rendered 1943/4735, time remaining: 1m 46s
Rendered 1944/4735, time remaining: 1m 46s
Rendered 1945/4735, time remaining: 1m 46s
Rendered 1946/4735, time remaining: 1m 45s
Rendered 1947/4735, time remaining: 1m 46s
Rendered 1948/4735, time remaining: 1m 46s
Rendered 1949/4735, time remaining: 1m 46s
Rendered 1950/4735, time remaining: 1m 44s
Rendered 1951/4735, time remaining: 1m 45s
Rendered 1952/4735, time remaining: 1m 44s
Rendered 1953/4735, time remaining: 1m 46s
Rendered 1954/4735, time remaining: 1m 44s
Rendered 1955/4735, time remaining: 1m 44s
Rendered 1956/4735, time remaining: 1m 44s
Rendered 1957/4735, time remaining: 1m 45s
Rendered 1958/4735, time remaining: 1m 45s
Rendered 1959/4735, time remaining: 1m 46s
Rendered 1960/4735, time remaining: 1m 46s
Rendered 1961/4735, time remaining: 1m 46s
Rendered 1962/4735, time remaining: 1m 42s
Rendered 1963/4735, time remaining: 1m 44s
Rendered 1964/4735, time remaining: 1m 44s
Rendered 1965/4735, time remaining: 1m 44s
Rendered 1966/4735, time remaining: 1m 44s
Rendered 1967/4735, time remaining: 1m 43s
Rendered 1968/4735, time remaining: 1m 43s
Rendered 1969/4735, time remaining: 1m 43s
Rendered 1970/4735, time remaining: 1m 41s
Rendered 1971/4735, time remaining: 1m 43s
Rendered 1972/4735, time remaining: 1m 43s
Rendered 1973/4735, time remaining: 1m 43s
Rendered 1974/4735, time remaining: 1m 43s
Rendered 1975/4735, time remaining: 1m 42s
Rendered 1976/4735, time remaining: 1m 42s
Rendered 1977/4735, time remaining: 1m 42s
Rendered 1978/4735, time remaining: 1m 39s
Rendered 1979/4735, time remaining: 1m 39s
Rendered 1980/4735, time remaining: 1m 39s
Rendered 1981/4735, time remaining: 1m 39s
Rendered 1982/4735, time remaining: 1m 40s
Rendered 1983/4735, time remaining: 1m 39s
Rendered 1984/4735, time remaining: 1m 37s
Rendered 1985/4735, time remaining: 1m 37s
Rendered 1986/4735, time remaining: 1m 34s
Rendered 1987/4735, time remaining: 1m 34s
Rendered 1988/4735, time remaining: 1m 35s
Rendered 1989/4735, time remaining: 1m 34s
Rendered 1990/4735, time remaining: 1m 35s
Rendered 1991/4735, time remaining: 1m 34s
Rendered 1992/4735, time remaining: 1m 35s
Rendered 1993/4735, time remaining: 1m 36s
Rendered 1994/4735, time remaining: 1m 33s
Rendered 1995/4735, time remaining: 1m 33s
Rendered 1996/4735, time remaining: 1m 32s
Rendered 1997/4735, time remaining: 1m 30s
Rendered 1998/4735, time remaining: 1m 33s
Rendered 1999/4735, time remaining: 1m 33s
Rendered 2000/4735, time remaining: 1m 33s
Rendered 2001/4735, time remaining: 1m 34s
Rendered 2002/4735, time remaining: 1m 33s
Rendered 2003/4735, time remaining: 1m 34s
Rendered 2004/4735, time remaining: 1m 33s
Rendered 2005/4735, time remaining: 1m 31s
Rendered 2006/4735, time remaining: 1m 32s
Rendered 2007/4735, time remaining: 1m 33s
Rendered 2008/4735, time remaining: 1m 33s
Rendered 2009/4735, time remaining: 1m 33s
Rendered 2010/4735, time remaining: 1m 33s
Rendered 2011/4735, time remaining: 1m 30s
Rendered 2012/4735, time remaining: 1m 30s
Rendered 2013/4735, time remaining: 1m 31s
Rendered 2014/4735, time remaining: 1m 31s
Rendered 2015/4735, time remaining: 1m 32s
Rendered 2016/4735, time remaining: 1m 32s
Rendered 2017/4735, time remaining: 1m 33s
Rendered 2018/4735, time remaining: 1m 32s
Rendered 2019/4735, time remaining: 1m 31s
Rendered 2020/4735, time remaining: 1m 30s
Rendered 2021/4735, time remaining: 1m 30s
Rendered 2022/4735, time remaining: 1m 31s
Rendered 2023/4735, time remaining: 1m 31s
Rendered 2024/4735, time remaining: 1m 32s
Rendered 2025/4735, time remaining: 1m 32s
Rendered 2026/4735, time remaining: 1m 32s
Rendered 2027/4735, time remaining: 1m 29s
Rendered 2028/4735, time remaining: 1m 29s
Rendered 2029/4735, time remaining: 1m 29s
Rendered 2030/4735, time remaining: 1m 29s
Rendered 2031/4735, time remaining: 1m 30s
Rendered 2032/4735, time remaining: 1m 32s
Rendered 2033/4735, time remaining: 1m 32s
Rendered 2034/4735, time remaining: 1m 31s
Rendered 2035/4735, time remaining: 1m 29s
Rendered 2036/4735, time remaining: 1m 29s
Rendered 2037/4735, time remaining: 1m 31s
Rendered 2038/4735, time remaining: 1m 31s
Rendered 2039/4735, time remaining: 1m 29s
Rendered 2040/4735, time remaining: 1m 31s
Rendered 2041/4735, time remaining: 1m 30s
Rendered 2042/4735, time remaining: 1m 29s
Rendered 2043/4735, time remaining: 1m 29s
Rendered 2044/4735, time remaining: 1m 30s
Rendered 2045/4735, time remaining: 1m 32s
Rendered 2046/4735, time remaining: 1m 31s
Rendered 2047/4735, time remaining: 1m 29s
Rendered 2048/4735, time remaining: 1m 29s
Rendered 2049/4735, time remaining: 1m 29s
Rendered 2050/4735, time remaining: 1m 29s
Rendered 2051/4735, time remaining: 1m 28s
Rendered 2052/4735, time remaining: 1m 29s
Rendered 2053/4735, time remaining: 1m 32s
Rendered 2054/4735, time remaining: 1m 30s
Rendered 2055/4735, time remaining: 1m 29s
Rendered 2056/4735, time remaining: 1m 30s
Rendered 2057/4735, time remaining: 1m 30s
Rendered 2058/4735, time remaining: 1m 29s
Rendered 2059/4735, time remaining: 1m 30s
Rendered 2060/4735, time remaining: 1m 30s
Rendered 2061/4735, time remaining: 1m 32s
Rendered 2062/4735, time remaining: 1m 30s
Rendered 2063/4735, time remaining: 1m 30s
Rendered 2064/4735, time remaining: 1m 30s
Rendered 2065/4735, time remaining: 1m 29s
Rendered 2066/4735, time remaining: 1m 28s
Rendered 2067/4735, time remaining: 1m 30s
Rendered 2068/4735, time remaining: 1m 28s
Rendered 2069/4735, time remaining: 1m 30s
Rendered 2070/4735, time remaining: 1m 29s
Rendered 2071/4735, time remaining: 1m 29s
Rendered 2072/4735, time remaining: 1m 29s
Rendered 2073/4735, time remaining: 1m 29s
Rendered 2074/4735, time remaining: 1m 30s
Rendered 2075/4735, time remaining: 1m 30s
Rendered 2076/4735, time remaining: 1m 29s
Rendered 2077/4735, time remaining: 1m 30s
Rendered 2078/4735, time remaining: 1m 30s
Rendered 2079/4735, time remaining: 1m 29s
Rendered 2080/4735, time remaining: 1m 28s
Rendered 2081/4735, time remaining: 1m 27s
Rendered 2082/4735, time remaining: 1m 30s
Rendered 2083/4735, time remaining: 1m 30s
Rendered 2084/4735, time remaining: 1m 29s
Rendered 2085/4735, time remaining: 1m 29s
Rendered 2086/4735, time remaining: 1m 29s
Rendered 2087/4735, time remaining: 1m 31s
Rendered 2088/4735, time remaining: 1m 29s
Rendered 2089/4735, time remaining: 1m 29s
Rendered 2090/4735, time remaining: 1m 30s
Rendered 2091/4735, time remaining: 1m 30s
Rendered 2092/4735, time remaining: 1m 30s
Rendered 2093/4735, time remaining: 1m 28s
Rendered 2094/4735, time remaining: 1m 28s
Rendered 2095/4735, time remaining: 1m 30s
Rendered 2096/4735, time remaining: 1m 28s
Rendered 2097/4735, time remaining: 1m 28s
Rendered 2098/4735, time remaining: 1m 29s
Rendered 2099/4735, time remaining: 1m 29s
Rendered 2100/4735, time remaining: 1m 29s
Rendered 2101/4735, time remaining: 1m 28s
Rendered 2102/4735, time remaining: 1m 28s
Rendered 2103/4735, time remaining: 1m 29s
Rendered 2104/4735, time remaining: 1m 29s
Rendered 2105/4735, time remaining: 1m 28s
Rendered 2106/4735, time remaining: 1m 29s
Rendered 2107/4735, time remaining: 1m 29s
Rendered 2108/4735, time remaining: 1m 27s
Rendered 2109/4735, time remaining: 1m 27s
Rendered 2110/4735, time remaining: 1m 28s
Rendered 2111/4735, time remaining: 1m 28s
Rendered 2112/4735, time remaining: 1m 29s
Rendered 2113/4735, time remaining: 1m 27s
Rendered 2114/4735, time remaining: 1m 27s
Rendered 2115/4735, time remaining: 1m 27s
Rendered 2116/4735, time remaining: 1m 29s
Rendered 2117/4735, time remaining: 1m 30s
Rendered 2118/4735, time remaining: 1m 29s
Rendered 2119/4735, time remaining: 1m 29s
Rendered 2120/4735, time remaining: 1m 31s
Rendered 2121/4735, time remaining: 1m 29s
Rendered 2122/4735, time remaining: 1m 28s
Rendered 2123/4735, time remaining: 1m 28s
Rendered 2124/4735, time remaining: 1m 28s
Rendered 2125/4735, time remaining: 1m 30s
Rendered 2126/4735, time remaining: 1m 30s
Rendered 2127/4735, time remaining: 1m 30s
Rendered 2128/4735, time remaining: 1m 31s
Rendered 2129/4735, time remaining: 1m 31s
Rendered 2130/4735, time remaining: 1m 31s
Rendered 2131/4735, time remaining: 1m 31s
Rendered 2132/4735, time remaining: 1m 33s
Rendered 2133/4735, time remaining: 1m 33s
Rendered 2134/4735, time remaining: 1m 33s
Rendered 2135/4735, time remaining: 1m 35s
Rendered 2136/4735, time remaining: 1m 35s
Rendered 2137/4735, time remaining: 1m 34s
Rendered 2138/4735, time remaining: 1m 34s
Rendered 2139/4735, time remaining: 1m 36s
Rendered 2140/4735, time remaining: 1m 34s
Rendered 2141/4735, time remaining: 1m 34s
Rendered 2142/4735, time remaining: 1m 36s
Rendered 2143/4735, time remaining: 1m 35s
Rendered 2144/4735, time remaining: 1m 35s
Rendered 2145/4735, time remaining: 1m 36s
Rendered 2146/4735, time remaining: 1m 36s
Rendered 2147/4735, time remaining: 1m 36s
Rendered 2148/4735, time remaining: 1m 34s
Rendered 2149/4735, time remaining: 1m 34s
Rendered 2150/4735, time remaining: 1m 34s
Rendered 2151/4735, time remaining: 1m 36s
Rendered 2152/4735, time remaining: 1m 36s
Rendered 2153/4735, time remaining: 1m 35s
Rendered 2154/4735, time remaining: 1m 36s
Rendered 2155/4735, time remaining: 1m 36s
Rendered 2156/4735, time remaining: 1m 36s
Rendered 2157/4735, time remaining: 1m 35s
Rendered 2158/4735, time remaining: 1m 35s
Rendered 2159/4735, time remaining: 1m 35s
Rendered 2160/4735, time remaining: 1m 35s
Rendered 2161/4735, time remaining: 1m 35s
Rendered 2162/4735, time remaining: 1m 36s
Rendered 2163/4735, time remaining: 1m 35s
Rendered 2164/4735, time remaining: 1m 36s
Rendered 2165/4735, time remaining: 1m 35s
Rendered 2166/4735, time remaining: 1m 37s
Rendered 2167/4735, time remaining: 1m 35s
Rendered 2168/4735, time remaining: 1m 36s
Rendered 2169/4735, time remaining: 1m 35s
Rendered 2170/4735, time remaining: 1m 35s
Rendered 2171/4735, time remaining: 1m 34s
Rendered 2172/4735, time remaining: 1m 36s
Rendered 2173/4735, time remaining: 1m 36s
Rendered 2174/4735, time remaining: 1m 35s
Rendered 2175/4735, time remaining: 1m 36s
Rendered 2176/4735, time remaining: 1m 35s
Rendered 2177/4735, time remaining: 1m 35s
Rendered 2178/4735, time remaining: 1m 35s
Rendered 2179/4735, time remaining: 1m 36s
Rendered 2180/4735, time remaining: 1m 37s
Rendered 2181/4735, time remaining: 1m 37s
Rendered 2182/4735, time remaining: 1m 36s
Rendered 2183/4735, time remaining: 1m 35s
Rendered 2184/4735, time remaining: 1m 35s
Rendered 2185/4735, time remaining: 1m 35s
Rendered 2186/4735, time remaining: 1m 35s
Rendered 2187/4735, time remaining: 1m 34s
Rendered 2188/4735, time remaining: 1m 37s
Rendered 2189/4735, time remaining: 1m 37s
Rendered 2190/4735, time remaining: 1m 35s
Rendered 2191/4735, time remaining: 1m 36s
Rendered 2192/4735, time remaining: 1m 36s
Rendered 2193/4735, time remaining: 1m 36s
Rendered 2194/4735, time remaining: 1m 37s
Rendered 2195/4735, time remaining: 1m 34s
Rendered 2196/4735, time remaining: 1m 35s
Rendered 2197/4735, time remaining: 1m 35s
Rendered 2198/4735, time remaining: 1m 36s
Rendered 2199/4735, time remaining: 1m 36s
Rendered 2200/4735, time remaining: 1m 36s
Rendered 2201/4735, time remaining: 1m 36s
Rendered 2202/4735, time remaining: 1m 37s
Rendered 2203/4735, time remaining: 1m 33s
Rendered 2204/4735, time remaining: 1m 35s
Rendered 2205/4735, time remaining: 1m 35s
Rendered 2206/4735, time remaining: 1m 36s
Rendered 2207/4735, time remaining: 1m 35s
Rendered 2208/4735, time remaining: 1m 35s
Rendered 2209/4735, time remaining: 1m 35s
Rendered 2210/4735, time remaining: 1m 35s
Rendered 2211/4735, time remaining: 1m 33s
Rendered 2212/4735, time remaining: 1m 34s
Rendered 2213/4735, time remaining: 1m 35s
Rendered 2214/4735, time remaining: 1m 35s
Rendered 2215/4735, time remaining: 1m 36s
Rendered 2216/4735, time remaining: 1m 36s
Rendered 2217/4735, time remaining: 1m 35s
Rendered 2218/4735, time remaining: 1m 35s
Rendered 2219/4735, time remaining: 1m 33s
Rendered 2220/4735, time remaining: 1m 33s
Rendered 2221/4735, time remaining: 1m 34s
Rendered 2222/4735, time remaining: 1m 34s
Rendered 2223/4735, time remaining: 1m 37s
Rendered 2224/4735, time remaining: 1m 34s
Rendered 2225/4735, time remaining: 1m 35s
Rendered 2226/4735, time remaining: 1m 35s
Rendered 2227/4735, time remaining: 1m 34s
Rendered 2228/4735, time remaining: 1m 35s
Rendered 2229/4735, time remaining: 1m 35s
Rendered 2230/4735, time remaining: 1m 35s
Rendered 2231/4735, time remaining: 1m 37s
Rendered 2232/4735, time remaining: 1m 34s
Rendered 2233/4735, time remaining: 1m 35s
Rendered 2234/4735, time remaining: 1m 35s
Rendered 2235/4735, time remaining: 1m 35s
Rendered 2236/4735, time remaining: 1m 35s
Rendered 2237/4735, time remaining: 1m 33s
Rendered 2238/4735, time remaining: 1m 36s
Rendered 2239/4735, time remaining: 1m 37s
Rendered 2240/4735, time remaining: 1m 36s
Rendered 2241/4735, time remaining: 1m 36s
Rendered 2242/4735, time remaining: 1m 36s
Rendered 2243/4735, time remaining: 1m 36s
Rendered 2244/4735, time remaining: 1m 36s
Rendered 2245/4735, time remaining: 1m 34s
Rendered 2246/4735, time remaining: 1m 36s
Rendered 2247/4735, time remaining: 1m 36s
Rendered 2248/4735, time remaining: 1m 37s
Rendered 2249/4735, time remaining: 1m 36s
Rendered 2250/4735, time remaining: 1m 36s
Rendered 2251/4735, time remaining: 1m 36s
Rendered 2252/4735, time remaining: 1m 36s
Rendered 2253/4735, time remaining: 1m 34s
Rendered 2254/4735, time remaining: 1m 36s
Rendered 2255/4735, time remaining: 1m 37s
Rendered 2256/4735, time remaining: 1m 36s
Rendered 2257/4735, time remaining: 1m 36s
Rendered 2258/4735, time remaining: 1m 36s
Rendered 2259/4735, time remaining: 1m 35s
Rendered 2260/4735, time remaining: 1m 36s
Rendered 2261/4735, time remaining: 1m 36s
Rendered 2262/4735, time remaining: 1m 34s
Rendered 2263/4735, time remaining: 1m 36s
Rendered 2264/4735, time remaining: 1m 36s
Rendered 2265/4735, time remaining: 1m 36s
Rendered 2266/4735, time remaining: 1m 36s
Rendered 2267/4735, time remaining: 1m 35s
Rendered 2268/4735, time remaining: 1m 36s
Rendered 2269/4735, time remaining: 1m 36s
Rendered 2270/4735, time remaining: 1m 35s
Rendered 2271/4735, time remaining: 1m 35s
Rendered 2272/4735, time remaining: 1m 35s
Rendered 2273/4735, time remaining: 1m 36s
Rendered 2274/4735, time remaining: 1m 36s
Rendered 2275/4735, time remaining: 1m 34s
Rendered 2276/4735, time remaining: 1m 36s
Rendered 2277/4735, time remaining: 1m 37s
Rendered 2278/4735, time remaining: 1m 35s
Rendered 2279/4735, time remaining: 1m 35s
Rendered 2280/4735, time remaining: 1m 35s
Rendered 2281/4735, time remaining: 1m 35s
Rendered 2282/4735, time remaining: 1m 33s
Rendered 2283/4735, time remaining: 1m 34s
Rendered 2284/4735, time remaining: 1m 37s
Rendered 2285/4735, time remaining: 1m 35s
Rendered 2286/4735, time remaining: 1m 35s
Rendered 2287/4735, time remaining: 1m 35s
Rendered 2288/4735, time remaining: 1m 34s
Rendered 2289/4735, time remaining: 1m 34s
Rendered 2290/4735, time remaining: 1m 37s
Rendered 2291/4735, time remaining: 1m 37s
Rendered 2292/4735, time remaining: 1m 34s
Rendered 2293/4735, time remaining: 1m 34s
Rendered 2294/4735, time remaining: 1m 35s
Rendered 2295/4735, time remaining: 1m 34s
Rendered 2296/4735, time remaining: 1m 34s
Rendered 2297/4735, time remaining: 1m 34s
Rendered 2298/4735, time remaining: 1m 36s
Rendered 2299/4735, time remaining: 1m 36s
Rendered 2300/4735, time remaining: 1m 36s
Rendered 2301/4735, time remaining: 1m 35s
Rendered 2302/4735, time remaining: 1m 35s
Rendered 2303/4735, time remaining: 1m 34s
Rendered 2304/4735, time remaining: 1m 34s
Rendered 2305/4735, time remaining: 1m 35s
Rendered 2306/4735, time remaining: 1m 33s
Rendered 2307/4735, time remaining: 1m 33s
Rendered 2308/4735, time remaining: 1m 35s
Rendered 2309/4735, time remaining: 1m 35s
Rendered 2310/4735, time remaining: 1m 35s
Rendered 2311/4735, time remaining: 1m 34s
Rendered 2312/4735, time remaining: 1m 34s
Rendered 2313/4735, time remaining: 1m 35s
Rendered 2314/4735, time remaining: 1m 33s
Rendered 2315/4735, time remaining: 1m 33s
Rendered 2316/4735, time remaining: 1m 35s
Rendered 2317/4735, time remaining: 1m 35s
Rendered 2318/4735, time remaining: 1m 34s
Rendered 2319/4735, time remaining: 1m 34s
Rendered 2320/4735, time remaining: 1m 34s
Rendered 2321/4735, time remaining: 1m 36s
Rendered 2322/4735, time remaining: 1m 34s
Rendered 2323/4735, time remaining: 1m 34s
Rendered 2324/4735, time remaining: 1m 34s
Rendered 2325/4735, time remaining: 1m 33s
Rendered 2326/4735, time remaining: 1m 33s
Rendered 2327/4735, time remaining: 1m 33s
Rendered 2328/4735, time remaining: 1m 34s
Rendered 2329/4735, time remaining: 1m 35s
Rendered 2330/4735, time remaining: 1m 34s
Rendered 2331/4735, time remaining: 1m 34s
Rendered 2332/4735, time remaining: 1m 33s
Rendered 2333/4735, time remaining: 1m 33s
Rendered 2334/4735, time remaining: 1m 33s
Rendered 2335/4735, time remaining: 1m 33s
Rendered 2336/4735, time remaining: 1m 35s
Rendered 2337/4735, time remaining: 1m 36s
Rendered 2338/4735, time remaining: 1m 33s
Rendered 2339/4735, time remaining: 1m 34s
Rendered 2340/4735, time remaining: 1m 34s
Rendered 2341/4735, time remaining: 1m 33s
Rendered 2342/4735, time remaining: 1m 33s
Rendered 2343/4735, time remaining: 1m 34s
Rendered 2344/4735, time remaining: 1m 34s
Rendered 2345/4735, time remaining: 1m 35s
Rendered 2346/4735, time remaining: 1m 33s
Rendered 2347/4735, time remaining: 1m 33s
Rendered 2348/4735, time remaining: 1m 33s
Rendered 2349/4735, time remaining: 1m 33s
Rendered 2350/4735, time remaining: 1m 33s
Rendered 2351/4735, time remaining: 1m 34s
Rendered 2352/4735, time remaining: 1m 34s
Rendered 2353/4735, time remaining: 1m 35s
Rendered 2354/4735, time remaining: 1m 33s
Rendered 2355/4735, time remaining: 1m 33s
Rendered 2356/4735, time remaining: 1m 33s
Rendered 2357/4735, time remaining: 1m 33s
Rendered 2358/4735, time remaining: 1m 33s
Rendered 2359/4735, time remaining: 1m 33s
Rendered 2360/4735, time remaining: 1m 35s
Rendered 2361/4735, time remaining: 1m 35s
Rendered 2362/4735, time remaining: 1m 33s
Rendered 2363/4735, time remaining: 1m 33s
Rendered 2364/4735, time remaining: 1m 34s
Rendered 2365/4735, time remaining: 1m 33s
Rendered 2366/4735, time remaining: 1m 33s
Rendered 2367/4735, time remaining: 1m 34s
Rendered 2368/4735, time remaining: 1m 34s
Rendered 2369/4735, time remaining: 1m 34s
Rendered 2370/4735, time remaining: 1m 34s
Rendered 2371/4735, time remaining: 1m 35s
Rendered 2372/4735, time remaining: 1m 36s
Rendered 2373/4735, time remaining: 1m 33s
Rendered 2374/4735, time remaining: 1m 33s
Rendered 2375/4735, time remaining: 1m 32s
Rendered 2376/4735, time remaining: 1m 33s
Rendered 2377/4735, time remaining: 1m 33s
Rendered 2378/4735, time remaining: 1m 32s
Rendered 2379/4735, time remaining: 1m 34s
Rendered 2380/4735, time remaining: 1m 35s
Rendered 2381/4735, time remaining: 1m 32s
Rendered 2382/4735, time remaining: 1m 33s
Rendered 2383/4735, time remaining: 1m 33s
Rendered 2384/4735, time remaining: 1m 33s
Rendered 2385/4735, time remaining: 1m 33s
Rendered 2386/4735, time remaining: 1m 33s
Rendered 2387/4735, time remaining: 1m 34s
Rendered 2388/4735, time remaining: 1m 32s
Rendered 2389/4735, time remaining: 1m 30s
Rendered 2390/4735, time remaining: 1m 31s
Rendered 2391/4735, time remaining: 1m 31s
Rendered 2392/4735, time remaining: 1m 32s
Rendered 2393/4735, time remaining: 1m 32s
Rendered 2394/4735, time remaining: 1m 33s
Rendered 2395/4735, time remaining: 1m 33s
Rendered 2396/4735, time remaining: 1m 31s
Rendered 2397/4735, time remaining: 1m 30s
Rendered 2398/4735, time remaining: 1m 29s
Rendered 2399/4735, time remaining: 1m 32s
Rendered 2400/4735, time remaining: 1m 32s
Rendered 2401/4735, time remaining: 1m 32s
Rendered 2402/4735, time remaining: 1m 32s
Rendered 2403/4735, time remaining: 1m 33s
Rendered 2404/4735, time remaining: 1m 31s
Rendered 2405/4735, time remaining: 1m 30s
Rendered 2406/4735, time remaining: 1m 30s
Rendered 2407/4735, time remaining: 1m 32s
Rendered 2408/4735, time remaining: 1m 32s
Rendered 2409/4735, time remaining: 1m 31s
Rendered 2410/4735, time remaining: 1m 30s
Rendered 2411/4735, time remaining: 1m 31s
Rendered 2412/4735, time remaining: 1m 31s
Rendered 2413/4735, time remaining: 1m 31s
Rendered 2414/4735, time remaining: 1m 32s
Rendered 2415/4735, time remaining: 1m 32s
Rendered 2416/4735, time remaining: 1m 30s
Rendered 2417/4735, time remaining: 1m 30s
Rendered 2418/4735, time remaining: 1m 30s
Rendered 2419/4735, time remaining: 1m 30s
Rendered 2420/4735, time remaining: 1m 30s
Rendered 2421/4735, time remaining: 1m 32s
Rendered 2422/4735, time remaining: 1m 31s
Rendered 2423/4735, time remaining: 1m 30s
Rendered 2424/4735, time remaining: 1m 30s
Rendered 2425/4735, time remaining: 1m 32s
Rendered 2426/4735, time remaining: 1m 31s
Rendered 2427/4735, time remaining: 1m 30s
Rendered 2428/4735, time remaining: 1m 29s
Rendered 2429/4735, time remaining: 1m 31s
Rendered 2430/4735, time remaining: 1m 31s
Rendered 2431/4735, time remaining: 1m 30s
Rendered 2432/4735, time remaining: 1m 30s
Rendered 2433/4735, time remaining: 1m 31s
Rendered 2434/4735, time remaining: 1m 29s
Rendered 2435/4735, time remaining: 1m 29s
Rendered 2436/4735, time remaining: 1m 29s
Rendered 2437/4735, time remaining: 1m 30s
Rendered 2438/4735, time remaining: 1m 30s
Rendered 2439/4735, time remaining: 1m 31s
Rendered 2440/4735, time remaining: 1m 28s
Rendered 2441/4735, time remaining: 1m 28s
Rendered 2442/4735, time remaining: 1m 28s
Rendered 2443/4735, time remaining: 1m 30s
Rendered 2444/4735, time remaining: 1m 29s
Rendered 2445/4735, time remaining: 1m 29s
Rendered 2446/4735, time remaining: 1m 30s
Rendered 2447/4735, time remaining: 1m 29s
Rendered 2448/4735, time remaining: 1m 27s
Rendered 2449/4735, time remaining: 1m 28s
Rendered 2450/4735, time remaining: 1m 28s
Rendered 2451/4735, time remaining: 1m 28s
Rendered 2452/4735, time remaining: 1m 29s
Rendered 2453/4735, time remaining: 1m 29s
Rendered 2454/4735, time remaining: 1m 29s
Rendered 2455/4735, time remaining: 1m 28s
Rendered 2456/4735, time remaining: 1m 28s
Rendered 2457/4735, time remaining: 1m 28s
Rendered 2458/4735, time remaining: 1m 28s
Rendered 2459/4735, time remaining: 1m 29s
Rendered 2460/4735, time remaining: 1m 29s
Rendered 2461/4735, time remaining: 1m 29s
Rendered 2462/4735, time remaining: 1m 28s
Rendered 2463/4735, time remaining: 1m 28s
Rendered 2464/4735, time remaining: 1m 28s
Rendered 2465/4735, time remaining: 1m 28s
Rendered 2466/4735, time remaining: 1m 26s
Rendered 2467/4735, time remaining: 1m 28s
Rendered 2468/4735, time remaining: 1m 28s
Rendered 2469/4735, time remaining: 1m 30s
Rendered 2470/4735, time remaining: 1m 30s
Rendered 2471/4735, time remaining: 1m 27s
Rendered 2472/4735, time remaining: 1m 27s
Rendered 2473/4735, time remaining: 1m 27s
Rendered 2474/4735, time remaining: 1m 27s
Rendered 2475/4735, time remaining: 1m 28s
Rendered 2476/4735, time remaining: 1m 28s
Rendered 2477/4735, time remaining: 1m 30s
Rendered 2478/4735, time remaining: 1m 28s
Rendered 2479/4735, time remaining: 1m 27s
Rendered 2480/4735, time remaining: 1m 26s
Rendered 2481/4735, time remaining: 1m 26s
Rendered 2482/4735, time remaining: 1m 27s
Rendered 2483/4735, time remaining: 1m 29s
Rendered 2484/4735, time remaining: 1m 29s
Rendered 2485/4735, time remaining: 1m 28s
Rendered 2486/4735, time remaining: 1m 28s
Rendered 2487/4735, time remaining: 1m 27s
Rendered 2488/4735, time remaining: 1m 27s
Rendered 2489/4735, time remaining: 1m 27s
Rendered 2490/4735, time remaining: 1m 27s
Rendered 2491/4735, time remaining: 1m 28s
Rendered 2492/4735, time remaining: 1m 27s
Rendered 2493/4735, time remaining: 1m 27s
Rendered 2494/4735, time remaining: 1m 27s
Rendered 2495/4735, time remaining: 1m 26s
Rendered 2496/4735, time remaining: 1m 27s
Rendered 2497/4735, time remaining: 1m 27s
Rendered 2498/4735, time remaining: 1m 26s
Rendered 2499/4735, time remaining: 1m 27s
Rendered 2500/4735, time remaining: 1m 27s
Rendered 2501/4735, time remaining: 1m 27s
Rendered 2502/4735, time remaining: 1m 25s
Rendered 2503/4735, time remaining: 1m 24s
Rendered 2504/4735, time remaining: 1m 25s
Rendered 2505/4735, time remaining: 1m 25s
Rendered 2506/4735, time remaining: 1m 26s
Rendered 2507/4735, time remaining: 1m 26s
Rendered 2508/4735, time remaining: 1m 26s
Rendered 2509/4735, time remaining: 1m 26s
Rendered 2510/4735, time remaining: 1m 24s
Rendered 2511/4735, time remaining: 1m 25s
Rendered 2512/4735, time remaining: 1m 26s
Rendered 2513/4735, time remaining: 1m 26s
Rendered 2514/4735, time remaining: 1m 25s
Rendered 2515/4735, time remaining: 1m 25s
Rendered 2516/4735, time remaining: 1m 25s
Rendered 2517/4735, time remaining: 1m 24s
Rendered 2518/4735, time remaining: 1m 24s
Rendered 2519/4735, time remaining: 1m 26s
Rendered 2520/4735, time remaining: 1m 28s
Rendered 2521/4735, time remaining: 1m 26s
Rendered 2522/4735, time remaining: 1m 25s
Rendered 2523/4735, time remaining: 1m 25s
Rendered 2524/4735, time remaining: 1m 25s
Rendered 2525/4735, time remaining: 1m 25s
Rendered 2526/4735, time remaining: 1m 24s
Rendered 2527/4735, time remaining: 1m 25s
Rendered 2528/4735, time remaining: 1m 27s
Rendered 2529/4735, time remaining: 1m 26s
Rendered 2530/4735, time remaining: 1m 25s
Rendered 2531/4735, time remaining: 1m 25s
Rendered 2532/4735, time remaining: 1m 24s
Rendered 2533/4735, time remaining: 1m 23s
Rendered 2534/4735, time remaining: 1m 23s
Rendered 2535/4735, time remaining: 1m 25s
Rendered 2536/4735, time remaining: 1m 26s
Rendered 2537/4735, time remaining: 1m 26s
Rendered 2538/4735, time remaining: 1m 25s
Rendered 2539/4735, time remaining: 1m 26s
Rendered 2540/4735, time remaining: 1m 25s
Rendered 2541/4735, time remaining: 1m 24s
Rendered 2542/4735, time remaining: 1m 25s
Rendered 2543/4735, time remaining: 1m 25s
Rendered 2544/4735, time remaining: 1m 25s
Rendered 2545/4735, time remaining: 1m 25s
Rendered 2546/4735, time remaining: 1m 26s
Rendered 2547/4735, time remaining: 1m 26s
Rendered 2548/4735, time remaining: 1m 26s
Rendered 2549/4735, time remaining: 1m 23s
Rendered 2550/4735, time remaining: 1m 25s
Rendered 2551/4735, time remaining: 1m 25s
Rendered 2552/4735, time remaining: 1m 26s
Rendered 2553/4735, time remaining: 1m 25s
Rendered 2554/4735, time remaining: 1m 25s
Rendered 2555/4735, time remaining: 1m 23s
Rendered 2556/4735, time remaining: 1m 26s
Rendered 2557/4735, time remaining: 1m 24s
Rendered 2558/4735, time remaining: 1m 24s
Rendered 2559/4735, time remaining: 1m 24s
Rendered 2560/4735, time remaining: 1m 26s
Rendered 2561/4735, time remaining: 1m 25s
Rendered 2562/4735, time remaining: 1m 25s
Rendered 2563/4735, time remaining: 1m 22s
Rendered 2564/4735, time remaining: 1m 24s
Rendered 2565/4735, time remaining: 1m 24s
Rendered 2566/4735, time remaining: 1m 24s
Rendered 2567/4735, time remaining: 1m 24s
Rendered 2568/4735, time remaining: 1m 24s
Rendered 2569/4735, time remaining: 1m 24s
Rendered 2570/4735, time remaining: 1m 24s
Rendered 2571/4735, time remaining: 1m 24s
Rendered 2572/4735, time remaining: 1m 25s
Rendered 2573/4735, time remaining: 1m 25s
Rendered 2574/4735, time remaining: 1m 25s
Rendered 2575/4735, time remaining: 1m 24s
Rendered 2576/4735, time remaining: 1m 23s
Rendered 2577/4735, time remaining: 1m 23s
Rendered 2578/4735, time remaining: 1m 25s
Rendered 2579/4735, time remaining: 1m 23s
Rendered 2580/4735, time remaining: 1m 25s
Rendered 2581/4735, time remaining: 1m 25s
Rendered 2582/4735, time remaining: 1m 26s
Rendered 2583/4735, time remaining: 1m 24s
Rendered 2584/4735, time remaining: 1m 25s
Rendered 2585/4735, time remaining: 1m 25s
Rendered 2586/4735, time remaining: 1m 25s
Rendered 2587/4735, time remaining: 1m 25s
Rendered 2588/4735, time remaining: 1m 26s
Rendered 2589/4735, time remaining: 1m 24s
Rendered 2590/4735, time remaining: 1m 24s
Rendered 2591/4735, time remaining: 1m 24s
Rendered 2592/4735, time remaining: 1m 25s
Rendered 2593/4735, time remaining: 1m 24s
Rendered 2594/4735, time remaining: 1m 23s
Rendered 2595/4735, time remaining: 1m 25s
Rendered 2596/4735, time remaining: 1m 25s
Rendered 2597/4735, time remaining: 1m 25s
Rendered 2598/4735, time remaining: 1m 26s
Rendered 2599/4735, time remaining: 1m 26s
Rendered 2600/4735, time remaining: 1m 24s
Rendered 2601/4735, time remaining: 1m 24s
Rendered 2602/4735, time remaining: 1m 23s
Rendered 2603/4735, time remaining: 1m 23s
Rendered 2604/4735, time remaining: 1m 24s
Rendered 2605/4735, time remaining: 1m 24s
Rendered 2606/4735, time remaining: 1m 25s
Rendered 2607/4735, time remaining: 1m 25s
Rendered 2608/4735, time remaining: 1m 23s
Rendered 2609/4735, time remaining: 1m 23s
Rendered 2610/4735, time remaining: 1m 22s
Rendered 2611/4735, time remaining: 1m 23s
Rendered 2612/4735, time remaining: 1m 24s
Rendered 2613/4735, time remaining: 1m 24s
Rendered 2614/4735, time remaining: 1m 24s
Rendered 2615/4735, time remaining: 1m 24s
Rendered 2616/4735, time remaining: 1m 23s
Rendered 2617/4735, time remaining: 1m 23s
Rendered 2618/4735, time remaining: 1m 23s
Rendered 2619/4735, time remaining: 1m 21s
Rendered 2620/4735, time remaining: 1m 22s
Rendered 2621/4735, time remaining: 1m 23s
Rendered 2622/4735, time remaining: 1m 23s
Rendered 2623/4735, time remaining: 1m 24s
Rendered 2624/4735, time remaining: 1m 24s
Rendered 2625/4735, time remaining: 1m 24s
Rendered 2626/4735, time remaining: 1m 24s
Rendered 2627/4735, time remaining: 1m 22s
Rendered 2628/4735, time remaining: 1m 23s
Rendered 2629/4735, time remaining: 1m 23s
Rendered 2630/4735, time remaining: 1m 23s
Rendered 2631/4735, time remaining: 1m 24s
Rendered 2632/4735, time remaining: 1m 23s
Rendered 2633/4735, time remaining: 1m 21s
Rendered 2634/4735, time remaining: 1m 23s
Rendered 2635/4735, time remaining: 1m 23s
Rendered 2636/4735, time remaining: 1m 22s
Rendered 2637/4735, time remaining: 1m 22s
Rendered 2638/4735, time remaining: 1m 21s
Rendered 2639/4735, time remaining: 1m 22s
Rendered 2640/4735, time remaining: 1m 22s
Rendered 2641/4735, time remaining: 1m 22s
Rendered 2642/4735, time remaining: 1m 22s
Rendered 2643/4735, time remaining: 1m 22s
Rendered 2644/4735, time remaining: 1m 21s
Rendered 2645/4735, time remaining: 1m 22s
Rendered 2646/4735, time remaining: 1m 21s
Rendered 2647/4735, time remaining: 1m 22s
Rendered 2648/4735, time remaining: 1m 22s
Rendered 2649/4735, time remaining: 1m 22s
Rendered 2650/4735, time remaining: 1m 22s
Rendered 2651/4735, time remaining: 1m 21s
Rendered 2652/4735, time remaining: 1m 21s
Rendered 2653/4735, time remaining: 1m 22s
Rendered 2654/4735, time remaining: 1m 22s
Rendered 2655/4735, time remaining: 1m 22s
Rendered 2656/4735, time remaining: 1m 22s
Rendered 2657/4735, time remaining: 1m 22s
Rendered 2658/4735, time remaining: 1m 22s
Rendered 2659/4735, time remaining: 1m 21s
Rendered 2660/4735, time remaining: 1m 21s
Rendered 2661/4735, time remaining: 1m 22s
Rendered 2662/4735, time remaining: 1m 20s
Rendered 2663/4735, time remaining: 1m 20s
Rendered 2664/4735, time remaining: 1m 19s
Rendered 2665/4735, time remaining: 1m 21s
Rendered 2666/4735, time remaining: 1m 21s
Rendered 2667/4735, time remaining: 1m 22s
Rendered 2668/4735, time remaining: 1m 22s
Rendered 2669/4735, time remaining: 1m 20s
Rendered 2670/4735, time remaining: 1m 19s
Rendered 2671/4735, time remaining: 1m 19s
Rendered 2672/4735, time remaining: 1m 20s
Rendered 2673/4735, time remaining: 1m 20s
Rendered 2674/4735, time remaining: 1m 21s
Rendered 2675/4735, time remaining: 1m 21s
Rendered 2676/4735, time remaining: 1m 22s
Rendered 2677/4735, time remaining: 1m 20s
Rendered 2678/4735, time remaining: 1m 18s
Rendered 2679/4735, time remaining: 1m 19s
Rendered 2680/4735, time remaining: 1m 19s
Rendered 2681/4735, time remaining: 1m 19s
Rendered 2682/4735, time remaining: 1m 19s
Rendered 2683/4735, time remaining: 1m 20s
Rendered 2684/4735, time remaining: 1m 21s
Rendered 2685/4735, time remaining: 1m 20s
Rendered 2686/4735, time remaining: 1m 18s
Rendered 2687/4735, time remaining: 1m 18s
Rendered 2688/4735, time remaining: 1m 18s
Rendered 2689/4735, time remaining: 1m 17s
Rendered 2690/4735, time remaining: 1m 19s
Rendered 2691/4735, time remaining: 1m 19s
Rendered 2692/4735, time remaining: 1m 18s
Rendered 2693/4735, time remaining: 1m 18s
Rendered 2694/4735, time remaining: 1m 18s
Rendered 2695/4735, time remaining: 1m 18s
Rendered 2696/4735, time remaining: 1m 18s
Rendered 2697/4735, time remaining: 1m 18s
Rendered 2698/4735, time remaining: 1m 18s
Rendered 2699/4735, time remaining: 1m 18s
Rendered 2700/4735, time remaining: 1m 16s
Rendered 2701/4735, time remaining: 1m 17s
Rendered 2702/4735, time remaining: 1m 16s
Rendered 2703/4735, time remaining: 1m 16s
Rendered 2704/4735, time remaining: 1m 18s
Rendered 2705/4735, time remaining: 1m 18s
Rendered 2706/4735, time remaining: 1m 17s
Rendered 2707/4735, time remaining: 1m 17s
Rendered 2708/4735, time remaining: 1m 17s
Rendered 2709/4735, time remaining: 1m 17s
Rendered 2710/4735, time remaining: 1m 16s
Rendered 2711/4735, time remaining: 1m 17s
Rendered 2712/4735, time remaining: 1m 17s
Rendered 2713/4735, time remaining: 1m 18s
Rendered 2714/4735, time remaining: 1m 16s
Rendered 2715/4735, time remaining: 1m 17s
Rendered 2716/4735, time remaining: 1m 17s
Rendered 2717/4735, time remaining: 1m 17s
Rendered 2718/4735, time remaining: 1m 16s
Rendered 2719/4735, time remaining: 1m 16s
Rendered 2720/4735, time remaining: 1m 16s
Rendered 2721/4735, time remaining: 1m 15s
Rendered 2722/4735, time remaining: 1m 15s
Rendered 2723/4735, time remaining: 1m 15s
Rendered 2724/4735, time remaining: 1m 15s
Rendered 2725/4735, time remaining: 1m 16s
Rendered 2726/4735, time remaining: 1m 16s
Rendered 2727/4735, time remaining: 1m 16s
Rendered 2728/4735, time remaining: 1m 15s
Rendered 2729/4735, time remaining: 1m 16s
Rendered 2730/4735, time remaining: 1m 14s
Rendered 2731/4735, time remaining: 1m 16s
Rendered 2732/4735, time remaining: 1m 15s
Rendered 2733/4735, time remaining: 1m 15s
Rendered 2734/4735, time remaining: 1m 13s
Rendered 2735/4735, time remaining: 1m 13s
Rendered 2736/4735, time remaining: 1m 14s
Rendered 2737/4735, time remaining: 1m 13s
Rendered 2738/4735, time remaining: 1m 12s
Rendered 2739/4735, time remaining: 1m 14s
Rendered 2740/4735, time remaining: 1m 14s
Rendered 2741/4735, time remaining: 1m 15s
Rendered 2742/4735, time remaining: 1m 14s
Rendered 2743/4735, time remaining: 1m 14s
Rendered 2744/4735, time remaining: 1m 14s
Rendered 2745/4735, time remaining: 1m 13s
Rendered 2746/4735, time remaining: 1m 12s
Rendered 2747/4735, time remaining: 1m 14s
Rendered 2748/4735, time remaining: 1m 14s
Rendered 2749/4735, time remaining: 1m 13s
Rendered 2750/4735, time remaining: 1m 13s
Rendered 2751/4735, time remaining: 1m 13s
Rendered 2752/4735, time remaining: 1m 15s
Rendered 2753/4735, time remaining: 1m 14s
Rendered 2754/4735, time remaining: 1m 13s
Rendered 2755/4735, time remaining: 1m 14s
Rendered 2756/4735, time remaining: 1m 13s
Rendered 2757/4735, time remaining: 1m 12s
Rendered 2758/4735, time remaining: 1m 14s
Rendered 2759/4735, time remaining: 1m 13s
Rendered 2760/4735, time remaining: 1m 14s
Rendered 2761/4735, time remaining: 1m 12s
Rendered 2762/4735, time remaining: 1m 12s
Rendered 2763/4735, time remaining: 1m 13s
Rendered 2764/4735, time remaining: 1m 13s
Rendered 2765/4735, time remaining: 1m 13s
Rendered 2766/4735, time remaining: 1m 13s
Rendered 2767/4735, time remaining: 1m 13s
Rendered 2768/4735, time remaining: 1m 13s
Rendered 2769/4735, time remaining: 1m 13s
Rendered 2770/4735, time remaining: 1m 11s
Rendered 2771/4735, time remaining: 1m 13s
Rendered 2772/4735, time remaining: 1m 13s
Rendered 2773/4735, time remaining: 1m 12s
Rendered 2774/4735, time remaining: 1m 11s
Rendered 2775/4735, time remaining: 1m 12s
Rendered 2776/4735, time remaining: 1m 12s
Rendered 2777/4735, time remaining: 1m 12s
Rendered 2778/4735, time remaining: 1m 11s
Rendered 2779/4735, time remaining: 1m 11s
Rendered 2780/4735, time remaining: 1m 12s
Rendered 2781/4735, time remaining: 1m 11s
Rendered 2782/4735, time remaining: 1m 11s
Rendered 2783/4735, time remaining: 1m 13s
Rendered 2784/4735, time remaining: 1m 11s
Rendered 2785/4735, time remaining: 1m 11s
Rendered 2786/4735, time remaining: 1m 11s
Rendered 2787/4735, time remaining: 1m 11s
Rendered 2788/4735, time remaining: 1m 11s
Rendered 2789/4735, time remaining: 1m 12s
Rendered 2790/4735, time remaining: 1m 12s
Rendered 2791/4735, time remaining: 1m 11s
Rendered 2792/4735, time remaining: 1m 11s
Rendered 2793/4735, time remaining: 1m 11s
Rendered 2794/4735, time remaining: 1m 12s
Rendered 2795/4735, time remaining: 1m 11s
Rendered 2796/4735, time remaining: 1m 11s
Rendered 2797/4735, time remaining: 1m 12s
Rendered 2798/4735, time remaining: 1m 12s
Rendered 2799/4735, time remaining: 1m 10s
Rendered 2800/4735, time remaining: 1m 10s
Rendered 2801/4735, time remaining: 1m 11s
Rendered 2802/4735, time remaining: 1m 11s
Rendered 2803/4735, time remaining: 1m 11s
Rendered 2804/4735, time remaining: 1m 10s
Rendered 2805/4735, time remaining: 1m 12s
Rendered 2806/4735, time remaining: 1m 11s
Rendered 2807/4735, time remaining: 1m 10s
Rendered 2808/4735, time remaining: 1m 10s
Rendered 2809/4735, time remaining: 1m 11s
Rendered 2810/4735, time remaining: 1m 11s
Rendered 2811/4735, time remaining: 1m 10s
Rendered 2812/4735, time remaining: 1m 11s
Rendered 2813/4735, time remaining: 1m 11s
Rendered 2814/4735, time remaining: 1m 12s
Rendered 2815/4735, time remaining: 1m 11s
Rendered 2816/4735, time remaining: 1m 10s
Rendered 2817/4735, time remaining: 1m 10s
Rendered 2818/4735, time remaining: 1m 10s
Rendered 2819/4735, time remaining: 1m 10s
Rendered 2820/4735, time remaining: 1m 11s
Rendered 2821/4735, time remaining: 1m 11s
Rendered 2822/4735, time remaining: 1m 10s
Rendered 2823/4735, time remaining: 1m 11s
Rendered 2824/4735, time remaining: 1m 11s
Rendered 2825/4735, time remaining: 1m 11s
Rendered 2826/4735, time remaining: 1m 10s
Rendered 2827/4735, time remaining: 1m 10s
Rendered 2828/4735, time remaining: 1m 10s
Rendered 2829/4735, time remaining: 1m 10s
Rendered 2830/4735, time remaining: 1m 10s
Rendered 2831/4735, time remaining: 1m 10s
Rendered 2832/4735, time remaining: 1m 10s
Rendered 2833/4735, time remaining: 1m 10s
Rendered 2834/4735, time remaining: 1m 11s
Rendered 2835/4735, time remaining: 1m 10s
Rendered 2836/4735, time remaining: 1m 10s
Rendered 2837/4735, time remaining: 1m 11s
Rendered 2838/4735, time remaining: 1m 11s
Rendered 2839/4735, time remaining: 1m 11s
Rendered 2840/4735, time remaining: 1m 9s
Rendered 2841/4735, time remaining: 1m 11s
Rendered 2842/4735, time remaining: 1m 11s
Rendered 2843/4735, time remaining: 1m 11s
Rendered 2844/4735, time remaining: 1m 10s
Rendered 2845/4735, time remaining: 1m 10s
Rendered 2846/4735, time remaining: 1m 10s
Rendered 2847/4735, time remaining: 1m 11s
Rendered 2848/4735, time remaining: 1m 11s
Rendered 2849/4735, time remaining: 1m 11s
Rendered 2850/4735, time remaining: 1m 11s
Rendered 2851/4735, time remaining: 1m 10s
Rendered 2852/4735, time remaining: 1m 12s
Rendered 2853/4735, time remaining: 1m 11s
Rendered 2854/4735, time remaining: 1m 9s
Rendered 2855/4735, time remaining: 1m 10s
Rendered 2856/4735, time remaining: 1m 9s
Rendered 2857/4735, time remaining: 1m 9s
Rendered 2858/4735, time remaining: 1m 9s
Rendered 2859/4735, time remaining: 1m 11s
Rendered 2860/4735, time remaining: 1m 11s
Rendered 2861/4735, time remaining: 1m 10s
Rendered 2862/4735, time remaining: 1m 9s
Rendered 2863/4735, time remaining: 1m 10s
Rendered 2864/4735, time remaining: 1m 10s
Rendered 2865/4735, time remaining: 1m 9s
Rendered 2866/4735, time remaining: 1m 9s
Rendered 2867/4735, time remaining: 1m 11s
Rendered 2868/4735, time remaining: 1m 10s
Rendered 2869/4735, time remaining: 1m 9s
Rendered 2870/4735, time remaining: 1m 9s
Rendered 2871/4735, time remaining: 1m 11s
Rendered 2872/4735, time remaining: 1m 10s
Rendered 2873/4735, time remaining: 1m 10s
Rendered 2874/4735, time remaining: 1m 10s
Rendered 2875/4735, time remaining: 1m 9s
Rendered 2876/4735, time remaining: 1m 9s
Rendered 2877/4735, time remaining: 1m 9s
Rendered 2878/4735, time remaining: 1m 8s
Rendered 2879/4735, time remaining: 1m 10s
Rendered 2880/4735, time remaining: 1m 10s
Rendered 2881/4735, time remaining: 1m 9s
Rendered 2882/4735, time remaining: 1m 8s
Rendered 2883/4735, time remaining: 1m 9s
Rendered 2884/4735, time remaining: 1m 9s
Rendered 2885/4735, time remaining: 1m 9s
Rendered 2886/4735, time remaining: 1m 8s
Rendered 2887/4735, time remaining: 1m 10s
Rendered 2888/4735, time remaining: 1m 10s
Rendered 2889/4735, time remaining: 1m 9s
Rendered 2890/4735, time remaining: 1m 9s
Rendered 2891/4735, time remaining: 1m 8s
Rendered 2892/4735, time remaining: 1m 8s
Rendered 2893/4735, time remaining: 1m 8s
Rendered 2894/4735, time remaining: 1m 9s
Rendered 2895/4735, time remaining: 1m 10s
Rendered 2896/4735, time remaining: 1m 10s
Rendered 2897/4735, time remaining: 1m 8s
Rendered 2898/4735, time remaining: 1m 8s
Rendered 2899/4735, time remaining: 1m 8s
Rendered 2900/4735, time remaining: 1m 9s
Rendered 2901/4735, time remaining: 1m 9s
Rendered 2902/4735, time remaining: 1m 8s
Rendered 2903/4735, time remaining: 1m 8s
Rendered 2904/4735, time remaining: 1m 8s
Rendered 2905/4735, time remaining: 1m 8s
Rendered 2906/4735, time remaining: 1m 8s
Rendered 2907/4735, time remaining: 1m 8s
Rendered 2908/4735, time remaining: 1m 6s
Rendered 2909/4735, time remaining: 1m 7s
Rendered 2910/4735, time remaining: 1m 6s
Rendered 2911/4735, time remaining: 1m 6s
Rendered 2912/4735, time remaining: 1m 6s
Rendered 2913/4735, time remaining: 1m 5s
Rendered 2914/4735, time remaining: 1m 5s
Rendered 2915/4735, time remaining: 1m 5s
Rendered 2916/4735, time remaining: 1m 4s
Rendered 2917/4735, time remaining: 1m 4s
Rendered 2918/4735, time remaining: 1m 4s
Rendered 2919/4735, time remaining: 1m 4s
Rendered 2920/4735, time remaining: 1m 5s
Rendered 2921/4735, time remaining: 1m 3s
Rendered 2922/4735, time remaining: 1m 4s
Rendered 2923/4735, time remaining: 1m 4s
Rendered 2924/4735, time remaining: 1m 4s
Rendered 2925/4735, time remaining: 1m 3s
Rendered 2926/4735, time remaining: 1m 3s
Rendered 2927/4735, time remaining: 1m 3s
Rendered 2928/4735, time remaining: 1m 3s
Rendered 2929/4735, time remaining: 1m 4s
Rendered 2930/4735, time remaining: 1m 4s
Rendered 2931/4735, time remaining: 1m 3s
Rendered 2932/4735, time remaining: 1m 3s
Rendered 2933/4735, time remaining: 1m 3s
Rendered 2934/4735, time remaining: 1m 3s
Rendered 2935/4735, time remaining: 1m 3s
Rendered 2936/4735, time remaining: 1m 3s
Rendered 2937/4735, time remaining: 1m 4s
Rendered 2938/4735, time remaining: 1m 3s
Rendered 2939/4735, time remaining: 1m 2s
Rendered 2940/4735, time remaining: 1m 3s
Rendered 2941/4735, time remaining: 1m 3s
Rendered 2942/4735, time remaining: 1m 4s
Rendered 2943/4735, time remaining: 1m 4s
Rendered 2944/4735, time remaining: 1m 4s
Rendered 2945/4735, time remaining: 1m 4s
Rendered 2946/4735, time remaining: 1m 4s
Rendered 2947/4735, time remaining: 1m 2s
Rendered 2948/4735, time remaining: 1m 2s
Rendered 2949/4735, time remaining: 1m 4s
Rendered 2950/4735, time remaining: 1m 4s
Rendered 2951/4735, time remaining: 1m 3s
Rendered 2952/4735, time remaining: 1m 3s
Rendered 2953/4735, time remaining: 1m 4s
Rendered 2954/4735, time remaining: 1m 4s
Rendered 2955/4735, time remaining: 1m 4s
Rendered 2956/4735, time remaining: 1m 2s
Rendered 2957/4735, time remaining: 1m 2s
Rendered 2958/4735, time remaining: 1m 2s
Rendered 2959/4735, time remaining: 1m 1s
Rendered 2960/4735, time remaining: 1m 3s
Rendered 2961/4735, time remaining: 1m 3s
Rendered 2962/4735, time remaining: 1m 2s
Rendered 2963/4735, time remaining: 1m 3s
Rendered 2964/4735, time remaining: 1m 2s
Rendered 2965/4735, time remaining: 1m 3s
Rendered 2966/4735, time remaining: 1m 3s
Rendered 2967/4735, time remaining: 1m 3s
Rendered 2968/4735, time remaining: 1m 3s
Rendered 2969/4735, time remaining: 1m 3s
Rendered 2970/4735, time remaining: 1m 2s
Rendered 2971/4735, time remaining: 1m 3s
Rendered 2972/4735, time remaining: 1m 4s
Rendered 2973/4735, time remaining: 1m 3s
Rendered 2974/4735, time remaining: 1m 2s
Rendered 2975/4735, time remaining: 1m 2s
Rendered 2976/4735, time remaining: 1m 3s
Rendered 2977/4735, time remaining: 1m 2s
Rendered 2978/4735, time remaining: 1m 2s
Rendered 2979/4735, time remaining: 1m 2s
Rendered 2980/4735, time remaining: 1m 3s
Rendered 2981/4735, time remaining: 1m 3s
Rendered 2982/4735, time remaining: 1m 2s
Rendered 2983/4735, time remaining: 1m 2s
Rendered 2984/4735, time remaining: 1m 1s
Rendered 2985/4735, time remaining: 1m 1s
Rendered 2986/4735, time remaining: 1m 2s
Rendered 2987/4735, time remaining: 1m 1s
Rendered 2988/4735, time remaining: 1m 1s
Rendered 2989/4735, time remaining: 1m 2s
Rendered 2990/4735, time remaining: 1m 2s
Rendered 2991/4735, time remaining: 1m 1s
Rendered 2992/4735, time remaining: 1m 2s
Rendered 2993/4735, time remaining: 1m 1s
Rendered 2994/4735, time remaining: 1m 1s
Rendered 2995/4735, time remaining: 1m 2s
Rendered 2996/4735, time remaining: 1m 1s
Rendered 2997/4735, time remaining: 1m 0s
Rendered 2998/4735, time remaining: 1m 0s
Rendered 2999/4735, time remaining: 1m 0s
Rendered 3000/4735, time remaining: 1m 1s
Rendered 3001/4735, time remaining: 1m 1s
Rendered 3002/4735, time remaining: 59s
Rendered 3003/4735, time remaining: 1m 1s
Rendered 3004/4735, time remaining: 1m 1s
Rendered 3005/4735, time remaining: 1m 1s
Rendered 3006/4735, time remaining: 1m 1s
Rendered 3007/4735, time remaining: 1m 1s
Rendered 3008/4735, time remaining: 1m 1s
Rendered 3009/4735, time remaining: 1m 0s
Rendered 3010/4735, time remaining: 59s
Rendered 3011/4735, time remaining: 1m 0s
Rendered 3012/4735, time remaining: 1m 1s
Rendered 3013/4735, time remaining: 1m 0s
Rendered 3014/4735, time remaining: 1m 1s
Rendered 3015/4735, time remaining: 1m 1s
Rendered 3016/4735, time remaining: 1m 1s
Rendered 3017/4735, time remaining: 1m 0s
Rendered 3018/4735, time remaining: 1m 0s
Rendered 3019/4735, time remaining: 1m 1s
Rendered 3020/4735, time remaining: 1m 1s
Rendered 3021/4735, time remaining: 59s
Rendered 3022/4735, time remaining: 59s
Rendered 3023/4735, time remaining: 1m 0s
Rendered 3024/4735, time remaining: 1m 0s
Rendered 3025/4735, time remaining: 59s
Rendered 3026/4735, time remaining: 1m 0s
Rendered 3027/4735, time remaining: 1m 1s
Rendered 3028/4735, time remaining: 1m 1s
Rendered 3029/4735, time remaining: 59s
Rendered 3030/4735, time remaining: 59s
Rendered 3031/4735, time remaining: 59s
Rendered 3032/4735, time remaining: 1m 0s
Rendered 3033/4735, time remaining: 1m 0s
Rendered 3034/4735, time remaining: 1m 1s
Rendered 3035/4735, time remaining: 1m 1s
Rendered 3036/4735, time remaining: 1m 1s
Rendered 3037/4735, time remaining: 58s
Rendered 3038/4735, time remaining: 58s
Rendered 3039/4735, time remaining: 1m 0s
Rendered 3040/4735, time remaining: 1m 0s
Rendered 3041/4735, time remaining: 1m 0s
Rendered 3042/4735, time remaining: 1m 1s
Rendered 3043/4735, time remaining: 1m 0s
Rendered 3044/4735, time remaining: 1m 0s
Rendered 3045/4735, time remaining: 58s
Rendered 3046/4735, time remaining: 59s
Rendered 3047/4735, time remaining: 59s
Rendered 3048/4735, time remaining: 1m 0s
Rendered 3049/4735, time remaining: 1m 0s
Rendered 3050/4735, time remaining: 1m 0s
Rendered 3051/4735, time remaining: 59s
Rendered 3052/4735, time remaining: 59s
Rendered 3053/4735, time remaining: 1m 0s
Rendered 3054/4735, time remaining: 59s
Rendered 3055/4735, time remaining: 59s
Rendered 3056/4735, time remaining: 1m 0s
Rendered 3057/4735, time remaining: 1m 0s
Rendered 3058/4735, time remaining: 1m 1s
Rendered 3059/4735, time remaining: 1m 1s
Rendered 3060/4735, time remaining: 1m 1s
Rendered 3061/4735, time remaining: 1m 1s
Rendered 3062/4735, time remaining: 1m 1s
Rendered 3063/4735, time remaining: 1m 2s
Rendered 3064/4735, time remaining: 1m 2s
Rendered 3065/4735, time remaining: 1m 2s
Rendered 3066/4735, time remaining: 1m 3s
Rendered 3067/4735, time remaining: 1m 4s
Rendered 3068/4735, time remaining: 1m 4s
Rendered 3069/4735, time remaining: 1m 4s
Rendered 3070/4735, time remaining: 1m 3s
Rendered 3071/4735, time remaining: 1m 3s
Rendered 3072/4735, time remaining: 1m 2s
Rendered 3073/4735, time remaining: 1m 2s
Rendered 3074/4735, time remaining: 1m 3s
Rendered 3075/4735, time remaining: 1m 3s
Rendered 3076/4735, time remaining: 1m 3s
Rendered 3077/4735, time remaining: 1m 3s
Rendered 3078/4735, time remaining: 1m 3s
Rendered 3079/4735, time remaining: 1m 3s
Rendered 3080/4735, time remaining: 1m 2s
Rendered 3081/4735, time remaining: 1m 3s
Rendered 3082/4735, time remaining: 1m 4s
Rendered 3083/4735, time remaining: 1m 3s
Rendered 3084/4735, time remaining: 1m 3s
Rendered 3085/4735, time remaining: 1m 3s
Rendered 3086/4735, time remaining: 1m 3s
Rendered 3087/4735, time remaining: 1m 3s
Rendered 3088/4735, time remaining: 1m 3s
Rendered 3089/4735, time remaining: 1m 3s
Rendered 3090/4735, time remaining: 1m 2s
Rendered 3091/4735, time remaining: 1m 2s
Rendered 3092/4735, time remaining: 1m 2s
Rendered 3093/4735, time remaining: 1m 2s
Rendered 3094/4735, time remaining: 1m 2s
Rendered 3095/4735, time remaining: 1m 2s
Rendered 3096/4735, time remaining: 1m 2s
Rendered 3097/4735, time remaining: 1m 2s
Rendered 3098/4735, time remaining: 1m 3s
Rendered 3099/4735, time remaining: 1m 2s
Rendered 3100/4735, time remaining: 1m 2s
Rendered 3101/4735, time remaining: 1m 1s
Rendered 3102/4735, time remaining: 1m 1s
Rendered 3103/4735, time remaining: 1m 2s
Rendered 3104/4735, time remaining: 1m 2s
Rendered 3105/4735, time remaining: 1m 1s
Rendered 3106/4735, time remaining: 1m 1s
Rendered 3107/4735, time remaining: 1m 1s
Rendered 3108/4735, time remaining: 1m 1s
Rendered 3109/4735, time remaining: 1m 2s
Rendered 3110/4735, time remaining: 1m 1s
Rendered 3111/4735, time remaining: 1m 3s
Rendered 3112/4735, time remaining: 1m 2s
Rendered 3113/4735, time remaining: 1m 1s
Rendered 3114/4735, time remaining: 1m 1s
Rendered 3115/4735, time remaining: 1m 1s
Rendered 3116/4735, time remaining: 1m 2s
Rendered 3117/4735, time remaining: 1m 1s
Rendered 3118/4735, time remaining: 1m 1s
Rendered 3119/4735, time remaining: 1m 3s
Rendered 3120/4735, time remaining: 1m 3s
Rendered 3121/4735, time remaining: 1m 2s
Rendered 3122/4735, time remaining: 1m 0s
Rendered 3123/4735, time remaining: 1m 1s
Rendered 3124/4735, time remaining: 1m 1s
Rendered 3125/4735, time remaining: 1m 1s
Rendered 3126/4735, time remaining: 1m 1s
Rendered 3127/4735, time remaining: 1m 1s
Rendered 3128/4735, time remaining: 1m 2s
Rendered 3129/4735, time remaining: 1m 2s
Rendered 3130/4735, time remaining: 1m 1s
Rendered 3131/4735, time remaining: 1m 1s
Rendered 3132/4735, time remaining: 1m 1s
Rendered 3133/4735, time remaining: 1m 1s
Rendered 3134/4735, time remaining: 1m 0s
Rendered 3135/4735, time remaining: 1m 1s
Rendered 3136/4735, time remaining: 1m 0s
Rendered 3137/4735, time remaining: 1m 1s
Rendered 3138/4735, time remaining: 1m 2s
Rendered 3139/4735, time remaining: 1m 1s
Rendered 3140/4735, time remaining: 1m 2s
Rendered 3141/4735, time remaining: 1m 2s
Rendered 3142/4735, time remaining: 1m 1s
Rendered 3143/4735, time remaining: 1m 1s
Rendered 3144/4735, time remaining: 1m 1s
Rendered 3145/4735, time remaining: 1m 0s
Rendered 3146/4735, time remaining: 1m 0s
Rendered 3147/4735, time remaining: 1m 0s
Rendered 3148/4735, time remaining: 1m 1s
Rendered 3149/4735, time remaining: 1m 2s
Rendered 3150/4735, time remaining: 1m 1s
Rendered 3151/4735, time remaining: 1m 1s
Rendered 3152/4735, time remaining: 1m 1s
Rendered 3153/4735, time remaining: 59s
Rendered 3154/4735, time remaining: 1m 0s
Rendered 3155/4735, time remaining: 1m 1s
Rendered 3156/4735, time remaining: 1m 1s
Rendered 3157/4735, time remaining: 1m 1s
Rendered 3158/4735, time remaining: 1m 1s
Rendered 3159/4735, time remaining: 1m 1s
Rendered 3160/4735, time remaining: 1m 1s
Rendered 3161/4735, time remaining: 59s
Rendered 3162/4735, time remaining: 1m 1s
Rendered 3163/4735, time remaining: 1m 0s
Rendered 3164/4735, time remaining: 1m 0s
Rendered 3165/4735, time remaining: 1m 0s
Rendered 3166/4735, time remaining: 1m 0s
Rendered 3167/4735, time remaining: 1m 0s
Rendered 3168/4735, time remaining: 1m 0s
Rendered 3169/4735, time remaining: 59s
Rendered 3170/4735, time remaining: 59s
Rendered 3171/4735, time remaining: 1m 1s
Rendered 3172/4735, time remaining: 1m 0s
Rendered 3173/4735, time remaining: 1m 0s
Rendered 3174/4735, time remaining: 1m 0s
Rendered 3175/4735, time remaining: 1m 0s
Rendered 3176/4735, time remaining: 59s
Rendered 3177/4735, time remaining: 58s
Rendered 3178/4735, time remaining: 59s
Rendered 3179/4735, time remaining: 1m 0s
Rendered 3180/4735, time remaining: 1m 0s
Rendered 3181/4735, time remaining: 1m 1s
Rendered 3182/4735, time remaining: 1m 0s
Rendered 3183/4735, time remaining: 59s
Rendered 3184/4735, time remaining: 59s
Rendered 3185/4735, time remaining: 59s
Rendered 3186/4735, time remaining: 59s
Rendered 3187/4735, time remaining: 1m 0s
Rendered 3188/4735, time remaining: 1m 0s
Rendered 3189/4735, time remaining: 59s
Rendered 3190/4735, time remaining: 58s
Rendered 3191/4735, time remaining: 58s
Rendered 3192/4735, time remaining: 59s
Rendered 3193/4735, time remaining: 59s
Rendered 3194/4735, time remaining: 1m 0s
Rendered 3195/4735, time remaining: 1m 0s
Rendered 3196/4735, time remaining: 1m 0s
Rendered 3197/4735, time remaining: 1m 0s
Rendered 3198/4735, time remaining: 59s
Rendered 3199/4735, time remaining: 59s
Rendered 3200/4735, time remaining: 58s
Rendered 3201/4735, time remaining: 59s
Rendered 3202/4735, time remaining: 59s
Rendered 3203/4735, time remaining: 59s
Rendered 3204/4735, time remaining: 1m 0s
Rendered 3205/4735, time remaining: 1m 0s
Rendered 3206/4735, time remaining: 59s
Rendered 3207/4735, time remaining: 58s
Rendered 3208/4735, time remaining: 58s
Rendered 3209/4735, time remaining: 58s
Rendered 3210/4735, time remaining: 58s
Rendered 3211/4735, time remaining: 58s
Rendered 3212/4735, time remaining: 59s
Rendered 3213/4735, time remaining: 59s
Rendered 3214/4735, time remaining: 59s
Rendered 3215/4735, time remaining: 59s
Rendered 3216/4735, time remaining: 57s
Rendered 3217/4735, time remaining: 57s
Rendered 3218/4735, time remaining: 57s
Rendered 3219/4735, time remaining: 58s
Rendered 3220/4735, time remaining: 58s
Rendered 3221/4735, time remaining: 58s
Rendered 3222/4735, time remaining: 58s
Rendered 3223/4735, time remaining: 59s
Rendered 3224/4735, time remaining: 57s
Rendered 3225/4735, time remaining: 56s
Rendered 3226/4735, time remaining: 58s
Rendered 3227/4735, time remaining: 59s
Rendered 3228/4735, time remaining: 58s
Rendered 3229/4735, time remaining: 58s
Rendered 3230/4735, time remaining: 58s
Rendered 3231/4735, time remaining: 57s
Rendered 3232/4735, time remaining: 56s
Rendered 3233/4735, time remaining: 57s
Rendered 3234/4735, time remaining: 58s
Rendered 3235/4735, time remaining: 58s
Rendered 3236/4735, time remaining: 58s
Rendered 3237/4735, time remaining: 58s
Rendered 3238/4735, time remaining: 57s
Rendered 3239/4735, time remaining: 57s
Rendered 3240/4735, time remaining: 57s
Rendered 3241/4735, time remaining: 58s
Rendered 3242/4735, time remaining: 57s
Rendered 3243/4735, time remaining: 57s
Rendered 3244/4735, time remaining: 57s
Rendered 3245/4735, time remaining: 57s
Rendered 3246/4735, time remaining: 57s
Rendered 3247/4735, time remaining: 56s
Rendered 3248/4735, time remaining: 57s
Rendered 3249/4735, time remaining: 56s
Rendered 3250/4735, time remaining: 57s
Rendered 3251/4735, time remaining: 57s
Rendered 3252/4735, time remaining: 57s
Rendered 3253/4735, time remaining: 56s
Rendered 3254/4735, time remaining: 56s
Rendered 3255/4735, time remaining: 57s
Rendered 3256/4735, time remaining: 57s
Rendered 3257/4735, time remaining: 58s
Rendered 3258/4735, time remaining: 57s
Rendered 3259/4735, time remaining: 57s
Rendered 3260/4735, time remaining: 57s
Rendered 3261/4735, time remaining: 56s
Rendered 3262/4735, time remaining: 56s
Rendered 3263/4735, time remaining: 57s
Rendered 3264/4735, time remaining: 57s
Rendered 3265/4735, time remaining: 57s
Rendered 3266/4735, time remaining: 56s
Rendered 3267/4735, time remaining: 56s
Rendered 3268/4735, time remaining: 56s
Rendered 3269/4735, time remaining: 54s
Rendered 3270/4735, time remaining: 55s
Rendered 3271/4735, time remaining: 56s
Rendered 3272/4735, time remaining: 56s
Rendered 3273/4735, time remaining: 56s
Rendered 3274/4735, time remaining: 56s
Rendered 3275/4735, time remaining: 56s
Rendered 3276/4735, time remaining: 55s
Rendered 3277/4735, time remaining: 55s
Rendered 3278/4735, time remaining: 55s
Rendered 3279/4735, time remaining: 55s
Rendered 3280/4735, time remaining: 56s
Rendered 3281/4735, time remaining: 55s
Rendered 3282/4735, time remaining: 56s
Rendered 3283/4735, time remaining: 56s
Rendered 3284/4735, time remaining: 56s
Rendered 3285/4735, time remaining: 55s
Rendered 3286/4735, time remaining: 56s
Rendered 3287/4735, time remaining: 55s
Rendered 3288/4735, time remaining: 55s
Rendered 3289/4735, time remaining: 55s
Rendered 3290/4735, time remaining: 55s
Rendered 3291/4735, time remaining: 55s
Rendered 3292/4735, time remaining: 55s
Rendered 3293/4735, time remaining: 55s
Rendered 3294/4735, time remaining: 56s
Rendered 3295/4735, time remaining: 56s
Rendered 3296/4735, time remaining: 56s
Rendered 3297/4735, time remaining: 56s
Rendered 3298/4735, time remaining: 55s
Rendered 3299/4735, time remaining: 55s
Rendered 3300/4735, time remaining: 55s
Rendered 3301/4735, time remaining: 55s
Rendered 3302/4735, time remaining: 55s
Rendered 3303/4735, time remaining: 56s
Rendered 3304/4735, time remaining: 55s
Rendered 3305/4735, time remaining: 54s
Rendered 3306/4735, time remaining: 54s
Rendered 3307/4735, time remaining: 55s
Rendered 3308/4735, time remaining: 55s
Rendered 3309/4735, time remaining: 55s
Rendered 3310/4735, time remaining: 56s
Rendered 3311/4735, time remaining: 56s
Rendered 3312/4735, time remaining: 54s
Rendered 3313/4735, time remaining: 54s
Rendered 3314/4735, time remaining: 54s
Rendered 3315/4735, time remaining: 55s
Rendered 3316/4735, time remaining: 55s
Rendered 3317/4735, time remaining: 54s
Rendered 3318/4735, time remaining: 55s
Rendered 3319/4735, time remaining: 56s
Rendered 3320/4735, time remaining: 55s
Rendered 3321/4735, time remaining: 54s
Rendered 3322/4735, time remaining: 55s
Rendered 3323/4735, time remaining: 54s
Rendered 3324/4735, time remaining: 55s
Rendered 3325/4735, time remaining: 55s
Rendered 3326/4735, time remaining: 56s
Rendered 3327/4735, time remaining: 56s
Rendered 3328/4735, time remaining: 55s
Rendered 3329/4735, time remaining: 54s
Rendered 3330/4735, time remaining: 55s
Rendered 3331/4735, time remaining: 55s
Rendered 3332/4735, time remaining: 54s
Rendered 3333/4735, time remaining: 54s
Rendered 3334/4735, time remaining: 56s
Rendered 3335/4735, time remaining: 55s
Rendered 3336/4735, time remaining: 55s
Rendered 3337/4735, time remaining: 54s
Rendered 3338/4735, time remaining: 54s
Rendered 3339/4735, time remaining: 54s
Rendered 3340/4735, time remaining: 54s
Rendered 3341/4735, time remaining: 54s
Rendered 3342/4735, time remaining: 55s
Rendered 3343/4735, time remaining: 55s
Rendered 3344/4735, time remaining: 54s
Rendered 3345/4735, time remaining: 54s
Rendered 3346/4735, time remaining: 54s
Rendered 3347/4735, time remaining: 53s
Rendered 3348/4735, time remaining: 53s
Rendered 3349/4735, time remaining: 53s
Rendered 3350/4735, time remaining: 55s
Rendered 3351/4735, time remaining: 54s
Rendered 3352/4735, time remaining: 54s
Rendered 3353/4735, time remaining: 53s
Rendered 3354/4735, time remaining: 53s
Rendered 3355/4735, time remaining: 53s
Rendered 3356/4735, time remaining: 53s
Rendered 3357/4735, time remaining: 54s
Rendered 3358/4735, time remaining: 55s
Rendered 3359/4735, time remaining: 54s
Rendered 3360/4735, time remaining: 54s
Rendered 3361/4735, time remaining: 54s
Rendered 3362/4735, time remaining: 54s
Rendered 3363/4735, time remaining: 54s
Rendered 3364/4735, time remaining: 54s
Rendered 3365/4735, time remaining: 53s
Rendered 3366/4735, time remaining: 53s
Rendered 3367/4735, time remaining: 53s
Rendered 3368/4735, time remaining: 53s
Rendered 3369/4735, time remaining: 53s
Rendered 3370/4735, time remaining: 54s
Rendered 3371/4735, time remaining: 54s
Rendered 3372/4735, time remaining: 53s
Rendered 3373/4735, time remaining: 53s
Rendered 3374/4735, time remaining: 53s
Rendered 3375/4735, time remaining: 53s
Rendered 3376/4735, time remaining: 52s
Rendered 3377/4735, time remaining: 53s
Rendered 3378/4735, time remaining: 53s
Rendered 3379/4735, time remaining: 53s
Rendered 3380/4735, time remaining: 53s
Rendered 3381/4735, time remaining: 54s
Rendered 3382/4735, time remaining: 54s
Rendered 3383/4735, time remaining: 54s
Rendered 3384/4735, time remaining: 52s
Rendered 3385/4735, time remaining: 52s
Rendered 3386/4735, time remaining: 52s
Rendered 3387/4735, time remaining: 52s
Rendered 3388/4735, time remaining: 52s
Rendered 3389/4735, time remaining: 53s
Rendered 3390/4735, time remaining: 53s
Rendered 3391/4735, time remaining: 52s
Rendered 3392/4735, time remaining: 52s
Rendered 3393/4735, time remaining: 52s
Rendered 3394/4735, time remaining: 51s
Rendered 3395/4735, time remaining: 51s
Rendered 3396/4735, time remaining: 52s
Rendered 3397/4735, time remaining: 53s
Rendered 3398/4735, time remaining: 52s
Rendered 3399/4735, time remaining: 52s
Rendered 3400/4735, time remaining: 51s
Rendered 3401/4735, time remaining: 52s
Rendered 3402/4735, time remaining: 51s
Rendered 3403/4735, time remaining: 52s
Rendered 3404/4735, time remaining: 52s
Rendered 3405/4735, time remaining: 52s
Rendered 3406/4735, time remaining: 51s
Rendered 3407/4735, time remaining: 51s
Rendered 3408/4735, time remaining: 51s
Rendered 3409/4735, time remaining: 51s
Rendered 3410/4735, time remaining: 51s
Rendered 3411/4735, time remaining: 50s
Rendered 3412/4735, time remaining: 51s
Rendered 3413/4735, time remaining: 51s
Rendered 3414/4735, time remaining: 51s
Rendered 3415/4735, time remaining: 50s
Rendered 3416/4735, time remaining: 50s
Rendered 3417/4735, time remaining: 50s
Rendered 3418/4735, time remaining: 50s
Rendered 3419/4735, time remaining: 51s
Rendered 3420/4735, time remaining: 50s
Rendered 3421/4735, time remaining: 50s
Rendered 3422/4735, time remaining: 50s
Rendered 3423/4735, time remaining: 50s
Rendered 3424/4735, time remaining: 50s
Rendered 3425/4735, time remaining: 50s
Rendered 3426/4735, time remaining: 50s
Rendered 3427/4735, time remaining: 50s
Rendered 3428/4735, time remaining: 50s
Rendered 3429/4735, time remaining: 51s
Rendered 3430/4735, time remaining: 50s
Rendered 3431/4735, time remaining: 50s
Rendered 3432/4735, time remaining: 50s
Rendered 3433/4735, time remaining: 50s
Rendered 3434/4735, time remaining: 50s
Rendered 3435/4735, time remaining: 50s
Rendered 3436/4735, time remaining: 49s
Rendered 3437/4735, time remaining: 50s
Rendered 3438/4735, time remaining: 49s
Rendered 3439/4735, time remaining: 49s
Rendered 3440/4735, time remaining: 49s
Rendered 3441/4735, time remaining: 49s
Rendered 3442/4735, time remaining: 50s
Rendered 3443/4735, time remaining: 50s
Rendered 3444/4735, time remaining: 48s
Rendered 3445/4735, time remaining: 48s
Rendered 3446/4735, time remaining: 48s
Rendered 3447/4735, time remaining: 49s
Rendered 3448/4735, time remaining: 49s
Rendered 3449/4735, time remaining: 48s
Rendered 3450/4735, time remaining: 48s
Rendered 3451/4735, time remaining: 49s
Rendered 3452/4735, time remaining: 49s
Rendered 3453/4735, time remaining: 48s
Rendered 3454/4735, time remaining: 48s
Rendered 3455/4735, time remaining: 48s
Rendered 3456/4735, time remaining: 49s
Rendered 3457/4735, time remaining: 48s
Rendered 3458/4735, time remaining: 48s
Rendered 3459/4735, time remaining: 49s
Rendered 3460/4735, time remaining: 48s
Rendered 3461/4735, time remaining: 48s
Rendered 3462/4735, time remaining: 48s
Rendered 3463/4735, time remaining: 48s
Rendered 3464/4735, time remaining: 49s
Rendered 3465/4735, time remaining: 47s
Rendered 3466/4735, time remaining: 47s
Rendered 3467/4735, time remaining: 48s
Rendered 3468/4735, time remaining: 48s
Rendered 3469/4735, time remaining: 47s
Rendered 3470/4735, time remaining: 47s
Rendered 3471/4735, time remaining: 47s
Rendered 3472/4735, time remaining: 47s
Rendered 3473/4735, time remaining: 47s
Rendered 3474/4735, time remaining: 47s
Rendered 3475/4735, time remaining: 47s
Rendered 3476/4735, time remaining: 46s
Rendered 3477/4735, time remaining: 46s
Rendered 3478/4735, time remaining: 46s
Rendered 3479/4735, time remaining: 46s
Rendered 3480/4735, time remaining: 45s
Rendered 3481/4735, time remaining: 46s
Rendered 3482/4735, time remaining: 47s
Rendered 3483/4735, time remaining: 47s
Rendered 3484/4735, time remaining: 46s
Rendered 3485/4735, time remaining: 46s
Rendered 3486/4735, time remaining: 46s
Rendered 3487/4735, time remaining: 46s
Rendered 3488/4735, time remaining: 46s
Rendered 3489/4735, time remaining: 47s
Rendered 3490/4735, time remaining: 47s
Rendered 3491/4735, time remaining: 47s
Rendered 3492/4735, time remaining: 45s
Rendered 3493/4735, time remaining: 46s
Rendered 3494/4735, time remaining: 46s
Rendered 3495/4735, time remaining: 46s
Rendered 3496/4735, time remaining: 45s
Rendered 3497/4735, time remaining: 45s
Rendered 3498/4735, time remaining: 47s
Rendered 3499/4735, time remaining: 47s
Rendered 3500/4735, time remaining: 45s
Rendered 3501/4735, time remaining: 45s
Rendered 3502/4735, time remaining: 45s
Rendered 3503/4735, time remaining: 45s
Rendered 3504/4735, time remaining: 45s
Rendered 3505/4735, time remaining: 47s
Rendered 3506/4735, time remaining: 46s
Rendered 3507/4735, time remaining: 46s
Rendered 3508/4735, time remaining: 45s
Rendered 3509/4735, time remaining: 45s
Rendered 3510/4735, time remaining: 45s
Rendered 3511/4735, time remaining: 44s
Rendered 3512/4735, time remaining: 44s
Rendered 3513/4735, time remaining: 45s
Rendered 3514/4735, time remaining: 45s
Rendered 3515/4735, time remaining: 46s
Rendered 3516/4735, time remaining: 46s
Rendered 3517/4735, time remaining: 46s
Rendered 3518/4735, time remaining: 46s
Rendered 3519/4735, time remaining: 45s
Rendered 3520/4735, time remaining: 44s
Rendered 3521/4735, time remaining: 45s
Rendered 3522/4735, time remaining: 45s
Rendered 3523/4735, time remaining: 45s
Rendered 3524/4735, time remaining: 45s
Rendered 3525/4735, time remaining: 45s
Rendered 3526/4735, time remaining: 45s
Rendered 3527/4735, time remaining: 44s
Rendered 3528/4735, time remaining: 43s
Rendered 3529/4735, time remaining: 45s
Rendered 3530/4735, time remaining: 45s
Rendered 3531/4735, time remaining: 44s
Rendered 3532/4735, time remaining: 43s
Rendered 3533/4735, time remaining: 44s
Rendered 3534/4735, time remaining: 44s
Rendered 3535/4735, time remaining: 44s
Rendered 3536/4735, time remaining: 44s
Rendered 3537/4735, time remaining: 44s
Rendered 3538/4735, time remaining: 44s
Rendered 3539/4735, time remaining: 43s
Rendered 3540/4735, time remaining: 44s
Rendered 3541/4735, time remaining: 43s
Rendered 3542/4735, time remaining: 43s
Rendered 3543/4735, time remaining: 44s
Rendered 3544/4735, time remaining: 44s
Rendered 3545/4735, time remaining: 44s
Rendered 3546/4735, time remaining: 43s
Rendered 3547/4735, time remaining: 42s
Rendered 3548/4735, time remaining: 44s
Rendered 3549/4735, time remaining: 44s
Rendered 3550/4735, time remaining: 44s
Rendered 3551/4735, time remaining: 43s
Rendered 3552/4735, time remaining: 43s
Rendered 3553/4735, time remaining: 43s
Rendered 3554/4735, time remaining: 44s
Rendered 3555/4735, time remaining: 43s
Rendered 3556/4735, time remaining: 43s
Rendered 3557/4735, time remaining: 44s
Rendered 3558/4735, time remaining: 44s
Rendered 3559/4735, time remaining: 44s
Rendered 3560/4735, time remaining: 43s
Rendered 3561/4735, time remaining: 44s
Rendered 3562/4735, time remaining: 44s
Rendered 3563/4735, time remaining: 42s
Rendered 3564/4735, time remaining: 42s
Rendered 3565/4735, time remaining: 43s
Rendered 3566/4735, time remaining: 43s
Rendered 3567/4735, time remaining: 44s
Rendered 3568/4735, time remaining: 44s
Rendered 3569/4735, time remaining: 43s
Rendered 3570/4735, time remaining: 43s
Rendered 3571/4735, time remaining: 42s
Rendered 3572/4735, time remaining: 42s
Rendered 3573/4735, time remaining: 42s
Rendered 3574/4735, time remaining: 42s
Rendered 3575/4735, time remaining: 42s
Rendered 3576/4735, time remaining: 43s
Rendered 3577/4735, time remaining: 43s
Rendered 3578/4735, time remaining: 42s
Rendered 3579/4735, time remaining: 43s
Rendered 3580/4735, time remaining: 43s
Rendered 3581/4735, time remaining: 43s
Rendered 3582/4735, time remaining: 42s
Rendered 3583/4735, time remaining: 42s
Rendered 3584/4735, time remaining: 42s
Rendered 3585/4735, time remaining: 42s
Rendered 3586/4735, time remaining: 42s
Rendered 3587/4735, time remaining: 43s
Rendered 3588/4735, time remaining: 43s
Rendered 3589/4735, time remaining: 43s
Rendered 3590/4735, time remaining: 42s
Rendered 3591/4735, time remaining: 42s
Rendered 3592/4735, time remaining: 42s
Rendered 3593/4735, time remaining: 42s
Rendered 3594/4735, time remaining: 42s
Rendered 3595/4735, time remaining: 42s
Rendered 3596/4735, time remaining: 43s
Rendered 3597/4735, time remaining: 43s
Rendered 3598/4735, time remaining: 42s
Rendered 3599/4735, time remaining: 42s
Rendered 3600/4735, time remaining: 42s
Rendered 3601/4735, time remaining: 41s
Rendered 3602/4735, time remaining: 41s
Rendered 3603/4735, time remaining: 42s
Rendered 3604/4735, time remaining: 42s
Rendered 3605/4735, time remaining: 43s
Rendered 3606/4735, time remaining: 42s
Rendered 3607/4735, time remaining: 42s
Rendered 3608/4735, time remaining: 42s
Rendered 3609/4735, time remaining: 41s
Rendered 3610/4735, time remaining: 42s
Rendered 3611/4735, time remaining: 42s
Rendered 3612/4735, time remaining: 41s
Rendered 3613/4735, time remaining: 43s
Rendered 3614/4735, time remaining: 42s
Rendered 3615/4735, time remaining: 42s
Rendered 3616/4735, time remaining: 42s
Rendered 3617/4735, time remaining: 41s
Rendered 3618/4735, time remaining: 41s
Rendered 3619/4735, time remaining: 41s
Rendered 3620/4735, time remaining: 41s
Rendered 3621/4735, time remaining: 42s
Rendered 3622/4735, time remaining: 42s
Rendered 3623/4735, time remaining: 42s
Rendered 3624/4735, time remaining: 41s
Rendered 3625/4735, time remaining: 41s
Rendered 3626/4735, time remaining: 42s
Rendered 3627/4735, time remaining: 41s
Rendered 3628/4735, time remaining: 42s
Rendered 3629/4735, time remaining: 42s
Rendered 3630/4735, time remaining: 42s
Rendered 3631/4735, time remaining: 41s
Rendered 3632/4735, time remaining: 40s
Rendered 3633/4735, time remaining: 40s
Rendered 3634/4735, time remaining: 41s
Rendered 3635/4735, time remaining: 41s
Rendered 3636/4735, time remaining: 41s
Rendered 3637/4735, time remaining: 41s
Rendered 3638/4735, time remaining: 41s
Rendered 3639/4735, time remaining: 41s
Rendered 3640/4735, time remaining: 41s
Rendered 3641/4735, time remaining: 41s
Rendered 3642/4735, time remaining: 41s
Rendered 3643/4735, time remaining: 40s
Rendered 3644/4735, time remaining: 40s
Rendered 3645/4735, time remaining: 40s
Rendered 3646/4735, time remaining: 40s
Rendered 3647/4735, time remaining: 40s
Rendered 3648/4735, time remaining: 40s
Rendered 3649/4735, time remaining: 40s
Rendered 3650/4735, time remaining: 40s
Rendered 3651/4735, time remaining: 40s
Rendered 3652/4735, time remaining: 40s
Rendered 3653/4735, time remaining: 40s
Rendered 3654/4735, time remaining: 40s
Rendered 3655/4735, time remaining: 40s
Rendered 3656/4735, time remaining: 40s
Rendered 3657/4735, time remaining: 40s
Rendered 3658/4735, time remaining: 40s
Rendered 3659/4735, time remaining: 40s
Rendered 3660/4735, time remaining: 41s
Rendered 3661/4735, time remaining: 41s
Rendered 3662/4735, time remaining: 40s
Rendered 3663/4735, time remaining: 40s
Rendered 3664/4735, time remaining: 40s
Rendered 3665/4735, time remaining: 39s
Rendered 3666/4735, time remaining: 39s
Rendered 3667/4735, time remaining: 39s
Rendered 3668/4735, time remaining: 40s
Rendered 3669/4735, time remaining: 40s
Rendered 3670/4735, time remaining: 40s
Rendered 3671/4735, time remaining: 39s
Rendered 3672/4735, time remaining: 39s
Rendered 3673/4735, time remaining: 39s
Rendered 3674/4735, time remaining: 40s
Rendered 3675/4735, time remaining: 40s
Rendered 3676/4735, time remaining: 40s
Rendered 3677/4735, time remaining: 40s
Rendered 3678/4735, time remaining: 40s
Rendered 3679/4735, time remaining: 39s
Rendered 3680/4735, time remaining: 39s
Rendered 3681/4735, time remaining: 39s
Rendered 3682/4735, time remaining: 40s
Rendered 3683/4735, time remaining: 40s
Rendered 3684/4735, time remaining: 40s
Rendered 3685/4735, time remaining: 39s
Rendered 3686/4735, time remaining: 39s
Rendered 3687/4735, time remaining: 40s
Rendered 3688/4735, time remaining: 40s
Rendered 3689/4735, time remaining: 39s
Rendered 3690/4735, time remaining: 39s
Rendered 3691/4735, time remaining: 40s
Rendered 3692/4735, time remaining: 40s
Rendered 3693/4735, time remaining: 40s
Rendered 3694/4735, time remaining: 40s
Rendered 3695/4735, time remaining: 40s
Rendered 3696/4735, time remaining: 40s
Rendered 3697/4735, time remaining: 40s
Rendered 3698/4735, time remaining: 39s
Rendered 3699/4735, time remaining: 40s
Rendered 3700/4735, time remaining: 39s
Rendered 3701/4735, time remaining: 40s
Rendered 3702/4735, time remaining: 40s
Rendered 3703/4735, time remaining: 40s
Rendered 3704/4735, time remaining: 39s
Rendered 3705/4735, time remaining: 39s
Rendered 3706/4735, time remaining: 39s
Rendered 3707/4735, time remaining: 40s
Rendered 3708/4735, time remaining: 40s
Rendered 3709/4735, time remaining: 39s
Rendered 3710/4735, time remaining: 40s
Rendered 3711/4735, time remaining: 39s
Rendered 3712/4735, time remaining: 40s
Rendered 3713/4735, time remaining: 40s
Rendered 3714/4735, time remaining: 40s
Rendered 3715/4735, time remaining: 39s
Rendered 3716/4735, time remaining: 39s
Rendered 3717/4735, time remaining: 39s
Rendered 3718/4735, time remaining: 39s
Rendered 3719/4735, time remaining: 39s
Rendered 3720/4735, time remaining: 39s
Rendered 3721/4735, time remaining: 39s
Rendered 3722/4735, time remaining: 39s
Rendered 3723/4735, time remaining: 40s
Rendered 3724/4735, time remaining: 40s
Rendered 3725/4735, time remaining: 39s
Rendered 3726/4735, time remaining: 39s
Rendered 3727/4735, time remaining: 39s
Rendered 3728/4735, time remaining: 39s
Rendered 3729/4735, time remaining: 39s
Rendered 3730/4735, time remaining: 38s
Rendered 3731/4735, time remaining: 40s
Rendered 3732/4735, time remaining: 40s
Rendered 3733/4735, time remaining: 40s
Rendered 3734/4735, time remaining: 40s
Rendered 3735/4735, time remaining: 39s
Rendered 3736/4735, time remaining: 40s
Rendered 3737/4735, time remaining: 38s
Rendered 3738/4735, time remaining: 38s
Rendered 3739/4735, time remaining: 39s
Rendered 3740/4735, time remaining: 39s
Rendered 3741/4735, time remaining: 39s
Rendered 3742/4735, time remaining: 39s
Rendered 3743/4735, time remaining: 39s
Rendered 3744/4735, time remaining: 39s
Rendered 3745/4735, time remaining: 38s
Rendered 3746/4735, time remaining: 38s
Rendered 3747/4735, time remaining: 38s
Rendered 3748/4735, time remaining: 38s
Rendered 3749/4735, time remaining: 39s
Rendered 3750/4735, time remaining: 39s
Rendered 3751/4735, time remaining: 39s
Rendered 3752/4735, time remaining: 39s
Rendered 3753/4735, time remaining: 39s
Rendered 3754/4735, time remaining: 38s
Rendered 3755/4735, time remaining: 38s
Rendered 3756/4735, time remaining: 38s
Rendered 3757/4735, time remaining: 39s
Rendered 3758/4735, time remaining: 39s
Rendered 3759/4735, time remaining: 39s
Rendered 3760/4735, time remaining: 38s
Rendered 3761/4735, time remaining: 39s
Rendered 3762/4735, time remaining: 39s
Rendered 3763/4735, time remaining: 37s
Rendered 3764/4735, time remaining: 38s
Rendered 3765/4735, time remaining: 38s
Rendered 3766/4735, time remaining: 38s
Rendered 3767/4735, time remaining: 38s
Rendered 3768/4735, time remaining: 38s
Rendered 3769/4735, time remaining: 38s
Rendered 3770/4735, time remaining: 38s
Rendered 3771/4735, time remaining: 37s
Rendered 3772/4735, time remaining: 38s
Rendered 3773/4735, time remaining: 38s
Rendered 3774/4735, time remaining: 38s
Rendered 3775/4735, time remaining: 38s
Rendered 3776/4735, time remaining: 37s
Rendered 3777/4735, time remaining: 38s
Rendered 3778/4735, time remaining: 38s
Rendered 3779/4735, time remaining: 37s
Rendered 3780/4735, time remaining: 38s
Rendered 3781/4735, time remaining: 38s
Rendered 3782/4735, time remaining: 38s
Rendered 3783/4735, time remaining: 38s
Rendered 3784/4735, time remaining: 37s
Rendered 3785/4735, time remaining: 38s
Rendered 3786/4735, time remaining: 37s
Rendered 3787/4735, time remaining: 37s
Rendered 3788/4735, time remaining: 37s
Rendered 3789/4735, time remaining: 37s
Rendered 3790/4735, time remaining: 37s
Rendered 3791/4735, time remaining: 37s
Rendered 3792/4735, time remaining: 37s
Rendered 3793/4735, time remaining: 37s
Rendered 3794/4735, time remaining: 37s
Rendered 3795/4735, time remaining: 37s
Rendered 3796/4735, time remaining: 37s
Rendered 3797/4735, time remaining: 37s
Rendered 3798/4735, time remaining: 37s
Rendered 3799/4735, time remaining: 37s
Rendered 3800/4735, time remaining: 37s
Rendered 3801/4735, time remaining: 37s
Rendered 3802/4735, time remaining: 37s
Rendered 3803/4735, time remaining: 37s
Rendered 3804/4735, time remaining: 37s
Rendered 3805/4735, time remaining: 36s
Rendered 3806/4735, time remaining: 37s
Rendered 3807/4735, time remaining: 36s
Rendered 3808/4735, time remaining: 36s
Rendered 3809/4735, time remaining: 36s
Rendered 3810/4735, time remaining: 36s
Rendered 3811/4735, time remaining: 36s
Rendered 3812/4735, time remaining: 35s
Rendered 3813/4735, time remaining: 35s
Rendered 3814/4735, time remaining: 35s
Rendered 3815/4735, time remaining: 35s
Rendered 3816/4735, time remaining: 35s
Rendered 3817/4735, time remaining: 35s
Rendered 3818/4735, time remaining: 34s
Rendered 3819/4735, time remaining: 34s
Rendered 3820/4735, time remaining: 34s
Rendered 3821/4735, time remaining: 34s
Rendered 3822/4735, time remaining: 34s
Rendered 3823/4735, time remaining: 34s
Rendered 3824/4735, time remaining: 33s
Rendered 3825/4735, time remaining: 33s
Rendered 3826/4735, time remaining: 33s
Rendered 3827/4735, time remaining: 34s
Rendered 3828/4735, time remaining: 34s
Rendered 3829/4735, time remaining: 33s
Rendered 3830/4735, time remaining: 33s
Rendered 3831/4735, time remaining: 33s
Rendered 3832/4735, time remaining: 33s
Rendered 3833/4735, time remaining: 32s
Rendered 3834/4735, time remaining: 32s
Rendered 3835/4735, time remaining: 33s
Rendered 3836/4735, time remaining: 33s
Rendered 3837/4735, time remaining: 33s
Rendered 3838/4735, time remaining: 32s
Rendered 3839/4735, time remaining: 32s
Rendered 3840/4735, time remaining: 33s
Rendered 3841/4735, time remaining: 32s
Rendered 3842/4735, time remaining: 32s
Rendered 3843/4735, time remaining: 32s
Rendered 3844/4735, time remaining: 32s
Rendered 3845/4735, time remaining: 32s
Rendered 3846/4735, time remaining: 32s
Rendered 3847/4735, time remaining: 32s
Rendered 3848/4735, time remaining: 32s
Rendered 3849/4735, time remaining: 32s
Rendered 3850/4735, time remaining: 32s
Rendered 3851/4735, time remaining: 31s
Rendered 3852/4735, time remaining: 32s
Rendered 3853/4735, time remaining: 32s
Rendered 3854/4735, time remaining: 32s
Rendered 3855/4735, time remaining: 32s
Rendered 3856/4735, time remaining: 32s
Rendered 3857/4735, time remaining: 31s
Rendered 3858/4735, time remaining: 32s
Rendered 3859/4735, time remaining: 32s
Rendered 3860/4735, time remaining: 31s
Rendered 3861/4735, time remaining: 31s
Rendered 3862/4735, time remaining: 31s
Rendered 3863/4735, time remaining: 32s
Rendered 3864/4735, time remaining: 31s
Rendered 3865/4735, time remaining: 31s
Rendered 3866/4735, time remaining: 31s
Rendered 3867/4735, time remaining: 31s
Rendered 3868/4735, time remaining: 30s
Rendered 3869/4735, time remaining: 30s
Rendered 3870/4735, time remaining: 31s
Rendered 3871/4735, time remaining: 31s
Rendered 3872/4735, time remaining: 31s
Rendered 3873/4735, time remaining: 31s
Rendered 3874/4735, time remaining: 31s
Rendered 3875/4735, time remaining: 31s
Rendered 3876/4735, time remaining: 31s
Rendered 3877/4735, time remaining: 31s
Rendered 3878/4735, time remaining: 31s
Rendered 3879/4735, time remaining: 30s
Rendered 3880/4735, time remaining: 31s
Rendered 3881/4735, time remaining: 30s
Rendered 3882/4735, time remaining: 30s
Rendered 3883/4735, time remaining: 30s
Rendered 3884/4735, time remaining: 30s
Rendered 3885/4735, time remaining: 30s
Rendered 3886/4735, time remaining: 30s
Rendered 3887/4735, time remaining: 30s
Rendered 3888/4735, time remaining: 30s
Rendered 3889/4735, time remaining: 29s
Rendered 3890/4735, time remaining: 30s
Rendered 3891/4735, time remaining: 30s
Rendered 3892/4735, time remaining: 29s
Rendered 3893/4735, time remaining: 30s
Rendered 3894/4735, time remaining: 30s
Rendered 3895/4735, time remaining: 30s
Rendered 3896/4735, time remaining: 30s
Rendered 3897/4735, time remaining: 29s
Rendered 3898/4735, time remaining: 30s
Rendered 3899/4735, time remaining: 29s
Rendered 3900/4735, time remaining: 29s
Rendered 3901/4735, time remaining: 29s
Rendered 3902/4735, time remaining: 29s
Rendered 3903/4735, time remaining: 29s
Rendered 3904/4735, time remaining: 29s
Rendered 3905/4735, time remaining: 29s
Rendered 3906/4735, time remaining: 29s
Rendered 3907/4735, time remaining: 29s
Rendered 3908/4735, time remaining: 29s
Rendered 3909/4735, time remaining: 29s
Rendered 3910/4735, time remaining: 29s
Rendered 3911/4735, time remaining: 28s
Rendered 3912/4735, time remaining: 28s
Rendered 3913/4735, time remaining: 29s
Rendered 3914/4735, time remaining: 29s
Rendered 3915/4735, time remaining: 28s
Rendered 3916/4735, time remaining: 28s
Rendered 3917/4735, time remaining: 28s
Rendered 3918/4735, time remaining: 28s
Rendered 3919/4735, time remaining: 28s
Rendered 3920/4735, time remaining: 28s
Rendered 3921/4735, time remaining: 28s
Rendered 3922/4735, time remaining: 28s
Rendered 3923/4735, time remaining: 29s
Rendered 3924/4735, time remaining: 29s
Rendered 3925/4735, time remaining: 28s
Rendered 3926/4735, time remaining: 28s
Rendered 3927/4735, time remaining: 28s
Rendered 3928/4735, time remaining: 28s
Rendered 3929/4735, time remaining: 28s
Rendered 3930/4735, time remaining: 27s
Rendered 3931/4735, time remaining: 28s
Rendered 3932/4735, time remaining: 28s
Rendered 3933/4735, time remaining: 28s
Rendered 3934/4735, time remaining: 28s
Rendered 3935/4735, time remaining: 28s
Rendered 3936/4735, time remaining: 28s
Rendered 3937/4735, time remaining: 28s
Rendered 3938/4735, time remaining: 28s
Rendered 3939/4735, time remaining: 28s
Rendered 3940/4735, time remaining: 28s
Rendered 3941/4735, time remaining: 27s
Rendered 3942/4735, time remaining: 27s
Rendered 3943/4735, time remaining: 28s
Rendered 3944/4735, time remaining: 27s
Rendered 3945/4735, time remaining: 27s
Rendered 3946/4735, time remaining: 28s
Rendered 3947/4735, time remaining: 27s
Rendered 3948/4735, time remaining: 27s
Rendered 3949/4735, time remaining: 27s
Rendered 3950/4735, time remaining: 27s
Rendered 3951/4735, time remaining: 27s
Rendered 3952/4735, time remaining: 28s
Rendered 3953/4735, time remaining: 28s
Rendered 3954/4735, time remaining: 28s
Rendered 3955/4735, time remaining: 27s
Rendered 3956/4735, time remaining: 27s
Rendered 3957/4735, time remaining: 27s
Rendered 3958/4735, time remaining: 27s
Rendered 3959/4735, time remaining: 27s
Rendered 3960/4735, time remaining: 27s
Rendered 3961/4735, time remaining: 28s
Rendered 3962/4735, time remaining: 27s
Rendered 3963/4735, time remaining: 27s
Rendered 3964/4735, time remaining: 28s
Rendered 3965/4735, time remaining: 28s
Rendered 3966/4735, time remaining: 27s
Rendered 3967/4735, time remaining: 28s
Rendered 3968/4735, time remaining: 28s
Rendered 3969/4735, time remaining: 28s
Rendered 3970/4735, time remaining: 29s
Rendered 3971/4735, time remaining: 29s
Rendered 3972/4735, time remaining: 28s
Rendered 3973/4735, time remaining: 28s
Rendered 3974/4735, time remaining: 28s
Rendered 3975/4735, time remaining: 29s
Rendered 3976/4735, time remaining: 29s
Rendered 3977/4735, time remaining: 28s
Rendered 3978/4735, time remaining: 28s
Rendered 3979/4735, time remaining: 28s
Rendered 3980/4735, time remaining: 28s
Rendered 3981/4735, time remaining: 28s
Rendered 3982/4735, time remaining: 29s
Rendered 3983/4735, time remaining: 29s
Rendered 3984/4735, time remaining: 29s
Rendered 3985/4735, time remaining: 28s
Rendered 3986/4735, time remaining: 28s
Rendered 3987/4735, time remaining: 28s
Rendered 3988/4735, time remaining: 28s
Rendered 3989/4735, time remaining: 28s
Rendered 3990/4735, time remaining: 28s
Rendered 3991/4735, time remaining: 28s
Rendered 3992/4735, time remaining: 28s
Rendered 3993/4735, time remaining: 28s
Rendered 3994/4735, time remaining: 27s
Rendered 3995/4735, time remaining: 28s
Rendered 3996/4735, time remaining: 28s
Rendered 3997/4735, time remaining: 28s
Rendered 3998/4735, time remaining: 28s
Rendered 3999/4735, time remaining: 28s
Rendered 4000/4735, time remaining: 28s
Rendered 4001/4735, time remaining: 28s
Rendered 4002/4735, time remaining: 28s
Rendered 4003/4735, time remaining: 28s
Rendered 4004/4735, time remaining: 28s
Rendered 4005/4735, time remaining: 28s
Rendered 4006/4735, time remaining: 28s
Rendered 4007/4735, time remaining: 28s
Rendered 4008/4735, time remaining: 27s
Rendered 4009/4735, time remaining: 28s
Rendered 4010/4735, time remaining: 28s
Rendered 4011/4735, time remaining: 28s
Rendered 4012/4735, time remaining: 28s
Rendered 4013/4735, time remaining: 28s
Rendered 4014/4735, time remaining: 28s
Rendered 4015/4735, time remaining: 28s
Rendered 4016/4735, time remaining: 27s
Rendered 4017/4735, time remaining: 27s
Rendered 4018/4735, time remaining: 28s
Rendered 4019/4735, time remaining: 28s
Rendered 4020/4735, time remaining: 28s
Rendered 4021/4735, time remaining: 27s
Rendered 4022/4735, time remaining: 28s
Rendered 4023/4735, time remaining: 27s
Rendered 4024/4735, time remaining: 27s
Rendered 4025/4735, time remaining: 27s
Rendered 4026/4735, time remaining: 27s
Rendered 4027/4735, time remaining: 28s
Rendered 4028/4735, time remaining: 27s
Rendered 4029/4735, time remaining: 27s
Rendered 4030/4735, time remaining: 27s
Rendered 4031/4735, time remaining: 27s
Rendered 4032/4735, time remaining: 27s
Rendered 4033/4735, time remaining: 27s
Rendered 4034/4735, time remaining: 27s
Rendered 4035/4735, time remaining: 27s
Rendered 4036/4735, time remaining: 27s
Rendered 4037/4735, time remaining: 27s
Rendered 4038/4735, time remaining: 27s
Rendered 4039/4735, time remaining: 27s
Rendered 4040/4735, time remaining: 26s
Rendered 4041/4735, time remaining: 26s
Rendered 4042/4735, time remaining: 27s
Rendered 4043/4735, time remaining: 26s
Rendered 4044/4735, time remaining: 27s
Rendered 4045/4735, time remaining: 27s
Rendered 4046/4735, time remaining: 26s
Rendered 4047/4735, time remaining: 26s
Rendered 4048/4735, time remaining: 26s
Rendered 4049/4735, time remaining: 26s
Rendered 4050/4735, time remaining: 26s
Rendered 4051/4735, time remaining: 26s
Rendered 4052/4735, time remaining: 27s
Rendered 4053/4735, time remaining: 26s
Rendered 4054/4735, time remaining: 26s
Rendered 4055/4735, time remaining: 26s
Rendered 4056/4735, time remaining: 26s
Rendered 4057/4735, time remaining: 26s
Rendered 4058/4735, time remaining: 26s
Rendered 4059/4735, time remaining: 26s
Rendered 4060/4735, time remaining: 26s
Rendered 4061/4735, time remaining: 26s
Rendered 4062/4735, time remaining: 26s
Rendered 4063/4735, time remaining: 26s
Rendered 4064/4735, time remaining: 26s
Rendered 4065/4735, time remaining: 26s
Rendered 4066/4735, time remaining: 26s
Rendered 4067/4735, time remaining: 26s
Rendered 4068/4735, time remaining: 26s
Rendered 4069/4735, time remaining: 25s
Rendered 4070/4735, time remaining: 25s
Rendered 4071/4735, time remaining: 26s
Rendered 4072/4735, time remaining: 26s
Rendered 4073/4735, time remaining: 25s
Rendered 4074/4735, time remaining: 25s
Rendered 4075/4735, time remaining: 25s
Rendered 4076/4735, time remaining: 25s
Rendered 4077/4735, time remaining: 25s
Rendered 4078/4735, time remaining: 25s
Rendered 4079/4735, time remaining: 25s
Rendered 4080/4735, time remaining: 25s
Rendered 4081/4735, time remaining: 25s
Rendered 4082/4735, time remaining: 25s
Rendered 4083/4735, time remaining: 25s
Rendered 4084/4735, time remaining: 25s
Rendered 4085/4735, time remaining: 25s
Rendered 4086/4735, time remaining: 24s
Rendered 4087/4735, time remaining: 25s
Rendered 4088/4735, time remaining: 25s
Rendered 4089/4735, time remaining: 25s
Rendered 4090/4735, time remaining: 25s
Rendered 4091/4735, time remaining: 25s
Rendered 4092/4735, time remaining: 25s
Rendered 4093/4735, time remaining: 25s
Rendered 4094/4735, time remaining: 25s
Rendered 4095/4735, time remaining: 25s
Rendered 4096/4735, time remaining: 24s
Rendered 4097/4735, time remaining: 24s
Rendered 4098/4735, time remaining: 24s
Rendered 4099/4735, time remaining: 24s
Rendered 4100/4735, time remaining: 24s
Rendered 4101/4735, time remaining: 24s
Rendered 4102/4735, time remaining: 24s
Rendered 4103/4735, time remaining: 24s
Rendered 4104/4735, time remaining: 24s
Rendered 4105/4735, time remaining: 24s
Rendered 4106/4735, time remaining: 24s
Rendered 4107/4735, time remaining: 24s
Rendered 4108/4735, time remaining: 24s
Rendered 4109/4735, time remaining: 24s
Rendered 4110/4735, time remaining: 24s
Rendered 4111/4735, time remaining: 24s
Rendered 4112/4735, time remaining: 24s
Rendered 4113/4735, time remaining: 24s
Rendered 4114/4735, time remaining: 24s
Rendered 4115/4735, time remaining: 24s
Rendered 4116/4735, time remaining: 24s
Rendered 4117/4735, time remaining: 23s
Rendered 4118/4735, time remaining: 23s
Rendered 4119/4735, time remaining: 23s
Rendered 4120/4735, time remaining: 23s
Rendered 4121/4735, time remaining: 23s
Rendered 4122/4735, time remaining: 23s
Rendered 4123/4735, time remaining: 23s
Rendered 4124/4735, time remaining: 23s
Rendered 4125/4735, time remaining: 23s
Rendered 4126/4735, time remaining: 23s
Rendered 4127/4735, time remaining: 23s
Rendered 4128/4735, time remaining: 23s
Rendered 4129/4735, time remaining: 23s
Rendered 4130/4735, time remaining: 23s
Rendered 4131/4735, time remaining: 23s
Rendered 4132/4735, time remaining: 22s
Rendered 4133/4735, time remaining: 22s
Rendered 4134/4735, time remaining: 23s
Rendered 4135/4735, time remaining: 23s
Rendered 4136/4735, time remaining: 23s
Rendered 4137/4735, time remaining: 22s
Rendered 4138/4735, time remaining: 22s
Rendered 4139/4735, time remaining: 22s
Rendered 4140/4735, time remaining: 22s
Rendered 4141/4735, time remaining: 22s
Rendered 4142/4735, time remaining: 22s
Rendered 4143/4735, time remaining: 22s
Rendered 4144/4735, time remaining: 22s
Rendered 4145/4735, time remaining: 22s
Rendered 4146/4735, time remaining: 21s
Rendered 4147/4735, time remaining: 21s
Rendered 4148/4735, time remaining: 21s
Rendered 4149/4735, time remaining: 22s
Rendered 4150/4735, time remaining: 22s
Rendered 4151/4735, time remaining: 22s
Rendered 4152/4735, time remaining: 22s
Rendered 4153/4735, time remaining: 21s
Rendered 4154/4735, time remaining: 21s
Rendered 4155/4735, time remaining: 21s
Rendered 4156/4735, time remaining: 21s
Rendered 4157/4735, time remaining: 21s
Rendered 4158/4735, time remaining: 21s
Rendered 4159/4735, time remaining: 21s
Rendered 4160/4735, time remaining: 21s
Rendered 4161/4735, time remaining: 21s
Rendered 4162/4735, time remaining: 21s
Rendered 4163/4735, time remaining: 20s
Rendered 4164/4735, time remaining: 21s
Rendered 4165/4735, time remaining: 21s
Rendered 4166/4735, time remaining: 21s
Rendered 4167/4735, time remaining: 21s
Rendered 4168/4735, time remaining: 21s
Rendered 4169/4735, time remaining: 21s
Rendered 4170/4735, time remaining: 20s
Rendered 4171/4735, time remaining: 20s
Rendered 4172/4735, time remaining: 20s
Rendered 4173/4735, time remaining: 20s
Rendered 4174/4735, time remaining: 21s
Rendered 4175/4735, time remaining: 21s
Rendered 4176/4735, time remaining: 20s
Rendered 4177/4735, time remaining: 20s
Rendered 4178/4735, time remaining: 20s
Rendered 4179/4735, time remaining: 20s
Rendered 4180/4735, time remaining: 20s
Rendered 4181/4735, time remaining: 20s
Rendered 4182/4735, time remaining: 20s
Rendered 4183/4735, time remaining: 20s
Rendered 4184/4735, time remaining: 20s
Rendered 4185/4735, time remaining: 20s
Rendered 4186/4735, time remaining: 19s
Rendered 4187/4735, time remaining: 20s
Rendered 4188/4735, time remaining: 20s
Rendered 4189/4735, time remaining: 20s
Rendered 4190/4735, time remaining: 20s
Rendered 4191/4735, time remaining: 20s
Rendered 4192/4735, time remaining: 20s
Rendered 4193/4735, time remaining: 20s
Rendered 4194/4735, time remaining: 20s
Rendered 4195/4735, time remaining: 19s
Rendered 4196/4735, time remaining: 19s
Rendered 4197/4735, time remaining: 20s
Rendered 4198/4735, time remaining: 19s
Rendered 4199/4735, time remaining: 19s
Rendered 4200/4735, time remaining: 19s
Rendered 4201/4735, time remaining: 19s
Rendered 4202/4735, time remaining: 19s
Rendered 4203/4735, time remaining: 19s
Rendered 4204/4735, time remaining: 19s
Rendered 4205/4735, time remaining: 19s
Rendered 4206/4735, time remaining: 19s
Rendered 4207/4735, time remaining: 19s
Rendered 4208/4735, time remaining: 19s
Rendered 4209/4735, time remaining: 19s
Rendered 4210/4735, time remaining: 19s
Rendered 4211/4735, time remaining: 19s
Rendered 4212/4735, time remaining: 19s
Rendered 4213/4735, time remaining: 19s
Rendered 4214/4735, time remaining: 19s
Rendered 4215/4735, time remaining: 19s
Rendered 4216/4735, time remaining: 19s
Rendered 4217/4735, time remaining: 19s
Rendered 4218/4735, time remaining: 18s
Rendered 4219/4735, time remaining: 19s
Rendered 4220/4735, time remaining: 19s
Rendered 4221/4735, time remaining: 19s
Rendered 4222/4735, time remaining: 19s
Rendered 4223/4735, time remaining: 19s
Rendered 4224/4735, time remaining: 19s
Rendered 4225/4735, time remaining: 18s
Rendered 4226/4735, time remaining: 18s
Rendered 4227/4735, time remaining: 18s
Rendered 4228/4735, time remaining: 18s
Rendered 4229/4735, time remaining: 19s
Rendered 4230/4735, time remaining: 19s
Rendered 4231/4735, time remaining: 18s
Rendered 4232/4735, time remaining: 18s
Rendered 4233/4735, time remaining: 18s
Rendered 4234/4735, time remaining: 18s
Rendered 4235/4735, time remaining: 18s
Rendered 4236/4735, time remaining: 18s
Rendered 4237/4735, time remaining: 18s
Rendered 4238/4735, time remaining: 18s
Rendered 4239/4735, time remaining: 18s
Rendered 4240/4735, time remaining: 18s
Rendered 4241/4735, time remaining: 18s
Rendered 4242/4735, time remaining: 18s
Rendered 4243/4735, time remaining: 17s
Rendered 4244/4735, time remaining: 18s
Rendered 4245/4735, time remaining: 18s
Rendered 4246/4735, time remaining: 18s
Rendered 4247/4735, time remaining: 18s
Rendered 4248/4735, time remaining: 18s
Rendered 4249/4735, time remaining: 18s
Rendered 4250/4735, time remaining: 17s
Rendered 4251/4735, time remaining: 17s
Rendered 4252/4735, time remaining: 17s
Rendered 4253/4735, time remaining: 17s
Rendered 4254/4735, time remaining: 17s
Rendered 4255/4735, time remaining: 18s
Rendered 4256/4735, time remaining: 17s
Rendered 4257/4735, time remaining: 17s
Rendered 4258/4735, time remaining: 17s
Rendered 4259/4735, time remaining: 17s
Rendered 4260/4735, time remaining: 17s
Rendered 4261/4735, time remaining: 17s
Rendered 4262/4735, time remaining: 17s
Rendered 4263/4735, time remaining: 17s
Rendered 4264/4735, time remaining: 17s
Rendered 4265/4735, time remaining: 17s
Rendered 4266/4735, time remaining: 17s
Rendered 4267/4735, time remaining: 17s
Rendered 4268/4735, time remaining: 17s
Rendered 4269/4735, time remaining: 17s
Rendered 4270/4735, time remaining: 17s
Rendered 4271/4735, time remaining: 17s
Rendered 4272/4735, time remaining: 17s
Rendered 4273/4735, time remaining: 17s
Rendered 4274/4735, time remaining: 17s
Rendered 4275/4735, time remaining: 17s
Rendered 4276/4735, time remaining: 17s
Rendered 4277/4735, time remaining: 16s
Rendered 4278/4735, time remaining: 16s
Rendered 4279/4735, time remaining: 17s
Rendered 4280/4735, time remaining: 16s
Rendered 4281/4735, time remaining: 16s
Rendered 4282/4735, time remaining: 17s
Rendered 4283/4735, time remaining: 17s
Rendered 4284/4735, time remaining: 17s
Rendered 4285/4735, time remaining: 16s
Rendered 4286/4735, time remaining: 16s
Rendered 4287/4735, time remaining: 16s
Rendered 4288/4735, time remaining: 16s
Rendered 4289/4735, time remaining: 16s
Rendered 4290/4735, time remaining: 16s
Rendered 4291/4735, time remaining: 16s
Rendered 4292/4735, time remaining: 16s
Rendered 4293/4735, time remaining: 16s
Rendered 4294/4735, time remaining: 16s
Rendered 4295/4735, time remaining: 16s
Rendered 4296/4735, time remaining: 16s
Rendered 4297/4735, time remaining: 16s
Rendered 4298/4735, time remaining: 16s
Rendered 4299/4735, time remaining: 16s
Rendered 4300/4735, time remaining: 16s
Rendered 4301/4735, time remaining: 16s
Rendered 4302/4735, time remaining: 15s
Rendered 4303/4735, time remaining: 16s
Rendered 4304/4735, time remaining: 16s
Rendered 4305/4735, time remaining: 16s
Rendered 4306/4735, time remaining: 16s
Rendered 4307/4735, time remaining: 15s
Rendered 4308/4735, time remaining: 16s
Rendered 4309/4735, time remaining: 16s
Rendered 4310/4735, time remaining: 16s
Rendered 4311/4735, time remaining: 16s
Rendered 4312/4735, time remaining: 15s
Rendered 4313/4735, time remaining: 16s
Rendered 4314/4735, time remaining: 15s
Rendered 4315/4735, time remaining: 15s
Rendered 4316/4735, time remaining: 15s
Rendered 4317/4735, time remaining: 15s
Rendered 4318/4735, time remaining: 15s
Rendered 4319/4735, time remaining: 15s
Rendered 4320/4735, time remaining: 15s
Rendered 4321/4735, time remaining: 15s
Rendered 4322/4735, time remaining: 15s
Rendered 4323/4735, time remaining: 15s
Rendered 4324/4735, time remaining: 15s
Rendered 4325/4735, time remaining: 15s
Rendered 4326/4735, time remaining: 15s
Rendered 4327/4735, time remaining: 15s
Rendered 4328/4735, time remaining: 15s
Rendered 4329/4735, time remaining: 15s
Rendered 4330/4735, time remaining: 15s
Rendered 4331/4735, time remaining: 15s
Rendered 4332/4735, time remaining: 15s
Rendered 4333/4735, time remaining: 14s
Rendered 4334/4735, time remaining: 15s
Rendered 4335/4735, time remaining: 15s
Rendered 4336/4735, time remaining: 15s
Rendered 4337/4735, time remaining: 14s
Rendered 4338/4735, time remaining: 14s
Rendered 4339/4735, time remaining: 14s
Rendered 4340/4735, time remaining: 14s
Rendered 4341/4735, time remaining: 14s
Rendered 4342/4735, time remaining: 14s
Rendered 4343/4735, time remaining: 14s
Rendered 4344/4735, time remaining: 14s
Rendered 4345/4735, time remaining: 14s
Rendered 4346/4735, time remaining: 14s
Rendered 4347/4735, time remaining: 14s
Rendered 4348/4735, time remaining: 14s
Rendered 4349/4735, time remaining: 14s
Rendered 4350/4735, time remaining: 14s
Rendered 4351/4735, time remaining: 14s
Rendered 4352/4735, time remaining: 14s
Rendered 4353/4735, time remaining: 14s
Rendered 4354/4735, time remaining: 14s
Rendered 4355/4735, time remaining: 14s
Rendered 4356/4735, time remaining: 14s
Rendered 4357/4735, time remaining: 14s
Rendered 4358/4735, time remaining: 14s
Rendered 4359/4735, time remaining: 14s
Rendered 4360/4735, time remaining: 14s
Rendered 4361/4735, time remaining: 14s
Rendered 4362/4735, time remaining: 14s
Rendered 4363/4735, time remaining: 14s
Rendered 4364/4735, time remaining: 13s
Rendered 4365/4735, time remaining: 13s
Rendered 4366/4735, time remaining: 13s
Rendered 4367/4735, time remaining: 13s
Rendered 4368/4735, time remaining: 14s
Rendered 4369/4735, time remaining: 13s
Rendered 4370/4735, time remaining: 13s
Rendered 4371/4735, time remaining: 13s
Rendered 4372/4735, time remaining: 13s
Rendered 4373/4735, time remaining: 13s
Rendered 4374/4735, time remaining: 13s
Rendered 4375/4735, time remaining: 13s
Rendered 4376/4735, time remaining: 13s
Rendered 4377/4735, time remaining: 13s
Rendered 4378/4735, time remaining: 13s
Rendered 4379/4735, time remaining: 13s
Rendered 4380/4735, time remaining: 13s
Rendered 4381/4735, time remaining: 13s
Rendered 4382/4735, time remaining: 13s
Rendered 4383/4735, time remaining: 13s
Rendered 4384/4735, time remaining: 13s
Rendered 4385/4735, time remaining: 13s
Rendered 4386/4735, time remaining: 13s
Rendered 4387/4735, time remaining: 13s
Rendered 4388/4735, time remaining: 13s
Rendered 4389/4735, time remaining: 12s
Rendered 4390/4735, time remaining: 13s
Rendered 4391/4735, time remaining: 13s
Rendered 4392/4735, time remaining: 13s
Rendered 4393/4735, time remaining: 13s
Rendered 4394/4735, time remaining: 12s
Rendered 4395/4735, time remaining: 12s
Rendered 4396/4735, time remaining: 12s
Rendered 4397/4735, time remaining: 12s
Rendered 4398/4735, time remaining: 12s
Rendered 4399/4735, time remaining: 12s
Rendered 4400/4735, time remaining: 12s
Rendered 4401/4735, time remaining: 12s
Rendered 4402/4735, time remaining: 12s
Rendered 4403/4735, time remaining: 12s
Rendered 4404/4735, time remaining: 12s
Rendered 4405/4735, time remaining: 12s
Rendered 4406/4735, time remaining: 12s
Rendered 4407/4735, time remaining: 12s
Rendered 4408/4735, time remaining: 12s
Rendered 4409/4735, time remaining: 12s
Rendered 4410/4735, time remaining: 12s
Rendered 4411/4735, time remaining: 12s
Rendered 4412/4735, time remaining: 12s
Rendered 4413/4735, time remaining: 12s
Rendered 4414/4735, time remaining: 12s
Rendered 4415/4735, time remaining: 11s
Rendered 4416/4735, time remaining: 11s
Rendered 4417/4735, time remaining: 11s
Rendered 4418/4735, time remaining: 12s
Rendered 4419/4735, time remaining: 12s
Rendered 4420/4735, time remaining: 11s
Rendered 4421/4735, time remaining: 11s
Rendered 4422/4735, time remaining: 11s
Rendered 4423/4735, time remaining: 11s
Rendered 4424/4735, time remaining: 11s
Rendered 4425/4735, time remaining: 11s
Rendered 4426/4735, time remaining: 11s
Rendered 4427/4735, time remaining: 11s
Rendered 4428/4735, time remaining: 11s
Rendered 4429/4735, time remaining: 11s
Rendered 4430/4735, time remaining: 11s
Rendered 4431/4735, time remaining: 11s
Rendered 4432/4735, time remaining: 11s
Rendered 4433/4735, time remaining: 11s
Rendered 4434/4735, time remaining: 11s
Rendered 4435/4735, time remaining: 11s
Rendered 4436/4735, time remaining: 11s
Rendered 4437/4735, time remaining: 11s
Rendered 4438/4735, time remaining: 11s
Rendered 4439/4735, time remaining: 11s
Rendered 4440/4735, time remaining: 11s
Rendered 4441/4735, time remaining: 11s
Rendered 4442/4735, time remaining: 11s
Rendered 4443/4735, time remaining: 11s
Rendered 4444/4735, time remaining: 11s
Rendered 4445/4735, time remaining: 11s
Rendered 4446/4735, time remaining: 11s
Rendered 4447/4735, time remaining: 10s
Rendered 4448/4735, time remaining: 10s
Rendered 4449/4735, time remaining: 10s
Rendered 4450/4735, time remaining: 10s
Rendered 4451/4735, time remaining: 10s
Rendered 4452/4735, time remaining: 10s
Rendered 4453/4735, time remaining: 10s
Rendered 4454/4735, time remaining: 10s
Rendered 4455/4735, time remaining: 10s
Rendered 4456/4735, time remaining: 10s
Rendered 4457/4735, time remaining: 10s
Rendered 4458/4735, time remaining: 10s
Rendered 4459/4735, time remaining: 10s
Rendered 4460/4735, time remaining: 10s
Rendered 4461/4735, time remaining: 10s
Rendered 4462/4735, time remaining: 10s
Rendered 4463/4735, time remaining: 10s
Rendered 4464/4735, time remaining: 10s
Rendered 4465/4735, time remaining: 10s
Rendered 4466/4735, time remaining: 10s
Rendered 4467/4735, time remaining: 10s
Rendered 4468/4735, time remaining: 10s
Rendered 4469/4735, time remaining: 10s
Rendered 4470/4735, time remaining: 10s
Rendered 4471/4735, time remaining: 10s
Rendered 4472/4735, time remaining: 10s
Rendered 4473/4735, time remaining: 10s
Rendered 4474/4735, time remaining: 9s
Rendered 4475/4735, time remaining: 9s
Rendered 4476/4735, time remaining: 9s
Rendered 4477/4735, time remaining: 9s
Rendered 4478/4735, time remaining: 9s
Rendered 4479/4735, time remaining: 9s
Rendered 4480/4735, time remaining: 9s
Rendered 4481/4735, time remaining: 9s
Rendered 4482/4735, time remaining: 9s
Rendered 4483/4735, time remaining: 9s
Rendered 4484/4735, time remaining: 9s
Rendered 4485/4735, time remaining: 9s
Rendered 4486/4735, time remaining: 9s
Rendered 4487/4735, time remaining: 9s
Rendered 4488/4735, time remaining: 9s
Rendered 4489/4735, time remaining: 9s
Rendered 4490/4735, time remaining: 9s
Rendered 4491/4735, time remaining: 9s
Rendered 4492/4735, time remaining: 9s
Rendered 4493/4735, time remaining: 9s
Rendered 4494/4735, time remaining: 9s
Rendered 4495/4735, time remaining: 9s
Rendered 4496/4735, time remaining: 9s
Rendered 4497/4735, time remaining: 9s
Rendered 4498/4735, time remaining: 9s
Rendered 4499/4735, time remaining: 9s
Rendered 4500/4735, time remaining: 9s
Rendered 4501/4735, time remaining: 8s
Rendered 4502/4735, time remaining: 8s
Rendered 4503/4735, time remaining: 8s
Rendered 4504/4735, time remaining: 8s
Rendered 4505/4735, time remaining: 8s
Rendered 4506/4735, time remaining: 8s
Rendered 4507/4735, time remaining: 8s
Rendered 4508/4735, time remaining: 8s
Rendered 4509/4735, time remaining: 8s
Rendered 4510/4735, time remaining: 8s
Rendered 4511/4735, time remaining: 8s
Rendered 4512/4735, time remaining: 8s
Rendered 4513/4735, time remaining: 8s
Rendered 4514/4735, time remaining: 8s
Rendered 4515/4735, time remaining: 8s
Rendered 4516/4735, time remaining: 8s
Rendered 4517/4735, time remaining: 8s
Rendered 4518/4735, time remaining: 8s
Rendered 4519/4735, time remaining: 8s
Rendered 4520/4735, time remaining: 8s
Rendered 4521/4735, time remaining: 8s
Rendered 4522/4735, time remaining: 8s
Rendered 4523/4735, time remaining: 8s
Rendered 4524/4735, time remaining: 8s
Rendered 4525/4735, time remaining: 8s
Rendered 4526/4735, time remaining: 7s
Rendered 4527/4735, time remaining: 8s
Rendered 4528/4735, time remaining: 8s
Rendered 4529/4735, time remaining: 7s
Rendered 4530/4735, time remaining: 7s
Rendered 4531/4735, time remaining: 7s
Rendered 4532/4735, time remaining: 7s
Rendered 4533/4735, time remaining: 7s
Rendered 4534/4735, time remaining: 7s
Rendered 4535/4735, time remaining: 7s
Rendered 4536/4735, time remaining: 7s
Rendered 4537/4735, time remaining: 7s
Rendered 4538/4735, time remaining: 7s
Rendered 4539/4735, time remaining: 7s
Rendered 4540/4735, time remaining: 7s
Rendered 4541/4735, time remaining: 7s
Rendered 4542/4735, time remaining: 7s
Rendered 4543/4735, time remaining: 7s
Rendered 4544/4735, time remaining: 7s
Rendered 4545/4735, time remaining: 7s
Rendered 4546/4735, time remaining: 7s
Rendered 4547/4735, time remaining: 7s
Rendered 4548/4735, time remaining: 7s
Rendered 4549/4735, time remaining: 7s
Rendered 4550/4735, time remaining: 7s
Rendered 4551/4735, time remaining: 7s
Rendered 4552/4735, time remaining: 7s
Rendered 4553/4735, time remaining: 7s
Rendered 4554/4735, time remaining: 7s
Rendered 4555/4735, time remaining: 6s
Rendered 4556/4735, time remaining: 7s
Rendered 4557/4735, time remaining: 6s
Rendered 4558/4735, time remaining: 6s
Rendered 4559/4735, time remaining: 6s
Rendered 4560/4735, time remaining: 6s
Rendered 4561/4735, time remaining: 6s
Rendered 4562/4735, time remaining: 6s
Rendered 4563/4735, time remaining: 6s
Rendered 4564/4735, time remaining: 6s
Rendered 4565/4735, time remaining: 6s
Rendered 4566/4735, time remaining: 6s
Rendered 4567/4735, time remaining: 6s
Rendered 4568/4735, time remaining: 6s
Rendered 4569/4735, time remaining: 6s
Rendered 4570/4735, time remaining: 6s
Rendered 4571/4735, time remaining: 6s
Rendered 4572/4735, time remaining: 6s
Rendered 4573/4735, time remaining: 6s
Rendered 4574/4735, time remaining: 6s
Rendered 4575/4735, time remaining: 6s
Rendered 4576/4735, time remaining: 6s
Rendered 4577/4735, time remaining: 6s
Rendered 4578/4735, time remaining: 6s
Rendered 4579/4735, time remaining: 5s
Rendered 4580/4735, time remaining: 6s
Rendered 4581/4735, time remaining: 6s
Rendered 4582/4735, time remaining: 5s
Rendered 4583/4735, time remaining: 5s
Rendered 4584/4735, time remaining: 5s
Rendered 4585/4735, time remaining: 5s
Rendered 4586/4735, time remaining: 5s
Rendered 4587/4735, time remaining: 5s
Rendered 4588/4735, time remaining: 5s
Rendered 4589/4735, time remaining: 5s
Rendered 4590/4735, time remaining: 5s
Rendered 4591/4735, time remaining: 5s
Rendered 4592/4735, time remaining: 5s
Rendered 4593/4735, time remaining: 5s
Rendered 4594/4735, time remaining: 5s
Rendered 4595/4735, time remaining: 5s
Rendered 4596/4735, time remaining: 5s
Rendered 4597/4735, time remaining: 5s
Rendered 4598/4735, time remaining: 5s
Rendered 4599/4735, time remaining: 5s
Rendered 4600/4735, time remaining: 5s
Rendered 4601/4735, time remaining: 5s
Rendered 4602/4735, time remaining: 5s
Rendered 4603/4735, time remaining: 5s
Rendered 4604/4735, time remaining: 5s
Rendered 4605/4735, time remaining: 5s
Rendered 4606/4735, time remaining: 5s
Rendered 4607/4735, time remaining: 4s
Rendered 4608/4735, time remaining: 4s
Rendered 4609/4735, time remaining: 4s
Rendered 4610/4735, time remaining: 4s
Rendered 4611/4735, time remaining: 4s
Rendered 4612/4735, time remaining: 4s
Rendered 4613/4735, time remaining: 4s
Rendered 4614/4735, time remaining: 4s
Rendered 4615/4735, time remaining: 4s
Rendered 4616/4735, time remaining: 4s
Rendered 4617/4735, time remaining: 4s
Rendered 4618/4735, time remaining: 4s
Rendered 4619/4735, time remaining: 4s
Rendered 4620/4735, time remaining: 4s
Rendered 4621/4735, time remaining: 4s
Rendered 4622/4735, time remaining: 4s
Rendered 4623/4735, time remaining: 4s
Rendered 4624/4735, time remaining: 4s
Rendered 4625/4735, time remaining: 4s
Rendered 4626/4735, time remaining: 4s
Rendered 4627/4735, time remaining: 4s
Rendered 4628/4735, time remaining: 4s
Rendered 4629/4735, time remaining: 4s
Rendered 4630/4735, time remaining: 4s
Rendered 4631/4735, time remaining: 4s
Rendered 4632/4735, time remaining: 4s
Rendered 4633/4735, time remaining: 3s
Rendered 4634/4735, time remaining: 3s
Rendered 4635/4735, time remaining: 3s
Rendered 4636/4735, time remaining: 3s
Rendered 4637/4735, time remaining: 3s
Rendered 4638/4735, time remaining: 3s
Rendered 4639/4735, time remaining: 3s
Rendered 4640/4735, time remaining: 3s
Rendered 4641/4735, time remaining: 3s
Rendered 4642/4735, time remaining: 3s
Rendered 4643/4735, time remaining: 3s
Rendered 4644/4735, time remaining: 3s
Rendered 4645/4735, time remaining: 3s
Rendered 4646/4735, time remaining: 3s
Rendered 4647/4735, time remaining: 3s
Rendered 4648/4735, time remaining: 3s
Rendered 4649/4735, time remaining: 3s
Rendered 4650/4735, time remaining: 3s
Rendered 4651/4735, time remaining: 3s
Rendered 4652/4735, time remaining: 3s
Rendered 4653/4735, time remaining: 3s
Rendered 4654/4735, time remaining: 3s
Rendered 4655/4735, time remaining: 3s
Rendered 4656/4735, time remaining: 3s
Rendered 4657/4735, time remaining: 3s
Rendered 4658/4735, time remaining: 3s
Rendered 4659/4735, time remaining: 2s
Rendered 4660/4735, time remaining: 2s
Rendered 4661/4735, time remaining: 2s
Rendered 4662/4735, time remaining: 2s
Rendered 4663/4735, time remaining: 2s
Rendered 4664/4735, time remaining: 2s
Rendered 4665/4735, time remaining: 2s
Rendered 4666/4735, time remaining: 2s
Rendered 4667/4735, time remaining: 2s
Rendered 4668/4735, time remaining: 2s
Rendered 4669/4735, time remaining: 2s
Rendered 4670/4735, time remaining: 2s
Rendered 4671/4735, time remaining: 2s
Rendered 4672/4735, time remaining: 2s
Rendered 4673/4735, time remaining: 2s
Rendered 4674/4735, time remaining: 2s
Rendered 4675/4735, time remaining: 2s
Rendered 4676/4735, time remaining: 2s
Rendered 4677/4735, time remaining: 2s
Rendered 4678/4735, time remaining: 2s
Rendered 4679/4735, time remaining: 2s
Rendered 4680/4735, time remaining: 2s
Rendered 4681/4735, time remaining: 2s
Rendered 4682/4735, time remaining: 2s
Rendered 4683/4735, time remaining: 1s
Rendered 4684/4735, time remaining: 1s
Rendered 4685/4735, time remaining: 1s
Rendered 4686/4735, time remaining: 1s
Rendered 4687/4735, time remaining: 1s
Rendered 4688/4735, time remaining: 1s
Rendered 4689/4735, time remaining: 1s
Rendered 4690/4735, time remaining: 1s
Rendered 4691/4735, time remaining: 1s
Rendered 4692/4735, time remaining: 1s
Rendered 4693/4735, time remaining: 1s
Rendered 4694/4735, time remaining: 1s
Rendered 4695/4735, time remaining: 1s
Rendered 4696/4735, time remaining: 1s
Rendered 4697/4735, time remaining: 1s
Rendered 4698/4735, time remaining: 1s
Rendered 4699/4735, time remaining: 1s
Rendered 4700/4735, time remaining: 1s
Rendered 4701/4735, time remaining: 1s
Rendered 4702/4735, time remaining: 1s
Rendered 4703/4735, time remaining: 1s
Rendered 4704/4735, time remaining: 1s
Rendered 4705/4735, time remaining: 1s
Rendered 4706/4735, time remaining: 1s
Rendered 4707/4735, time remaining: 1s
Rendered 4708/4735, time remaining: 1s
Rendered 4709/4735, time remaining: 0s
Rendered 4710/4735, time remaining: 0s
Rendered 4711/4735, time remaining: 0s
Rendered 4712/4735, time remaining: 0s
Rendered 4713/4735, time remaining: 0s
Rendered 4714/4735, time remaining: 0s
Rendered 4715/4735, time remaining: 0s
Rendered 4716/4735, time remaining: 0s
Rendered 4717/4735, time remaining: 0s
Rendered 4718/4735, time remaining: 0s
Rendered 4719/4735, time remaining: 0s
Rendered 4720/4735, time remaining: 0s
Rendered 4721/4735, time remaining: 0s
Rendered 4722/4735, time remaining: 0s
Rendered 4723/4735, time remaining: 0s
Rendered 4724/4735, time remaining: 0s
Rendered 4725/4735, time remaining: 0s
Rendered 4726/4735, time remaining: 0s
Rendered 4727/4735, time remaining: 0s
Rendered 4728/4735, time remaining: 0s
Rendered 4729/4735, time remaining: 0s
Rendered 4730/4735, time remaining: 0s
Rendered 4731/4735, time remaining: 0s
Rendered 4732/4735, time remaining: 0s
Rendered 4733/4735, time remaining: 0s
Rendered 4734/4735, time remaining: 0s
Rendered 4735/4735
Encoded 29/4735
Encoded 94/4735
Encoded 167/4735
Encoded 231/4735
Encoded 312/4735
Encoded 396/4735
Encoded 465/4735
Encoded 537/4735
Encoded 618/4735
Encoded 697/4735
Encoded 784/4735
Encoded 863/4735
Encoded 934/4735
Encoded 1035/4735
Encoded 1120/4735
Encoded 1197/4735
Encoded 1278/4735
Encoded 1355/4735
Encoded 1434/4735
Encoded 1521/4735
Encoded 1593/4735
Encoded 1672/4735
Encoded 1749/4735
Encoded 1838/4735
Encoded 1908/4735
Encoded 1985/4735
Encoded 2048/4735
Encoded 2128/4735
Encoded 2205/4735
Encoded 2269/4735
Encoded 2352/4735
Encoded 2440/4735
Encoded 2506/4735
Encoded 2592/4735
Encoded 2661/4735
Encoded 2748/4735
Encoded 2832/4735
Encoded 2911/4735
Encoded 2965/4735
Encoded 3041/4735
Encoded 3119/4735
Encoded 3194/4735
Encoded 3267/4735
Encoded 3339/4735
Encoded 3415/4735
Encoded 3501/4735
Encoded 3586/4735
Encoded 3661/4735
Encoded 3751/4735
Encoded 3839/4735
Encoded 3900/4735
Encoded 3977/4735
Encoded 4043/4735
Encoded 4124/4735
Encoded 4206/4735
Encoded 4283/4735
Encoded 4352/4735
Encoded 4459/4735
Encoded 4561/4735
Encoded 4643/4735
Encoded 4735/4735
+                    ../projects/import-china-india-te/renders/ch04.mp4 21.1 MB
Bundling 6%
Bundling 16%
Bundling 63%
Bundling 69%
Bundling 74%
Bundling 80%
Bundling 85%
Bundling 90%
Bundling 95%
Bundling 100%
Getting composition
Composition          Explainer
Codec                h264
Output               ../projects/import-china-india-te/renders/ch05.mp4
Concurrency          8x
Rendered 0/3567
Rendered 1/3567, time remaining: 1h 6m 30s
Rendered 2/3567, time remaining: 33m 18s
Rendered 3/3567, time remaining: 22m 12s
Rendered 4/3567, time remaining: 16m 39s
Rendered 5/3567, time remaining: 13m 21s
Rendered 6/3567, time remaining: 11m 13s
Rendered 7/3567, time remaining: 10m 32s
Rendered 8/3567, time remaining: 9m 16s
Rendered 9/3567, time remaining: 9m 37s
Rendered 10/3567, time remaining: 8m 40s
Rendered 11/3567, time remaining: 7m 52s
Rendered 12/3567, time remaining: 7m 13s
Rendered 13/3567, time remaining: 6m 42s
Rendered 14/3567, time remaining: 6m 17s
Rendered 15/3567, time remaining: 6m 16s
Rendered 16/3567, time remaining: 5m 53s
Rendered 17/3567, time remaining: 6m 9s
Rendered 18/3567, time remaining: 5m 49s
Rendered 19/3567, time remaining: 5m 31s
Rendered 20/3567, time remaining: 5m 17s
Rendered 21/3567, time remaining: 5m 3s
Rendered 22/3567, time remaining: 4m 52s
Rendered 23/3567, time remaining: 4m 53s
Rendered 24/3567, time remaining: 4m 41s
Rendered 25/3567, time remaining: 4m 54s
Rendered 26/3567, time remaining: 4m 45s
Rendered 27/3567, time remaining: 4m 35s
Rendered 28/3567, time remaining: 4m 26s
Rendered 29/3567, time remaining: 4m 19s
Rendered 30/3567, time remaining: 4m 11s
Rendered 31/3567, time remaining: 4m 4s
Rendered 32/3567, time remaining: 3m 58s
Rendered 33/3567, time remaining: 4m 14s
Rendered 34/3567, time remaining: 4m 8s
Rendered 35/3567, time remaining: 4m 2s
Rendered 36/3567, time remaining: 3m 59s
Rendered 37/3567, time remaining: 3m 53s
Rendered 38/3567, time remaining: 3m 48s
Rendered 39/3567, time remaining: 3m 42s
Rendered 40/3567, time remaining: 3m 54s
Rendered 41/3567, time remaining: 3m 48s
Rendered 42/3567, time remaining: 3m 43s
Rendered 43/3567, time remaining: 3m 37s
Rendered 44/3567, time remaining: 3m 39s
Rendered 45/3567, time remaining: 3m 34s
Rendered 46/3567, time remaining: 3m 30s
Rendered 47/3567, time remaining: 3m 34s
Rendered 48/3567, time remaining: 3m 33s
Rendered 49/3567, time remaining: 3m 30s
Rendered 50/3567, time remaining: 3m 26s
Rendered 51/3567, time remaining: 3m 24s
Rendered 52/3567, time remaining: 3m 27s
Rendered 53/3567, time remaining: 3m 23s
Rendered 54/3567, time remaining: 3m 19s
Rendered 55/3567, time remaining: 3m 16s
Rendered 56/3567, time remaining: 3m 24s
Rendered 57/3567, time remaining: 3m 21s
Rendered 58/3567, time remaining: 3m 19s
Rendered 59/3567, time remaining: 3m 15s
Rendered 60/3567, time remaining: 3m 13s
Rendered 61/3567, time remaining: 3m 14s
Rendered 62/3567, time remaining: 3m 11s
Rendered 63/3567, time remaining: 3m 8s
Rendered 64/3567, time remaining: 3m 12s
Rendered 65/3567, time remaining: 3m 14s
Rendered 66/3567, time remaining: 3m 11s
Rendered 67/3567, time remaining: 3m 8s
Rendered 68/3567, time remaining: 3m 9s
Rendered 69/3567, time remaining: 3m 7s
Rendered 70/3567, time remaining: 3m 4s
Rendered 71/3567, time remaining: 3m 5s
Rendered 72/3567, time remaining: 3m 4s
Rendered 73/3567, time remaining: 3m 2s
Rendered 74/3567, time remaining: 3m 1s
Rendered 75/3567, time remaining: 2m 59s
Rendered 76/3567, time remaining: 3m 3s
Rendered 77/3567, time remaining: 3m 1s
Rendered 78/3567, time remaining: 3m 2s
Rendered 79/3567, time remaining: 3m 0s
Rendered 80/3567, time remaining: 2m 57s
Rendered 81/3567, time remaining: 2m 55s
Rendered 82/3567, time remaining: 2m 54s
Rendered 83/3567, time remaining: 2m 56s
Rendered 84/3567, time remaining: 2m 54s
Rendered 85/3567, time remaining: 2m 57s
Rendered 86/3567, time remaining: 2m 55s
Rendered 87/3567, time remaining: 2m 57s
Rendered 88/3567, time remaining: 2m 55s
Rendered 89/3567, time remaining: 2m 53s
Rendered 90/3567, time remaining: 2m 51s
Rendered 91/3567, time remaining: 2m 53s
Rendered 92/3567, time remaining: 2m 51s
Rendered 93/3567, time remaining: 2m 53s
Rendered 94/3567, time remaining: 2m 51s
Rendered 95/3567, time remaining: 2m 51s
Rendered 96/3567, time remaining: 2m 49s
Rendered 97/3567, time remaining: 2m 47s
Rendered 98/3567, time remaining: 2m 48s
Rendered 99/3567, time remaining: 2m 48s
Rendered 100/3567, time remaining: 2m 49s
Rendered 101/3567, time remaining: 2m 49s
Rendered 102/3567, time remaining: 2m 49s
Rendered 103/3567, time remaining: 2m 47s
Rendered 104/3567, time remaining: 2m 46s
Rendered 105/3567, time remaining: 2m 45s
Rendered 106/3567, time remaining: 2m 43s
Rendered 107/3567, time remaining: 2m 42s
Rendered 108/3567, time remaining: 2m 48s
Rendered 109/3567, time remaining: 2m 46s
Rendered 110/3567, time remaining: 2m 45s
Rendered 111/3567, time remaining: 2m 44s
Rendered 112/3567, time remaining: 2m 45s
Rendered 113/3567, time remaining: 2m 44s
Rendered 114/3567, time remaining: 2m 42s
Rendered 115/3567, time remaining: 2m 45s
Rendered 116/3567, time remaining: 2m 44s
Rendered 117/3567, time remaining: 2m 43s
Rendered 118/3567, time remaining: 2m 42s
Rendered 119/3567, time remaining: 2m 42s
Rendered 120/3567, time remaining: 2m 42s
Rendered 121/3567, time remaining: 2m 40s
Rendered 122/3567, time remaining: 2m 42s
Rendered 123/3567, time remaining: 2m 44s
Rendered 124/3567, time remaining: 2m 43s
Rendered 125/3567, time remaining: 2m 41s
Rendered 126/3567, time remaining: 2m 40s
Rendered 127/3567, time remaining: 2m 41s
Rendered 128/3567, time remaining: 2m 40s
Rendered 129/3567, time remaining: 2m 39s
Rendered 130/3567, time remaining: 2m 41s
Rendered 131/3567, time remaining: 2m 39s
Rendered 132/3567, time remaining: 2m 41s
Rendered 133/3567, time remaining: 2m 40s
Rendered 134/3567, time remaining: 2m 39s
Rendered 135/3567, time remaining: 2m 38s
Rendered 136/3567, time remaining: 2m 37s
Rendered 137/3567, time remaining: 2m 36s
Rendered 138/3567, time remaining: 2m 38s
Rendered 139/3567, time remaining: 2m 36s
Rendered 140/3567, time remaining: 2m 39s
Rendered 141/3567, time remaining: 2m 38s
Rendered 142/3567, time remaining: 2m 38s
Rendered 143/3567, time remaining: 2m 37s
Rendered 144/3567, time remaining: 2m 36s
Rendered 145/3567, time remaining: 2m 37s
Rendered 146/3567, time remaining: 2m 36s
Rendered 147/3567, time remaining: 2m 35s
Rendered 148/3567, time remaining: 2m 36s
Rendered 149/3567, time remaining: 2m 38s
Rendered 150/3567, time remaining: 2m 37s
Rendered 151/3567, time remaining: 2m 11s
Rendered 152/3567, time remaining: 2m 11s
Rendered 153/3567, time remaining: 2m 13s
Rendered 154/3567, time remaining: 2m 15s
Rendered 155/3567, time remaining: 2m 15s
Rendered 156/3567, time remaining: 2m 15s
Rendered 157/3567, time remaining: 2m 14s
Rendered 158/3567, time remaining: 2m 15s
Rendered 159/3567, time remaining: 2m 10s
Rendered 160/3567, time remaining: 2m 11s
Rendered 161/3567, time remaining: 2m 12s
Rendered 162/3567, time remaining: 2m 12s
Rendered 163/3567, time remaining: 2m 12s
Rendered 164/3567, time remaining: 2m 14s
Rendered 165/3567, time remaining: 2m 14s
Rendered 166/3567, time remaining: 2m 14s
Rendered 167/3567, time remaining: 2m 12s
Rendered 168/3567, time remaining: 2m 12s
Rendered 169/3567, time remaining: 2m 12s
Rendered 170/3567, time remaining: 2m 12s
Rendered 171/3567, time remaining: 2m 12s
Rendered 172/3567, time remaining: 2m 14s
Rendered 173/3567, time remaining: 2m 14s
Rendered 174/3567, time remaining: 2m 14s
Rendered 175/3567, time remaining: 2m 12s
Rendered 176/3567, time remaining: 2m 12s
Rendered 177/3567, time remaining: 2m 12s
Rendered 178/3567, time remaining: 2m 12s
Rendered 179/3567, time remaining: 2m 14s
Rendered 180/3567, time remaining: 2m 13s
Rendered 181/3567, time remaining: 2m 17s
Rendered 182/3567, time remaining: 2m 18s
Rendered 183/3567, time remaining: 2m 13s
Rendered 184/3567, time remaining: 2m 12s
Rendered 185/3567, time remaining: 2m 12s
Rendered 186/3567, time remaining: 2m 12s
Rendered 187/3567, time remaining: 2m 14s
Rendered 188/3567, time remaining: 2m 13s
Rendered 189/3567, time remaining: 2m 17s
Rendered 190/3567, time remaining: 2m 12s
Rendered 191/3567, time remaining: 2m 14s
Rendered 192/3567, time remaining: 2m 14s
Rendered 193/3567, time remaining: 2m 14s
Rendered 194/3567, time remaining: 2m 13s
Rendered 195/3567, time remaining: 2m 13s
Rendered 196/3567, time remaining: 2m 13s
Rendered 197/3567, time remaining: 2m 15s
Rendered 198/3567, time remaining: 2m 14s
Rendered 199/3567, time remaining: 2m 13s
Rendered 200/3567, time remaining: 2m 16s
Rendered 201/3567, time remaining: 2m 15s
Rendered 202/3567, time remaining: 2m 13s
Rendered 203/3567, time remaining: 2m 15s
Rendered 204/3567, time remaining: 2m 15s
Rendered 205/3567, time remaining: 2m 15s
Rendered 206/3567, time remaining: 2m 11s
Rendered 207/3567, time remaining: 2m 11s
Rendered 208/3567, time remaining: 2m 15s
Rendered 209/3567, time remaining: 2m 16s
Rendered 210/3567, time remaining: 2m 15s
Rendered 211/3567, time remaining: 2m 16s
Rendered 212/3567, time remaining: 2m 16s
Rendered 213/3567, time remaining: 2m 16s
Rendered 214/3567, time remaining: 2m 13s
Rendered 215/3567, time remaining: 2m 11s
Rendered 216/3567, time remaining: 2m 14s
Rendered 217/3567, time remaining: 2m 14s
Rendered 218/3567, time remaining: 2m 14s
Rendered 219/3567, time remaining: 2m 15s
Rendered 220/3567, time remaining: 2m 15s
Rendered 221/3567, time remaining: 2m 13s
Rendered 222/3567, time remaining: 2m 12s
Rendered 223/3567, time remaining: 2m 15s
Rendered 224/3567, time remaining: 2m 15s
Rendered 225/3567, time remaining: 2m 16s
Rendered 226/3567, time remaining: 2m 13s
Rendered 227/3567, time remaining: 2m 15s
Rendered 228/3567, time remaining: 2m 14s
Rendered 229/3567, time remaining: 2m 14s
Rendered 230/3567, time remaining: 2m 15s
Rendered 231/3567, time remaining: 2m 16s
Rendered 232/3567, time remaining: 2m 16s
Rendered 233/3567, time remaining: 2m 13s
Rendered 234/3567, time remaining: 2m 14s
Rendered 235/3567, time remaining: 2m 14s
Rendered 236/3567, time remaining: 2m 14s
Rendered 237/3567, time remaining: 2m 13s
Rendered 238/3567, time remaining: 2m 13s
Rendered 239/3567, time remaining: 2m 15s
Rendered 240/3567, time remaining: 2m 15s
Rendered 241/3567, time remaining: 2m 13s
Rendered 242/3567, time remaining: 2m 15s
Rendered 243/3567, time remaining: 2m 15s
Rendered 244/3567, time remaining: 2m 15s
Rendered 245/3567, time remaining: 2m 14s
Rendered 246/3567, time remaining: 2m 14s
Rendered 247/3567, time remaining: 2m 17s
Rendered 248/3567, time remaining: 2m 16s
Rendered 249/3567, time remaining: 2m 15s
Rendered 250/3567, time remaining: 2m 13s
Rendered 251/3567, time remaining: 2m 12s
Rendered 252/3567, time remaining: 2m 12s
Rendered 253/3567, time remaining: 2m 12s
Rendered 254/3567, time remaining: 2m 16s
Rendered 255/3567, time remaining: 2m 17s
Rendered 256/3567, time remaining: 2m 17s
Rendered 257/3567, time remaining: 2m 16s
Rendered 258/3567, time remaining: 2m 11s
Rendered 259/3567, time remaining: 2m 12s
Rendered 260/3567, time remaining: 2m 15s
Rendered 261/3567, time remaining: 2m 15s
Rendered 262/3567, time remaining: 2m 13s
Rendered 263/3567, time remaining: 2m 14s
Rendered 264/3567, time remaining: 2m 14s
Rendered 265/3567, time remaining: 2m 11s
Rendered 266/3567, time remaining: 2m 13s
Rendered 267/3567, time remaining: 2m 15s
Rendered 268/3567, time remaining: 2m 15s
Rendered 269/3567, time remaining: 2m 14s
Rendered 270/3567, time remaining: 2m 15s
Rendered 271/3567, time remaining: 2m 15s
Rendered 272/3567, time remaining: 2m 12s
Rendered 273/3567, time remaining: 2m 10s
Rendered 274/3567, time remaining: 2m 12s
Rendered 275/3567, time remaining: 2m 15s
Rendered 276/3567, time remaining: 2m 14s
Rendered 277/3567, time remaining: 2m 12s
Rendered 278/3567, time remaining: 2m 14s
Rendered 279/3567, time remaining: 2m 14s
Rendered 280/3567, time remaining: 2m 11s
Rendered 281/3567, time remaining: 2m 13s
Rendered 282/3567, time remaining: 2m 10s
Rendered 283/3567, time remaining: 2m 11s
Rendered 284/3567, time remaining: 2m 10s
Rendered 285/3567, time remaining: 2m 13s
Rendered 286/3567, time remaining: 2m 14s
Rendered 287/3567, time remaining: 2m 14s
Rendered 288/3567, time remaining: 2m 12s
Rendered 289/3567, time remaining: 2m 12s
Rendered 290/3567, time remaining: 2m 9s
Rendered 291/3567, time remaining: 2m 12s
Rendered 292/3567, time remaining: 2m 10s
Rendered 293/3567, time remaining: 2m 10s
Rendered 294/3567, time remaining: 2m 13s
Rendered 295/3567, time remaining: 2m 12s
Rendered 296/3567, time remaining: 2m 11s
Rendered 297/3567, time remaining: 2m 13s
Rendered 298/3567, time remaining: 2m 11s
Rendered 299/3567, time remaining: 2m 8s
Rendered 300/3567, time remaining: 2m 8s
Rendered 301/3567, time remaining: 2m 8s
Rendered 302/3567, time remaining: 2m 13s
Rendered 303/3567, time remaining: 2m 11s
Rendered 304/3567, time remaining: 2m 9s
Rendered 305/3567, time remaining: 2m 10s
Rendered 306/3567, time remaining: 2m 10s
Rendered 307/3567, time remaining: 2m 10s
Rendered 308/3567, time remaining: 2m 9s
Rendered 309/3567, time remaining: 2m 8s
Rendered 310/3567, time remaining: 2m 11s
Rendered 311/3567, time remaining: 2m 11s
Rendered 312/3567, time remaining: 2m 11s
Rendered 313/3567, time remaining: 2m 10s
Rendered 314/3567, time remaining: 2m 8s
Rendered 315/3567, time remaining: 2m 9s
Rendered 316/3567, time remaining: 2m 9s
Rendered 317/3567, time remaining: 2m 7s
Rendered 318/3567, time remaining: 2m 10s
Rendered 319/3567, time remaining: 2m 10s
Rendered 320/3567, time remaining: 2m 10s
Rendered 321/3567, time remaining: 2m 10s
Rendered 322/3567, time remaining: 2m 8s
Rendered 323/3567, time remaining: 2m 6s
Rendered 324/3567, time remaining: 2m 6s
Rendered 325/3567, time remaining: 2m 6s
Rendered 326/3567, time remaining: 2m 9s
Rendered 327/3567, time remaining: 2m 8s
Rendered 328/3567, time remaining: 2m 8s
Rendered 329/3567, time remaining: 2m 7s
Rendered 330/3567, time remaining: 2m 9s
Rendered 331/3567, time remaining: 2m 5s
Rendered 332/3567, time remaining: 2m 4s
Rendered 333/3567, time remaining: 2m 4s
Rendered 334/3567, time remaining: 2m 5s
Rendered 335/3567, time remaining: 2m 6s
Rendered 336/3567, time remaining: 2m 6s
Rendered 337/3567, time remaining: 2m 6s
Rendered 338/3567, time remaining: 2m 7s
Rendered 339/3567, time remaining: 2m 4s
Rendered 340/3567, time remaining: 2m 5s
Rendered 341/3567, time remaining: 2m 3s
Rendered 342/3567, time remaining: 2m 3s
Rendered 343/3567, time remaining: 2m 3s
Rendered 344/3567, time remaining: 2m 7s
Rendered 345/3567, time remaining: 2m 7s
Rendered 346/3567, time remaining: 2m 7s
Rendered 347/3567, time remaining: 2m 3s
Rendered 348/3567, time remaining: 2m 5s
Rendered 349/3567, time remaining: 2m 5s
Rendered 350/3567, time remaining: 2m 2s
Rendered 351/3567, time remaining: 2m 2s
Rendered 352/3567, time remaining: 2m 6s
Rendered 353/3567, time remaining: 2m 4s
Rendered 354/3567, time remaining: 2m 4s
Rendered 355/3567, time remaining: 2m 4s
Rendered 356/3567, time remaining: 2m 5s
Rendered 357/3567, time remaining: 2m 5s
Rendered 358/3567, time remaining: 2m 1s
Rendered 359/3567, time remaining: 2m 0s
Rendered 360/3567, time remaining: 2m 3s
Rendered 361/3567, time remaining: 2m 3s
Rendered 362/3567, time remaining: 2m 3s
Rendered 363/3567, time remaining: 2m 3s
Rendered 364/3567, time remaining: 2m 4s
Rendered 365/3567, time remaining: 2m 4s
Rendered 366/3567, time remaining: 2m 2s
Rendered 367/3567, time remaining: 2m 2s
Rendered 368/3567, time remaining: 2m 2s
Rendered 369/3567, time remaining: 2m 1s
Rendered 370/3567, time remaining: 2m 2s
Rendered 371/3567, time remaining: 2m 2s
Rendered 372/3567, time remaining: 2m 2s
Rendered 373/3567, time remaining: 2m 0s
Rendered 374/3567, time remaining: 2m 1s
Rendered 375/3567, time remaining: 2m 0s
Rendered 376/3567, time remaining: 2m 2s
Rendered 377/3567, time remaining: 2m 0s
Rendered 378/3567, time remaining: 1m 59s
Rendered 379/3567, time remaining: 2m 1s
Rendered 380/3567, time remaining: 2m 0s
Rendered 381/3567, time remaining: 2m 0s
Rendered 382/3567, time remaining: 2m 2s
Rendered 383/3567, time remaining: 2m 2s
Rendered 384/3567, time remaining: 2m 3s
Rendered 385/3567, time remaining: 1m 59s
Rendered 386/3567, time remaining: 1m 59s
Rendered 387/3567, time remaining: 2m 1s
Rendered 388/3567, time remaining: 2m 1s
Rendered 389/3567, time remaining: 2m 0s
Rendered 390/3567, time remaining: 2m 1s
Rendered 391/3567, time remaining: 2m 1s
Rendered 392/3567, time remaining: 1m 58s
Rendered 393/3567, time remaining: 1m 57s
Rendered 394/3567, time remaining: 1m 57s
Rendered 395/3567, time remaining: 1m 59s
Rendered 396/3567, time remaining: 2m 1s
Rendered 397/3567, time remaining: 1m 58s
Rendered 398/3567, time remaining: 1m 58s
Rendered 399/3567, time remaining: 1m 59s
Rendered 400/3567, time remaining: 1m 59s
Rendered 401/3567, time remaining: 1m 59s
Rendered 402/3567, time remaining: 1m 58s
Rendered 403/3567, time remaining: 2m 0s
Rendered 404/3567, time remaining: 1m 57s
Rendered 405/3567, time remaining: 1m 57s
Rendered 406/3567, time remaining: 1m 57s
Rendered 407/3567, time remaining: 1m 59s
Rendered 408/3567, time remaining: 1m 59s
Rendered 409/3567, time remaining: 1m 58s
Rendered 410/3567, time remaining: 1m 57s
Rendered 411/3567, time remaining: 1m 56s
Rendered 412/3567, time remaining: 1m 57s
Rendered 413/3567, time remaining: 1m 58s
Rendered 414/3567, time remaining: 1m 58s
Rendered 415/3567, time remaining: 1m 59s
Rendered 416/3567, time remaining: 1m 57s
Rendered 417/3567, time remaining: 1m 55s
Rendered 418/3567, time remaining: 1m 55s
Rendered 419/3567, time remaining: 1m 56s
Rendered 420/3567, time remaining: 1m 55s
Rendered 421/3567, time remaining: 1m 55s
Rendered 422/3567, time remaining: 1m 56s
Rendered 423/3567, time remaining: 1m 56s
Rendered 424/3567, time remaining: 1m 53s
Rendered 425/3567, time remaining: 1m 51s
Rendered 426/3567, time remaining: 1m 52s
Rendered 427/3567, time remaining: 1m 52s
Rendered 428/3567, time remaining: 1m 50s
Rendered 429/3567, time remaining: 1m 51s
Rendered 430/3567, time remaining: 1m 51s
Rendered 431/3567, time remaining: 1m 50s
Rendered 432/3567, time remaining: 1m 50s
Rendered 433/3567, time remaining: 1m 49s
Rendered 434/3567, time remaining: 1m 49s
Rendered 435/3567, time remaining: 1m 48s
Rendered 436/3567, time remaining: 1m 46s
Rendered 437/3567, time remaining: 1m 46s
Rendered 438/3567, time remaining: 1m 46s
Rendered 439/3567, time remaining: 1m 46s
Rendered 440/3567, time remaining: 1m 47s
Rendered 441/3567, time remaining: 1m 47s
Rendered 442/3567, time remaining: 1m 47s
Rendered 443/3567, time remaining: 1m 48s
Rendered 444/3567, time remaining: 1m 45s
Rendered 445/3567, time remaining: 1m 45s
Rendered 446/3567, time remaining: 1m 45s
Rendered 447/3567, time remaining: 1m 45s
Rendered 448/3567, time remaining: 1m 46s
Rendered 449/3567, time remaining: 1m 46s
Rendered 450/3567, time remaining: 1m 46s
Rendered 451/3567, time remaining: 1m 48s
Rendered 452/3567, time remaining: 1m 44s
Rendered 453/3567, time remaining: 1m 44s
Rendered 454/3567, time remaining: 1m 45s
Rendered 455/3567, time remaining: 1m 47s
Rendered 456/3567, time remaining: 1m 47s
Rendered 457/3567, time remaining: 1m 46s
Rendered 458/3567, time remaining: 1m 46s
Rendered 459/3567, time remaining: 1m 46s
Rendered 460/3567, time remaining: 1m 43s
Rendered 461/3567, time remaining: 1m 43s
Rendered 462/3567, time remaining: 1m 44s
Rendered 463/3567, time remaining: 1m 47s
Rendered 464/3567, time remaining: 1m 47s
Rendered 465/3567, time remaining: 1m 45s
Rendered 466/3567, time remaining: 1m 45s
Rendered 467/3567, time remaining: 1m 45s
Rendered 468/3567, time remaining: 1m 43s
Rendered 469/3567, time remaining: 1m 43s
Rendered 470/3567, time remaining: 1m 45s
Rendered 471/3567, time remaining: 1m 46s
Rendered 472/3567, time remaining: 1m 45s
Rendered 473/3567, time remaining: 1m 46s
Rendered 474/3567, time remaining: 1m 46s
Rendered 475/3567, time remaining: 1m 46s
Rendered 476/3567, time remaining: 1m 43s
Rendered 477/3567, time remaining: 1m 43s
Rendered 478/3567, time remaining: 1m 46s
Rendered 479/3567, time remaining: 1m 46s
Rendered 480/3567, time remaining: 1m 44s
Rendered 481/3567, time remaining: 1m 44s
Rendered 482/3567, time remaining: 1m 44s
Rendered 483/3567, time remaining: 1m 46s
Rendered 484/3567, time remaining: 1m 45s
Rendered 485/3567, time remaining: 1m 44s
Rendered 486/3567, time remaining: 1m 46s
Rendered 487/3567, time remaining: 1m 46s
Rendered 488/3567, time remaining: 1m 45s
Rendered 489/3567, time remaining: 1m 45s
Rendered 490/3567, time remaining: 1m 44s
Rendered 491/3567, time remaining: 1m 44s
Rendered 492/3567, time remaining: 1m 44s
Rendered 493/3567, time remaining: 1m 46s
Rendered 494/3567, time remaining: 1m 42s
Rendered 495/3567, time remaining: 1m 45s
Rendered 496/3567, time remaining: 1m 45s
Rendered 497/3567, time remaining: 1m 45s
Rendered 498/3567, time remaining: 1m 44s
Rendered 499/3567, time remaining: 1m 44s
Rendered 500/3567, time remaining: 1m 44s
Rendered 501/3567, time remaining: 1m 44s
Rendered 502/3567, time remaining: 1m 40s
Rendered 503/3567, time remaining: 1m 45s
Rendered 504/3567, time remaining: 1m 45s
Rendered 505/3567, time remaining: 1m 45s
Rendered 506/3567, time remaining: 1m 44s
Rendered 507/3567, time remaining: 1m 44s
Rendered 508/3567, time remaining: 1m 44s
Rendered 509/3567, time remaining: 1m 44s
Rendered 510/3567, time remaining: 1m 44s
Rendered 511/3567, time remaining: 1m 44s
Rendered 512/3567, time remaining: 1m 44s
Rendered 513/3567, time remaining: 1m 45s
Rendered 514/3567, time remaining: 1m 44s
Rendered 515/3567, time remaining: 1m 43s
Rendered 516/3567, time remaining: 1m 43s
Rendered 517/3567, time remaining: 1m 45s
Rendered 518/3567, time remaining: 1m 44s
Rendered 519/3567, time remaining: 1m 44s
Rendered 520/3567, time remaining: 1m 45s
Rendered 521/3567, time remaining: 1m 45s
Rendered 522/3567, time remaining: 1m 45s
Rendered 523/3567, time remaining: 1m 45s
Rendered 524/3567, time remaining: 1m 43s
Rendered 525/3567, time remaining: 1m 44s
Rendered 526/3567, time remaining: 1m 42s
Rendered 527/3567, time remaining: 1m 45s
Rendered 528/3567, time remaining: 1m 45s
Rendered 529/3567, time remaining: 1m 44s
Rendered 530/3567, time remaining: 1m 45s
Rendered 531/3567, time remaining: 1m 45s
Rendered 532/3567, time remaining: 1m 43s
Rendered 533/3567, time remaining: 1m 43s
Rendered 534/3567, time remaining: 1m 43s
Rendered 535/3567, time remaining: 1m 45s
Rendered 536/3567, time remaining: 1m 45s
Rendered 537/3567, time remaining: 1m 44s
Rendered 538/3567, time remaining: 1m 44s
Rendered 539/3567, time remaining: 1m 42s
Rendered 540/3567, time remaining: 1m 42s
Rendered 541/3567, time remaining: 1m 44s
Rendered 542/3567, time remaining: 1m 44s
Rendered 543/3567, time remaining: 1m 46s
Rendered 544/3567, time remaining: 1m 46s
Rendered 545/3567, time remaining: 1m 45s
Rendered 546/3567, time remaining: 1m 43s
Rendered 547/3567, time remaining: 1m 44s
Rendered 548/3567, time remaining: 1m 44s
Rendered 549/3567, time remaining: 1m 42s
Rendered 550/3567, time remaining: 1m 45s
Rendered 551/3567, time remaining: 1m 45s
Rendered 552/3567, time remaining: 1m 45s
Rendered 553/3567, time remaining: 1m 44s
Rendered 554/3567, time remaining: 1m 43s
Rendered 555/3567, time remaining: 1m 42s
Rendered 556/3567, time remaining: 1m 44s
Rendered 557/3567, time remaining: 1m 42s
Rendered 558/3567, time remaining: 1m 44s
Rendered 559/3567, time remaining: 1m 45s
Rendered 560/3567, time remaining: 1m 43s
Rendered 561/3567, time remaining: 1m 43s
Rendered 562/3567, time remaining: 1m 43s
Rendered 563/3567, time remaining: 1m 44s
Rendered 564/3567, time remaining: 1m 44s
Rendered 565/3567, time remaining: 1m 44s
Rendered 566/3567, time remaining: 1m 43s
Rendered 567/3567, time remaining: 1m 43s
Rendered 568/3567, time remaining: 1m 43s
Rendered 569/3567, time remaining: 1m 43s
Rendered 570/3567, time remaining: 1m 45s
Rendered 571/3567, time remaining: 1m 45s
Rendered 572/3567, time remaining: 1m 45s
Rendered 573/3567, time remaining: 1m 45s
Rendered 574/3567, time remaining: 1m 45s
Rendered 575/3567, time remaining: 1m 45s
Rendered 576/3567, time remaining: 1m 45s
Rendered 577/3567, time remaining: 1m 47s
Rendered 578/3567, time remaining: 1m 48s
Rendered 579/3567, time remaining: 1m 48s
Rendered 580/3567, time remaining: 1m 50s
Rendered 581/3567, time remaining: 1m 50s
Rendered 582/3567, time remaining: 1m 49s
Rendered 583/3567, time remaining: 1m 49s
Rendered 584/3567, time remaining: 1m 51s
Rendered 585/3567, time remaining: 1m 50s
Rendered 586/3567, time remaining: 1m 50s
Rendered 587/3567, time remaining: 1m 50s
Rendered 588/3567, time remaining: 1m 54s
Rendered 589/3567, time remaining: 1m 53s
Rendered 590/3567, time remaining: 1m 52s
Rendered 591/3567, time remaining: 1m 51s
Rendered 592/3567, time remaining: 1m 51s
Rendered 593/3567, time remaining: 1m 50s
Rendered 594/3567, time remaining: 1m 50s
Rendered 595/3567, time remaining: 1m 50s
Rendered 596/3567, time remaining: 1m 53s
Rendered 597/3567, time remaining: 1m 51s
Rendered 598/3567, time remaining: 1m 50s
Rendered 599/3567, time remaining: 1m 51s
Rendered 600/3567, time remaining: 1m 51s
Rendered 601/3567, time remaining: 1m 49s
Rendered 602/3567, time remaining: 1m 49s
Rendered 603/3567, time remaining: 1m 51s
Rendered 604/3567, time remaining: 1m 52s
Rendered 605/3567, time remaining: 1m 51s
Rendered 606/3567, time remaining: 1m 51s
Rendered 607/3567, time remaining: 1m 50s
Rendered 608/3567, time remaining: 1m 50s
Rendered 609/3567, time remaining: 1m 50s
Rendered 610/3567, time remaining: 1m 50s
Rendered 611/3567, time remaining: 1m 52s
Rendered 612/3567, time remaining: 1m 52s
Rendered 613/3567, time remaining: 1m 50s
Rendered 614/3567, time remaining: 1m 50s
Rendered 615/3567, time remaining: 1m 50s
Rendered 616/3567, time remaining: 1m 51s
Rendered 617/3567, time remaining: 1m 50s
Rendered 618/3567, time remaining: 1m 51s
Rendered 619/3567, time remaining: 1m 51s
Rendered 620/3567, time remaining: 1m 49s
Rendered 621/3567, time remaining: 1m 49s
Rendered 622/3567, time remaining: 1m 49s
Rendered 623/3567, time remaining: 1m 51s
Rendered 624/3567, time remaining: 1m 51s
Rendered 625/3567, time remaining: 1m 49s
Rendered 626/3567, time remaining: 1m 49s
Rendered 627/3567, time remaining: 1m 49s
Rendered 628/3567, time remaining: 1m 48s
Rendered 629/3567, time remaining: 1m 48s
Rendered 630/3567, time remaining: 1m 49s
Rendered 631/3567, time remaining: 1m 50s
Rendered 632/3567, time remaining: 1m 51s
Rendered 633/3567, time remaining: 1m 49s
Rendered 634/3567, time remaining: 1m 49s
Rendered 635/3567, time remaining: 1m 49s
Rendered 636/3567, time remaining: 1m 47s
Rendered 637/3567, time remaining: 1m 46s
Rendered 638/3567, time remaining: 1m 49s
Rendered 639/3567, time remaining: 1m 49s
Rendered 640/3567, time remaining: 1m 50s
Rendered 641/3567, time remaining: 1m 50s
Rendered 642/3567, time remaining: 1m 50s
Rendered 643/3567, time remaining: 1m 49s
Rendered 644/3567, time remaining: 1m 50s
Rendered 645/3567, time remaining: 1m 46s
Rendered 646/3567, time remaining: 1m 46s
Rendered 647/3567, time remaining: 1m 49s
Rendered 648/3567, time remaining: 1m 48s
Rendered 649/3567, time remaining: 1m 49s
Rendered 650/3567, time remaining: 1m 49s
Rendered 651/3567, time remaining: 1m 49s
Rendered 652/3567, time remaining: 1m 49s
Rendered 653/3567, time remaining: 1m 46s
Rendered 654/3567, time remaining: 1m 48s
Rendered 655/3567, time remaining: 1m 47s
Rendered 656/3567, time remaining: 1m 47s
Rendered 657/3567, time remaining: 1m 46s
Rendered 658/3567, time remaining: 1m 48s
Rendered 659/3567, time remaining: 1m 48s
Rendered 660/3567, time remaining: 1m 46s
Rendered 661/3567, time remaining: 1m 46s
Rendered 662/3567, time remaining: 1m 46s
Rendered 663/3567, time remaining: 1m 45s
Rendered 664/3567, time remaining: 1m 45s
Rendered 665/3567, time remaining: 1m 47s
Rendered 666/3567, time remaining: 1m 48s
Rendered 667/3567, time remaining: 1m 46s
Rendered 668/3567, time remaining: 1m 46s
Rendered 669/3567, time remaining: 1m 45s
Rendered 670/3567, time remaining: 1m 44s
Rendered 671/3567, time remaining: 1m 44s
Rendered 672/3567, time remaining: 1m 44s
Rendered 673/3567, time remaining: 1m 48s
Rendered 674/3567, time remaining: 1m 48s
Rendered 675/3567, time remaining: 1m 46s
Rendered 676/3567, time remaining: 1m 46s
Rendered 677/3567, time remaining: 1m 45s
Rendered 678/3567, time remaining: 1m 44s
Rendered 679/3567, time remaining: 1m 44s
Rendered 680/3567, time remaining: 1m 45s
Rendered 681/3567, time remaining: 1m 45s
Rendered 682/3567, time remaining: 1m 47s
Rendered 683/3567, time remaining: 1m 47s
Rendered 684/3567, time remaining: 1m 45s
Rendered 685/3567, time remaining: 1m 45s
Rendered 686/3567, time remaining: 1m 45s
Rendered 687/3567, time remaining: 1m 44s
Rendered 688/3567, time remaining: 1m 44s
Rendered 689/3567, time remaining: 1m 46s
Rendered 690/3567, time remaining: 1m 46s
Rendered 691/3567, time remaining: 1m 45s
Rendered 692/3567, time remaining: 1m 45s
Rendered 693/3567, time remaining: 1m 45s
Rendered 694/3567, time remaining: 1m 45s
Rendered 695/3567, time remaining: 1m 44s
Rendered 696/3567, time remaining: 1m 44s
Rendered 697/3567, time remaining: 1m 45s
Rendered 698/3567, time remaining: 1m 45s
Rendered 699/3567, time remaining: 1m 45s
Rendered 700/3567, time remaining: 1m 43s
Rendered 701/3567, time remaining: 1m 43s
Rendered 702/3567, time remaining: 1m 44s
Rendered 703/3567, time remaining: 1m 44s
Rendered 704/3567, time remaining: 1m 44s
Rendered 705/3567, time remaining: 1m 45s
Rendered 706/3567, time remaining: 1m 44s
Rendered 707/3567, time remaining: 1m 46s
Rendered 708/3567, time remaining: 1m 45s
Rendered 709/3567, time remaining: 1m 44s
Rendered 710/3567, time remaining: 1m 44s
Rendered 711/3567, time remaining: 1m 44s
Rendered 712/3567, time remaining: 1m 45s
Rendered 713/3567, time remaining: 1m 42s
Rendered 714/3567, time remaining: 1m 42s
Rendered 715/3567, time remaining: 1m 42s
Rendered 716/3567, time remaining: 1m 44s
Rendered 717/3567, time remaining: 1m 45s
Rendered 718/3567, time remaining: 1m 45s
Rendered 719/3567, time remaining: 1m 44s
Rendered 720/3567, time remaining: 1m 42s
Rendered 721/3567, time remaining: 1m 42s
Rendered 722/3567, time remaining: 1m 42s
Rendered 723/3567, time remaining: 1m 42s
Rendered 724/3567, time remaining: 1m 43s
Rendered 725/3567, time remaining: 1m 45s
Rendered 726/3567, time remaining: 1m 46s
Rendered 727/3567, time remaining: 1m 44s
Rendered 728/3567, time remaining: 1m 42s
Rendered 729/3567, time remaining: 1m 42s
Rendered 730/3567, time remaining: 1m 40s
Rendered 731/3567, time remaining: 1m 42s
Rendered 732/3567, time remaining: 1m 42s
Rendered 733/3567, time remaining: 1m 44s
Rendered 734/3567, time remaining: 1m 42s
Rendered 735/3567, time remaining: 1m 44s
Rendered 736/3567, time remaining: 1m 44s
Rendered 737/3567, time remaining: 1m 44s
Rendered 738/3567, time remaining: 1m 40s
Rendered 739/3567, time remaining: 1m 42s
Rendered 740/3567, time remaining: 1m 42s
Rendered 741/3567, time remaining: 1m 41s
Rendered 742/3567, time remaining: 1m 43s
Rendered 743/3567, time remaining: 1m 44s
Rendered 744/3567, time remaining: 1m 44s
Rendered 745/3567, time remaining: 1m 44s
Rendered 746/3567, time remaining: 1m 41s
Rendered 747/3567, time remaining: 1m 43s
Rendered 748/3567, time remaining: 1m 43s
Rendered 749/3567, time remaining: 1m 43s
Rendered 750/3567, time remaining: 1m 44s
Rendered 751/3567, time remaining: 1m 43s
Rendered 752/3567, time remaining: 1m 44s
Rendered 753/3567, time remaining: 1m 42s
Rendered 754/3567, time remaining: 1m 40s
Rendered 755/3567, time remaining: 1m 41s
Rendered 756/3567, time remaining: 1m 40s
Rendered 757/3567, time remaining: 1m 42s
Rendered 758/3567, time remaining: 1m 43s
Rendered 759/3567, time remaining: 1m 43s
Rendered 760/3567, time remaining: 1m 43s
Rendered 761/3567, time remaining: 1m 41s
Rendered 762/3567, time remaining: 1m 41s
Rendered 763/3567, time remaining: 1m 42s
Rendered 764/3567, time remaining: 1m 42s
Rendered 765/3567, time remaining: 1m 42s
Rendered 766/3567, time remaining: 1m 42s
Rendered 767/3567, time remaining: 1m 42s
Rendered 768/3567, time remaining: 1m 41s
Rendered 769/3567, time remaining: 1m 41s
Rendered 770/3567, time remaining: 1m 42s
Rendered 771/3567, time remaining: 1m 41s
Rendered 772/3567, time remaining: 1m 41s
Rendered 773/3567, time remaining: 1m 41s
Rendered 774/3567, time remaining: 1m 42s
Rendered 775/3567, time remaining: 1m 42s
Rendered 776/3567, time remaining: 1m 42s
Rendered 777/3567, time remaining: 1m 42s
Rendered 778/3567, time remaining: 1m 41s
Rendered 779/3567, time remaining: 1m 41s
Rendered 780/3567, time remaining: 1m 40s
Rendered 781/3567, time remaining: 1m 42s
Rendered 782/3567, time remaining: 1m 42s
Rendered 783/3567, time remaining: 1m 41s
Rendered 784/3567, time remaining: 1m 41s
Rendered 785/3567, time remaining: 1m 41s
Rendered 786/3567, time remaining: 1m 41s
Rendered 787/3567, time remaining: 1m 42s
Rendered 788/3567, time remaining: 1m 39s
Rendered 789/3567, time remaining: 1m 43s
Rendered 790/3567, time remaining: 1m 42s
Rendered 791/3567, time remaining: 1m 41s
Rendered 792/3567, time remaining: 1m 41s
Rendered 793/3567, time remaining: 1m 41s
Rendered 794/3567, time remaining: 1m 40s
Rendered 795/3567, time remaining: 1m 41s
Rendered 796/3567, time remaining: 1m 41s
Rendered 797/3567, time remaining: 1m 42s
Rendered 798/3567, time remaining: 1m 42s
Rendered 799/3567, time remaining: 1m 42s
Rendered 800/3567, time remaining: 1m 41s
Rendered 801/3567, time remaining: 1m 42s
Rendered 802/3567, time remaining: 1m 42s
Rendered 803/3567, time remaining: 1m 40s
Rendered 804/3567, time remaining: 1m 39s
Rendered 805/3567, time remaining: 1m 42s
Rendered 806/3567, time remaining: 1m 43s
Rendered 807/3567, time remaining: 1m 43s
Rendered 808/3567, time remaining: 1m 42s
Rendered 809/3567, time remaining: 1m 42s
Rendered 810/3567, time remaining: 1m 42s
Rendered 811/3567, time remaining: 1m 40s
Rendered 812/3567, time remaining: 1m 41s
Rendered 813/3567, time remaining: 1m 43s
Rendered 814/3567, time remaining: 1m 44s
Rendered 815/3567, time remaining: 1m 42s
Rendered 816/3567, time remaining: 1m 41s
Rendered 817/3567, time remaining: 1m 41s
Rendered 818/3567, time remaining: 1m 41s
Rendered 819/3567, time remaining: 1m 41s
Rendered 820/3567, time remaining: 1m 41s
Rendered 821/3567, time remaining: 1m 44s
Rendered 822/3567, time remaining: 1m 44s
Rendered 823/3567, time remaining: 1m 41s
Rendered 824/3567, time remaining: 1m 41s
Rendered 825/3567, time remaining: 1m 41s
Rendered 826/3567, time remaining: 1m 42s
Rendered 827/3567, time remaining: 1m 41s
Rendered 828/3567, time remaining: 1m 41s
Rendered 829/3567, time remaining: 1m 42s
Rendered 830/3567, time remaining: 1m 40s
Rendered 831/3567, time remaining: 1m 42s
Rendered 832/3567, time remaining: 1m 40s
Rendered 833/3567, time remaining: 1m 41s
Rendered 834/3567, time remaining: 1m 41s
Rendered 835/3567, time remaining: 1m 40s
Rendered 836/3567, time remaining: 1m 41s
Rendered 837/3567, time remaining: 1m 41s
Rendered 838/3567, time remaining: 1m 41s
Rendered 839/3567, time remaining: 1m 40s
Rendered 840/3567, time remaining: 1m 40s
Rendered 841/3567, time remaining: 1m 39s
Rendered 842/3567, time remaining: 1m 40s
Rendered 843/3567, time remaining: 1m 39s
Rendered 844/3567, time remaining: 1m 40s
Rendered 845/3567, time remaining: 1m 40s
Rendered 846/3567, time remaining: 1m 42s
Rendered 847/3567, time remaining: 1m 39s
Rendered 848/3567, time remaining: 1m 39s
Rendered 849/3567, time remaining: 1m 39s
Rendered 850/3567, time remaining: 1m 40s
Rendered 851/3567, time remaining: 1m 40s
Rendered 852/3567, time remaining: 1m 40s
Rendered 853/3567, time remaining: 1m 40s
Rendered 854/3567, time remaining: 1m 41s
Rendered 855/3567, time remaining: 1m 40s
Rendered 856/3567, time remaining: 1m 41s
Rendered 857/3567, time remaining: 1m 39s
Rendered 858/3567, time remaining: 1m 38s
Rendered 859/3567, time remaining: 1m 39s
Rendered 860/3567, time remaining: 1m 40s
Rendered 861/3567, time remaining: 1m 40s
Rendered 862/3567, time remaining: 1m 40s
Rendered 863/3567, time remaining: 1m 41s
Rendered 864/3567, time remaining: 1m 41s
Rendered 865/3567, time remaining: 1m 40s
Rendered 866/3567, time remaining: 1m 39s
Rendered 867/3567, time remaining: 1m 38s
Rendered 868/3567, time remaining: 1m 38s
Rendered 869/3567, time remaining: 1m 38s
Rendered 870/3567, time remaining: 1m 39s
Rendered 871/3567, time remaining: 1m 39s
Rendered 872/3567, time remaining: 1m 41s
Rendered 873/3567, time remaining: 1m 41s
Rendered 874/3567, time remaining: 1m 40s
Rendered 875/3567, time remaining: 1m 39s
Rendered 876/3567, time remaining: 1m 38s
Rendered 877/3567, time remaining: 1m 38s
Rendered 878/3567, time remaining: 1m 38s
Rendered 879/3567, time remaining: 1m 40s
Rendered 880/3567, time remaining: 1m 42s
Rendered 881/3567, time remaining: 1m 40s
Rendered 882/3567, time remaining: 1m 41s
Rendered 883/3567, time remaining: 1m 39s
Rendered 884/3567, time remaining: 1m 39s
Rendered 885/3567, time remaining: 1m 38s
Rendered 886/3567, time remaining: 1m 38s
Rendered 887/3567, time remaining: 1m 38s
Rendered 888/3567, time remaining: 1m 38s
Rendered 889/3567, time remaining: 1m 38s
Rendered 890/3567, time remaining: 1m 40s
Rendered 891/3567, time remaining: 1m 40s
Rendered 892/3567, time remaining: 1m 39s
Rendered 893/3567, time remaining: 1m 38s
Rendered 894/3567, time remaining: 1m 38s
Rendered 895/3567, time remaining: 1m 38s
Rendered 896/3567, time remaining: 1m 38s
Rendered 897/3567, time remaining: 1m 36s
Rendered 898/3567, time remaining: 1m 37s
Rendered 899/3567, time remaining: 1m 40s
Rendered 900/3567, time remaining: 1m 39s
Rendered 901/3567, time remaining: 1m 39s
Rendered 902/3567, time remaining: 1m 39s
Rendered 903/3567, time remaining: 1m 39s
Rendered 904/3567, time remaining: 1m 39s
Rendered 905/3567, time remaining: 1m 38s
Rendered 906/3567, time remaining: 1m 38s
Rendered 907/3567, time remaining: 1m 37s
Rendered 908/3567, time remaining: 1m 39s
Rendered 909/3567, time remaining: 1m 38s
Rendered 910/3567, time remaining: 1m 38s
Rendered 911/3567, time remaining: 1m 38s
Rendered 912/3567, time remaining: 1m 37s
Rendered 913/3567, time remaining: 1m 37s
Rendered 914/3567, time remaining: 1m 36s
Rendered 915/3567, time remaining: 1m 36s
Rendered 916/3567, time remaining: 1m 39s
Rendered 917/3567, time remaining: 1m 39s
Rendered 918/3567, time remaining: 1m 39s
Rendered 919/3567, time remaining: 1m 39s
Rendered 920/3567, time remaining: 1m 38s
Rendered 921/3567, time remaining: 1m 38s
Rendered 922/3567, time remaining: 1m 38s
Rendered 923/3567, time remaining: 1m 36s
Rendered 924/3567, time remaining: 1m 40s
Rendered 925/3567, time remaining: 1m 40s
Rendered 926/3567, time remaining: 1m 40s
Rendered 927/3567, time remaining: 1m 40s
Rendered 928/3567, time remaining: 1m 39s
Rendered 929/3567, time remaining: 1m 39s
Rendered 930/3567, time remaining: 1m 39s
Rendered 931/3567, time remaining: 1m 36s
Rendered 932/3567, time remaining: 1m 36s
Rendered 933/3567, time remaining: 1m 39s
Rendered 934/3567, time remaining: 1m 40s
Rendered 935/3567, time remaining: 1m 40s
Rendered 936/3567, time remaining: 1m 40s
Rendered 937/3567, time remaining: 1m 39s
Rendered 938/3567, time remaining: 1m 39s
Rendered 939/3567, time remaining: 1m 36s
Rendered 940/3567, time remaining: 1m 36s
Rendered 941/3567, time remaining: 1m 37s
Rendered 942/3567, time remaining: 1m 38s
Rendered 943/3567, time remaining: 1m 38s
Rendered 944/3567, time remaining: 1m 39s
Rendered 945/3567, time remaining: 1m 39s
Rendered 946/3567, time remaining: 1m 39s
Rendered 947/3567, time remaining: 1m 36s
Rendered 948/3567, time remaining: 1m 36s
Rendered 949/3567, time remaining: 1m 36s
Rendered 950/3567, time remaining: 1m 38s
Rendered 951/3567, time remaining: 1m 37s
Rendered 952/3567, time remaining: 1m 38s
Rendered 953/3567, time remaining: 1m 38s
Rendered 954/3567, time remaining: 1m 38s
Rendered 955/3567, time remaining: 1m 37s
Rendered 956/3567, time remaining: 1m 36s
Rendered 957/3567, time remaining: 1m 36s
Rendered 958/3567, time remaining: 1m 36s
Rendered 959/3567, time remaining: 1m 37s
Rendered 960/3567, time remaining: 1m 37s
Rendered 961/3567, time remaining: 1m 37s
Rendered 962/3567, time remaining: 1m 36s
Rendered 963/3567, time remaining: 1m 36s
Rendered 964/3567, time remaining: 1m 36s
Rendered 965/3567, time remaining: 1m 36s
Rendered 966/3567, time remaining: 1m 36s
Rendered 967/3567, time remaining: 1m 38s
Rendered 968/3567, time remaining: 1m 37s
Rendered 969/3567, time remaining: 1m 37s
Rendered 970/3567, time remaining: 1m 37s
Rendered 971/3567, time remaining: 1m 36s
Rendered 972/3567, time remaining: 1m 35s
Rendered 973/3567, time remaining: 1m 35s
Rendered 974/3567, time remaining: 1m 35s
Rendered 975/3567, time remaining: 1m 37s
Rendered 976/3567, time remaining: 1m 36s
Rendered 977/3567, time remaining: 1m 35s
Rendered 978/3567, time remaining: 1m 37s
Rendered 979/3567, time remaining: 1m 37s
Rendered 980/3567, time remaining: 1m 37s
Rendered 981/3567, time remaining: 1m 36s
Rendered 982/3567, time remaining: 1m 35s
Rendered 983/3567, time remaining: 1m 35s
Rendered 984/3567, time remaining: 1m 35s
Rendered 985/3567, time remaining: 1m 35s
Rendered 986/3567, time remaining: 1m 37s
Rendered 987/3567, time remaining: 1m 37s
Rendered 988/3567, time remaining: 1m 36s
Rendered 989/3567, time remaining: 1m 37s
Rendered 990/3567, time remaining: 1m 36s
Rendered 991/3567, time remaining: 1m 36s
Rendered 992/3567, time remaining: 1m 35s
Rendered 993/3567, time remaining: 1m 35s
Rendered 994/3567, time remaining: 1m 36s
Rendered 995/3567, time remaining: 1m 36s
Rendered 996/3567, time remaining: 1m 35s
Rendered 997/3567, time remaining: 1m 36s
Rendered 998/3567, time remaining: 1m 36s
Rendered 999/3567, time remaining: 1m 35s
Rendered 1000/3567, time remaining: 1m 34s
Rendered 1001/3567, time remaining: 1m 36s
Rendered 1002/3567, time remaining: 1m 37s
Rendered 1003/3567, time remaining: 1m 36s
Rendered 1004/3567, time remaining: 1m 35s
Rendered 1005/3567, time remaining: 1m 36s
Rendered 1006/3567, time remaining: 1m 35s
Rendered 1007/3567, time remaining: 1m 35s
Rendered 1008/3567, time remaining: 1m 36s
Rendered 1009/3567, time remaining: 1m 36s
Rendered 1010/3567, time remaining: 1m 36s
Rendered 1011/3567, time remaining: 1m 36s
Rendered 1012/3567, time remaining: 1m 35s
Rendered 1013/3567, time remaining: 1m 34s
Rendered 1014/3567, time remaining: 1m 36s
Rendered 1015/3567, time remaining: 1m 35s
Rendered 1016/3567, time remaining: 1m 35s
Rendered 1017/3567, time remaining: 1m 35s
Rendered 1018/3567, time remaining: 1m 36s
Rendered 1019/3567, time remaining: 1m 36s
Rendered 1020/3567, time remaining: 1m 36s
Rendered 1021/3567, time remaining: 1m 36s
Rendered 1022/3567, time remaining: 1m 34s
Rendered 1023/3567, time remaining: 1m 34s
Rendered 1024/3567, time remaining: 1m 34s
Rendered 1025/3567, time remaining: 1m 35s
Rendered 1026/3567, time remaining: 1m 35s
Rendered 1027/3567, time remaining: 1m 34s
Rendered 1028/3567, time remaining: 1m 37s
Rendered 1029/3567, time remaining: 1m 35s
Rendered 1030/3567, time remaining: 1m 34s
Rendered 1031/3567, time remaining: 1m 34s
Rendered 1032/3567, time remaining: 1m 33s
Rendered 1033/3567, time remaining: 1m 33s
Rendered 1034/3567, time remaining: 1m 34s
Rendered 1035/3567, time remaining: 1m 34s
Rendered 1036/3567, time remaining: 1m 34s
Rendered 1037/3567, time remaining: 1m 36s
Rendered 1038/3567, time remaining: 1m 36s
Rendered 1039/3567, time remaining: 1m 36s
Rendered 1040/3567, time remaining: 1m 34s
Rendered 1041/3567, time remaining: 1m 34s
Rendered 1042/3567, time remaining: 1m 34s
Rendered 1043/3567, time remaining: 1m 34s
Rendered 1044/3567, time remaining: 1m 33s
Rendered 1045/3567, time remaining: 1m 33s
Rendered 1046/3567, time remaining: 1m 35s
Rendered 1047/3567, time remaining: 1m 36s
Rendered 1048/3567, time remaining: 1m 35s
Rendered 1049/3567, time remaining: 1m 34s
Rendered 1050/3567, time remaining: 1m 33s
Rendered 1051/3567, time remaining: 1m 33s
Rendered 1052/3567, time remaining: 1m 33s
Rendered 1053/3567, time remaining: 1m 34s
Rendered 1054/3567, time remaining: 1m 34s
Rendered 1055/3567, time remaining: 1m 35s
Rendered 1056/3567, time remaining: 1m 35s
Rendered 1057/3567, time remaining: 1m 36s
Rendered 1058/3567, time remaining: 1m 33s
Rendered 1059/3567, time remaining: 1m 33s
Rendered 1060/3567, time remaining: 1m 33s
Rendered 1061/3567, time remaining: 1m 33s
Rendered 1062/3567, time remaining: 1m 34s
Rendered 1063/3567, time remaining: 1m 35s
Rendered 1064/3567, time remaining: 1m 34s
Rendered 1065/3567, time remaining: 1m 35s
Rendered 1066/3567, time remaining: 1m 31s
Rendered 1067/3567, time remaining: 1m 31s
Rendered 1068/3567, time remaining: 1m 31s
Rendered 1069/3567, time remaining: 1m 31s
Rendered 1070/3567, time remaining: 1m 33s
Rendered 1071/3567, time remaining: 1m 34s
Rendered 1072/3567, time remaining: 1m 34s
Rendered 1073/3567, time remaining: 1m 34s
Rendered 1074/3567, time remaining: 1m 31s
Rendered 1075/3567, time remaining: 1m 30s
Rendered 1076/3567, time remaining: 1m 30s
Rendered 1077/3567, time remaining: 1m 30s
Rendered 1078/3567, time remaining: 1m 31s
Rendered 1079/3567, time remaining: 1m 33s
Rendered 1080/3567, time remaining: 1m 33s
Rendered 1081/3567, time remaining: 1m 33s
Rendered 1082/3567, time remaining: 1m 34s
Rendered 1083/3567, time remaining: 1m 30s
Rendered 1084/3567, time remaining: 1m 30s
Rendered 1085/3567, time remaining: 1m 30s
Rendered 1086/3567, time remaining: 1m 31s
Rendered 1087/3567, time remaining: 1m 31s
Rendered 1088/3567, time remaining: 1m 32s
Rendered 1089/3567, time remaining: 1m 32s
Rendered 1090/3567, time remaining: 1m 32s
Rendered 1091/3567, time remaining: 1m 31s
Rendered 1092/3567, time remaining: 1m 31s
Rendered 1093/3567, time remaining: 1m 30s
Rendered 1094/3567, time remaining: 1m 29s
Rendered 1095/3567, time remaining: 1m 31s
Rendered 1096/3567, time remaining: 1m 31s
Rendered 1097/3567, time remaining: 1m 31s
Rendered 1098/3567, time remaining: 1m 31s
Rendered 1099/3567, time remaining: 1m 31s
Rendered 1100/3567, time remaining: 1m 29s
Rendered 1101/3567, time remaining: 1m 30s
Rendered 1102/3567, time remaining: 1m 29s
Rendered 1103/3567, time remaining: 1m 29s
Rendered 1104/3567, time remaining: 1m 29s
Rendered 1105/3567, time remaining: 1m 29s
Rendered 1106/3567, time remaining: 1m 30s
Rendered 1107/3567, time remaining: 1m 30s
Rendered 1108/3567, time remaining: 1m 31s
Rendered 1109/3567, time remaining: 1m 30s
Rendered 1110/3567, time remaining: 1m 30s
Rendered 1111/3567, time remaining: 1m 31s
Rendered 1112/3567, time remaining: 1m 31s
Rendered 1113/3567, time remaining: 1m 30s
Rendered 1114/3567, time remaining: 1m 30s
Rendered 1115/3567, time remaining: 1m 29s
Rendered 1116/3567, time remaining: 1m 29s
Rendered 1117/3567, time remaining: 1m 28s
Rendered 1118/3567, time remaining: 1m 28s
Rendered 1119/3567, time remaining: 1m 28s
Rendered 1120/3567, time remaining: 1m 30s
Rendered 1121/3567, time remaining: 1m 30s
Rendered 1122/3567, time remaining: 1m 29s
Rendered 1123/3567, time remaining: 1m 30s
Rendered 1124/3567, time remaining: 1m 30s
Rendered 1125/3567, time remaining: 1m 28s
Rendered 1126/3567, time remaining: 1m 29s
Rendered 1127/3567, time remaining: 1m 29s
Rendered 1128/3567, time remaining: 1m 29s
Rendered 1129/3567, time remaining: 1m 29s
Rendered 1130/3567, time remaining: 1m 29s
Rendered 1131/3567, time remaining: 1m 28s
Rendered 1132/3567, time remaining: 1m 28s
Rendered 1133/3567, time remaining: 1m 29s
Rendered 1134/3567, time remaining: 1m 28s
Rendered 1135/3567, time remaining: 1m 30s
Rendered 1136/3567, time remaining: 1m 27s
Rendered 1137/3567, time remaining: 1m 28s
Rendered 1138/3567, time remaining: 1m 29s
Rendered 1139/3567, time remaining: 1m 28s
Rendered 1140/3567, time remaining: 1m 29s
Rendered 1141/3567, time remaining: 1m 29s
Rendered 1142/3567, time remaining: 1m 29s
Rendered 1143/3567, time remaining: 1m 29s
Rendered 1144/3567, time remaining: 1m 27s
Rendered 1145/3567, time remaining: 1m 28s
Rendered 1146/3567, time remaining: 1m 28s
Rendered 1147/3567, time remaining: 1m 28s
Rendered 1148/3567, time remaining: 1m 29s
Rendered 1149/3567, time remaining: 1m 29s
Rendered 1150/3567, time remaining: 1m 28s
Rendered 1151/3567, time remaining: 1m 27s
Rendered 1152/3567, time remaining: 1m 26s
Rendered 1153/3567, time remaining: 1m 28s
Rendered 1154/3567, time remaining: 1m 28s
Rendered 1155/3567, time remaining: 1m 28s
Rendered 1156/3567, time remaining: 1m 28s
Rendered 1157/3567, time remaining: 1m 28s
Rendered 1158/3567, time remaining: 1m 27s
Rendered 1159/3567, time remaining: 1m 27s
Rendered 1160/3567, time remaining: 1m 26s
Rendered 1161/3567, time remaining: 1m 28s
Rendered 1162/3567, time remaining: 1m 28s
Rendered 1163/3567, time remaining: 1m 28s
Rendered 1164/3567, time remaining: 1m 28s
Rendered 1165/3567, time remaining: 1m 28s
Rendered 1166/3567, time remaining: 1m 28s
Rendered 1167/3567, time remaining: 1m 28s
Rendered 1168/3567, time remaining: 1m 28s
Rendered 1169/3567, time remaining: 1m 27s
Rendered 1170/3567, time remaining: 1m 26s
Rendered 1171/3567, time remaining: 1m 27s
Rendered 1172/3567, time remaining: 1m 27s
Rendered 1173/3567, time remaining: 1m 27s
Rendered 1174/3567, time remaining: 1m 27s
Rendered 1175/3567, time remaining: 1m 26s
Rendered 1176/3567, time remaining: 1m 28s
Rendered 1177/3567, time remaining: 1m 28s
Rendered 1178/3567, time remaining: 1m 27s
Rendered 1179/3567, time remaining: 1m 27s
Rendered 1180/3567, time remaining: 1m 26s
Rendered 1181/3567, time remaining: 1m 26s
Rendered 1182/3567, time remaining: 1m 26s
Rendered 1183/3567, time remaining: 1m 26s
Rendered 1184/3567, time remaining: 1m 26s
Rendered 1185/3567, time remaining: 1m 28s
Rendered 1186/3567, time remaining: 1m 28s
Rendered 1187/3567, time remaining: 1m 26s
Rendered 1188/3567, time remaining: 1m 26s
Rendered 1189/3567, time remaining: 1m 25s
Rendered 1190/3567, time remaining: 1m 25s
Rendered 1191/3567, time remaining: 1m 25s
Rendered 1192/3567, time remaining: 1m 24s
Rendered 1193/3567, time remaining: 1m 27s
Rendered 1194/3567, time remaining: 1m 27s
Rendered 1195/3567, time remaining: 1m 27s
Rendered 1196/3567, time remaining: 1m 27s
Rendered 1197/3567, time remaining: 1m 26s
Rendered 1198/3567, time remaining: 1m 25s
Rendered 1199/3567, time remaining: 1m 24s
Rendered 1200/3567, time remaining: 1m 24s
Rendered 1201/3567, time remaining: 1m 26s
Rendered 1202/3567, time remaining: 1m 27s
Rendered 1203/3567, time remaining: 1m 26s
Rendered 1204/3567, time remaining: 1m 27s
Rendered 1205/3567, time remaining: 1m 25s
Rendered 1206/3567, time remaining: 1m 26s
Rendered 1207/3567, time remaining: 1m 25s
Rendered 1208/3567, time remaining: 1m 24s
Rendered 1209/3567, time remaining: 1m 25s
Rendered 1210/3567, time remaining: 1m 25s
Rendered 1211/3567, time remaining: 1m 25s
Rendered 1212/3567, time remaining: 1m 26s
Rendered 1213/3567, time remaining: 1m 25s
Rendered 1214/3567, time remaining: 1m 25s
Rendered 1215/3567, time remaining: 1m 25s
Rendered 1216/3567, time remaining: 1m 26s
Rendered 1217/3567, time remaining: 1m 26s
Rendered 1218/3567, time remaining: 1m 25s
Rendered 1219/3567, time remaining: 1m 25s
Rendered 1220/3567, time remaining: 1m 23s
Rendered 1221/3567, time remaining: 1m 23s
Rendered 1222/3567, time remaining: 1m 25s
Rendered 1223/3567, time remaining: 1m 24s
Rendered 1224/3567, time remaining: 1m 25s
Rendered 1225/3567, time remaining: 1m 26s
Rendered 1226/3567, time remaining: 1m 26s
Rendered 1227/3567, time remaining: 1m 26s
Rendered 1228/3567, time remaining: 1m 25s
Rendered 1229/3567, time remaining: 1m 23s
Rendered 1230/3567, time remaining: 1m 23s
Rendered 1231/3567, time remaining: 1m 24s
Rendered 1232/3567, time remaining: 1m 24s
Rendered 1233/3567, time remaining: 1m 25s
Rendered 1234/3567, time remaining: 1m 26s
Rendered 1235/3567, time remaining: 1m 26s
Rendered 1236/3567, time remaining: 1m 24s
Rendered 1237/3567, time remaining: 1m 23s
Rendered 1238/3567, time remaining: 1m 24s
Rendered 1239/3567, time remaining: 1m 24s
Rendered 1240/3567, time remaining: 1m 25s
Rendered 1241/3567, time remaining: 1m 25s
Rendered 1242/3567, time remaining: 1m 25s
Rendered 1243/3567, time remaining: 1m 25s
Rendered 1244/3567, time remaining: 1m 26s
Rendered 1245/3567, time remaining: 1m 24s
Rendered 1246/3567, time remaining: 1m 24s
Rendered 1247/3567, time remaining: 1m 23s
Rendered 1248/3567, time remaining: 1m 24s
Rendered 1249/3567, time remaining: 1m 25s
Rendered 1250/3567, time remaining: 1m 25s
Rendered 1251/3567, time remaining: 1m 24s
Rendered 1252/3567, time remaining: 1m 26s
Rendered 1253/3567, time remaining: 1m 26s
Rendered 1254/3567, time remaining: 1m 25s
Rendered 1255/3567, time remaining: 1m 24s
Rendered 1256/3567, time remaining: 1m 23s
Rendered 1257/3567, time remaining: 1m 23s
Rendered 1258/3567, time remaining: 1m 23s
Rendered 1259/3567, time remaining: 1m 23s
Rendered 1260/3567, time remaining: 1m 25s
Rendered 1261/3567, time remaining: 1m 25s
Rendered 1262/3567, time remaining: 1m 25s
Rendered 1263/3567, time remaining: 1m 23s
Rendered 1264/3567, time remaining: 1m 23s
Rendered 1265/3567, time remaining: 1m 24s
Rendered 1266/3567, time remaining: 1m 24s
Rendered 1267/3567, time remaining: 1m 23s
Rendered 1268/3567, time remaining: 1m 25s
Rendered 1269/3567, time remaining: 1m 25s
Rendered 1270/3567, time remaining: 1m 24s
Rendered 1271/3567, time remaining: 1m 23s
Rendered 1272/3567, time remaining: 1m 23s
Rendered 1273/3567, time remaining: 1m 24s
Rendered 1274/3567, time remaining: 1m 25s
Rendered 1275/3567, time remaining: 1m 25s
Rendered 1276/3567, time remaining: 1m 24s
Rendered 1277/3567, time remaining: 1m 24s
Rendered 1278/3567, time remaining: 1m 24s
Rendered 1279/3567, time remaining: 1m 23s
Rendered 1280/3567, time remaining: 1m 23s
Rendered 1281/3567, time remaining: 1m 24s
Rendered 1282/3567, time remaining: 1m 25s
Rendered 1283/3567, time remaining: 1m 25s
Rendered 1284/3567, time remaining: 1m 25s
Rendered 1285/3567, time remaining: 1m 23s
Rendered 1286/3567, time remaining: 1m 23s
Rendered 1287/3567, time remaining: 1m 22s
Rendered 1288/3567, time remaining: 1m 22s
Rendered 1289/3567, time remaining: 1m 22s
Rendered 1290/3567, time remaining: 1m 23s
Rendered 1291/3567, time remaining: 1m 23s
Rendered 1292/3567, time remaining: 1m 23s
Rendered 1293/3567, time remaining: 1m 24s
Rendered 1294/3567, time remaining: 1m 23s
Rendered 1295/3567, time remaining: 1m 22s
Rendered 1296/3567, time remaining: 1m 24s
Rendered 1297/3567, time remaining: 1m 24s
Rendered 1298/3567, time remaining: 1m 22s
Rendered 1299/3567, time remaining: 1m 22s
Rendered 1300/3567, time remaining: 1m 22s
Rendered 1301/3567, time remaining: 1m 23s
Rendered 1302/3567, time remaining: 1m 22s
Rendered 1303/3567, time remaining: 1m 22s
Rendered 1304/3567, time remaining: 1m 22s
Rendered 1305/3567, time remaining: 1m 22s
Rendered 1306/3567, time remaining: 1m 23s
Rendered 1307/3567, time remaining: 1m 23s
Rendered 1308/3567, time remaining: 1m 23s
Rendered 1309/3567, time remaining: 1m 23s
Rendered 1310/3567, time remaining: 1m 22s
Rendered 1311/3567, time remaining: 1m 20s
Rendered 1312/3567, time remaining: 1m 22s
Rendered 1313/3567, time remaining: 1m 22s
Rendered 1314/3567, time remaining: 1m 22s
Rendered 1315/3567, time remaining: 1m 22s
Rendered 1316/3567, time remaining: 1m 21s
Rendered 1317/3567, time remaining: 1m 21s
Rendered 1318/3567, time remaining: 1m 22s
Rendered 1319/3567, time remaining: 1m 22s
Rendered 1320/3567, time remaining: 1m 21s
Rendered 1321/3567, time remaining: 1m 22s
Rendered 1322/3567, time remaining: 1m 21s
Rendered 1323/3567, time remaining: 1m 23s
Rendered 1324/3567, time remaining: 1m 23s
Rendered 1325/3567, time remaining: 1m 22s
Rendered 1326/3567, time remaining: 1m 22s
Rendered 1327/3567, time remaining: 1m 22s
Rendered 1328/3567, time remaining: 1m 20s
Rendered 1329/3567, time remaining: 1m 20s
Rendered 1330/3567, time remaining: 1m 21s
Rendered 1331/3567, time remaining: 1m 21s
Rendered 1332/3567, time remaining: 1m 21s
Rendered 1333/3567, time remaining: 1m 22s
Rendered 1334/3567, time remaining: 1m 23s
Rendered 1335/3567, time remaining: 1m 21s
Rendered 1336/3567, time remaining: 1m 22s
Rendered 1337/3567, time remaining: 1m 21s
Rendered 1338/3567, time remaining: 1m 21s
Rendered 1339/3567, time remaining: 1m 21s
Rendered 1340/3567, time remaining: 1m 21s
Rendered 1341/3567, time remaining: 1m 22s
Rendered 1342/3567, time remaining: 1m 22s
Rendered 1343/3567, time remaining: 1m 20s
Rendered 1344/3567, time remaining: 1m 20s
Rendered 1345/3567, time remaining: 1m 20s
Rendered 1346/3567, time remaining: 1m 20s
Rendered 1347/3567, time remaining: 1m 20s
Rendered 1348/3567, time remaining: 1m 22s
Rendered 1349/3567, time remaining: 1m 22s
Rendered 1350/3567, time remaining: 1m 22s
Rendered 1351/3567, time remaining: 1m 20s
Rendered 1352/3567, time remaining: 1m 19s
Rendered 1353/3567, time remaining: 1m 20s
Rendered 1354/3567, time remaining: 1m 19s
Rendered 1355/3567, time remaining: 1m 21s
Rendered 1356/3567, time remaining: 1m 21s
Rendered 1357/3567, time remaining: 1m 20s
Rendered 1358/3567, time remaining: 1m 21s
Rendered 1359/3567, time remaining: 1m 21s
Rendered 1360/3567, time remaining: 1m 20s
Rendered 1361/3567, time remaining: 1m 22s
Rendered 1362/3567, time remaining: 1m 20s
Rendered 1363/3567, time remaining: 1m 21s
Rendered 1364/3567, time remaining: 1m 20s
Rendered 1365/3567, time remaining: 1m 20s
Rendered 1366/3567, time remaining: 1m 19s
Rendered 1367/3567, time remaining: 1m 20s
Rendered 1368/3567, time remaining: 1m 20s
Rendered 1369/3567, time remaining: 1m 20s
Rendered 1370/3567, time remaining: 1m 20s
Rendered 1371/3567, time remaining: 1m 21s
Rendered 1372/3567, time remaining: 1m 20s
Rendered 1373/3567, time remaining: 1m 20s
Rendered 1374/3567, time remaining: 1m 19s
Rendered 1375/3567, time remaining: 1m 20s
Rendered 1376/3567, time remaining: 1m 20s
Rendered 1377/3567, time remaining: 1m 20s
Rendered 1378/3567, time remaining: 1m 20s
Rendered 1379/3567, time remaining: 1m 20s
Rendered 1380/3567, time remaining: 1m 20s
Rendered 1381/3567, time remaining: 1m 19s
Rendered 1382/3567, time remaining: 1m 18s
Rendered 1383/3567, time remaining: 1m 21s
Rendered 1384/3567, time remaining: 1m 20s
Rendered 1385/3567, time remaining: 1m 20s
Rendered 1386/3567, time remaining: 1m 20s
Rendered 1387/3567, time remaining: 1m 20s
Rendered 1388/3567, time remaining: 1m 19s
Rendered 1389/3567, time remaining: 1m 18s
Rendered 1390/3567, time remaining: 1m 17s
Rendered 1391/3567, time remaining: 1m 18s
Rendered 1392/3567, time remaining: 1m 18s
Rendered 1393/3567, time remaining: 1m 20s
Rendered 1394/3567, time remaining: 1m 19s
Rendered 1395/3567, time remaining: 1m 20s
Rendered 1396/3567, time remaining: 1m 20s
Rendered 1397/3567, time remaining: 1m 20s
Rendered 1398/3567, time remaining: 1m 18s
Rendered 1399/3567, time remaining: 1m 18s
Rendered 1400/3567, time remaining: 1m 18s
Rendered 1401/3567, time remaining: 1m 21s
Rendered 1402/3567, time remaining: 1m 18s
Rendered 1403/3567, time remaining: 1m 19s
Rendered 1404/3567, time remaining: 1m 19s
Rendered 1405/3567, time remaining: 1m 19s
Rendered 1406/3567, time remaining: 1m 19s
Rendered 1407/3567, time remaining: 1m 19s
Rendered 1408/3567, time remaining: 1m 18s
Rendered 1409/3567, time remaining: 1m 21s
Rendered 1410/3567, time remaining: 1m 19s
Rendered 1411/3567, time remaining: 1m 18s
Rendered 1412/3567, time remaining: 1m 18s
Rendered 1413/3567, time remaining: 1m 19s
Rendered 1414/3567, time remaining: 1m 19s
Rendered 1415/3567, time remaining: 1m 18s
Rendered 1416/3567, time remaining: 1m 19s
Rendered 1417/3567, time remaining: 1m 20s
Rendered 1418/3567, time remaining: 1m 18s
Rendered 1419/3567, time remaining: 1m 18s
Rendered 1420/3567, time remaining: 1m 18s
Rendered 1421/3567, time remaining: 1m 18s
Rendered 1422/3567, time remaining: 1m 18s
Rendered 1423/3567, time remaining: 1m 17s
Rendered 1424/3567, time remaining: 1m 18s
Rendered 1425/3567, time remaining: 1m 18s
Rendered 1426/3567, time remaining: 1m 19s
Rendered 1427/3567, time remaining: 1m 18s
Rendered 1428/3567, time remaining: 1m 18s
Rendered 1429/3567, time remaining: 1m 18s
Rendered 1430/3567, time remaining: 1m 18s
Rendered 1431/3567, time remaining: 1m 17s
Rendered 1432/3567, time remaining: 1m 18s
Rendered 1433/3567, time remaining: 1m 18s
Rendered 1434/3567, time remaining: 1m 18s
Rendered 1435/3567, time remaining: 1m 18s
Rendered 1436/3567, time remaining: 1m 18s
Rendered 1437/3567, time remaining: 1m 18s
Rendered 1438/3567, time remaining: 1m 18s
Rendered 1439/3567, time remaining: 1m 19s
Rendered 1440/3567, time remaining: 1m 18s
Rendered 1441/3567, time remaining: 1m 17s
Rendered 1442/3567, time remaining: 1m 17s
Rendered 1443/3567, time remaining: 1m 17s
Rendered 1444/3567, time remaining: 1m 17s
Rendered 1445/3567, time remaining: 1m 17s
Rendered 1446/3567, time remaining: 1m 17s
Rendered 1447/3567, time remaining: 1m 18s
Rendered 1448/3567, time remaining: 1m 18s
Rendered 1449/3567, time remaining: 1m 18s
Rendered 1450/3567, time remaining: 1m 18s
Rendered 1451/3567, time remaining: 1m 18s
Rendered 1452/3567, time remaining: 1m 18s
Rendered 1453/3567, time remaining: 1m 17s
Rendered 1454/3567, time remaining: 1m 17s
Rendered 1455/3567, time remaining: 1m 18s
Rendered 1456/3567, time remaining: 1m 17s
Rendered 1457/3567, time remaining: 1m 18s
Rendered 1458/3567, time remaining: 1m 18s
Rendered 1459/3567, time remaining: 1m 18s
Rendered 1460/3567, time remaining: 1m 18s
Rendered 1461/3567, time remaining: 1m 19s
Rendered 1462/3567, time remaining: 1m 17s
Rendered 1463/3567, time remaining: 1m 17s
Rendered 1464/3567, time remaining: 1m 16s
Rendered 1465/3567, time remaining: 1m 16s
Rendered 1466/3567, time remaining: 1m 17s
Rendered 1467/3567, time remaining: 1m 17s
Rendered 1468/3567, time remaining: 1m 17s
Rendered 1469/3567, time remaining: 1m 17s
Rendered 1470/3567, time remaining: 1m 17s
Rendered 1471/3567, time remaining: 1m 17s
Rendered 1472/3567, time remaining: 1m 17s
Rendered 1473/3567, time remaining: 1m 16s
Rendered 1474/3567, time remaining: 1m 17s
Rendered 1475/3567, time remaining: 1m 17s
Rendered 1476/3567, time remaining: 1m 15s
Rendered 1477/3567, time remaining: 1m 15s
Rendered 1478/3567, time remaining: 1m 16s
Rendered 1479/3567, time remaining: 1m 16s
Rendered 1480/3567, time remaining: 1m 14s
Rendered 1481/3567, time remaining: 1m 15s
Rendered 1482/3567, time remaining: 1m 15s
Rendered 1483/3567, time remaining: 1m 13s
Rendered 1484/3567, time remaining: 1m 12s
Rendered 1485/3567, time remaining: 1m 12s
Rendered 1486/3567, time remaining: 1m 12s
Rendered 1487/3567, time remaining: 1m 12s
Rendered 1488/3567, time remaining: 1m 12s
Rendered 1489/3567, time remaining: 1m 12s
Rendered 1490/3567, time remaining: 1m 12s
Rendered 1491/3567, time remaining: 1m 10s
Rendered 1492/3567, time remaining: 1m 11s
Rendered 1493/3567, time remaining: 1m 10s
Rendered 1494/3567, time remaining: 1m 10s
Rendered 1495/3567, time remaining: 1m 11s
Rendered 1496/3567, time remaining: 1m 10s
Rendered 1497/3567, time remaining: 1m 10s
Rendered 1498/3567, time remaining: 1m 10s
Rendered 1499/3567, time remaining: 1m 10s
Rendered 1500/3567, time remaining: 1m 10s
Rendered 1501/3567, time remaining: 1m 10s
Rendered 1502/3567, time remaining: 1m 10s
Rendered 1503/3567, time remaining: 1m 10s
Rendered 1504/3567, time remaining: 1m 9s
Rendered 1505/3567, time remaining: 1m 9s
Rendered 1506/3567, time remaining: 1m 10s
Rendered 1507/3567, time remaining: 1m 10s
Rendered 1508/3567, time remaining: 1m 10s
Rendered 1509/3567, time remaining: 1m 9s
Rendered 1510/3567, time remaining: 1m 9s
Rendered 1511/3567, time remaining: 1m 8s
Rendered 1512/3567, time remaining: 1m 8s
Rendered 1513/3567, time remaining: 1m 10s
Rendered 1514/3567, time remaining: 1m 9s
Rendered 1515/3567, time remaining: 1m 9s
Rendered 1516/3567, time remaining: 1m 10s
Rendered 1517/3567, time remaining: 1m 9s
Rendered 1518/3567, time remaining: 1m 9s
Rendered 1519/3567, time remaining: 1m 9s
Rendered 1520/3567, time remaining: 1m 10s
Rendered 1521/3567, time remaining: 1m 10s
Rendered 1522/3567, time remaining: 1m 10s
Rendered 1523/3567, time remaining: 1m 10s
Rendered 1524/3567, time remaining: 1m 10s
Rendered 1525/3567, time remaining: 1m 8s
Rendered 1526/3567, time remaining: 1m 8s
Rendered 1527/3567, time remaining: 1m 8s
Rendered 1528/3567, time remaining: 1m 9s
Rendered 1529/3567, time remaining: 1m 9s
Rendered 1530/3567, time remaining: 1m 9s
Rendered 1531/3567, time remaining: 1m 9s
Rendered 1532/3567, time remaining: 1m 9s
Rendered 1533/3567, time remaining: 1m 7s
Rendered 1534/3567, time remaining: 1m 9s
Rendered 1535/3567, time remaining: 1m 8s
Rendered 1536/3567, time remaining: 1m 8s
Rendered 1537/3567, time remaining: 1m 8s
Rendered 1538/3567, time remaining: 1m 9s
Rendered 1539/3567, time remaining: 1m 9s
Rendered 1540/3567, time remaining: 1m 9s
Rendered 1541/3567, time remaining: 1m 9s
Rendered 1542/3567, time remaining: 1m 9s
Rendered 1543/3567, time remaining: 1m 8s
Rendered 1544/3567, time remaining: 1m 8s
Rendered 1545/3567, time remaining: 1m 7s
Rendered 1546/3567, time remaining: 1m 8s
Rendered 1547/3567, time remaining: 1m 8s
Rendered 1548/3567, time remaining: 1m 8s
Rendered 1549/3567, time remaining: 1m 8s
Rendered 1550/3567, time remaining: 1m 9s
Rendered 1551/3567, time remaining: 1m 7s
Rendered 1552/3567, time remaining: 1m 8s
Rendered 1553/3567, time remaining: 1m 8s
Rendered 1554/3567, time remaining: 1m 8s
Rendered 1555/3567, time remaining: 1m 8s
Rendered 1556/3567, time remaining: 1m 8s
Rendered 1557/3567, time remaining: 1m 8s
Rendered 1558/3567, time remaining: 1m 8s
Rendered 1559/3567, time remaining: 1m 6s
Rendered 1560/3567, time remaining: 1m 6s
Rendered 1561/3567, time remaining: 1m 6s
Rendered 1562/3567, time remaining: 1m 8s
Rendered 1563/3567, time remaining: 1m 8s
Rendered 1564/3567, time remaining: 1m 8s
Rendered 1565/3567, time remaining: 1m 8s
Rendered 1566/3567, time remaining: 1m 7s
Rendered 1567/3567, time remaining: 1m 6s
Rendered 1568/3567, time remaining: 1m 6s
Rendered 1569/3567, time remaining: 1m 7s
Rendered 1570/3567, time remaining: 1m 7s
Rendered 1571/3567, time remaining: 1m 7s
Rendered 1572/3567, time remaining: 1m 8s
Rendered 1573/3567, time remaining: 1m 8s
Rendered 1574/3567, time remaining: 1m 6s
Rendered 1575/3567, time remaining: 1m 6s
Rendered 1576/3567, time remaining: 1m 7s
Rendered 1577/3567, time remaining: 1m 6s
Rendered 1578/3567, time remaining: 1m 7s
Rendered 1579/3567, time remaining: 1m 7s
Rendered 1580/3567, time remaining: 1m 7s
Rendered 1581/3567, time remaining: 1m 8s
Rendered 1582/3567, time remaining: 1m 7s
Rendered 1583/3567, time remaining: 1m 7s
Rendered 1584/3567, time remaining: 1m 6s
Rendered 1585/3567, time remaining: 1m 7s
Rendered 1586/3567, time remaining: 1m 7s
Rendered 1587/3567, time remaining: 1m 7s
Rendered 1588/3567, time remaining: 1m 5s
Rendered 1589/3567, time remaining: 1m 6s
Rendered 1590/3567, time remaining: 1m 7s
Rendered 1591/3567, time remaining: 1m 7s
Rendered 1592/3567, time remaining: 1m 7s
Rendered 1593/3567, time remaining: 1m 7s
Rendered 1594/3567, time remaining: 1m 8s
Rendered 1595/3567, time remaining: 1m 7s
Rendered 1596/3567, time remaining: 1m 5s
Rendered 1597/3567, time remaining: 1m 4s
Rendered 1598/3567, time remaining: 1m 7s
Rendered 1599/3567, time remaining: 1m 7s
Rendered 1600/3567, time remaining: 1m 7s
Rendered 1601/3567, time remaining: 1m 7s
Rendered 1602/3567, time remaining: 1m 7s
Rendered 1603/3567, time remaining: 1m 7s
Rendered 1604/3567, time remaining: 1m 5s
Rendered 1605/3567, time remaining: 1m 4s
Rendered 1606/3567, time remaining: 1m 6s
Rendered 1607/3567, time remaining: 1m 7s
Rendered 1608/3567, time remaining: 1m 6s
Rendered 1609/3567, time remaining: 1m 6s
Rendered 1610/3567, time remaining: 1m 6s
Rendered 1611/3567, time remaining: 1m 6s
Rendered 1612/3567, time remaining: 1m 6s
Rendered 1613/3567, time remaining: 1m 6s
Rendered 1614/3567, time remaining: 1m 6s
Rendered 1615/3567, time remaining: 1m 6s
Rendered 1616/3567, time remaining: 1m 5s
Rendered 1617/3567, time remaining: 1m 6s
Rendered 1618/3567, time remaining: 1m 6s
Rendered 1619/3567, time remaining: 1m 6s
Rendered 1620/3567, time remaining: 1m 7s
Rendered 1621/3567, time remaining: 1m 6s
Rendered 1622/3567, time remaining: 1m 6s
Rendered 1623/3567, time remaining: 1m 6s
Rendered 1624/3567, time remaining: 1m 5s
Rendered 1625/3567, time remaining: 1m 6s
Rendered 1626/3567, time remaining: 1m 8s
Rendered 1627/3567, time remaining: 1m 8s
Rendered 1628/3567, time remaining: 1m 8s
Rendered 1629/3567, time remaining: 1m 8s
Rendered 1630/3567, time remaining: 1m 9s
Rendered 1631/3567, time remaining: 1m 10s
Rendered 1632/3567, time remaining: 1m 10s
Rendered 1633/3567, time remaining: 1m 10s
Rendered 1634/3567, time remaining: 1m 10s
Rendered 1635/3567, time remaining: 1m 10s
Rendered 1636/3567, time remaining: 1m 11s
Rendered 1637/3567, time remaining: 1m 12s
Rendered 1638/3567, time remaining: 1m 12s
Rendered 1639/3567, time remaining: 1m 13s
Rendered 1640/3567, time remaining: 1m 13s
Rendered 1641/3567, time remaining: 1m 13s
Rendered 1642/3567, time remaining: 1m 12s
Rendered 1643/3567, time remaining: 1m 12s
Rendered 1644/3567, time remaining: 1m 13s
Rendered 1645/3567, time remaining: 1m 13s
Rendered 1646/3567, time remaining: 1m 13s
Rendered 1647/3567, time remaining: 1m 13s
Rendered 1648/3567, time remaining: 1m 12s
Rendered 1649/3567, time remaining: 1m 13s
Rendered 1650/3567, time remaining: 1m 13s
Rendered 1651/3567, time remaining: 1m 13s
Rendered 1652/3567, time remaining: 1m 14s
Rendered 1653/3567, time remaining: 1m 14s
Rendered 1654/3567, time remaining: 1m 14s
Rendered 1655/3567, time remaining: 1m 13s
Rendered 1656/3567, time remaining: 1m 12s
Rendered 1657/3567, time remaining: 1m 12s
Rendered 1658/3567, time remaining: 1m 12s
Rendered 1659/3567, time remaining: 1m 12s
Rendered 1660/3567, time remaining: 1m 14s
Rendered 1661/3567, time remaining: 1m 14s
Rendered 1662/3567, time remaining: 1m 14s
Rendered 1663/3567, time remaining: 1m 12s
Rendered 1664/3567, time remaining: 1m 12s
Rendered 1665/3567, time remaining: 1m 12s
Rendered 1666/3567, time remaining: 1m 12s
Rendered 1667/3567, time remaining: 1m 13s
Rendered 1668/3567, time remaining: 1m 14s
Rendered 1669/3567, time remaining: 1m 14s
Rendered 1670/3567, time remaining: 1m 14s
Rendered 1671/3567, time remaining: 1m 12s
Rendered 1672/3567, time remaining: 1m 12s
Rendered 1673/3567, time remaining: 1m 12s
Rendered 1674/3567, time remaining: 1m 12s
Rendered 1675/3567, time remaining: 1m 13s
Rendered 1676/3567, time remaining: 1m 13s
Rendered 1677/3567, time remaining: 1m 13s
Rendered 1678/3567, time remaining: 1m 13s
Rendered 1679/3567, time remaining: 1m 13s
Rendered 1680/3567, time remaining: 1m 12s
Rendered 1681/3567, time remaining: 1m 12s
Rendered 1682/3567, time remaining: 1m 13s
Rendered 1683/3567, time remaining: 1m 13s
Rendered 1684/3567, time remaining: 1m 12s
Rendered 1685/3567, time remaining: 1m 12s
Rendered 1686/3567, time remaining: 1m 12s
Rendered 1687/3567, time remaining: 1m 13s
Rendered 1688/3567, time remaining: 1m 12s
Rendered 1689/3567, time remaining: 1m 12s
Rendered 1690/3567, time remaining: 1m 14s
Rendered 1691/3567, time remaining: 1m 12s
Rendered 1692/3567, time remaining: 1m 11s
Rendered 1693/3567, time remaining: 1m 12s
Rendered 1694/3567, time remaining: 1m 12s
Rendered 1695/3567, time remaining: 1m 12s
Rendered 1696/3567, time remaining: 1m 11s
Rendered 1697/3567, time remaining: 1m 12s
Rendered 1698/3567, time remaining: 1m 12s
Rendered 1699/3567, time remaining: 1m 11s
Rendered 1700/3567, time remaining: 1m 12s
Rendered 1701/3567, time remaining: 1m 13s
Rendered 1702/3567, time remaining: 1m 11s
Rendered 1703/3567, time remaining: 1m 12s
Rendered 1704/3567, time remaining: 1m 11s
Rendered 1705/3567, time remaining: 1m 12s
Rendered 1706/3567, time remaining: 1m 12s
Rendered 1707/3567, time remaining: 1m 11s
Rendered 1708/3567, time remaining: 1m 12s
Rendered 1709/3567, time remaining: 1m 12s
Rendered 1710/3567, time remaining: 1m 11s
Rendered 1711/3567, time remaining: 1m 13s
Rendered 1712/3567, time remaining: 1m 11s
Rendered 1713/3567, time remaining: 1m 12s
Rendered 1714/3567, time remaining: 1m 11s
Rendered 1715/3567, time remaining: 1m 11s
Rendered 1716/3567, time remaining: 1m 12s
Rendered 1717/3567, time remaining: 1m 12s
Rendered 1718/3567, time remaining: 1m 11s
Rendered 1719/3567, time remaining: 1m 11s
Rendered 1720/3567, time remaining: 1m 11s
Rendered 1721/3567, time remaining: 1m 11s
Rendered 1722/3567, time remaining: 1m 11s
Rendered 1723/3567, time remaining: 1m 11s
Rendered 1724/3567, time remaining: 1m 11s
Rendered 1725/3567, time remaining: 1m 11s
Rendered 1726/3567, time remaining: 1m 11s
Rendered 1727/3567, time remaining: 1m 11s
Rendered 1728/3567, time remaining: 1m 9s
Rendered 1729/3567, time remaining: 1m 10s
Rendered 1730/3567, time remaining: 1m 11s
Rendered 1731/3567, time remaining: 1m 10s
Rendered 1732/3567, time remaining: 1m 11s
Rendered 1733/3567, time remaining: 1m 10s
Rendered 1734/3567, time remaining: 1m 10s
Rendered 1735/3567, time remaining: 1m 10s
Rendered 1736/3567, time remaining: 1m 10s
Rendered 1737/3567, time remaining: 1m 10s
Rendered 1738/3567, time remaining: 1m 11s
Rendered 1739/3567, time remaining: 1m 10s
Rendered 1740/3567, time remaining: 1m 10s
Rendered 1741/3567, time remaining: 1m 10s
Rendered 1742/3567, time remaining: 1m 10s
Rendered 1743/3567, time remaining: 1m 10s
Rendered 1744/3567, time remaining: 1m 9s
Rendered 1745/3567, time remaining: 1m 10s
Rendered 1746/3567, time remaining: 1m 10s
Rendered 1747/3567, time remaining: 1m 12s
Rendered 1748/3567, time remaining: 1m 9s
Rendered 1749/3567, time remaining: 1m 9s
Rendered 1750/3567, time remaining: 1m 9s
Rendered 1751/3567, time remaining: 1m 9s
Rendered 1752/3567, time remaining: 1m 9s
Rendered 1753/3567, time remaining: 1m 9s
Rendered 1754/3567, time remaining: 1m 9s
Rendered 1755/3567, time remaining: 1m 10s
Rendered 1756/3567, time remaining: 1m 8s
Rendered 1757/3567, time remaining: 1m 9s
Rendered 1758/3567, time remaining: 1m 9s
Rendered 1759/3567, time remaining: 1m 10s
Rendered 1760/3567, time remaining: 1m 9s
Rendered 1761/3567, time remaining: 1m 9s
Rendered 1762/3567, time remaining: 1m 9s
Rendered 1763/3567, time remaining: 1m 9s
Rendered 1764/3567, time remaining: 1m 8s
Rendered 1765/3567, time remaining: 1m 9s
Rendered 1766/3567, time remaining: 1m 10s
Rendered 1767/3567, time remaining: 1m 10s
Rendered 1768/3567, time remaining: 1m 8s
Rendered 1769/3567, time remaining: 1m 9s
Rendered 1770/3567, time remaining: 1m 9s
Rendered 1771/3567, time remaining: 1m 9s
Rendered 1772/3567, time remaining: 1m 8s
Rendered 1773/3567, time remaining: 1m 8s
Rendered 1774/3567, time remaining: 1m 9s
Rendered 1775/3567, time remaining: 1m 9s
Rendered 1776/3567, time remaining: 1m 8s
Rendered 1777/3567, time remaining: 1m 8s
Rendered 1778/3567, time remaining: 1m 9s
Rendered 1779/3567, time remaining: 1m 8s
Rendered 1780/3567, time remaining: 1m 7s
Rendered 1781/3567, time remaining: 1m 6s
Rendered 1782/3567, time remaining: 1m 6s
Rendered 1783/3567, time remaining: 1m 7s
Rendered 1784/3567, time remaining: 1m 6s
Rendered 1785/3567, time remaining: 1m 8s
Rendered 1786/3567, time remaining: 1m 7s
Rendered 1787/3567, time remaining: 1m 6s
Rendered 1788/3567, time remaining: 1m 6s
Rendered 1789/3567, time remaining: 1m 6s
Rendered 1790/3567, time remaining: 1m 6s
Rendered 1791/3567, time remaining: 1m 6s
Rendered 1792/3567, time remaining: 1m 6s
Rendered 1793/3567, time remaining: 1m 6s
Rendered 1794/3567, time remaining: 1m 7s
Rendered 1795/3567, time remaining: 1m 6s
Rendered 1796/3567, time remaining: 1m 6s
Rendered 1797/3567, time remaining: 1m 7s
Rendered 1798/3567, time remaining: 1m 6s
Rendered 1799/3567, time remaining: 1m 5s
Rendered 1800/3567, time remaining: 1m 6s
Rendered 1801/3567, time remaining: 1m 6s
Rendered 1802/3567, time remaining: 1m 5s
Rendered 1803/3567, time remaining: 1m 5s
Rendered 1804/3567, time remaining: 1m 6s
Rendered 1805/3567, time remaining: 1m 5s
Rendered 1806/3567, time remaining: 1m 5s
Rendered 1807/3567, time remaining: 1m 5s
Rendered 1808/3567, time remaining: 1m 6s
Rendered 1809/3567, time remaining: 1m 6s
Rendered 1810/3567, time remaining: 1m 4s
Rendered 1811/3567, time remaining: 1m 5s
Rendered 1812/3567, time remaining: 1m 5s
Rendered 1813/3567, time remaining: 1m 6s
Rendered 1814/3567, time remaining: 1m 6s
Rendered 1815/3567, time remaining: 1m 6s
Rendered 1816/3567, time remaining: 1m 6s
Rendered 1817/3567, time remaining: 1m 5s
Rendered 1818/3567, time remaining: 1m 3s
Rendered 1819/3567, time remaining: 1m 5s
Rendered 1820/3567, time remaining: 1m 4s
Rendered 1821/3567, time remaining: 1m 4s
Rendered 1822/3567, time remaining: 1m 5s
Rendered 1823/3567, time remaining: 1m 4s
Rendered 1824/3567, time remaining: 1m 6s
Rendered 1825/3567, time remaining: 1m 5s
Rendered 1826/3567, time remaining: 1m 5s
Rendered 1827/3567, time remaining: 1m 4s
Rendered 1828/3567, time remaining: 1m 3s
Rendered 1829/3567, time remaining: 1m 5s
Rendered 1830/3567, time remaining: 1m 5s
Rendered 1831/3567, time remaining: 1m 5s
Rendered 1832/3567, time remaining: 1m 5s
Rendered 1833/3567, time remaining: 1m 5s
Rendered 1834/3567, time remaining: 1m 4s
Rendered 1835/3567, time remaining: 1m 4s
Rendered 1836/3567, time remaining: 1m 5s
Rendered 1837/3567, time remaining: 1m 5s
Rendered 1838/3567, time remaining: 1m 4s
Rendered 1839/3567, time remaining: 1m 4s
Rendered 1840/3567, time remaining: 1m 4s
Rendered 1841/3567, time remaining: 1m 5s
Rendered 1842/3567, time remaining: 1m 5s
Rendered 1843/3567, time remaining: 1m 4s
Rendered 1844/3567, time remaining: 1m 5s
Rendered 1845/3567, time remaining: 1m 5s
Rendered 1846/3567, time remaining: 1m 5s
Rendered 1847/3567, time remaining: 1m 4s
Rendered 1848/3567, time remaining: 1m 5s
Rendered 1849/3567, time remaining: 1m 5s
Rendered 1850/3567, time remaining: 1m 3s
Rendered 1851/3567, time remaining: 1m 4s
Rendered 1852/3567, time remaining: 1m 4s
Rendered 1853/3567, time remaining: 1m 3s
Rendered 1854/3567, time remaining: 1m 3s
Rendered 1855/3567, time remaining: 1m 3s
Rendered 1856/3567, time remaining: 1m 4s
Rendered 1857/3567, time remaining: 1m 4s
Rendered 1858/3567, time remaining: 1m 3s
Rendered 1859/3567, time remaining: 1m 4s
Rendered 1860/3567, time remaining: 1m 4s
Rendered 1861/3567, time remaining: 1m 3s
Rendered 1862/3567, time remaining: 1m 2s
Rendered 1863/3567, time remaining: 1m 2s
Rendered 1864/3567, time remaining: 1m 4s
Rendered 1865/3567, time remaining: 1m 4s
Rendered 1866/3567, time remaining: 1m 4s
Rendered 1867/3567, time remaining: 1m 3s
Rendered 1868/3567, time remaining: 1m 4s
Rendered 1869/3567, time remaining: 1m 3s
Rendered 1870/3567, time remaining: 1m 3s
Rendered 1871/3567, time remaining: 1m 4s
Rendered 1872/3567, time remaining: 1m 3s
Rendered 1873/3567, time remaining: 1m 4s
Rendered 1874/3567, time remaining: 1m 3s
Rendered 1875/3567, time remaining: 1m 3s
Rendered 1876/3567, time remaining: 1m 3s
Rendered 1877/3567, time remaining: 1m 4s
Rendered 1878/3567, time remaining: 1m 4s
Rendered 1879/3567, time remaining: 1m 4s
Rendered 1880/3567, time remaining: 1m 3s
Rendered 1881/3567, time remaining: 1m 3s
Rendered 1882/3567, time remaining: 1m 2s
Rendered 1883/3567, time remaining: 1m 2s
Rendered 1884/3567, time remaining: 1m 3s
Rendered 1885/3567, time remaining: 1m 3s
Rendered 1886/3567, time remaining: 1m 3s
Rendered 1887/3567, time remaining: 1m 3s
Rendered 1888/3567, time remaining: 1m 2s
Rendered 1889/3567, time remaining: 1m 3s
Rendered 1890/3567, time remaining: 1m 3s
Rendered 1891/3567, time remaining: 1m 2s
Rendered 1892/3567, time remaining: 1m 3s
Rendered 1893/3567, time remaining: 1m 3s
Rendered 1894/3567, time remaining: 1m 3s
Rendered 1895/3567, time remaining: 1m 2s
Rendered 1896/3567, time remaining: 1m 2s
Rendered 1897/3567, time remaining: 1m 2s
Rendered 1898/3567, time remaining: 1m 2s
Rendered 1899/3567, time remaining: 1m 1s
Rendered 1900/3567, time remaining: 1m 3s
Rendered 1901/3567, time remaining: 1m 3s
Rendered 1902/3567, time remaining: 1m 3s
Rendered 1903/3567, time remaining: 1m 3s
Rendered 1904/3567, time remaining: 1m 3s
Rendered 1905/3567, time remaining: 1m 2s
Rendered 1906/3567, time remaining: 1m 3s
Rendered 1907/3567, time remaining: 1m 1s
Rendered 1908/3567, time remaining: 1m 2s
Rendered 1909/3567, time remaining: 1m 2s
Rendered 1910/3567, time remaining: 1m 2s
Rendered 1911/3567, time remaining: 1m 2s
Rendered 1912/3567, time remaining: 1m 2s
Rendered 1913/3567, time remaining: 1m 2s
Rendered 1914/3567, time remaining: 1m 3s
Rendered 1915/3567, time remaining: 1m 3s
Rendered 1916/3567, time remaining: 1m 2s
Rendered 1917/3567, time remaining: 1m 2s
Rendered 1918/3567, time remaining: 1m 2s
Rendered 1919/3567, time remaining: 1m 2s
Rendered 1920/3567, time remaining: 1m 2s
Rendered 1921/3567, time remaining: 1m 1s
Rendered 1922/3567, time remaining: 1m 3s
Rendered 1923/3567, time remaining: 1m 3s
Rendered 1924/3567, time remaining: 1m 3s
Rendered 1925/3567, time remaining: 1m 1s
Rendered 1926/3567, time remaining: 1m 1s
Rendered 1927/3567, time remaining: 1m 1s
Rendered 1928/3567, time remaining: 1m 1s
Rendered 1929/3567, time remaining: 1m 1s
Rendered 1930/3567, time remaining: 1m 2s
Rendered 1931/3567, time remaining: 1m 2s
Rendered 1932/3567, time remaining: 1m 2s
Rendered 1933/3567, time remaining: 1m 2s
Rendered 1934/3567, time remaining: 1m 2s
Rendered 1935/3567, time remaining: 1m 0s
Rendered 1936/3567, time remaining: 1m 0s
Rendered 1937/3567, time remaining: 1m 1s
Rendered 1938/3567, time remaining: 1m 1s
Rendered 1939/3567, time remaining: 1m 1s
Rendered 1940/3567, time remaining: 1m 1s
Rendered 1941/3567, time remaining: 1m 2s
Rendered 1942/3567, time remaining: 1m 2s
Rendered 1943/3567, time remaining: 1m 2s
Rendered 1944/3567, time remaining: 1m 0s
Rendered 1945/3567, time remaining: 1m 1s
Rendered 1946/3567, time remaining: 1m 1s
Rendered 1947/3567, time remaining: 1m 0s
Rendered 1948/3567, time remaining: 1m 0s
Rendered 1949/3567, time remaining: 1m 2s
Rendered 1950/3567, time remaining: 1m 1s
Rendered 1951/3567, time remaining: 1m 1s
Rendered 1952/3567, time remaining: 1m 0s
Rendered 1953/3567, time remaining: 1m 1s
Rendered 1954/3567, time remaining: 1m 0s
Rendered 1955/3567, time remaining: 1m 0s
Rendered 1956/3567, time remaining: 1m 0s
Rendered 1957/3567, time remaining: 1m 1s
Rendered 1958/3567, time remaining: 1m 0s
Rendered 1959/3567, time remaining: 1m 1s
Rendered 1960/3567, time remaining: 1m 1s
Rendered 1961/3567, time remaining: 1m 0s
Rendered 1962/3567, time remaining: 1m 0s
Rendered 1963/3567, time remaining: 59s
Rendered 1964/3567, time remaining: 1m 0s
Rendered 1965/3567, time remaining: 1m 0s
Rendered 1966/3567, time remaining: 1m 0s
Rendered 1967/3567, time remaining: 1m 1s
Rendered 1968/3567, time remaining: 1m 1s
Rendered 1969/3567, time remaining: 1m 0s
Rendered 1970/3567, time remaining: 1m 0s
Rendered 1971/3567, time remaining: 1m 0s
Rendered 1972/3567, time remaining: 1m 0s
Rendered 1973/3567, time remaining: 1m 0s
Rendered 1974/3567, time remaining: 58s
Rendered 1975/3567, time remaining: 59s
Rendered 1976/3567, time remaining: 59s
Rendered 1977/3567, time remaining: 1m 0s
Rendered 1978/3567, time remaining: 1m 0s
Rendered 1979/3567, time remaining: 59s
Rendered 1980/3567, time remaining: 58s
Rendered 1981/3567, time remaining: 58s
Rendered 1982/3567, time remaining: 59s
Rendered 1983/3567, time remaining: 59s
Rendered 1984/3567, time remaining: 59s
Rendered 1985/3567, time remaining: 1m 0s
Rendered 1986/3567, time remaining: 59s
Rendered 1987/3567, time remaining: 58s
Rendered 1988/3567, time remaining: 59s
Rendered 1989/3567, time remaining: 59s
Rendered 1990/3567, time remaining: 58s
Rendered 1991/3567, time remaining: 58s
Rendered 1992/3567, time remaining: 58s
Rendered 1993/3567, time remaining: 58s
Rendered 1994/3567, time remaining: 58s
Rendered 1995/3567, time remaining: 58s
Rendered 1996/3567, time remaining: 59s
Rendered 1997/3567, time remaining: 58s
Rendered 1998/3567, time remaining: 57s
Rendered 1999/3567, time remaining: 57s
Rendered 2000/3567, time remaining: 58s
Rendered 2001/3567, time remaining: 57s
Rendered 2002/3567, time remaining: 58s
Rendered 2003/3567, time remaining: 58s
Rendered 2004/3567, time remaining: 58s
Rendered 2005/3567, time remaining: 57s
Rendered 2006/3567, time remaining: 57s
Rendered 2007/3567, time remaining: 57s
Rendered 2008/3567, time remaining: 58s
Rendered 2009/3567, time remaining: 57s
Rendered 2010/3567, time remaining: 58s
Rendered 2011/3567, time remaining: 58s
Rendered 2012/3567, time remaining: 58s
Rendered 2013/3567, time remaining: 58s
Rendered 2014/3567, time remaining: 56s
Rendered 2015/3567, time remaining: 57s
Rendered 2016/3567, time remaining: 57s
Rendered 2017/3567, time remaining: 58s
Rendered 2018/3567, time remaining: 58s
Rendered 2019/3567, time remaining: 57s
Rendered 2020/3567, time remaining: 57s
Rendered 2021/3567, time remaining: 56s
Rendered 2022/3567, time remaining: 57s
Rendered 2023/3567, time remaining: 56s
Rendered 2024/3567, time remaining: 56s
Rendered 2025/3567, time remaining: 57s
Rendered 2026/3567, time remaining: 57s
Rendered 2027/3567, time remaining: 57s
Rendered 2028/3567, time remaining: 57s
Rendered 2029/3567, time remaining: 56s
Rendered 2030/3567, time remaining: 57s
Rendered 2031/3567, time remaining: 56s
Rendered 2032/3567, time remaining: 56s
Rendered 2033/3567, time remaining: 57s
Rendered 2034/3567, time remaining: 56s
Rendered 2035/3567, time remaining: 57s
Rendered 2036/3567, time remaining: 56s
Rendered 2037/3567, time remaining: 56s
Rendered 2038/3567, time remaining: 56s
Rendered 2039/3567, time remaining: 55s
Rendered 2040/3567, time remaining: 55s
Rendered 2041/3567, time remaining: 56s
Rendered 2042/3567, time remaining: 55s
Rendered 2043/3567, time remaining: 56s
Rendered 2044/3567, time remaining: 56s
Rendered 2045/3567, time remaining: 56s
Rendered 2046/3567, time remaining: 57s
Rendered 2047/3567, time remaining: 56s
Rendered 2048/3567, time remaining: 56s
Rendered 2049/3567, time remaining: 56s
Rendered 2050/3567, time remaining: 55s
Rendered 2051/3567, time remaining: 55s
Rendered 2052/3567, time remaining: 55s
Rendered 2053/3567, time remaining: 55s
Rendered 2054/3567, time remaining: 56s
Rendered 2055/3567, time remaining: 56s
Rendered 2056/3567, time remaining: 55s
Rendered 2057/3567, time remaining: 55s
Rendered 2058/3567, time remaining: 55s
Rendered 2059/3567, time remaining: 55s
Rendered 2060/3567, time remaining: 55s
Rendered 2061/3567, time remaining: 55s
Rendered 2062/3567, time remaining: 55s
Rendered 2063/3567, time remaining: 55s
Rendered 2064/3567, time remaining: 55s
Rendered 2065/3567, time remaining: 54s
Rendered 2066/3567, time remaining: 54s
Rendered 2067/3567, time remaining: 53s
Rendered 2068/3567, time remaining: 53s
Rendered 2069/3567, time remaining: 55s
Rendered 2070/3567, time remaining: 55s
Rendered 2071/3567, time remaining: 55s
Rendered 2072/3567, time remaining: 53s
Rendered 2073/3567, time remaining: 53s
Rendered 2074/3567, time remaining: 54s
Rendered 2075/3567, time remaining: 54s
Rendered 2076/3567, time remaining: 54s
Rendered 2077/3567, time remaining: 55s
Rendered 2078/3567, time remaining: 54s
Rendered 2079/3567, time remaining: 54s
Rendered 2080/3567, time remaining: 53s
Rendered 2081/3567, time remaining: 53s
Rendered 2082/3567, time remaining: 53s
Rendered 2083/3567, time remaining: 54s
Rendered 2084/3567, time remaining: 53s
Rendered 2085/3567, time remaining: 55s
Rendered 2086/3567, time remaining: 55s
Rendered 2087/3567, time remaining: 54s
Rendered 2088/3567, time remaining: 54s
Rendered 2089/3567, time remaining: 54s
Rendered 2090/3567, time remaining: 54s
Rendered 2091/3567, time remaining: 52s
Rendered 2092/3567, time remaining: 53s
Rendered 2093/3567, time remaining: 54s
Rendered 2094/3567, time remaining: 54s
Rendered 2095/3567, time remaining: 54s
Rendered 2096/3567, time remaining: 53s
Rendered 2097/3567, time remaining: 53s
Rendered 2098/3567, time remaining: 54s
Rendered 2099/3567, time remaining: 53s
Rendered 2100/3567, time remaining: 53s
Rendered 2101/3567, time remaining: 53s
Rendered 2102/3567, time remaining: 53s
Rendered 2103/3567, time remaining: 52s
Rendered 2104/3567, time remaining: 52s
Rendered 2105/3567, time remaining: 53s
Rendered 2106/3567, time remaining: 55s
Rendered 2107/3567, time remaining: 53s
Rendered 2108/3567, time remaining: 53s
Rendered 2109/3567, time remaining: 53s
Rendered 2110/3567, time remaining: 53s
Rendered 2111/3567, time remaining: 52s
Rendered 2112/3567, time remaining: 52s
Rendered 2113/3567, time remaining: 53s
Rendered 2114/3567, time remaining: 53s
Rendered 2115/3567, time remaining: 53s
Rendered 2116/3567, time remaining: 53s
Rendered 2117/3567, time remaining: 52s
Rendered 2118/3567, time remaining: 53s
Rendered 2119/3567, time remaining: 52s
Rendered 2120/3567, time remaining: 52s
Rendered 2121/3567, time remaining: 53s
Rendered 2122/3567, time remaining: 53s
Rendered 2123/3567, time remaining: 53s
Rendered 2124/3567, time remaining: 53s
Rendered 2125/3567, time remaining: 53s
Rendered 2126/3567, time remaining: 53s
Rendered 2127/3567, time remaining: 52s
Rendered 2128/3567, time remaining: 52s
Rendered 2129/3567, time remaining: 53s
Rendered 2130/3567, time remaining: 53s
Rendered 2131/3567, time remaining: 54s
Rendered 2132/3567, time remaining: 53s
Rendered 2133/3567, time remaining: 52s
Rendered 2134/3567, time remaining: 52s
Rendered 2135/3567, time remaining: 52s
Rendered 2136/3567, time remaining: 53s
Rendered 2137/3567, time remaining: 54s
Rendered 2138/3567, time remaining: 53s
Rendered 2139/3567, time remaining: 53s
Rendered 2140/3567, time remaining: 53s
Rendered 2141/3567, time remaining: 52s
Rendered 2142/3567, time remaining: 52s
Rendered 2143/3567, time remaining: 53s
Rendered 2144/3567, time remaining: 52s
Rendered 2145/3567, time remaining: 53s
Rendered 2146/3567, time remaining: 53s
Rendered 2147/3567, time remaining: 53s
Rendered 2148/3567, time remaining: 52s
Rendered 2149/3567, time remaining: 53s
Rendered 2150/3567, time remaining: 53s
Rendered 2151/3567, time remaining: 53s
Rendered 2152/3567, time remaining: 53s
Rendered 2153/3567, time remaining: 53s
Rendered 2154/3567, time remaining: 53s
Rendered 2155/3567, time remaining: 53s
Rendered 2156/3567, time remaining: 53s
Rendered 2157/3567, time remaining: 53s
Rendered 2158/3567, time remaining: 53s
Rendered 2159/3567, time remaining: 52s
Rendered 2160/3567, time remaining: 52s
Rendered 2161/3567, time remaining: 53s
Rendered 2162/3567, time remaining: 53s
Rendered 2163/3567, time remaining: 53s
Rendered 2164/3567, time remaining: 53s
Rendered 2165/3567, time remaining: 53s
Rendered 2166/3567, time remaining: 52s
Rendered 2167/3567, time remaining: 52s
Rendered 2168/3567, time remaining: 52s
Rendered 2169/3567, time remaining: 53s
Rendered 2170/3567, time remaining: 53s
Rendered 2171/3567, time remaining: 53s
Rendered 2172/3567, time remaining: 52s
Rendered 2173/3567, time remaining: 53s
Rendered 2174/3567, time remaining: 53s
Rendered 2175/3567, time remaining: 52s
Rendered 2176/3567, time remaining: 52s
Rendered 2177/3567, time remaining: 52s
Rendered 2178/3567, time remaining: 53s
Rendered 2179/3567, time remaining: 53s
Rendered 2180/3567, time remaining: 52s
Rendered 2181/3567, time remaining: 52s
Rendered 2182/3567, time remaining: 53s
Rendered 2183/3567, time remaining: 52s
Rendered 2184/3567, time remaining: 52s
Rendered 2185/3567, time remaining: 52s
Rendered 2186/3567, time remaining: 52s
Rendered 2187/3567, time remaining: 52s
Rendered 2188/3567, time remaining: 52s
Rendered 2189/3567, time remaining: 52s
Rendered 2190/3567, time remaining: 53s
Rendered 2191/3567, time remaining: 52s
Rendered 2192/3567, time remaining: 52s
Rendered 2193/3567, time remaining: 51s
Rendered 2194/3567, time remaining: 52s
Rendered 2195/3567, time remaining: 52s
Rendered 2196/3567, time remaining: 51s
Rendered 2197/3567, time remaining: 52s
Rendered 2198/3567, time remaining: 52s
Rendered 2199/3567, time remaining: 51s
Rendered 2200/3567, time remaining: 52s
Rendered 2201/3567, time remaining: 51s
Rendered 2202/3567, time remaining: 52s
Rendered 2203/3567, time remaining: 52s
Rendered 2204/3567, time remaining: 51s
Rendered 2205/3567, time remaining: 51s
Rendered 2206/3567, time remaining: 51s
Rendered 2207/3567, time remaining: 51s
Rendered 2208/3567, time remaining: 51s
Rendered 2209/3567, time remaining: 51s
Rendered 2210/3567, time remaining: 51s
Rendered 2211/3567, time remaining: 51s
Rendered 2212/3567, time remaining: 51s
Rendered 2213/3567, time remaining: 52s
Rendered 2214/3567, time remaining: 51s
Rendered 2215/3567, time remaining: 51s
Rendered 2216/3567, time remaining: 51s
Rendered 2217/3567, time remaining: 51s
Rendered 2218/3567, time remaining: 51s
Rendered 2219/3567, time remaining: 50s
Rendered 2220/3567, time remaining: 51s
Rendered 2221/3567, time remaining: 51s
Rendered 2222/3567, time remaining: 51s
Rendered 2223/3567, time remaining: 51s
Rendered 2224/3567, time remaining: 51s
Rendered 2225/3567, time remaining: 50s
Rendered 2226/3567, time remaining: 51s
Rendered 2227/3567, time remaining: 49s
Rendered 2228/3567, time remaining: 50s
Rendered 2229/3567, time remaining: 50s
Rendered 2230/3567, time remaining: 50s
Rendered 2231/3567, time remaining: 50s
Rendered 2232/3567, time remaining: 50s
Rendered 2233/3567, time remaining: 50s
Rendered 2234/3567, time remaining: 50s
Rendered 2235/3567, time remaining: 48s
Rendered 2236/3567, time remaining: 48s
Rendered 2237/3567, time remaining: 50s
Rendered 2238/3567, time remaining: 49s
Rendered 2239/3567, time remaining: 49s
Rendered 2240/3567, time remaining: 50s
Rendered 2241/3567, time remaining: 50s
Rendered 2242/3567, time remaining: 49s
Rendered 2243/3567, time remaining: 48s
Rendered 2244/3567, time remaining: 49s
Rendered 2245/3567, time remaining: 50s
Rendered 2246/3567, time remaining: 50s
Rendered 2247/3567, time remaining: 50s
Rendered 2248/3567, time remaining: 49s
Rendered 2249/3567, time remaining: 49s
Rendered 2250/3567, time remaining: 49s
Rendered 2251/3567, time remaining: 49s
Rendered 2252/3567, time remaining: 49s
Rendered 2253/3567, time remaining: 50s
Rendered 2254/3567, time remaining: 50s
Rendered 2255/3567, time remaining: 50s
Rendered 2256/3567, time remaining: 48s
Rendered 2257/3567, time remaining: 49s
Rendered 2258/3567, time remaining: 49s
Rendered 2259/3567, time remaining: 48s
Rendered 2260/3567, time remaining: 48s
Rendered 2261/3567, time remaining: 49s
Rendered 2262/3567, time remaining: 49s
Rendered 2263/3567, time remaining: 48s
Rendered 2264/3567, time remaining: 48s
Rendered 2265/3567, time remaining: 48s
Rendered 2266/3567, time remaining: 48s
Rendered 2267/3567, time remaining: 49s
Rendered 2268/3567, time remaining: 48s
Rendered 2269/3567, time remaining: 48s
Rendered 2270/3567, time remaining: 48s
Rendered 2271/3567, time remaining: 49s
Rendered 2272/3567, time remaining: 48s
Rendered 2273/3567, time remaining: 48s
Rendered 2274/3567, time remaining: 48s
Rendered 2275/3567, time remaining: 48s
Rendered 2276/3567, time remaining: 48s
Rendered 2277/3567, time remaining: 48s
Rendered 2278/3567, time remaining: 47s
Rendered 2279/3567, time remaining: 48s
Rendered 2280/3567, time remaining: 48s
Rendered 2281/3567, time remaining: 48s
Rendered 2282/3567, time remaining: 48s
Rendered 2283/3567, time remaining: 48s
Rendered 2284/3567, time remaining: 48s
Rendered 2285/3567, time remaining: 48s
Rendered 2286/3567, time remaining: 47s
Rendered 2287/3567, time remaining: 47s
Rendered 2288/3567, time remaining: 47s
Rendered 2289/3567, time remaining: 47s
Rendered 2290/3567, time remaining: 47s
Rendered 2291/3567, time remaining: 47s
Rendered 2292/3567, time remaining: 47s
Rendered 2293/3567, time remaining: 46s
Rendered 2294/3567, time remaining: 46s
Rendered 2295/3567, time remaining: 46s
Rendered 2296/3567, time remaining: 46s
Rendered 2297/3567, time remaining: 47s
Rendered 2298/3567, time remaining: 47s
Rendered 2299/3567, time remaining: 47s
Rendered 2300/3567, time remaining: 46s
Rendered 2301/3567, time remaining: 46s
Rendered 2302/3567, time remaining: 46s
Rendered 2303/3567, time remaining: 46s
Rendered 2304/3567, time remaining: 46s
Rendered 2305/3567, time remaining: 47s
Rendered 2306/3567, time remaining: 46s
Rendered 2307/3567, time remaining: 46s
Rendered 2308/3567, time remaining: 46s
Rendered 2309/3567, time remaining: 46s
Rendered 2310/3567, time remaining: 46s
Rendered 2311/3567, time remaining: 45s
Rendered 2312/3567, time remaining: 45s
Rendered 2313/3567, time remaining: 46s
Rendered 2314/3567, time remaining: 46s
Rendered 2315/3567, time remaining: 45s
Rendered 2316/3567, time remaining: 45s
Rendered 2317/3567, time remaining: 46s
Rendered 2318/3567, time remaining: 46s
Rendered 2319/3567, time remaining: 45s
Rendered 2320/3567, time remaining: 45s
Rendered 2321/3567, time remaining: 45s
Rendered 2322/3567, time remaining: 45s
Rendered 2323/3567, time remaining: 44s
Rendered 2324/3567, time remaining: 45s
Rendered 2325/3567, time remaining: 46s
Rendered 2326/3567, time remaining: 45s
Rendered 2327/3567, time remaining: 45s
Rendered 2328/3567, time remaining: 44s
Rendered 2329/3567, time remaining: 44s
Rendered 2330/3567, time remaining: 44s
Rendered 2331/3567, time remaining: 44s
Rendered 2332/3567, time remaining: 44s
Rendered 2333/3567, time remaining: 45s
Rendered 2334/3567, time remaining: 45s
Rendered 2335/3567, time remaining: 45s
Rendered 2336/3567, time remaining: 44s
Rendered 2337/3567, time remaining: 44s
Rendered 2338/3567, time remaining: 44s
Rendered 2339/3567, time remaining: 44s
Rendered 2340/3567, time remaining: 43s
Rendered 2341/3567, time remaining: 44s
Rendered 2342/3567, time remaining: 45s
Rendered 2343/3567, time remaining: 45s
Rendered 2344/3567, time remaining: 44s
Rendered 2345/3567, time remaining: 44s
Rendered 2346/3567, time remaining: 44s
Rendered 2347/3567, time remaining: 44s
Rendered 2348/3567, time remaining: 44s
Rendered 2349/3567, time remaining: 44s
Rendered 2350/3567, time remaining: 44s
Rendered 2351/3567, time remaining: 44s
Rendered 2352/3567, time remaining: 43s
Rendered 2353/3567, time remaining: 43s
Rendered 2354/3567, time remaining: 44s
Rendered 2355/3567, time remaining: 43s
Rendered 2356/3567, time remaining: 43s
Rendered 2357/3567, time remaining: 44s
Rendered 2358/3567, time remaining: 44s
Rendered 2359/3567, time remaining: 44s
Rendered 2360/3567, time remaining: 43s
Rendered 2361/3567, time remaining: 43s
Rendered 2362/3567, time remaining: 43s
Rendered 2363/3567, time remaining: 43s
Rendered 2364/3567, time remaining: 43s
Rendered 2365/3567, time remaining: 44s
Rendered 2366/3567, time remaining: 44s
Rendered 2367/3567, time remaining: 44s
Rendered 2368/3567, time remaining: 44s
Rendered 2369/3567, time remaining: 43s
Rendered 2370/3567, time remaining: 43s
Rendered 2371/3567, time remaining: 43s
Rendered 2372/3567, time remaining: 43s
Rendered 2373/3567, time remaining: 43s
Rendered 2374/3567, time remaining: 42s
Rendered 2375/3567, time remaining: 44s
Rendered 2376/3567, time remaining: 43s
Rendered 2377/3567, time remaining: 43s
Rendered 2378/3567, time remaining: 43s
Rendered 2379/3567, time remaining: 42s
Rendered 2380/3567, time remaining: 42s
Rendered 2381/3567, time remaining: 43s
Rendered 2382/3567, time remaining: 43s
Rendered 2383/3567, time remaining: 43s
Rendered 2384/3567, time remaining: 44s
Rendered 2385/3567, time remaining: 43s
Rendered 2386/3567, time remaining: 43s
Rendered 2387/3567, time remaining: 42s
Rendered 2388/3567, time remaining: 42s
Rendered 2389/3567, time remaining: 43s
Rendered 2390/3567, time remaining: 42s
Rendered 2391/3567, time remaining: 43s
Rendered 2392/3567, time remaining: 43s
Rendered 2393/3567, time remaining: 43s
Rendered 2394/3567, time remaining: 42s
Rendered 2395/3567, time remaining: 42s
Rendered 2396/3567, time remaining: 42s
Rendered 2397/3567, time remaining: 42s
Rendered 2398/3567, time remaining: 42s
Rendered 2399/3567, time remaining: 42s
Rendered 2400/3567, time remaining: 42s
Rendered 2401/3567, time remaining: 43s
Rendered 2402/3567, time remaining: 43s
Rendered 2403/3567, time remaining: 42s
Rendered 2404/3567, time remaining: 42s
Rendered 2405/3567, time remaining: 42s
Rendered 2406/3567, time remaining: 42s
Rendered 2407/3567, time remaining: 42s
Rendered 2408/3567, time remaining: 42s
Rendered 2409/3567, time remaining: 42s
Rendered 2410/3567, time remaining: 42s
Rendered 2411/3567, time remaining: 41s
Rendered 2412/3567, time remaining: 41s
Rendered 2413/3567, time remaining: 41s
Rendered 2414/3567, time remaining: 42s
Rendered 2415/3567, time remaining: 42s
Rendered 2416/3567, time remaining: 42s
Rendered 2417/3567, time remaining: 41s
Rendered 2418/3567, time remaining: 41s
Rendered 2419/3567, time remaining: 41s
Rendered 2420/3567, time remaining: 41s
Rendered 2421/3567, time remaining: 41s
Rendered 2422/3567, time remaining: 40s
Rendered 2423/3567, time remaining: 41s
Rendered 2424/3567, time remaining: 41s
Rendered 2425/3567, time remaining: 41s
Rendered 2426/3567, time remaining: 41s
Rendered 2427/3567, time remaining: 41s
Rendered 2428/3567, time remaining: 42s
Rendered 2429/3567, time remaining: 40s
Rendered 2430/3567, time remaining: 40s
Rendered 2431/3567, time remaining: 41s
Rendered 2432/3567, time remaining: 40s
Rendered 2433/3567, time remaining: 41s
Rendered 2434/3567, time remaining: 41s
Rendered 2435/3567, time remaining: 41s
Rendered 2436/3567, time remaining: 41s
Rendered 2437/3567, time remaining: 40s
Rendered 2438/3567, time remaining: 40s
Rendered 2439/3567, time remaining: 40s
Rendered 2440/3567, time remaining: 40s
Rendered 2441/3567, time remaining: 40s
Rendered 2442/3567, time remaining: 41s
Rendered 2443/3567, time remaining: 41s
Rendered 2444/3567, time remaining: 41s
Rendered 2445/3567, time remaining: 40s
Rendered 2446/3567, time remaining: 40s
Rendered 2447/3567, time remaining: 39s
Rendered 2448/3567, time remaining: 40s
Rendered 2449/3567, time remaining: 40s
Rendered 2450/3567, time remaining: 40s
Rendered 2451/3567, time remaining: 40s
Rendered 2452/3567, time remaining: 40s
Rendered 2453/3567, time remaining: 40s
Rendered 2454/3567, time remaining: 40s
Rendered 2455/3567, time remaining: 39s
Rendered 2456/3567, time remaining: 39s
Rendered 2457/3567, time remaining: 40s
Rendered 2458/3567, time remaining: 40s
Rendered 2459/3567, time remaining: 40s
Rendered 2460/3567, time remaining: 40s
Rendered 2461/3567, time remaining: 40s
Rendered 2462/3567, time remaining: 40s
Rendered 2463/3567, time remaining: 39s
Rendered 2464/3567, time remaining: 40s
Rendered 2465/3567, time remaining: 40s
Rendered 2466/3567, time remaining: 39s
Rendered 2467/3567, time remaining: 39s
Rendered 2468/3567, time remaining: 39s
Rendered 2469/3567, time remaining: 39s
Rendered 2470/3567, time remaining: 40s
Rendered 2471/3567, time remaining: 40s
Rendered 2472/3567, time remaining: 39s
Rendered 2473/3567, time remaining: 39s
Rendered 2474/3567, time remaining: 39s
Rendered 2475/3567, time remaining: 38s
Rendered 2476/3567, time remaining: 38s
Rendered 2477/3567, time remaining: 39s
Rendered 2478/3567, time remaining: 40s
Rendered 2479/3567, time remaining: 39s
Rendered 2480/3567, time remaining: 40s
Rendered 2481/3567, time remaining: 40s
Rendered 2482/3567, time remaining: 39s
Rendered 2483/3567, time remaining: 38s
Rendered 2484/3567, time remaining: 38s
Rendered 2485/3567, time remaining: 38s
Rendered 2486/3567, time remaining: 39s
Rendered 2487/3567, time remaining: 39s
Rendered 2488/3567, time remaining: 39s
Rendered 2489/3567, time remaining: 39s
Rendered 2490/3567, time remaining: 39s
Rendered 2491/3567, time remaining: 39s
Rendered 2492/3567, time remaining: 38s
Rendered 2493/3567, time remaining: 38s
Rendered 2494/3567, time remaining: 38s
Rendered 2495/3567, time remaining: 39s
Rendered 2496/3567, time remaining: 39s
Rendered 2497/3567, time remaining: 39s
Rendered 2498/3567, time remaining: 39s
Rendered 2499/3567, time remaining: 39s
Rendered 2500/3567, time remaining: 38s
Rendered 2501/3567, time remaining: 38s
Rendered 2502/3567, time remaining: 38s
Rendered 2503/3567, time remaining: 38s
Rendered 2504/3567, time remaining: 38s
Rendered 2505/3567, time remaining: 38s
Rendered 2506/3567, time remaining: 39s
Rendered 2507/3567, time remaining: 38s
Rendered 2508/3567, time remaining: 38s
Rendered 2509/3567, time remaining: 38s
Rendered 2510/3567, time remaining: 38s
Rendered 2511/3567, time remaining: 38s
Rendered 2512/3567, time remaining: 38s
Rendered 2513/3567, time remaining: 38s
Rendered 2514/3567, time remaining: 38s
Rendered 2515/3567, time remaining: 38s
Rendered 2516/3567, time remaining: 38s
Rendered 2517/3567, time remaining: 37s
Rendered 2518/3567, time remaining: 38s
Rendered 2519/3567, time remaining: 38s
Rendered 2520/3567, time remaining: 38s
Rendered 2521/3567, time remaining: 38s
Rendered 2522/3567, time remaining: 38s
Rendered 2523/3567, time remaining: 38s
Rendered 2524/3567, time remaining: 38s
Rendered 2525/3567, time remaining: 37s
Rendered 2526/3567, time remaining: 38s
Rendered 2527/3567, time remaining: 37s
Rendered 2528/3567, time remaining: 37s
Rendered 2529/3567, time remaining: 37s
Rendered 2530/3567, time remaining: 37s
Rendered 2531/3567, time remaining: 37s
Rendered 2532/3567, time remaining: 37s
Rendered 2533/3567, time remaining: 37s
Rendered 2534/3567, time remaining: 37s
Rendered 2535/3567, time remaining: 37s
Rendered 2536/3567, time remaining: 37s
Rendered 2537/3567, time remaining: 37s
Rendered 2538/3567, time remaining: 37s
Rendered 2539/3567, time remaining: 37s
Rendered 2540/3567, time remaining: 37s
Rendered 2541/3567, time remaining: 36s
Rendered 2542/3567, time remaining: 36s
Rendered 2543/3567, time remaining: 37s
Rendered 2544/3567, time remaining: 37s
Rendered 2545/3567, time remaining: 37s
Rendered 2546/3567, time remaining: 37s
Rendered 2547/3567, time remaining: 37s
Rendered 2548/3567, time remaining: 36s
Rendered 2549/3567, time remaining: 36s
Rendered 2550/3567, time remaining: 36s
Rendered 2551/3567, time remaining: 36s
Rendered 2552/3567, time remaining: 37s
Rendered 2553/3567, time remaining: 37s
Rendered 2554/3567, time remaining: 36s
Rendered 2555/3567, time remaining: 36s
Rendered 2556/3567, time remaining: 36s
Rendered 2557/3567, time remaining: 36s
Rendered 2558/3567, time remaining: 36s
Rendered 2559/3567, time remaining: 37s
Rendered 2560/3567, time remaining: 37s
Rendered 2561/3567, time remaining: 37s
Rendered 2562/3567, time remaining: 37s
Rendered 2563/3567, time remaining: 36s
Rendered 2564/3567, time remaining: 35s
Rendered 2565/3567, time remaining: 35s
Rendered 2566/3567, time remaining: 36s
Rendered 2567/3567, time remaining: 36s
Rendered 2568/3567, time remaining: 36s
Rendered 2569/3567, time remaining: 36s
Rendered 2570/3567, time remaining: 36s
Rendered 2571/3567, time remaining: 36s
Rendered 2572/3567, time remaining: 36s
Rendered 2573/3567, time remaining: 35s
Rendered 2574/3567, time remaining: 36s
Rendered 2575/3567, time remaining: 36s
Rendered 2576/3567, time remaining: 36s
Rendered 2577/3567, time remaining: 36s
Rendered 2578/3567, time remaining: 35s
Rendered 2579/3567, time remaining: 35s
Rendered 2580/3567, time remaining: 35s
Rendered 2581/3567, time remaining: 35s
Rendered 2582/3567, time remaining: 35s
Rendered 2583/3567, time remaining: 35s
Rendered 2584/3567, time remaining: 36s
Rendered 2585/3567, time remaining: 36s
Rendered 2586/3567, time remaining: 36s
Rendered 2587/3567, time remaining: 36s
Rendered 2588/3567, time remaining: 36s
Rendered 2589/3567, time remaining: 35s
Rendered 2590/3567, time remaining: 35s
Rendered 2591/3567, time remaining: 35s
Rendered 2592/3567, time remaining: 34s
Rendered 2593/3567, time remaining: 35s
Rendered 2594/3567, time remaining: 35s
Rendered 2595/3567, time remaining: 35s
Rendered 2596/3567, time remaining: 35s
Rendered 2597/3567, time remaining: 35s
Rendered 2598/3567, time remaining: 34s
Rendered 2599/3567, time remaining: 34s
Rendered 2600/3567, time remaining: 34s
Rendered 2601/3567, time remaining: 34s
Rendered 2602/3567, time remaining: 34s
Rendered 2603/3567, time remaining: 36s
Rendered 2604/3567, time remaining: 35s
Rendered 2605/3567, time remaining: 35s
Rendered 2606/3567, time remaining: 34s
Rendered 2607/3567, time remaining: 34s
Rendered 2608/3567, time remaining: 34s
Rendered 2609/3567, time remaining: 34s
Rendered 2610/3567, time remaining: 34s
Rendered 2611/3567, time remaining: 34s
Rendered 2612/3567, time remaining: 35s
Rendered 2613/3567, time remaining: 35s
Rendered 2614/3567, time remaining: 34s
Rendered 2615/3567, time remaining: 34s
Rendered 2616/3567, time remaining: 34s
Rendered 2617/3567, time remaining: 34s
Rendered 2618/3567, time remaining: 34s
Rendered 2619/3567, time remaining: 34s
Rendered 2620/3567, time remaining: 33s
Rendered 2621/3567, time remaining: 33s
Rendered 2622/3567, time remaining: 33s
Rendered 2623/3567, time remaining: 32s
Rendered 2624/3567, time remaining: 32s
Rendered 2625/3567, time remaining: 32s
Rendered 2626/3567, time remaining: 32s
Rendered 2627/3567, time remaining: 32s
Rendered 2628/3567, time remaining: 31s
Rendered 2629/3567, time remaining: 31s
Rendered 2630/3567, time remaining: 31s
Rendered 2631/3567, time remaining: 31s
Rendered 2632/3567, time remaining: 31s
Rendered 2633/3567, time remaining: 32s
Rendered 2634/3567, time remaining: 32s
Rendered 2635/3567, time remaining: 32s
Rendered 2636/3567, time remaining: 30s
Rendered 2637/3567, time remaining: 30s
Rendered 2638/3567, time remaining: 31s
Rendered 2639/3567, time remaining: 31s
Rendered 2640/3567, time remaining: 31s
Rendered 2641/3567, time remaining: 31s
Rendered 2642/3567, time remaining: 31s
Rendered 2643/3567, time remaining: 31s
Rendered 2644/3567, time remaining: 31s
Rendered 2645/3567, time remaining: 30s
Rendered 2646/3567, time remaining: 30s
Rendered 2647/3567, time remaining: 30s
Rendered 2648/3567, time remaining: 31s
Rendered 2649/3567, time remaining: 30s
Rendered 2650/3567, time remaining: 31s
Rendered 2651/3567, time remaining: 31s
Rendered 2652/3567, time remaining: 30s
Rendered 2653/3567, time remaining: 30s
Rendered 2654/3567, time remaining: 31s
Rendered 2655/3567, time remaining: 30s
Rendered 2656/3567, time remaining: 30s
Rendered 2657/3567, time remaining: 30s
Rendered 2658/3567, time remaining: 30s
Rendered 2659/3567, time remaining: 30s
Rendered 2660/3567, time remaining: 30s
Rendered 2661/3567, time remaining: 30s
Rendered 2662/3567, time remaining: 30s
Rendered 2663/3567, time remaining: 30s
Rendered 2664/3567, time remaining: 30s
Rendered 2665/3567, time remaining: 29s
Rendered 2666/3567, time remaining: 30s
Rendered 2667/3567, time remaining: 30s
Rendered 2668/3567, time remaining: 29s
Rendered 2669/3567, time remaining: 29s
Rendered 2670/3567, time remaining: 30s
Rendered 2671/3567, time remaining: 30s
Rendered 2672/3567, time remaining: 29s
Rendered 2673/3567, time remaining: 29s
Rendered 2674/3567, time remaining: 29s
Rendered 2675/3567, time remaining: 29s
Rendered 2676/3567, time remaining: 29s
Rendered 2677/3567, time remaining: 29s
Rendered 2678/3567, time remaining: 29s
Rendered 2679/3567, time remaining: 29s
Rendered 2680/3567, time remaining: 30s
Rendered 2681/3567, time remaining: 30s
Rendered 2682/3567, time remaining: 30s
Rendered 2683/3567, time remaining: 30s
Rendered 2684/3567, time remaining: 29s
Rendered 2685/3567, time remaining: 29s
Rendered 2686/3567, time remaining: 29s
Rendered 2687/3567, time remaining: 28s
Rendered 2688/3567, time remaining: 28s
Rendered 2689/3567, time remaining: 30s
Rendered 2690/3567, time remaining: 29s
Rendered 2691/3567, time remaining: 29s
Rendered 2692/3567, time remaining: 29s
Rendered 2693/3567, time remaining: 29s
Rendered 2694/3567, time remaining: 29s
Rendered 2695/3567, time remaining: 28s
Rendered 2696/3567, time remaining: 28s
Rendered 2697/3567, time remaining: 29s
Rendered 2698/3567, time remaining: 29s
Rendered 2699/3567, time remaining: 29s
Rendered 2700/3567, time remaining: 29s
Rendered 2701/3567, time remaining: 29s
Rendered 2702/3567, time remaining: 28s
Rendered 2703/3567, time remaining: 28s
Rendered 2704/3567, time remaining: 28s
Rendered 2705/3567, time remaining: 29s
Rendered 2706/3567, time remaining: 29s
Rendered 2707/3567, time remaining: 29s
Rendered 2708/3567, time remaining: 29s
Rendered 2709/3567, time remaining: 28s
Rendered 2710/3567, time remaining: 28s
Rendered 2711/3567, time remaining: 28s
Rendered 2712/3567, time remaining: 28s
Rendered 2713/3567, time remaining: 29s
Rendered 2714/3567, time remaining: 29s
Rendered 2715/3567, time remaining: 29s
Rendered 2716/3567, time remaining: 28s
Rendered 2717/3567, time remaining: 28s
Rendered 2718/3567, time remaining: 28s
Rendered 2719/3567, time remaining: 28s
Rendered 2720/3567, time remaining: 28s
Rendered 2721/3567, time remaining: 28s
Rendered 2722/3567, time remaining: 28s
Rendered 2723/3567, time remaining: 28s
Rendered 2724/3567, time remaining: 28s
Rendered 2725/3567, time remaining: 28s
Rendered 2726/3567, time remaining: 28s
Rendered 2727/3567, time remaining: 28s
Rendered 2728/3567, time remaining: 27s
Rendered 2729/3567, time remaining: 28s
Rendered 2730/3567, time remaining: 28s
Rendered 2731/3567, time remaining: 28s
Rendered 2732/3567, time remaining: 28s
Rendered 2733/3567, time remaining: 28s
Rendered 2734/3567, time remaining: 27s
Rendered 2735/3567, time remaining: 27s
Rendered 2736/3567, time remaining: 27s
Rendered 2737/3567, time remaining: 27s
Rendered 2738/3567, time remaining: 28s
Rendered 2739/3567, time remaining: 27s
Rendered 2740/3567, time remaining: 27s
Rendered 2741/3567, time remaining: 28s
Rendered 2742/3567, time remaining: 27s
Rendered 2743/3567, time remaining: 27s
Rendered 2744/3567, time remaining: 26s
Rendered 2745/3567, time remaining: 26s
Rendered 2746/3567, time remaining: 27s
Rendered 2747/3567, time remaining: 27s
Rendered 2748/3567, time remaining: 27s
Rendered 2749/3567, time remaining: 27s
Rendered 2750/3567, time remaining: 27s
Rendered 2751/3567, time remaining: 27s
Rendered 2752/3567, time remaining: 27s
Rendered 2753/3567, time remaining: 26s
Rendered 2754/3567, time remaining: 27s
Rendered 2755/3567, time remaining: 27s
Rendered 2756/3567, time remaining: 27s
Rendered 2757/3567, time remaining: 27s
Rendered 2758/3567, time remaining: 27s
Rendered 2759/3567, time remaining: 27s
Rendered 2760/3567, time remaining: 27s
Rendered 2761/3567, time remaining: 27s
Rendered 2762/3567, time remaining: 26s
Rendered 2763/3567, time remaining: 26s
Rendered 2764/3567, time remaining: 27s
Rendered 2765/3567, time remaining: 27s
Rendered 2766/3567, time remaining: 26s
Rendered 2767/3567, time remaining: 26s
Rendered 2768/3567, time remaining: 27s
Rendered 2769/3567, time remaining: 27s
Rendered 2770/3567, time remaining: 27s
Rendered 2771/3567, time remaining: 27s
Rendered 2772/3567, time remaining: 27s
Rendered 2773/3567, time remaining: 27s
Rendered 2774/3567, time remaining: 27s
Rendered 2775/3567, time remaining: 27s
Rendered 2776/3567, time remaining: 27s
Rendered 2777/3567, time remaining: 27s
Rendered 2778/3567, time remaining: 28s
Rendered 2779/3567, time remaining: 28s
Rendered 2780/3567, time remaining: 28s
Rendered 2781/3567, time remaining: 28s
Rendered 2782/3567, time remaining: 28s
Rendered 2783/3567, time remaining: 28s
Rendered 2784/3567, time remaining: 28s
Rendered 2785/3567, time remaining: 27s
Rendered 2786/3567, time remaining: 28s
Rendered 2787/3567, time remaining: 28s
Rendered 2788/3567, time remaining: 27s
Rendered 2789/3567, time remaining: 27s
Rendered 2790/3567, time remaining: 28s
Rendered 2791/3567, time remaining: 27s
Rendered 2792/3567, time remaining: 28s
Rendered 2793/3567, time remaining: 28s
Rendered 2794/3567, time remaining: 27s
Rendered 2795/3567, time remaining: 28s
Rendered 2796/3567, time remaining: 27s
Rendered 2797/3567, time remaining: 27s
Rendered 2798/3567, time remaining: 27s
Rendered 2799/3567, time remaining: 27s
Rendered 2800/3567, time remaining: 27s
Rendered 2801/3567, time remaining: 27s
Rendered 2802/3567, time remaining: 27s
Rendered 2803/3567, time remaining: 27s
Rendered 2804/3567, time remaining: 27s
Rendered 2805/3567, time remaining: 27s
Rendered 2806/3567, time remaining: 27s
Rendered 2807/3567, time remaining: 27s
Rendered 2808/3567, time remaining: 27s
Rendered 2809/3567, time remaining: 27s
Rendered 2810/3567, time remaining: 27s
Rendered 2811/3567, time remaining: 27s
Rendered 2812/3567, time remaining: 27s
Rendered 2813/3567, time remaining: 27s
Rendered 2814/3567, time remaining: 27s
Rendered 2815/3567, time remaining: 27s
Rendered 2816/3567, time remaining: 26s
Rendered 2817/3567, time remaining: 27s
Rendered 2818/3567, time remaining: 27s
Rendered 2819/3567, time remaining: 27s
Rendered 2820/3567, time remaining: 27s
Rendered 2821/3567, time remaining: 26s
Rendered 2822/3567, time remaining: 26s
Rendered 2823/3567, time remaining: 26s
Rendered 2824/3567, time remaining: 27s
Rendered 2825/3567, time remaining: 27s
Rendered 2826/3567, time remaining: 27s
Rendered 2827/3567, time remaining: 27s
Rendered 2828/3567, time remaining: 26s
Rendered 2829/3567, time remaining: 26s
Rendered 2830/3567, time remaining: 26s
Rendered 2831/3567, time remaining: 26s
Rendered 2832/3567, time remaining: 26s
Rendered 2833/3567, time remaining: 26s
Rendered 2834/3567, time remaining: 26s
Rendered 2835/3567, time remaining: 26s
Rendered 2836/3567, time remaining: 26s
Rendered 2837/3567, time remaining: 26s
Rendered 2838/3567, time remaining: 27s
Rendered 2839/3567, time remaining: 26s
Rendered 2840/3567, time remaining: 26s
Rendered 2841/3567, time remaining: 26s
Rendered 2842/3567, time remaining: 26s
Rendered 2843/3567, time remaining: 26s
Rendered 2844/3567, time remaining: 26s
Rendered 2845/3567, time remaining: 26s
Rendered 2846/3567, time remaining: 26s
Rendered 2847/3567, time remaining: 25s
Rendered 2848/3567, time remaining: 25s
Rendered 2849/3567, time remaining: 25s
Rendered 2850/3567, time remaining: 25s
Rendered 2851/3567, time remaining: 26s
Rendered 2852/3567, time remaining: 25s
Rendered 2853/3567, time remaining: 26s
Rendered 2854/3567, time remaining: 25s
Rendered 2855/3567, time remaining: 25s
Rendered 2856/3567, time remaining: 25s
Rendered 2857/3567, time remaining: 25s
Rendered 2858/3567, time remaining: 26s
Rendered 2859/3567, time remaining: 25s
Rendered 2860/3567, time remaining: 25s
Rendered 2861/3567, time remaining: 25s
Rendered 2862/3567, time remaining: 25s
Rendered 2863/3567, time remaining: 25s
Rendered 2864/3567, time remaining: 25s
Rendered 2865/3567, time remaining: 25s
Rendered 2866/3567, time remaining: 25s
Rendered 2867/3567, time remaining: 25s
Rendered 2868/3567, time remaining: 25s
Rendered 2869/3567, time remaining: 25s
Rendered 2870/3567, time remaining: 25s
Rendered 2871/3567, time remaining: 25s
Rendered 2872/3567, time remaining: 25s
Rendered 2873/3567, time remaining: 25s
Rendered 2874/3567, time remaining: 25s
Rendered 2875/3567, time remaining: 25s
Rendered 2876/3567, time remaining: 25s
Rendered 2877/3567, time remaining: 25s
Rendered 2878/3567, time remaining: 25s
Rendered 2879/3567, time remaining: 25s
Rendered 2880/3567, time remaining: 25s
Rendered 2881/3567, time remaining: 25s
Rendered 2882/3567, time remaining: 25s
Rendered 2883/3567, time remaining: 25s
Rendered 2884/3567, time remaining: 25s
Rendered 2885/3567, time remaining: 25s
Rendered 2886/3567, time remaining: 25s
Rendered 2887/3567, time remaining: 25s
Rendered 2888/3567, time remaining: 24s
Rendered 2889/3567, time remaining: 25s
Rendered 2890/3567, time remaining: 25s
Rendered 2891/3567, time remaining: 25s
Rendered 2892/3567, time remaining: 25s
Rendered 2893/3567, time remaining: 25s
Rendered 2894/3567, time remaining: 25s
Rendered 2895/3567, time remaining: 25s
Rendered 2896/3567, time remaining: 24s
Rendered 2897/3567, time remaining: 24s
Rendered 2898/3567, time remaining: 25s
Rendered 2899/3567, time remaining: 25s
Rendered 2900/3567, time remaining: 24s
Rendered 2901/3567, time remaining: 24s
Rendered 2902/3567, time remaining: 25s
Rendered 2903/3567, time remaining: 24s
Rendered 2904/3567, time remaining: 24s
Rendered 2905/3567, time remaining: 24s
Rendered 2906/3567, time remaining: 24s
Rendered 2907/3567, time remaining: 24s
Rendered 2908/3567, time remaining: 24s
Rendered 2909/3567, time remaining: 24s
Rendered 2910/3567, time remaining: 24s
Rendered 2911/3567, time remaining: 24s
Rendered 2912/3567, time remaining: 24s
Rendered 2913/3567, time remaining: 24s
Rendered 2914/3567, time remaining: 24s
Rendered 2915/3567, time remaining: 24s
Rendered 2916/3567, time remaining: 24s
Rendered 2917/3567, time remaining: 24s
Rendered 2918/3567, time remaining: 24s
Rendered 2919/3567, time remaining: 24s
Rendered 2920/3567, time remaining: 23s
Rendered 2921/3567, time remaining: 24s
Rendered 2922/3567, time remaining: 24s
Rendered 2923/3567, time remaining: 24s
Rendered 2924/3567, time remaining: 24s
Rendered 2925/3567, time remaining: 24s
Rendered 2926/3567, time remaining: 24s
Rendered 2927/3567, time remaining: 24s
Rendered 2928/3567, time remaining: 23s
Rendered 2929/3567, time remaining: 23s
Rendered 2930/3567, time remaining: 23s
Rendered 2931/3567, time remaining: 23s
Rendered 2932/3567, time remaining: 23s
Rendered 2933/3567, time remaining: 23s
Rendered 2934/3567, time remaining: 23s
Rendered 2935/3567, time remaining: 23s
Rendered 2936/3567, time remaining: 23s
Rendered 2937/3567, time remaining: 23s
Rendered 2938/3567, time remaining: 23s
Rendered 2939/3567, time remaining: 24s
Rendered 2940/3567, time remaining: 23s
Rendered 2941/3567, time remaining: 23s
Rendered 2942/3567, time remaining: 23s
Rendered 2943/3567, time remaining: 23s
Rendered 2944/3567, time remaining: 23s
Rendered 2945/3567, time remaining: 23s
Rendered 2946/3567, time remaining: 23s
Rendered 2947/3567, time remaining: 23s
Rendered 2948/3567, time remaining: 23s
Rendered 2949/3567, time remaining: 23s
Rendered 2950/3567, time remaining: 23s
Rendered 2951/3567, time remaining: 23s
Rendered 2952/3567, time remaining: 23s
Rendered 2953/3567, time remaining: 23s
Rendered 2954/3567, time remaining: 23s
Rendered 2955/3567, time remaining: 22s
Rendered 2956/3567, time remaining: 22s
Rendered 2957/3567, time remaining: 22s
Rendered 2958/3567, time remaining: 22s
Rendered 2959/3567, time remaining: 22s
Rendered 2960/3567, time remaining: 22s
Rendered 2961/3567, time remaining: 22s
Rendered 2962/3567, time remaining: 23s
Rendered 2963/3567, time remaining: 22s
Rendered 2964/3567, time remaining: 22s
Rendered 2965/3567, time remaining: 22s
Rendered 2966/3567, time remaining: 22s
Rendered 2967/3567, time remaining: 22s
Rendered 2968/3567, time remaining: 22s
Rendered 2969/3567, time remaining: 22s
Rendered 2970/3567, time remaining: 22s
Rendered 2971/3567, time remaining: 22s
Rendered 2972/3567, time remaining: 22s
Rendered 2973/3567, time remaining: 22s
Rendered 2974/3567, time remaining: 22s
Rendered 2975/3567, time remaining: 22s
Rendered 2976/3567, time remaining: 22s
Rendered 2977/3567, time remaining: 22s
Rendered 2978/3567, time remaining: 22s
Rendered 2979/3567, time remaining: 22s
Rendered 2980/3567, time remaining: 22s
Rendered 2981/3567, time remaining: 21s
Rendered 2982/3567, time remaining: 21s
Rendered 2983/3567, time remaining: 21s
Rendered 2984/3567, time remaining: 22s
Rendered 2985/3567, time remaining: 22s
Rendered 2986/3567, time remaining: 21s
Rendered 2987/3567, time remaining: 22s
Rendered 2988/3567, time remaining: 22s
Rendered 2989/3567, time remaining: 21s
Rendered 2990/3567, time remaining: 21s
Rendered 2991/3567, time remaining: 21s
Rendered 2992/3567, time remaining: 21s
Rendered 2993/3567, time remaining: 21s
Rendered 2994/3567, time remaining: 21s
Rendered 2995/3567, time remaining: 21s
Rendered 2996/3567, time remaining: 21s
Rendered 2997/3567, time remaining: 21s
Rendered 2998/3567, time remaining: 21s
Rendered 2999/3567, time remaining: 21s
Rendered 3000/3567, time remaining: 21s
Rendered 3001/3567, time remaining: 21s
Rendered 3002/3567, time remaining: 21s
Rendered 3003/3567, time remaining: 21s
Rendered 3004/3567, time remaining: 21s
Rendered 3005/3567, time remaining: 21s
Rendered 3006/3567, time remaining: 21s
Rendered 3007/3567, time remaining: 21s
Rendered 3008/3567, time remaining: 20s
Rendered 3009/3567, time remaining: 21s
Rendered 3010/3567, time remaining: 21s
Rendered 3011/3567, time remaining: 21s
Rendered 3012/3567, time remaining: 21s
Rendered 3013/3567, time remaining: 20s
Rendered 3014/3567, time remaining: 20s
Rendered 3015/3567, time remaining: 20s
Rendered 3016/3567, time remaining: 20s
Rendered 3017/3567, time remaining: 20s
Rendered 3018/3567, time remaining: 20s
Rendered 3019/3567, time remaining: 20s
Rendered 3020/3567, time remaining: 20s
Rendered 3021/3567, time remaining: 20s
Rendered 3022/3567, time remaining: 20s
Rendered 3023/3567, time remaining: 20s
Rendered 3024/3567, time remaining: 20s
Rendered 3025/3567, time remaining: 20s
Rendered 3026/3567, time remaining: 20s
Rendered 3027/3567, time remaining: 20s
Rendered 3028/3567, time remaining: 20s
Rendered 3029/3567, time remaining: 20s
Rendered 3030/3567, time remaining: 20s
Rendered 3031/3567, time remaining: 20s
Rendered 3032/3567, time remaining: 20s
Rendered 3033/3567, time remaining: 20s
Rendered 3034/3567, time remaining: 20s
Rendered 3035/3567, time remaining: 20s
Rendered 3036/3567, time remaining: 20s
Rendered 3037/3567, time remaining: 20s
Rendered 3038/3567, time remaining: 20s
Rendered 3039/3567, time remaining: 19s
Rendered 3040/3567, time remaining: 19s
Rendered 3041/3567, time remaining: 19s
Rendered 3042/3567, time remaining: 19s
Rendered 3043/3567, time remaining: 19s
Rendered 3044/3567, time remaining: 19s
Rendered 3045/3567, time remaining: 19s
Rendered 3046/3567, time remaining: 19s
Rendered 3047/3567, time remaining: 19s
Rendered 3048/3567, time remaining: 19s
Rendered 3049/3567, time remaining: 19s
Rendered 3050/3567, time remaining: 19s
Rendered 3051/3567, time remaining: 19s
Rendered 3052/3567, time remaining: 19s
Rendered 3053/3567, time remaining: 19s
Rendered 3054/3567, time remaining: 19s
Rendered 3055/3567, time remaining: 19s
Rendered 3056/3567, time remaining: 19s
Rendered 3057/3567, time remaining: 19s
Rendered 3058/3567, time remaining: 19s
Rendered 3059/3567, time remaining: 19s
Rendered 3060/3567, time remaining: 19s
Rendered 3061/3567, time remaining: 19s
Rendered 3062/3567, time remaining: 19s
Rendered 3063/3567, time remaining: 19s
Rendered 3064/3567, time remaining: 18s
Rendered 3065/3567, time remaining: 18s
Rendered 3066/3567, time remaining: 18s
Rendered 3067/3567, time remaining: 19s
Rendered 3068/3567, time remaining: 19s
Rendered 3069/3567, time remaining: 18s
Rendered 3070/3567, time remaining: 18s
Rendered 3071/3567, time remaining: 18s
Rendered 3072/3567, time remaining: 18s
Rendered 3073/3567, time remaining: 18s
Rendered 3074/3567, time remaining: 18s
Rendered 3075/3567, time remaining: 18s
Rendered 3076/3567, time remaining: 18s
Rendered 3077/3567, time remaining: 18s
Rendered 3078/3567, time remaining: 18s
Rendered 3079/3567, time remaining: 18s
Rendered 3080/3567, time remaining: 18s
Rendered 3081/3567, time remaining: 18s
Rendered 3082/3567, time remaining: 18s
Rendered 3083/3567, time remaining: 18s
Rendered 3084/3567, time remaining: 18s
Rendered 3085/3567, time remaining: 18s
Rendered 3086/3567, time remaining: 18s
Rendered 3087/3567, time remaining: 18s
Rendered 3088/3567, time remaining: 18s
Rendered 3089/3567, time remaining: 17s
Rendered 3090/3567, time remaining: 17s
Rendered 3091/3567, time remaining: 17s
Rendered 3092/3567, time remaining: 17s
Rendered 3093/3567, time remaining: 17s
Rendered 3094/3567, time remaining: 17s
Rendered 3095/3567, time remaining: 17s
Rendered 3096/3567, time remaining: 17s
Rendered 3097/3567, time remaining: 17s
Rendered 3098/3567, time remaining: 17s
Rendered 3099/3567, time remaining: 17s
Rendered 3100/3567, time remaining: 17s
Rendered 3101/3567, time remaining: 17s
Rendered 3102/3567, time remaining: 17s
Rendered 3103/3567, time remaining: 17s
Rendered 3104/3567, time remaining: 17s
Rendered 3105/3567, time remaining: 17s
Rendered 3106/3567, time remaining: 17s
Rendered 3107/3567, time remaining: 17s
Rendered 3108/3567, time remaining: 17s
Rendered 3109/3567, time remaining: 17s
Rendered 3110/3567, time remaining: 17s
Rendered 3111/3567, time remaining: 17s
Rendered 3112/3567, time remaining: 17s
Rendered 3113/3567, time remaining: 17s
Rendered 3114/3567, time remaining: 16s
Rendered 3115/3567, time remaining: 16s
Rendered 3116/3567, time remaining: 17s
Rendered 3117/3567, time remaining: 16s
Rendered 3118/3567, time remaining: 16s
Rendered 3119/3567, time remaining: 17s
Rendered 3120/3567, time remaining: 16s
Rendered 3121/3567, time remaining: 16s
Rendered 3122/3567, time remaining: 16s
Rendered 3123/3567, time remaining: 16s
Rendered 3124/3567, time remaining: 16s
Rendered 3125/3567, time remaining: 16s
Rendered 3126/3567, time remaining: 16s
Rendered 3127/3567, time remaining: 16s
Rendered 3128/3567, time remaining: 16s
Rendered 3129/3567, time remaining: 16s
Rendered 3130/3567, time remaining: 16s
Rendered 3131/3567, time remaining: 16s
Rendered 3132/3567, time remaining: 16s
Rendered 3133/3567, time remaining: 16s
Rendered 3134/3567, time remaining: 16s
Rendered 3135/3567, time remaining: 16s
Rendered 3136/3567, time remaining: 16s
Rendered 3137/3567, time remaining: 15s
Rendered 3138/3567, time remaining: 15s
Rendered 3139/3567, time remaining: 15s
Rendered 3140/3567, time remaining: 15s
Rendered 3141/3567, time remaining: 15s
Rendered 3142/3567, time remaining: 15s
Rendered 3143/3567, time remaining: 15s
Rendered 3144/3567, time remaining: 15s
Rendered 3145/3567, time remaining: 15s
Rendered 3146/3567, time remaining: 15s
Rendered 3147/3567, time remaining: 15s
Rendered 3148/3567, time remaining: 15s
Rendered 3149/3567, time remaining: 15s
Rendered 3150/3567, time remaining: 15s
Rendered 3151/3567, time remaining: 15s
Rendered 3152/3567, time remaining: 15s
Rendered 3153/3567, time remaining: 15s
Rendered 3154/3567, time remaining: 15s
Rendered 3155/3567, time remaining: 15s
Rendered 3156/3567, time remaining: 15s
Rendered 3157/3567, time remaining: 15s
Rendered 3158/3567, time remaining: 15s
Rendered 3159/3567, time remaining: 14s
Rendered 3160/3567, time remaining: 15s
Rendered 3161/3567, time remaining: 15s
Rendered 3162/3567, time remaining: 15s
Rendered 3163/3567, time remaining: 15s
Rendered 3164/3567, time remaining: 14s
Rendered 3165/3567, time remaining: 15s
Rendered 3166/3567, time remaining: 15s
Rendered 3167/3567, time remaining: 15s
Rendered 3168/3567, time remaining: 15s
Rendered 3169/3567, time remaining: 14s
Rendered 3170/3567, time remaining: 14s
Rendered 3171/3567, time remaining: 14s
Rendered 3172/3567, time remaining: 14s
Rendered 3173/3567, time remaining: 14s
Rendered 3174/3567, time remaining: 14s
Rendered 3175/3567, time remaining: 14s
Rendered 3176/3567, time remaining: 14s
Rendered 3177/3567, time remaining: 14s
Rendered 3178/3567, time remaining: 14s
Rendered 3179/3567, time remaining: 14s
Rendered 3180/3567, time remaining: 14s
Rendered 3181/3567, time remaining: 14s
Rendered 3182/3567, time remaining: 14s
Rendered 3183/3567, time remaining: 14s
Rendered 3184/3567, time remaining: 14s
Rendered 3185/3567, time remaining: 14s
Rendered 3186/3567, time remaining: 13s
Rendered 3187/3567, time remaining: 13s
Rendered 3188/3567, time remaining: 13s
Rendered 3189/3567, time remaining: 14s
Rendered 3190/3567, time remaining: 14s
Rendered 3191/3567, time remaining: 14s
Rendered 3192/3567, time remaining: 13s
Rendered 3193/3567, time remaining: 13s
Rendered 3194/3567, time remaining: 13s
Rendered 3195/3567, time remaining: 13s
Rendered 3196/3567, time remaining: 13s
Rendered 3197/3567, time remaining: 13s
Rendered 3198/3567, time remaining: 13s
Rendered 3199/3567, time remaining: 13s
Rendered 3200/3567, time remaining: 13s
Rendered 3201/3567, time remaining: 13s
Rendered 3202/3567, time remaining: 13s
Rendered 3203/3567, time remaining: 13s
Rendered 3204/3567, time remaining: 13s
Rendered 3205/3567, time remaining: 13s
Rendered 3206/3567, time remaining: 13s
Rendered 3207/3567, time remaining: 13s
Rendered 3208/3567, time remaining: 13s
Rendered 3209/3567, time remaining: 13s
Rendered 3210/3567, time remaining: 13s
Rendered 3211/3567, time remaining: 13s
Rendered 3212/3567, time remaining: 13s
Rendered 3213/3567, time remaining: 13s
Rendered 3214/3567, time remaining: 13s
Rendered 3215/3567, time remaining: 12s
Rendered 3216/3567, time remaining: 12s
Rendered 3217/3567, time remaining: 12s
Rendered 3218/3567, time remaining: 12s
Rendered 3219/3567, time remaining: 12s
Rendered 3220/3567, time remaining: 12s
Rendered 3221/3567, time remaining: 12s
Rendered 3222/3567, time remaining: 12s
Rendered 3223/3567, time remaining: 12s
Rendered 3224/3567, time remaining: 12s
Rendered 3225/3567, time remaining: 12s
Rendered 3226/3567, time remaining: 12s
Rendered 3227/3567, time remaining: 12s
Rendered 3228/3567, time remaining: 12s
Rendered 3229/3567, time remaining: 12s
Rendered 3230/3567, time remaining: 12s
Rendered 3231/3567, time remaining: 12s
Rendered 3232/3567, time remaining: 12s
Rendered 3233/3567, time remaining: 12s
Rendered 3234/3567, time remaining: 12s
Rendered 3235/3567, time remaining: 12s
Rendered 3236/3567, time remaining: 12s
Rendered 3237/3567, time remaining: 12s
Rendered 3238/3567, time remaining: 12s
Rendered 3239/3567, time remaining: 12s
Rendered 3240/3567, time remaining: 12s
Rendered 3241/3567, time remaining: 12s
Rendered 3242/3567, time remaining: 12s
Rendered 3243/3567, time remaining: 11s
Rendered 3244/3567, time remaining: 11s
Rendered 3245/3567, time remaining: 12s
Rendered 3246/3567, time remaining: 11s
Rendered 3247/3567, time remaining: 11s
Rendered 3248/3567, time remaining: 11s
Rendered 3249/3567, time remaining: 11s
Rendered 3250/3567, time remaining: 11s
Rendered 3251/3567, time remaining: 11s
Rendered 3252/3567, time remaining: 11s
Rendered 3253/3567, time remaining: 11s
Rendered 3254/3567, time remaining: 11s
Rendered 3255/3567, time remaining: 11s
Rendered 3256/3567, time remaining: 11s
Rendered 3257/3567, time remaining: 11s
Rendered 3258/3567, time remaining: 11s
Rendered 3259/3567, time remaining: 11s
Rendered 3260/3567, time remaining: 11s
Rendered 3261/3567, time remaining: 11s
Rendered 3262/3567, time remaining: 11s
Rendered 3263/3567, time remaining: 11s
Rendered 3264/3567, time remaining: 11s
Rendered 3265/3567, time remaining: 11s
Rendered 3266/3567, time remaining: 10s
Rendered 3267/3567, time remaining: 11s
Rendered 3268/3567, time remaining: 11s
Rendered 3269/3567, time remaining: 11s
Rendered 3270/3567, time remaining: 11s
Rendered 3271/3567, time remaining: 11s
Rendered 3272/3567, time remaining: 11s
Rendered 3273/3567, time remaining: 10s
Rendered 3274/3567, time remaining: 10s
Rendered 3275/3567, time remaining: 10s
Rendered 3276/3567, time remaining: 10s
Rendered 3277/3567, time remaining: 10s
Rendered 3278/3567, time remaining: 10s
Rendered 3279/3567, time remaining: 10s
Rendered 3280/3567, time remaining: 10s
Rendered 3281/3567, time remaining: 10s
Rendered 3282/3567, time remaining: 10s
Rendered 3283/3567, time remaining: 10s
Rendered 3284/3567, time remaining: 10s
Rendered 3285/3567, time remaining: 10s
Rendered 3286/3567, time remaining: 10s
Rendered 3287/3567, time remaining: 10s
Rendered 3288/3567, time remaining: 10s
Rendered 3289/3567, time remaining: 10s
Rendered 3290/3567, time remaining: 10s
Rendered 3291/3567, time remaining: 10s
Rendered 3292/3567, time remaining: 10s
Rendered 3293/3567, time remaining: 10s
Rendered 3294/3567, time remaining: 10s
Rendered 3295/3567, time remaining: 10s
Rendered 3296/3567, time remaining: 10s
Rendered 3297/3567, time remaining: 10s
Rendered 3298/3567, time remaining: 10s
Rendered 3299/3567, time remaining: 10s
Rendered 3300/3567, time remaining: 10s
Rendered 3301/3567, time remaining: 9s
Rendered 3302/3567, time remaining: 9s
Rendered 3303/3567, time remaining: 9s
Rendered 3304/3567, time remaining: 9s
Rendered 3305/3567, time remaining: 9s
Rendered 3306/3567, time remaining: 9s
Rendered 3307/3567, time remaining: 9s
Rendered 3308/3567, time remaining: 9s
Rendered 3309/3567, time remaining: 9s
Rendered 3310/3567, time remaining: 9s
Rendered 3311/3567, time remaining: 9s
Rendered 3312/3567, time remaining: 9s
Rendered 3313/3567, time remaining: 9s
Rendered 3314/3567, time remaining: 9s
Rendered 3315/3567, time remaining: 9s
Rendered 3316/3567, time remaining: 9s
Rendered 3317/3567, time remaining: 9s
Rendered 3318/3567, time remaining: 9s
Rendered 3319/3567, time remaining: 9s
Rendered 3320/3567, time remaining: 9s
Rendered 3321/3567, time remaining: 9s
Rendered 3322/3567, time remaining: 9s
Rendered 3323/3567, time remaining: 9s
Rendered 3324/3567, time remaining: 9s
Rendered 3325/3567, time remaining: 9s
Rendered 3326/3567, time remaining: 9s
Rendered 3327/3567, time remaining: 9s
Rendered 3328/3567, time remaining: 8s
Rendered 3329/3567, time remaining: 8s
Rendered 3330/3567, time remaining: 8s
Rendered 3331/3567, time remaining: 8s
Rendered 3332/3567, time remaining: 8s
Rendered 3333/3567, time remaining: 8s
Rendered 3334/3567, time remaining: 8s
Rendered 3335/3567, time remaining: 8s
Rendered 3336/3567, time remaining: 8s
Rendered 3337/3567, time remaining: 8s
Rendered 3338/3567, time remaining: 8s
Rendered 3339/3567, time remaining: 8s
Rendered 3340/3567, time remaining: 8s
Rendered 3341/3567, time remaining: 8s
Rendered 3342/3567, time remaining: 8s
Rendered 3343/3567, time remaining: 8s
Rendered 3344/3567, time remaining: 8s
Rendered 3345/3567, time remaining: 8s
Rendered 3346/3567, time remaining: 8s
Rendered 3347/3567, time remaining: 8s
Rendered 3348/3567, time remaining: 8s
Rendered 3349/3567, time remaining: 8s
Rendered 3350/3567, time remaining: 8s
Rendered 3351/3567, time remaining: 8s
Rendered 3352/3567, time remaining: 8s
Rendered 3353/3567, time remaining: 8s
Rendered 3354/3567, time remaining: 7s
Rendered 3355/3567, time remaining: 7s
Rendered 3356/3567, time remaining: 7s
Rendered 3357/3567, time remaining: 7s
Rendered 3358/3567, time remaining: 7s
Rendered 3359/3567, time remaining: 7s
Rendered 3360/3567, time remaining: 7s
Rendered 3361/3567, time remaining: 7s
Rendered 3362/3567, time remaining: 7s
Rendered 3363/3567, time remaining: 7s
Rendered 3364/3567, time remaining: 7s
Rendered 3365/3567, time remaining: 7s
Rendered 3366/3567, time remaining: 7s
Rendered 3367/3567, time remaining: 7s
Rendered 3368/3567, time remaining: 7s
Rendered 3369/3567, time remaining: 7s
Rendered 3370/3567, time remaining: 7s
Rendered 3371/3567, time remaining: 7s
Rendered 3372/3567, time remaining: 7s
Rendered 3373/3567, time remaining: 7s
Rendered 3374/3567, time remaining: 7s
Rendered 3375/3567, time remaining: 7s
Rendered 3376/3567, time remaining: 7s
Rendered 3377/3567, time remaining: 7s
Rendered 3378/3567, time remaining: 7s
Rendered 3379/3567, time remaining: 7s
Rendered 3380/3567, time remaining: 7s
Rendered 3381/3567, time remaining: 6s
Rendered 3382/3567, time remaining: 6s
Rendered 3383/3567, time remaining: 6s
Rendered 3384/3567, time remaining: 7s
Rendered 3385/3567, time remaining: 6s
Rendered 3386/3567, time remaining: 6s
Rendered 3387/3567, time remaining: 6s
Rendered 3388/3567, time remaining: 6s
Rendered 3389/3567, time remaining: 6s
Rendered 3390/3567, time remaining: 6s
Rendered 3391/3567, time remaining: 6s
Rendered 3392/3567, time remaining: 6s
Rendered 3393/3567, time remaining: 6s
Rendered 3394/3567, time remaining: 6s
Rendered 3395/3567, time remaining: 6s
Rendered 3396/3567, time remaining: 6s
Rendered 3397/3567, time remaining: 6s
Rendered 3398/3567, time remaining: 6s
Rendered 3399/3567, time remaining: 6s
Rendered 3400/3567, time remaining: 6s
Rendered 3401/3567, time remaining: 6s
Rendered 3402/3567, time remaining: 6s
Rendered 3403/3567, time remaining: 6s
Rendered 3404/3567, time remaining: 6s
Rendered 3405/3567, time remaining: 6s
Rendered 3406/3567, time remaining: 6s
Rendered 3407/3567, time remaining: 6s
Rendered 3408/3567, time remaining: 6s
Rendered 3409/3567, time remaining: 6s
Rendered 3410/3567, time remaining: 5s
Rendered 3411/3567, time remaining: 5s
Rendered 3412/3567, time remaining: 5s
Rendered 3413/3567, time remaining: 5s
Rendered 3414/3567, time remaining: 5s
Rendered 3415/3567, time remaining: 5s
Rendered 3416/3567, time remaining: 5s
Rendered 3417/3567, time remaining: 5s
Rendered 3418/3567, time remaining: 5s
Rendered 3419/3567, time remaining: 5s
Rendered 3420/3567, time remaining: 5s
Rendered 3421/3567, time remaining: 5s
Rendered 3422/3567, time remaining: 5s
Rendered 3423/3567, time remaining: 5s
Rendered 3424/3567, time remaining: 5s
Rendered 3425/3567, time remaining: 5s
Rendered 3426/3567, time remaining: 5s
Rendered 3427/3567, time remaining: 5s
Rendered 3428/3567, time remaining: 5s
Rendered 3429/3567, time remaining: 5s
Rendered 3430/3567, time remaining: 5s
Rendered 3431/3567, time remaining: 5s
Rendered 3432/3567, time remaining: 5s
Rendered 3433/3567, time remaining: 5s
Rendered 3434/3567, time remaining: 4s
Rendered 3435/3567, time remaining: 4s
Rendered 3436/3567, time remaining: 4s
Rendered 3437/3567, time remaining: 4s
Rendered 3438/3567, time remaining: 4s
Rendered 3439/3567, time remaining: 4s
Rendered 3440/3567, time remaining: 4s
Rendered 3441/3567, time remaining: 4s
Rendered 3442/3567, time remaining: 4s
Rendered 3443/3567, time remaining: 4s
Rendered 3444/3567, time remaining: 4s
Rendered 3445/3567, time remaining: 4s
Rendered 3446/3567, time remaining: 4s
Rendered 3447/3567, time remaining: 4s
Rendered 3448/3567, time remaining: 4s
Rendered 3449/3567, time remaining: 4s
Rendered 3450/3567, time remaining: 4s
Rendered 3451/3567, time remaining: 4s
Rendered 3452/3567, time remaining: 4s
Rendered 3453/3567, time remaining: 4s
Rendered 3454/3567, time remaining: 4s
Rendered 3455/3567, time remaining: 4s
Rendered 3456/3567, time remaining: 4s
Rendered 3457/3567, time remaining: 4s
Rendered 3458/3567, time remaining: 4s
Rendered 3459/3567, time remaining: 4s
Rendered 3460/3567, time remaining: 3s
Rendered 3461/3567, time remaining: 3s
Rendered 3462/3567, time remaining: 3s
Rendered 3463/3567, time remaining: 3s
Rendered 3464/3567, time remaining: 3s
Rendered 3465/3567, time remaining: 3s
Rendered 3466/3567, time remaining: 3s
Rendered 3467/3567, time remaining: 3s
Rendered 3468/3567, time remaining: 3s
Rendered 3469/3567, time remaining: 3s
Rendered 3470/3567, time remaining: 3s
Rendered 3471/3567, time remaining: 3s
Rendered 3472/3567, time remaining: 3s
Rendered 3473/3567, time remaining: 3s
Rendered 3474/3567, time remaining: 3s
Rendered 3475/3567, time remaining: 3s
Rendered 3476/3567, time remaining: 3s
Rendered 3477/3567, time remaining: 3s
Rendered 3478/3567, time remaining: 3s
Rendered 3479/3567, time remaining: 3s
Rendered 3480/3567, time remaining: 3s
Rendered 3481/3567, time remaining: 3s
Rendered 3482/3567, time remaining: 3s
Rendered 3483/3567, time remaining: 3s
Rendered 3484/3567, time remaining: 3s
Rendered 3485/3567, time remaining: 3s
Rendered 3486/3567, time remaining: 3s
Rendered 3487/3567, time remaining: 3s
Rendered 3488/3567, time remaining: 3s
Rendered 3489/3567, time remaining: 2s
Rendered 3490/3567, time remaining: 2s
Rendered 3491/3567, time remaining: 2s
Rendered 3492/3567, time remaining: 2s
Rendered 3493/3567, time remaining: 2s
Rendered 3494/3567, time remaining: 2s
Rendered 3495/3567, time remaining: 2s
Rendered 3496/3567, time remaining: 2s
Rendered 3497/3567, time remaining: 2s
Rendered 3498/3567, time remaining: 2s
Rendered 3499/3567, time remaining: 2s
Rendered 3500/3567, time remaining: 2s
Rendered 3501/3567, time remaining: 2s
Rendered 3502/3567, time remaining: 2s
Rendered 3503/3567, time remaining: 2s
Rendered 3504/3567, time remaining: 2s
Rendered 3505/3567, time remaining: 2s
Rendered 3506/3567, time remaining: 2s
Rendered 3507/3567, time remaining: 2s
Rendered 3508/3567, time remaining: 2s
Rendered 3509/3567, time remaining: 2s
Rendered 3510/3567, time remaining: 2s
Rendered 3511/3567, time remaining: 2s
Rendered 3512/3567, time remaining: 2s
Rendered 3513/3567, time remaining: 2s
Rendered 3514/3567, time remaining: 2s
Rendered 3515/3567, time remaining: 1s
Rendered 3516/3567, time remaining: 1s
Rendered 3517/3567, time remaining: 1s
Rendered 3518/3567, time remaining: 1s
Rendered 3519/3567, time remaining: 1s
Rendered 3520/3567, time remaining: 1s
Rendered 3521/3567, time remaining: 1s
Rendered 3522/3567, time remaining: 1s
Rendered 3523/3567, time remaining: 1s
Rendered 3524/3567, time remaining: 1s
Rendered 3525/3567, time remaining: 1s
Rendered 3526/3567, time remaining: 1s
Rendered 3527/3567, time remaining: 1s
Rendered 3528/3567, time remaining: 1s
Rendered 3529/3567, time remaining: 1s
Rendered 3530/3567, time remaining: 1s
Rendered 3531/3567, time remaining: 1s
Rendered 3532/3567, time remaining: 1s
Rendered 3533/3567, time remaining: 1s
Rendered 3534/3567, time remaining: 1s
Rendered 3535/3567, time remaining: 1s
Rendered 3536/3567, time remaining: 1s
Rendered 3537/3567, time remaining: 1s
Rendered 3538/3567, time remaining: 1s
Rendered 3539/3567, time remaining: 1s
Rendered 3540/3567, time remaining: 0s
Rendered 3541/3567, time remaining: 0s
Rendered 3542/3567, time remaining: 0s
Rendered 3543/3567, time remaining: 0s
Rendered 3544/3567, time remaining: 0s
Rendered 3545/3567, time remaining: 0s
Rendered 3546/3567, time remaining: 0s
Rendered 3547/3567, time remaining: 0s
Rendered 3548/3567, time remaining: 0s
Rendered 3549/3567, time remaining: 0s
Rendered 3550/3567, time remaining: 0s
Rendered 3551/3567, time remaining: 0s
Rendered 3552/3567, time remaining: 0s
Rendered 3553/3567, time remaining: 0s
Rendered 3554/3567, time remaining: 0s
Rendered 3555/3567, time remaining: 0s
Rendered 3556/3567, time remaining: 0s
Rendered 3557/3567, time remaining: 0s
Rendered 3558/3567, time remaining: 0s
Rendered 3559/3567, time remaining: 0s
Rendered 3560/3567, time remaining: 0s
Rendered 3561/3567, time remaining: 0s
Rendered 3562/3567, time remaining: 0s
Rendered 3563/3567, time remaining: 0s
Rendered 3564/3567, time remaining: 0s
Rendered 3565/3567, time remaining: 0s
Rendered 3566/3567, time remaining: 0s
Rendered 3567/3567
Encoded 59/3567
Encoded 158/3567
Encoded 260/3567
Encoded 361/3567
Encoded 456/3567
Encoded 545/3567
Encoded 632/3567
Encoded 733/3567
Encoded 829/3567
Encoded 921/3567
Encoded 1023/3567
Encoded 1119/3567
Encoded 1217/3567
Encoded 1313/3567
Encoded 1402/3567
Encoded 1499/3567
Encoded 1579/3567
Encoded 1666/3567
Encoded 1756/3567
Encoded 1843/3567
Encoded 1947/3567
Encoded 2033/3567
Encoded 2128/3567
Encoded 2226/3567
Encoded 2331/3567
Encoded 2434/3567
Encoded 2529/3567
Encoded 2629/3567
Encoded 2704/3567
Encoded 2791/3567
Encoded 2874/3567
Encoded 2962/3567
Encoded 3062/3567
Encoded 3158/3567
Encoded 3259/3567
Encoded 3336/3567
Encoded 3417/3567
Encoded 3503/3567
Encoded 3567/3567
+                    ../projects/import-china-india-te/renders/ch05.mp4 16.1 MB
Bundling 6%
Bundling 16%
Bundling 63%
Bundling 69%
Bundling 74%
Bundling 80%
Bundling 85%
Bundling 90%
Bundling 95%
Bundling 100%
Getting composition
Composition          Explainer
Codec                h264
Output               ../projects/import-china-india-te/renders/ch06.mp4
Concurrency          8x
Rendered 0/3960
Rendered 1/3960, time remaining: 57m 20s
Rendered 2/3960, time remaining: 28m 45s
Rendered 3/3960, time remaining: 19m 10s
Rendered 4/3960, time remaining: 15m 32s
Rendered 5/3960, time remaining: 12m 29s
Rendered 6/3960, time remaining: 10m 24s
Rendered 7/3960, time remaining: 8m 55s
Rendered 8/3960, time remaining: 7m 48s
Rendered 9/3960, time remaining: 7m 51s
Rendered 10/3960, time remaining: 7m 9s
Rendered 11/3960, time remaining: 7m 11s
Rendered 12/3960, time remaining: 6m 59s
Rendered 13/3960, time remaining: 6m 27s
Rendered 14/3960, time remaining: 5m 59s
Rendered 15/3960, time remaining: 5m 37s
Rendered 16/3960, time remaining: 5m 18s
Rendered 17/3960, time remaining: 5m 24s
Rendered 18/3960, time remaining: 5m 17s
Rendered 19/3960, time remaining: 5m 8s
Rendered 20/3960, time remaining: 5m 12s
Rendered 21/3960, time remaining: 4m 57s
Rendered 22/3960, time remaining: 4m 44s
Rendered 23/3960, time remaining: 4m 31s
Rendered 24/3960, time remaining: 4m 22s
Rendered 25/3960, time remaining: 4m 26s
Rendered 26/3960, time remaining: 4m 16s
Rendered 27/3960, time remaining: 4m 21s
Rendered 28/3960, time remaining: 4m 19s
Rendered 29/3960, time remaining: 4m 10s
Rendered 30/3960, time remaining: 4m 3s
Rendered 31/3960, time remaining: 4m 3s
Rendered 32/3960, time remaining: 3m 58s
Rendered 33/3960, time remaining: 3m 53s
Rendered 34/3960, time remaining: 3m 46s
Rendered 35/3960, time remaining: 3m 47s
Rendered 36/3960, time remaining: 3m 53s
Rendered 37/3960, time remaining: 3m 51s
Rendered 38/3960, time remaining: 3m 45s
Rendered 39/3960, time remaining: 3m 41s
Rendered 40/3960, time remaining: 3m 36s
Rendered 41/3960, time remaining: 3m 37s
Rendered 42/3960, time remaining: 3m 32s
Rendered 43/3960, time remaining: 3m 27s
Rendered 44/3960, time remaining: 3m 32s
Rendered 45/3960, time remaining: 3m 35s
Rendered 46/3960, time remaining: 3m 30s
Rendered 47/3960, time remaining: 3m 26s
Rendered 48/3960, time remaining: 3m 29s
Rendered 49/3960, time remaining: 3m 25s
Rendered 50/3960, time remaining: 3m 21s
Rendered 51/3960, time remaining: 3m 17s
Rendered 52/3960, time remaining: 3m 21s
Rendered 53/3960, time remaining: 3m 17s
Rendered 54/3960, time remaining: 3m 20s
Rendered 55/3960, time remaining: 3m 17s
Rendered 56/3960, time remaining: 3m 19s
Rendered 57/3960, time remaining: 3m 15s
Rendered 58/3960, time remaining: 3m 15s
Rendered 59/3960, time remaining: 3m 15s
Rendered 60/3960, time remaining: 3m 12s
Rendered 61/3960, time remaining: 3m 11s
Rendered 62/3960, time remaining: 3m 10s
Rendered 63/3960, time remaining: 3m 7s
Rendered 64/3960, time remaining: 3m 11s
Rendered 65/3960, time remaining: 3m 8s
Rendered 66/3960, time remaining: 3m 9s
Rendered 67/3960, time remaining: 3m 6s
Rendered 68/3960, time remaining: 3m 4s
Rendered 69/3960, time remaining: 3m 6s
Rendered 70/3960, time remaining: 3m 4s
Rendered 71/3960, time remaining: 3m 1s
Rendered 72/3960, time remaining: 3m 1s
Rendered 73/3960, time remaining: 3m 2s
Rendered 74/3960, time remaining: 3m 3s
Rendered 75/3960, time remaining: 3m 0s
Rendered 76/3960, time remaining: 2m 58s
Rendered 77/3960, time remaining: 3m 3s
Rendered 78/3960, time remaining: 3m 1s
Rendered 79/3960, time remaining: 3m 0s
Rendered 80/3960, time remaining: 2m 57s
Rendered 81/3960, time remaining: 2m 56s
Rendered 82/3960, time remaining: 2m 59s
Rendered 83/3960, time remaining: 2m 57s
Rendered 84/3960, time remaining: 2m 55s
Rendered 85/3960, time remaining: 2m 57s
Rendered 86/3960, time remaining: 2m 55s
Rendered 87/3960, time remaining: 2m 53s
Rendered 88/3960, time remaining: 2m 55s
Rendered 89/3960, time remaining: 2m 53s
Rendered 90/3960, time remaining: 2m 55s
Rendered 91/3960, time remaining: 2m 53s
Rendered 92/3960, time remaining: 2m 52s
Rendered 93/3960, time remaining: 2m 51s
Rendered 94/3960, time remaining: 2m 52s
Rendered 95/3960, time remaining: 2m 50s
Rendered 96/3960, time remaining: 2m 53s
Rendered 97/3960, time remaining: 2m 51s
Rendered 98/3960, time remaining: 2m 52s
Rendered 99/3960, time remaining: 2m 51s
Rendered 100/3960, time remaining: 2m 51s
Rendered 101/3960, time remaining: 2m 49s
Rendered 102/3960, time remaining: 2m 50s
Rendered 103/3960, time remaining: 2m 51s
Rendered 104/3960, time remaining: 2m 50s
Rendered 105/3960, time remaining: 2m 49s
Rendered 106/3960, time remaining: 2m 47s
Rendered 107/3960, time remaining: 2m 50s
Rendered 108/3960, time remaining: 2m 48s
Rendered 109/3960, time remaining: 2m 47s
Rendered 110/3960, time remaining: 2m 47s
Rendered 111/3960, time remaining: 2m 47s
Rendered 112/3960, time remaining: 2m 46s
Rendered 113/3960, time remaining: 2m 44s
Rendered 114/3960, time remaining: 2m 47s
Rendered 115/3960, time remaining: 2m 49s
Rendered 116/3960, time remaining: 2m 48s
Rendered 117/3960, time remaining: 2m 46s
Rendered 118/3960, time remaining: 2m 47s
Rendered 119/3960, time remaining: 2m 46s
Rendered 120/3960, time remaining: 2m 45s
Rendered 121/3960, time remaining: 2m 43s
Rendered 122/3960, time remaining: 2m 47s
Rendered 123/3960, time remaining: 2m 45s
Rendered 124/3960, time remaining: 2m 47s
Rendered 125/3960, time remaining: 2m 46s
Rendered 126/3960, time remaining: 2m 46s
Rendered 127/3960, time remaining: 2m 46s
Rendered 128/3960, time remaining: 2m 45s
Rendered 129/3960, time remaining: 2m 45s
Rendered 130/3960, time remaining: 2m 46s
Rendered 131/3960, time remaining: 2m 44s
Rendered 132/3960, time remaining: 2m 46s
Rendered 133/3960, time remaining: 2m 44s
Rendered 134/3960, time remaining: 2m 43s
Rendered 135/3960, time remaining: 2m 42s
Rendered 136/3960, time remaining: 2m 44s
Rendered 137/3960, time remaining: 2m 45s
Rendered 138/3960, time remaining: 2m 44s
Rendered 139/3960, time remaining: 2m 43s
Rendered 140/3960, time remaining: 2m 46s
Rendered 141/3960, time remaining: 2m 45s
Rendered 142/3960, time remaining: 2m 44s
Rendered 143/3960, time remaining: 2m 42s
Rendered 144/3960, time remaining: 2m 44s
Rendered 145/3960, time remaining: 2m 42s
Rendered 146/3960, time remaining: 2m 41s
Rendered 147/3960, time remaining: 2m 40s
Rendered 148/3960, time remaining: 2m 43s
Rendered 149/3960, time remaining: 2m 42s
Rendered 150/3960, time remaining: 2m 41s
Rendered 151/3960, time remaining: 2m 22s
Rendered 152/3960, time remaining: 2m 24s
Rendered 153/3960, time remaining: 2m 24s
Rendered 154/3960, time remaining: 2m 24s
Rendered 155/3960, time remaining: 2m 24s
Rendered 156/3960, time remaining: 2m 25s
Rendered 157/3960, time remaining: 2m 25s
Rendered 158/3960, time remaining: 2m 26s
Rendered 159/3960, time remaining: 2m 23s
Rendered 160/3960, time remaining: 2m 24s
Rendered 161/3960, time remaining: 2m 21s
Rendered 162/3960, time remaining: 2m 23s
Rendered 163/3960, time remaining: 2m 23s
Rendered 164/3960, time remaining: 2m 24s
Rendered 165/3960, time remaining: 2m 26s
Rendered 166/3960, time remaining: 2m 28s
Rendered 167/3960, time remaining: 2m 25s
Rendered 168/3960, time remaining: 2m 24s
Rendered 169/3960, time remaining: 2m 23s
Rendered 170/3960, time remaining: 2m 23s
Rendered 171/3960, time remaining: 2m 23s
Rendered 172/3960, time remaining: 2m 23s
Rendered 173/3960, time remaining: 2m 26s
Rendered 174/3960, time remaining: 2m 27s
Rendered 175/3960, time remaining: 2m 25s
Rendered 176/3960, time remaining: 2m 25s
Rendered 177/3960, time remaining: 2m 22s
Rendered 178/3960, time remaining: 2m 25s
Rendered 179/3960, time remaining: 2m 25s
Rendered 180/3960, time remaining: 2m 25s
Rendered 181/3960, time remaining: 2m 26s
Rendered 182/3960, time remaining: 2m 26s
Rendered 183/3960, time remaining: 2m 26s
Rendered 184/3960, time remaining: 2m 27s
Rendered 185/3960, time remaining: 2m 25s
Rendered 186/3960, time remaining: 2m 25s
Rendered 187/3960, time remaining: 2m 25s
Rendered 188/3960, time remaining: 2m 25s
Rendered 189/3960, time remaining: 2m 27s
Rendered 190/3960, time remaining: 2m 29s
Rendered 191/3960, time remaining: 2m 27s
Rendered 192/3960, time remaining: 2m 27s
Rendered 193/3960, time remaining: 2m 30s
Rendered 194/3960, time remaining: 2m 27s
Rendered 195/3960, time remaining: 2m 29s
Rendered 196/3960, time remaining: 2m 29s
Rendered 197/3960, time remaining: 2m 29s
Rendered 198/3960, time remaining: 2m 27s
Rendered 199/3960, time remaining: 2m 28s
Rendered 200/3960, time remaining: 2m 28s
Rendered 201/3960, time remaining: 2m 29s
Rendered 202/3960, time remaining: 2m 27s
Rendered 203/3960, time remaining: 2m 30s
Rendered 204/3960, time remaining: 2m 28s
Rendered 205/3960, time remaining: 2m 31s
Rendered 206/3960, time remaining: 2m 29s
Rendered 207/3960, time remaining: 2m 29s
Rendered 208/3960, time remaining: 2m 28s
Rendered 209/3960, time remaining: 2m 27s
Rendered 210/3960, time remaining: 2m 30s
Rendered 211/3960, time remaining: 2m 30s
Rendered 212/3960, time remaining: 2m 30s
Rendered 213/3960, time remaining: 2m 33s
Rendered 214/3960, time remaining: 2m 30s
Rendered 215/3960, time remaining: 2m 32s
Rendered 216/3960, time remaining: 2m 30s
Rendered 217/3960, time remaining: 2m 30s
Rendered 218/3960, time remaining: 2m 30s
Rendered 219/3960, time remaining: 2m 31s
Rendered 220/3960, time remaining: 2m 31s
Rendered 221/3960, time remaining: 2m 34s
Rendered 222/3960, time remaining: 2m 33s
Rendered 223/3960, time remaining: 2m 31s
Rendered 224/3960, time remaining: 2m 30s
Rendered 225/3960, time remaining: 2m 30s
Rendered 226/3960, time remaining: 2m 31s
Rendered 227/3960, time remaining: 2m 29s
Rendered 228/3960, time remaining: 2m 29s
Rendered 229/3960, time remaining: 2m 32s
Rendered 230/3960, time remaining: 2m 33s
Rendered 231/3960, time remaining: 2m 33s
Rendered 232/3960, time remaining: 2m 30s
Rendered 233/3960, time remaining: 2m 30s
Rendered 234/3960, time remaining: 2m 33s
Rendered 235/3960, time remaining: 2m 30s
Rendered 236/3960, time remaining: 2m 30s
Rendered 237/3960, time remaining: 2m 33s
Rendered 238/3960, time remaining: 2m 31s
Rendered 239/3960, time remaining: 2m 33s
Rendered 240/3960, time remaining: 2m 31s
Rendered 241/3960, time remaining: 2m 31s
Rendered 242/3960, time remaining: 2m 33s
Rendered 243/3960, time remaining: 2m 32s
Rendered 244/3960, time remaining: 2m 30s
Rendered 245/3960, time remaining: 2m 32s
Rendered 246/3960, time remaining: 2m 29s
Rendered 247/3960, time remaining: 2m 33s
Rendered 248/3960, time remaining: 2m 32s
Rendered 249/3960, time remaining: 2m 31s
Rendered 250/3960, time remaining: 2m 31s
Rendered 251/3960, time remaining: 2m 31s
Rendered 252/3960, time remaining: 2m 32s
Rendered 253/3960, time remaining: 2m 30s
Rendered 254/3960, time remaining: 2m 29s
Rendered 255/3960, time remaining: 2m 32s
Rendered 256/3960, time remaining: 2m 34s
Rendered 257/3960, time remaining: 2m 31s
Rendered 258/3960, time remaining: 2m 31s
Rendered 259/3960, time remaining: 2m 33s
Rendered 260/3960, time remaining: 2m 32s
Rendered 261/3960, time remaining: 2m 30s
Rendered 262/3960, time remaining: 2m 32s
Rendered 263/3960, time remaining: 2m 34s
Rendered 264/3960, time remaining: 2m 32s
Rendered 265/3960, time remaining: 2m 30s
Rendered 266/3960, time remaining: 2m 31s
Rendered 267/3960, time remaining: 2m 31s
Rendered 268/3960, time remaining: 2m 32s
Rendered 269/3960, time remaining: 2m 32s
Rendered 270/3960, time remaining: 2m 32s
Rendered 271/3960, time remaining: 2m 32s
Rendered 272/3960, time remaining: 2m 31s
Rendered 273/3960, time remaining: 2m 31s
Rendered 274/3960, time remaining: 2m 29s
Rendered 275/3960, time remaining: 2m 32s
Rendered 276/3960, time remaining: 2m 31s
Rendered 277/3960, time remaining: 2m 32s
Rendered 278/3960, time remaining: 2m 31s
Rendered 279/3960, time remaining: 2m 30s
Rendered 280/3960, time remaining: 2m 31s
Rendered 281/3960, time remaining: 2m 33s
Rendered 282/3960, time remaining: 2m 31s
Rendered 283/3960, time remaining: 2m 31s
Rendered 284/3960, time remaining: 2m 31s
Rendered 285/3960, time remaining: 2m 33s
Rendered 286/3960, time remaining: 2m 30s
Rendered 287/3960, time remaining: 2m 28s
Rendered 288/3960, time remaining: 2m 28s
Rendered 289/3960, time remaining: 2m 32s
Rendered 290/3960, time remaining: 2m 29s
Rendered 291/3960, time remaining: 2m 29s
Rendered 292/3960, time remaining: 2m 31s
Rendered 293/3960, time remaining: 2m 31s
Rendered 294/3960, time remaining: 2m 29s
Rendered 295/3960, time remaining: 2m 29s
Rendered 296/3960, time remaining: 2m 32s
Rendered 297/3960, time remaining: 2m 32s
Rendered 298/3960, time remaining: 2m 29s
Rendered 299/3960, time remaining: 2m 32s
Rendered 300/3960, time remaining: 2m 32s
Rendered 301/3960, time remaining: 2m 31s
Rendered 302/3960, time remaining: 2m 29s
Rendered 303/3960, time remaining: 2m 29s
Rendered 304/3960, time remaining: 2m 28s
Rendered 305/3960, time remaining: 2m 28s
Rendered 306/3960, time remaining: 2m 27s
Rendered 307/3960, time remaining: 2m 30s
Rendered 308/3960, time remaining: 2m 31s
Rendered 309/3960, time remaining: 2m 30s
Rendered 310/3960, time remaining: 2m 31s
Rendered 311/3960, time remaining: 2m 31s
Rendered 312/3960, time remaining: 2m 27s
Rendered 313/3960, time remaining: 2m 29s
Rendered 314/3960, time remaining: 2m 29s
Rendered 315/3960, time remaining: 2m 27s
Rendered 316/3960, time remaining: 2m 28s
Rendered 317/3960, time remaining: 2m 28s
Rendered 318/3960, time remaining: 2m 29s
Rendered 319/3960, time remaining: 2m 30s
Rendered 320/3960, time remaining: 2m 27s
Rendered 321/3960, time remaining: 2m 29s
Rendered 322/3960, time remaining: 2m 30s
Rendered 323/3960, time remaining: 2m 27s
Rendered 324/3960, time remaining: 2m 26s
Rendered 325/3960, time remaining: 2m 26s
Rendered 326/3960, time remaining: 2m 29s
Rendered 327/3960, time remaining: 2m 28s
Rendered 328/3960, time remaining: 2m 27s
Rendered 329/3960, time remaining: 2m 29s
Rendered 330/3960, time remaining: 2m 29s
Rendered 331/3960, time remaining: 2m 27s
Rendered 332/3960, time remaining: 2m 27s
Rendered 333/3960, time remaining: 2m 26s
Rendered 334/3960, time remaining: 2m 29s
Rendered 335/3960, time remaining: 2m 28s
Rendered 336/3960, time remaining: 2m 28s
Rendered 337/3960, time remaining: 2m 28s
Rendered 338/3960, time remaining: 2m 28s
Rendered 339/3960, time remaining: 2m 28s
Rendered 340/3960, time remaining: 2m 25s
Rendered 341/3960, time remaining: 2m 25s
Rendered 342/3960, time remaining: 2m 28s
Rendered 343/3960, time remaining: 2m 26s
Rendered 344/3960, time remaining: 2m 27s
Rendered 345/3960, time remaining: 2m 23s
Rendered 346/3960, time remaining: 2m 25s
Rendered 347/3960, time remaining: 2m 25s
Rendered 348/3960, time remaining: 2m 25s
Rendered 349/3960, time remaining: 2m 26s
Rendered 350/3960, time remaining: 2m 26s
Rendered 351/3960, time remaining: 2m 24s
Rendered 352/3960, time remaining: 2m 26s
Rendered 353/3960, time remaining: 2m 24s
Rendered 354/3960, time remaining: 2m 24s
Rendered 355/3960, time remaining: 2m 21s
Rendered 356/3960, time remaining: 2m 24s
Rendered 357/3960, time remaining: 2m 25s
Rendered 358/3960, time remaining: 2m 25s
Rendered 359/3960, time remaining: 2m 26s
Rendered 360/3960, time remaining: 2m 23s
Rendered 361/3960, time remaining: 2m 23s
Rendered 362/3960, time remaining: 2m 22s
Rendered 363/3960, time remaining: 2m 22s
Rendered 364/3960, time remaining: 2m 24s
Rendered 365/3960, time remaining: 2m 22s
Rendered 366/3960, time remaining: 2m 22s
Rendered 367/3960, time remaining: 2m 23s
Rendered 368/3960, time remaining: 2m 25s
Rendered 369/3960, time remaining: 2m 22s
Rendered 370/3960, time remaining: 2m 22s
Rendered 371/3960, time remaining: 2m 20s
Rendered 372/3960, time remaining: 2m 20s
Rendered 373/3960, time remaining: 2m 21s
Rendered 374/3960, time remaining: 2m 22s
Rendered 375/3960, time remaining: 2m 25s
Rendered 376/3960, time remaining: 2m 23s
Rendered 377/3960, time remaining: 2m 23s
Rendered 378/3960, time remaining: 2m 23s
Rendered 379/3960, time remaining: 2m 20s
Rendered 380/3960, time remaining: 2m 19s
Rendered 381/3960, time remaining: 2m 19s
Rendered 382/3960, time remaining: 2m 19s
Rendered 383/3960, time remaining: 2m 24s
Rendered 384/3960, time remaining: 2m 23s
Rendered 385/3960, time remaining: 2m 23s
Rendered 386/3960, time remaining: 2m 23s
Rendered 387/3960, time remaining: 2m 20s
Rendered 388/3960, time remaining: 2m 20s
Rendered 389/3960, time remaining: 2m 20s
Rendered 390/3960, time remaining: 2m 20s
Rendered 391/3960, time remaining: 2m 23s
Rendered 392/3960, time remaining: 2m 22s
Rendered 393/3960, time remaining: 2m 22s
Rendered 394/3960, time remaining: 2m 23s
Rendered 395/3960, time remaining: 2m 21s
Rendered 396/3960, time remaining: 2m 23s
Rendered 397/3960, time remaining: 2m 19s
Rendered 398/3960, time remaining: 2m 19s
Rendered 399/3960, time remaining: 2m 22s
Rendered 400/3960, time remaining: 2m 23s
Rendered 401/3960, time remaining: 2m 23s
Rendered 402/3960, time remaining: 2m 21s
Rendered 403/3960, time remaining: 2m 23s
Rendered 404/3960, time remaining: 2m 23s
Rendered 405/3960, time remaining: 2m 20s
Rendered 406/3960, time remaining: 2m 19s
Rendered 407/3960, time remaining: 2m 19s
Rendered 408/3960, time remaining: 2m 21s
Rendered 409/3960, time remaining: 2m 22s
Rendered 410/3960, time remaining: 2m 22s
Rendered 411/3960, time remaining: 2m 24s
Rendered 412/3960, time remaining: 2m 23s
Rendered 413/3960, time remaining: 2m 20s
Rendered 414/3960, time remaining: 2m 19s
Rendered 415/3960, time remaining: 2m 21s
Rendered 416/3960, time remaining: 2m 20s
Rendered 417/3960, time remaining: 2m 22s
Rendered 418/3960, time remaining: 2m 19s
Rendered 419/3960, time remaining: 2m 19s
Rendered 420/3960, time remaining: 2m 19s
Rendered 421/3960, time remaining: 2m 19s
Rendered 422/3960, time remaining: 2m 17s
Rendered 423/3960, time remaining: 2m 17s
Rendered 424/3960, time remaining: 2m 17s
Rendered 425/3960, time remaining: 2m 14s
Rendered 426/3960, time remaining: 2m 14s
Rendered 427/3960, time remaining: 2m 12s
Rendered 428/3960, time remaining: 2m 12s
Rendered 429/3960, time remaining: 2m 13s
Rendered 430/3960, time remaining: 2m 11s
Rendered 431/3960, time remaining: 2m 9s
Rendered 432/3960, time remaining: 2m 9s
Rendered 433/3960, time remaining: 2m 9s
Rendered 434/3960, time remaining: 2m 9s
Rendered 435/3960, time remaining: 2m 8s
Rendered 436/3960, time remaining: 2m 8s
Rendered 437/3960, time remaining: 2m 8s
Rendered 438/3960, time remaining: 2m 12s
Rendered 439/3960, time remaining: 2m 8s
Rendered 440/3960, time remaining: 2m 9s
Rendered 441/3960, time remaining: 2m 9s
Rendered 442/3960, time remaining: 2m 7s
Rendered 443/3960, time remaining: 2m 7s
Rendered 444/3960, time remaining: 2m 9s
Rendered 445/3960, time remaining: 2m 9s
Rendered 446/3960, time remaining: 2m 9s
Rendered 447/3960, time remaining: 2m 9s
Rendered 448/3960, time remaining: 2m 9s
Rendered 449/3960, time remaining: 2m 6s
Rendered 450/3960, time remaining: 2m 7s
Rendered 451/3960, time remaining: 2m 5s
Rendered 452/3960, time remaining: 2m 7s
Rendered 453/3960, time remaining: 2m 7s
Rendered 454/3960, time remaining: 2m 8s
Rendered 455/3960, time remaining: 2m 8s
Rendered 456/3960, time remaining: 2m 10s
Rendered 457/3960, time remaining: 2m 7s
Rendered 458/3960, time remaining: 2m 6s
Rendered 459/3960, time remaining: 2m 6s
Rendered 460/3960, time remaining: 2m 7s
Rendered 461/3960, time remaining: 2m 8s
Rendered 462/3960, time remaining: 2m 8s
Rendered 463/3960, time remaining: 2m 6s
Rendered 464/3960, time remaining: 2m 7s
Rendered 465/3960, time remaining: 2m 7s
Rendered 466/3960, time remaining: 2m 5s
Rendered 467/3960, time remaining: 2m 5s
Rendered 468/3960, time remaining: 2m 6s
Rendered 469/3960, time remaining: 2m 7s
Rendered 470/3960, time remaining: 2m 7s
Rendered 471/3960, time remaining: 2m 6s
Rendered 472/3960, time remaining: 2m 5s
Rendered 473/3960, time remaining: 2m 6s
Rendered 474/3960, time remaining: 2m 6s
Rendered 475/3960, time remaining: 2m 6s
Rendered 476/3960, time remaining: 2m 7s
Rendered 477/3960, time remaining: 2m 7s
Rendered 478/3960, time remaining: 2m 5s
Rendered 479/3960, time remaining: 2m 4s
Rendered 480/3960, time remaining: 2m 4s
Rendered 481/3960, time remaining: 2m 4s
Rendered 482/3960, time remaining: 2m 5s
Rendered 483/3960, time remaining: 2m 7s
Rendered 484/3960, time remaining: 2m 5s
Rendered 485/3960, time remaining: 2m 6s
Rendered 486/3960, time remaining: 2m 4s
Rendered 487/3960, time remaining: 2m 4s
Rendered 488/3960, time remaining: 2m 4s
Rendered 489/3960, time remaining: 2m 5s
Rendered 490/3960, time remaining: 2m 5s
Rendered 491/3960, time remaining: 2m 8s
Rendered 492/3960, time remaining: 2m 5s
Rendered 493/3960, time remaining: 2m 7s
Rendered 494/3960, time remaining: 2m 6s
Rendered 495/3960, time remaining: 2m 6s
Rendered 496/3960, time remaining: 2m 4s
Rendered 497/3960, time remaining: 2m 7s
Rendered 498/3960, time remaining: 2m 6s
Rendered 499/3960, time remaining: 2m 7s
Rendered 500/3960, time remaining: 2m 7s
Rendered 501/3960, time remaining: 2m 9s
Rendered 502/3960, time remaining: 2m 7s
Rendered 503/3960, time remaining: 2m 6s
Rendered 504/3960, time remaining: 2m 8s
Rendered 505/3960, time remaining: 2m 8s
Rendered 506/3960, time remaining: 2m 6s
Rendered 507/3960, time remaining: 2m 7s
Rendered 508/3960, time remaining: 2m 7s
Rendered 509/3960, time remaining: 2m 8s
Rendered 510/3960, time remaining: 2m 9s
Rendered 511/3960, time remaining: 2m 9s
Rendered 512/3960, time remaining: 2m 9s
Rendered 513/3960, time remaining: 2m 7s
Rendered 514/3960, time remaining: 2m 5s
Rendered 515/3960, time remaining: 2m 8s
Rendered 516/3960, time remaining: 2m 9s
Rendered 517/3960, time remaining: 2m 9s
Rendered 518/3960, time remaining: 2m 8s
Rendered 519/3960, time remaining: 2m 8s
Rendered 520/3960, time remaining: 2m 8s
Rendered 521/3960, time remaining: 2m 8s
Rendered 522/3960, time remaining: 2m 10s
Rendered 523/3960, time remaining: 2m 10s
Rendered 524/3960, time remaining: 2m 10s
Rendered 525/3960, time remaining: 2m 8s
Rendered 526/3960, time remaining: 2m 9s
Rendered 527/3960, time remaining: 2m 7s
Rendered 528/3960, time remaining: 2m 9s
Rendered 529/3960, time remaining: 2m 10s
Rendered 530/3960, time remaining: 2m 10s
Rendered 531/3960, time remaining: 2m 11s
Rendered 532/3960, time remaining: 2m 11s
Rendered 533/3960, time remaining: 2m 7s
Rendered 534/3960, time remaining: 2m 9s
Rendered 535/3960, time remaining: 2m 9s
Rendered 536/3960, time remaining: 2m 11s
Rendered 537/3960, time remaining: 2m 11s
Rendered 538/3960, time remaining: 2m 10s
Rendered 539/3960, time remaining: 2m 8s
Rendered 540/3960, time remaining: 2m 10s
Rendered 541/3960, time remaining: 2m 8s
Rendered 542/3960, time remaining: 2m 9s
Rendered 543/3960, time remaining: 2m 11s
Rendered 544/3960, time remaining: 2m 11s
Rendered 545/3960, time remaining: 2m 10s
Rendered 546/3960, time remaining: 2m 9s
Rendered 547/3960, time remaining: 2m 9s
Rendered 548/3960, time remaining: 2m 11s
Rendered 549/3960, time remaining: 2m 8s
Rendered 550/3960, time remaining: 2m 10s
Rendered 551/3960, time remaining: 2m 10s
Rendered 552/3960, time remaining: 2m 12s
Rendered 553/3960, time remaining: 2m 10s
Rendered 554/3960, time remaining: 2m 9s
Rendered 555/3960, time remaining: 2m 9s
Rendered 556/3960, time remaining: 2m 11s
Rendered 557/3960, time remaining: 2m 10s
Rendered 558/3960, time remaining: 2m 12s
Rendered 559/3960, time remaining: 2m 9s
Rendered 560/3960, time remaining: 2m 9s
Rendered 561/3960, time remaining: 2m 9s
Rendered 562/3960, time remaining: 2m 11s
Rendered 563/3960, time remaining: 2m 11s
Rendered 564/3960, time remaining: 2m 11s
Rendered 565/3960, time remaining: 2m 10s
Rendered 566/3960, time remaining: 2m 12s
Rendered 567/3960, time remaining: 2m 10s
Rendered 568/3960, time remaining: 2m 11s
Rendered 569/3960, time remaining: 2m 11s
Rendered 570/3960, time remaining: 2m 15s
Rendered 571/3960, time remaining: 2m 14s
Rendered 572/3960, time remaining: 2m 13s
Rendered 573/3960, time remaining: 2m 13s
Rendered 574/3960, time remaining: 2m 15s
Rendered 575/3960, time remaining: 2m 15s
Rendered 576/3960, time remaining: 2m 18s
Rendered 577/3960, time remaining: 2m 19s
Rendered 578/3960, time remaining: 2m 19s
Rendered 579/3960, time remaining: 2m 19s
Rendered 580/3960, time remaining: 2m 18s
Rendered 581/3960, time remaining: 2m 18s
Rendered 582/3960, time remaining: 2m 19s
Rendered 583/3960, time remaining: 2m 19s
Rendered 584/3960, time remaining: 2m 23s
Rendered 585/3960, time remaining: 2m 24s
Rendered 586/3960, time remaining: 2m 24s
Rendered 587/3960, time remaining: 2m 24s
Rendered 588/3960, time remaining: 2m 21s
Rendered 589/3960, time remaining: 2m 21s
Rendered 590/3960, time remaining: 2m 20s
Rendered 591/3960, time remaining: 2m 20s
Rendered 592/3960, time remaining: 2m 22s
Rendered 593/3960, time remaining: 2m 23s
Rendered 594/3960, time remaining: 2m 23s
Rendered 595/3960, time remaining: 2m 26s
Rendered 596/3960, time remaining: 2m 23s
Rendered 597/3960, time remaining: 2m 23s
Rendered 598/3960, time remaining: 2m 23s
Rendered 599/3960, time remaining: 2m 23s
Rendered 600/3960, time remaining: 2m 22s
Rendered 601/3960, time remaining: 2m 22s
Rendered 602/3960, time remaining: 2m 20s
Rendered 603/3960, time remaining: 2m 26s
Rendered 604/3960, time remaining: 2m 24s
Rendered 605/3960, time remaining: 2m 24s
Rendered 606/3960, time remaining: 2m 23s
Rendered 607/3960, time remaining: 2m 23s
Rendered 608/3960, time remaining: 2m 24s
Rendered 609/3960, time remaining: 2m 25s
Rendered 610/3960, time remaining: 2m 22s
Rendered 611/3960, time remaining: 2m 25s
Rendered 612/3960, time remaining: 2m 24s
Rendered 613/3960, time remaining: 2m 24s
Rendered 614/3960, time remaining: 2m 23s
Rendered 615/3960, time remaining: 2m 27s
Rendered 616/3960, time remaining: 2m 27s
Rendered 617/3960, time remaining: 2m 27s
Rendered 618/3960, time remaining: 2m 25s
Rendered 619/3960, time remaining: 2m 24s
Rendered 620/3960, time remaining: 2m 25s
Rendered 621/3960, time remaining: 2m 24s
Rendered 622/3960, time remaining: 2m 27s
Rendered 623/3960, time remaining: 2m 27s
Rendered 624/3960, time remaining: 2m 27s
Rendered 625/3960, time remaining: 2m 27s
Rendered 626/3960, time remaining: 2m 25s
Rendered 627/3960, time remaining: 2m 25s
Rendered 628/3960, time remaining: 2m 24s
Rendered 629/3960, time remaining: 2m 24s
Rendered 630/3960, time remaining: 2m 24s
Rendered 631/3960, time remaining: 2m 27s
Rendered 632/3960, time remaining: 2m 26s
Rendered 633/3960, time remaining: 2m 27s
Rendered 634/3960, time remaining: 2m 27s
Rendered 635/3960, time remaining: 2m 26s
Rendered 636/3960, time remaining: 2m 26s
Rendered 637/3960, time remaining: 2m 27s
Rendered 638/3960, time remaining: 2m 29s
Rendered 639/3960, time remaining: 2m 28s
Rendered 640/3960, time remaining: 2m 28s
Rendered 641/3960, time remaining: 2m 27s
Rendered 642/3960, time remaining: 2m 27s
Rendered 643/3960, time remaining: 2m 25s
Rendered 644/3960, time remaining: 2m 25s
Rendered 645/3960, time remaining: 2m 25s
Rendered 646/3960, time remaining: 2m 26s
Rendered 647/3960, time remaining: 2m 26s
Rendered 648/3960, time remaining: 2m 26s
Rendered 649/3960, time remaining: 2m 26s
Rendered 650/3960, time remaining: 2m 26s
Rendered 651/3960, time remaining: 2m 25s
Rendered 652/3960, time remaining: 2m 25s
Rendered 653/3960, time remaining: 2m 26s
Rendered 654/3960, time remaining: 2m 24s
Rendered 655/3960, time remaining: 2m 25s
Rendered 656/3960, time remaining: 2m 25s
Rendered 657/3960, time remaining: 2m 26s
Rendered 658/3960, time remaining: 2m 27s
Rendered 659/3960, time remaining: 2m 27s
Rendered 660/3960, time remaining: 2m 26s
Rendered 661/3960, time remaining: 2m 26s
Rendered 662/3960, time remaining: 2m 25s
Rendered 663/3960, time remaining: 2m 27s
Rendered 664/3960, time remaining: 2m 27s
Rendered 665/3960, time remaining: 2m 26s
Rendered 666/3960, time remaining: 2m 26s
Rendered 667/3960, time remaining: 2m 26s
Rendered 668/3960, time remaining: 2m 25s
Rendered 669/3960, time remaining: 2m 25s
Rendered 670/3960, time remaining: 2m 25s
Rendered 671/3960, time remaining: 2m 28s
Rendered 672/3960, time remaining: 2m 28s
Rendered 673/3960, time remaining: 2m 26s
Rendered 674/3960, time remaining: 2m 25s
Rendered 675/3960, time remaining: 2m 26s
Rendered 676/3960, time remaining: 2m 25s
Rendered 677/3960, time remaining: 2m 25s
Rendered 678/3960, time remaining: 2m 24s
Rendered 679/3960, time remaining: 2m 26s
Rendered 680/3960, time remaining: 2m 28s
Rendered 681/3960, time remaining: 2m 27s
Rendered 682/3960, time remaining: 2m 26s
Rendered 683/3960, time remaining: 2m 26s
Rendered 684/3960, time remaining: 2m 25s
Rendered 685/3960, time remaining: 2m 25s
Rendered 686/3960, time remaining: 2m 23s
Rendered 687/3960, time remaining: 2m 24s
Rendered 688/3960, time remaining: 2m 27s
Rendered 689/3960, time remaining: 2m 29s
Rendered 690/3960, time remaining: 2m 27s
Rendered 691/3960, time remaining: 2m 26s
Rendered 692/3960, time remaining: 2m 26s
Rendered 693/3960, time remaining: 2m 24s
Rendered 694/3960, time remaining: 2m 24s
Rendered 695/3960, time remaining: 2m 24s
Rendered 696/3960, time remaining: 2m 28s
Rendered 697/3960, time remaining: 2m 28s
Rendered 698/3960, time remaining: 2m 26s
Rendered 699/3960, time remaining: 2m 28s
Rendered 700/3960, time remaining: 2m 24s
Rendered 701/3960, time remaining: 2m 24s
Rendered 702/3960, time remaining: 2m 22s
Rendered 703/3960, time remaining: 2m 25s
Rendered 704/3960, time remaining: 2m 25s
Rendered 705/3960, time remaining: 2m 25s
Rendered 706/3960, time remaining: 2m 27s
Rendered 707/3960, time remaining: 2m 27s
Rendered 708/3960, time remaining: 2m 25s
Rendered 709/3960, time remaining: 2m 24s
Rendered 710/3960, time remaining: 2m 24s
Rendered 711/3960, time remaining: 2m 26s
Rendered 712/3960, time remaining: 2m 23s
Rendered 713/3960, time remaining: 2m 23s
Rendered 714/3960, time remaining: 2m 27s
Rendered 715/3960, time remaining: 2m 26s
Rendered 716/3960, time remaining: 2m 24s
Rendered 717/3960, time remaining: 2m 27s
Rendered 718/3960, time remaining: 2m 25s
Rendered 719/3960, time remaining: 2m 27s
Rendered 720/3960, time remaining: 2m 24s
Rendered 721/3960, time remaining: 2m 24s
Rendered 722/3960, time remaining: 2m 24s
Rendered 723/3960, time remaining: 2m 25s
Rendered 724/3960, time remaining: 2m 25s
Rendered 725/3960, time remaining: 2m 26s
Rendered 726/3960, time remaining: 2m 24s
Rendered 727/3960, time remaining: 2m 24s
Rendered 728/3960, time remaining: 2m 24s
Rendered 729/3960, time remaining: 2m 24s
Rendered 730/3960, time remaining: 2m 27s
Rendered 731/3960, time remaining: 2m 27s
Rendered 732/3960, time remaining: 2m 27s
Rendered 733/3960, time remaining: 2m 27s
Rendered 734/3960, time remaining: 2m 23s
Rendered 735/3960, time remaining: 2m 23s
Rendered 736/3960, time remaining: 2m 23s
Rendered 737/3960, time remaining: 2m 23s
Rendered 738/3960, time remaining: 2m 27s
Rendered 739/3960, time remaining: 2m 27s
Rendered 740/3960, time remaining: 2m 26s
Rendered 741/3960, time remaining: 2m 26s
Rendered 742/3960, time remaining: 2m 25s
Rendered 743/3960, time remaining: 2m 24s
Rendered 744/3960, time remaining: 2m 23s
Rendered 745/3960, time remaining: 2m 20s
Rendered 746/3960, time remaining: 2m 25s
Rendered 747/3960, time remaining: 2m 25s
Rendered 748/3960, time remaining: 2m 24s
Rendered 749/3960, time remaining: 2m 25s
Rendered 750/3960, time remaining: 2m 26s
Rendered 751/3960, time remaining: 2m 25s
Rendered 752/3960, time remaining: 2m 25s
Rendered 753/3960, time remaining: 2m 21s
Rendered 754/3960, time remaining: 2m 26s
Rendered 755/3960, time remaining: 2m 25s
Rendered 756/3960, time remaining: 2m 26s
Rendered 757/3960, time remaining: 2m 26s
Rendered 758/3960, time remaining: 2m 25s
Rendered 759/3960, time remaining: 2m 24s
Rendered 760/3960, time remaining: 2m 24s
Rendered 761/3960, time remaining: 2m 23s
Rendered 762/3960, time remaining: 2m 26s
Rendered 763/3960, time remaining: 2m 26s
Rendered 764/3960, time remaining: 2m 26s
Rendered 765/3960, time remaining: 2m 23s
Rendered 766/3960, time remaining: 2m 23s
Rendered 767/3960, time remaining: 2m 24s
Rendered 768/3960, time remaining: 2m 24s
Rendered 769/3960, time remaining: 2m 25s
Rendered 770/3960, time remaining: 2m 24s
Rendered 771/3960, time remaining: 2m 27s
Rendered 772/3960, time remaining: 2m 23s
Rendered 773/3960, time remaining: 2m 23s
Rendered 774/3960, time remaining: 2m 25s
Rendered 775/3960, time remaining: 2m 24s
Rendered 776/3960, time remaining: 2m 24s
Rendered 777/3960, time remaining: 2m 25s
Rendered 778/3960, time remaining: 2m 25s
Rendered 779/3960, time remaining: 2m 25s
Rendered 780/3960, time remaining: 2m 26s
Rendered 781/3960, time remaining: 2m 26s
Rendered 782/3960, time remaining: 2m 26s
Rendered 783/3960, time remaining: 2m 22s
Rendered 784/3960, time remaining: 2m 22s
Rendered 785/3960, time remaining: 2m 24s
Rendered 786/3960, time remaining: 2m 23s
Rendered 787/3960, time remaining: 2m 23s
Rendered 788/3960, time remaining: 2m 23s
Rendered 789/3960, time remaining: 2m 24s
Rendered 790/3960, time remaining: 2m 23s
Rendered 791/3960, time remaining: 2m 22s
Rendered 792/3960, time remaining: 2m 21s
Rendered 793/3960, time remaining: 2m 23s
Rendered 794/3960, time remaining: 2m 23s
Rendered 795/3960, time remaining: 2m 23s
Rendered 796/3960, time remaining: 2m 24s
Rendered 797/3960, time remaining: 2m 23s
Rendered 798/3960, time remaining: 2m 24s
Rendered 799/3960, time remaining: 2m 22s
Rendered 800/3960, time remaining: 2m 21s
Rendered 801/3960, time remaining: 2m 22s
Rendered 802/3960, time remaining: 2m 23s
Rendered 803/3960, time remaining: 2m 24s
Rendered 804/3960, time remaining: 2m 24s
Rendered 805/3960, time remaining: 2m 24s
Rendered 806/3960, time remaining: 2m 26s
Rendered 807/3960, time remaining: 2m 22s
Rendered 808/3960, time remaining: 2m 21s
Rendered 809/3960, time remaining: 2m 19s
Rendered 810/3960, time remaining: 2m 21s
Rendered 811/3960, time remaining: 2m 21s
Rendered 812/3960, time remaining: 2m 23s
Rendered 813/3960, time remaining: 2m 22s
Rendered 814/3960, time remaining: 2m 21s
Rendered 815/3960, time remaining: 2m 20s
Rendered 816/3960, time remaining: 2m 18s
Rendered 817/3960, time remaining: 2m 19s
Rendered 818/3960, time remaining: 2m 21s
Rendered 819/3960, time remaining: 2m 24s
Rendered 820/3960, time remaining: 2m 24s
Rendered 821/3960, time remaining: 2m 21s
Rendered 822/3960, time remaining: 2m 19s
Rendered 823/3960, time remaining: 2m 19s
Rendered 824/3960, time remaining: 2m 19s
Rendered 825/3960, time remaining: 2m 19s
Rendered 826/3960, time remaining: 2m 20s
Rendered 827/3960, time remaining: 2m 24s
Rendered 828/3960, time remaining: 2m 24s
Rendered 829/3960, time remaining: 2m 21s
Rendered 830/3960, time remaining: 2m 19s
Rendered 831/3960, time remaining: 2m 19s
Rendered 832/3960, time remaining: 2m 20s
Rendered 833/3960, time remaining: 2m 21s
Rendered 834/3960, time remaining: 2m 18s
Rendered 835/3960, time remaining: 2m 23s
Rendered 836/3960, time remaining: 2m 23s
Rendered 837/3960, time remaining: 2m 22s
Rendered 838/3960, time remaining: 2m 20s
Rendered 839/3960, time remaining: 2m 18s
Rendered 840/3960, time remaining: 2m 20s
Rendered 841/3960, time remaining: 2m 20s
Rendered 842/3960, time remaining: 2m 18s
Rendered 843/3960, time remaining: 2m 23s
Rendered 844/3960, time remaining: 2m 23s
Rendered 845/3960, time remaining: 2m 23s
Rendered 846/3960, time remaining: 2m 18s
Rendered 847/3960, time remaining: 2m 19s
Rendered 848/3960, time remaining: 2m 21s
Rendered 849/3960, time remaining: 2m 19s
Rendered 850/3960, time remaining: 2m 19s
Rendered 851/3960, time remaining: 2m 22s
Rendered 852/3960, time remaining: 2m 22s
Rendered 853/3960, time remaining: 2m 20s
Rendered 854/3960, time remaining: 2m 19s
Rendered 855/3960, time remaining: 2m 21s
Rendered 856/3960, time remaining: 2m 21s
Rendered 857/3960, time remaining: 2m 20s
Rendered 858/3960, time remaining: 2m 20s
Rendered 859/3960, time remaining: 2m 22s
Rendered 860/3960, time remaining: 2m 22s
Rendered 861/3960, time remaining: 2m 19s
Rendered 862/3960, time remaining: 2m 19s
Rendered 863/3960, time remaining: 2m 21s
Rendered 864/3960, time remaining: 2m 20s
Rendered 865/3960, time remaining: 2m 20s
Rendered 866/3960, time remaining: 2m 20s
Rendered 867/3960, time remaining: 2m 18s
Rendered 868/3960, time remaining: 2m 19s
Rendered 869/3960, time remaining: 2m 18s
Rendered 870/3960, time remaining: 2m 19s
Rendered 871/3960, time remaining: 2m 20s
Rendered 872/3960, time remaining: 2m 20s
Rendered 873/3960, time remaining: 2m 19s
Rendered 874/3960, time remaining: 2m 19s
Rendered 875/3960, time remaining: 2m 18s
Rendered 876/3960, time remaining: 2m 19s
Rendered 877/3960, time remaining: 2m 17s
Rendered 878/3960, time remaining: 2m 18s
Rendered 879/3960, time remaining: 2m 17s
Rendered 880/3960, time remaining: 2m 18s
Rendered 881/3960, time remaining: 2m 18s
Rendered 882/3960, time remaining: 2m 16s
Rendered 883/3960, time remaining: 2m 16s
Rendered 884/3960, time remaining: 2m 17s
Rendered 885/3960, time remaining: 2m 18s
Rendered 886/3960, time remaining: 2m 17s
Rendered 887/3960, time remaining: 2m 17s
Rendered 888/3960, time remaining: 2m 15s
Rendered 889/3960, time remaining: 2m 15s
Rendered 890/3960, time remaining: 2m 17s
Rendered 891/3960, time remaining: 2m 17s
Rendered 892/3960, time remaining: 2m 16s
Rendered 893/3960, time remaining: 2m 17s
Rendered 894/3960, time remaining: 2m 17s
Rendered 895/3960, time remaining: 2m 18s
Rendered 896/3960, time remaining: 2m 15s
Rendered 897/3960, time remaining: 2m 15s
Rendered 898/3960, time remaining: 2m 16s
Rendered 899/3960, time remaining: 2m 15s
Rendered 900/3960, time remaining: 2m 14s
Rendered 901/3960, time remaining: 2m 16s
Rendered 902/3960, time remaining: 2m 16s
Rendered 903/3960, time remaining: 2m 15s
Rendered 904/3960, time remaining: 2m 14s
Rendered 905/3960, time remaining: 2m 14s
Rendered 906/3960, time remaining: 2m 13s
Rendered 907/3960, time remaining: 2m 13s
Rendered 908/3960, time remaining: 2m 15s
Rendered 909/3960, time remaining: 2m 15s
Rendered 910/3960, time remaining: 2m 14s
Rendered 911/3960, time remaining: 2m 12s
Rendered 912/3960, time remaining: 2m 13s
Rendered 913/3960, time remaining: 2m 14s
Rendered 914/3960, time remaining: 2m 13s
Rendered 915/3960, time remaining: 2m 13s
Rendered 916/3960, time remaining: 2m 12s
Rendered 917/3960, time remaining: 2m 13s
Rendered 918/3960, time remaining: 2m 13s
Rendered 919/3960, time remaining: 2m 11s
Rendered 920/3960, time remaining: 2m 12s
Rendered 921/3960, time remaining: 2m 11s
Rendered 922/3960, time remaining: 2m 13s
Rendered 923/3960, time remaining: 2m 12s
Rendered 924/3960, time remaining: 2m 10s
Rendered 925/3960, time remaining: 2m 11s
Rendered 926/3960, time remaining: 2m 11s
Rendered 927/3960, time remaining: 2m 12s
Rendered 928/3960, time remaining: 2m 11s
Rendered 929/3960, time remaining: 2m 10s
Rendered 930/3960, time remaining: 2m 12s
Rendered 931/3960, time remaining: 2m 11s
Rendered 932/3960, time remaining: 2m 10s
Rendered 933/3960, time remaining: 2m 10s
Rendered 934/3960, time remaining: 2m 10s
Rendered 935/3960, time remaining: 2m 11s
Rendered 936/3960, time remaining: 2m 11s
Rendered 937/3960, time remaining: 2m 11s
Rendered 938/3960, time remaining: 2m 9s
Rendered 939/3960, time remaining: 2m 8s
Rendered 940/3960, time remaining: 2m 8s
Rendered 941/3960, time remaining: 2m 8s
Rendered 942/3960, time remaining: 2m 8s
Rendered 943/3960, time remaining: 2m 10s
Rendered 944/3960, time remaining: 2m 11s
Rendered 945/3960, time remaining: 2m 11s
Rendered 946/3960, time remaining: 2m 9s
Rendered 947/3960, time remaining: 2m 8s
Rendered 948/3960, time remaining: 2m 9s
Rendered 949/3960, time remaining: 2m 8s
Rendered 950/3960, time remaining: 2m 8s
Rendered 951/3960, time remaining: 2m 9s
Rendered 952/3960, time remaining: 2m 9s
Rendered 953/3960, time remaining: 2m 9s
Rendered 954/3960, time remaining: 2m 8s
Rendered 955/3960, time remaining: 2m 8s
Rendered 956/3960, time remaining: 2m 6s
Rendered 957/3960, time remaining: 2m 6s
Rendered 958/3960, time remaining: 2m 9s
Rendered 959/3960, time remaining: 2m 8s
Rendered 960/3960, time remaining: 2m 9s
Rendered 961/3960, time remaining: 2m 10s
Rendered 962/3960, time remaining: 2m 8s
Rendered 963/3960, time remaining: 2m 8s
Rendered 964/3960, time remaining: 2m 8s
Rendered 965/3960, time remaining: 2m 7s
Rendered 966/3960, time remaining: 2m 9s
Rendered 967/3960, time remaining: 2m 9s
Rendered 968/3960, time remaining: 2m 10s
Rendered 969/3960, time remaining: 2m 7s
Rendered 970/3960, time remaining: 2m 7s
Rendered 971/3960, time remaining: 2m 7s
Rendered 972/3960, time remaining: 2m 7s
Rendered 973/3960, time remaining: 2m 7s
Rendered 974/3960, time remaining: 2m 7s
Rendered 975/3960, time remaining: 2m 6s
Rendered 976/3960, time remaining: 2m 11s
Rendered 977/3960, time remaining: 2m 7s
Rendered 978/3960, time remaining: 2m 7s
Rendered 979/3960, time remaining: 2m 7s
Rendered 980/3960, time remaining: 2m 7s
Rendered 981/3960, time remaining: 2m 8s
Rendered 982/3960, time remaining: 2m 7s
Rendered 983/3960, time remaining: 2m 6s
Rendered 984/3960, time remaining: 2m 8s
Rendered 985/3960, time remaining: 2m 6s
Rendered 986/3960, time remaining: 2m 6s
Rendered 987/3960, time remaining: 2m 6s
Rendered 988/3960, time remaining: 2m 5s
Rendered 989/3960, time remaining: 2m 8s
Rendered 990/3960, time remaining: 2m 7s
Rendered 991/3960, time remaining: 2m 6s
Rendered 992/3960, time remaining: 2m 6s
Rendered 993/3960, time remaining: 2m 4s
Rendered 994/3960, time remaining: 2m 3s
Rendered 995/3960, time remaining: 2m 3s
Rendered 996/3960, time remaining: 2m 3s
Rendered 997/3960, time remaining: 2m 6s
Rendered 998/3960, time remaining: 2m 5s
Rendered 999/3960, time remaining: 2m 5s
Rendered 1000/3960, time remaining: 2m 5s
Rendered 1001/3960, time remaining: 2m 3s
Rendered 1002/3960, time remaining: 2m 3s
Rendered 1003/3960, time remaining: 2m 5s
Rendered 1004/3960, time remaining: 2m 4s
Rendered 1005/3960, time remaining: 2m 6s
Rendered 1006/3960, time remaining: 2m 3s
Rendered 1007/3960, time remaining: 2m 4s
Rendered 1008/3960, time remaining: 2m 5s
Rendered 1009/3960, time remaining: 2m 2s
Rendered 1010/3960, time remaining: 2m 2s
Rendered 1011/3960, time remaining: 2m 2s
Rendered 1012/3960, time remaining: 2m 3s
Rendered 1013/3960, time remaining: 2m 2s
Rendered 1014/3960, time remaining: 2m 3s
Rendered 1015/3960, time remaining: 2m 3s
Rendered 1016/3960, time remaining: 2m 4s
Rendered 1017/3960, time remaining: 2m 3s
Rendered 1018/3960, time remaining: 2m 3s
Rendered 1019/3960, time remaining: 2m 3s
Rendered 1020/3960, time remaining: 2m 4s
Rendered 1021/3960, time remaining: 2m 3s
Rendered 1022/3960, time remaining: 2m 4s
Rendered 1023/3960, time remaining: 2m 3s
Rendered 1024/3960, time remaining: 2m 3s
Rendered 1025/3960, time remaining: 2m 4s
Rendered 1026/3960, time remaining: 2m 3s
Rendered 1027/3960, time remaining: 2m 2s
Rendered 1028/3960, time remaining: 2m 2s
Rendered 1029/3960, time remaining: 2m 3s
Rendered 1030/3960, time remaining: 2m 0s
Rendered 1031/3960, time remaining: 2m 3s
Rendered 1032/3960, time remaining: 2m 3s
Rendered 1033/3960, time remaining: 2m 5s
Rendered 1034/3960, time remaining: 2m 4s
Rendered 1035/3960, time remaining: 2m 3s
Rendered 1036/3960, time remaining: 2m 3s
Rendered 1037/3960, time remaining: 2m 5s
Rendered 1038/3960, time remaining: 2m 3s
Rendered 1039/3960, time remaining: 2m 2s
Rendered 1040/3960, time remaining: 2m 3s
Rendered 1041/3960, time remaining: 2m 3s
Rendered 1042/3960, time remaining: 2m 3s
Rendered 1043/3960, time remaining: 2m 3s
Rendered 1044/3960, time remaining: 2m 3s
Rendered 1045/3960, time remaining: 2m 4s
Rendered 1046/3960, time remaining: 2m 2s
Rendered 1047/3960, time remaining: 2m 1s
Rendered 1048/3960, time remaining: 2m 4s
Rendered 1049/3960, time remaining: 2m 4s
Rendered 1050/3960, time remaining: 2m 4s
Rendered 1051/3960, time remaining: 2m 2s
Rendered 1052/3960, time remaining: 2m 3s
Rendered 1053/3960, time remaining: 2m 4s
Rendered 1054/3960, time remaining: 2m 1s
Rendered 1055/3960, time remaining: 2m 0s
Rendered 1056/3960, time remaining: 2m 4s
Rendered 1057/3960, time remaining: 2m 4s
Rendered 1058/3960, time remaining: 2m 3s
Rendered 1059/3960, time remaining: 2m 3s
Rendered 1060/3960, time remaining: 2m 3s
Rendered 1061/3960, time remaining: 2m 5s
Rendered 1062/3960, time remaining: 2m 1s
Rendered 1063/3960, time remaining: 2m 1s
Rendered 1064/3960, time remaining: 2m 2s
Rendered 1065/3960, time remaining: 2m 2s
Rendered 1066/3960, time remaining: 2m 2s
Rendered 1067/3960, time remaining: 2m 1s
Rendered 1068/3960, time remaining: 2m 1s
Rendered 1069/3960, time remaining: 2m 5s
Rendered 1070/3960, time remaining: 2m 4s
Rendered 1071/3960, time remaining: 2m 3s
Rendered 1072/3960, time remaining: 2m 2s
Rendered 1073/3960, time remaining: 2m 2s
Rendered 1074/3960, time remaining: 2m 3s
Rendered 1075/3960, time remaining: 2m 2s
Rendered 1076/3960, time remaining: 2m 2s
Rendered 1077/3960, time remaining: 2m 4s
Rendered 1078/3960, time remaining: 2m 4s
Rendered 1079/3960, time remaining: 2m 4s
Rendered 1080/3960, time remaining: 2m 2s
Rendered 1081/3960, time remaining: 2m 1s
Rendered 1082/3960, time remaining: 2m 1s
Rendered 1083/3960, time remaining: 2m 1s
Rendered 1084/3960, time remaining: 2m 3s
Rendered 1085/3960, time remaining: 2m 3s
Rendered 1086/3960, time remaining: 2m 4s
Rendered 1087/3960, time remaining: 2m 4s
Rendered 1088/3960, time remaining: 2m 4s
Rendered 1089/3960, time remaining: 2m 2s
Rendered 1090/3960, time remaining: 2m 3s
Rendered 1091/3960, time remaining: 2m 5s
Rendered 1092/3960, time remaining: 2m 5s
Rendered 1093/3960, time remaining: 2m 2s
Rendered 1094/3960, time remaining: 2m 3s
Rendered 1095/3960, time remaining: 2m 4s
Rendered 1096/3960, time remaining: 2m 3s
Rendered 1097/3960, time remaining: 2m 3s
Rendered 1098/3960, time remaining: 2m 1s
Rendered 1099/3960, time remaining: 2m 4s
Rendered 1100/3960, time remaining: 2m 4s
Rendered 1101/3960, time remaining: 2m 3s
Rendered 1102/3960, time remaining: 2m 2s
Rendered 1103/3960, time remaining: 2m 3s
Rendered 1104/3960, time remaining: 2m 3s
Rendered 1105/3960, time remaining: 2m 3s
Rendered 1106/3960, time remaining: 2m 4s
Rendered 1107/3960, time remaining: 2m 4s
Rendered 1108/3960, time remaining: 2m 2s
Rendered 1109/3960, time remaining: 2m 2s
Rendered 1110/3960, time remaining: 2m 1s
Rendered 1111/3960, time remaining: 2m 1s
Rendered 1112/3960, time remaining: 2m 1s
Rendered 1113/3960, time remaining: 2m 2s
Rendered 1114/3960, time remaining: 2m 2s
Rendered 1115/3960, time remaining: 2m 4s
Rendered 1116/3960, time remaining: 2m 2s
Rendered 1117/3960, time remaining: 2m 2s
Rendered 1118/3960, time remaining: 2m 1s
Rendered 1119/3960, time remaining: 2m 3s
Rendered 1120/3960, time remaining: 2m 2s
Rendered 1121/3960, time remaining: 2m 2s
Rendered 1122/3960, time remaining: 2m 2s
Rendered 1123/3960, time remaining: 2m 4s
Rendered 1124/3960, time remaining: 2m 3s
Rendered 1125/3960, time remaining: 2m 3s
Rendered 1126/3960, time remaining: 1m 59s
Rendered 1127/3960, time remaining: 2m 1s
Rendered 1128/3960, time remaining: 2m 1s
Rendered 1129/3960, time remaining: 2m 1s
Rendered 1130/3960, time remaining: 2m 0s
Rendered 1131/3960, time remaining: 2m 1s
Rendered 1132/3960, time remaining: 2m 0s
Rendered 1133/3960, time remaining: 2m 0s
Rendered 1134/3960, time remaining: 2m 1s
Rendered 1135/3960, time remaining: 2m 0s
Rendered 1136/3960, time remaining: 2m 0s
Rendered 1137/3960, time remaining: 2m 0s
Rendered 1138/3960, time remaining: 2m 2s
Rendered 1139/3960, time remaining: 1m 59s
Rendered 1140/3960, time remaining: 1m 59s
Rendered 1141/3960, time remaining: 1m 59s
Rendered 1142/3960, time remaining: 2m 3s
Rendered 1143/3960, time remaining: 2m 1s
Rendered 1144/3960, time remaining: 2m 1s
Rendered 1145/3960, time remaining: 2m 1s
Rendered 1146/3960, time remaining: 2m 1s
Rendered 1147/3960, time remaining: 2m 0s
Rendered 1148/3960, time remaining: 1m 59s
Rendered 1149/3960, time remaining: 1m 59s
Rendered 1150/3960, time remaining: 2m 3s
Rendered 1151/3960, time remaining: 2m 3s
Rendered 1152/3960, time remaining: 2m 3s
Rendered 1153/3960, time remaining: 2m 1s
Rendered 1154/3960, time remaining: 2m 1s
Rendered 1155/3960, time remaining: 1m 58s
Rendered 1156/3960, time remaining: 1m 58s
Rendered 1157/3960, time remaining: 1m 58s
Rendered 1158/3960, time remaining: 1m 59s
Rendered 1159/3960, time remaining: 2m 2s
Rendered 1160/3960, time remaining: 2m 4s
Rendered 1161/3960, time remaining: 2m 3s
Rendered 1162/3960, time remaining: 2m 3s
Rendered 1163/3960, time remaining: 2m 1s
Rendered 1164/3960, time remaining: 1m 59s
Rendered 1165/3960, time remaining: 1m 59s
Rendered 1166/3960, time remaining: 2m 0s
Rendered 1167/3960, time remaining: 2m 0s
Rendered 1168/3960, time remaining: 2m 2s
Rendered 1169/3960, time remaining: 2m 2s
Rendered 1170/3960, time remaining: 2m 1s
Rendered 1171/3960, time remaining: 2m 0s
Rendered 1172/3960, time remaining: 2m 0s
Rendered 1173/3960, time remaining: 2m 0s
Rendered 1174/3960, time remaining: 1m 58s
Rendered 1175/3960, time remaining: 1m 58s
Rendered 1176/3960, time remaining: 2m 2s
Rendered 1177/3960, time remaining: 2m 2s
Rendered 1178/3960, time remaining: 2m 2s
Rendered 1179/3960, time remaining: 2m 1s
Rendered 1180/3960, time remaining: 2m 2s
Rendered 1181/3960, time remaining: 1m 59s
Rendered 1182/3960, time remaining: 2m 1s
Rendered 1183/3960, time remaining: 2m 0s
Rendered 1184/3960, time remaining: 2m 0s
Rendered 1185/3960, time remaining: 2m 1s
Rendered 1186/3960, time remaining: 2m 2s
Rendered 1187/3960, time remaining: 2m 1s
Rendered 1188/3960, time remaining: 2m 1s
Rendered 1189/3960, time remaining: 2m 1s
Rendered 1190/3960, time remaining: 1m 58s
Rendered 1191/3960, time remaining: 2m 1s
Rendered 1192/3960, time remaining: 2m 0s
Rendered 1193/3960, time remaining: 2m 0s
Rendered 1194/3960, time remaining: 2m 0s
Rendered 1195/3960, time remaining: 1m 59s
Rendered 1196/3960, time remaining: 1m 59s
Rendered 1197/3960, time remaining: 2m 1s
Rendered 1198/3960, time remaining: 1m 58s
Rendered 1199/3960, time remaining: 2m 0s
Rendered 1200/3960, time remaining: 2m 0s
Rendered 1201/3960, time remaining: 2m 0s
Rendered 1202/3960, time remaining: 2m 0s
Rendered 1203/3960, time remaining: 1m 59s
Rendered 1204/3960, time remaining: 1m 59s
Rendered 1205/3960, time remaining: 1m 59s
Rendered 1206/3960, time remaining: 1m 55s
Rendered 1207/3960, time remaining: 1m 59s
Rendered 1208/3960, time remaining: 1m 59s
Rendered 1209/3960, time remaining: 1m 59s
Rendered 1210/3960, time remaining: 2m 1s
Rendered 1211/3960, time remaining: 1m 59s
Rendered 1212/3960, time remaining: 1m 59s
Rendered 1213/3960, time remaining: 1m 59s
Rendered 1214/3960, time remaining: 1m 59s
Rendered 1215/3960, time remaining: 1m 59s
Rendered 1216/3960, time remaining: 1m 58s
Rendered 1217/3960, time remaining: 2m 1s
Rendered 1218/3960, time remaining: 2m 0s
Rendered 1219/3960, time remaining: 1m 58s
Rendered 1220/3960, time remaining: 1m 58s
Rendered 1221/3960, time remaining: 1m 58s
Rendered 1222/3960, time remaining: 1m 57s
Rendered 1223/3960, time remaining: 1m 59s
Rendered 1224/3960, time remaining: 1m 57s
Rendered 1225/3960, time remaining: 1m 59s
Rendered 1226/3960, time remaining: 1m 59s
Rendered 1227/3960, time remaining: 1m 57s
Rendered 1228/3960, time remaining: 1m 57s
Rendered 1229/3960, time remaining: 1m 57s
Rendered 1230/3960, time remaining: 1m 57s
Rendered 1231/3960, time remaining: 1m 58s
Rendered 1232/3960, time remaining: 1m 58s
Rendered 1233/3960, time remaining: 2m 0s
Rendered 1234/3960, time remaining: 1m 58s
Rendered 1235/3960, time remaining: 1m 56s
Rendered 1236/3960, time remaining: 1m 55s
Rendered 1237/3960, time remaining: 1m 56s
Rendered 1238/3960, time remaining: 1m 56s
Rendered 1239/3960, time remaining: 1m 57s
Rendered 1240/3960, time remaining: 1m 57s
Rendered 1241/3960, time remaining: 1m 56s
Rendered 1242/3960, time remaining: 1m 56s
Rendered 1243/3960, time remaining: 1m 57s
Rendered 1244/3960, time remaining: 1m 55s
Rendered 1245/3960, time remaining: 1m 55s
Rendered 1246/3960, time remaining: 1m 55s
Rendered 1247/3960, time remaining: 1m 55s
Rendered 1248/3960, time remaining: 1m 58s
Rendered 1249/3960, time remaining: 1m 56s
Rendered 1250/3960, time remaining: 1m 56s
Rendered 1251/3960, time remaining: 1m 55s
Rendered 1252/3960, time remaining: 1m 55s
Rendered 1253/3960, time remaining: 1m 55s
Rendered 1254/3960, time remaining: 1m 55s
Rendered 1255/3960, time remaining: 1m 55s
Rendered 1256/3960, time remaining: 1m 56s
Rendered 1257/3960, time remaining: 1m 56s
Rendered 1258/3960, time remaining: 1m 56s
Rendered 1259/3960, time remaining: 1m 55s
Rendered 1260/3960, time remaining: 1m 56s
Rendered 1261/3960, time remaining: 1m 55s
Rendered 1262/3960, time remaining: 1m 55s
Rendered 1263/3960, time remaining: 1m 56s
Rendered 1264/3960, time remaining: 1m 57s
Rendered 1265/3960, time remaining: 1m 55s
Rendered 1266/3960, time remaining: 1m 55s
Rendered 1267/3960, time remaining: 1m 55s
Rendered 1268/3960, time remaining: 1m 54s
Rendered 1269/3960, time remaining: 1m 53s
Rendered 1270/3960, time remaining: 1m 53s
Rendered 1271/3960, time remaining: 1m 55s
Rendered 1272/3960, time remaining: 1m 55s
Rendered 1273/3960, time remaining: 1m 53s
Rendered 1274/3960, time remaining: 1m 53s
Rendered 1275/3960, time remaining: 1m 55s
Rendered 1276/3960, time remaining: 1m 55s
Rendered 1277/3960, time remaining: 1m 53s
Rendered 1278/3960, time remaining: 1m 53s
Rendered 1279/3960, time remaining: 1m 54s
Rendered 1280/3960, time remaining: 1m 54s
Rendered 1281/3960, time remaining: 1m 53s
Rendered 1282/3960, time remaining: 1m 55s
Rendered 1283/3960, time remaining: 1m 55s
Rendered 1284/3960, time remaining: 1m 54s
Rendered 1285/3960, time remaining: 1m 54s
Rendered 1286/3960, time remaining: 1m 53s
Rendered 1287/3960, time remaining: 1m 53s
Rendered 1288/3960, time remaining: 1m 52s
Rendered 1289/3960, time remaining: 1m 52s
Rendered 1290/3960, time remaining: 1m 54s
Rendered 1291/3960, time remaining: 1m 56s
Rendered 1292/3960, time remaining: 1m 53s
Rendered 1293/3960, time remaining: 1m 54s
Rendered 1294/3960, time remaining: 1m 54s
Rendered 1295/3960, time remaining: 1m 54s
Rendered 1296/3960, time remaining: 1m 53s
Rendered 1297/3960, time remaining: 1m 53s
Rendered 1298/3960, time remaining: 1m 53s
Rendered 1299/3960, time remaining: 1m 56s
Rendered 1300/3960, time remaining: 1m 53s
Rendered 1301/3960, time remaining: 1m 53s
Rendered 1302/3960, time remaining: 1m 52s
Rendered 1303/3960, time remaining: 1m 52s
Rendered 1304/3960, time remaining: 1m 52s
Rendered 1305/3960, time remaining: 1m 52s
Rendered 1306/3960, time remaining: 1m 53s
Rendered 1307/3960, time remaining: 1m 56s
Rendered 1308/3960, time remaining: 1m 54s
Rendered 1309/3960, time remaining: 1m 51s
Rendered 1310/3960, time remaining: 1m 50s
Rendered 1311/3960, time remaining: 1m 51s
Rendered 1312/3960, time remaining: 1m 51s
Rendered 1313/3960, time remaining: 1m 51s
Rendered 1314/3960, time remaining: 1m 53s
Rendered 1315/3960, time remaining: 1m 53s
Rendered 1316/3960, time remaining: 1m 53s
Rendered 1317/3960, time remaining: 1m 53s
Rendered 1318/3960, time remaining: 1m 51s
Rendered 1319/3960, time remaining: 1m 51s
Rendered 1320/3960, time remaining: 1m 51s
Rendered 1321/3960, time remaining: 1m 51s
Rendered 1322/3960, time remaining: 1m 51s
Rendered 1323/3960, time remaining: 1m 52s
Rendered 1324/3960, time remaining: 1m 53s
Rendered 1325/3960, time remaining: 1m 53s
Rendered 1326/3960, time remaining: 1m 50s
Rendered 1327/3960, time remaining: 1m 51s
Rendered 1328/3960, time remaining: 1m 51s
Rendered 1329/3960, time remaining: 1m 51s
Rendered 1330/3960, time remaining: 1m 50s
Rendered 1331/3960, time remaining: 1m 51s
Rendered 1332/3960, time remaining: 1m 50s
Rendered 1333/3960, time remaining: 1m 50s
Rendered 1334/3960, time remaining: 1m 50s
Rendered 1335/3960, time remaining: 1m 51s
Rendered 1336/3960, time remaining: 1m 49s
Rendered 1337/3960, time remaining: 1m 49s
Rendered 1338/3960, time remaining: 1m 50s
Rendered 1339/3960, time remaining: 1m 50s
Rendered 1340/3960, time remaining: 1m 52s
Rendered 1341/3960, time remaining: 1m 50s
Rendered 1342/3960, time remaining: 1m 50s
Rendered 1343/3960, time remaining: 1m 51s
Rendered 1344/3960, time remaining: 1m 51s
Rendered 1345/3960, time remaining: 1m 50s
Rendered 1346/3960, time remaining: 1m 50s
Rendered 1347/3960, time remaining: 1m 50s
Rendered 1348/3960, time remaining: 1m 50s
Rendered 1349/3960, time remaining: 1m 48s
Rendered 1350/3960, time remaining: 1m 49s
Rendered 1351/3960, time remaining: 1m 50s
Rendered 1352/3960, time remaining: 1m 49s
Rendered 1353/3960, time remaining: 1m 50s
Rendered 1354/3960, time remaining: 1m 50s
Rendered 1355/3960, time remaining: 1m 50s
Rendered 1356/3960, time remaining: 1m 53s
Rendered 1357/3960, time remaining: 1m 49s
Rendered 1358/3960, time remaining: 1m 49s
Rendered 1359/3960, time remaining: 1m 50s
Rendered 1360/3960, time remaining: 1m 48s
Rendered 1361/3960, time remaining: 1m 48s
Rendered 1362/3960, time remaining: 1m 48s
Rendered 1363/3960, time remaining: 1m 51s
Rendered 1364/3960, time remaining: 1m 49s
Rendered 1365/3960, time remaining: 1m 52s
Rendered 1366/3960, time remaining: 1m 53s
Rendered 1367/3960, time remaining: 1m 50s
Rendered 1368/3960, time remaining: 1m 51s
Rendered 1369/3960, time remaining: 1m 50s
Rendered 1370/3960, time remaining: 1m 50s
Rendered 1371/3960, time remaining: 1m 50s
Rendered 1372/3960, time remaining: 1m 50s
Rendered 1373/3960, time remaining: 1m 50s
Rendered 1374/3960, time remaining: 1m 52s
Rendered 1375/3960, time remaining: 1m 50s
Rendered 1376/3960, time remaining: 1m 52s
Rendered 1377/3960, time remaining: 1m 50s
Rendered 1378/3960, time remaining: 1m 50s
Rendered 1379/3960, time remaining: 1m 51s
Rendered 1380/3960, time remaining: 1m 51s
Rendered 1381/3960, time remaining: 1m 49s
Rendered 1382/3960, time remaining: 1m 49s
Rendered 1383/3960, time remaining: 1m 48s
Rendered 1384/3960, time remaining: 1m 52s
Rendered 1385/3960, time remaining: 1m 51s
Rendered 1386/3960, time remaining: 1m 51s
Rendered 1387/3960, time remaining: 1m 50s
Rendered 1388/3960, time remaining: 1m 50s
Rendered 1389/3960, time remaining: 1m 49s
Rendered 1390/3960, time remaining: 1m 49s
Rendered 1391/3960, time remaining: 1m 49s
Rendered 1392/3960, time remaining: 1m 52s
Rendered 1393/3960, time remaining: 1m 51s
Rendered 1394/3960, time remaining: 1m 51s
Rendered 1395/3960, time remaining: 1m 51s
Rendered 1396/3960, time remaining: 1m 51s
Rendered 1397/3960, time remaining: 1m 51s
Rendered 1398/3960, time remaining: 1m 49s
Rendered 1399/3960, time remaining: 1m 51s
Rendered 1400/3960, time remaining: 1m 51s
Rendered 1401/3960, time remaining: 1m 51s
Rendered 1402/3960, time remaining: 1m 52s
Rendered 1403/3960, time remaining: 1m 50s
Rendered 1404/3960, time remaining: 1m 50s
Rendered 1405/3960, time remaining: 1m 50s
Rendered 1406/3960, time remaining: 1m 48s
Rendered 1407/3960, time remaining: 1m 50s
Rendered 1408/3960, time remaining: 1m 50s
Rendered 1409/3960, time remaining: 1m 52s
Rendered 1410/3960, time remaining: 1m 51s
Rendered 1411/3960, time remaining: 1m 51s
Rendered 1412/3960, time remaining: 1m 51s
Rendered 1413/3960, time remaining: 1m 49s
Rendered 1414/3960, time remaining: 1m 48s
Rendered 1415/3960, time remaining: 1m 50s
Rendered 1416/3960, time remaining: 1m 49s
Rendered 1417/3960, time remaining: 1m 52s
Rendered 1418/3960, time remaining: 1m 51s
Rendered 1419/3960, time remaining: 1m 51s
Rendered 1420/3960, time remaining: 1m 51s
Rendered 1421/3960, time remaining: 1m 50s
Rendered 1422/3960, time remaining: 1m 50s
Rendered 1423/3960, time remaining: 1m 51s
Rendered 1424/3960, time remaining: 1m 51s
Rendered 1425/3960, time remaining: 1m 51s
Rendered 1426/3960, time remaining: 1m 51s
Rendered 1427/3960, time remaining: 1m 51s
Rendered 1428/3960, time remaining: 1m 51s
Rendered 1429/3960, time remaining: 1m 50s
Rendered 1430/3960, time remaining: 1m 51s
Rendered 1431/3960, time remaining: 1m 51s
Rendered 1432/3960, time remaining: 1m 50s
Rendered 1433/3960, time remaining: 1m 49s
Rendered 1434/3960, time remaining: 1m 51s
Rendered 1435/3960, time remaining: 1m 50s
Rendered 1436/3960, time remaining: 1m 51s
Rendered 1437/3960, time remaining: 1m 51s
Rendered 1438/3960, time remaining: 1m 52s
Rendered 1439/3960, time remaining: 1m 52s
Rendered 1440/3960, time remaining: 1m 50s
Rendered 1441/3960, time remaining: 1m 49s
Rendered 1442/3960, time remaining: 1m 50s
Rendered 1443/3960, time remaining: 1m 49s
Rendered 1444/3960, time remaining: 1m 51s
Rendered 1445/3960, time remaining: 1m 51s
Rendered 1446/3960, time remaining: 1m 51s
Rendered 1447/3960, time remaining: 1m 49s
Rendered 1448/3960, time remaining: 1m 49s
Rendered 1449/3960, time remaining: 1m 48s
Rendered 1450/3960, time remaining: 1m 50s
Rendered 1451/3960, time remaining: 1m 50s
Rendered 1452/3960, time remaining: 1m 51s
Rendered 1453/3960, time remaining: 1m 51s
Rendered 1454/3960, time remaining: 1m 51s
Rendered 1455/3960, time remaining: 1m 51s
Rendered 1456/3960, time remaining: 1m 50s
Rendered 1457/3960, time remaining: 1m 49s
Rendered 1458/3960, time remaining: 1m 50s
Rendered 1459/3960, time remaining: 1m 50s
Rendered 1460/3960, time remaining: 1m 52s
Rendered 1461/3960, time remaining: 1m 51s
Rendered 1462/3960, time remaining: 1m 51s
Rendered 1463/3960, time remaining: 1m 51s
Rendered 1464/3960, time remaining: 1m 49s
Rendered 1465/3960, time remaining: 1m 51s
Rendered 1466/3960, time remaining: 1m 49s
Rendered 1467/3960, time remaining: 1m 49s
Rendered 1468/3960, time remaining: 1m 50s
Rendered 1469/3960, time remaining: 1m 49s
Rendered 1470/3960, time remaining: 1m 48s
Rendered 1471/3960, time remaining: 1m 50s
Rendered 1472/3960, time remaining: 1m 50s
Rendered 1473/3960, time remaining: 1m 51s
Rendered 1474/3960, time remaining: 1m 50s
Rendered 1475/3960, time remaining: 1m 51s
Rendered 1476/3960, time remaining: 1m 50s
Rendered 1477/3960, time remaining: 1m 49s
Rendered 1478/3960, time remaining: 1m 49s
Rendered 1479/3960, time remaining: 1m 50s
Rendered 1480/3960, time remaining: 1m 50s
Rendered 1481/3960, time remaining: 1m 52s
Rendered 1482/3960, time remaining: 1m 50s
Rendered 1483/3960, time remaining: 1m 50s
Rendered 1484/3960, time remaining: 1m 50s
Rendered 1485/3960, time remaining: 1m 49s
Rendered 1486/3960, time remaining: 1m 49s
Rendered 1487/3960, time remaining: 1m 51s
Rendered 1488/3960, time remaining: 1m 50s
Rendered 1489/3960, time remaining: 1m 49s
Rendered 1490/3960, time remaining: 1m 47s
Rendered 1491/3960, time remaining: 1m 51s
Rendered 1492/3960, time remaining: 1m 51s
Rendered 1493/3960, time remaining: 1m 50s
Rendered 1494/3960, time remaining: 1m 49s
Rendered 1495/3960, time remaining: 1m 51s
Rendered 1496/3960, time remaining: 1m 51s
Rendered 1497/3960, time remaining: 1m 48s
Rendered 1498/3960, time remaining: 1m 49s
Rendered 1499/3960, time remaining: 1m 52s
Rendered 1500/3960, time remaining: 1m 51s
Rendered 1501/3960, time remaining: 1m 50s
Rendered 1502/3960, time remaining: 1m 50s
Rendered 1503/3960, time remaining: 1m 50s
Rendered 1504/3960, time remaining: 1m 50s
Rendered 1505/3960, time remaining: 1m 50s
Rendered 1506/3960, time remaining: 1m 48s
Rendered 1507/3960, time remaining: 1m 51s
Rendered 1508/3960, time remaining: 1m 51s
Rendered 1509/3960, time remaining: 1m 51s
Rendered 1510/3960, time remaining: 1m 51s
Rendered 1511/3960, time remaining: 1m 51s
Rendered 1512/3960, time remaining: 1m 51s
Rendered 1513/3960, time remaining: 1m 49s
Rendered 1514/3960, time remaining: 1m 50s
Rendered 1515/3960, time remaining: 1m 49s
Rendered 1516/3960, time remaining: 1m 48s
Rendered 1517/3960, time remaining: 1m 50s
Rendered 1518/3960, time remaining: 1m 48s
Rendered 1519/3960, time remaining: 1m 48s
Rendered 1520/3960, time remaining: 1m 48s
Rendered 1521/3960, time remaining: 1m 50s
Rendered 1522/3960, time remaining: 1m 50s
Rendered 1523/3960, time remaining: 1m 49s
Rendered 1524/3960, time remaining: 1m 48s
Rendered 1525/3960, time remaining: 1m 50s
Rendered 1526/3960, time remaining: 1m 48s
Rendered 1527/3960, time remaining: 1m 48s
Rendered 1528/3960, time remaining: 1m 48s
Rendered 1529/3960, time remaining: 1m 47s
Rendered 1530/3960, time remaining: 1m 49s
Rendered 1531/3960, time remaining: 1m 49s
Rendered 1532/3960, time remaining: 1m 49s
Rendered 1533/3960, time remaining: 1m 52s
Rendered 1534/3960, time remaining: 1m 48s
Rendered 1535/3960, time remaining: 1m 48s
Rendered 1536/3960, time remaining: 1m 48s
Rendered 1537/3960, time remaining: 1m 48s
Rendered 1538/3960, time remaining: 1m 48s
Rendered 1539/3960, time remaining: 1m 48s
Rendered 1540/3960, time remaining: 1m 49s
Rendered 1541/3960, time remaining: 1m 51s
Rendered 1542/3960, time remaining: 1m 48s
Rendered 1543/3960, time remaining: 1m 48s
Rendered 1544/3960, time remaining: 1m 47s
Rendered 1545/3960, time remaining: 1m 47s
Rendered 1546/3960, time remaining: 1m 47s
Rendered 1547/3960, time remaining: 1m 47s
Rendered 1548/3960, time remaining: 1m 47s
Rendered 1549/3960, time remaining: 1m 47s
Rendered 1550/3960, time remaining: 1m 47s
Rendered 1551/3960, time remaining: 1m 48s
Rendered 1552/3960, time remaining: 1m 46s
Rendered 1553/3960, time remaining: 1m 47s
Rendered 1554/3960, time remaining: 1m 48s
Rendered 1555/3960, time remaining: 1m 49s
Rendered 1556/3960, time remaining: 1m 48s
Rendered 1557/3960, time remaining: 1m 47s
Rendered 1558/3960, time remaining: 1m 48s
Rendered 1559/3960, time remaining: 1m 46s
Rendered 1560/3960, time remaining: 1m 45s
Rendered 1561/3960, time remaining: 1m 46s
Rendered 1562/3960, time remaining: 1m 47s
Rendered 1563/3960, time remaining: 1m 48s
Rendered 1564/3960, time remaining: 1m 49s
Rendered 1565/3960, time remaining: 1m 47s
Rendered 1566/3960, time remaining: 1m 47s
Rendered 1567/3960, time remaining: 1m 45s
Rendered 1568/3960, time remaining: 1m 45s
Rendered 1569/3960, time remaining: 1m 45s
Rendered 1570/3960, time remaining: 1m 46s
Rendered 1571/3960, time remaining: 1m 46s
Rendered 1572/3960, time remaining: 1m 48s
Rendered 1573/3960, time remaining: 1m 46s
Rendered 1574/3960, time remaining: 1m 47s
Rendered 1575/3960, time remaining: 1m 45s
Rendered 1576/3960, time remaining: 1m 45s
Rendered 1577/3960, time remaining: 1m 46s
Rendered 1578/3960, time remaining: 1m 46s
Rendered 1579/3960, time remaining: 1m 46s
Rendered 1580/3960, time remaining: 1m 46s
Rendered 1581/3960, time remaining: 1m 45s
Rendered 1582/3960, time remaining: 1m 46s
Rendered 1583/3960, time remaining: 1m 47s
Rendered 1584/3960, time remaining: 1m 44s
Rendered 1585/3960, time remaining: 1m 46s
Rendered 1586/3960, time remaining: 1m 45s
Rendered 1587/3960, time remaining: 1m 45s
Rendered 1588/3960, time remaining: 1m 45s
Rendered 1589/3960, time remaining: 1m 45s
Rendered 1590/3960, time remaining: 1m 47s
Rendered 1591/3960, time remaining: 1m 46s
Rendered 1592/3960, time remaining: 1m 44s
Rendered 1593/3960, time remaining: 1m 45s
Rendered 1594/3960, time remaining: 1m 44s
Rendered 1595/3960, time remaining: 1m 44s
Rendered 1596/3960, time remaining: 1m 46s
Rendered 1597/3960, time remaining: 1m 46s
Rendered 1598/3960, time remaining: 1m 46s
Rendered 1599/3960, time remaining: 1m 45s
Rendered 1600/3960, time remaining: 1m 43s
Rendered 1601/3960, time remaining: 1m 43s
Rendered 1602/3960, time remaining: 1m 42s
Rendered 1603/3960, time remaining: 1m 44s
Rendered 1604/3960, time remaining: 1m 45s
Rendered 1605/3960, time remaining: 1m 45s
Rendered 1606/3960, time remaining: 1m 46s
Rendered 1607/3960, time remaining: 1m 44s
Rendered 1608/3960, time remaining: 1m 43s
Rendered 1609/3960, time remaining: 1m 42s
Rendered 1610/3960, time remaining: 1m 43s
Rendered 1611/3960, time remaining: 1m 43s
Rendered 1612/3960, time remaining: 1m 44s
Rendered 1613/3960, time remaining: 1m 44s
Rendered 1614/3960, time remaining: 1m 44s
Rendered 1615/3960, time remaining: 1m 42s
Rendered 1616/3960, time remaining: 1m 43s
Rendered 1617/3960, time remaining: 1m 43s
Rendered 1618/3960, time remaining: 1m 43s
Rendered 1619/3960, time remaining: 1m 43s
Rendered 1620/3960, time remaining: 1m 44s
Rendered 1621/3960, time remaining: 1m 43s
Rendered 1622/3960, time remaining: 1m 43s
Rendered 1623/3960, time remaining: 1m 41s
Rendered 1624/3960, time remaining: 1m 42s
Rendered 1625/3960, time remaining: 1m 40s
Rendered 1626/3960, time remaining: 1m 42s
Rendered 1627/3960, time remaining: 1m 44s
Rendered 1628/3960, time remaining: 1m 45s
Rendered 1629/3960, time remaining: 1m 43s
Rendered 1630/3960, time remaining: 1m 43s
Rendered 1631/3960, time remaining: 1m 41s
Rendered 1632/3960, time remaining: 1m 41s
Rendered 1633/3960, time remaining: 1m 41s
Rendered 1634/3960, time remaining: 1m 41s
Rendered 1635/3960, time remaining: 1m 42s
Rendered 1636/3960, time remaining: 1m 44s
Rendered 1637/3960, time remaining: 1m 42s
Rendered 1638/3960, time remaining: 1m 42s
Rendered 1639/3960, time remaining: 1m 43s
Rendered 1640/3960, time remaining: 1m 43s
Rendered 1641/3960, time remaining: 1m 39s
Rendered 1642/3960, time remaining: 1m 39s
Rendered 1643/3960, time remaining: 1m 40s
Rendered 1644/3960, time remaining: 1m 44s
Rendered 1645/3960, time remaining: 1m 42s
Rendered 1646/3960, time remaining: 1m 42s
Rendered 1647/3960, time remaining: 1m 42s
Rendered 1648/3960, time remaining: 1m 42s
Rendered 1649/3960, time remaining: 1m 39s
Rendered 1650/3960, time remaining: 1m 39s
Rendered 1651/3960, time remaining: 1m 40s
Rendered 1652/3960, time remaining: 1m 43s
Rendered 1653/3960, time remaining: 1m 42s
Rendered 1654/3960, time remaining: 1m 42s
Rendered 1655/3960, time remaining: 1m 42s
Rendered 1656/3960, time remaining: 1m 42s
Rendered 1657/3960, time remaining: 1m 39s
Rendered 1658/3960, time remaining: 1m 39s
Rendered 1659/3960, time remaining: 1m 38s
Rendered 1660/3960, time remaining: 1m 41s
Rendered 1661/3960, time remaining: 1m 41s
Rendered 1662/3960, time remaining: 1m 41s
Rendered 1663/3960, time remaining: 1m 41s
Rendered 1664/3960, time remaining: 1m 40s
Rendered 1665/3960, time remaining: 1m 39s
Rendered 1666/3960, time remaining: 1m 40s
Rendered 1667/3960, time remaining: 1m 39s
Rendered 1668/3960, time remaining: 1m 42s
Rendered 1669/3960, time remaining: 1m 42s
Rendered 1670/3960, time remaining: 1m 42s
Rendered 1671/3960, time remaining: 1m 40s
Rendered 1672/3960, time remaining: 1m 40s
Rendered 1673/3960, time remaining: 1m 41s
Rendered 1674/3960, time remaining: 1m 40s
Rendered 1675/3960, time remaining: 1m 38s
Rendered 1676/3960, time remaining: 1m 40s
Rendered 1677/3960, time remaining: 1m 42s
Rendered 1678/3960, time remaining: 1m 41s
Rendered 1679/3960, time remaining: 1m 41s
Rendered 1680/3960, time remaining: 1m 41s
Rendered 1681/3960, time remaining: 1m 41s
Rendered 1682/3960, time remaining: 1m 41s
Rendered 1683/3960, time remaining: 1m 37s
Rendered 1684/3960, time remaining: 1m 39s
Rendered 1685/3960, time remaining: 1m 41s
Rendered 1686/3960, time remaining: 1m 41s
Rendered 1687/3960, time remaining: 1m 41s
Rendered 1688/3960, time remaining: 1m 41s
Rendered 1689/3960, time remaining: 1m 41s
Rendered 1690/3960, time remaining: 1m 40s
Rendered 1691/3960, time remaining: 1m 37s
Rendered 1692/3960, time remaining: 1m 37s
Rendered 1693/3960, time remaining: 1m 41s
Rendered 1694/3960, time remaining: 1m 41s
Rendered 1695/3960, time remaining: 1m 41s
Rendered 1696/3960, time remaining: 1m 41s
Rendered 1697/3960, time remaining: 1m 41s
Rendered 1698/3960, time remaining: 1m 40s
Rendered 1699/3960, time remaining: 1m 38s
Rendered 1700/3960, time remaining: 1m 39s
Rendered 1701/3960, time remaining: 1m 38s
Rendered 1702/3960, time remaining: 1m 39s
Rendered 1703/3960, time remaining: 1m 40s
Rendered 1704/3960, time remaining: 1m 39s
Rendered 1705/3960, time remaining: 1m 38s
Rendered 1706/3960, time remaining: 1m 38s
Rendered 1707/3960, time remaining: 1m 39s
Rendered 1708/3960, time remaining: 1m 37s
Rendered 1709/3960, time remaining: 1m 37s
Rendered 1710/3960, time remaining: 1m 37s
Rendered 1711/3960, time remaining: 1m 37s
Rendered 1712/3960, time remaining: 1m 36s
Rendered 1713/3960, time remaining: 1m 35s
Rendered 1714/3960, time remaining: 1m 34s
Rendered 1715/3960, time remaining: 1m 34s
Rendered 1716/3960, time remaining: 1m 34s
Rendered 1717/3960, time remaining: 1m 34s
Rendered 1718/3960, time remaining: 1m 33s
Rendered 1719/3960, time remaining: 1m 33s
Rendered 1720/3960, time remaining: 1m 33s
Rendered 1721/3960, time remaining: 1m 33s
Rendered 1722/3960, time remaining: 1m 31s
Rendered 1723/3960, time remaining: 1m 31s
Rendered 1724/3960, time remaining: 1m 32s
Rendered 1725/3960, time remaining: 1m 32s
Rendered 1726/3960, time remaining: 1m 31s
Rendered 1727/3960, time remaining: 1m 32s
Rendered 1728/3960, time remaining: 1m 32s
Rendered 1729/3960, time remaining: 1m 32s
Rendered 1730/3960, time remaining: 1m 31s
Rendered 1731/3960, time remaining: 1m 32s
Rendered 1732/3960, time remaining: 1m 31s
Rendered 1733/3960, time remaining: 1m 30s
Rendered 1734/3960, time remaining: 1m 31s
Rendered 1735/3960, time remaining: 1m 31s
Rendered 1736/3960, time remaining: 1m 31s
Rendered 1737/3960, time remaining: 1m 32s
Rendered 1738/3960, time remaining: 1m 30s
Rendered 1739/3960, time remaining: 1m 30s
Rendered 1740/3960, time remaining: 1m 29s
Rendered 1741/3960, time remaining: 1m 29s
Rendered 1742/3960, time remaining: 1m 30s
Rendered 1743/3960, time remaining: 1m 29s
Rendered 1744/3960, time remaining: 1m 32s
Rendered 1745/3960, time remaining: 1m 32s
Rendered 1746/3960, time remaining: 1m 31s
Rendered 1747/3960, time remaining: 1m 31s
Rendered 1748/3960, time remaining: 1m 30s
Rendered 1749/3960, time remaining: 1m 29s
Rendered 1750/3960, time remaining: 1m 30s
Rendered 1751/3960, time remaining: 1m 30s
Rendered 1752/3960, time remaining: 1m 32s
Rendered 1753/3960, time remaining: 1m 30s
Rendered 1754/3960, time remaining: 1m 30s
Rendered 1755/3960, time remaining: 1m 30s
Rendered 1756/3960, time remaining: 1m 30s
Rendered 1757/3960, time remaining: 1m 29s
Rendered 1758/3960, time remaining: 1m 30s
Rendered 1759/3960, time remaining: 1m 31s
Rendered 1760/3960, time remaining: 1m 28s
Rendered 1761/3960, time remaining: 1m 28s
Rendered 1762/3960, time remaining: 1m 29s
Rendered 1763/3960, time remaining: 1m 30s
Rendered 1764/3960, time remaining: 1m 31s
Rendered 1765/3960, time remaining: 1m 30s
Rendered 1766/3960, time remaining: 1m 29s
Rendered 1767/3960, time remaining: 1m 29s
Rendered 1768/3960, time remaining: 1m 28s
Rendered 1769/3960, time remaining: 1m 28s
Rendered 1770/3960, time remaining: 1m 29s
Rendered 1771/3960, time remaining: 1m 30s
Rendered 1772/3960, time remaining: 1m 31s
Rendered 1773/3960, time remaining: 1m 31s
Rendered 1774/3960, time remaining: 1m 31s
Rendered 1775/3960, time remaining: 1m 31s
Rendered 1776/3960, time remaining: 1m 29s
Rendered 1777/3960, time remaining: 1m 28s
Rendered 1778/3960, time remaining: 1m 28s
Rendered 1779/3960, time remaining: 1m 30s
Rendered 1780/3960, time remaining: 1m 31s
Rendered 1781/3960, time remaining: 1m 31s
Rendered 1782/3960, time remaining: 1m 31s
Rendered 1783/3960, time remaining: 1m 29s
Rendered 1784/3960, time remaining: 1m 31s
Rendered 1785/3960, time remaining: 1m 29s
Rendered 1786/3960, time remaining: 1m 28s
Rendered 1787/3960, time remaining: 1m 30s
Rendered 1788/3960, time remaining: 1m 31s
Rendered 1789/3960, time remaining: 1m 30s
Rendered 1790/3960, time remaining: 1m 30s
Rendered 1791/3960, time remaining: 1m 30s
Rendered 1792/3960, time remaining: 1m 30s
Rendered 1793/3960, time remaining: 1m 30s
Rendered 1794/3960, time remaining: 1m 27s
Rendered 1795/3960, time remaining: 1m 27s
Rendered 1796/3960, time remaining: 1m 30s
Rendered 1797/3960, time remaining: 1m 30s
Rendered 1798/3960, time remaining: 1m 30s
Rendered 1799/3960, time remaining: 1m 30s
Rendered 1800/3960, time remaining: 1m 31s
Rendered 1801/3960, time remaining: 1m 30s
Rendered 1802/3960, time remaining: 1m 28s
Rendered 1803/3960, time remaining: 1m 29s
Rendered 1804/3960, time remaining: 1m 30s
Rendered 1805/3960, time remaining: 1m 29s
Rendered 1806/3960, time remaining: 1m 29s
Rendered 1807/3960, time remaining: 1m 31s
Rendered 1808/3960, time remaining: 1m 30s
Rendered 1809/3960, time remaining: 1m 29s
Rendered 1810/3960, time remaining: 1m 27s
Rendered 1811/3960, time remaining: 1m 28s
Rendered 1812/3960, time remaining: 1m 30s
Rendered 1813/3960, time remaining: 1m 30s
Rendered 1814/3960, time remaining: 1m 29s
Rendered 1815/3960, time remaining: 1m 29s
Rendered 1816/3960, time remaining: 1m 29s
Rendered 1817/3960, time remaining: 1m 28s
Rendered 1818/3960, time remaining: 1m 26s
Rendered 1819/3960, time remaining: 1m 26s
Rendered 1820/3960, time remaining: 1m 29s
Rendered 1821/3960, time remaining: 1m 30s
Rendered 1822/3960, time remaining: 1m 29s
Rendered 1823/3960, time remaining: 1m 28s
Rendered 1824/3960, time remaining: 1m 28s
Rendered 1825/3960, time remaining: 1m 30s
Rendered 1826/3960, time remaining: 1m 28s
Rendered 1827/3960, time remaining: 1m 26s
Rendered 1828/3960, time remaining: 1m 28s
Rendered 1829/3960, time remaining: 1m 27s
Rendered 1830/3960, time remaining: 1m 26s
Rendered 1831/3960, time remaining: 1m 26s
Rendered 1832/3960, time remaining: 1m 28s
Rendered 1833/3960, time remaining: 1m 29s
Rendered 1834/3960, time remaining: 1m 28s
Rendered 1835/3960, time remaining: 1m 26s
Rendered 1836/3960, time remaining: 1m 27s
Rendered 1837/3960, time remaining: 1m 27s
Rendered 1838/3960, time remaining: 1m 27s
Rendered 1839/3960, time remaining: 1m 26s
Rendered 1840/3960, time remaining: 1m 28s
Rendered 1841/3960, time remaining: 1m 29s
Rendered 1842/3960, time remaining: 1m 29s
Rendered 1843/3960, time remaining: 1m 26s
Rendered 1844/3960, time remaining: 1m 26s
Rendered 1845/3960, time remaining: 1m 26s
Rendered 1846/3960, time remaining: 1m 26s
Rendered 1847/3960, time remaining: 1m 26s
Rendered 1848/3960, time remaining: 1m 26s
Rendered 1849/3960, time remaining: 1m 29s
Rendered 1850/3960, time remaining: 1m 29s
Rendered 1851/3960, time remaining: 1m 27s
Rendered 1852/3960, time remaining: 1m 26s
Rendered 1853/3960, time remaining: 1m 25s
Rendered 1854/3960, time remaining: 1m 27s
Rendered 1855/3960, time remaining: 1m 27s
Rendered 1856/3960, time remaining: 1m 27s
Rendered 1857/3960, time remaining: 1m 28s
Rendered 1858/3960, time remaining: 1m 29s
Rendered 1859/3960, time remaining: 1m 29s
Rendered 1860/3960, time remaining: 1m 28s
Rendered 1861/3960, time remaining: 1m 28s
Rendered 1862/3960, time remaining: 1m 29s
Rendered 1863/3960, time remaining: 1m 29s
Rendered 1864/3960, time remaining: 1m 29s
Rendered 1865/3960, time remaining: 1m 32s
Rendered 1866/3960, time remaining: 1m 31s
Rendered 1867/3960, time remaining: 1m 31s
Rendered 1868/3960, time remaining: 1m 32s
Rendered 1869/3960, time remaining: 1m 31s
Rendered 1870/3960, time remaining: 1m 31s
Rendered 1871/3960, time remaining: 1m 33s
Rendered 1872/3960, time remaining: 1m 33s
Rendered 1873/3960, time remaining: 1m 33s
Rendered 1874/3960, time remaining: 1m 31s
Rendered 1875/3960, time remaining: 1m 31s
Rendered 1876/3960, time remaining: 1m 32s
Rendered 1877/3960, time remaining: 1m 30s
Rendered 1878/3960, time remaining: 1m 31s
Rendered 1879/3960, time remaining: 1m 33s
Rendered 1880/3960, time remaining: 1m 33s
Rendered 1881/3960, time remaining: 1m 32s
Rendered 1882/3960, time remaining: 1m 32s
Rendered 1883/3960, time remaining: 1m 32s
Rendered 1884/3960, time remaining: 1m 31s
Rendered 1885/3960, time remaining: 1m 31s
Rendered 1886/3960, time remaining: 1m 32s
Rendered 1887/3960, time remaining: 1m 32s
Rendered 1888/3960, time remaining: 1m 32s
Rendered 1889/3960, time remaining: 1m 32s
Rendered 1890/3960, time remaining: 1m 32s
Rendered 1891/3960, time remaining: 1m 32s
Rendered 1892/3960, time remaining: 1m 32s
Rendered 1893/3960, time remaining: 1m 33s
Rendered 1894/3960, time remaining: 1m 31s
Rendered 1895/3960, time remaining: 1m 32s
Rendered 1896/3960, time remaining: 1m 31s
Rendered 1897/3960, time remaining: 1m 32s
Rendered 1898/3960, time remaining: 1m 32s
Rendered 1899/3960, time remaining: 1m 33s
Rendered 1900/3960, time remaining: 1m 32s
Rendered 1901/3960, time remaining: 1m 33s
Rendered 1902/3960, time remaining: 1m 32s
Rendered 1903/3960, time remaining: 1m 32s
Rendered 1904/3960, time remaining: 1m 31s
Rendered 1905/3960, time remaining: 1m 31s
Rendered 1906/3960, time remaining: 1m 31s
Rendered 1907/3960, time remaining: 1m 31s
Rendered 1908/3960, time remaining: 1m 31s
Rendered 1909/3960, time remaining: 1m 32s
Rendered 1910/3960, time remaining: 1m 33s
Rendered 1911/3960, time remaining: 1m 35s
Rendered 1912/3960, time remaining: 1m 33s
Rendered 1913/3960, time remaining: 1m 32s
Rendered 1914/3960, time remaining: 1m 32s
Rendered 1915/3960, time remaining: 1m 32s
Rendered 1916/3960, time remaining: 1m 31s
Rendered 1917/3960, time remaining: 1m 32s
Rendered 1918/3960, time remaining: 1m 34s
Rendered 1919/3960, time remaining: 1m 36s
Rendered 1920/3960, time remaining: 1m 34s
Rendered 1921/3960, time remaining: 1m 33s
Rendered 1922/3960, time remaining: 1m 32s
Rendered 1923/3960, time remaining: 1m 32s
Rendered 1924/3960, time remaining: 1m 32s
Rendered 1925/3960, time remaining: 1m 34s
Rendered 1926/3960, time remaining: 1m 33s
Rendered 1927/3960, time remaining: 1m 35s
Rendered 1928/3960, time remaining: 1m 34s
Rendered 1929/3960, time remaining: 1m 33s
Rendered 1930/3960, time remaining: 1m 32s
Rendered 1931/3960, time remaining: 1m 33s
Rendered 1932/3960, time remaining: 1m 33s
Rendered 1933/3960, time remaining: 1m 33s
Rendered 1934/3960, time remaining: 1m 32s
Rendered 1935/3960, time remaining: 1m 32s
Rendered 1936/3960, time remaining: 1m 33s
Rendered 1937/3960, time remaining: 1m 33s
Rendered 1938/3960, time remaining: 1m 32s
Rendered 1939/3960, time remaining: 1m 32s
Rendered 1940/3960, time remaining: 1m 33s
Rendered 1941/3960, time remaining: 1m 33s
Rendered 1942/3960, time remaining: 1m 33s
Rendered 1943/3960, time remaining: 1m 35s
Rendered 1944/3960, time remaining: 1m 34s
Rendered 1945/3960, time remaining: 1m 36s
Rendered 1946/3960, time remaining: 1m 33s
Rendered 1947/3960, time remaining: 1m 33s
Rendered 1948/3960, time remaining: 1m 32s
Rendered 1949/3960, time remaining: 1m 34s
Rendered 1950/3960, time remaining: 1m 34s
Rendered 1951/3960, time remaining: 1m 34s
Rendered 1952/3960, time remaining: 1m 33s
Rendered 1953/3960, time remaining: 1m 34s
Rendered 1954/3960, time remaining: 1m 33s
Rendered 1955/3960, time remaining: 1m 33s
Rendered 1956/3960, time remaining: 1m 33s
Rendered 1957/3960, time remaining: 1m 32s
Rendered 1958/3960, time remaining: 1m 32s
Rendered 1959/3960, time remaining: 1m 33s
Rendered 1960/3960, time remaining: 1m 36s
Rendered 1961/3960, time remaining: 1m 35s
Rendered 1962/3960, time remaining: 1m 33s
Rendered 1963/3960, time remaining: 1m 33s
Rendered 1964/3960, time remaining: 1m 33s
Rendered 1965/3960, time remaining: 1m 32s
Rendered 1966/3960, time remaining: 1m 35s
Rendered 1967/3960, time remaining: 1m 35s
Rendered 1968/3960, time remaining: 1m 35s
Rendered 1969/3960, time remaining: 1m 35s
Rendered 1970/3960, time remaining: 1m 33s
Rendered 1971/3960, time remaining: 1m 32s
Rendered 1972/3960, time remaining: 1m 32s
Rendered 1973/3960, time remaining: 1m 33s
Rendered 1974/3960, time remaining: 1m 33s
Rendered 1975/3960, time remaining: 1m 31s
Rendered 1976/3960, time remaining: 1m 34s
Rendered 1977/3960, time remaining: 1m 34s
Rendered 1978/3960, time remaining: 1m 33s
Rendered 1979/3960, time remaining: 1m 33s
Rendered 1980/3960, time remaining: 1m 33s
Rendered 1981/3960, time remaining: 1m 33s
Rendered 1982/3960, time remaining: 1m 32s
Rendered 1983/3960, time remaining: 1m 32s
Rendered 1984/3960, time remaining: 1m 34s
Rendered 1985/3960, time remaining: 1m 34s
Rendered 1986/3960, time remaining: 1m 33s
Rendered 1987/3960, time remaining: 1m 33s
Rendered 1988/3960, time remaining: 1m 33s
Rendered 1989/3960, time remaining: 1m 33s
Rendered 1990/3960, time remaining: 1m 33s
Rendered 1991/3960, time remaining: 1m 32s
Rendered 1992/3960, time remaining: 1m 34s
Rendered 1993/3960, time remaining: 1m 33s
Rendered 1994/3960, time remaining: 1m 33s
Rendered 1995/3960, time remaining: 1m 33s
Rendered 1996/3960, time remaining: 1m 33s
Rendered 1997/3960, time remaining: 1m 33s
Rendered 1998/3960, time remaining: 1m 32s
Rendered 1999/3960, time remaining: 1m 30s
Rendered 2000/3960, time remaining: 1m 33s
Rendered 2001/3960, time remaining: 1m 33s
Rendered 2002/3960, time remaining: 1m 34s
Rendered 2003/3960, time remaining: 1m 34s
Rendered 2004/3960, time remaining: 1m 32s
Rendered 2005/3960, time remaining: 1m 32s
Rendered 2006/3960, time remaining: 1m 32s
Rendered 2007/3960, time remaining: 1m 31s
Rendered 2008/3960, time remaining: 1m 32s
Rendered 2009/3960, time remaining: 1m 32s
Rendered 2010/3960, time remaining: 1m 34s
Rendered 2011/3960, time remaining: 1m 34s
Rendered 2012/3960, time remaining: 1m 33s
Rendered 2013/3960, time remaining: 1m 33s
Rendered 2014/3960, time remaining: 1m 33s
Rendered 2015/3960, time remaining: 1m 31s
Rendered 2016/3960, time remaining: 1m 31s
Rendered 2017/3960, time remaining: 1m 33s
Rendered 2018/3960, time remaining: 1m 33s
Rendered 2019/3960, time remaining: 1m 33s
Rendered 2020/3960, time remaining: 1m 33s
Rendered 2021/3960, time remaining: 1m 32s
Rendered 2022/3960, time remaining: 1m 32s
Rendered 2023/3960, time remaining: 1m 32s
Rendered 2024/3960, time remaining: 1m 32s
Rendered 2025/3960, time remaining: 1m 32s
Rendered 2026/3960, time remaining: 1m 32s
Rendered 2027/3960, time remaining: 1m 33s
Rendered 2028/3960, time remaining: 1m 31s
Rendered 2029/3960, time remaining: 1m 33s
Rendered 2030/3960, time remaining: 1m 33s
Rendered 2031/3960, time remaining: 1m 32s
Rendered 2032/3960, time remaining: 1m 32s
Rendered 2033/3960, time remaining: 1m 32s
Rendered 2034/3960, time remaining: 1m 32s
Rendered 2035/3960, time remaining: 1m 32s
Rendered 2036/3960, time remaining: 1m 31s
Rendered 2037/3960, time remaining: 1m 32s
Rendered 2038/3960, time remaining: 1m 33s
Rendered 2039/3960, time remaining: 1m 32s
Rendered 2040/3960, time remaining: 1m 32s
Rendered 2041/3960, time remaining: 1m 32s
Rendered 2042/3960, time remaining: 1m 31s
Rendered 2043/3960, time remaining: 1m 31s
Rendered 2044/3960, time remaining: 1m 31s
Rendered 2045/3960, time remaining: 1m 29s
Rendered 2046/3960, time remaining: 1m 32s
Rendered 2047/3960, time remaining: 1m 32s
Rendered 2048/3960, time remaining: 1m 31s
Rendered 2049/3960, time remaining: 1m 31s
Rendered 2050/3960, time remaining: 1m 31s
Rendered 2051/3960, time remaining: 1m 31s
Rendered 2052/3960, time remaining: 1m 30s
Rendered 2053/3960, time remaining: 1m 30s
Rendered 2054/3960, time remaining: 1m 31s
Rendered 2055/3960, time remaining: 1m 31s
Rendered 2056/3960, time remaining: 1m 31s
Rendered 2057/3960, time remaining: 1m 32s
Rendered 2058/3960, time remaining: 1m 31s
Rendered 2059/3960, time remaining: 1m 29s
Rendered 2060/3960, time remaining: 1m 30s
Rendered 2061/3960, time remaining: 1m 28s
Rendered 2062/3960, time remaining: 1m 29s
Rendered 2063/3960, time remaining: 1m 29s
Rendered 2064/3960, time remaining: 1m 29s
Rendered 2065/3960, time remaining: 1m 29s
Rendered 2066/3960, time remaining: 1m 29s
Rendered 2067/3960, time remaining: 1m 29s
Rendered 2068/3960, time remaining: 1m 29s
Rendered 2069/3960, time remaining: 1m 28s
Rendered 2070/3960, time remaining: 1m 28s
Rendered 2071/3960, time remaining: 1m 27s
Rendered 2072/3960, time remaining: 1m 28s
Rendered 2073/3960, time remaining: 1m 28s
Rendered 2074/3960, time remaining: 1m 28s
Rendered 2075/3960, time remaining: 1m 27s
Rendered 2076/3960, time remaining: 1m 28s
Rendered 2077/3960, time remaining: 1m 26s
Rendered 2078/3960, time remaining: 1m 28s
Rendered 2079/3960, time remaining: 1m 27s
Rendered 2080/3960, time remaining: 1m 27s
Rendered 2081/3960, time remaining: 1m 27s
Rendered 2082/3960, time remaining: 1m 27s
Rendered 2083/3960, time remaining: 1m 27s
Rendered 2084/3960, time remaining: 1m 27s
Rendered 2085/3960, time remaining: 1m 27s
Rendered 2086/3960, time remaining: 1m 28s
Rendered 2087/3960, time remaining: 1m 26s
Rendered 2088/3960, time remaining: 1m 26s
Rendered 2089/3960, time remaining: 1m 26s
Rendered 2090/3960, time remaining: 1m 25s
Rendered 2091/3960, time remaining: 1m 25s
Rendered 2092/3960, time remaining: 1m 25s
Rendered 2093/3960, time remaining: 1m 25s
Rendered 2094/3960, time remaining: 1m 26s
Rendered 2095/3960, time remaining: 1m 24s
Rendered 2096/3960, time remaining: 1m 25s
Rendered 2097/3960, time remaining: 1m 25s
Rendered 2098/3960, time remaining: 1m 26s
Rendered 2099/3960, time remaining: 1m 24s
Rendered 2100/3960, time remaining: 1m 24s
Rendered 2101/3960, time remaining: 1m 24s
Rendered 2102/3960, time remaining: 1m 24s
Rendered 2103/3960, time remaining: 1m 24s
Rendered 2104/3960, time remaining: 1m 24s
Rendered 2105/3960, time remaining: 1m 24s
Rendered 2106/3960, time remaining: 1m 24s
Rendered 2107/3960, time remaining: 1m 24s
Rendered 2108/3960, time remaining: 1m 25s
Rendered 2109/3960, time remaining: 1m 24s
Rendered 2110/3960, time remaining: 1m 21s
Rendered 2111/3960, time remaining: 1m 23s
Rendered 2112/3960, time remaining: 1m 23s
Rendered 2113/3960, time remaining: 1m 24s
Rendered 2114/3960, time remaining: 1m 23s
Rendered 2115/3960, time remaining: 1m 24s
Rendered 2116/3960, time remaining: 1m 22s
Rendered 2117/3960, time remaining: 1m 22s
Rendered 2118/3960, time remaining: 1m 21s
Rendered 2119/3960, time remaining: 1m 23s
Rendered 2120/3960, time remaining: 1m 23s
Rendered 2121/3960, time remaining: 1m 24s
Rendered 2122/3960, time remaining: 1m 24s
Rendered 2123/3960, time remaining: 1m 23s
Rendered 2124/3960, time remaining: 1m 23s
Rendered 2125/3960, time remaining: 1m 23s
Rendered 2126/3960, time remaining: 1m 21s
Rendered 2127/3960, time remaining: 1m 21s
Rendered 2128/3960, time remaining: 1m 21s
Rendered 2129/3960, time remaining: 1m 23s
Rendered 2130/3960, time remaining: 1m 22s
Rendered 2131/3960, time remaining: 1m 24s
Rendered 2132/3960, time remaining: 1m 24s
Rendered 2133/3960, time remaining: 1m 23s
Rendered 2134/3960, time remaining: 1m 21s
Rendered 2135/3960, time remaining: 1m 21s
Rendered 2136/3960, time remaining: 1m 21s
Rendered 2137/3960, time remaining: 1m 21s
Rendered 2138/3960, time remaining: 1m 21s
Rendered 2139/3960, time remaining: 1m 21s
Rendered 2140/3960, time remaining: 1m 20s
Rendered 2141/3960, time remaining: 1m 22s
Rendered 2142/3960, time remaining: 1m 20s
Rendered 2143/3960, time remaining: 1m 20s
Rendered 2144/3960, time remaining: 1m 20s
Rendered 2145/3960, time remaining: 1m 21s
Rendered 2146/3960, time remaining: 1m 21s
Rendered 2147/3960, time remaining: 1m 21s
Rendered 2148/3960, time remaining: 1m 21s
Rendered 2149/3960, time remaining: 1m 23s
Rendered 2150/3960, time remaining: 1m 20s
Rendered 2151/3960, time remaining: 1m 20s
Rendered 2152/3960, time remaining: 1m 20s
Rendered 2153/3960, time remaining: 1m 20s
Rendered 2154/3960, time remaining: 1m 20s
Rendered 2155/3960, time remaining: 1m 20s
Rendered 2156/3960, time remaining: 1m 23s
Rendered 2157/3960, time remaining: 1m 23s
Rendered 2158/3960, time remaining: 1m 21s
Rendered 2159/3960, time remaining: 1m 20s
Rendered 2160/3960, time remaining: 1m 20s
Rendered 2161/3960, time remaining: 1m 20s
Rendered 2162/3960, time remaining: 1m 20s
Rendered 2163/3960, time remaining: 1m 21s
Rendered 2164/3960, time remaining: 1m 22s
Rendered 2165/3960, time remaining: 1m 21s
Rendered 2166/3960, time remaining: 1m 21s
Rendered 2167/3960, time remaining: 1m 20s
Rendered 2168/3960, time remaining: 1m 21s
Rendered 2169/3960, time remaining: 1m 20s
Rendered 2170/3960, time remaining: 1m 20s
Rendered 2171/3960, time remaining: 1m 20s
Rendered 2172/3960, time remaining: 1m 22s
Rendered 2173/3960, time remaining: 1m 21s
Rendered 2174/3960, time remaining: 1m 22s
Rendered 2175/3960, time remaining: 1m 22s
Rendered 2176/3960, time remaining: 1m 22s
Rendered 2177/3960, time remaining: 1m 21s
Rendered 2178/3960, time remaining: 1m 20s
Rendered 2179/3960, time remaining: 1m 20s
Rendered 2180/3960, time remaining: 1m 20s
Rendered 2181/3960, time remaining: 1m 21s
Rendered 2182/3960, time remaining: 1m 21s
Rendered 2183/3960, time remaining: 1m 21s
Rendered 2184/3960, time remaining: 1m 21s
Rendered 2185/3960, time remaining: 1m 19s
Rendered 2186/3960, time remaining: 1m 21s
Rendered 2187/3960, time remaining: 1m 21s
Rendered 2188/3960, time remaining: 1m 20s
Rendered 2189/3960, time remaining: 1m 21s
Rendered 2190/3960, time remaining: 1m 21s
Rendered 2191/3960, time remaining: 1m 21s
Rendered 2192/3960, time remaining: 1m 21s
Rendered 2193/3960, time remaining: 1m 20s
Rendered 2194/3960, time remaining: 1m 21s
Rendered 2195/3960, time remaining: 1m 23s
Rendered 2196/3960, time remaining: 1m 20s
Rendered 2197/3960, time remaining: 1m 21s
Rendered 2198/3960, time remaining: 1m 21s
Rendered 2199/3960, time remaining: 1m 20s
Rendered 2200/3960, time remaining: 1m 22s
Rendered 2201/3960, time remaining: 1m 21s
Rendered 2202/3960, time remaining: 1m 21s
Rendered 2203/3960, time remaining: 1m 23s
Rendered 2204/3960, time remaining: 1m 21s
Rendered 2205/3960, time remaining: 1m 21s
Rendered 2206/3960, time remaining: 1m 21s
Rendered 2207/3960, time remaining: 1m 20s
Rendered 2208/3960, time remaining: 1m 21s
Rendered 2209/3960, time remaining: 1m 21s
Rendered 2210/3960, time remaining: 1m 21s
Rendered 2211/3960, time remaining: 1m 22s
Rendered 2212/3960, time remaining: 1m 22s
Rendered 2213/3960, time remaining: 1m 21s
Rendered 2214/3960, time remaining: 1m 21s
Rendered 2215/3960, time remaining: 1m 22s
Rendered 2216/3960, time remaining: 1m 22s
Rendered 2217/3960, time remaining: 1m 22s
Rendered 2218/3960, time remaining: 1m 21s
Rendered 2219/3960, time remaining: 1m 22s
Rendered 2220/3960, time remaining: 1m 22s
Rendered 2221/3960, time remaining: 1m 22s
Rendered 2222/3960, time remaining: 1m 21s
Rendered 2223/3960, time remaining: 1m 21s
Rendered 2224/3960, time remaining: 1m 21s
Rendered 2225/3960, time remaining: 1m 20s
Rendered 2226/3960, time remaining: 1m 21s
Rendered 2227/3960, time remaining: 1m 22s
Rendered 2228/3960, time remaining: 1m 21s
Rendered 2229/3960, time remaining: 1m 21s
Rendered 2230/3960, time remaining: 1m 22s
Rendered 2231/3960, time remaining: 1m 21s
Rendered 2232/3960, time remaining: 1m 21s
Rendered 2233/3960, time remaining: 1m 22s
Rendered 2234/3960, time remaining: 1m 22s
Rendered 2235/3960, time remaining: 1m 23s
Rendered 2236/3960, time remaining: 1m 21s
Rendered 2237/3960, time remaining: 1m 21s
Rendered 2238/3960, time remaining: 1m 21s
Rendered 2239/3960, time remaining: 1m 21s
Rendered 2240/3960, time remaining: 1m 22s
Rendered 2241/3960, time remaining: 1m 21s
Rendered 2242/3960, time remaining: 1m 21s
Rendered 2243/3960, time remaining: 1m 22s
Rendered 2244/3960, time remaining: 1m 22s
Rendered 2245/3960, time remaining: 1m 22s
Rendered 2246/3960, time remaining: 1m 21s
Rendered 2247/3960, time remaining: 1m 22s
Rendered 2248/3960, time remaining: 1m 21s
Rendered 2249/3960, time remaining: 1m 21s
Rendered 2250/3960, time remaining: 1m 22s
Rendered 2251/3960, time remaining: 1m 22s
Rendered 2252/3960, time remaining: 1m 22s
Rendered 2253/3960, time remaining: 1m 20s
Rendered 2254/3960, time remaining: 1m 20s
Rendered 2255/3960, time remaining: 1m 22s
Rendered 2256/3960, time remaining: 1m 23s
Rendered 2257/3960, time remaining: 1m 23s
Rendered 2258/3960, time remaining: 1m 21s
Rendered 2259/3960, time remaining: 1m 22s
Rendered 2260/3960, time remaining: 1m 22s
Rendered 2261/3960, time remaining: 1m 21s
Rendered 2262/3960, time remaining: 1m 20s
Rendered 2263/3960, time remaining: 1m 21s
Rendered 2264/3960, time remaining: 1m 23s
Rendered 2265/3960, time remaining: 1m 22s
Rendered 2266/3960, time remaining: 1m 22s
Rendered 2267/3960, time remaining: 1m 22s
Rendered 2268/3960, time remaining: 1m 22s
Rendered 2269/3960, time remaining: 1m 20s
Rendered 2270/3960, time remaining: 1m 21s
Rendered 2271/3960, time remaining: 1m 21s
Rendered 2272/3960, time remaining: 1m 21s
Rendered 2273/3960, time remaining: 1m 21s
Rendered 2274/3960, time remaining: 1m 21s
Rendered 2275/3960, time remaining: 1m 22s
Rendered 2276/3960, time remaining: 1m 22s
Rendered 2277/3960, time remaining: 1m 22s
Rendered 2278/3960, time remaining: 1m 22s
Rendered 2279/3960, time remaining: 1m 21s
Rendered 2280/3960, time remaining: 1m 21s
Rendered 2281/3960, time remaining: 1m 20s
Rendered 2282/3960, time remaining: 1m 20s
Rendered 2283/3960, time remaining: 1m 20s
Rendered 2284/3960, time remaining: 1m 20s
Rendered 2285/3960, time remaining: 1m 20s
Rendered 2286/3960, time remaining: 1m 22s
Rendered 2287/3960, time remaining: 1m 22s
Rendered 2288/3960, time remaining: 1m 21s
Rendered 2289/3960, time remaining: 1m 21s
Rendered 2290/3960, time remaining: 1m 21s
Rendered 2291/3960, time remaining: 1m 19s
Rendered 2292/3960, time remaining: 1m 19s
Rendered 2293/3960, time remaining: 1m 21s
Rendered 2294/3960, time remaining: 1m 22s
Rendered 2295/3960, time remaining: 1m 21s
Rendered 2296/3960, time remaining: 1m 21s
Rendered 2297/3960, time remaining: 1m 21s
Rendered 2298/3960, time remaining: 1m 20s
Rendered 2299/3960, time remaining: 1m 18s
Rendered 2300/3960, time remaining: 1m 19s
Rendered 2301/3960, time remaining: 1m 19s
Rendered 2302/3960, time remaining: 1m 21s
Rendered 2303/3960, time remaining: 1m 21s
Rendered 2304/3960, time remaining: 1m 21s
Rendered 2305/3960, time remaining: 1m 21s
Rendered 2306/3960, time remaining: 1m 19s
Rendered 2307/3960, time remaining: 1m 18s
Rendered 2308/3960, time remaining: 1m 18s
Rendered 2309/3960, time remaining: 1m 19s
Rendered 2310/3960, time remaining: 1m 19s
Rendered 2311/3960, time remaining: 1m 21s
Rendered 2312/3960, time remaining: 1m 21s
Rendered 2313/3960, time remaining: 1m 19s
Rendered 2314/3960, time remaining: 1m 18s
Rendered 2315/3960, time remaining: 1m 18s
Rendered 2316/3960, time remaining: 1m 18s
Rendered 2317/3960, time remaining: 1m 19s
Rendered 2318/3960, time remaining: 1m 18s
Rendered 2319/3960, time remaining: 1m 19s
Rendered 2320/3960, time remaining: 1m 20s
Rendered 2321/3960, time remaining: 1m 18s
Rendered 2322/3960, time remaining: 1m 17s
Rendered 2323/3960, time remaining: 1m 17s
Rendered 2324/3960, time remaining: 1m 17s
Rendered 2325/3960, time remaining: 1m 18s
Rendered 2326/3960, time remaining: 1m 17s
Rendered 2327/3960, time remaining: 1m 19s
Rendered 2328/3960, time remaining: 1m 19s
Rendered 2329/3960, time remaining: 1m 18s
Rendered 2330/3960, time remaining: 1m 18s
Rendered 2331/3960, time remaining: 1m 17s
Rendered 2332/3960, time remaining: 1m 18s
Rendered 2333/3960, time remaining: 1m 18s
Rendered 2334/3960, time remaining: 1m 19s
Rendered 2335/3960, time remaining: 1m 19s
Rendered 2336/3960, time remaining: 1m 17s
Rendered 2337/3960, time remaining: 1m 17s
Rendered 2338/3960, time remaining: 1m 17s
Rendered 2339/3960, time remaining: 1m 17s
Rendered 2340/3960, time remaining: 1m 17s
Rendered 2341/3960, time remaining: 1m 17s
Rendered 2342/3960, time remaining: 1m 18s
Rendered 2343/3960, time remaining: 1m 17s
Rendered 2344/3960, time remaining: 1m 16s
Rendered 2345/3960, time remaining: 1m 16s
Rendered 2346/3960, time remaining: 1m 16s
Rendered 2347/3960, time remaining: 1m 16s
Rendered 2348/3960, time remaining: 1m 16s
Rendered 2349/3960, time remaining: 1m 17s
Rendered 2350/3960, time remaining: 1m 16s
Rendered 2351/3960, time remaining: 1m 16s
Rendered 2352/3960, time remaining: 1m 16s
Rendered 2353/3960, time remaining: 1m 14s
Rendered 2354/3960, time remaining: 1m 14s
Rendered 2355/3960, time remaining: 1m 15s
Rendered 2356/3960, time remaining: 1m 15s
Rendered 2357/3960, time remaining: 1m 16s
Rendered 2358/3960, time remaining: 1m 15s
Rendered 2359/3960, time remaining: 1m 16s
Rendered 2360/3960, time remaining: 1m 15s
Rendered 2361/3960, time remaining: 1m 14s
Rendered 2362/3960, time remaining: 1m 14s
Rendered 2363/3960, time remaining: 1m 14s
Rendered 2364/3960, time remaining: 1m 14s
Rendered 2365/3960, time remaining: 1m 13s
Rendered 2366/3960, time remaining: 1m 15s
Rendered 2367/3960, time remaining: 1m 15s
Rendered 2368/3960, time remaining: 1m 14s
Rendered 2369/3960, time remaining: 1m 12s
Rendered 2370/3960, time remaining: 1m 13s
Rendered 2371/3960, time remaining: 1m 13s
Rendered 2372/3960, time remaining: 1m 13s
Rendered 2373/3960, time remaining: 1m 14s
Rendered 2374/3960, time remaining: 1m 14s
Rendered 2375/3960, time remaining: 1m 15s
Rendered 2376/3960, time remaining: 1m 14s
Rendered 2377/3960, time remaining: 1m 12s
Rendered 2378/3960, time remaining: 1m 13s
Rendered 2379/3960, time remaining: 1m 13s
Rendered 2380/3960, time remaining: 1m 13s
Rendered 2381/3960, time remaining: 1m 13s
Rendered 2382/3960, time remaining: 1m 13s
Rendered 2383/3960, time remaining: 1m 13s
Rendered 2384/3960, time remaining: 1m 13s
Rendered 2385/3960, time remaining: 1m 12s
Rendered 2386/3960, time remaining: 1m 12s
Rendered 2387/3960, time remaining: 1m 12s
Rendered 2388/3960, time remaining: 1m 12s
Rendered 2389/3960, time remaining: 1m 13s
Rendered 2390/3960, time remaining: 1m 12s
Rendered 2391/3960, time remaining: 1m 14s
Rendered 2392/3960, time remaining: 1m 14s
Rendered 2393/3960, time remaining: 1m 12s
Rendered 2394/3960, time remaining: 1m 12s
Rendered 2395/3960, time remaining: 1m 12s
Rendered 2396/3960, time remaining: 1m 12s
Rendered 2397/3960, time remaining: 1m 11s
Rendered 2398/3960, time remaining: 1m 10s
Rendered 2399/3960, time remaining: 1m 13s
Rendered 2400/3960, time remaining: 1m 12s
Rendered 2401/3960, time remaining: 1m 12s
Rendered 2402/3960, time remaining: 1m 12s
Rendered 2403/3960, time remaining: 1m 12s
Rendered 2404/3960, time remaining: 1m 12s
Rendered 2405/3960, time remaining: 1m 11s
Rendered 2406/3960, time remaining: 1m 10s
Rendered 2407/3960, time remaining: 1m 12s
Rendered 2408/3960, time remaining: 1m 12s
Rendered 2409/3960, time remaining: 1m 11s
Rendered 2410/3960, time remaining: 1m 11s
Rendered 2411/3960, time remaining: 1m 11s
Rendered 2412/3960, time remaining: 1m 11s
Rendered 2413/3960, time remaining: 1m 11s
Rendered 2414/3960, time remaining: 1m 9s
Rendered 2415/3960, time remaining: 1m 10s
Rendered 2416/3960, time remaining: 1m 11s
Rendered 2417/3960, time remaining: 1m 10s
Rendered 2418/3960, time remaining: 1m 10s
Rendered 2419/3960, time remaining: 1m 11s
Rendered 2420/3960, time remaining: 1m 11s
Rendered 2421/3960, time remaining: 1m 10s
Rendered 2422/3960, time remaining: 1m 9s
Rendered 2423/3960, time remaining: 1m 10s
Rendered 2424/3960, time remaining: 1m 11s
Rendered 2425/3960, time remaining: 1m 10s
Rendered 2426/3960, time remaining: 1m 10s
Rendered 2427/3960, time remaining: 1m 9s
Rendered 2428/3960, time remaining: 1m 11s
Rendered 2429/3960, time remaining: 1m 10s
Rendered 2430/3960, time remaining: 1m 11s
Rendered 2431/3960, time remaining: 1m 11s
Rendered 2432/3960, time remaining: 1m 11s
Rendered 2433/3960, time remaining: 1m 10s
Rendered 2434/3960, time remaining: 1m 10s
Rendered 2435/3960, time remaining: 1m 11s
Rendered 2436/3960, time remaining: 1m 11s
Rendered 2437/3960, time remaining: 1m 10s
Rendered 2438/3960, time remaining: 1m 10s
Rendered 2439/3960, time remaining: 1m 10s
Rendered 2440/3960, time remaining: 1m 10s
Rendered 2441/3960, time remaining: 1m 10s
Rendered 2442/3960, time remaining: 1m 10s
Rendered 2443/3960, time remaining: 1m 9s
Rendered 2444/3960, time remaining: 1m 9s
Rendered 2445/3960, time remaining: 1m 9s
Rendered 2446/3960, time remaining: 1m 9s
Rendered 2447/3960, time remaining: 1m 10s
Rendered 2448/3960, time remaining: 1m 10s
Rendered 2449/3960, time remaining: 1m 10s
Rendered 2450/3960, time remaining: 1m 9s
Rendered 2451/3960, time remaining: 1m 9s
Rendered 2452/3960, time remaining: 1m 8s
Rendered 2453/3960, time remaining: 1m 8s
Rendered 2454/3960, time remaining: 1m 8s
Rendered 2455/3960, time remaining: 1m 8s
Rendered 2456/3960, time remaining: 1m 9s
Rendered 2457/3960, time remaining: 1m 9s
Rendered 2458/3960, time remaining: 1m 9s
Rendered 2459/3960, time remaining: 1m 10s
Rendered 2460/3960, time remaining: 1m 9s
Rendered 2461/3960, time remaining: 1m 7s
Rendered 2462/3960, time remaining: 1m 7s
Rendered 2463/3960, time remaining: 1m 7s
Rendered 2464/3960, time remaining: 1m 7s
Rendered 2465/3960, time remaining: 1m 7s
Rendered 2466/3960, time remaining: 1m 8s
Rendered 2467/3960, time remaining: 1m 8s
Rendered 2468/3960, time remaining: 1m 9s
Rendered 2469/3960, time remaining: 1m 7s
Rendered 2470/3960, time remaining: 1m 7s
Rendered 2471/3960, time remaining: 1m 7s
Rendered 2472/3960, time remaining: 1m 8s
Rendered 2473/3960, time remaining: 1m 8s
Rendered 2474/3960, time remaining: 1m 7s
Rendered 2475/3960, time remaining: 1m 7s
Rendered 2476/3960, time remaining: 1m 7s
Rendered 2477/3960, time remaining: 1m 7s
Rendered 2478/3960, time remaining: 1m 7s
Rendered 2479/3960, time remaining: 1m 6s
Rendered 2480/3960, time remaining: 1m 7s
Rendered 2481/3960, time remaining: 1m 7s
Rendered 2482/3960, time remaining: 1m 6s
Rendered 2483/3960, time remaining: 1m 7s
Rendered 2484/3960, time remaining: 1m 6s
Rendered 2485/3960, time remaining: 1m 7s
Rendered 2486/3960, time remaining: 1m 7s
Rendered 2487/3960, time remaining: 1m 7s
Rendered 2488/3960, time remaining: 1m 7s
Rendered 2489/3960, time remaining: 1m 6s
Rendered 2490/3960, time remaining: 1m 6s
Rendered 2491/3960, time remaining: 1m 7s
Rendered 2492/3960, time remaining: 1m 6s
Rendered 2493/3960, time remaining: 1m 7s
Rendered 2494/3960, time remaining: 1m 7s
Rendered 2495/3960, time remaining: 1m 7s
Rendered 2496/3960, time remaining: 1m 7s
Rendered 2497/3960, time remaining: 1m 6s
Rendered 2498/3960, time remaining: 1m 6s
Rendered 2499/3960, time remaining: 1m 5s
Rendered 2500/3960, time remaining: 1m 5s
Rendered 2501/3960, time remaining: 1m 6s
Rendered 2502/3960, time remaining: 1m 6s
Rendered 2503/3960, time remaining: 1m 7s
Rendered 2504/3960, time remaining: 1m 7s
Rendered 2505/3960, time remaining: 1m 6s
Rendered 2506/3960, time remaining: 1m 6s
Rendered 2507/3960, time remaining: 1m 5s
Rendered 2508/3960, time remaining: 1m 5s
Rendered 2509/3960, time remaining: 1m 5s
Rendered 2510/3960, time remaining: 1m 5s
Rendered 2511/3960, time remaining: 1m 7s
Rendered 2512/3960, time remaining: 1m 7s
Rendered 2513/3960, time remaining: 1m 6s
Rendered 2514/3960, time remaining: 1m 6s
Rendered 2515/3960, time remaining: 1m 6s
Rendered 2516/3960, time remaining: 1m 5s
Rendered 2517/3960, time remaining: 1m 4s
Rendered 2518/3960, time remaining: 1m 5s
Rendered 2519/3960, time remaining: 1m 7s
Rendered 2520/3960, time remaining: 1m 6s
Rendered 2521/3960, time remaining: 1m 6s
Rendered 2522/3960, time remaining: 1m 6s
Rendered 2523/3960, time remaining: 1m 5s
Rendered 2524/3960, time remaining: 1m 5s
Rendered 2525/3960, time remaining: 1m 4s
Rendered 2526/3960, time remaining: 1m 4s
Rendered 2527/3960, time remaining: 1m 7s
Rendered 2528/3960, time remaining: 1m 6s
Rendered 2529/3960, time remaining: 1m 6s
Rendered 2530/3960, time remaining: 1m 5s
Rendered 2531/3960, time remaining: 1m 5s
Rendered 2532/3960, time remaining: 1m 5s
Rendered 2533/3960, time remaining: 1m 4s
Rendered 2534/3960, time remaining: 1m 5s
Rendered 2535/3960, time remaining: 1m 5s
Rendered 2536/3960, time remaining: 1m 5s
Rendered 2537/3960, time remaining: 1m 6s
Rendered 2538/3960, time remaining: 1m 6s
Rendered 2539/3960, time remaining: 1m 4s
Rendered 2540/3960, time remaining: 1m 4s
Rendered 2541/3960, time remaining: 1m 3s
Rendered 2542/3960, time remaining: 1m 3s
Rendered 2543/3960, time remaining: 1m 5s
Rendered 2544/3960, time remaining: 1m 4s
Rendered 2545/3960, time remaining: 1m 5s
Rendered 2546/3960, time remaining: 1m 5s
Rendered 2547/3960, time remaining: 1m 5s
Rendered 2548/3960, time remaining: 1m 5s
Rendered 2549/3960, time remaining: 1m 4s
Rendered 2550/3960, time remaining: 1m 4s
Rendered 2551/3960, time remaining: 1m 4s
Rendered 2552/3960, time remaining: 1m 4s
Rendered 2553/3960, time remaining: 1m 4s
Rendered 2554/3960, time remaining: 1m 4s
Rendered 2555/3960, time remaining: 1m 4s
Rendered 2556/3960, time remaining: 1m 4s
Rendered 2557/3960, time remaining: 1m 3s
Rendered 2558/3960, time remaining: 1m 4s
Rendered 2559/3960, time remaining: 1m 4s
Rendered 2560/3960, time remaining: 1m 4s
Rendered 2561/3960, time remaining: 1m 4s
Rendered 2562/3960, time remaining: 1m 4s
Rendered 2563/3960, time remaining: 1m 3s
Rendered 2564/3960, time remaining: 1m 3s
Rendered 2565/3960, time remaining: 1m 4s
Rendered 2566/3960, time remaining: 1m 3s
Rendered 2567/3960, time remaining: 1m 3s
Rendered 2568/3960, time remaining: 1m 3s
Rendered 2569/3960, time remaining: 1m 4s
Rendered 2570/3960, time remaining: 1m 3s
Rendered 2571/3960, time remaining: 1m 3s
Rendered 2572/3960, time remaining: 1m 3s
Rendered 2573/3960, time remaining: 1m 4s
Rendered 2574/3960, time remaining: 1m 3s
Rendered 2575/3960, time remaining: 1m 3s
Rendered 2576/3960, time remaining: 1m 4s
Rendered 2577/3960, time remaining: 1m 4s
Rendered 2578/3960, time remaining: 1m 2s
Rendered 2579/3960, time remaining: 1m 2s
Rendered 2580/3960, time remaining: 1m 1s
Rendered 2581/3960, time remaining: 1m 3s
Rendered 2582/3960, time remaining: 1m 3s
Rendered 2583/3960, time remaining: 1m 3s
Rendered 2584/3960, time remaining: 1m 3s
Rendered 2585/3960, time remaining: 1m 3s
Rendered 2586/3960, time remaining: 1m 1s
Rendered 2587/3960, time remaining: 1m 2s
Rendered 2588/3960, time remaining: 1m 2s
Rendered 2589/3960, time remaining: 1m 2s
Rendered 2590/3960, time remaining: 1m 2s
Rendered 2591/3960, time remaining: 1m 3s
Rendered 2592/3960, time remaining: 1m 3s
Rendered 2593/3960, time remaining: 1m 2s
Rendered 2594/3960, time remaining: 1m 1s
Rendered 2595/3960, time remaining: 1m 1s
Rendered 2596/3960, time remaining: 1m 1s
Rendered 2597/3960, time remaining: 1m 1s
Rendered 2598/3960, time remaining: 1m 2s
Rendered 2599/3960, time remaining: 1m 3s
Rendered 2600/3960, time remaining: 1m 3s
Rendered 2601/3960, time remaining: 1m 3s
Rendered 2602/3960, time remaining: 1m 2s
Rendered 2603/3960, time remaining: 1m 2s
Rendered 2604/3960, time remaining: 1m 2s
Rendered 2605/3960, time remaining: 1m 2s
Rendered 2606/3960, time remaining: 1m 2s
Rendered 2607/3960, time remaining: 1m 3s
Rendered 2608/3960, time remaining: 1m 3s
Rendered 2609/3960, time remaining: 1m 2s
Rendered 2610/3960, time remaining: 1m 2s
Rendered 2611/3960, time remaining: 1m 2s
Rendered 2612/3960, time remaining: 1m 2s
Rendered 2613/3960, time remaining: 1m 2s
Rendered 2614/3960, time remaining: 1m 2s
Rendered 2615/3960, time remaining: 1m 2s
Rendered 2616/3960, time remaining: 1m 2s
Rendered 2617/3960, time remaining: 1m 2s
Rendered 2618/3960, time remaining: 1m 1s
Rendered 2619/3960, time remaining: 1m 1s
Rendered 2620/3960, time remaining: 1m 1s
Rendered 2621/3960, time remaining: 1m 1s
Rendered 2622/3960, time remaining: 1m 1s
Rendered 2623/3960, time remaining: 1m 2s
Rendered 2624/3960, time remaining: 1m 2s
Rendered 2625/3960, time remaining: 1m 1s
Rendered 2626/3960, time remaining: 1m 1s
Rendered 2627/3960, time remaining: 1m 1s
Rendered 2628/3960, time remaining: 1m 1s
Rendered 2629/3960, time remaining: 1m 1s
Rendered 2630/3960, time remaining: 1m 0s
Rendered 2631/3960, time remaining: 1m 1s
Rendered 2632/3960, time remaining: 1m 1s
Rendered 2633/3960, time remaining: 1m 0s
Rendered 2634/3960, time remaining: 1m 0s
Rendered 2635/3960, time remaining: 1m 1s
Rendered 2636/3960, time remaining: 1m 1s
Rendered 2637/3960, time remaining: 1m 1s
Rendered 2638/3960, time remaining: 1m 1s
Rendered 2639/3960, time remaining: 1m 1s
Rendered 2640/3960, time remaining: 1m 1s
Rendered 2641/3960, time remaining: 1m 0s
Rendered 2642/3960, time remaining: 1m 1s
Rendered 2643/3960, time remaining: 1m 0s
Rendered 2644/3960, time remaining: 1m 1s
Rendered 2645/3960, time remaining: 1m 0s
Rendered 2646/3960, time remaining: 1m 0s
Rendered 2647/3960, time remaining: 1m 1s
Rendered 2648/3960, time remaining: 1m 1s
Rendered 2649/3960, time remaining: 1m 1s
Rendered 2650/3960, time remaining: 1m 0s
Rendered 2651/3960, time remaining: 1m 0s
Rendered 2652/3960, time remaining: 1m 1s
Rendered 2653/3960, time remaining: 1m 0s
Rendered 2654/3960, time remaining: 1m 0s
Rendered 2655/3960, time remaining: 1m 1s
Rendered 2656/3960, time remaining: 1m 1s
Rendered 2657/3960, time remaining: 1m 0s
Rendered 2658/3960, time remaining: 1m 0s
Rendered 2659/3960, time remaining: 1m 0s
Rendered 2660/3960, time remaining: 1m 0s
Rendered 2661/3960, time remaining: 59s
Rendered 2662/3960, time remaining: 59s
Rendered 2663/3960, time remaining: 1m 0s
Rendered 2664/3960, time remaining: 1m 0s
Rendered 2665/3960, time remaining: 59s
Rendered 2666/3960, time remaining: 1m 0s
Rendered 2667/3960, time remaining: 1m 0s
Rendered 2668/3960, time remaining: 1m 0s
Rendered 2669/3960, time remaining: 58s
Rendered 2670/3960, time remaining: 58s
Rendered 2671/3960, time remaining: 59s
Rendered 2672/3960, time remaining: 59s
Rendered 2673/3960, time remaining: 59s
Rendered 2674/3960, time remaining: 59s
Rendered 2675/3960, time remaining: 1m 0s
Rendered 2676/3960, time remaining: 1m 0s
Rendered 2677/3960, time remaining: 58s
Rendered 2678/3960, time remaining: 58s
Rendered 2679/3960, time remaining: 58s
Rendered 2680/3960, time remaining: 58s
Rendered 2681/3960, time remaining: 58s
Rendered 2682/3960, time remaining: 59s
Rendered 2683/3960, time remaining: 59s
Rendered 2684/3960, time remaining: 58s
Rendered 2685/3960, time remaining: 58s
Rendered 2686/3960, time remaining: 58s
Rendered 2687/3960, time remaining: 58s
Rendered 2688/3960, time remaining: 58s
Rendered 2689/3960, time remaining: 58s
Rendered 2690/3960, time remaining: 59s
Rendered 2691/3960, time remaining: 58s
Rendered 2692/3960, time remaining: 59s
Rendered 2693/3960, time remaining: 57s
Rendered 2694/3960, time remaining: 58s
Rendered 2695/3960, time remaining: 58s
Rendered 2696/3960, time remaining: 57s
Rendered 2697/3960, time remaining: 57s
Rendered 2698/3960, time remaining: 57s
Rendered 2699/3960, time remaining: 56s
Rendered 2700/3960, time remaining: 58s
Rendered 2701/3960, time remaining: 58s
Rendered 2702/3960, time remaining: 58s
Rendered 2703/3960, time remaining: 58s
Rendered 2704/3960, time remaining: 58s
Rendered 2705/3960, time remaining: 58s
Rendered 2706/3960, time remaining: 58s
Rendered 2707/3960, time remaining: 57s
Rendered 2708/3960, time remaining: 56s
Rendered 2709/3960, time remaining: 58s
Rendered 2710/3960, time remaining: 57s
Rendered 2711/3960, time remaining: 57s
Rendered 2712/3960, time remaining: 57s
Rendered 2713/3960, time remaining: 57s
Rendered 2714/3960, time remaining: 57s
Rendered 2715/3960, time remaining: 56s
Rendered 2716/3960, time remaining: 57s
Rendered 2717/3960, time remaining: 58s
Rendered 2718/3960, time remaining: 57s
Rendered 2719/3960, time remaining: 57s
Rendered 2720/3960, time remaining: 57s
Rendered 2721/3960, time remaining: 57s
Rendered 2722/3960, time remaining: 57s
Rendered 2723/3960, time remaining: 56s
Rendered 2724/3960, time remaining: 56s
Rendered 2725/3960, time remaining: 56s
Rendered 2726/3960, time remaining: 56s
Rendered 2727/3960, time remaining: 56s
Rendered 2728/3960, time remaining: 55s
Rendered 2729/3960, time remaining: 57s
Rendered 2730/3960, time remaining: 57s
Rendered 2731/3960, time remaining: 56s
Rendered 2732/3960, time remaining: 57s
Rendered 2733/3960, time remaining: 56s
Rendered 2734/3960, time remaining: 56s
Rendered 2735/3960, time remaining: 55s
Rendered 2736/3960, time remaining: 56s
Rendered 2737/3960, time remaining: 56s
Rendered 2738/3960, time remaining: 56s
Rendered 2739/3960, time remaining: 56s
Rendered 2740/3960, time remaining: 56s
Rendered 2741/3960, time remaining: 55s
Rendered 2742/3960, time remaining: 55s
Rendered 2743/3960, time remaining: 56s
Rendered 2744/3960, time remaining: 56s
Rendered 2745/3960, time remaining: 56s
Rendered 2746/3960, time remaining: 56s
Rendered 2747/3960, time remaining: 56s
Rendered 2748/3960, time remaining: 56s
Rendered 2749/3960, time remaining: 55s
Rendered 2750/3960, time remaining: 55s
Rendered 2751/3960, time remaining: 54s
Rendered 2752/3960, time remaining: 55s
Rendered 2753/3960, time remaining: 55s
Rendered 2754/3960, time remaining: 56s
Rendered 2755/3960, time remaining: 56s
Rendered 2756/3960, time remaining: 55s
Rendered 2757/3960, time remaining: 54s
Rendered 2758/3960, time remaining: 54s
Rendered 2759/3960, time remaining: 53s
Rendered 2760/3960, time remaining: 54s
Rendered 2761/3960, time remaining: 55s
Rendered 2762/3960, time remaining: 56s
Rendered 2763/3960, time remaining: 56s
Rendered 2764/3960, time remaining: 55s
Rendered 2765/3960, time remaining: 55s
Rendered 2766/3960, time remaining: 54s
Rendered 2767/3960, time remaining: 54s
Rendered 2768/3960, time remaining: 54s
Rendered 2769/3960, time remaining: 54s
Rendered 2770/3960, time remaining: 55s
Rendered 2771/3960, time remaining: 55s
Rendered 2772/3960, time remaining: 54s
Rendered 2773/3960, time remaining: 54s
Rendered 2774/3960, time remaining: 54s
Rendered 2775/3960, time remaining: 54s
Rendered 2776/3960, time remaining: 54s
Rendered 2777/3960, time remaining: 53s
Rendered 2778/3960, time remaining: 54s
Rendered 2779/3960, time remaining: 54s
Rendered 2780/3960, time remaining: 55s
Rendered 2781/3960, time remaining: 54s
Rendered 2782/3960, time remaining: 54s
Rendered 2783/3960, time remaining: 55s
Rendered 2784/3960, time remaining: 55s
Rendered 2785/3960, time remaining: 53s
Rendered 2786/3960, time remaining: 54s
Rendered 2787/3960, time remaining: 54s
Rendered 2788/3960, time remaining: 54s
Rendered 2789/3960, time remaining: 54s
Rendered 2790/3960, time remaining: 54s
Rendered 2791/3960, time remaining: 54s
Rendered 2792/3960, time remaining: 53s
Rendered 2793/3960, time remaining: 54s
Rendered 2794/3960, time remaining: 53s
Rendered 2795/3960, time remaining: 53s
Rendered 2796/3960, time remaining: 53s
Rendered 2797/3960, time remaining: 53s
Rendered 2798/3960, time remaining: 53s
Rendered 2799/3960, time remaining: 53s
Rendered 2800/3960, time remaining: 53s
Rendered 2801/3960, time remaining: 54s
Rendered 2802/3960, time remaining: 54s
Rendered 2803/3960, time remaining: 53s
Rendered 2804/3960, time remaining: 53s
Rendered 2805/3960, time remaining: 52s
Rendered 2806/3960, time remaining: 52s
Rendered 2807/3960, time remaining: 52s
Rendered 2808/3960, time remaining: 53s
Rendered 2809/3960, time remaining: 52s
Rendered 2810/3960, time remaining: 54s
Rendered 2811/3960, time remaining: 54s
Rendered 2812/3960, time remaining: 53s
Rendered 2813/3960, time remaining: 53s
Rendered 2814/3960, time remaining: 53s
Rendered 2815/3960, time remaining: 53s
Rendered 2816/3960, time remaining: 52s
Rendered 2817/3960, time remaining: 52s
Rendered 2818/3960, time remaining: 53s
Rendered 2819/3960, time remaining: 53s
Rendered 2820/3960, time remaining: 54s
Rendered 2821/3960, time remaining: 53s
Rendered 2822/3960, time remaining: 53s
Rendered 2823/3960, time remaining: 53s
Rendered 2824/3960, time remaining: 53s
Rendered 2825/3960, time remaining: 52s
Rendered 2826/3960, time remaining: 53s
Rendered 2827/3960, time remaining: 53s
Rendered 2828/3960, time remaining: 53s
Rendered 2829/3960, time remaining: 53s
Rendered 2830/3960, time remaining: 53s
Rendered 2831/3960, time remaining: 53s
Rendered 2832/3960, time remaining: 52s
Rendered 2833/3960, time remaining: 51s
Rendered 2834/3960, time remaining: 52s
Rendered 2835/3960, time remaining: 52s
Rendered 2836/3960, time remaining: 52s
Rendered 2837/3960, time remaining: 53s
Rendered 2838/3960, time remaining: 53s
Rendered 2839/3960, time remaining: 52s
Rendered 2840/3960, time remaining: 52s
Rendered 2841/3960, time remaining: 52s
Rendered 2842/3960, time remaining: 52s
Rendered 2843/3960, time remaining: 52s
Rendered 2844/3960, time remaining: 51s
Rendered 2845/3960, time remaining: 52s
Rendered 2846/3960, time remaining: 52s
Rendered 2847/3960, time remaining: 52s
Rendered 2848/3960, time remaining: 52s
Rendered 2849/3960, time remaining: 52s
Rendered 2850/3960, time remaining: 52s
Rendered 2851/3960, time remaining: 52s
Rendered 2852/3960, time remaining: 51s
Rendered 2853/3960, time remaining: 52s
Rendered 2854/3960, time remaining: 51s
Rendered 2855/3960, time remaining: 51s
Rendered 2856/3960, time remaining: 51s
Rendered 2857/3960, time remaining: 51s
Rendered 2858/3960, time remaining: 53s
Rendered 2859/3960, time remaining: 51s
Rendered 2860/3960, time remaining: 51s
Rendered 2861/3960, time remaining: 51s
Rendered 2862/3960, time remaining: 51s
Rendered 2863/3960, time remaining: 50s
Rendered 2864/3960, time remaining: 50s
Rendered 2865/3960, time remaining: 51s
Rendered 2866/3960, time remaining: 51s
Rendered 2867/3960, time remaining: 51s
Rendered 2868/3960, time remaining: 51s
Rendered 2869/3960, time remaining: 50s
Rendered 2870/3960, time remaining: 50s
Rendered 2871/3960, time remaining: 51s
Rendered 2872/3960, time remaining: 51s
Rendered 2873/3960, time remaining: 50s
Rendered 2874/3960, time remaining: 50s
Rendered 2875/3960, time remaining: 50s
Rendered 2876/3960, time remaining: 50s
Rendered 2877/3960, time remaining: 51s
Rendered 2878/3960, time remaining: 51s
Rendered 2879/3960, time remaining: 49s
Rendered 2880/3960, time remaining: 50s
Rendered 2881/3960, time remaining: 50s
Rendered 2882/3960, time remaining: 49s
Rendered 2883/3960, time remaining: 49s
Rendered 2884/3960, time remaining: 50s
Rendered 2885/3960, time remaining: 51s
Rendered 2886/3960, time remaining: 50s
Rendered 2887/3960, time remaining: 50s
Rendered 2888/3960, time remaining: 50s
Rendered 2889/3960, time remaining: 49s
Rendered 2890/3960, time remaining: 49s
Rendered 2891/3960, time remaining: 49s
Rendered 2892/3960, time remaining: 49s
Rendered 2893/3960, time remaining: 50s
Rendered 2894/3960, time remaining: 49s
Rendered 2895/3960, time remaining: 49s
Rendered 2896/3960, time remaining: 49s
Rendered 2897/3960, time remaining: 49s
Rendered 2898/3960, time remaining: 48s
Rendered 2899/3960, time remaining: 48s
Rendered 2900/3960, time remaining: 50s
Rendered 2901/3960, time remaining: 50s
Rendered 2902/3960, time remaining: 49s
Rendered 2903/3960, time remaining: 50s
Rendered 2904/3960, time remaining: 48s
Rendered 2905/3960, time remaining: 48s
Rendered 2906/3960, time remaining: 49s
Rendered 2907/3960, time remaining: 49s
Rendered 2908/3960, time remaining: 50s
Rendered 2909/3960, time remaining: 50s
Rendered 2910/3960, time remaining: 50s
Rendered 2911/3960, time remaining: 49s
Rendered 2912/3960, time remaining: 48s
Rendered 2913/3960, time remaining: 48s
Rendered 2914/3960, time remaining: 48s
Rendered 2915/3960, time remaining: 48s
Rendered 2916/3960, time remaining: 49s
Rendered 2917/3960, time remaining: 49s
Rendered 2918/3960, time remaining: 49s
Rendered 2919/3960, time remaining: 48s
Rendered 2920/3960, time remaining: 47s
Rendered 2921/3960, time remaining: 48s
Rendered 2922/3960, time remaining: 48s
Rendered 2923/3960, time remaining: 48s
Rendered 2924/3960, time remaining: 49s
Rendered 2925/3960, time remaining: 48s
Rendered 2926/3960, time remaining: 48s
Rendered 2927/3960, time remaining: 48s
Rendered 2928/3960, time remaining: 48s
Rendered 2929/3960, time remaining: 48s
Rendered 2930/3960, time remaining: 47s
Rendered 2931/3960, time remaining: 47s
Rendered 2932/3960, time remaining: 49s
Rendered 2933/3960, time remaining: 48s
Rendered 2934/3960, time remaining: 48s
Rendered 2935/3960, time remaining: 48s
Rendered 2936/3960, time remaining: 47s
Rendered 2937/3960, time remaining: 47s
Rendered 2938/3960, time remaining: 47s
Rendered 2939/3960, time remaining: 47s
Rendered 2940/3960, time remaining: 48s
Rendered 2941/3960, time remaining: 48s
Rendered 2942/3960, time remaining: 48s
Rendered 2943/3960, time remaining: 48s
Rendered 2944/3960, time remaining: 47s
Rendered 2945/3960, time remaining: 48s
Rendered 2946/3960, time remaining: 48s
Rendered 2947/3960, time remaining: 48s
Rendered 2948/3960, time remaining: 47s
Rendered 2949/3960, time remaining: 47s
Rendered 2950/3960, time remaining: 48s
Rendered 2951/3960, time remaining: 47s
Rendered 2952/3960, time remaining: 46s
Rendered 2953/3960, time remaining: 46s
Rendered 2954/3960, time remaining: 47s
Rendered 2955/3960, time remaining: 47s
Rendered 2956/3960, time remaining: 47s
Rendered 2957/3960, time remaining: 47s
Rendered 2958/3960, time remaining: 47s
Rendered 2959/3960, time remaining: 47s
Rendered 2960/3960, time remaining: 46s
Rendered 2961/3960, time remaining: 46s
Rendered 2962/3960, time remaining: 46s
Rendered 2963/3960, time remaining: 46s
Rendered 2964/3960, time remaining: 46s
Rendered 2965/3960, time remaining: 46s
Rendered 2966/3960, time remaining: 46s
Rendered 2967/3960, time remaining: 46s
Rendered 2968/3960, time remaining: 45s
Rendered 2969/3960, time remaining: 46s
Rendered 2970/3960, time remaining: 46s
Rendered 2971/3960, time remaining: 46s
Rendered 2972/3960, time remaining: 46s
Rendered 2973/3960, time remaining: 46s
Rendered 2974/3960, time remaining: 46s
Rendered 2975/3960, time remaining: 46s
Rendered 2976/3960, time remaining: 45s
Rendered 2977/3960, time remaining: 45s
Rendered 2978/3960, time remaining: 45s
Rendered 2979/3960, time remaining: 45s
Rendered 2980/3960, time remaining: 46s
Rendered 2981/3960, time remaining: 45s
Rendered 2982/3960, time remaining: 45s
Rendered 2983/3960, time remaining: 46s
Rendered 2984/3960, time remaining: 45s
Rendered 2985/3960, time remaining: 45s
Rendered 2986/3960, time remaining: 45s
Rendered 2987/3960, time remaining: 45s
Rendered 2988/3960, time remaining: 45s
Rendered 2989/3960, time remaining: 45s
Rendered 2990/3960, time remaining: 45s
Rendered 2991/3960, time remaining: 45s
Rendered 2992/3960, time remaining: 44s
Rendered 2993/3960, time remaining: 44s
Rendered 2994/3960, time remaining: 45s
Rendered 2995/3960, time remaining: 44s
Rendered 2996/3960, time remaining: 44s
Rendered 2997/3960, time remaining: 44s
Rendered 2998/3960, time remaining: 45s
Rendered 2999/3960, time remaining: 45s
Rendered 3000/3960, time remaining: 44s
Rendered 3001/3960, time remaining: 44s
Rendered 3002/3960, time remaining: 44s
Rendered 3003/3960, time remaining: 44s
Rendered 3004/3960, time remaining: 44s
Rendered 3005/3960, time remaining: 45s
Rendered 3006/3960, time remaining: 44s
Rendered 3007/3960, time remaining: 45s
Rendered 3008/3960, time remaining: 44s
Rendered 3009/3960, time remaining: 44s
Rendered 3010/3960, time remaining: 44s
Rendered 3011/3960, time remaining: 44s
Rendered 3012/3960, time remaining: 44s
Rendered 3013/3960, time remaining: 45s
Rendered 3014/3960, time remaining: 44s
Rendered 3015/3960, time remaining: 45s
Rendered 3016/3960, time remaining: 44s
Rendered 3017/3960, time remaining: 44s
Rendered 3018/3960, time remaining: 44s
Rendered 3019/3960, time remaining: 44s
Rendered 3020/3960, time remaining: 44s
Rendered 3021/3960, time remaining: 43s
Rendered 3022/3960, time remaining: 43s
Rendered 3023/3960, time remaining: 44s
Rendered 3024/3960, time remaining: 44s
Rendered 3025/3960, time remaining: 44s
Rendered 3026/3960, time remaining: 44s
Rendered 3027/3960, time remaining: 43s
Rendered 3028/3960, time remaining: 43s
Rendered 3029/3960, time remaining: 43s
Rendered 3030/3960, time remaining: 43s
Rendered 3031/3960, time remaining: 43s
Rendered 3032/3960, time remaining: 43s
Rendered 3033/3960, time remaining: 43s
Rendered 3034/3960, time remaining: 42s
Rendered 3035/3960, time remaining: 41s
Rendered 3036/3960, time remaining: 41s
Rendered 3037/3960, time remaining: 41s
Rendered 3038/3960, time remaining: 41s
Rendered 3039/3960, time remaining: 41s
Rendered 3040/3960, time remaining: 41s
Rendered 3041/3960, time remaining: 41s
Rendered 3042/3960, time remaining: 41s
Rendered 3043/3960, time remaining: 40s
Rendered 3044/3960, time remaining: 39s
Rendered 3045/3960, time remaining: 39s
Rendered 3046/3960, time remaining: 40s
Rendered 3047/3960, time remaining: 40s
Rendered 3048/3960, time remaining: 40s
Rendered 3049/3960, time remaining: 40s
Rendered 3050/3960, time remaining: 39s
Rendered 3051/3960, time remaining: 39s
Rendered 3052/3960, time remaining: 39s
Rendered 3053/3960, time remaining: 39s
Rendered 3054/3960, time remaining: 39s
Rendered 3055/3960, time remaining: 39s
Rendered 3056/3960, time remaining: 38s
Rendered 3057/3960, time remaining: 39s
Rendered 3058/3960, time remaining: 38s
Rendered 3059/3960, time remaining: 38s
Rendered 3060/3960, time remaining: 38s
Rendered 3061/3960, time remaining: 38s
Rendered 3062/3960, time remaining: 38s
Rendered 3063/3960, time remaining: 38s
Rendered 3064/3960, time remaining: 38s
Rendered 3065/3960, time remaining: 38s
Rendered 3066/3960, time remaining: 38s
Rendered 3067/3960, time remaining: 38s
Rendered 3068/3960, time remaining: 38s
Rendered 3069/3960, time remaining: 38s
Rendered 3070/3960, time remaining: 39s
Rendered 3071/3960, time remaining: 38s
Rendered 3072/3960, time remaining: 38s
Rendered 3073/3960, time remaining: 39s
Rendered 3074/3960, time remaining: 37s
Rendered 3075/3960, time remaining: 37s
Rendered 3076/3960, time remaining: 37s
Rendered 3077/3960, time remaining: 38s
Rendered 3078/3960, time remaining: 37s
Rendered 3079/3960, time remaining: 37s
Rendered 3080/3960, time remaining: 38s
Rendered 3081/3960, time remaining: 38s
Rendered 3082/3960, time remaining: 37s
Rendered 3083/3960, time remaining: 37s
Rendered 3084/3960, time remaining: 37s
Rendered 3085/3960, time remaining: 37s
Rendered 3086/3960, time remaining: 37s
Rendered 3087/3960, time remaining: 37s
Rendered 3088/3960, time remaining: 37s
Rendered 3089/3960, time remaining: 38s
Rendered 3090/3960, time remaining: 37s
Rendered 3091/3960, time remaining: 37s
Rendered 3092/3960, time remaining: 36s
Rendered 3093/3960, time remaining: 36s
Rendered 3094/3960, time remaining: 37s
Rendered 3095/3960, time remaining: 36s
Rendered 3096/3960, time remaining: 36s
Rendered 3097/3960, time remaining: 36s
Rendered 3098/3960, time remaining: 36s
Rendered 3099/3960, time remaining: 36s
Rendered 3100/3960, time remaining: 36s
Rendered 3101/3960, time remaining: 36s
Rendered 3102/3960, time remaining: 37s
Rendered 3103/3960, time remaining: 37s
Rendered 3104/3960, time remaining: 36s
Rendered 3105/3960, time remaining: 36s
Rendered 3106/3960, time remaining: 36s
Rendered 3107/3960, time remaining: 36s
Rendered 3108/3960, time remaining: 36s
Rendered 3109/3960, time remaining: 36s
Rendered 3110/3960, time remaining: 37s
Rendered 3111/3960, time remaining: 36s
Rendered 3112/3960, time remaining: 36s
Rendered 3113/3960, time remaining: 36s
Rendered 3114/3960, time remaining: 36s
Rendered 3115/3960, time remaining: 36s
Rendered 3116/3960, time remaining: 36s
Rendered 3117/3960, time remaining: 36s
Rendered 3118/3960, time remaining: 36s
Rendered 3119/3960, time remaining: 35s
Rendered 3120/3960, time remaining: 36s
Rendered 3121/3960, time remaining: 36s
Rendered 3122/3960, time remaining: 35s
Rendered 3123/3960, time remaining: 35s
Rendered 3124/3960, time remaining: 36s
Rendered 3125/3960, time remaining: 35s
Rendered 3126/3960, time remaining: 35s
Rendered 3127/3960, time remaining: 35s
Rendered 3128/3960, time remaining: 35s
Rendered 3129/3960, time remaining: 36s
Rendered 3130/3960, time remaining: 35s
Rendered 3131/3960, time remaining: 35s
Rendered 3132/3960, time remaining: 35s
Rendered 3133/3960, time remaining: 35s
Rendered 3134/3960, time remaining: 35s
Rendered 3135/3960, time remaining: 35s
Rendered 3136/3960, time remaining: 35s
Rendered 3137/3960, time remaining: 34s
Rendered 3138/3960, time remaining: 35s
Rendered 3139/3960, time remaining: 35s
Rendered 3140/3960, time remaining: 35s
Rendered 3141/3960, time remaining: 34s
Rendered 3142/3960, time remaining: 34s
Rendered 3143/3960, time remaining: 35s
Rendered 3144/3960, time remaining: 35s
Rendered 3145/3960, time remaining: 35s
Rendered 3146/3960, time remaining: 35s
Rendered 3147/3960, time remaining: 35s
Rendered 3148/3960, time remaining: 35s
Rendered 3149/3960, time remaining: 34s
Rendered 3150/3960, time remaining: 34s
Rendered 3151/3960, time remaining: 34s
Rendered 3152/3960, time remaining: 34s
Rendered 3153/3960, time remaining: 35s
Rendered 3154/3960, time remaining: 34s
Rendered 3155/3960, time remaining: 34s
Rendered 3156/3960, time remaining: 34s
Rendered 3157/3960, time remaining: 33s
Rendered 3158/3960, time remaining: 33s
Rendered 3159/3960, time remaining: 34s
Rendered 3160/3960, time remaining: 34s
Rendered 3161/3960, time remaining: 34s
Rendered 3162/3960, time remaining: 34s
Rendered 3163/3960, time remaining: 33s
Rendered 3164/3960, time remaining: 33s
Rendered 3165/3960, time remaining: 33s
Rendered 3166/3960, time remaining: 33s
Rendered 3167/3960, time remaining: 33s
Rendered 3168/3960, time remaining: 33s
Rendered 3169/3960, time remaining: 33s
Rendered 3170/3960, time remaining: 33s
Rendered 3171/3960, time remaining: 33s
Rendered 3172/3960, time remaining: 33s
Rendered 3173/3960, time remaining: 32s
Rendered 3174/3960, time remaining: 32s
Rendered 3175/3960, time remaining: 33s
Rendered 3176/3960, time remaining: 33s
Rendered 3177/3960, time remaining: 32s
Rendered 3178/3960, time remaining: 33s
Rendered 3179/3960, time remaining: 33s
Rendered 3180/3960, time remaining: 33s
Rendered 3181/3960, time remaining: 33s
Rendered 3182/3960, time remaining: 33s
Rendered 3183/3960, time remaining: 33s
Rendered 3184/3960, time remaining: 33s
Rendered 3185/3960, time remaining: 34s
Rendered 3186/3960, time remaining: 34s
Rendered 3187/3960, time remaining: 34s
Rendered 3188/3960, time remaining: 34s
Rendered 3189/3960, time remaining: 34s
Rendered 3190/3960, time remaining: 34s
Rendered 3191/3960, time remaining: 34s
Rendered 3192/3960, time remaining: 34s
Rendered 3193/3960, time remaining: 34s
Rendered 3194/3960, time remaining: 35s
Rendered 3195/3960, time remaining: 35s
Rendered 3196/3960, time remaining: 34s
Rendered 3197/3960, time remaining: 35s
Rendered 3198/3960, time remaining: 34s
Rendered 3199/3960, time remaining: 34s
Rendered 3200/3960, time remaining: 34s
Rendered 3201/3960, time remaining: 34s
Rendered 3202/3960, time remaining: 34s
Rendered 3203/3960, time remaining: 34s
Rendered 3204/3960, time remaining: 34s
Rendered 3205/3960, time remaining: 34s
Rendered 3206/3960, time remaining: 35s
Rendered 3207/3960, time remaining: 35s
Rendered 3208/3960, time remaining: 35s
Rendered 3209/3960, time remaining: 34s
Rendered 3210/3960, time remaining: 34s
Rendered 3211/3960, time remaining: 33s
Rendered 3212/3960, time remaining: 34s
Rendered 3213/3960, time remaining: 34s
Rendered 3214/3960, time remaining: 34s
Rendered 3215/3960, time remaining: 34s
Rendered 3216/3960, time remaining: 34s
Rendered 3217/3960, time remaining: 34s
Rendered 3218/3960, time remaining: 34s
Rendered 3219/3960, time remaining: 33s
Rendered 3220/3960, time remaining: 33s
Rendered 3221/3960, time remaining: 33s
Rendered 3222/3960, time remaining: 33s
Rendered 3223/3960, time remaining: 33s
Rendered 3224/3960, time remaining: 33s
Rendered 3225/3960, time remaining: 33s
Rendered 3226/3960, time remaining: 34s
Rendered 3227/3960, time remaining: 33s
Rendered 3228/3960, time remaining: 33s
Rendered 3229/3960, time remaining: 33s
Rendered 3230/3960, time remaining: 33s
Rendered 3231/3960, time remaining: 33s
Rendered 3232/3960, time remaining: 32s
Rendered 3233/3960, time remaining: 33s
Rendered 3234/3960, time remaining: 33s
Rendered 3235/3960, time remaining: 33s
Rendered 3236/3960, time remaining: 33s
Rendered 3237/3960, time remaining: 33s
Rendered 3238/3960, time remaining: 33s
Rendered 3239/3960, time remaining: 32s
Rendered 3240/3960, time remaining: 32s
Rendered 3241/3960, time remaining: 32s
Rendered 3242/3960, time remaining: 33s
Rendered 3243/3960, time remaining: 33s
Rendered 3244/3960, time remaining: 32s
Rendered 3245/3960, time remaining: 32s
Rendered 3246/3960, time remaining: 33s
Rendered 3247/3960, time remaining: 32s
Rendered 3248/3960, time remaining: 32s
Rendered 3249/3960, time remaining: 32s
Rendered 3250/3960, time remaining: 33s
Rendered 3251/3960, time remaining: 32s
Rendered 3252/3960, time remaining: 32s
Rendered 3253/3960, time remaining: 32s
Rendered 3254/3960, time remaining: 32s
Rendered 3255/3960, time remaining: 32s
Rendered 3256/3960, time remaining: 32s
Rendered 3257/3960, time remaining: 32s
Rendered 3258/3960, time remaining: 32s
Rendered 3259/3960, time remaining: 32s
Rendered 3260/3960, time remaining: 32s
Rendered 3261/3960, time remaining: 32s
Rendered 3262/3960, time remaining: 32s
Rendered 3263/3960, time remaining: 32s
Rendered 3264/3960, time remaining: 32s
Rendered 3265/3960, time remaining: 32s
Rendered 3266/3960, time remaining: 32s
Rendered 3267/3960, time remaining: 32s
Rendered 3268/3960, time remaining: 32s
Rendered 3269/3960, time remaining: 31s
Rendered 3270/3960, time remaining: 31s
Rendered 3271/3960, time remaining: 31s
Rendered 3272/3960, time remaining: 32s
Rendered 3273/3960, time remaining: 32s
Rendered 3274/3960, time remaining: 31s
Rendered 3275/3960, time remaining: 31s
Rendered 3276/3960, time remaining: 31s
Rendered 3277/3960, time remaining: 31s
Rendered 3278/3960, time remaining: 31s
Rendered 3279/3960, time remaining: 31s
Rendered 3280/3960, time remaining: 32s
Rendered 3281/3960, time remaining: 31s
Rendered 3282/3960, time remaining: 31s
Rendered 3283/3960, time remaining: 31s
Rendered 3284/3960, time remaining: 31s
Rendered 3285/3960, time remaining: 31s
Rendered 3286/3960, time remaining: 31s
Rendered 3287/3960, time remaining: 31s
Rendered 3288/3960, time remaining: 31s
Rendered 3289/3960, time remaining: 31s
Rendered 3290/3960, time remaining: 31s
Rendered 3291/3960, time remaining: 31s
Rendered 3292/3960, time remaining: 31s
Rendered 3293/3960, time remaining: 30s
Rendered 3294/3960, time remaining: 30s
Rendered 3295/3960, time remaining: 30s
Rendered 3296/3960, time remaining: 30s
Rendered 3297/3960, time remaining: 30s
Rendered 3298/3960, time remaining: 31s
Rendered 3299/3960, time remaining: 31s
Rendered 3300/3960, time remaining: 31s
Rendered 3301/3960, time remaining: 30s
Rendered 3302/3960, time remaining: 30s
Rendered 3303/3960, time remaining: 30s
Rendered 3304/3960, time remaining: 30s
Rendered 3305/3960, time remaining: 30s
Rendered 3306/3960, time remaining: 30s
Rendered 3307/3960, time remaining: 30s
Rendered 3308/3960, time remaining: 30s
Rendered 3309/3960, time remaining: 30s
Rendered 3310/3960, time remaining: 30s
Rendered 3311/3960, time remaining: 29s
Rendered 3312/3960, time remaining: 29s
Rendered 3313/3960, time remaining: 30s
Rendered 3314/3960, time remaining: 30s
Rendered 3315/3960, time remaining: 30s
Rendered 3316/3960, time remaining: 29s
Rendered 3317/3960, time remaining: 29s
Rendered 3318/3960, time remaining: 29s
Rendered 3319/3960, time remaining: 29s
Rendered 3320/3960, time remaining: 29s
Rendered 3321/3960, time remaining: 29s
Rendered 3322/3960, time remaining: 30s
Rendered 3323/3960, time remaining: 30s
Rendered 3324/3960, time remaining: 29s
Rendered 3325/3960, time remaining: 29s
Rendered 3326/3960, time remaining: 29s
Rendered 3327/3960, time remaining: 29s
Rendered 3328/3960, time remaining: 29s
Rendered 3329/3960, time remaining: 29s
Rendered 3330/3960, time remaining: 29s
Rendered 3331/3960, time remaining: 29s
Rendered 3332/3960, time remaining: 29s
Rendered 3333/3960, time remaining: 29s
Rendered 3334/3960, time remaining: 29s
Rendered 3335/3960, time remaining: 29s
Rendered 3336/3960, time remaining: 29s
Rendered 3337/3960, time remaining: 29s
Rendered 3338/3960, time remaining: 28s
Rendered 3339/3960, time remaining: 28s
Rendered 3340/3960, time remaining: 29s
Rendered 3341/3960, time remaining: 29s
Rendered 3342/3960, time remaining: 29s
Rendered 3343/3960, time remaining: 28s
Rendered 3344/3960, time remaining: 28s
Rendered 3345/3960, time remaining: 28s
Rendered 3346/3960, time remaining: 28s
Rendered 3347/3960, time remaining: 28s
Rendered 3348/3960, time remaining: 29s
Rendered 3349/3960, time remaining: 29s
Rendered 3350/3960, time remaining: 29s
Rendered 3351/3960, time remaining: 28s
Rendered 3352/3960, time remaining: 28s
Rendered 3353/3960, time remaining: 28s
Rendered 3354/3960, time remaining: 28s
Rendered 3355/3960, time remaining: 28s
Rendered 3356/3960, time remaining: 28s
Rendered 3357/3960, time remaining: 28s
Rendered 3358/3960, time remaining: 28s
Rendered 3359/3960, time remaining: 28s
Rendered 3360/3960, time remaining: 28s
Rendered 3361/3960, time remaining: 28s
Rendered 3362/3960, time remaining: 28s
Rendered 3363/3960, time remaining: 28s
Rendered 3364/3960, time remaining: 27s
Rendered 3365/3960, time remaining: 28s
Rendered 3366/3960, time remaining: 28s
Rendered 3367/3960, time remaining: 28s
Rendered 3368/3960, time remaining: 28s
Rendered 3369/3960, time remaining: 28s
Rendered 3370/3960, time remaining: 27s
Rendered 3371/3960, time remaining: 27s
Rendered 3372/3960, time remaining: 27s
Rendered 3373/3960, time remaining: 27s
Rendered 3374/3960, time remaining: 27s
Rendered 3375/3960, time remaining: 28s
Rendered 3376/3960, time remaining: 27s
Rendered 3377/3960, time remaining: 27s
Rendered 3378/3960, time remaining: 27s
Rendered 3379/3960, time remaining: 27s
Rendered 3380/3960, time remaining: 27s
Rendered 3381/3960, time remaining: 27s
Rendered 3382/3960, time remaining: 27s
Rendered 3383/3960, time remaining: 27s
Rendered 3384/3960, time remaining: 27s
Rendered 3385/3960, time remaining: 27s
Rendered 3386/3960, time remaining: 27s
Rendered 3387/3960, time remaining: 27s
Rendered 3388/3960, time remaining: 27s
Rendered 3389/3960, time remaining: 27s
Rendered 3390/3960, time remaining: 26s
Rendered 3391/3960, time remaining: 27s
Rendered 3392/3960, time remaining: 26s
Rendered 3393/3960, time remaining: 26s
Rendered 3394/3960, time remaining: 27s
Rendered 3395/3960, time remaining: 27s
Rendered 3396/3960, time remaining: 26s
Rendered 3397/3960, time remaining: 26s
Rendered 3398/3960, time remaining: 26s
Rendered 3399/3960, time remaining: 26s
Rendered 3400/3960, time remaining: 25s
Rendered 3401/3960, time remaining: 26s
Rendered 3402/3960, time remaining: 26s
Rendered 3403/3960, time remaining: 26s
Rendered 3404/3960, time remaining: 26s
Rendered 3405/3960, time remaining: 26s
Rendered 3406/3960, time remaining: 26s
Rendered 3407/3960, time remaining: 26s
Rendered 3408/3960, time remaining: 25s
Rendered 3409/3960, time remaining: 25s
Rendered 3410/3960, time remaining: 25s
Rendered 3411/3960, time remaining: 25s
Rendered 3412/3960, time remaining: 26s
Rendered 3413/3960, time remaining: 25s
Rendered 3414/3960, time remaining: 25s
Rendered 3415/3960, time remaining: 25s
Rendered 3416/3960, time remaining: 25s
Rendered 3417/3960, time remaining: 25s
Rendered 3418/3960, time remaining: 25s
Rendered 3419/3960, time remaining: 25s
Rendered 3420/3960, time remaining: 25s
Rendered 3421/3960, time remaining: 25s
Rendered 3422/3960, time remaining: 25s
Rendered 3423/3960, time remaining: 25s
Rendered 3424/3960, time remaining: 25s
Rendered 3425/3960, time remaining: 25s
Rendered 3426/3960, time remaining: 25s
Rendered 3427/3960, time remaining: 24s
Rendered 3428/3960, time remaining: 24s
Rendered 3429/3960, time remaining: 25s
Rendered 3430/3960, time remaining: 24s
Rendered 3431/3960, time remaining: 24s
Rendered 3432/3960, time remaining: 24s
Rendered 3433/3960, time remaining: 24s
Rendered 3434/3960, time remaining: 24s
Rendered 3435/3960, time remaining: 24s
Rendered 3436/3960, time remaining: 24s
Rendered 3437/3960, time remaining: 24s
Rendered 3438/3960, time remaining: 24s
Rendered 3439/3960, time remaining: 24s
Rendered 3440/3960, time remaining: 24s
Rendered 3441/3960, time remaining: 24s
Rendered 3442/3960, time remaining: 24s
Rendered 3443/3960, time remaining: 24s
Rendered 3444/3960, time remaining: 24s
Rendered 3445/3960, time remaining: 24s
Rendered 3446/3960, time remaining: 24s
Rendered 3447/3960, time remaining: 24s
Rendered 3448/3960, time remaining: 23s
Rendered 3449/3960, time remaining: 23s
Rendered 3450/3960, time remaining: 23s
Rendered 3451/3960, time remaining: 23s
Rendered 3452/3960, time remaining: 23s
Rendered 3453/3960, time remaining: 23s
Rendered 3454/3960, time remaining: 23s
Rendered 3455/3960, time remaining: 23s
Rendered 3456/3960, time remaining: 23s
Rendered 3457/3960, time remaining: 23s
Rendered 3458/3960, time remaining: 23s
Rendered 3459/3960, time remaining: 23s
Rendered 3460/3960, time remaining: 23s
Rendered 3461/3960, time remaining: 23s
Rendered 3462/3960, time remaining: 23s
Rendered 3463/3960, time remaining: 22s
Rendered 3464/3960, time remaining: 22s
Rendered 3465/3960, time remaining: 22s
Rendered 3466/3960, time remaining: 22s
Rendered 3467/3960, time remaining: 22s
Rendered 3468/3960, time remaining: 22s
Rendered 3469/3960, time remaining: 22s
Rendered 3470/3960, time remaining: 23s
Rendered 3471/3960, time remaining: 22s
Rendered 3472/3960, time remaining: 22s
Rendered 3473/3960, time remaining: 22s
Rendered 3474/3960, time remaining: 22s
Rendered 3475/3960, time remaining: 22s
Rendered 3476/3960, time remaining: 22s
Rendered 3477/3960, time remaining: 22s
Rendered 3478/3960, time remaining: 22s
Rendered 3479/3960, time remaining: 22s
Rendered 3480/3960, time remaining: 22s
Rendered 3481/3960, time remaining: 22s
Rendered 3482/3960, time remaining: 22s
Rendered 3483/3960, time remaining: 22s
Rendered 3484/3960, time remaining: 21s
Rendered 3485/3960, time remaining: 21s
Rendered 3486/3960, time remaining: 21s
Rendered 3487/3960, time remaining: 21s
Rendered 3488/3960, time remaining: 21s
Rendered 3489/3960, time remaining: 22s
Rendered 3490/3960, time remaining: 21s
Rendered 3491/3960, time remaining: 21s
Rendered 3492/3960, time remaining: 21s
Rendered 3493/3960, time remaining: 21s
Rendered 3494/3960, time remaining: 21s
Rendered 3495/3960, time remaining: 21s
Rendered 3496/3960, time remaining: 21s
Rendered 3497/3960, time remaining: 21s
Rendered 3498/3960, time remaining: 20s
Rendered 3499/3960, time remaining: 21s
Rendered 3500/3960, time remaining: 21s
Rendered 3501/3960, time remaining: 21s
Rendered 3502/3960, time remaining: 21s
Rendered 3503/3960, time remaining: 21s
Rendered 3504/3960, time remaining: 21s
Rendered 3505/3960, time remaining: 21s
Rendered 3506/3960, time remaining: 20s
Rendered 3507/3960, time remaining: 20s
Rendered 3508/3960, time remaining: 20s
Rendered 3509/3960, time remaining: 20s
Rendered 3510/3960, time remaining: 20s
Rendered 3511/3960, time remaining: 20s
Rendered 3512/3960, time remaining: 20s
Rendered 3513/3960, time remaining: 21s
Rendered 3514/3960, time remaining: 20s
Rendered 3515/3960, time remaining: 20s
Rendered 3516/3960, time remaining: 20s
Rendered 3517/3960, time remaining: 19s
Rendered 3518/3960, time remaining: 19s
Rendered 3519/3960, time remaining: 19s
Rendered 3520/3960, time remaining: 20s
Rendered 3521/3960, time remaining: 20s
Rendered 3522/3960, time remaining: 20s
Rendered 3523/3960, time remaining: 20s
Rendered 3524/3960, time remaining: 20s
Rendered 3525/3960, time remaining: 19s
Rendered 3526/3960, time remaining: 19s
Rendered 3527/3960, time remaining: 19s
Rendered 3528/3960, time remaining: 20s
Rendered 3529/3960, time remaining: 20s
Rendered 3530/3960, time remaining: 20s
Rendered 3531/3960, time remaining: 20s
Rendered 3532/3960, time remaining: 19s
Rendered 3533/3960, time remaining: 19s
Rendered 3534/3960, time remaining: 19s
Rendered 3535/3960, time remaining: 19s
Rendered 3536/3960, time remaining: 19s
Rendered 3537/3960, time remaining: 19s
Rendered 3538/3960, time remaining: 19s
Rendered 3539/3960, time remaining: 19s
Rendered 3540/3960, time remaining: 19s
Rendered 3541/3960, time remaining: 19s
Rendered 3542/3960, time remaining: 19s
Rendered 3543/3960, time remaining: 19s
Rendered 3544/3960, time remaining: 19s
Rendered 3545/3960, time remaining: 19s
Rendered 3546/3960, time remaining: 19s
Rendered 3547/3960, time remaining: 19s
Rendered 3548/3960, time remaining: 19s
Rendered 3549/3960, time remaining: 19s
Rendered 3550/3960, time remaining: 19s
Rendered 3551/3960, time remaining: 18s
Rendered 3552/3960, time remaining: 18s
Rendered 3553/3960, time remaining: 18s
Rendered 3554/3960, time remaining: 18s
Rendered 3555/3960, time remaining: 18s
Rendered 3556/3960, time remaining: 18s
Rendered 3557/3960, time remaining: 18s
Rendered 3558/3960, time remaining: 18s
Rendered 3559/3960, time remaining: 18s
Rendered 3560/3960, time remaining: 18s
Rendered 3561/3960, time remaining: 18s
Rendered 3562/3960, time remaining: 18s
Rendered 3563/3960, time remaining: 18s
Rendered 3564/3960, time remaining: 18s
Rendered 3565/3960, time remaining: 18s
Rendered 3566/3960, time remaining: 17s
Rendered 3567/3960, time remaining: 17s
Rendered 3568/3960, time remaining: 18s
Rendered 3569/3960, time remaining: 18s
Rendered 3570/3960, time remaining: 18s
Rendered 3571/3960, time remaining: 18s
Rendered 3572/3960, time remaining: 17s
Rendered 3573/3960, time remaining: 17s
Rendered 3574/3960, time remaining: 17s
Rendered 3575/3960, time remaining: 17s
Rendered 3576/3960, time remaining: 18s
Rendered 3577/3960, time remaining: 17s
Rendered 3578/3960, time remaining: 17s
Rendered 3579/3960, time remaining: 17s
Rendered 3580/3960, time remaining: 17s
Rendered 3581/3960, time remaining: 17s
Rendered 3582/3960, time remaining: 17s
Rendered 3583/3960, time remaining: 17s
Rendered 3584/3960, time remaining: 17s
Rendered 3585/3960, time remaining: 17s
Rendered 3586/3960, time remaining: 17s
Rendered 3587/3960, time remaining: 17s
Rendered 3588/3960, time remaining: 17s
Rendered 3589/3960, time remaining: 17s
Rendered 3590/3960, time remaining: 16s
Rendered 3591/3960, time remaining: 17s
Rendered 3592/3960, time remaining: 17s
Rendered 3593/3960, time remaining: 17s
Rendered 3594/3960, time remaining: 17s
Rendered 3595/3960, time remaining: 16s
Rendered 3596/3960, time remaining: 16s
Rendered 3597/3960, time remaining: 16s
Rendered 3598/3960, time remaining: 16s
Rendered 3599/3960, time remaining: 16s
Rendered 3600/3960, time remaining: 16s
Rendered 3601/3960, time remaining: 16s
Rendered 3602/3960, time remaining: 16s
Rendered 3603/3960, time remaining: 16s
Rendered 3604/3960, time remaining: 16s
Rendered 3605/3960, time remaining: 16s
Rendered 3606/3960, time remaining: 16s
Rendered 3607/3960, time remaining: 16s
Rendered 3608/3960, time remaining: 16s
Rendered 3609/3960, time remaining: 16s
Rendered 3610/3960, time remaining: 16s
Rendered 3611/3960, time remaining: 16s
Rendered 3612/3960, time remaining: 16s
Rendered 3613/3960, time remaining: 16s
Rendered 3614/3960, time remaining: 16s
Rendered 3615/3960, time remaining: 16s
Rendered 3616/3960, time remaining: 16s
Rendered 3617/3960, time remaining: 16s
Rendered 3618/3960, time remaining: 16s
Rendered 3619/3960, time remaining: 16s
Rendered 3620/3960, time remaining: 15s
Rendered 3621/3960, time remaining: 15s
Rendered 3622/3960, time remaining: 16s
Rendered 3623/3960, time remaining: 15s
Rendered 3624/3960, time remaining: 15s
Rendered 3625/3960, time remaining: 15s
Rendered 3626/3960, time remaining: 15s
Rendered 3627/3960, time remaining: 15s
Rendered 3628/3960, time remaining: 15s
Rendered 3629/3960, time remaining: 15s
Rendered 3630/3960, time remaining: 15s
Rendered 3631/3960, time remaining: 15s
Rendered 3632/3960, time remaining: 15s
Rendered 3633/3960, time remaining: 15s
Rendered 3634/3960, time remaining: 15s
Rendered 3635/3960, time remaining: 15s
Rendered 3636/3960, time remaining: 15s
Rendered 3637/3960, time remaining: 15s
Rendered 3638/3960, time remaining: 15s
Rendered 3639/3960, time remaining: 15s
Rendered 3640/3960, time remaining: 14s
Rendered 3641/3960, time remaining: 14s
Rendered 3642/3960, time remaining: 15s
Rendered 3643/3960, time remaining: 14s
Rendered 3644/3960, time remaining: 14s
Rendered 3645/3960, time remaining: 14s
Rendered 3646/3960, time remaining: 14s
Rendered 3647/3960, time remaining: 14s
Rendered 3648/3960, time remaining: 14s
Rendered 3649/3960, time remaining: 14s
Rendered 3650/3960, time remaining: 14s
Rendered 3651/3960, time remaining: 14s
Rendered 3652/3960, time remaining: 14s
Rendered 3653/3960, time remaining: 14s
Rendered 3654/3960, time remaining: 14s
Rendered 3655/3960, time remaining: 14s
Rendered 3656/3960, time remaining: 14s
Rendered 3657/3960, time remaining: 14s
Rendered 3658/3960, time remaining: 14s
Rendered 3659/3960, time remaining: 14s
Rendered 3660/3960, time remaining: 14s
Rendered 3661/3960, time remaining: 14s
Rendered 3662/3960, time remaining: 14s
Rendered 3663/3960, time remaining: 13s
Rendered 3664/3960, time remaining: 14s
Rendered 3665/3960, time remaining: 13s
Rendered 3666/3960, time remaining: 14s
Rendered 3667/3960, time remaining: 14s
Rendered 3668/3960, time remaining: 14s
Rendered 3669/3960, time remaining: 13s
Rendered 3670/3960, time remaining: 13s
Rendered 3671/3960, time remaining: 13s
Rendered 3672/3960, time remaining: 13s
Rendered 3673/3960, time remaining: 13s
Rendered 3674/3960, time remaining: 13s
Rendered 3675/3960, time remaining: 13s
Rendered 3676/3960, time remaining: 13s
Rendered 3677/3960, time remaining: 13s
Rendered 3678/3960, time remaining: 13s
Rendered 3679/3960, time remaining: 13s
Rendered 3680/3960, time remaining: 13s
Rendered 3681/3960, time remaining: 13s
Rendered 3682/3960, time remaining: 13s
Rendered 3683/3960, time remaining: 13s
Rendered 3684/3960, time remaining: 13s
Rendered 3685/3960, time remaining: 13s
Rendered 3686/3960, time remaining: 13s
Rendered 3687/3960, time remaining: 12s
Rendered 3688/3960, time remaining: 12s
Rendered 3689/3960, time remaining: 12s
Rendered 3690/3960, time remaining: 12s
Rendered 3691/3960, time remaining: 13s
Rendered 3692/3960, time remaining: 12s
Rendered 3693/3960, time remaining: 12s
Rendered 3694/3960, time remaining: 12s
Rendered 3695/3960, time remaining: 12s
Rendered 3696/3960, time remaining: 12s
Rendered 3697/3960, time remaining: 12s
Rendered 3698/3960, time remaining: 12s
Rendered 3699/3960, time remaining: 12s
Rendered 3700/3960, time remaining: 12s
Rendered 3701/3960, time remaining: 12s
Rendered 3702/3960, time remaining: 12s
Rendered 3703/3960, time remaining: 12s
Rendered 3704/3960, time remaining: 11s
Rendered 3705/3960, time remaining: 12s
Rendered 3706/3960, time remaining: 12s
Rendered 3707/3960, time remaining: 12s
Rendered 3708/3960, time remaining: 12s
Rendered 3709/3960, time remaining: 12s
Rendered 3710/3960, time remaining: 11s
Rendered 3711/3960, time remaining: 11s
Rendered 3712/3960, time remaining: 11s
Rendered 3713/3960, time remaining: 11s
Rendered 3714/3960, time remaining: 12s
Rendered 3715/3960, time remaining: 11s
Rendered 3716/3960, time remaining: 11s
Rendered 3717/3960, time remaining: 11s
Rendered 3718/3960, time remaining: 11s
Rendered 3719/3960, time remaining: 11s
Rendered 3720/3960, time remaining: 11s
Rendered 3721/3960, time remaining: 11s
Rendered 3722/3960, time remaining: 11s
Rendered 3723/3960, time remaining: 11s
Rendered 3724/3960, time remaining: 11s
Rendered 3725/3960, time remaining: 11s
Rendered 3726/3960, time remaining: 11s
Rendered 3727/3960, time remaining: 11s
Rendered 3728/3960, time remaining: 11s
Rendered 3729/3960, time remaining: 11s
Rendered 3730/3960, time remaining: 11s
Rendered 3731/3960, time remaining: 11s
Rendered 3732/3960, time remaining: 11s
Rendered 3733/3960, time remaining: 10s
Rendered 3734/3960, time remaining: 10s
Rendered 3735/3960, time remaining: 10s
Rendered 3736/3960, time remaining: 10s
Rendered 3737/3960, time remaining: 10s
Rendered 3738/3960, time remaining: 10s
Rendered 3739/3960, time remaining: 10s
Rendered 3740/3960, time remaining: 10s
Rendered 3741/3960, time remaining: 10s
Rendered 3742/3960, time remaining: 10s
Rendered 3743/3960, time remaining: 10s
Rendered 3744/3960, time remaining: 10s
Rendered 3745/3960, time remaining: 10s
Rendered 3746/3960, time remaining: 10s
Rendered 3747/3960, time remaining: 10s
Rendered 3748/3960, time remaining: 10s
Rendered 3749/3960, time remaining: 10s
Rendered 3750/3960, time remaining: 10s
Rendered 3751/3960, time remaining: 10s
Rendered 3752/3960, time remaining: 9s
Rendered 3753/3960, time remaining: 10s
Rendered 3754/3960, time remaining: 10s
Rendered 3755/3960, time remaining: 9s
Rendered 3756/3960, time remaining: 9s
Rendered 3757/3960, time remaining: 9s
Rendered 3758/3960, time remaining: 9s
Rendered 3759/3960, time remaining: 9s
Rendered 3760/3960, time remaining: 9s
Rendered 3761/3960, time remaining: 9s
Rendered 3762/3960, time remaining: 9s
Rendered 3763/3960, time remaining: 9s
Rendered 3764/3960, time remaining: 9s
Rendered 3765/3960, time remaining: 9s
Rendered 3766/3960, time remaining: 9s
Rendered 3767/3960, time remaining: 9s
Rendered 3768/3960, time remaining: 9s
Rendered 3769/3960, time remaining: 9s
Rendered 3770/3960, time remaining: 9s
Rendered 3771/3960, time remaining: 9s
Rendered 3772/3960, time remaining: 8s
Rendered 3773/3960, time remaining: 8s
Rendered 3774/3960, time remaining: 9s
Rendered 3775/3960, time remaining: 8s
Rendered 3776/3960, time remaining: 8s
Rendered 3777/3960, time remaining: 8s
Rendered 3778/3960, time remaining: 8s
Rendered 3779/3960, time remaining: 8s
Rendered 3780/3960, time remaining: 8s
Rendered 3781/3960, time remaining: 8s
Rendered 3782/3960, time remaining: 8s
Rendered 3783/3960, time remaining: 8s
Rendered 3784/3960, time remaining: 8s
Rendered 3785/3960, time remaining: 8s
Rendered 3786/3960, time remaining: 8s
Rendered 3787/3960, time remaining: 8s
Rendered 3788/3960, time remaining: 8s
Rendered 3789/3960, time remaining: 8s
Rendered 3790/3960, time remaining: 8s
Rendered 3791/3960, time remaining: 8s
Rendered 3792/3960, time remaining: 8s
Rendered 3793/3960, time remaining: 7s
Rendered 3794/3960, time remaining: 7s
Rendered 3795/3960, time remaining: 7s
Rendered 3796/3960, time remaining: 7s
Rendered 3797/3960, time remaining: 7s
Rendered 3798/3960, time remaining: 7s
Rendered 3799/3960, time remaining: 7s
Rendered 3800/3960, time remaining: 7s
Rendered 3801/3960, time remaining: 7s
Rendered 3802/3960, time remaining: 7s
Rendered 3803/3960, time remaining: 7s
Rendered 3804/3960, time remaining: 7s
Rendered 3805/3960, time remaining: 7s
Rendered 3806/3960, time remaining: 7s
Rendered 3807/3960, time remaining: 7s
Rendered 3808/3960, time remaining: 7s
Rendered 3809/3960, time remaining: 7s
Rendered 3810/3960, time remaining: 7s
Rendered 3811/3960, time remaining: 7s
Rendered 3812/3960, time remaining: 7s
Rendered 3813/3960, time remaining: 7s
Rendered 3814/3960, time remaining: 6s
Rendered 3815/3960, time remaining: 6s
Rendered 3816/3960, time remaining: 6s
Rendered 3817/3960, time remaining: 6s
Rendered 3818/3960, time remaining: 6s
Rendered 3819/3960, time remaining: 6s
Rendered 3820/3960, time remaining: 6s
Rendered 3821/3960, time remaining: 6s
Rendered 3822/3960, time remaining: 6s
Rendered 3823/3960, time remaining: 6s
Rendered 3824/3960, time remaining: 6s
Rendered 3825/3960, time remaining: 6s
Rendered 3826/3960, time remaining: 6s
Rendered 3827/3960, time remaining: 6s
Rendered 3828/3960, time remaining: 6s
Rendered 3829/3960, time remaining: 6s
Rendered 3830/3960, time remaining: 6s
Rendered 3831/3960, time remaining: 6s
Rendered 3832/3960, time remaining: 6s
Rendered 3833/3960, time remaining: 6s
Rendered 3834/3960, time remaining: 5s
Rendered 3835/3960, time remaining: 5s
Rendered 3836/3960, time remaining: 5s
Rendered 3837/3960, time remaining: 5s
Rendered 3838/3960, time remaining: 5s
Rendered 3839/3960, time remaining: 5s
Rendered 3840/3960, time remaining: 5s
Rendered 3841/3960, time remaining: 5s
Rendered 3842/3960, time remaining: 5s
Rendered 3843/3960, time remaining: 5s
Rendered 3844/3960, time remaining: 5s
Rendered 3845/3960, time remaining: 5s
Rendered 3846/3960, time remaining: 5s
Rendered 3847/3960, time remaining: 5s
Rendered 3848/3960, time remaining: 5s
Rendered 3849/3960, time remaining: 5s
Rendered 3850/3960, time remaining: 5s
Rendered 3851/3960, time remaining: 5s
Rendered 3852/3960, time remaining: 5s
Rendered 3853/3960, time remaining: 5s
Rendered 3854/3960, time remaining: 5s
Rendered 3855/3960, time remaining: 5s
Rendered 3856/3960, time remaining: 4s
Rendered 3857/3960, time remaining: 4s
Rendered 3858/3960, time remaining: 4s
Rendered 3859/3960, time remaining: 4s
Rendered 3860/3960, time remaining: 4s
Rendered 3861/3960, time remaining: 4s
Rendered 3862/3960, time remaining: 4s
Rendered 3863/3960, time remaining: 4s
Rendered 3864/3960, time remaining: 4s
Rendered 3865/3960, time remaining: 4s
Rendered 3866/3960, time remaining: 4s
Rendered 3867/3960, time remaining: 4s
Rendered 3868/3960, time remaining: 4s
Rendered 3869/3960, time remaining: 4s
Rendered 3870/3960, time remaining: 4s
Rendered 3871/3960, time remaining: 4s
Rendered 3872/3960, time remaining: 4s
Rendered 3873/3960, time remaining: 4s
Rendered 3874/3960, time remaining: 4s
Rendered 3875/3960, time remaining: 4s
Rendered 3876/3960, time remaining: 4s
Rendered 3877/3960, time remaining: 4s
Rendered 3878/3960, time remaining: 3s
Rendered 3879/3960, time remaining: 3s
Rendered 3880/3960, time remaining: 3s
Rendered 3881/3960, time remaining: 3s
Rendered 3882/3960, time remaining: 3s
Rendered 3883/3960, time remaining: 3s
Rendered 3884/3960, time remaining: 3s
Rendered 3885/3960, time remaining: 3s
Rendered 3886/3960, time remaining: 3s
Rendered 3887/3960, time remaining: 3s
Rendered 3888/3960, time remaining: 3s
Rendered 3889/3960, time remaining: 3s
Rendered 3890/3960, time remaining: 3s
Rendered 3891/3960, time remaining: 3s
Rendered 3892/3960, time remaining: 3s
Rendered 3893/3960, time remaining: 3s
Rendered 3894/3960, time remaining: 3s
Rendered 3895/3960, time remaining: 3s
Rendered 3896/3960, time remaining: 3s
Rendered 3897/3960, time remaining: 3s
Rendered 3898/3960, time remaining: 3s
Rendered 3899/3960, time remaining: 2s
Rendered 3900/3960, time remaining: 2s
Rendered 3901/3960, time remaining: 2s
Rendered 3902/3960, time remaining: 2s
Rendered 3903/3960, time remaining: 2s
Rendered 3904/3960, time remaining: 2s
Rendered 3905/3960, time remaining: 2s
Rendered 3906/3960, time remaining: 2s
Rendered 3907/3960, time remaining: 2s
Rendered 3908/3960, time remaining: 2s
Rendered 3909/3960, time remaining: 2s
Rendered 3910/3960, time remaining: 2s
Rendered 3911/3960, time remaining: 2s
Rendered 3912/3960, time remaining: 2s
Rendered 3913/3960, time remaining: 2s
Rendered 3914/3960, time remaining: 2s
Rendered 3915/3960, time remaining: 2s
Rendered 3916/3960, time remaining: 2s
Rendered 3917/3960, time remaining: 2s
Rendered 3918/3960, time remaining: 2s
Rendered 3919/3960, time remaining: 2s
Rendered 3920/3960, time remaining: 1s
Rendered 3921/3960, time remaining: 1s
Rendered 3922/3960, time remaining: 1s
Rendered 3923/3960, time remaining: 1s
Rendered 3924/3960, time remaining: 1s
Rendered 3925/3960, time remaining: 1s
Rendered 3926/3960, time remaining: 1s
Rendered 3927/3960, time remaining: 1s
Rendered 3928/3960, time remaining: 1s
Rendered 3929/3960, time remaining: 1s
Rendered 3930/3960, time remaining: 1s
Rendered 3931/3960, time remaining: 1s
Rendered 3932/3960, time remaining: 1s
Rendered 3933/3960, time remaining: 1s
Rendered 3934/3960, time remaining: 1s
Rendered 3935/3960, time remaining: 1s
Rendered 3936/3960, time remaining: 1s
Rendered 3937/3960, time remaining: 1s
Rendered 3938/3960, time remaining: 1s
Rendered 3939/3960, time remaining: 0s
Rendered 3940/3960, time remaining: 0s
Rendered 3941/3960, time remaining: 0s
Rendered 3942/3960, time remaining: 0s
Rendered 3943/3960, time remaining: 0s
Rendered 3944/3960, time remaining: 0s
Rendered 3945/3960, time remaining: 0s
Rendered 3946/3960, time remaining: 0s
Rendered 3947/3960, time remaining: 0s
Rendered 3948/3960, time remaining: 0s
Rendered 3949/3960, time remaining: 0s
Rendered 3950/3960, time remaining: 0s
Rendered 3951/3960, time remaining: 0s
Rendered 3952/3960, time remaining: 0s
Rendered 3953/3960, time remaining: 0s
Rendered 3954/3960, time remaining: 0s
Rendered 3955/3960, time remaining: 0s
Rendered 3956/3960, time remaining: 0s
Rendered 3957/3960, time remaining: 0s
Rendered 3958/3960, time remaining: 0s
Rendered 3959/3960, time remaining: 0s
Rendered 3960/3960
Encoded 66/3960
Encoded 144/3960
Encoded 211/3960
Encoded 292/3960
Encoded 372/3960
Encoded 459/3960
Encoded 526/3960
Encoded 602/3960
Encoded 674/3960
Encoded 755/3960
Encoded 832/3960
Encoded 916/3960
Encoded 991/3960
Encoded 1070/3960
Encoded 1153/3960
Encoded 1228/3960
Encoded 1314/3960
Encoded 1400/3960
Encoded 1486/3960
Encoded 1564/3960
Encoded 1651/3960
Encoded 1726/3960
Encoded 1800/3960
Encoded 1879/3960
Encoded 1947/3960
Encoded 2027/3960
Encoded 2102/3960
Encoded 2175/3960
Encoded 2254/3960
Encoded 2330/3960
Encoded 2411/3960
Encoded 2485/3960
Encoded 2555/3960
Encoded 2642/3960
Encoded 2720/3960
Encoded 2799/3960
Encoded 2870/3960
Encoded 2949/3960
Encoded 3021/3960
Encoded 3088/3960
Encoded 3164/3960
Encoded 3232/3960
Encoded 3307/3960
Encoded 3376/3960
Encoded 3456/3960
Encoded 3535/3960
Encoded 3622/3960
Encoded 3701/3960
Encoded 3783/3960
Encoded 3856/3960
Encoded 3960/3960
+                    ../projects/import-china-india-te/renders/ch06.mp4 16.6 MB
