Bundling 6%
Bundling 16%
Bundling 65%
Bundling 70%
Bundling 75%
Bundling 80%
Bundling 85%
Bundling 91%
Bundling 98%
Bundling 100%
Getting composition
Composition          Explainer
Codec                h264
Output               ../projects/import-china-india-te/renders/ch01.mp4
Concurrency          8x
Rendered 0/5713
Rendered 1/5713, time remaining: 1h 17m 40s
Rendered 2/5713, time remaining: 39m 4s
Rendered 3/5713, time remaining: 26m 4s
Rendered 4/5713, time remaining: 19m 33s
Rendered 5/5713, time remaining: 15m 38s
Rendered 6/5713, time remaining: 13m 8s
Rendered 7/5713, time remaining: 11m 21s
Rendered 8/5713, time remaining: 10m 56s
Rendered 9/5713, time remaining: 11m 19s
Rendered 10/5713, time remaining: 10m 14s
Rendered 11/5713, time remaining: 9m 19s
Rendered 12/5713, time remaining: 8m 38s
Rendered 13/5713, time remaining: 8m 13s
Rendered 14/5713, time remaining: 8m 13s
Rendered 15/5713, time remaining: 7m 41s
Rendered 16/5713, time remaining: 7m 12s
Rendered 17/5713, time remaining: 7m 2s
Rendered 18/5713, time remaining: 6m 39s
Rendered 19/5713, time remaining: 6m 21s
Rendered 20/5713, time remaining: 6m 45s
Rendered 21/5713, time remaining: 6m 36s
Rendered 22/5713, time remaining: 6m 18s
Rendered 23/5713, time remaining: 6m 4s
Rendered 24/5713, time remaining: 5m 49s
Rendered 25/5713, time remaining: 5m 35s
Rendered 26/5713, time remaining: 5m 39s
Rendered 27/5713, time remaining: 5m 29s
Rendered 28/5713, time remaining: 5m 38s
Rendered 29/5713, time remaining: 5m 31s
Rendered 30/5713, time remaining: 5m 27s
Rendered 31/5713, time remaining: 5m 16s
Rendered 32/5713, time remaining: 5m 7s
Rendered 33/5713, time remaining: 5m 0s
Rendered 34/5713, time remaining: 5m 5s
Rendered 35/5713, time remaining: 4m 56s
Rendered 36/5713, time remaining: 4m 58s
Rendered 37/5713, time remaining: 4m 52s
Rendered 38/5713, time remaining: 4m 55s
Rendered 39/5713, time remaining: 4m 48s
Rendered 40/5713, time remaining: 4m 40s
Rendered 41/5713, time remaining: 4m 44s
Rendered 42/5713, time remaining: 4m 38s
Rendered 43/5713, time remaining: 4m 31s
Rendered 44/5713, time remaining: 4m 35s
Rendered 45/5713, time remaining: 4m 29s
Rendered 46/5713, time remaining: 4m 23s
Rendered 47/5713, time remaining: 4m 27s
Rendered 48/5713, time remaining: 4m 22s
Rendered 49/5713, time remaining: 4m 25s
Rendered 50/5713, time remaining: 4m 21s
Rendered 51/5713, time remaining: 4m 16s
Rendered 52/5713, time remaining: 4m 18s
Rendered 53/5713, time remaining: 4m 13s
Rendered 54/5713, time remaining: 4m 9s
Rendered 55/5713, time remaining: 4m 13s
Rendered 56/5713, time remaining: 4m 8s
Rendered 57/5713, time remaining: 4m 4s
Rendered 58/5713, time remaining: 4m 0s
Rendered 59/5713, time remaining: 4m 6s
Rendered 60/5713, time remaining: 4m 2s
Rendered 61/5713, time remaining: 4m 3s
Rendered 62/5713, time remaining: 4m 0s
Rendered 63/5713, time remaining: 4m 1s
Rendered 64/5713, time remaining: 4m 3s
Rendered 65/5713, time remaining: 4m 0s
Rendered 66/5713, time remaining: 3m 57s
Rendered 67/5713, time remaining: 3m 53s
Rendered 68/5713, time remaining: 3m 50s
Rendered 69/5713, time remaining: 3m 48s
Rendered 70/5713, time remaining: 3m 51s
Rendered 71/5713, time remaining: 3m 47s
Rendered 72/5713, time remaining: 3m 52s
Rendered 73/5713, time remaining: 3m 50s
Rendered 74/5713, time remaining: 3m 47s
Rendered 75/5713, time remaining: 3m 49s
Rendered 76/5713, time remaining: 3m 46s
Rendered 77/5713, time remaining: 3m 46s
Rendered 78/5713, time remaining: 3m 44s
Rendered 79/5713, time remaining: 3m 45s
Rendered 80/5713, time remaining: 3m 48s
Rendered 81/5713, time remaining: 3m 46s
Rendered 82/5713, time remaining: 3m 43s
Rendered 83/5713, time remaining: 3m 40s
Rendered 84/5713, time remaining: 3m 38s
Rendered 85/5713, time remaining: 3m 36s
Rendered 86/5713, time remaining: 3m 44s
Rendered 87/5713, time remaining: 3m 42s
Rendered 88/5713, time remaining: 3m 40s
Rendered 89/5713, time remaining: 3m 37s
Rendered 90/5713, time remaining: 3m 36s
Rendered 91/5713, time remaining: 3m 34s
Rendered 92/5713, time remaining: 3m 33s
Rendered 93/5713, time remaining: 3m 34s
Rendered 94/5713, time remaining: 3m 39s
Rendered 95/5713, time remaining: 3m 37s
Rendered 96/5713, time remaining: 3m 37s
Rendered 97/5713, time remaining: 3m 35s
Rendered 98/5713, time remaining: 3m 33s
Rendered 99/5713, time remaining: 3m 31s
Rendered 100/5713, time remaining: 3m 29s
Rendered 101/5713, time remaining: 3m 28s
Rendered 102/5713, time remaining: 3m 35s
Rendered 103/5713, time remaining: 3m 33s
Rendered 104/5713, time remaining: 3m 31s
Rendered 105/5713, time remaining: 3m 31s
Rendered 106/5713, time remaining: 3m 29s
Rendered 107/5713, time remaining: 3m 28s
Rendered 108/5713, time remaining: 3m 29s
Rendered 109/5713, time remaining: 3m 27s
Rendered 110/5713, time remaining: 3m 27s
Rendered 111/5713, time remaining: 3m 25s
Rendered 112/5713, time remaining: 3m 24s
Rendered 113/5713, time remaining: 3m 28s
Rendered 114/5713, time remaining: 3m 26s
Rendered 115/5713, time remaining: 3m 25s
Rendered 116/5713, time remaining: 3m 24s
Rendered 117/5713, time remaining: 3m 23s
Rendered 118/5713, time remaining: 3m 23s
Rendered 119/5713, time remaining: 3m 26s
Rendered 120/5713, time remaining: 3m 24s
Rendered 121/5713, time remaining: 3m 22s
Rendered 122/5713, time remaining: 3m 23s
Rendered 123/5713, time remaining: 3m 21s
Rendered 124/5713, time remaining: 3m 20s
Rendered 125/5713, time remaining: 3m 19s
Rendered 126/5713, time remaining: 3m 21s
Rendered 127/5713, time remaining: 3m 20s
Rendered 128/5713, time remaining: 3m 20s
Rendered 129/5713, time remaining: 3m 19s
Rendered 130/5713, time remaining: 3m 23s
Rendered 131/5713, time remaining: 3m 22s
Rendered 132/5713, time remaining: 3m 20s
Rendered 133/5713, time remaining: 3m 19s
Rendered 134/5713, time remaining: 3m 17s
Rendered 135/5713, time remaining: 3m 16s
Rendered 136/5713, time remaining: 3m 19s
Rendered 137/5713, time remaining: 3m 18s
Rendered 138/5713, time remaining: 3m 20s
Rendered 139/5713, time remaining: 3m 18s
Rendered 140/5713, time remaining: 3m 17s
Rendered 141/5713, time remaining: 3m 15s
Rendered 142/5713, time remaining: 3m 15s
Rendered 143/5713, time remaining: 3m 20s
Rendered 144/5713, time remaining: 3m 18s
Rendered 145/5713, time remaining: 3m 17s
Rendered 146/5713, time remaining: 3m 16s
Rendered 147/5713, time remaining: 3m 15s
Rendered 148/5713, time remaining: 3m 16s
Rendered 149/5713, time remaining: 3m 15s
Rendered 150/5713, time remaining: 3m 14s
Rendered 151/5713, time remaining: 2m 49s
Rendered 152/5713, time remaining: 2m 49s
Rendered 153/5713, time remaining: 2m 49s
Rendered 154/5713, time remaining: 2m 50s
Rendered 155/5713, time remaining: 2m 50s
Rendered 156/5713, time remaining: 2m 51s
Rendered 157/5713, time remaining: 2m 52s
Rendered 158/5713, time remaining: 2m 49s
Rendered 159/5713, time remaining: 2m 47s
Rendered 160/5713, time remaining: 2m 47s
Rendered 161/5713, time remaining: 2m 47s
Rendered 162/5713, time remaining: 2m 49s
Rendered 163/5713, time remaining: 2m 48s
Rendered 164/5713, time remaining: 2m 45s
Rendered 165/5713, time remaining: 2m 45s
Rendered 166/5713, time remaining: 2m 48s
Rendered 167/5713, time remaining: 2m 47s
Rendered 168/5713, time remaining: 2m 49s
Rendered 169/5713, time remaining: 2m 49s
Rendered 170/5713, time remaining: 2m 44s
Rendered 171/5713, time remaining: 2m 45s
Rendered 172/5713, time remaining: 2m 47s
Rendered 173/5713, time remaining: 2m 47s
Rendered 174/5713, time remaining: 2m 47s
Rendered 175/5713, time remaining: 2m 47s
Rendered 176/5713, time remaining: 2m 46s
Rendered 177/5713, time remaining: 2m 46s
Rendered 178/5713, time remaining: 2m 43s
Rendered 179/5713, time remaining: 2m 44s
Rendered 180/5713, time remaining: 2m 44s
Rendered 181/5713, time remaining: 2m 44s
Rendered 182/5713, time remaining: 2m 46s
Rendered 183/5713, time remaining: 2m 46s
Rendered 184/5713, time remaining: 2m 47s
Rendered 185/5713, time remaining: 2m 47s
Rendered 186/5713, time remaining: 2m 45s
Rendered 187/5713, time remaining: 2m 44s
Rendered 188/5713, time remaining: 2m 42s
Rendered 189/5713, time remaining: 2m 42s
Rendered 190/5713, time remaining: 2m 44s
Rendered 191/5713, time remaining: 2m 41s
Rendered 192/5713, time remaining: 2m 46s
Rendered 193/5713, time remaining: 2m 46s
Rendered 194/5713, time remaining: 2m 44s
Rendered 195/5713, time remaining: 2m 44s
Rendered 196/5713, time remaining: 2m 44s
Rendered 197/5713, time remaining: 2m 46s
Rendered 198/5713, time remaining: 2m 46s
Rendered 199/5713, time remaining: 2m 43s
Rendered 200/5713, time remaining: 2m 45s
Rendered 201/5713, time remaining: 2m 45s
Rendered 202/5713, time remaining: 2m 43s
Rendered 203/5713, time remaining: 2m 43s
Rendered 204/5713, time remaining: 2m 47s
Rendered 205/5713, time remaining: 2m 44s
Rendered 206/5713, time remaining: 2m 44s
Rendered 207/5713, time remaining: 2m 45s
Rendered 208/5713, time remaining: 2m 46s
Rendered 209/5713, time remaining: 2m 45s
Rendered 210/5713, time remaining: 2m 45s
Rendered 211/5713, time remaining: 2m 44s
Rendered 212/5713, time remaining: 2m 45s
Rendered 213/5713, time remaining: 2m 43s
Rendered 214/5713, time remaining: 2m 43s
Rendered 215/5713, time remaining: 2m 42s
Rendered 216/5713, time remaining: 2m 46s
Rendered 217/5713, time remaining: 2m 46s
Rendered 218/5713, time remaining: 2m 45s
Rendered 219/5713, time remaining: 2m 49s
Rendered 220/5713, time remaining: 2m 46s
Rendered 221/5713, time remaining: 2m 49s
Rendered 222/5713, time remaining: 2m 45s
Rendered 223/5713, time remaining: 2m 45s
Rendered 224/5713, time remaining: 2m 46s
Rendered 225/5713, time remaining: 2m 43s
Rendered 226/5713, time remaining: 2m 44s
Rendered 227/5713, time remaining: 2m 48s
Rendered 228/5713, time remaining: 2m 47s
Rendered 229/5713, time remaining: 2m 45s
Rendered 230/5713, time remaining: 2m 43s
Rendered 231/5713, time remaining: 2m 43s
Rendered 232/5713, time remaining: 2m 43s
Rendered 233/5713, time remaining: 2m 44s
Rendered 234/5713, time remaining: 2m 45s
Rendered 235/5713, time remaining: 2m 47s
Rendered 236/5713, time remaining: 2m 43s
Rendered 237/5713, time remaining: 2m 45s
Rendered 238/5713, time remaining: 2m 45s
Rendered 239/5713, time remaining: 2m 45s
Rendered 240/5713, time remaining: 2m 45s
Rendered 241/5713, time remaining: 2m 45s
Rendered 242/5713, time remaining: 2m 46s
Rendered 243/5713, time remaining: 2m 46s
Rendered 244/5713, time remaining: 2m 44s
Rendered 245/5713, time remaining: 2m 45s
Rendered 246/5713, time remaining: 2m 44s
Rendered 247/5713, time remaining: 2m 44s
Rendered 248/5713, time remaining: 2m 44s
Rendered 249/5713, time remaining: 2m 46s
Rendered 250/5713, time remaining: 2m 46s
Rendered 251/5713, time remaining: 2m 48s
Rendered 252/5713, time remaining: 2m 42s
Rendered 253/5713, time remaining: 2m 45s
Rendered 254/5713, time remaining: 2m 46s
Rendered 255/5713, time remaining: 2m 44s
Rendered 256/5713, time remaining: 2m 44s
Rendered 257/5713, time remaining: 2m 46s
Rendered 258/5713, time remaining: 2m 44s
Rendered 259/5713, time remaining: 2m 44s
Rendered 260/5713, time remaining: 2m 43s
Rendered 261/5713, time remaining: 2m 48s
Rendered 262/5713, time remaining: 2m 48s
Rendered 263/5713, time remaining: 2m 44s
Rendered 264/5713, time remaining: 2m 43s
Rendered 265/5713, time remaining: 2m 47s
Rendered 266/5713, time remaining: 2m 47s
Rendered 267/5713, time remaining: 2m 48s
Rendered 268/5713, time remaining: 2m 46s
Rendered 269/5713, time remaining: 2m 43s
Rendered 270/5713, time remaining: 2m 43s
Rendered 271/5713, time remaining: 2m 46s
Rendered 272/5713, time remaining: 2m 45s
Rendered 273/5713, time remaining: 2m 47s
Rendered 274/5713, time remaining: 2m 46s
Rendered 275/5713, time remaining: 2m 46s
Rendered 276/5713, time remaining: 2m 46s
Rendered 277/5713, time remaining: 2m 46s
Rendered 278/5713, time remaining: 2m 46s
Rendered 279/5713, time remaining: 2m 47s
Rendered 280/5713, time remaining: 2m 42s
Rendered 281/5713, time remaining: 2m 42s
Rendered 282/5713, time remaining: 2m 44s
Rendered 283/5713, time remaining: 2m 44s
Rendered 284/5713, time remaining: 2m 48s
Rendered 285/5713, time remaining: 2m 48s
Rendered 286/5713, time remaining: 2m 44s
Rendered 287/5713, time remaining: 2m 45s
Rendered 288/5713, time remaining: 2m 43s
Rendered 289/5713, time remaining: 2m 43s
Rendered 290/5713, time remaining: 2m 43s
Rendered 291/5713, time remaining: 2m 43s
Rendered 292/5713, time remaining: 2m 49s
Rendered 293/5713, time remaining: 2m 44s
Rendered 294/5713, time remaining: 2m 44s
Rendered 295/5713, time remaining: 2m 45s
Rendered 296/5713, time remaining: 2m 45s
Rendered 297/5713, time remaining: 2m 45s
Rendered 298/5713, time remaining: 2m 42s
Rendered 299/5713, time remaining: 2m 43s
Rendered 300/5713, time remaining: 2m 46s
Rendered 301/5713, time remaining: 2m 44s
Rendered 302/5713, time remaining: 2m 44s
Rendered 303/5713, time remaining: 2m 44s
Rendered 304/5713, time remaining: 2m 44s
Rendered 305/5713, time remaining: 2m 44s
Rendered 306/5713, time remaining: 2m 44s
Rendered 307/5713, time remaining: 2m 42s
Rendered 308/5713, time remaining: 2m 48s
Rendered 309/5713, time remaining: 2m 45s
Rendered 310/5713, time remaining: 2m 46s
Rendered 311/5713, time remaining: 2m 46s
Rendered 312/5713, time remaining: 2m 44s
Rendered 313/5713, time remaining: 2m 44s
Rendered 314/5713, time remaining: 2m 44s
Rendered 315/5713, time remaining: 2m 46s
Rendered 316/5713, time remaining: 2m 47s
Rendered 317/5713, time remaining: 2m 46s
Rendered 318/5713, time remaining: 2m 45s
Rendered 319/5713, time remaining: 2m 45s
Rendered 320/5713, time remaining: 2m 45s
Rendered 321/5713, time remaining: 2m 43s
Rendered 322/5713, time remaining: 2m 42s
Rendered 323/5713, time remaining: 2m 42s
Rendered 324/5713, time remaining: 2m 47s
Rendered 325/5713, time remaining: 2m 47s
Rendered 326/5713, time remaining: 2m 46s
Rendered 327/5713, time remaining: 2m 45s
Rendered 328/5713, time remaining: 2m 46s
Rendered 329/5713, time remaining: 2m 44s
Rendered 330/5713, time remaining: 2m 43s
Rendered 331/5713, time remaining: 2m 43s
Rendered 332/5713, time remaining: 2m 47s
Rendered 333/5713, time remaining: 2m 47s
Rendered 334/5713, time remaining: 2m 44s
Rendered 335/5713, time remaining: 2m 44s
Rendered 336/5713, time remaining: 2m 44s
Rendered 337/5713, time remaining: 2m 44s
Rendered 338/5713, time remaining: 2m 48s
Rendered 339/5713, time remaining: 2m 47s
Rendered 340/5713, time remaining: 2m 48s
Rendered 341/5713, time remaining: 2m 49s
Rendered 342/5713, time remaining: 2m 44s
Rendered 343/5713, time remaining: 2m 45s
Rendered 344/5713, time remaining: 2m 45s
Rendered 345/5713, time remaining: 2m 45s
Rendered 346/5713, time remaining: 2m 47s
Rendered 347/5713, time remaining: 2m 43s
Rendered 348/5713, time remaining: 2m 45s
Rendered 349/5713, time remaining: 2m 48s
Rendered 350/5713, time remaining: 2m 46s
Rendered 351/5713, time remaining: 2m 46s
Rendered 352/5713, time remaining: 2m 46s
Rendered 353/5713, time remaining: 2m 45s
Rendered 354/5713, time remaining: 2m 43s
Rendered 355/5713, time remaining: 2m 43s
Rendered 356/5713, time remaining: 2m 48s
Rendered 357/5713, time remaining: 2m 48s
Rendered 358/5713, time remaining: 2m 47s
Rendered 359/5713, time remaining: 2m 44s
Rendered 360/5713, time remaining: 2m 45s
Rendered 361/5713, time remaining: 2m 44s
Rendered 362/5713, time remaining: 2m 44s
Rendered 363/5713, time remaining: 2m 44s
Rendered 364/5713, time remaining: 2m 42s
Rendered 365/5713, time remaining: 2m 47s
Rendered 366/5713, time remaining: 2m 45s
Rendered 367/5713, time remaining: 2m 45s
Rendered 368/5713, time remaining: 2m 45s
Rendered 369/5713, time remaining: 2m 43s
Rendered 370/5713, time remaining: 2m 43s
Rendered 371/5713, time remaining: 2m 40s
Rendered 372/5713, time remaining: 2m 40s
Rendered 373/5713, time remaining: 2m 46s
Rendered 374/5713, time remaining: 2m 45s
Rendered 375/5713, time remaining: 2m 46s
Rendered 376/5713, time remaining: 2m 46s
Rendered 377/5713, time remaining: 2m 40s
Rendered 378/5713, time remaining: 2m 40s
Rendered 379/5713, time remaining: 2m 41s
Rendered 380/5713, time remaining: 2m 41s
Rendered 381/5713, time remaining: 2m 45s
Rendered 382/5713, time remaining: 2m 45s
Rendered 383/5713, time remaining: 2m 46s
Rendered 384/5713, time remaining: 2m 44s
Rendered 385/5713, time remaining: 2m 42s
Rendered 386/5713, time remaining: 2m 43s
Rendered 387/5713, time remaining: 2m 43s
Rendered 388/5713, time remaining: 2m 43s
Rendered 389/5713, time remaining: 2m 43s
Rendered 390/5713, time remaining: 2m 42s
Rendered 391/5713, time remaining: 2m 43s
Rendered 392/5713, time remaining: 2m 41s
Rendered 393/5713, time remaining: 2m 41s
Rendered 394/5713, time remaining: 2m 43s
Rendered 395/5713, time remaining: 2m 42s
Rendered 396/5713, time remaining: 2m 41s
Rendered 397/5713, time remaining: 2m 42s
Rendered 398/5713, time remaining: 2m 42s
Rendered 399/5713, time remaining: 2m 42s
Rendered 400/5713, time remaining: 2m 42s
Rendered 401/5713, time remaining: 2m 42s
Rendered 402/5713, time remaining: 2m 44s
Rendered 403/5713, time remaining: 2m 42s
Rendered 404/5713, time remaining: 2m 41s
Rendered 405/5713, time remaining: 2m 42s
Rendered 406/5713, time remaining: 2m 42s
Rendered 407/5713, time remaining: 2m 39s
Rendered 408/5713, time remaining: 2m 40s
Rendered 409/5713, time remaining: 2m 40s
Rendered 410/5713, time remaining: 2m 44s
Rendered 411/5713, time remaining: 2m 40s
Rendered 412/5713, time remaining: 2m 40s
Rendered 413/5713, time remaining: 2m 42s
Rendered 414/5713, time remaining: 2m 42s
Rendered 415/5713, time remaining: 2m 40s
Rendered 416/5713, time remaining: 2m 40s
Rendered 417/5713, time remaining: 2m 40s
Rendered 418/5713, time remaining: 2m 41s
Rendered 419/5713, time remaining: 2m 41s
Rendered 420/5713, time remaining: 2m 41s
Rendered 421/5713, time remaining: 2m 38s
Rendered 422/5713, time remaining: 2m 40s
Rendered 423/5713, time remaining: 2m 42s
Rendered 424/5713, time remaining: 2m 42s
Rendered 425/5713, time remaining: 2m 42s
Rendered 426/5713, time remaining: 2m 39s
Rendered 427/5713, time remaining: 2m 41s
Rendered 428/5713, time remaining: 2m 40s
Rendered 429/5713, time remaining: 2m 38s
Rendered 430/5713, time remaining: 2m 39s
Rendered 431/5713, time remaining: 2m 45s
Rendered 432/5713, time remaining: 2m 42s
Rendered 433/5713, time remaining: 2m 43s
Rendered 434/5713, time remaining: 2m 39s
Rendered 435/5713, time remaining: 2m 39s
Rendered 436/5713, time remaining: 2m 40s
Rendered 437/5713, time remaining: 2m 40s
Rendered 438/5713, time remaining: 2m 39s
Rendered 439/5713, time remaining: 2m 44s
Rendered 440/5713, time remaining: 2m 44s
Rendered 441/5713, time remaining: 2m 45s
Rendered 442/5713, time remaining: 2m 39s
Rendered 443/5713, time remaining: 2m 39s
Rendered 444/5713, time remaining: 2m 38s
Rendered 445/5713, time remaining: 2m 38s
Rendered 446/5713, time remaining: 2m 40s
Rendered 447/5713, time remaining: 2m 43s
Rendered 448/5713, time remaining: 2m 43s
Rendered 449/5713, time remaining: 2m 44s
Rendered 450/5713, time remaining: 2m 40s
Rendered 451/5713, time remaining: 2m 37s
Rendered 452/5713, time remaining: 2m 40s
Rendered 453/5713, time remaining: 2m 39s
Rendered 454/5713, time remaining: 2m 39s
Rendered 455/5713, time remaining: 2m 42s
Rendered 456/5713, time remaining: 2m 43s
Rendered 457/5713, time remaining: 2m 42s
Rendered 458/5713, time remaining: 2m 38s
Rendered 459/5713, time remaining: 2m 38s
Rendered 460/5713, time remaining: 2m 38s
Rendered 461/5713, time remaining: 2m 37s
Rendered 462/5713, time remaining: 2m 37s
Rendered 463/5713, time remaining: 2m 42s
Rendered 464/5713, time remaining: 2m 43s
Rendered 465/5713, time remaining: 2m 41s
Rendered 466/5713, time remaining: 2m 38s
Rendered 467/5713, time remaining: 2m 38s
Rendered 468/5713, time remaining: 2m 37s
Rendered 469/5713, time remaining: 2m 37s
Rendered 470/5713, time remaining: 2m 39s
Rendered 471/5713, time remaining: 2m 39s
Rendered 472/5713, time remaining: 2m 42s
Rendered 473/5713, time remaining: 2m 42s
Rendered 474/5713, time remaining: 2m 39s
Rendered 475/5713, time remaining: 2m 39s
Rendered 476/5713, time remaining: 2m 39s
Rendered 477/5713, time remaining: 2m 39s
Rendered 478/5713, time remaining: 2m 38s
Rendered 479/5713, time remaining: 2m 38s
Rendered 480/5713, time remaining: 2m 42s
Rendered 481/5713, time remaining: 2m 42s
Rendered 482/5713, time remaining: 2m 36s
Rendered 483/5713, time remaining: 2m 40s
Rendered 484/5713, time remaining: 2m 40s
Rendered 485/5713, time remaining: 2m 40s
Rendered 486/5713, time remaining: 2m 40s
Rendered 487/5713, time remaining: 2m 39s
Rendered 488/5713, time remaining: 2m 39s
Rendered 489/5713, time remaining: 2m 39s
Rendered 490/5713, time remaining: 2m 36s
Rendered 491/5713, time remaining: 2m 40s
Rendered 492/5713, time remaining: 2m 40s
Rendered 493/5713, time remaining: 2m 41s
Rendered 494/5713, time remaining: 2m 40s
Rendered 495/5713, time remaining: 2m 39s
Rendered 496/5713, time remaining: 2m 37s
Rendered 497/5713, time remaining: 2m 37s
Rendered 498/5713, time remaining: 2m 38s
Rendered 499/5713, time remaining: 2m 40s
Rendered 500/5713, time remaining: 2m 40s
Rendered 501/5713, time remaining: 2m 40s
Rendered 502/5713, time remaining: 2m 39s
Rendered 503/5713, time remaining: 2m 40s
Rendered 504/5713, time remaining: 2m 39s
Rendered 505/5713, time remaining: 2m 39s
Rendered 506/5713, time remaining: 2m 35s
Rendered 507/5713, time remaining: 2m 40s
Rendered 508/5713, time remaining: 2m 40s
Rendered 509/5713, time remaining: 2m 40s
Rendered 510/5713, time remaining: 2m 40s
Rendered 511/5713, time remaining: 2m 40s
Rendered 512/5713, time remaining: 2m 41s
Rendered 513/5713, time remaining: 2m 41s
Rendered 514/5713, time remaining: 2m 42s
Rendered 515/5713, time remaining: 2m 40s
Rendered 516/5713, time remaining: 2m 39s
Rendered 517/5713, time remaining: 2m 39s
Rendered 518/5713, time remaining: 2m 39s
Rendered 519/5713, time remaining: 2m 40s
Rendered 520/5713, time remaining: 2m 40s
Rendered 521/5713, time remaining: 2m 42s
Rendered 522/5713, time remaining: 2m 44s
Rendered 523/5713, time remaining: 2m 39s
Rendered 524/5713, time remaining: 2m 39s
Rendered 525/5713, time remaining: 2m 39s
Rendered 526/5713, time remaining: 2m 39s
Rendered 527/5713, time remaining: 2m 39s
Rendered 528/5713, time remaining: 2m 39s
Rendered 529/5713, time remaining: 2m 39s
Rendered 530/5713, time remaining: 2m 41s
Rendered 531/5713, time remaining: 2m 40s
Rendered 532/5713, time remaining: 2m 40s
Rendered 533/5713, time remaining: 2m 39s
Rendered 534/5713, time remaining: 2m 39s
Rendered 535/5713, time remaining: 2m 41s
Rendered 536/5713, time remaining: 2m 38s
Rendered 537/5713, time remaining: 2m 38s
Rendered 538/5713, time remaining: 2m 40s
Rendered 539/5713, time remaining: 2m 42s
Rendered 540/5713, time remaining: 2m 41s
Rendered 541/5713, time remaining: 2m 40s
Rendered 542/5713, time remaining: 2m 40s
Rendered 543/5713, time remaining: 2m 41s
Rendered 544/5713, time remaining: 2m 39s
Rendered 545/5713, time remaining: 2m 40s
Rendered 546/5713, time remaining: 2m 40s
Rendered 547/5713, time remaining: 2m 39s
Rendered 548/5713, time remaining: 2m 42s
Rendered 549/5713, time remaining: 2m 40s
Rendered 550/5713, time remaining: 2m 40s
Rendered 551/5713, time remaining: 2m 38s
Rendered 552/5713, time remaining: 2m 38s
Rendered 553/5713, time remaining: 2m 38s
Rendered 554/5713, time remaining: 2m 38s
Rendered 555/5713, time remaining: 2m 39s
Rendered 556/5713, time remaining: 2m 42s
Rendered 557/5713, time remaining: 2m 42s
Rendered 558/5713, time remaining: 2m 41s
Rendered 559/5713, time remaining: 2m 41s
Rendered 560/5713, time remaining: 2m 38s
Rendered 561/5713, time remaining: 2m 39s
Rendered 562/5713, time remaining: 2m 39s
Rendered 563/5713, time remaining: 2m 37s
Rendered 564/5713, time remaining: 2m 40s
Rendered 565/5713, time remaining: 2m 39s
Rendered 566/5713, time remaining: 2m 38s
Rendered 567/5713, time remaining: 2m 37s
Rendered 568/5713, time remaining: 2m 39s
Rendered 569/5713, time remaining: 2m 40s
Rendered 570/5713, time remaining: 2m 40s
Rendered 571/5713, time remaining: 2m 42s
Rendered 572/5713, time remaining: 2m 42s
Rendered 573/5713, time remaining: 2m 38s
Rendered 574/5713, time remaining: 2m 38s
Rendered 575/5713, time remaining: 2m 37s
Rendered 576/5713, time remaining: 2m 37s
Rendered 577/5713, time remaining: 2m 40s
Rendered 578/5713, time remaining: 2m 41s
Rendered 579/5713, time remaining: 2m 41s
Rendered 580/5713, time remaining: 2m 40s
Rendered 581/5713, time remaining: 2m 34s
Rendered 582/5713, time remaining: 2m 35s
Rendered 583/5713, time remaining: 2m 35s
Rendered 584/5713, time remaining: 2m 36s
Rendered 585/5713, time remaining: 2m 41s
Rendered 586/5713, time remaining: 2m 40s
Rendered 587/5713, time remaining: 2m 39s
Rendered 588/5713, time remaining: 2m 40s
Rendered 589/5713, time remaining: 2m 34s
Rendered 590/5713, time remaining: 2m 36s
Rendered 591/5713, time remaining: 2m 35s
Rendered 592/5713, time remaining: 2m 35s
Rendered 593/5713, time remaining: 2m 40s
Rendered 594/5713, time remaining: 2m 40s
Rendered 595/5713, time remaining: 2m 40s
Rendered 596/5713, time remaining: 2m 38s
Rendered 597/5713, time remaining: 2m 35s
Rendered 598/5713, time remaining: 2m 35s
Rendered 599/5713, time remaining: 2m 34s
Rendered 600/5713, time remaining: 2m 34s
Rendered 601/5713, time remaining: 2m 39s
Rendered 602/5713, time remaining: 2m 37s
Rendered 603/5713, time remaining: 2m 37s
Rendered 604/5713, time remaining: 2m 38s
Rendered 605/5713, time remaining: 2m 35s
Rendered 606/5713, time remaining: 2m 36s
Rendered 607/5713, time remaining: 2m 38s
Rendered 608/5713, time remaining: 2m 38s
Rendered 609/5713, time remaining: 2m 37s
Rendered 610/5713, time remaining: 2m 37s
Rendered 611/5713, time remaining: 2m 37s
Rendered 612/5713, time remaining: 2m 37s
Rendered 613/5713, time remaining: 2m 35s
Rendered 614/5713, time remaining: 2m 34s
Rendered 615/5713, time remaining: 2m 37s
Rendered 616/5713, time remaining: 2m 37s
Rendered 617/5713, time remaining: 2m 36s
Rendered 618/5713, time remaining: 2m 36s
Rendered 619/5713, time remaining: 2m 37s
Rendered 620/5713, time remaining: 2m 34s
Rendered 621/5713, time remaining: 2m 34s
Rendered 622/5713, time remaining: 2m 36s
Rendered 623/5713, time remaining: 2m 36s
Rendered 624/5713, time remaining: 2m 34s
Rendered 625/5713, time remaining: 2m 34s
Rendered 626/5713, time remaining: 2m 35s
Rendered 627/5713, time remaining: 2m 35s
Rendered 628/5713, time remaining: 2m 35s
Rendered 629/5713, time remaining: 2m 36s
Rendered 630/5713, time remaining: 2m 35s
Rendered 631/5713, time remaining: 2m 36s
Rendered 632/5713, time remaining: 2m 37s
Rendered 633/5713, time remaining: 2m 33s
Rendered 634/5713, time remaining: 2m 33s
Rendered 635/5713, time remaining: 2m 34s
Rendered 636/5713, time remaining: 2m 34s
Rendered 637/5713, time remaining: 2m 34s
Rendered 638/5713, time remaining: 2m 31s
Rendered 639/5713, time remaining: 2m 33s
Rendered 640/5713, time remaining: 2m 37s
Rendered 641/5713, time remaining: 2m 32s
Rendered 642/5713, time remaining: 2m 33s
Rendered 643/5713, time remaining: 2m 32s
Rendered 644/5713, time remaining: 2m 32s
Rendered 645/5713, time remaining: 2m 36s
Rendered 646/5713, time remaining: 2m 35s
Rendered 647/5713, time remaining: 2m 35s
Rendered 648/5713, time remaining: 2m 34s
Rendered 649/5713, time remaining: 2m 30s
Rendered 650/5713, time remaining: 2m 30s
Rendered 651/5713, time remaining: 2m 33s
Rendered 652/5713, time remaining: 2m 34s
Rendered 653/5713, time remaining: 2m 33s
Rendered 654/5713, time remaining: 2m 33s
Rendered 655/5713, time remaining: 2m 33s
Rendered 656/5713, time remaining: 2m 33s
Rendered 657/5713, time remaining: 2m 27s
Rendered 658/5713, time remaining: 2m 30s
Rendered 659/5713, time remaining: 2m 33s
Rendered 660/5713, time remaining: 2m 33s
Rendered 661/5713, time remaining: 2m 33s
Rendered 662/5713, time remaining: 2m 31s
Rendered 663/5713, time remaining: 2m 32s
Rendered 664/5713, time remaining: 2m 31s
Rendered 665/5713, time remaining: 2m 29s
Rendered 666/5713, time remaining: 2m 29s
Rendered 667/5713, time remaining: 2m 30s
Rendered 668/5713, time remaining: 2m 34s
Rendered 669/5713, time remaining: 2m 32s
Rendered 670/5713, time remaining: 2m 32s
Rendered 671/5713, time remaining: 2m 30s
Rendered 672/5713, time remaining: 2m 30s
Rendered 673/5713, time remaining: 2m 31s
Rendered 674/5713, time remaining: 2m 31s
Rendered 675/5713, time remaining: 2m 30s
Rendered 676/5713, time remaining: 2m 31s
Rendered 677/5713, time remaining: 2m 30s
Rendered 678/5713, time remaining: 2m 31s
Rendered 679/5713, time remaining: 2m 34s
Rendered 680/5713, time remaining: 2m 32s
Rendered 681/5713, time remaining: 2m 30s
Rendered 682/5713, time remaining: 2m 30s
Rendered 683/5713, time remaining: 2m 30s
Rendered 684/5713, time remaining: 2m 30s
Rendered 685/5713, time remaining: 2m 32s
Rendered 686/5713, time remaining: 2m 32s
Rendered 687/5713, time remaining: 2m 31s
Rendered 688/5713, time remaining: 2m 29s
Rendered 689/5713, time remaining: 2m 28s
Rendered 690/5713, time remaining: 2m 28s
Rendered 691/5713, time remaining: 2m 29s
Rendered 692/5713, time remaining: 2m 32s
Rendered 693/5713, time remaining: 2m 31s
Rendered 694/5713, time remaining: 2m 29s
Rendered 695/5713, time remaining: 2m 31s
Rendered 696/5713, time remaining: 2m 30s
Rendered 697/5713, time remaining: 2m 30s
Rendered 698/5713, time remaining: 2m 29s
Rendered 699/5713, time remaining: 2m 29s
Rendered 700/5713, time remaining: 2m 29s
Rendered 701/5713, time remaining: 2m 30s
Rendered 702/5713, time remaining: 2m 32s
Rendered 703/5713, time remaining: 2m 32s
Rendered 704/5713, time remaining: 2m 32s
Rendered 705/5713, time remaining: 2m 30s
Rendered 706/5713, time remaining: 2m 28s
Rendered 707/5713, time remaining: 2m 28s
Rendered 708/5713, time remaining: 2m 28s
Rendered 709/5713, time remaining: 2m 28s
Rendered 710/5713, time remaining: 2m 34s
Rendered 711/5713, time remaining: 2m 31s
Rendered 712/5713, time remaining: 2m 32s
Rendered 713/5713, time remaining: 2m 31s
Rendered 714/5713, time remaining: 2m 29s
Rendered 715/5713, time remaining: 2m 29s
Rendered 716/5713, time remaining: 2m 29s
Rendered 717/5713, time remaining: 2m 31s
Rendered 718/5713, time remaining: 2m 33s
Rendered 719/5713, time remaining: 2m 32s
Rendered 720/5713, time remaining: 2m 33s
Rendered 721/5713, time remaining: 2m 31s
Rendered 722/5713, time remaining: 2m 30s
Rendered 723/5713, time remaining: 2m 30s
Rendered 724/5713, time remaining: 2m 30s
Rendered 725/5713, time remaining: 2m 32s
Rendered 726/5713, time remaining: 2m 34s
Rendered 727/5713, time remaining: 2m 31s
Rendered 728/5713, time remaining: 2m 31s
Rendered 729/5713, time remaining: 2m 31s
Rendered 730/5713, time remaining: 2m 31s
Rendered 731/5713, time remaining: 2m 31s
Rendered 732/5713, time remaining: 2m 31s
Rendered 733/5713, time remaining: 2m 31s
Rendered 734/5713, time remaining: 2m 31s
Rendered 735/5713, time remaining: 2m 32s
Rendered 736/5713, time remaining: 2m 32s
Rendered 737/5713, time remaining: 2m 32s
Rendered 738/5713, time remaining: 2m 32s
Rendered 739/5713, time remaining: 2m 32s
Rendered 740/5713, time remaining: 2m 30s
Rendered 741/5713, time remaining: 2m 31s
Rendered 742/5713, time remaining: 2m 31s
Rendered 743/5713, time remaining: 2m 31s
Rendered 744/5713, time remaining: 2m 31s
Rendered 745/5713, time remaining: 2m 32s
Rendered 746/5713, time remaining: 2m 31s
Rendered 747/5713, time remaining: 2m 33s
Rendered 748/5713, time remaining: 2m 32s
Rendered 749/5713, time remaining: 2m 32s
Rendered 750/5713, time remaining: 2m 35s
Rendered 751/5713, time remaining: 2m 32s
Rendered 752/5713, time remaining: 2m 32s
Rendered 753/5713, time remaining: 2m 31s
Rendered 754/5713, time remaining: 2m 32s
Rendered 755/5713, time remaining: 2m 32s
Rendered 756/5713, time remaining: 2m 30s
Rendered 757/5713, time remaining: 2m 28s
Rendered 758/5713, time remaining: 2m 28s
Rendered 759/5713, time remaining: 2m 29s
Rendered 760/5713, time remaining: 2m 34s
Rendered 761/5713, time remaining: 2m 33s
Rendered 762/5713, time remaining: 2m 33s
Rendered 763/5713, time remaining: 2m 31s
Rendered 764/5713, time remaining: 2m 31s
Rendered 765/5713, time remaining: 2m 28s
Rendered 766/5713, time remaining: 2m 29s
Rendered 767/5713, time remaining: 2m 29s
Rendered 768/5713, time remaining: 2m 33s
Rendered 769/5713, time remaining: 2m 33s
Rendered 770/5713, time remaining: 2m 33s
Rendered 771/5713, time remaining: 2m 34s
Rendered 772/5713, time remaining: 2m 29s
Rendered 773/5713, time remaining: 2m 29s
Rendered 774/5713, time remaining: 2m 30s
Rendered 775/5713, time remaining: 2m 31s
Rendered 776/5713, time remaining: 2m 31s
Rendered 777/5713, time remaining: 2m 32s
Rendered 778/5713, time remaining: 2m 32s
Rendered 779/5713, time remaining: 2m 34s
Rendered 780/5713, time remaining: 2m 31s
Rendered 781/5713, time remaining: 2m 29s
Rendered 782/5713, time remaining: 2m 30s
Rendered 783/5713, time remaining: 2m 30s
Rendered 784/5713, time remaining: 2m 29s
Rendered 785/5713, time remaining: 2m 33s
Rendered 786/5713, time remaining: 2m 33s
Rendered 787/5713, time remaining: 2m 33s
Rendered 788/5713, time remaining: 2m 34s
Rendered 789/5713, time remaining: 2m 33s
Rendered 790/5713, time remaining: 2m 29s
Rendered 791/5713, time remaining: 2m 29s
Rendered 792/5713, time remaining: 2m 28s
Rendered 793/5713, time remaining: 2m 31s
Rendered 794/5713, time remaining: 2m 31s
Rendered 795/5713, time remaining: 2m 32s
Rendered 796/5713, time remaining: 2m 32s
Rendered 797/5713, time remaining: 2m 32s
Rendered 798/5713, time remaining: 2m 32s
Rendered 799/5713, time remaining: 2m 31s
Rendered 800/5713, time remaining: 2m 31s
Rendered 801/5713, time remaining: 2m 29s
Rendered 802/5713, time remaining: 2m 31s
Rendered 803/5713, time remaining: 2m 31s
Rendered 804/5713, time remaining: 2m 33s
Rendered 805/5713, time remaining: 2m 32s
Rendered 806/5713, time remaining: 2m 34s
Rendered 807/5713, time remaining: 2m 36s
Rendered 808/5713, time remaining: 2m 32s
Rendered 809/5713, time remaining: 2m 30s
Rendered 810/5713, time remaining: 2m 29s
Rendered 811/5713, time remaining: 2m 30s
Rendered 812/5713, time remaining: 2m 30s
Rendered 813/5713, time remaining: 2m 33s
Rendered 814/5713, time remaining: 2m 33s
Rendered 815/5713, time remaining: 2m 32s
Rendered 816/5713, time remaining: 2m 34s
Rendered 817/5713, time remaining: 2m 33s
Rendered 818/5713, time remaining: 2m 31s
Rendered 819/5713, time remaining: 2m 31s
Rendered 820/5713, time remaining: 2m 31s
Rendered 821/5713, time remaining: 2m 31s
Rendered 822/5713, time remaining: 2m 31s
Rendered 823/5713, time remaining: 2m 31s
Rendered 824/5713, time remaining: 2m 32s
Rendered 825/5713, time remaining: 2m 32s
Rendered 826/5713, time remaining: 2m 33s
Rendered 827/5713, time remaining: 2m 32s
Rendered 828/5713, time remaining: 2m 34s
Rendered 829/5713, time remaining: 2m 30s
Rendered 830/5713, time remaining: 2m 33s
Rendered 831/5713, time remaining: 2m 31s
Rendered 832/5713, time remaining: 2m 33s
Rendered 833/5713, time remaining: 2m 33s
Rendered 834/5713, time remaining: 2m 33s
Rendered 835/5713, time remaining: 2m 32s
Rendered 836/5713, time remaining: 2m 32s
Rendered 837/5713, time remaining: 2m 32s
Rendered 838/5713, time remaining: 2m 34s
Rendered 839/5713, time remaining: 2m 33s
Rendered 840/5713, time remaining: 2m 33s
Rendered 841/5713, time remaining: 2m 32s
Rendered 842/5713, time remaining: 2m 32s
Rendered 843/5713, time remaining: 2m 32s
Rendered 844/5713, time remaining: 2m 32s
Rendered 845/5713, time remaining: 2m 30s
Rendered 846/5713, time remaining: 2m 33s
Rendered 847/5713, time remaining: 2m 33s
Rendered 848/5713, time remaining: 2m 31s
Rendered 849/5713, time remaining: 2m 33s
Rendered 850/5713, time remaining: 2m 33s
Rendered 851/5713, time remaining: 2m 32s
Rendered 852/5713, time remaining: 2m 28s
Rendered 853/5713, time remaining: 2m 32s
Rendered 854/5713, time remaining: 2m 32s
Rendered 855/5713, time remaining: 2m 32s
Rendered 856/5713, time remaining: 2m 33s
Rendered 857/5713, time remaining: 2m 33s
Rendered 858/5713, time remaining: 2m 33s
Rendered 859/5713, time remaining: 2m 33s
Rendered 860/5713, time remaining: 2m 29s
Rendered 861/5713, time remaining: 2m 32s
Rendered 862/5713, time remaining: 2m 32s
Rendered 863/5713, time remaining: 2m 31s
Rendered 864/5713, time remaining: 2m 32s
Rendered 865/5713, time remaining: 2m 32s
Rendered 866/5713, time remaining: 2m 32s
Rendered 867/5713, time remaining: 2m 31s
Rendered 868/5713, time remaining: 2m 28s
Rendered 869/5713, time remaining: 2m 29s
Rendered 870/5713, time remaining: 2m 28s
Rendered 871/5713, time remaining: 2m 30s
Rendered 872/5713, time remaining: 2m 31s
Rendered 873/5713, time remaining: 2m 32s
Rendered 874/5713, time remaining: 2m 32s
Rendered 875/5713, time remaining: 2m 31s
Rendered 876/5713, time remaining: 2m 29s
Rendered 877/5713, time remaining: 2m 27s
Rendered 878/5713, time remaining: 2m 27s
Rendered 879/5713, time remaining: 2m 27s
Rendered 880/5713, time remaining: 2m 31s
Rendered 881/5713, time remaining: 2m 34s
Rendered 882/5713, time remaining: 2m 33s
Rendered 883/5713, time remaining: 2m 35s
Rendered 884/5713, time remaining: 2m 33s
Rendered 885/5713, time remaining: 2m 28s
Rendered 886/5713, time remaining: 2m 28s
Rendered 887/5713, time remaining: 2m 29s
Rendered 888/5713, time remaining: 2m 29s
Rendered 889/5713, time remaining: 2m 32s
Rendered 890/5713, time remaining: 2m 32s
Rendered 891/5713, time remaining: 2m 34s
Rendered 892/5713, time remaining: 2m 33s
Rendered 893/5713, time remaining: 2m 28s
Rendered 894/5713, time remaining: 2m 28s
Rendered 895/5713, time remaining: 2m 29s
Rendered 896/5713, time remaining: 2m 29s
Rendered 897/5713, time remaining: 2m 32s
Rendered 898/5713, time remaining: 2m 32s
Rendered 899/5713, time remaining: 2m 32s
Rendered 900/5713, time remaining: 2m 30s
Rendered 901/5713, time remaining: 2m 28s
Rendered 902/5713, time remaining: 2m 28s
Rendered 903/5713, time remaining: 2m 28s
Rendered 904/5713, time remaining: 2m 27s
Rendered 905/5713, time remaining: 2m 27s
Rendered 906/5713, time remaining: 2m 28s
Rendered 907/5713, time remaining: 2m 28s
Rendered 908/5713, time remaining: 2m 27s
Rendered 909/5713, time remaining: 2m 25s
Rendered 910/5713, time remaining: 2m 21s
Rendered 911/5713, time remaining: 2m 22s
Rendered 912/5713, time remaining: 2m 22s
Rendered 913/5713, time remaining: 2m 21s
Rendered 914/5713, time remaining: 2m 21s
Rendered 915/5713, time remaining: 2m 21s
Rendered 916/5713, time remaining: 2m 21s
Rendered 917/5713, time remaining: 2m 22s
Rendered 918/5713, time remaining: 2m 18s
Rendered 919/5713, time remaining: 2m 17s
Rendered 920/5713, time remaining: 2m 19s
Rendered 921/5713, time remaining: 2m 20s
Rendered 922/5713, time remaining: 2m 20s
Rendered 923/5713, time remaining: 2m 20s
Rendered 924/5713, time remaining: 2m 19s
Rendered 925/5713, time remaining: 2m 19s
Rendered 926/5713, time remaining: 2m 18s
Rendered 927/5713, time remaining: 2m 17s
Rendered 928/5713, time remaining: 2m 17s
Rendered 929/5713, time remaining: 2m 17s
Rendered 930/5713, time remaining: 2m 19s
Rendered 931/5713, time remaining: 2m 19s
Rendered 932/5713, time remaining: 2m 18s
Rendered 933/5713, time remaining: 2m 18s
Rendered 934/5713, time remaining: 2m 19s
Rendered 935/5713, time remaining: 2m 14s
Rendered 936/5713, time remaining: 2m 16s
Rendered 937/5713, time remaining: 2m 15s
Rendered 938/5713, time remaining: 2m 18s
Rendered 939/5713, time remaining: 2m 18s
Rendered 940/5713, time remaining: 2m 18s
Rendered 941/5713, time remaining: 2m 18s
Rendered 942/5713, time remaining: 2m 19s
Rendered 943/5713, time remaining: 2m 15s
Rendered 944/5713, time remaining: 2m 16s
Rendered 945/5713, time remaining: 2m 14s
Rendered 946/5713, time remaining: 2m 17s
Rendered 947/5713, time remaining: 2m 17s
Rendered 948/5713, time remaining: 2m 17s
Rendered 949/5713, time remaining: 2m 17s
Rendered 950/5713, time remaining: 2m 16s
Rendered 951/5713, time remaining: 2m 16s
Rendered 952/5713, time remaining: 2m 13s
Rendered 953/5713, time remaining: 2m 14s
Rendered 954/5713, time remaining: 2m 13s
Rendered 955/5713, time remaining: 2m 17s
Rendered 956/5713, time remaining: 2m 16s
Rendered 957/5713, time remaining: 2m 14s
Rendered 958/5713, time remaining: 2m 14s
Rendered 959/5713, time remaining: 2m 14s
Rendered 960/5713, time remaining: 2m 14s
Rendered 961/5713, time remaining: 2m 14s
Rendered 962/5713, time remaining: 2m 13s
Rendered 963/5713, time remaining: 2m 14s
Rendered 964/5713, time remaining: 2m 14s
Rendered 965/5713, time remaining: 2m 15s
Rendered 966/5713, time remaining: 2m 14s
Rendered 967/5713, time remaining: 2m 13s
Rendered 968/5713, time remaining: 2m 12s
Rendered 969/5713, time remaining: 2m 15s
Rendered 970/5713, time remaining: 2m 15s
Rendered 971/5713, time remaining: 2m 15s
Rendered 972/5713, time remaining: 2m 13s
Rendered 973/5713, time remaining: 2m 13s
Rendered 974/5713, time remaining: 2m 12s
Rendered 975/5713, time remaining: 2m 12s
Rendered 976/5713, time remaining: 2m 10s
Rendered 977/5713, time remaining: 2m 15s
Rendered 978/5713, time remaining: 2m 13s
Rendered 979/5713, time remaining: 2m 13s
Rendered 980/5713, time remaining: 2m 11s
Rendered 981/5713, time remaining: 2m 11s
Rendered 982/5713, time remaining: 2m 10s
Rendered 983/5713, time remaining: 2m 10s
Rendered 984/5713, time remaining: 2m 9s
Rendered 985/5713, time remaining: 2m 12s
Rendered 986/5713, time remaining: 2m 11s
Rendered 987/5713, time remaining: 2m 12s
Rendered 988/5713, time remaining: 2m 10s
Rendered 989/5713, time remaining: 2m 10s
Rendered 990/5713, time remaining: 2m 10s
Rendered 991/5713, time remaining: 2m 10s
Rendered 992/5713, time remaining: 2m 8s
Rendered 993/5713, time remaining: 2m 9s
Rendered 994/5713, time remaining: 2m 11s
Rendered 995/5713, time remaining: 2m 11s
Rendered 996/5713, time remaining: 2m 10s
Rendered 997/5713, time remaining: 2m 10s
Rendered 998/5713, time remaining: 2m 10s
Rendered 999/5713, time remaining: 2m 8s
Rendered 1000/5713, time remaining: 2m 9s
Rendered 1001/5713, time remaining: 2m 10s
Rendered 1002/5713, time remaining: 2m 10s
Rendered 1003/5713, time remaining: 2m 9s
Rendered 1004/5713, time remaining: 2m 10s
Rendered 1005/5713, time remaining: 2m 11s
Rendered 1006/5713, time remaining: 2m 8s
Rendered 1007/5713, time remaining: 2m 8s
Rendered 1008/5713, time remaining: 2m 10s
Rendered 1009/5713, time remaining: 2m 12s
Rendered 1010/5713, time remaining: 2m 10s
Rendered 1011/5713, time remaining: 2m 7s
Rendered 1012/5713, time remaining: 2m 9s
Rendered 1013/5713, time remaining: 2m 8s
Rendered 1014/5713, time remaining: 2m 7s
Rendered 1015/5713, time remaining: 2m 8s
Rendered 1016/5713, time remaining: 2m 9s
Rendered 1017/5713, time remaining: 2m 10s
Rendered 1018/5713, time remaining: 2m 10s
Rendered 1019/5713, time remaining: 2m 9s
Rendered 1020/5713, time remaining: 2m 11s
Rendered 1021/5713, time remaining: 2m 8s
Rendered 1022/5713, time remaining: 2m 7s
Rendered 1023/5713, time remaining: 2m 6s
Rendered 1024/5713, time remaining: 2m 7s
Rendered 1025/5713, time remaining: 2m 7s
Rendered 1026/5713, time remaining: 2m 7s
Rendered 1027/5713, time remaining: 2m 7s
Rendered 1028/5713, time remaining: 2m 11s
Rendered 1029/5713, time remaining: 2m 11s
Rendered 1030/5713, time remaining: 2m 8s
Rendered 1031/5713, time remaining: 2m 6s
Rendered 1032/5713, time remaining: 2m 6s
Rendered 1033/5713, time remaining: 2m 4s
Rendered 1034/5713, time remaining: 2m 5s
Rendered 1035/5713, time remaining: 2m 5s
Rendered 1036/5713, time remaining: 2m 9s
Rendered 1037/5713, time remaining: 2m 7s
Rendered 1038/5713, time remaining: 2m 7s
Rendered 1039/5713, time remaining: 2m 4s
Rendered 1040/5713, time remaining: 2m 6s
Rendered 1041/5713, time remaining: 2m 4s
Rendered 1042/5713, time remaining: 2m 5s
Rendered 1043/5713, time remaining: 2m 7s
Rendered 1044/5713, time remaining: 2m 7s
Rendered 1045/5713, time remaining: 2m 7s
Rendered 1046/5713, time remaining: 2m 7s
Rendered 1047/5713, time remaining: 2m 2s
Rendered 1048/5713, time remaining: 2m 4s
Rendered 1049/5713, time remaining: 2m 4s
Rendered 1050/5713, time remaining: 2m 4s
Rendered 1051/5713, time remaining: 2m 5s
Rendered 1052/5713, time remaining: 2m 5s
Rendered 1053/5713, time remaining: 2m 7s
Rendered 1054/5713, time remaining: 2m 6s
Rendered 1055/5713, time remaining: 2m 6s
Rendered 1056/5713, time remaining: 2m 7s
Rendered 1057/5713, time remaining: 2m 9s
Rendered 1058/5713, time remaining: 2m 9s
Rendered 1059/5713, time remaining: 2m 8s
Rendered 1060/5713, time remaining: 2m 9s
Rendered 1061/5713, time remaining: 2m 9s
Rendered 1062/5713, time remaining: 2m 9s
Rendered 1063/5713, time remaining: 2m 13s
Rendered 1064/5713, time remaining: 2m 13s
Rendered 1065/5713, time remaining: 2m 13s
Rendered 1066/5713, time remaining: 2m 12s
Rendered 1067/5713, time remaining: 2m 13s
Rendered 1068/5713, time remaining: 2m 13s
Rendered 1069/5713, time remaining: 2m 13s
Rendered 1070/5713, time remaining: 2m 11s
Rendered 1071/5713, time remaining: 2m 11s
Rendered 1072/5713, time remaining: 2m 11s
Rendered 1073/5713, time remaining: 2m 11s
Rendered 1074/5713, time remaining: 2m 12s
Rendered 1075/5713, time remaining: 2m 14s
Rendered 1076/5713, time remaining: 2m 14s
Rendered 1077/5713, time remaining: 2m 15s
Rendered 1078/5713, time remaining: 2m 15s
Rendered 1079/5713, time remaining: 2m 12s
Rendered 1080/5713, time remaining: 2m 10s
Rendered 1081/5713, time remaining: 2m 11s
Rendered 1082/5713, time remaining: 2m 10s
Rendered 1083/5713, time remaining: 2m 11s
Rendered 1084/5713, time remaining: 2m 13s
Rendered 1085/5713, time remaining: 2m 14s
Rendered 1086/5713, time remaining: 2m 14s
Rendered 1087/5713, time remaining: 2m 14s
Rendered 1088/5713, time remaining: 2m 13s
Rendered 1089/5713, time remaining: 2m 12s
Rendered 1090/5713, time remaining: 2m 12s
Rendered 1091/5713, time remaining: 2m 12s
Rendered 1092/5713, time remaining: 2m 13s
Rendered 1093/5713, time remaining: 2m 13s
Rendered 1094/5713, time remaining: 2m 15s
Rendered 1095/5713, time remaining: 2m 14s
Rendered 1096/5713, time remaining: 2m 11s
Rendered 1097/5713, time remaining: 2m 11s
Rendered 1098/5713, time remaining: 2m 11s
Rendered 1099/5713, time remaining: 2m 11s
Rendered 1100/5713, time remaining: 2m 13s
Rendered 1101/5713, time remaining: 2m 13s
Rendered 1102/5713, time remaining: 2m 15s
Rendered 1103/5713, time remaining: 2m 15s
Rendered 1104/5713, time remaining: 2m 14s
Rendered 1105/5713, time remaining: 2m 11s
Rendered 1106/5713, time remaining: 2m 11s
Rendered 1107/5713, time remaining: 2m 11s
Rendered 1108/5713, time remaining: 2m 10s
Rendered 1109/5713, time remaining: 2m 10s
Rendered 1110/5713, time remaining: 2m 14s
Rendered 1111/5713, time remaining: 2m 14s
Rendered 1112/5713, time remaining: 2m 14s
Rendered 1113/5713, time remaining: 2m 12s
Rendered 1114/5713, time remaining: 2m 12s
Rendered 1115/5713, time remaining: 2m 11s
Rendered 1116/5713, time remaining: 2m 10s
Rendered 1117/5713, time remaining: 2m 13s
Rendered 1118/5713, time remaining: 2m 14s
Rendered 1119/5713, time remaining: 2m 11s
Rendered 1120/5713, time remaining: 2m 11s
Rendered 1121/5713, time remaining: 2m 12s
Rendered 1122/5713, time remaining: 2m 12s
Rendered 1123/5713, time remaining: 2m 11s
Rendered 1124/5713, time remaining: 2m 13s
Rendered 1125/5713, time remaining: 2m 13s
Rendered 1126/5713, time remaining: 2m 15s
Rendered 1127/5713, time remaining: 2m 11s
Rendered 1128/5713, time remaining: 2m 11s
Rendered 1129/5713, time remaining: 2m 12s
Rendered 1130/5713, time remaining: 2m 12s
Rendered 1131/5713, time remaining: 2m 11s
Rendered 1132/5713, time remaining: 2m 13s
Rendered 1133/5713, time remaining: 2m 13s
Rendered 1134/5713, time remaining: 2m 15s
Rendered 1135/5713, time remaining: 2m 11s
Rendered 1136/5713, time remaining: 2m 11s
Rendered 1137/5713, time remaining: 2m 12s
Rendered 1138/5713, time remaining: 2m 12s
Rendered 1139/5713, time remaining: 2m 12s
Rendered 1140/5713, time remaining: 2m 12s
Rendered 1141/5713, time remaining: 2m 13s
Rendered 1142/5713, time remaining: 2m 13s
Rendered 1143/5713, time remaining: 2m 12s
Rendered 1144/5713, time remaining: 2m 9s
Rendered 1145/5713, time remaining: 2m 11s
Rendered 1146/5713, time remaining: 2m 10s
Rendered 1147/5713, time remaining: 2m 12s
Rendered 1148/5713, time remaining: 2m 12s
Rendered 1149/5713, time remaining: 2m 13s
Rendered 1150/5713, time remaining: 2m 13s
Rendered 1151/5713, time remaining: 2m 12s
Rendered 1152/5713, time remaining: 2m 12s
Rendered 1153/5713, time remaining: 2m 12s
Rendered 1154/5713, time remaining: 2m 10s
Rendered 1155/5713, time remaining: 2m 10s
Rendered 1156/5713, time remaining: 2m 12s
Rendered 1157/5713, time remaining: 2m 13s
Rendered 1158/5713, time remaining: 2m 12s
Rendered 1159/5713, time remaining: 2m 9s
Rendered 1160/5713, time remaining: 2m 10s
Rendered 1161/5713, time remaining: 2m 10s
Rendered 1162/5713, time remaining: 2m 9s
Rendered 1163/5713, time remaining: 2m 11s
Rendered 1164/5713, time remaining: 2m 14s
Rendered 1165/5713, time remaining: 2m 13s
Rendered 1166/5713, time remaining: 2m 13s
Rendered 1167/5713, time remaining: 2m 12s
Rendered 1168/5713, time remaining: 2m 10s
Rendered 1169/5713, time remaining: 2m 10s
Rendered 1170/5713, time remaining: 2m 10s
Rendered 1171/5713, time remaining: 2m 12s
Rendered 1172/5713, time remaining: 2m 12s
Rendered 1173/5713, time remaining: 2m 12s
Rendered 1174/5713, time remaining: 2m 12s
Rendered 1175/5713, time remaining: 2m 12s
Rendered 1176/5713, time remaining: 2m 11s
Rendered 1177/5713, time remaining: 2m 14s
Rendered 1178/5713, time remaining: 2m 9s
Rendered 1179/5713, time remaining: 2m 11s
Rendered 1180/5713, time remaining: 2m 11s
Rendered 1181/5713, time remaining: 2m 11s
Rendered 1182/5713, time remaining: 2m 11s
Rendered 1183/5713, time remaining: 2m 11s
Rendered 1184/5713, time remaining: 2m 11s
Rendered 1185/5713, time remaining: 2m 10s
Rendered 1186/5713, time remaining: 2m 7s
Rendered 1187/5713, time remaining: 2m 11s
Rendered 1188/5713, time remaining: 2m 11s
Rendered 1189/5713, time remaining: 2m 11s
Rendered 1190/5713, time remaining: 2m 10s
Rendered 1191/5713, time remaining: 2m 13s
Rendered 1192/5713, time remaining: 2m 12s
Rendered 1193/5713, time remaining: 2m 10s
Rendered 1194/5713, time remaining: 2m 10s
Rendered 1195/5713, time remaining: 2m 10s
Rendered 1196/5713, time remaining: 2m 10s
Rendered 1197/5713, time remaining: 2m 10s
Rendered 1198/5713, time remaining: 2m 12s
Rendered 1199/5713, time remaining: 2m 12s
Rendered 1200/5713, time remaining: 2m 12s
Rendered 1201/5713, time remaining: 2m 10s
Rendered 1202/5713, time remaining: 2m 10s
Rendered 1203/5713, time remaining: 2m 9s
Rendered 1204/5713, time remaining: 2m 12s
Rendered 1205/5713, time remaining: 2m 11s
Rendered 1206/5713, time remaining: 2m 11s
Rendered 1207/5713, time remaining: 2m 10s
Rendered 1208/5713, time remaining: 2m 12s
Rendered 1209/5713, time remaining: 2m 12s
Rendered 1210/5713, time remaining: 2m 12s
Rendered 1211/5713, time remaining: 2m 13s
Rendered 1212/5713, time remaining: 2m 13s
Rendered 1213/5713, time remaining: 2m 9s
Rendered 1214/5713, time remaining: 2m 8s
Rendered 1215/5713, time remaining: 2m 11s
Rendered 1216/5713, time remaining: 2m 12s
Rendered 1217/5713, time remaining: 2m 11s
Rendered 1218/5713, time remaining: 2m 12s
Rendered 1219/5713, time remaining: 2m 12s
Rendered 1220/5713, time remaining: 2m 12s
Rendered 1221/5713, time remaining: 2m 9s
Rendered 1222/5713, time remaining: 2m 9s
Rendered 1223/5713, time remaining: 2m 11s
Rendered 1224/5713, time remaining: 2m 13s
Rendered 1225/5713, time remaining: 2m 10s
Rendered 1226/5713, time remaining: 2m 12s
Rendered 1227/5713, time remaining: 2m 11s
Rendered 1228/5713, time remaining: 2m 11s
Rendered 1229/5713, time remaining: 2m 11s
Rendered 1230/5713, time remaining: 2m 10s
Rendered 1231/5713, time remaining: 2m 10s
Rendered 1232/5713, time remaining: 2m 10s
Rendered 1233/5713, time remaining: 2m 12s
Rendered 1234/5713, time remaining: 2m 11s
Rendered 1235/5713, time remaining: 2m 11s
Rendered 1236/5713, time remaining: 2m 9s
Rendered 1237/5713, time remaining: 2m 10s
Rendered 1238/5713, time remaining: 2m 9s
Rendered 1239/5713, time remaining: 2m 9s
Rendered 1240/5713, time remaining: 2m 9s
Rendered 1241/5713, time remaining: 2m 13s
Rendered 1242/5713, time remaining: 2m 12s
Rendered 1243/5713, time remaining: 2m 12s
Rendered 1244/5713, time remaining: 2m 9s
Rendered 1245/5713, time remaining: 2m 9s
Rendered 1246/5713, time remaining: 2m 9s
Rendered 1247/5713, time remaining: 2m 9s
Rendered 1248/5713, time remaining: 2m 10s
Rendered 1249/5713, time remaining: 2m 9s
Rendered 1250/5713, time remaining: 2m 12s
Rendered 1251/5713, time remaining: 2m 12s
Rendered 1252/5713, time remaining: 2m 9s
Rendered 1253/5713, time remaining: 2m 10s
Rendered 1254/5713, time remaining: 2m 10s
Rendered 1255/5713, time remaining: 2m 9s
Rendered 1256/5713, time remaining: 2m 11s
Rendered 1257/5713, time remaining: 2m 11s
Rendered 1258/5713, time remaining: 2m 13s
Rendered 1259/5713, time remaining: 2m 12s
Rendered 1260/5713, time remaining: 2m 10s
Rendered 1261/5713, time remaining: 2m 10s
Rendered 1262/5713, time remaining: 2m 11s
Rendered 1263/5713, time remaining: 2m 9s
Rendered 1264/5713, time remaining: 2m 10s
Rendered 1265/5713, time remaining: 2m 10s
Rendered 1266/5713, time remaining: 2m 13s
Rendered 1267/5713, time remaining: 2m 10s
Rendered 1268/5713, time remaining: 2m 9s
Rendered 1269/5713, time remaining: 2m 9s
Rendered 1270/5713, time remaining: 2m 10s
Rendered 1271/5713, time remaining: 2m 9s
Rendered 1272/5713, time remaining: 2m 9s
Rendered 1273/5713, time remaining: 2m 11s
Rendered 1274/5713, time remaining: 2m 9s
Rendered 1275/5713, time remaining: 2m 8s
Rendered 1276/5713, time remaining: 2m 9s
Rendered 1277/5713, time remaining: 2m 10s
Rendered 1278/5713, time remaining: 2m 11s
Rendered 1279/5713, time remaining: 2m 9s
Rendered 1280/5713, time remaining: 2m 9s
Rendered 1281/5713, time remaining: 2m 12s
Rendered 1282/5713, time remaining: 2m 9s
Rendered 1283/5713, time remaining: 2m 9s
Rendered 1284/5713, time remaining: 2m 10s
Rendered 1285/5713, time remaining: 2m 9s
Rendered 1286/5713, time remaining: 2m 9s
Rendered 1287/5713, time remaining: 2m 9s
Rendered 1288/5713, time remaining: 2m 9s
Rendered 1289/5713, time remaining: 2m 9s
Rendered 1290/5713, time remaining: 2m 8s
Rendered 1291/5713, time remaining: 2m 9s
Rendered 1292/5713, time remaining: 2m 11s
Rendered 1293/5713, time remaining: 2m 10s
Rendered 1294/5713, time remaining: 2m 10s
Rendered 1295/5713, time remaining: 2m 10s
Rendered 1296/5713, time remaining: 2m 10s
Rendered 1297/5713, time remaining: 2m 8s
Rendered 1298/5713, time remaining: 2m 8s
Rendered 1299/5713, time remaining: 2m 8s
Rendered 1300/5713, time remaining: 2m 8s
Rendered 1301/5713, time remaining: 2m 9s
Rendered 1302/5713, time remaining: 2m 10s
Rendered 1303/5713, time remaining: 2m 7s
Rendered 1304/5713, time remaining: 2m 10s
Rendered 1305/5713, time remaining: 2m 10s
Rendered 1306/5713, time remaining: 2m 8s
Rendered 1307/5713, time remaining: 2m 6s
Rendered 1308/5713, time remaining: 2m 7s
Rendered 1309/5713, time remaining: 2m 7s
Rendered 1310/5713, time remaining: 2m 7s
Rendered 1311/5713, time remaining: 2m 7s
Rendered 1312/5713, time remaining: 2m 10s
Rendered 1313/5713, time remaining: 2m 8s
Rendered 1314/5713, time remaining: 2m 6s
Rendered 1315/5713, time remaining: 2m 7s
Rendered 1316/5713, time remaining: 2m 6s
Rendered 1317/5713, time remaining: 2m 8s
Rendered 1318/5713, time remaining: 2m 9s
Rendered 1319/5713, time remaining: 2m 9s
Rendered 1320/5713, time remaining: 2m 7s
Rendered 1321/5713, time remaining: 2m 5s
Rendered 1322/5713, time remaining: 2m 5s
Rendered 1323/5713, time remaining: 2m 7s
Rendered 1324/5713, time remaining: 2m 6s
Rendered 1325/5713, time remaining: 2m 9s
Rendered 1326/5713, time remaining: 2m 9s
Rendered 1327/5713, time remaining: 2m 7s
Rendered 1328/5713, time remaining: 2m 7s
Rendered 1329/5713, time remaining: 2m 5s
Rendered 1330/5713, time remaining: 2m 6s
Rendered 1331/5713, time remaining: 2m 5s
Rendered 1332/5713, time remaining: 2m 5s
Rendered 1333/5713, time remaining: 2m 8s
Rendered 1334/5713, time remaining: 2m 10s
Rendered 1335/5713, time remaining: 2m 9s
Rendered 1336/5713, time remaining: 2m 9s
Rendered 1337/5713, time remaining: 2m 5s
Rendered 1338/5713, time remaining: 2m 6s
Rendered 1339/5713, time remaining: 2m 5s
Rendered 1340/5713, time remaining: 2m 8s
Rendered 1341/5713, time remaining: 2m 5s
Rendered 1342/5713, time remaining: 2m 5s
Rendered 1343/5713, time remaining: 2m 6s
Rendered 1344/5713, time remaining: 2m 7s
Rendered 1345/5713, time remaining: 2m 5s
Rendered 1346/5713, time remaining: 2m 8s
Rendered 1347/5713, time remaining: 2m 9s
Rendered 1348/5713, time remaining: 2m 5s
Rendered 1349/5713, time remaining: 2m 5s
Rendered 1350/5713, time remaining: 2m 6s
Rendered 1351/5713, time remaining: 2m 7s
Rendered 1352/5713, time remaining: 2m 7s
Rendered 1353/5713, time remaining: 2m 7s
Rendered 1354/5713, time remaining: 2m 7s
Rendered 1355/5713, time remaining: 2m 7s
Rendered 1356/5713, time remaining: 2m 7s
Rendered 1357/5713, time remaining: 2m 6s
Rendered 1358/5713, time remaining: 2m 4s
Rendered 1359/5713, time remaining: 2m 7s
Rendered 1360/5713, time remaining: 2m 7s
Rendered 1361/5713, time remaining: 2m 7s
Rendered 1362/5713, time remaining: 2m 7s
Rendered 1363/5713, time remaining: 2m 7s
Rendered 1364/5713, time remaining: 2m 9s
Rendered 1365/5713, time remaining: 2m 6s
Rendered 1366/5713, time remaining: 2m 4s
Rendered 1367/5713, time remaining: 2m 6s
Rendered 1368/5713, time remaining: 2m 6s
Rendered 1369/5713, time remaining: 2m 6s
Rendered 1370/5713, time remaining: 2m 8s
Rendered 1371/5713, time remaining: 2m 8s
Rendered 1372/5713, time remaining: 2m 8s
Rendered 1373/5713, time remaining: 2m 7s
Rendered 1374/5713, time remaining: 2m 4s
Rendered 1375/5713, time remaining: 2m 6s
Rendered 1376/5713, time remaining: 2m 4s
Rendered 1377/5713, time remaining: 2m 6s
Rendered 1378/5713, time remaining: 2m 6s
Rendered 1379/5713, time remaining: 2m 7s
Rendered 1380/5713, time remaining: 2m 7s
Rendered 1381/5713, time remaining: 2m 6s
Rendered 1382/5713, time remaining: 2m 7s
Rendered 1383/5713, time remaining: 2m 6s
Rendered 1384/5713, time remaining: 2m 7s
Rendered 1385/5713, time remaining: 2m 6s
Rendered 1386/5713, time remaining: 2m 6s
Rendered 1387/5713, time remaining: 2m 5s
Rendered 1388/5713, time remaining: 2m 6s
Rendered 1389/5713, time remaining: 2m 6s
Rendered 1390/5713, time remaining: 2m 8s
Rendered 1391/5713, time remaining: 2m 4s
Rendered 1392/5713, time remaining: 2m 6s
Rendered 1393/5713, time remaining: 2m 5s
Rendered 1394/5713, time remaining: 2m 6s
Rendered 1395/5713, time remaining: 2m 6s
Rendered 1396/5713, time remaining: 2m 6s
Rendered 1397/5713, time remaining: 2m 6s
Rendered 1398/5713, time remaining: 2m 5s
Rendered 1399/5713, time remaining: 2m 6s
Rendered 1400/5713, time remaining: 2m 5s
Rendered 1401/5713, time remaining: 2m 5s
Rendered 1402/5713, time remaining: 2m 5s
Rendered 1403/5713, time remaining: 2m 5s
Rendered 1404/5713, time remaining: 2m 5s
Rendered 1405/5713, time remaining: 2m 4s
Rendered 1406/5713, time remaining: 2m 6s
Rendered 1407/5713, time remaining: 2m 6s
Rendered 1408/5713, time remaining: 2m 4s
Rendered 1409/5713, time remaining: 2m 5s
Rendered 1410/5713, time remaining: 2m 4s
Rendered 1411/5713, time remaining: 2m 4s
Rendered 1412/5713, time remaining: 2m 3s
Rendered 1413/5713, time remaining: 2m 3s
Rendered 1414/5713, time remaining: 2m 5s
Rendered 1415/5713, time remaining: 2m 6s
Rendered 1416/5713, time remaining: 2m 4s
Rendered 1417/5713, time remaining: 2m 4s
Rendered 1418/5713, time remaining: 2m 4s
Rendered 1419/5713, time remaining: 2m 4s
Rendered 1420/5713, time remaining: 2m 3s
Rendered 1421/5713, time remaining: 2m 5s
Rendered 1422/5713, time remaining: 2m 7s
Rendered 1423/5713, time remaining: 2m 6s
Rendered 1424/5713, time remaining: 2m 5s
Rendered 1425/5713, time remaining: 2m 6s
Rendered 1426/5713, time remaining: 2m 2s
Rendered 1427/5713, time remaining: 2m 4s
Rendered 1428/5713, time remaining: 2m 3s
Rendered 1429/5713, time remaining: 2m 3s
Rendered 1430/5713, time remaining: 2m 5s
Rendered 1431/5713, time remaining: 2m 4s
Rendered 1432/5713, time remaining: 2m 4s
Rendered 1433/5713, time remaining: 2m 4s
Rendered 1434/5713, time remaining: 2m 3s
Rendered 1435/5713, time remaining: 2m 4s
Rendered 1436/5713, time remaining: 2m 4s
Rendered 1437/5713, time remaining: 2m 6s
Rendered 1438/5713, time remaining: 2m 5s
Rendered 1439/5713, time remaining: 2m 6s
Rendered 1440/5713, time remaining: 2m 6s
Rendered 1441/5713, time remaining: 2m 5s
Rendered 1442/5713, time remaining: 2m 3s
Rendered 1443/5713, time remaining: 2m 5s
Rendered 1444/5713, time remaining: 2m 6s
Rendered 1445/5713, time remaining: 2m 4s
Rendered 1446/5713, time remaining: 2m 5s
Rendered 1447/5713, time remaining: 2m 5s
Rendered 1448/5713, time remaining: 2m 5s
Rendered 1449/5713, time remaining: 2m 3s
Rendered 1450/5713, time remaining: 2m 5s
Rendered 1451/5713, time remaining: 2m 5s
Rendered 1452/5713, time remaining: 2m 5s
Rendered 1453/5713, time remaining: 2m 5s
Rendered 1454/5713, time remaining: 2m 3s
Rendered 1455/5713, time remaining: 2m 3s
Rendered 1456/5713, time remaining: 2m 4s
Rendered 1457/5713, time remaining: 2m 6s
Rendered 1458/5713, time remaining: 2m 6s
Rendered 1459/5713, time remaining: 2m 6s
Rendered 1460/5713, time remaining: 2m 6s
Rendered 1461/5713, time remaining: 2m 6s
Rendered 1462/5713, time remaining: 2m 3s
Rendered 1463/5713, time remaining: 2m 5s
Rendered 1464/5713, time remaining: 2m 6s
Rendered 1465/5713, time remaining: 2m 5s
Rendered 1466/5713, time remaining: 2m 5s
Rendered 1467/5713, time remaining: 2m 4s
Rendered 1468/5713, time remaining: 2m 3s
Rendered 1469/5713, time remaining: 2m 3s
Rendered 1470/5713, time remaining: 2m 3s
Rendered 1471/5713, time remaining: 2m 7s
Rendered 1472/5713, time remaining: 2m 6s
Rendered 1473/5713, time remaining: 2m 4s
Rendered 1474/5713, time remaining: 2m 5s
Rendered 1475/5713, time remaining: 2m 3s
Rendered 1476/5713, time remaining: 2m 3s
Rendered 1477/5713, time remaining: 2m 2s
Rendered 1478/5713, time remaining: 2m 6s
Rendered 1479/5713, time remaining: 2m 6s
Rendered 1480/5713, time remaining: 2m 5s
Rendered 1481/5713, time remaining: 2m 7s
Rendered 1482/5713, time remaining: 2m 6s
Rendered 1483/5713, time remaining: 2m 4s
Rendered 1484/5713, time remaining: 2m 2s
Rendered 1485/5713, time remaining: 2m 2s
Rendered 1486/5713, time remaining: 2m 2s
Rendered 1487/5713, time remaining: 2m 6s
Rendered 1488/5713, time remaining: 2m 5s
Rendered 1489/5713, time remaining: 2m 7s
Rendered 1490/5713, time remaining: 2m 4s
Rendered 1491/5713, time remaining: 2m 4s
Rendered 1492/5713, time remaining: 2m 4s
Rendered 1493/5713, time remaining: 2m 4s
Rendered 1494/5713, time remaining: 2m 4s
Rendered 1495/5713, time remaining: 2m 4s
Rendered 1496/5713, time remaining: 2m 1s
Rendered 1497/5713, time remaining: 2m 4s
Rendered 1498/5713, time remaining: 2m 4s
Rendered 1499/5713, time remaining: 2m 5s
Rendered 1500/5713, time remaining: 2m 5s
Rendered 1501/5713, time remaining: 2m 4s
Rendered 1502/5713, time remaining: 2m 4s
Rendered 1503/5713, time remaining: 2m 4s
Rendered 1504/5713, time remaining: 2m 2s
Rendered 1505/5713, time remaining: 2m 5s
Rendered 1506/5713, time remaining: 2m 5s
Rendered 1507/5713, time remaining: 2m 5s
Rendered 1508/5713, time remaining: 2m 5s
Rendered 1509/5713, time remaining: 2m 3s
Rendered 1510/5713, time remaining: 2m 3s
Rendered 1511/5713, time remaining: 2m 1s
Rendered 1512/5713, time remaining: 2m 4s
Rendered 1513/5713, time remaining: 2m 6s
Rendered 1514/5713, time remaining: 2m 4s
Rendered 1515/5713, time remaining: 2m 4s
Rendered 1516/5713, time remaining: 2m 5s
Rendered 1517/5713, time remaining: 2m 3s
Rendered 1518/5713, time remaining: 2m 3s
Rendered 1519/5713, time remaining: 2m 4s
Rendered 1520/5713, time remaining: 2m 1s
Rendered 1521/5713, time remaining: 2m 5s
Rendered 1522/5713, time remaining: 2m 5s
Rendered 1523/5713, time remaining: 2m 4s
Rendered 1524/5713, time remaining: 2m 4s
Rendered 1525/5713, time remaining: 2m 2s
Rendered 1526/5713, time remaining: 2m 2s
Rendered 1527/5713, time remaining: 2m 1s
Rendered 1528/5713, time remaining: 2m 4s
Rendered 1529/5713, time remaining: 2m 3s
Rendered 1530/5713, time remaining: 2m 5s
Rendered 1531/5713, time remaining: 2m 4s
Rendered 1532/5713, time remaining: 2m 3s
Rendered 1533/5713, time remaining: 2m 3s
Rendered 1534/5713, time remaining: 2m 3s
Rendered 1535/5713, time remaining: 2m 3s
Rendered 1536/5713, time remaining: 2m 3s
Rendered 1537/5713, time remaining: 2m 3s
Rendered 1538/5713, time remaining: 2m 4s
Rendered 1539/5713, time remaining: 2m 4s
Rendered 1540/5713, time remaining: 2m 2s
Rendered 1541/5713, time remaining: 2m 4s
Rendered 1542/5713, time remaining: 2m 1s
Rendered 1543/5713, time remaining: 2m 4s
Rendered 1544/5713, time remaining: 2m 3s
Rendered 1545/5713, time remaining: 2m 3s
Rendered 1546/5713, time remaining: 2m 3s
Rendered 1547/5713, time remaining: 2m 3s
Rendered 1548/5713, time remaining: 2m 3s
Rendered 1549/5713, time remaining: 2m 3s
Rendered 1550/5713, time remaining: 2m 0s
Rendered 1551/5713, time remaining: 2m 4s
Rendered 1552/5713, time remaining: 2m 4s
Rendered 1553/5713, time remaining: 2m 3s
Rendered 1554/5713, time remaining: 2m 4s
Rendered 1555/5713, time remaining: 2m 4s
Rendered 1556/5713, time remaining: 2m 1s
Rendered 1557/5713, time remaining: 2m 1s
Rendered 1558/5713, time remaining: 2m 2s
Rendered 1559/5713, time remaining: 2m 5s
Rendered 1560/5713, time remaining: 2m 5s
Rendered 1561/5713, time remaining: 2m 5s
Rendered 1562/5713, time remaining: 2m 6s
Rendered 1563/5713, time remaining: 2m 5s
Rendered 1564/5713, time remaining: 2m 2s
Rendered 1565/5713, time remaining: 2m 1s
Rendered 1566/5713, time remaining: 2m 3s
Rendered 1567/5713, time remaining: 2m 4s
Rendered 1568/5713, time remaining: 2m 5s
Rendered 1569/5713, time remaining: 2m 5s
Rendered 1570/5713, time remaining: 2m 5s
Rendered 1571/5713, time remaining: 2m 3s
Rendered 1572/5713, time remaining: 2m 2s
Rendered 1573/5713, time remaining: 2m 5s
Rendered 1574/5713, time remaining: 2m 5s
Rendered 1575/5713, time remaining: 2m 5s
Rendered 1576/5713, time remaining: 2m 7s
Rendered 1577/5713, time remaining: 2m 4s
Rendered 1578/5713, time remaining: 2m 4s
Rendered 1579/5713, time remaining: 2m 4s
Rendered 1580/5713, time remaining: 2m 2s
Rendered 1581/5713, time remaining: 2m 4s
Rendered 1582/5713, time remaining: 2m 4s
Rendered 1583/5713, time remaining: 2m 6s
Rendered 1584/5713, time remaining: 2m 5s
Rendered 1585/5713, time remaining: 2m 5s
Rendered 1586/5713, time remaining: 2m 5s
Rendered 1587/5713, time remaining: 2m 2s
Rendered 1588/5713, time remaining: 2m 2s
Rendered 1589/5713, time remaining: 2m 1s
Rendered 1590/5713, time remaining: 2m 1s
Rendered 1591/5713, time remaining: 2m 6s
Rendered 1592/5713, time remaining: 2m 6s
Rendered 1593/5713, time remaining: 2m 4s
Rendered 1594/5713, time remaining: 2m 3s
Rendered 1595/5713, time remaining: 2m 4s
Rendered 1596/5713, time remaining: 2m 3s
Rendered 1597/5713, time remaining: 2m 3s
Rendered 1598/5713, time remaining: 2m 4s
Rendered 1599/5713, time remaining: 2m 5s
Rendered 1600/5713, time remaining: 2m 5s
Rendered 1601/5713, time remaining: 2m 5s
Rendered 1602/5713, time remaining: 2m 4s
Rendered 1603/5713, time remaining: 2m 5s
Rendered 1604/5713, time remaining: 2m 4s
Rendered 1605/5713, time remaining: 2m 4s
Rendered 1606/5713, time remaining: 2m 3s
Rendered 1607/5713, time remaining: 2m 2s
Rendered 1608/5713, time remaining: 2m 3s
Rendered 1609/5713, time remaining: 2m 5s
Rendered 1610/5713, time remaining: 2m 4s
Rendered 1611/5713, time remaining: 2m 5s
Rendered 1612/5713, time remaining: 2m 5s
Rendered 1613/5713, time remaining: 2m 3s
Rendered 1614/5713, time remaining: 2m 3s
Rendered 1615/5713, time remaining: 2m 3s
Rendered 1616/5713, time remaining: 2m 3s
Rendered 1617/5713, time remaining: 2m 4s
Rendered 1618/5713, time remaining: 2m 5s
Rendered 1619/5713, time remaining: 2m 5s
Rendered 1620/5713, time remaining: 2m 6s
Rendered 1621/5713, time remaining: 2m 3s
Rendered 1622/5713, time remaining: 2m 4s
Rendered 1623/5713, time remaining: 2m 4s
Rendered 1624/5713, time remaining: 2m 4s
Rendered 1625/5713, time remaining: 2m 5s
Rendered 1626/5713, time remaining: 2m 5s
Rendered 1627/5713, time remaining: 2m 5s
Rendered 1628/5713, time remaining: 2m 3s
Rendered 1629/5713, time remaining: 2m 4s
Rendered 1630/5713, time remaining: 2m 4s
Rendered 1631/5713, time remaining: 2m 2s
Rendered 1632/5713, time remaining: 2m 2s
Rendered 1633/5713, time remaining: 2m 2s
Rendered 1634/5713, time remaining: 2m 7s
Rendered 1635/5713, time remaining: 2m 6s
Rendered 1636/5713, time remaining: 2m 6s
Rendered 1637/5713, time remaining: 2m 2s
Rendered 1638/5713, time remaining: 2m 3s
Rendered 1639/5713, time remaining: 2m 1s
Rendered 1640/5713, time remaining: 2m 1s
Rendered 1641/5713, time remaining: 2m 1s
Rendered 1642/5713, time remaining: 2m 5s
Rendered 1643/5713, time remaining: 2m 5s
Rendered 1644/5713, time remaining: 2m 4s
Rendered 1645/5713, time remaining: 2m 5s
Rendered 1646/5713, time remaining: 2m 5s
Rendered 1647/5713, time remaining: 2m 1s
Rendered 1648/5713, time remaining: 2m 1s
Rendered 1649/5713, time remaining: 2m 0s
Rendered 1650/5713, time remaining: 2m 5s
Rendered 1651/5713, time remaining: 2m 5s
Rendered 1652/5713, time remaining: 2m 5s
Rendered 1653/5713, time remaining: 2m 5s
Rendered 1654/5713, time remaining: 2m 5s
Rendered 1655/5713, time remaining: 2m 2s
Rendered 1656/5713, time remaining: 2m 1s
Rendered 1657/5713, time remaining: 2m 1s
Rendered 1658/5713, time remaining: 2m 5s
Rendered 1659/5713, time remaining: 2m 4s
Rendered 1660/5713, time remaining: 2m 4s
Rendered 1661/5713, time remaining: 2m 5s
Rendered 1662/5713, time remaining: 2m 2s
Rendered 1663/5713, time remaining: 2m 1s
Rendered 1664/5713, time remaining: 2m 1s
Rendered 1665/5713, time remaining: 2m 1s
Rendered 1666/5713, time remaining: 2m 2s
Rendered 1667/5713, time remaining: 2m 5s
Rendered 1668/5713, time remaining: 2m 5s
Rendered 1669/5713, time remaining: 2m 4s
Rendered 1670/5713, time remaining: 2m 5s
Rendered 1671/5713, time remaining: 2m 1s
Rendered 1672/5713, time remaining: 2m 1s
Rendered 1673/5713, time remaining: 2m 3s
Rendered 1674/5713, time remaining: 2m 3s
Rendered 1675/5713, time remaining: 2m 3s
Rendered 1676/5713, time remaining: 2m 3s
Rendered 1677/5713, time remaining: 2m 5s
Rendered 1678/5713, time remaining: 2m 3s
Rendered 1679/5713, time remaining: 2m 2s
Rendered 1680/5713, time remaining: 2m 1s
Rendered 1681/5713, time remaining: 2m 4s
Rendered 1682/5713, time remaining: 2m 5s
Rendered 1683/5713, time remaining: 2m 3s
Rendered 1684/5713, time remaining: 2m 3s
Rendered 1685/5713, time remaining: 2m 3s
Rendered 1686/5713, time remaining: 2m 3s
Rendered 1687/5713, time remaining: 2m 5s
Rendered 1688/5713, time remaining: 2m 3s
Rendered 1689/5713, time remaining: 2m 4s
Rendered 1690/5713, time remaining: 2m 4s
Rendered 1691/5713, time remaining: 2m 3s
Rendered 1692/5713, time remaining: 2m 3s
Rendered 1693/5713, time remaining: 2m 1s
Rendered 1694/5713, time remaining: 2m 2s
Rendered 1695/5713, time remaining: 2m 2s
Rendered 1696/5713, time remaining: 2m 2s
Rendered 1697/5713, time remaining: 2m 4s
Rendered 1698/5713, time remaining: 2m 4s
Rendered 1699/5713, time remaining: 2m 3s
Rendered 1700/5713, time remaining: 2m 4s
Rendered 1701/5713, time remaining: 2m 2s
Rendered 1702/5713, time remaining: 2m 3s
Rendered 1703/5713, time remaining: 2m 3s
Rendered 1704/5713, time remaining: 2m 2s
Rendered 1705/5713, time remaining: 2m 2s
Rendered 1706/5713, time remaining: 2m 3s
Rendered 1707/5713, time remaining: 2m 2s
Rendered 1708/5713, time remaining: 2m 2s
Rendered 1709/5713, time remaining: 1m 59s
Rendered 1710/5713, time remaining: 2m 2s
Rendered 1711/5713, time remaining: 2m 2s
Rendered 1712/5713, time remaining: 2m 2s
Rendered 1713/5713, time remaining: 2m 2s
Rendered 1714/5713, time remaining: 2m 2s
Rendered 1715/5713, time remaining: 2m 5s
Rendered 1716/5713, time remaining: 2m 3s
Rendered 1717/5713, time remaining: 2m 2s
Rendered 1718/5713, time remaining: 2m 1s
Rendered 1719/5713, time remaining: 2m 1s
Rendered 1720/5713, time remaining: 2m 0s
Rendered 1721/5713, time remaining: 2m 0s
Rendered 1722/5713, time remaining: 2m 4s
Rendered 1723/5713, time remaining: 2m 1s
Rendered 1724/5713, time remaining: 2m 0s
Rendered 1725/5713, time remaining: 2m 0s
Rendered 1726/5713, time remaining: 1m 58s
Rendered 1727/5713, time remaining: 2m 1s
Rendered 1728/5713, time remaining: 2m 1s
Rendered 1729/5713, time remaining: 2m 1s
Rendered 1730/5713, time remaining: 2m 3s
Rendered 1731/5713, time remaining: 2m 1s
Rendered 1732/5713, time remaining: 2m 0s
Rendered 1733/5713, time remaining: 2m 0s
Rendered 1734/5713, time remaining: 1m 59s
Rendered 1735/5713, time remaining: 2m 1s
Rendered 1736/5713, time remaining: 2m 1s
Rendered 1737/5713, time remaining: 2m 1s
Rendered 1738/5713, time remaining: 2m 1s
Rendered 1739/5713, time remaining: 2m 2s
Rendered 1740/5713, time remaining: 2m 3s
Rendered 1741/5713, time remaining: 1m 59s
Rendered 1742/5713, time remaining: 2m 0s
Rendered 1743/5713, time remaining: 2m 0s
Rendered 1744/5713, time remaining: 2m 0s
Rendered 1745/5713, time remaining: 2m 0s
Rendered 1746/5713, time remaining: 1m 59s
Rendered 1747/5713, time remaining: 2m 1s
Rendered 1748/5713, time remaining: 2m 0s
Rendered 1749/5713, time remaining: 2m 0s
Rendered 1750/5713, time remaining: 1m 58s
Rendered 1751/5713, time remaining: 1m 59s
Rendered 1752/5713, time remaining: 1m 58s
Rendered 1753/5713, time remaining: 1m 58s
Rendered 1754/5713, time remaining: 2m 0s
Rendered 1755/5713, time remaining: 2m 1s
Rendered 1756/5713, time remaining: 2m 1s
Rendered 1757/5713, time remaining: 2m 0s
Rendered 1758/5713, time remaining: 2m 0s
Rendered 1759/5713, time remaining: 1m 59s
Rendered 1760/5713, time remaining: 1m 59s
Rendered 1761/5713, time remaining: 2m 0s
Rendered 1762/5713, time remaining: 2m 0s
Rendered 1763/5713, time remaining: 1m 59s
Rendered 1764/5713, time remaining: 1m 58s
Rendered 1765/5713, time remaining: 1m 58s
Rendered 1766/5713, time remaining: 2m 2s
Rendered 1767/5713, time remaining: 1m 59s
Rendered 1768/5713, time remaining: 1m 59s
Rendered 1769/5713, time remaining: 2m 0s
Rendered 1770/5713, time remaining: 1m 59s
Rendered 1771/5713, time remaining: 1m 58s
Rendered 1772/5713, time remaining: 1m 57s
Rendered 1773/5713, time remaining: 1m 59s
Rendered 1774/5713, time remaining: 2m 1s
Rendered 1775/5713, time remaining: 1m 59s
Rendered 1776/5713, time remaining: 1m 59s
Rendered 1777/5713, time remaining: 1m 59s
Rendered 1778/5713, time remaining: 1m 58s
Rendered 1779/5713, time remaining: 1m 58s
Rendered 1780/5713, time remaining: 1m 59s
Rendered 1781/5713, time remaining: 2m 0s
Rendered 1782/5713, time remaining: 2m 2s
Rendered 1783/5713, time remaining: 2m 1s
Rendered 1784/5713, time remaining: 1m 59s
Rendered 1785/5713, time remaining: 1m 59s
Rendered 1786/5713, time remaining: 1m 59s
Rendered 1787/5713, time remaining: 1m 59s
Rendered 1788/5713, time remaining: 2m 0s
Rendered 1789/5713, time remaining: 2m 0s
Rendered 1790/5713, time remaining: 2m 2s
Rendered 1791/5713, time remaining: 2m 2s
Rendered 1792/5713, time remaining: 1m 57s
Rendered 1793/5713, time remaining: 2m 0s
Rendered 1794/5713, time remaining: 1m 59s
Rendered 1795/5713, time remaining: 1m 58s
Rendered 1796/5713, time remaining: 1m 59s
Rendered 1797/5713, time remaining: 2m 0s
Rendered 1798/5713, time remaining: 2m 0s
Rendered 1799/5713, time remaining: 1m 59s
Rendered 1800/5713, time remaining: 1m 59s
Rendered 1801/5713, time remaining: 1m 59s
Rendered 1802/5713, time remaining: 1m 59s
Rendered 1803/5713, time remaining: 1m 58s
Rendered 1804/5713, time remaining: 1m 59s
Rendered 1805/5713, time remaining: 1m 59s
Rendered 1806/5713, time remaining: 1m 59s
Rendered 1807/5713, time remaining: 1m 59s
Rendered 1808/5713, time remaining: 1m 59s
Rendered 1809/5713, time remaining: 1m 58s
Rendered 1810/5713, time remaining: 1m 58s
Rendered 1811/5713, time remaining: 1m 57s
Rendered 1812/5713, time remaining: 1m 59s
Rendered 1813/5713, time remaining: 1m 58s
Rendered 1814/5713, time remaining: 1m 58s
Rendered 1815/5713, time remaining: 1m 59s
Rendered 1816/5713, time remaining: 2m 1s
Rendered 1817/5713, time remaining: 1m 57s
Rendered 1818/5713, time remaining: 1m 57s
Rendered 1819/5713, time remaining: 1m 57s
Rendered 1820/5713, time remaining: 1m 57s
Rendered 1821/5713, time remaining: 1m 57s
Rendered 1822/5713, time remaining: 1m 57s
Rendered 1823/5713, time remaining: 1m 55s
Rendered 1824/5713, time remaining: 1m 59s
Rendered 1825/5713, time remaining: 1m 59s
Rendered 1826/5713, time remaining: 2m 0s
Rendered 1827/5713, time remaining: 1m 57s
Rendered 1828/5713, time remaining: 1m 57s
Rendered 1829/5713, time remaining: 1m 57s
Rendered 1830/5713, time remaining: 1m 57s
Rendered 1831/5713, time remaining: 1m 56s
Rendered 1832/5713, time remaining: 1m 58s
Rendered 1833/5713, time remaining: 1m 57s
Rendered 1834/5713, time remaining: 1m 58s
Rendered 1835/5713, time remaining: 1m 58s
Rendered 1836/5713, time remaining: 2m 0s
Rendered 1837/5713, time remaining: 1m 58s
Rendered 1838/5713, time remaining: 1m 57s
Rendered 1839/5713, time remaining: 1m 56s
Rendered 1840/5713, time remaining: 1m 56s
Rendered 1841/5713, time remaining: 1m 55s
Rendered 1842/5713, time remaining: 1m 57s
Rendered 1843/5713, time remaining: 1m 57s
Rendered 1844/5713, time remaining: 1m 59s
Rendered 1845/5713, time remaining: 1m 59s
Rendered 1846/5713, time remaining: 1m 58s
Rendered 1847/5713, time remaining: 1m 57s
Rendered 1848/5713, time remaining: 1m 57s
Rendered 1849/5713, time remaining: 1m 56s
Rendered 1850/5713, time remaining: 1m 56s
Rendered 1851/5713, time remaining: 1m 58s
Rendered 1852/5713, time remaining: 1m 57s
Rendered 1853/5713, time remaining: 1m 57s
Rendered 1854/5713, time remaining: 1m 57s
Rendered 1855/5713, time remaining: 1m 58s
Rendered 1856/5713, time remaining: 1m 58s
Rendered 1857/5713, time remaining: 1m 59s
Rendered 1858/5713, time remaining: 1m 58s
Rendered 1859/5713, time remaining: 1m 58s
Rendered 1860/5713, time remaining: 1m 57s
Rendered 1861/5713, time remaining: 1m 56s
Rendered 1862/5713, time remaining: 1m 58s
Rendered 1863/5713, time remaining: 1m 58s
Rendered 1864/5713, time remaining: 1m 57s
Rendered 1865/5713, time remaining: 1m 56s
Rendered 1866/5713, time remaining: 1m 56s
Rendered 1867/5713, time remaining: 1m 57s
Rendered 1868/5713, time remaining: 1m 57s
Rendered 1869/5713, time remaining: 1m 58s
Rendered 1870/5713, time remaining: 1m 58s
Rendered 1871/5713, time remaining: 1m 59s
Rendered 1872/5713, time remaining: 1m 55s
Rendered 1873/5713, time remaining: 1m 55s
Rendered 1874/5713, time remaining: 1m 55s
Rendered 1875/5713, time remaining: 1m 59s
Rendered 1876/5713, time remaining: 1m 59s
Rendered 1877/5713, time remaining: 1m 57s
Rendered 1878/5713, time remaining: 1m 57s
Rendered 1879/5713, time remaining: 1m 57s
Rendered 1880/5713, time remaining: 1m 57s
Rendered 1881/5713, time remaining: 1m 58s
Rendered 1882/5713, time remaining: 1m 58s
Rendered 1883/5713, time remaining: 1m 57s
Rendered 1884/5713, time remaining: 1m 57s
Rendered 1885/5713, time remaining: 1m 56s
Rendered 1886/5713, time remaining: 1m 56s
Rendered 1887/5713, time remaining: 1m 57s
Rendered 1888/5713, time remaining: 1m 57s
Rendered 1889/5713, time remaining: 1m 56s
Rendered 1890/5713, time remaining: 1m 57s
Rendered 1891/5713, time remaining: 1m 57s
Rendered 1892/5713, time remaining: 1m 57s
Rendered 1893/5713, time remaining: 1m 56s
Rendered 1894/5713, time remaining: 1m 58s
Rendered 1895/5713, time remaining: 1m 58s
Rendered 1896/5713, time remaining: 1m 58s
Rendered 1897/5713, time remaining: 1m 56s
Rendered 1898/5713, time remaining: 1m 56s
Rendered 1899/5713, time remaining: 1m 55s
Rendered 1900/5713, time remaining: 1m 56s
Rendered 1901/5713, time remaining: 1m 55s
Rendered 1902/5713, time remaining: 1m 59s
Rendered 1903/5713, time remaining: 1m 59s
Rendered 1904/5713, time remaining: 1m 56s
Rendered 1905/5713, time remaining: 1m 55s
Rendered 1906/5713, time remaining: 1m 55s
Rendered 1907/5713, time remaining: 1m 57s
Rendered 1908/5713, time remaining: 1m 55s
Rendered 1909/5713, time remaining: 1m 54s
Rendered 1910/5713, time remaining: 1m 57s
Rendered 1911/5713, time remaining: 1m 56s
Rendered 1912/5713, time remaining: 1m 56s
Rendered 1913/5713, time remaining: 1m 56s
Rendered 1914/5713, time remaining: 1m 57s
Rendered 1915/5713, time remaining: 1m 57s
Rendered 1916/5713, time remaining: 1m 56s
Rendered 1917/5713, time remaining: 1m 56s
Rendered 1918/5713, time remaining: 1m 56s
Rendered 1919/5713, time remaining: 1m 55s
Rendered 1920/5713, time remaining: 1m 58s
Rendered 1921/5713, time remaining: 1m 58s
Rendered 1922/5713, time remaining: 1m 58s
Rendered 1923/5713, time remaining: 1m 57s
Rendered 1924/5713, time remaining: 1m 54s
Rendered 1925/5713, time remaining: 1m 54s
Rendered 1926/5713, time remaining: 1m 56s
Rendered 1927/5713, time remaining: 1m 56s
Rendered 1928/5713, time remaining: 1m 58s
Rendered 1929/5713, time remaining: 1m 57s
Rendered 1930/5713, time remaining: 1m 56s
Rendered 1931/5713, time remaining: 1m 55s
Rendered 1932/5713, time remaining: 1m 55s
Rendered 1933/5713, time remaining: 1m 55s
Rendered 1934/5713, time remaining: 1m 54s
Rendered 1935/5713, time remaining: 1m 54s
Rendered 1936/5713, time remaining: 1m 56s
Rendered 1937/5713, time remaining: 1m 58s
Rendered 1938/5713, time remaining: 1m 55s
Rendered 1939/5713, time remaining: 1m 55s
Rendered 1940/5713, time remaining: 1m 55s
Rendered 1941/5713, time remaining: 1m 55s
Rendered 1942/5713, time remaining: 1m 55s
Rendered 1943/5713, time remaining: 1m 53s
Rendered 1944/5713, time remaining: 1m 54s
Rendered 1945/5713, time remaining: 1m 55s
Rendered 1946/5713, time remaining: 1m 54s
Rendered 1947/5713, time remaining: 1m 57s
Rendered 1948/5713, time remaining: 1m 57s
Rendered 1949/5713, time remaining: 1m 57s
Rendered 1950/5713, time remaining: 1m 54s
Rendered 1951/5713, time remaining: 1m 57s
Rendered 1952/5713, time remaining: 1m 57s
Rendered 1953/5713, time remaining: 1m 57s
Rendered 1954/5713, time remaining: 1m 55s
Rendered 1955/5713, time remaining: 1m 55s
Rendered 1956/5713, time remaining: 1m 55s
Rendered 1957/5713, time remaining: 1m 56s
Rendered 1958/5713, time remaining: 1m 53s
Rendered 1959/5713, time remaining: 1m 56s
Rendered 1960/5713, time remaining: 1m 56s
Rendered 1961/5713, time remaining: 1m 57s
Rendered 1962/5713, time remaining: 1m 56s
Rendered 1963/5713, time remaining: 1m 56s
Rendered 1964/5713, time remaining: 1m 56s
Rendered 1965/5713, time remaining: 1m 55s
Rendered 1966/5713, time remaining: 1m 52s
Rendered 1967/5713, time remaining: 1m 57s
Rendered 1968/5713, time remaining: 1m 57s
Rendered 1969/5713, time remaining: 1m 56s
Rendered 1970/5713, time remaining: 1m 57s
Rendered 1971/5713, time remaining: 1m 57s
Rendered 1972/5713, time remaining: 1m 57s
Rendered 1973/5713, time remaining: 1m 57s
Rendered 1974/5713, time remaining: 1m 53s
Rendered 1975/5713, time remaining: 1m 56s
Rendered 1976/5713, time remaining: 1m 56s
Rendered 1977/5713, time remaining: 1m 56s
Rendered 1978/5713, time remaining: 1m 56s
Rendered 1979/5713, time remaining: 1m 56s
Rendered 1980/5713, time remaining: 1m 56s
Rendered 1981/5713, time remaining: 1m 55s
Rendered 1982/5713, time remaining: 1m 55s
Rendered 1983/5713, time remaining: 1m 57s
Rendered 1984/5713, time remaining: 1m 56s
Rendered 1985/5713, time remaining: 1m 55s
Rendered 1986/5713, time remaining: 1m 54s
Rendered 1987/5713, time remaining: 1m 55s
Rendered 1988/5713, time remaining: 1m 55s
Rendered 1989/5713, time remaining: 1m 55s
Rendered 1990/5713, time remaining: 1m 57s
Rendered 1991/5713, time remaining: 1m 59s
Rendered 1992/5713, time remaining: 1m 56s
Rendered 1993/5713, time remaining: 1m 58s
Rendered 1994/5713, time remaining: 1m 54s
Rendered 1995/5713, time remaining: 1m 54s
Rendered 1996/5713, time remaining: 1m 55s
Rendered 1997/5713, time remaining: 1m 54s
Rendered 1998/5713, time remaining: 1m 55s
Rendered 1999/5713, time remaining: 1m 57s
Rendered 2000/5713, time remaining: 1m 57s
Rendered 2001/5713, time remaining: 1m 54s
Rendered 2002/5713, time remaining: 1m 53s
Rendered 2003/5713, time remaining: 1m 53s
Rendered 2004/5713, time remaining: 1m 56s
Rendered 2005/5713, time remaining: 1m 55s
Rendered 2006/5713, time remaining: 1m 54s
Rendered 2007/5713, time remaining: 1m 56s
Rendered 2008/5713, time remaining: 1m 56s
Rendered 2009/5713, time remaining: 1m 57s
Rendered 2010/5713, time remaining: 1m 56s
Rendered 2011/5713, time remaining: 1m 55s
Rendered 2012/5713, time remaining: 1m 54s
Rendered 2013/5713, time remaining: 1m 54s
Rendered 2014/5713, time remaining: 1m 54s
Rendered 2015/5713, time remaining: 1m 55s
Rendered 2016/5713, time remaining: 1m 55s
Rendered 2017/5713, time remaining: 1m 57s
Rendered 2018/5713, time remaining: 1m 57s
Rendered 2019/5713, time remaining: 1m 56s
Rendered 2020/5713, time remaining: 1m 56s
Rendered 2021/5713, time remaining: 1m 55s
Rendered 2022/5713, time remaining: 1m 55s
Rendered 2023/5713, time remaining: 1m 55s
Rendered 2024/5713, time remaining: 1m 55s
Rendered 2025/5713, time remaining: 1m 52s
Rendered 2026/5713, time remaining: 1m 52s
Rendered 2027/5713, time remaining: 1m 52s
Rendered 2028/5713, time remaining: 1m 52s
Rendered 2029/5713, time remaining: 1m 52s
Rendered 2030/5713, time remaining: 1m 50s
Rendered 2031/5713, time remaining: 1m 49s
Rendered 2032/5713, time remaining: 1m 49s
Rendered 2033/5713, time remaining: 1m 48s
Rendered 2034/5713, time remaining: 1m 48s
Rendered 2035/5713, time remaining: 1m 48s
Rendered 2036/5713, time remaining: 1m 48s
Rendered 2037/5713, time remaining: 1m 47s
Rendered 2038/5713, time remaining: 1m 47s
Rendered 2039/5713, time remaining: 1m 46s
Rendered 2040/5713, time remaining: 1m 46s
Rendered 2041/5713, time remaining: 1m 46s
Rendered 2042/5713, time remaining: 1m 46s
Rendered 2043/5713, time remaining: 1m 47s
Rendered 2044/5713, time remaining: 1m 47s
Rendered 2045/5713, time remaining: 1m 47s
Rendered 2046/5713, time remaining: 1m 47s
Rendered 2047/5713, time remaining: 1m 47s
Rendered 2048/5713, time remaining: 1m 47s
Rendered 2049/5713, time remaining: 1m 47s
Rendered 2050/5713, time remaining: 1m 46s
Rendered 2051/5713, time remaining: 1m 46s
Rendered 2052/5713, time remaining: 1m 46s
Rendered 2053/5713, time remaining: 1m 46s
Rendered 2054/5713, time remaining: 1m 47s
Rendered 2055/5713, time remaining: 1m 47s
Rendered 2056/5713, time remaining: 1m 47s
Rendered 2057/5713, time remaining: 1m 46s
Rendered 2058/5713, time remaining: 1m 46s
Rendered 2059/5713, time remaining: 1m 49s
Rendered 2060/5713, time remaining: 1m 46s
Rendered 2061/5713, time remaining: 1m 46s
Rendered 2062/5713, time remaining: 1m 45s
Rendered 2063/5713, time remaining: 1m 46s
Rendered 2064/5713, time remaining: 1m 46s
Rendered 2065/5713, time remaining: 1m 46s
Rendered 2066/5713, time remaining: 1m 45s
Rendered 2067/5713, time remaining: 1m 46s
Rendered 2068/5713, time remaining: 1m 46s
Rendered 2069/5713, time remaining: 1m 47s
Rendered 2070/5713, time remaining: 1m 45s
Rendered 2071/5713, time remaining: 1m 45s
Rendered 2072/5713, time remaining: 1m 45s
Rendered 2073/5713, time remaining: 1m 45s
Rendered 2074/5713, time remaining: 1m 46s
Rendered 2075/5713, time remaining: 1m 46s
Rendered 2076/5713, time remaining: 1m 45s
Rendered 2077/5713, time remaining: 1m 45s
Rendered 2078/5713, time remaining: 1m 43s
Rendered 2079/5713, time remaining: 1m 44s
Rendered 2080/5713, time remaining: 1m 44s
Rendered 2081/5713, time remaining: 1m 44s
Rendered 2082/5713, time remaining: 1m 46s
Rendered 2083/5713, time remaining: 1m 46s
Rendered 2084/5713, time remaining: 1m 46s
Rendered 2085/5713, time remaining: 1m 47s
Rendered 2086/5713, time remaining: 1m 44s
Rendered 2087/5713, time remaining: 1m 43s
Rendered 2088/5713, time remaining: 1m 44s
Rendered 2089/5713, time remaining: 1m 44s
Rendered 2090/5713, time remaining: 1m 45s
Rendered 2091/5713, time remaining: 1m 45s
Rendered 2092/5713, time remaining: 1m 46s
Rendered 2093/5713, time remaining: 1m 46s
Rendered 2094/5713, time remaining: 1m 45s
Rendered 2095/5713, time remaining: 1m 44s
Rendered 2096/5713, time remaining: 1m 48s
Rendered 2097/5713, time remaining: 1m 44s
Rendered 2098/5713, time remaining: 1m 45s
Rendered 2099/5713, time remaining: 1m 45s
Rendered 2100/5713, time remaining: 1m 45s
Rendered 2101/5713, time remaining: 1m 42s
Rendered 2102/5713, time remaining: 1m 42s
Rendered 2103/5713, time remaining: 1m 42s
Rendered 2104/5713, time remaining: 1m 46s
Rendered 2105/5713, time remaining: 1m 47s
Rendered 2106/5713, time remaining: 1m 46s
Rendered 2107/5713, time remaining: 1m 45s
Rendered 2108/5713, time remaining: 1m 45s
Rendered 2109/5713, time remaining: 1m 42s
Rendered 2110/5713, time remaining: 1m 42s
Rendered 2111/5713, time remaining: 1m 42s
Rendered 2112/5713, time remaining: 1m 41s
Rendered 2113/5713, time remaining: 1m 46s
Rendered 2114/5713, time remaining: 1m 46s
Rendered 2115/5713, time remaining: 1m 46s
Rendered 2116/5713, time remaining: 1m 46s
Rendered 2117/5713, time remaining: 1m 42s
Rendered 2118/5713, time remaining: 1m 43s
Rendered 2119/5713, time remaining: 1m 43s
Rendered 2120/5713, time remaining: 1m 41s
Rendered 2121/5713, time remaining: 1m 44s
Rendered 2122/5713, time remaining: 1m 45s
Rendered 2123/5713, time remaining: 1m 46s
Rendered 2124/5713, time remaining: 1m 46s
Rendered 2125/5713, time remaining: 1m 43s
Rendered 2126/5713, time remaining: 1m 43s
Rendered 2127/5713, time remaining: 1m 43s
Rendered 2128/5713, time remaining: 1m 42s
Rendered 2129/5713, time remaining: 1m 46s
Rendered 2130/5713, time remaining: 1m 46s
Rendered 2131/5713, time remaining: 1m 46s
Rendered 2132/5713, time remaining: 1m 43s
Rendered 2133/5713, time remaining: 1m 42s
Rendered 2134/5713, time remaining: 1m 42s
Rendered 2135/5713, time remaining: 1m 42s
Rendered 2136/5713, time remaining: 1m 41s
Rendered 2137/5713, time remaining: 1m 43s
Rendered 2138/5713, time remaining: 1m 45s
Rendered 2139/5713, time remaining: 1m 45s
Rendered 2140/5713, time remaining: 1m 43s
Rendered 2141/5713, time remaining: 1m 42s
Rendered 2142/5713, time remaining: 1m 42s
Rendered 2143/5713, time remaining: 1m 41s
Rendered 2144/5713, time remaining: 1m 44s
Rendered 2145/5713, time remaining: 1m 44s
Rendered 2146/5713, time remaining: 1m 43s
Rendered 2147/5713, time remaining: 1m 44s
Rendered 2148/5713, time remaining: 1m 43s
Rendered 2149/5713, time remaining: 1m 42s
Rendered 2150/5713, time remaining: 1m 42s
Rendered 2151/5713, time remaining: 1m 44s
Rendered 2152/5713, time remaining: 1m 44s
Rendered 2153/5713, time remaining: 1m 44s
Rendered 2154/5713, time remaining: 1m 42s
Rendered 2155/5713, time remaining: 1m 43s
Rendered 2156/5713, time remaining: 1m 44s
Rendered 2157/5713, time remaining: 1m 41s
Rendered 2158/5713, time remaining: 1m 41s
Rendered 2159/5713, time remaining: 1m 41s
Rendered 2160/5713, time remaining: 1m 42s
Rendered 2161/5713, time remaining: 1m 42s
Rendered 2162/5713, time remaining: 1m 43s
Rendered 2163/5713, time remaining: 1m 43s
Rendered 2164/5713, time remaining: 1m 43s
Rendered 2165/5713, time remaining: 1m 43s
Rendered 2166/5713, time remaining: 1m 43s
Rendered 2167/5713, time remaining: 1m 40s
Rendered 2168/5713, time remaining: 1m 40s
Rendered 2169/5713, time remaining: 1m 40s
Rendered 2170/5713, time remaining: 1m 42s
Rendered 2171/5713, time remaining: 1m 41s
Rendered 2172/5713, time remaining: 1m 41s
Rendered 2173/5713, time remaining: 1m 43s
Rendered 2174/5713, time remaining: 1m 42s
Rendered 2175/5713, time remaining: 1m 42s
Rendered 2176/5713, time remaining: 1m 44s
Rendered 2177/5713, time remaining: 1m 44s
Rendered 2178/5713, time remaining: 1m 44s
Rendered 2179/5713, time remaining: 1m 45s
Rendered 2180/5713, time remaining: 1m 46s
Rendered 2181/5713, time remaining: 1m 46s
Rendered 2182/5713, time remaining: 1m 48s
Rendered 2183/5713, time remaining: 1m 47s
Rendered 2184/5713, time remaining: 1m 48s
Rendered 2185/5713, time remaining: 1m 48s
Rendered 2186/5713, time remaining: 1m 47s
Rendered 2187/5713, time remaining: 1m 47s
Rendered 2188/5713, time remaining: 1m 50s
Rendered 2189/5713, time remaining: 1m 50s
Rendered 2190/5713, time remaining: 1m 47s
Rendered 2191/5713, time remaining: 1m 48s
Rendered 2192/5713, time remaining: 1m 48s
Rendered 2193/5713, time remaining: 1m 47s
Rendered 2194/5713, time remaining: 1m 46s
Rendered 2195/5713, time remaining: 1m 48s
Rendered 2196/5713, time remaining: 1m 48s
Rendered 2197/5713, time remaining: 1m 48s
Rendered 2198/5713, time remaining: 1m 48s
Rendered 2199/5713, time remaining: 1m 48s
Rendered 2200/5713, time remaining: 1m 49s
Rendered 2201/5713, time remaining: 1m 49s
Rendered 2202/5713, time remaining: 1m 45s
Rendered 2203/5713, time remaining: 1m 48s
Rendered 2204/5713, time remaining: 1m 47s
Rendered 2205/5713, time remaining: 1m 48s
Rendered 2206/5713, time remaining: 1m 48s
Rendered 2207/5713, time remaining: 1m 48s
Rendered 2208/5713, time remaining: 1m 50s
Rendered 2209/5713, time remaining: 1m 46s
Rendered 2210/5713, time remaining: 1m 46s
Rendered 2211/5713, time remaining: 1m 47s
Rendered 2212/5713, time remaining: 1m 49s
Rendered 2213/5713, time remaining: 1m 48s
Rendered 2214/5713, time remaining: 1m 49s
Rendered 2215/5713, time remaining: 1m 49s
Rendered 2216/5713, time remaining: 1m 47s
Rendered 2217/5713, time remaining: 1m 46s
Rendered 2218/5713, time remaining: 1m 47s
Rendered 2219/5713, time remaining: 1m 46s
Rendered 2220/5713, time remaining: 1m 48s
Rendered 2221/5713, time remaining: 1m 48s
Rendered 2222/5713, time remaining: 1m 49s
Rendered 2223/5713, time remaining: 1m 50s
Rendered 2224/5713, time remaining: 1m 48s
Rendered 2225/5713, time remaining: 1m 48s
Rendered 2226/5713, time remaining: 1m 50s
Rendered 2227/5713, time remaining: 1m 49s
Rendered 2228/5713, time remaining: 1m 48s
Rendered 2229/5713, time remaining: 1m 47s
Rendered 2230/5713, time remaining: 1m 49s
Rendered 2231/5713, time remaining: 1m 50s
Rendered 2232/5713, time remaining: 1m 47s
Rendered 2233/5713, time remaining: 1m 47s
Rendered 2234/5713, time remaining: 1m 47s
Rendered 2235/5713, time remaining: 1m 48s
Rendered 2236/5713, time remaining: 1m 48s
Rendered 2237/5713, time remaining: 1m 49s
Rendered 2238/5713, time remaining: 1m 48s
Rendered 2239/5713, time remaining: 1m 48s
Rendered 2240/5713, time remaining: 1m 47s
Rendered 2241/5713, time remaining: 1m 47s
Rendered 2242/5713, time remaining: 1m 48s
Rendered 2243/5713, time remaining: 1m 48s
Rendered 2244/5713, time remaining: 1m 48s
Rendered 2245/5713, time remaining: 1m 49s
Rendered 2246/5713, time remaining: 1m 46s
Rendered 2247/5713, time remaining: 1m 46s
Rendered 2248/5713, time remaining: 1m 49s
Rendered 2249/5713, time remaining: 1m 48s
Rendered 2250/5713, time remaining: 1m 48s
Rendered 2251/5713, time remaining: 1m 48s
Rendered 2252/5713, time remaining: 1m 47s
Rendered 2253/5713, time remaining: 1m 49s
Rendered 2254/5713, time remaining: 1m 45s
Rendered 2255/5713, time remaining: 1m 45s
Rendered 2256/5713, time remaining: 1m 47s
Rendered 2257/5713, time remaining: 1m 47s
Rendered 2258/5713, time remaining: 1m 46s
Rendered 2259/5713, time remaining: 1m 49s
Rendered 2260/5713, time remaining: 1m 49s
Rendered 2261/5713, time remaining: 1m 48s
Rendered 2262/5713, time remaining: 1m 48s
Rendered 2263/5713, time remaining: 1m 44s
Rendered 2264/5713, time remaining: 1m 47s
Rendered 2265/5713, time remaining: 1m 47s
Rendered 2266/5713, time remaining: 1m 46s
Rendered 2267/5713, time remaining: 1m 46s
Rendered 2268/5713, time remaining: 1m 47s
Rendered 2269/5713, time remaining: 1m 47s
Rendered 2270/5713, time remaining: 1m 49s
Rendered 2271/5713, time remaining: 1m 46s
Rendered 2272/5713, time remaining: 1m 45s
Rendered 2273/5713, time remaining: 1m 45s
Rendered 2274/5713, time remaining: 1m 45s
Rendered 2275/5713, time remaining: 1m 46s
Rendered 2276/5713, time remaining: 1m 46s
Rendered 2277/5713, time remaining: 1m 48s
Rendered 2278/5713, time remaining: 1m 48s
Rendered 2279/5713, time remaining: 1m 45s
Rendered 2280/5713, time remaining: 1m 45s
Rendered 2281/5713, time remaining: 1m 44s
Rendered 2282/5713, time remaining: 1m 46s
Rendered 2283/5713, time remaining: 1m 47s
Rendered 2284/5713, time remaining: 1m 47s
Rendered 2285/5713, time remaining: 1m 47s
Rendered 2286/5713, time remaining: 1m 47s
Rendered 2287/5713, time remaining: 1m 47s
Rendered 2288/5713, time remaining: 1m 45s
Rendered 2289/5713, time remaining: 1m 45s
Rendered 2290/5713, time remaining: 1m 47s
Rendered 2291/5713, time remaining: 1m 46s
Rendered 2292/5713, time remaining: 1m 46s
Rendered 2293/5713, time remaining: 1m 45s
Rendered 2294/5713, time remaining: 1m 46s
Rendered 2295/5713, time remaining: 1m 46s
Rendered 2296/5713, time remaining: 1m 46s
Rendered 2297/5713, time remaining: 1m 46s
Rendered 2298/5713, time remaining: 1m 46s
Rendered 2299/5713, time remaining: 1m 45s
Rendered 2300/5713, time remaining: 1m 44s
Rendered 2301/5713, time remaining: 1m 43s
Rendered 2302/5713, time remaining: 1m 47s
Rendered 2303/5713, time remaining: 1m 47s
Rendered 2304/5713, time remaining: 1m 47s
Rendered 2305/5713, time remaining: 1m 46s
Rendered 2306/5713, time remaining: 1m 45s
Rendered 2307/5713, time remaining: 1m 45s
Rendered 2308/5713, time remaining: 1m 45s
Rendered 2309/5713, time remaining: 1m 45s
Rendered 2310/5713, time remaining: 1m 45s
Rendered 2311/5713, time remaining: 1m 46s
Rendered 2312/5713, time remaining: 1m 47s
Rendered 2313/5713, time remaining: 1m 46s
Rendered 2314/5713, time remaining: 1m 46s
Rendered 2315/5713, time remaining: 1m 44s
Rendered 2316/5713, time remaining: 1m 44s
Rendered 2317/5713, time remaining: 1m 45s
Rendered 2318/5713, time remaining: 1m 46s
Rendered 2319/5713, time remaining: 1m 48s
Rendered 2320/5713, time remaining: 1m 47s
Rendered 2321/5713, time remaining: 1m 47s
Rendered 2322/5713, time remaining: 1m 47s
Rendered 2323/5713, time remaining: 1m 46s
Rendered 2324/5713, time remaining: 1m 46s
Rendered 2325/5713, time remaining: 1m 46s
Rendered 2326/5713, time remaining: 1m 44s
Rendered 2327/5713, time remaining: 1m 45s
Rendered 2328/5713, time remaining: 1m 48s
Rendered 2329/5713, time remaining: 1m 46s
Rendered 2330/5713, time remaining: 1m 47s
Rendered 2331/5713, time remaining: 1m 47s
Rendered 2332/5713, time remaining: 1m 45s
Rendered 2333/5713, time remaining: 1m 45s
Rendered 2334/5713, time remaining: 1m 44s
Rendered 2335/5713, time remaining: 1m 45s
Rendered 2336/5713, time remaining: 1m 45s
Rendered 2337/5713, time remaining: 1m 44s
Rendered 2338/5713, time remaining: 1m 46s
Rendered 2339/5713, time remaining: 1m 46s
Rendered 2340/5713, time remaining: 1m 46s
Rendered 2341/5713, time remaining: 1m 45s
Rendered 2342/5713, time remaining: 1m 45s
Rendered 2343/5713, time remaining: 1m 45s
Rendered 2344/5713, time remaining: 1m 47s
Rendered 2345/5713, time remaining: 1m 44s
Rendered 2346/5713, time remaining: 1m 44s
Rendered 2347/5713, time remaining: 1m 46s
Rendered 2348/5713, time remaining: 1m 46s
Rendered 2349/5713, time remaining: 1m 47s
Rendered 2350/5713, time remaining: 1m 45s
Rendered 2351/5713, time remaining: 1m 47s
Rendered 2352/5713, time remaining: 1m 47s
Rendered 2353/5713, time remaining: 1m 44s
Rendered 2354/5713, time remaining: 1m 44s
Rendered 2355/5713, time remaining: 1m 44s
Rendered 2356/5713, time remaining: 1m 44s
Rendered 2357/5713, time remaining: 1m 47s
Rendered 2358/5713, time remaining: 1m 46s
Rendered 2359/5713, time remaining: 1m 46s
Rendered 2360/5713, time remaining: 1m 46s
Rendered 2361/5713, time remaining: 1m 45s
Rendered 2362/5713, time remaining: 1m 44s
Rendered 2363/5713, time remaining: 1m 44s
Rendered 2364/5713, time remaining: 1m 43s
Rendered 2365/5713, time remaining: 1m 45s
Rendered 2366/5713, time remaining: 1m 45s
Rendered 2367/5713, time remaining: 1m 45s
Rendered 2368/5713, time remaining: 1m 46s
Rendered 2369/5713, time remaining: 1m 46s
Rendered 2370/5713, time remaining: 1m 44s
Rendered 2371/5713, time remaining: 1m 44s
Rendered 2372/5713, time remaining: 1m 43s
Rendered 2373/5713, time remaining: 1m 42s
Rendered 2374/5713, time remaining: 1m 42s
Rendered 2375/5713, time remaining: 1m 43s
Rendered 2376/5713, time remaining: 1m 44s
Rendered 2377/5713, time remaining: 1m 44s
Rendered 2378/5713, time remaining: 1m 44s
Rendered 2379/5713, time remaining: 1m 45s
Rendered 2380/5713, time remaining: 1m 43s
Rendered 2381/5713, time remaining: 1m 43s
Rendered 2382/5713, time remaining: 1m 43s
Rendered 2383/5713, time remaining: 1m 43s
Rendered 2384/5713, time remaining: 1m 45s
Rendered 2385/5713, time remaining: 1m 44s
Rendered 2386/5713, time remaining: 1m 44s
Rendered 2387/5713, time remaining: 1m 44s
Rendered 2388/5713, time remaining: 1m 44s
Rendered 2389/5713, time remaining: 1m 44s
Rendered 2390/5713, time remaining: 1m 42s
Rendered 2391/5713, time remaining: 1m 42s
Rendered 2392/5713, time remaining: 1m 42s
Rendered 2393/5713, time remaining: 1m 44s
Rendered 2394/5713, time remaining: 1m 45s
Rendered 2395/5713, time remaining: 1m 44s
Rendered 2396/5713, time remaining: 1m 43s
Rendered 2397/5713, time remaining: 1m 44s
Rendered 2398/5713, time remaining: 1m 41s
Rendered 2399/5713, time remaining: 1m 41s
Rendered 2400/5713, time remaining: 1m 42s
Rendered 2401/5713, time remaining: 1m 45s
Rendered 2402/5713, time remaining: 1m 45s
Rendered 2403/5713, time remaining: 1m 44s
Rendered 2404/5713, time remaining: 1m 45s
Rendered 2405/5713, time remaining: 1m 45s
Rendered 2406/5713, time remaining: 1m 42s
Rendered 2407/5713, time remaining: 1m 42s
Rendered 2408/5713, time remaining: 1m 43s
Rendered 2409/5713, time remaining: 1m 44s
Rendered 2410/5713, time remaining: 1m 44s
Rendered 2411/5713, time remaining: 1m 43s
Rendered 2412/5713, time remaining: 1m 44s
Rendered 2413/5713, time remaining: 1m 44s
Rendered 2414/5713, time remaining: 1m 43s
Rendered 2415/5713, time remaining: 1m 43s
Rendered 2416/5713, time remaining: 1m 42s
Rendered 2417/5713, time remaining: 1m 44s
Rendered 2418/5713, time remaining: 1m 42s
Rendered 2419/5713, time remaining: 1m 44s
Rendered 2420/5713, time remaining: 1m 42s
Rendered 2421/5713, time remaining: 1m 42s
Rendered 2422/5713, time remaining: 1m 43s
Rendered 2423/5713, time remaining: 1m 43s
Rendered 2424/5713, time remaining: 1m 44s
Rendered 2425/5713, time remaining: 1m 43s
Rendered 2426/5713, time remaining: 1m 43s
Rendered 2427/5713, time remaining: 1m 41s
Rendered 2428/5713, time remaining: 1m 41s
Rendered 2429/5713, time remaining: 1m 41s
Rendered 2430/5713, time remaining: 1m 41s
Rendered 2431/5713, time remaining: 1m 41s
Rendered 2432/5713, time remaining: 1m 41s
Rendered 2433/5713, time remaining: 1m 41s
Rendered 2434/5713, time remaining: 1m 43s
Rendered 2435/5713, time remaining: 1m 43s
Rendered 2436/5713, time remaining: 1m 43s
Rendered 2437/5713, time remaining: 1m 41s
Rendered 2438/5713, time remaining: 1m 43s
Rendered 2439/5713, time remaining: 1m 43s
Rendered 2440/5713, time remaining: 1m 41s
Rendered 2441/5713, time remaining: 1m 41s
Rendered 2442/5713, time remaining: 1m 41s
Rendered 2443/5713, time remaining: 1m 42s
Rendered 2444/5713, time remaining: 1m 40s
Rendered 2445/5713, time remaining: 1m 41s
Rendered 2446/5713, time remaining: 1m 42s
Rendered 2447/5713, time remaining: 1m 41s
Rendered 2448/5713, time remaining: 1m 41s
Rendered 2449/5713, time remaining: 1m 43s
Rendered 2450/5713, time remaining: 1m 43s
Rendered 2451/5713, time remaining: 1m 43s
Rendered 2452/5713, time remaining: 1m 39s
Rendered 2453/5713, time remaining: 1m 39s
Rendered 2454/5713, time remaining: 1m 40s
Rendered 2455/5713, time remaining: 1m 40s
Rendered 2456/5713, time remaining: 1m 40s
Rendered 2457/5713, time remaining: 1m 40s
Rendered 2458/5713, time remaining: 1m 43s
Rendered 2459/5713, time remaining: 1m 42s
Rendered 2460/5713, time remaining: 1m 41s
Rendered 2461/5713, time remaining: 1m 40s
Rendered 2462/5713, time remaining: 1m 39s
Rendered 2463/5713, time remaining: 1m 39s
Rendered 2464/5713, time remaining: 1m 39s
Rendered 2465/5713, time remaining: 1m 41s
Rendered 2466/5713, time remaining: 1m 42s
Rendered 2467/5713, time remaining: 1m 42s
Rendered 2468/5713, time remaining: 1m 41s
Rendered 2469/5713, time remaining: 1m 39s
Rendered 2470/5713, time remaining: 1m 38s
Rendered 2471/5713, time remaining: 1m 38s
Rendered 2472/5713, time remaining: 1m 40s
Rendered 2473/5713, time remaining: 1m 40s
Rendered 2474/5713, time remaining: 1m 41s
Rendered 2475/5713, time remaining: 1m 41s
Rendered 2476/5713, time remaining: 1m 41s
Rendered 2477/5713, time remaining: 1m 41s
Rendered 2478/5713, time remaining: 1m 38s
Rendered 2479/5713, time remaining: 1m 40s
Rendered 2480/5713, time remaining: 1m 38s
Rendered 2481/5713, time remaining: 1m 39s
Rendered 2482/5713, time remaining: 1m 40s
Rendered 2483/5713, time remaining: 1m 40s
Rendered 2484/5713, time remaining: 1m 40s
Rendered 2485/5713, time remaining: 1m 40s
Rendered 2486/5713, time remaining: 1m 41s
Rendered 2487/5713, time remaining: 1m 41s
Rendered 2488/5713, time remaining: 1m 37s
Rendered 2489/5713, time remaining: 1m 39s
Rendered 2490/5713, time remaining: 1m 39s
Rendered 2491/5713, time remaining: 1m 40s
Rendered 2492/5713, time remaining: 1m 39s
Rendered 2493/5713, time remaining: 1m 39s
Rendered 2494/5713, time remaining: 1m 39s
Rendered 2495/5713, time remaining: 1m 40s
Rendered 2496/5713, time remaining: 1m 40s
Rendered 2497/5713, time remaining: 1m 39s
Rendered 2498/5713, time remaining: 1m 39s
Rendered 2499/5713, time remaining: 1m 38s
Rendered 2500/5713, time remaining: 1m 38s
Rendered 2501/5713, time remaining: 1m 37s
Rendered 2502/5713, time remaining: 1m 40s
Rendered 2503/5713, time remaining: 1m 40s
Rendered 2504/5713, time remaining: 1m 40s
Rendered 2505/5713, time remaining: 1m 39s
Rendered 2506/5713, time remaining: 1m 40s
Rendered 2507/5713, time remaining: 1m 37s
Rendered 2508/5713, time remaining: 1m 37s
Rendered 2509/5713, time remaining: 1m 37s
Rendered 2510/5713, time remaining: 1m 39s
Rendered 2511/5713, time remaining: 1m 39s
Rendered 2512/5713, time remaining: 1m 38s
Rendered 2513/5713, time remaining: 1m 40s
Rendered 2514/5713, time remaining: 1m 41s
Rendered 2515/5713, time remaining: 1m 38s
Rendered 2516/5713, time remaining: 1m 39s
Rendered 2517/5713, time remaining: 1m 39s
Rendered 2518/5713, time remaining: 1m 38s
Rendered 2519/5713, time remaining: 1m 37s
Rendered 2520/5713, time remaining: 1m 37s
Rendered 2521/5713, time remaining: 1m 38s
Rendered 2522/5713, time remaining: 1m 38s
Rendered 2523/5713, time remaining: 1m 39s
Rendered 2524/5713, time remaining: 1m 39s
Rendered 2525/5713, time remaining: 1m 38s
Rendered 2526/5713, time remaining: 1m 37s
Rendered 2527/5713, time remaining: 1m 38s
Rendered 2528/5713, time remaining: 1m 38s
Rendered 2529/5713, time remaining: 1m 37s
Rendered 2530/5713, time remaining: 1m 37s
Rendered 2531/5713, time remaining: 1m 39s
Rendered 2532/5713, time remaining: 1m 39s
Rendered 2533/5713, time remaining: 1m 38s
Rendered 2534/5713, time remaining: 1m 37s
Rendered 2535/5713, time remaining: 1m 36s
Rendered 2536/5713, time remaining: 1m 39s
Rendered 2537/5713, time remaining: 1m 38s
Rendered 2538/5713, time remaining: 1m 38s
Rendered 2539/5713, time remaining: 1m 38s
Rendered 2540/5713, time remaining: 1m 38s
Rendered 2541/5713, time remaining: 1m 38s
Rendered 2542/5713, time remaining: 1m 37s
Rendered 2543/5713, time remaining: 1m 35s
Rendered 2544/5713, time remaining: 1m 37s
Rendered 2545/5713, time remaining: 1m 38s
Rendered 2546/5713, time remaining: 1m 38s
Rendered 2547/5713, time remaining: 1m 38s
Rendered 2548/5713, time remaining: 1m 39s
Rendered 2549/5713, time remaining: 1m 38s
Rendered 2550/5713, time remaining: 1m 37s
Rendered 2551/5713, time remaining: 1m 36s
Rendered 2552/5713, time remaining: 1m 37s
Rendered 2553/5713, time remaining: 1m 38s
Rendered 2554/5713, time remaining: 1m 36s
Rendered 2555/5713, time remaining: 1m 38s
Rendered 2556/5713, time remaining: 1m 38s
Rendered 2557/5713, time remaining: 1m 38s
Rendered 2558/5713, time remaining: 1m 38s
Rendered 2559/5713, time remaining: 1m 36s
Rendered 2560/5713, time remaining: 1m 37s
Rendered 2561/5713, time remaining: 1m 37s
Rendered 2562/5713, time remaining: 1m 37s
Rendered 2563/5713, time remaining: 1m 38s
Rendered 2564/5713, time remaining: 1m 37s
Rendered 2565/5713, time remaining: 1m 37s
Rendered 2566/5713, time remaining: 1m 38s
Rendered 2567/5713, time remaining: 1m 37s
Rendered 2568/5713, time remaining: 1m 36s
Rendered 2569/5713, time remaining: 1m 38s
Rendered 2570/5713, time remaining: 1m 37s
Rendered 2571/5713, time remaining: 1m 37s
Rendered 2572/5713, time remaining: 1m 37s
Rendered 2573/5713, time remaining: 1m 38s
Rendered 2574/5713, time remaining: 1m 36s
Rendered 2575/5713, time remaining: 1m 36s
Rendered 2576/5713, time remaining: 1m 36s
Rendered 2577/5713, time remaining: 1m 37s
Rendered 2578/5713, time remaining: 1m 39s
Rendered 2579/5713, time remaining: 1m 38s
Rendered 2580/5713, time remaining: 1m 39s
Rendered 2581/5713, time remaining: 1m 38s
Rendered 2582/5713, time remaining: 1m 38s
Rendered 2583/5713, time remaining: 1m 38s
Rendered 2584/5713, time remaining: 1m 35s
Rendered 2585/5713, time remaining: 1m 35s
Rendered 2586/5713, time remaining: 1m 37s
Rendered 2587/5713, time remaining: 1m 37s
Rendered 2588/5713, time remaining: 1m 34s
Rendered 2589/5713, time remaining: 1m 36s
Rendered 2590/5713, time remaining: 1m 37s
Rendered 2591/5713, time remaining: 1m 37s
Rendered 2592/5713, time remaining: 1m 37s
Rendered 2593/5713, time remaining: 1m 37s
Rendered 2594/5713, time remaining: 1m 36s
Rendered 2595/5713, time remaining: 1m 35s
Rendered 2596/5713, time remaining: 1m 37s
Rendered 2597/5713, time remaining: 1m 37s
Rendered 2598/5713, time remaining: 1m 37s
Rendered 2599/5713, time remaining: 1m 35s
Rendered 2600/5713, time remaining: 1m 37s
Rendered 2601/5713, time remaining: 1m 37s
Rendered 2602/5713, time remaining: 1m 37s
Rendered 2603/5713, time remaining: 1m 36s
Rendered 2604/5713, time remaining: 1m 36s
Rendered 2605/5713, time remaining: 1m 36s
Rendered 2606/5713, time remaining: 1m 38s
Rendered 2607/5713, time remaining: 1m 38s
Rendered 2608/5713, time remaining: 1m 35s
Rendered 2609/5713, time remaining: 1m 36s
Rendered 2610/5713, time remaining: 1m 35s
Rendered 2611/5713, time remaining: 1m 35s
Rendered 2612/5713, time remaining: 1m 35s
Rendered 2613/5713, time remaining: 1m 37s
Rendered 2614/5713, time remaining: 1m 38s
Rendered 2615/5713, time remaining: 1m 37s
Rendered 2616/5713, time remaining: 1m 35s
Rendered 2617/5713, time remaining: 1m 36s
Rendered 2618/5713, time remaining: 1m 35s
Rendered 2619/5713, time remaining: 1m 36s
Rendered 2620/5713, time remaining: 1m 36s
Rendered 2621/5713, time remaining: 1m 37s
Rendered 2622/5713, time remaining: 1m 35s
Rendered 2623/5713, time remaining: 1m 35s
Rendered 2624/5713, time remaining: 1m 34s
Rendered 2625/5713, time remaining: 1m 35s
Rendered 2626/5713, time remaining: 1m 36s
Rendered 2627/5713, time remaining: 1m 35s
Rendered 2628/5713, time remaining: 1m 37s
Rendered 2629/5713, time remaining: 1m 35s
Rendered 2630/5713, time remaining: 1m 35s
Rendered 2631/5713, time remaining: 1m 36s
Rendered 2632/5713, time remaining: 1m 35s
Rendered 2633/5713, time remaining: 1m 35s
Rendered 2634/5713, time remaining: 1m 35s
Rendered 2635/5713, time remaining: 1m 35s
Rendered 2636/5713, time remaining: 1m 34s
Rendered 2637/5713, time remaining: 1m 34s
Rendered 2638/5713, time remaining: 1m 36s
Rendered 2639/5713, time remaining: 1m 35s
Rendered 2640/5713, time remaining: 1m 35s
Rendered 2641/5713, time remaining: 1m 34s
Rendered 2642/5713, time remaining: 1m 35s
Rendered 2643/5713, time remaining: 1m 34s
Rendered 2644/5713, time remaining: 1m 33s
Rendered 2645/5713, time remaining: 1m 32s
Rendered 2646/5713, time remaining: 1m 35s
Rendered 2647/5713, time remaining: 1m 34s
Rendered 2648/5713, time remaining: 1m 34s
Rendered 2649/5713, time remaining: 1m 34s
Rendered 2650/5713, time remaining: 1m 36s
Rendered 2651/5713, time remaining: 1m 36s
Rendered 2652/5713, time remaining: 1m 33s
Rendered 2653/5713, time remaining: 1m 32s
Rendered 2654/5713, time remaining: 1m 35s
Rendered 2655/5713, time remaining: 1m 35s
Rendered 2656/5713, time remaining: 1m 34s
Rendered 2657/5713, time remaining: 1m 34s
Rendered 2658/5713, time remaining: 1m 34s
Rendered 2659/5713, time remaining: 1m 34s
Rendered 2660/5713, time remaining: 1m 35s
Rendered 2661/5713, time remaining: 1m 33s
Rendered 2662/5713, time remaining: 1m 36s
Rendered 2663/5713, time remaining: 1m 34s
Rendered 2664/5713, time remaining: 1m 33s
Rendered 2665/5713, time remaining: 1m 35s
Rendered 2666/5713, time remaining: 1m 35s
Rendered 2667/5713, time remaining: 1m 35s
Rendered 2668/5713, time remaining: 1m 35s
Rendered 2669/5713, time remaining: 1m 36s
Rendered 2670/5713, time remaining: 1m 36s
Rendered 2671/5713, time remaining: 1m 34s
Rendered 2672/5713, time remaining: 1m 35s
Rendered 2673/5713, time remaining: 1m 35s
Rendered 2674/5713, time remaining: 1m 34s
Rendered 2675/5713, time remaining: 1m 36s
Rendered 2676/5713, time remaining: 1m 34s
Rendered 2677/5713, time remaining: 1m 35s
Rendered 2678/5713, time remaining: 1m 35s
Rendered 2679/5713, time remaining: 1m 35s
Rendered 2680/5713, time remaining: 1m 35s
Rendered 2681/5713, time remaining: 1m 34s
Rendered 2682/5713, time remaining: 1m 34s
Rendered 2683/5713, time remaining: 1m 34s
Rendered 2684/5713, time remaining: 1m 36s
Rendered 2685/5713, time remaining: 1m 36s
Rendered 2686/5713, time remaining: 1m 33s
Rendered 2687/5713, time remaining: 1m 33s
Rendered 2688/5713, time remaining: 1m 33s
Rendered 2689/5713, time remaining: 1m 33s
Rendered 2690/5713, time remaining: 1m 33s
Rendered 2691/5713, time remaining: 1m 33s
Rendered 2692/5713, time remaining: 1m 36s
Rendered 2693/5713, time remaining: 1m 36s
Rendered 2694/5713, time remaining: 1m 35s
Rendered 2695/5713, time remaining: 1m 33s
Rendered 2696/5713, time remaining: 1m 33s
Rendered 2697/5713, time remaining: 1m 33s
Rendered 2698/5713, time remaining: 1m 33s
Rendered 2699/5713, time remaining: 1m 35s
Rendered 2700/5713, time remaining: 1m 35s
Rendered 2701/5713, time remaining: 1m 34s
Rendered 2702/5713, time remaining: 1m 33s
Rendered 2703/5713, time remaining: 1m 33s
Rendered 2704/5713, time remaining: 1m 33s
Rendered 2705/5713, time remaining: 1m 31s
Rendered 2706/5713, time remaining: 1m 33s
Rendered 2707/5713, time remaining: 1m 35s
Rendered 2708/5713, time remaining: 1m 34s
Rendered 2709/5713, time remaining: 1m 34s
Rendered 2710/5713, time remaining: 1m 33s
Rendered 2711/5713, time remaining: 1m 33s
Rendered 2712/5713, time remaining: 1m 33s
Rendered 2713/5713, time remaining: 1m 33s
Rendered 2714/5713, time remaining: 1m 33s
Rendered 2715/5713, time remaining: 1m 33s
Rendered 2716/5713, time remaining: 1m 34s
Rendered 2717/5713, time remaining: 1m 34s
Rendered 2718/5713, time remaining: 1m 35s
Rendered 2719/5713, time remaining: 1m 33s
Rendered 2720/5713, time remaining: 1m 33s
Rendered 2721/5713, time remaining: 1m 33s
Rendered 2722/5713, time remaining: 1m 32s
Rendered 2723/5713, time remaining: 1m 33s
Rendered 2724/5713, time remaining: 1m 33s
Rendered 2725/5713, time remaining: 1m 35s
Rendered 2726/5713, time remaining: 1m 33s
Rendered 2727/5713, time remaining: 1m 34s
Rendered 2728/5713, time remaining: 1m 33s
Rendered 2729/5713, time remaining: 1m 32s
Rendered 2730/5713, time remaining: 1m 31s
Rendered 2731/5713, time remaining: 1m 33s
Rendered 2732/5713, time remaining: 1m 32s
Rendered 2733/5713, time remaining: 1m 33s
Rendered 2734/5713, time remaining: 1m 33s
Rendered 2735/5713, time remaining: 1m 35s
Rendered 2736/5713, time remaining: 1m 33s
Rendered 2737/5713, time remaining: 1m 33s
Rendered 2738/5713, time remaining: 1m 32s
Rendered 2739/5713, time remaining: 1m 33s
Rendered 2740/5713, time remaining: 1m 32s
Rendered 2741/5713, time remaining: 1m 33s
Rendered 2742/5713, time remaining: 1m 33s
Rendered 2743/5713, time remaining: 1m 33s
Rendered 2744/5713, time remaining: 1m 32s
Rendered 2745/5713, time remaining: 1m 34s
Rendered 2746/5713, time remaining: 1m 32s
Rendered 2747/5713, time remaining: 1m 32s
Rendered 2748/5713, time remaining: 1m 33s
Rendered 2749/5713, time remaining: 1m 33s
Rendered 2750/5713, time remaining: 1m 32s
Rendered 2751/5713, time remaining: 1m 32s
Rendered 2752/5713, time remaining: 1m 32s
Rendered 2753/5713, time remaining: 1m 32s
Rendered 2754/5713, time remaining: 1m 30s
Rendered 2755/5713, time remaining: 1m 33s
Rendered 2756/5713, time remaining: 1m 31s
Rendered 2757/5713, time remaining: 1m 32s
Rendered 2758/5713, time remaining: 1m 32s
Rendered 2759/5713, time remaining: 1m 31s
Rendered 2760/5713, time remaining: 1m 31s
Rendered 2761/5713, time remaining: 1m 31s
Rendered 2762/5713, time remaining: 1m 31s
Rendered 2763/5713, time remaining: 1m 33s
Rendered 2764/5713, time remaining: 1m 32s
Rendered 2765/5713, time remaining: 1m 31s
Rendered 2766/5713, time remaining: 1m 32s
Rendered 2767/5713, time remaining: 1m 32s
Rendered 2768/5713, time remaining: 1m 33s
Rendered 2769/5713, time remaining: 1m 32s
Rendered 2770/5713, time remaining: 1m 32s
Rendered 2771/5713, time remaining: 1m 32s
Rendered 2772/5713, time remaining: 1m 33s
Rendered 2773/5713, time remaining: 1m 32s
Rendered 2774/5713, time remaining: 1m 32s
Rendered 2775/5713, time remaining: 1m 31s
Rendered 2776/5713, time remaining: 1m 31s
Rendered 2777/5713, time remaining: 1m 33s
Rendered 2778/5713, time remaining: 1m 32s
Rendered 2779/5713, time remaining: 1m 32s
Rendered 2780/5713, time remaining: 1m 32s
Rendered 2781/5713, time remaining: 1m 30s
Rendered 2782/5713, time remaining: 1m 30s
Rendered 2783/5713, time remaining: 1m 32s
Rendered 2784/5713, time remaining: 1m 32s
Rendered 2785/5713, time remaining: 1m 34s
Rendered 2786/5713, time remaining: 1m 32s
Rendered 2787/5713, time remaining: 1m 33s
Rendered 2788/5713, time remaining: 1m 31s
Rendered 2789/5713, time remaining: 1m 32s
Rendered 2790/5713, time remaining: 1m 32s
Rendered 2791/5713, time remaining: 1m 33s
Rendered 2792/5713, time remaining: 1m 33s
Rendered 2793/5713, time remaining: 1m 33s
Rendered 2794/5713, time remaining: 1m 33s
Rendered 2795/5713, time remaining: 1m 33s
Rendered 2796/5713, time remaining: 1m 30s
Rendered 2797/5713, time remaining: 1m 30s
Rendered 2798/5713, time remaining: 1m 31s
Rendered 2799/5713, time remaining: 1m 33s
Rendered 2800/5713, time remaining: 1m 32s
Rendered 2801/5713, time remaining: 1m 32s
Rendered 2802/5713, time remaining: 1m 33s
Rendered 2803/5713, time remaining: 1m 33s
Rendered 2804/5713, time remaining: 1m 30s
Rendered 2805/5713, time remaining: 1m 30s
Rendered 2806/5713, time remaining: 1m 31s
Rendered 2807/5713, time remaining: 1m 33s
Rendered 2808/5713, time remaining: 1m 33s
Rendered 2809/5713, time remaining: 1m 32s
Rendered 2810/5713, time remaining: 1m 32s
Rendered 2811/5713, time remaining: 1m 32s
Rendered 2812/5713, time remaining: 1m 30s
Rendered 2813/5713, time remaining: 1m 30s
Rendered 2814/5713, time remaining: 1m 31s
Rendered 2815/5713, time remaining: 1m 31s
Rendered 2816/5713, time remaining: 1m 31s
Rendered 2817/5713, time remaining: 1m 31s
Rendered 2818/5713, time remaining: 1m 30s
Rendered 2819/5713, time remaining: 1m 30s
Rendered 2820/5713, time remaining: 1m 29s
Rendered 2821/5713, time remaining: 1m 29s
Rendered 2822/5713, time remaining: 1m 31s
Rendered 2823/5713, time remaining: 1m 31s
Rendered 2824/5713, time remaining: 1m 31s
Rendered 2825/5713, time remaining: 1m 30s
Rendered 2826/5713, time remaining: 1m 30s
Rendered 2827/5713, time remaining: 1m 29s
Rendered 2828/5713, time remaining: 1m 29s
Rendered 2829/5713, time remaining: 1m 30s
Rendered 2830/5713, time remaining: 1m 31s
Rendered 2831/5713, time remaining: 1m 30s
Rendered 2832/5713, time remaining: 1m 30s
Rendered 2833/5713, time remaining: 1m 30s
Rendered 2834/5713, time remaining: 1m 29s
Rendered 2835/5713, time remaining: 1m 29s
Rendered 2836/5713, time remaining: 1m 30s
Rendered 2837/5713, time remaining: 1m 30s
Rendered 2838/5713, time remaining: 1m 31s
Rendered 2839/5713, time remaining: 1m 31s
Rendered 2840/5713, time remaining: 1m 30s
Rendered 2841/5713, time remaining: 1m 30s
Rendered 2842/5713, time remaining: 1m 29s
Rendered 2843/5713, time remaining: 1m 30s
Rendered 2844/5713, time remaining: 1m 29s
Rendered 2845/5713, time remaining: 1m 29s
Rendered 2846/5713, time remaining: 1m 29s
Rendered 2847/5713, time remaining: 1m 30s
Rendered 2848/5713, time remaining: 1m 30s
Rendered 2849/5713, time remaining: 1m 29s
Rendered 2850/5713, time remaining: 1m 28s
Rendered 2851/5713, time remaining: 1m 28s
Rendered 2852/5713, time remaining: 1m 30s
Rendered 2853/5713, time remaining: 1m 30s
Rendered 2854/5713, time remaining: 1m 30s
Rendered 2855/5713, time remaining: 1m 29s
Rendered 2856/5713, time remaining: 1m 28s
Rendered 2857/5713, time remaining: 1m 27s
Rendered 2858/5713, time remaining: 1m 27s
Rendered 2859/5713, time remaining: 1m 28s
Rendered 2860/5713, time remaining: 1m 28s
Rendered 2861/5713, time remaining: 1m 28s
Rendered 2862/5713, time remaining: 1m 29s
Rendered 2863/5713, time remaining: 1m 27s
Rendered 2864/5713, time remaining: 1m 28s
Rendered 2865/5713, time remaining: 1m 28s
Rendered 2866/5713, time remaining: 1m 26s
Rendered 2867/5713, time remaining: 1m 26s
Rendered 2868/5713, time remaining: 1m 28s
Rendered 2869/5713, time remaining: 1m 28s
Rendered 2870/5713, time remaining: 1m 28s
Rendered 2871/5713, time remaining: 1m 28s
Rendered 2872/5713, time remaining: 1m 28s
Rendered 2873/5713, time remaining: 1m 27s
Rendered 2874/5713, time remaining: 1m 27s
Rendered 2875/5713, time remaining: 1m 27s
Rendered 2876/5713, time remaining: 1m 29s
Rendered 2877/5713, time remaining: 1m 27s
Rendered 2878/5713, time remaining: 1m 28s
Rendered 2879/5713, time remaining: 1m 28s
Rendered 2880/5713, time remaining: 1m 28s
Rendered 2881/5713, time remaining: 1m 27s
Rendered 2882/5713, time remaining: 1m 27s
Rendered 2883/5713, time remaining: 1m 25s
Rendered 2884/5713, time remaining: 1m 29s
Rendered 2885/5713, time remaining: 1m 27s
Rendered 2886/5713, time remaining: 1m 27s
Rendered 2887/5713, time remaining: 1m 27s
Rendered 2888/5713, time remaining: 1m 28s
Rendered 2889/5713, time remaining: 1m 27s
Rendered 2890/5713, time remaining: 1m 27s
Rendered 2891/5713, time remaining: 1m 27s
Rendered 2892/5713, time remaining: 1m 28s
Rendered 2893/5713, time remaining: 1m 28s
Rendered 2894/5713, time remaining: 1m 29s
Rendered 2895/5713, time remaining: 1m 27s
Rendered 2896/5713, time remaining: 1m 27s
Rendered 2897/5713, time remaining: 1m 27s
Rendered 2898/5713, time remaining: 1m 26s
Rendered 2899/5713, time remaining: 1m 26s
Rendered 2900/5713, time remaining: 1m 27s
Rendered 2901/5713, time remaining: 1m 29s
Rendered 2902/5713, time remaining: 1m 28s
Rendered 2903/5713, time remaining: 1m 28s
Rendered 2904/5713, time remaining: 1m 28s
Rendered 2905/5713, time remaining: 1m 27s
Rendered 2906/5713, time remaining: 1m 26s
Rendered 2907/5713, time remaining: 1m 26s
Rendered 2908/5713, time remaining: 1m 25s
Rendered 2909/5713, time remaining: 1m 28s
Rendered 2910/5713, time remaining: 1m 28s
Rendered 2911/5713, time remaining: 1m 28s
Rendered 2912/5713, time remaining: 1m 29s
Rendered 2913/5713, time remaining: 1m 26s
Rendered 2914/5713, time remaining: 1m 26s
Rendered 2915/5713, time remaining: 1m 25s
Rendered 2916/5713, time remaining: 1m 25s
Rendered 2917/5713, time remaining: 1m 28s
Rendered 2918/5713, time remaining: 1m 27s
Rendered 2919/5713, time remaining: 1m 26s
Rendered 2920/5713, time remaining: 1m 27s
Rendered 2921/5713, time remaining: 1m 27s
Rendered 2922/5713, time remaining: 1m 25s
Rendered 2923/5713, time remaining: 1m 25s
Rendered 2924/5713, time remaining: 1m 27s
Rendered 2925/5713, time remaining: 1m 29s
Rendered 2926/5713, time remaining: 1m 27s
Rendered 2927/5713, time remaining: 1m 26s
Rendered 2928/5713, time remaining: 1m 26s
Rendered 2929/5713, time remaining: 1m 26s
Rendered 2930/5713, time remaining: 1m 26s
Rendered 2931/5713, time remaining: 1m 26s
Rendered 2932/5713, time remaining: 1m 27s
Rendered 2933/5713, time remaining: 1m 28s
Rendered 2934/5713, time remaining: 1m 27s
Rendered 2935/5713, time remaining: 1m 25s
Rendered 2936/5713, time remaining: 1m 26s
Rendered 2937/5713, time remaining: 1m 26s
Rendered 2938/5713, time remaining: 1m 26s
Rendered 2939/5713, time remaining: 1m 24s
Rendered 2940/5713, time remaining: 1m 24s
Rendered 2941/5713, time remaining: 1m 26s
Rendered 2942/5713, time remaining: 1m 26s
Rendered 2943/5713, time remaining: 1m 26s
Rendered 2944/5713, time remaining: 1m 26s
Rendered 2945/5713, time remaining: 1m 25s
Rendered 2946/5713, time remaining: 1m 26s
Rendered 2947/5713, time remaining: 1m 26s
Rendered 2948/5713, time remaining: 1m 26s
Rendered 2949/5713, time remaining: 1m 25s
Rendered 2950/5713, time remaining: 1m 25s
Rendered 2951/5713, time remaining: 1m 25s
Rendered 2952/5713, time remaining: 1m 25s
Rendered 2953/5713, time remaining: 1m 25s
Rendered 2954/5713, time remaining: 1m 25s
Rendered 2955/5713, time remaining: 1m 25s
Rendered 2956/5713, time remaining: 1m 26s
Rendered 2957/5713, time remaining: 1m 25s
Rendered 2958/5713, time remaining: 1m 25s
Rendered 2959/5713, time remaining: 1m 25s
Rendered 2960/5713, time remaining: 1m 26s
Rendered 2961/5713, time remaining: 1m 26s
Rendered 2962/5713, time remaining: 1m 26s
Rendered 2963/5713, time remaining: 1m 26s
Rendered 2964/5713, time remaining: 1m 24s
Rendered 2965/5713, time remaining: 1m 25s
Rendered 2966/5713, time remaining: 1m 25s
Rendered 2967/5713, time remaining: 1m 25s
Rendered 2968/5713, time remaining: 1m 26s
Rendered 2969/5713, time remaining: 1m 25s
Rendered 2970/5713, time remaining: 1m 26s
Rendered 2971/5713, time remaining: 1m 26s
Rendered 2972/5713, time remaining: 1m 24s
Rendered 2973/5713, time remaining: 1m 25s
Rendered 2974/5713, time remaining: 1m 25s
Rendered 2975/5713, time remaining: 1m 25s
Rendered 2976/5713, time remaining: 1m 27s
Rendered 2977/5713, time remaining: 1m 26s
Rendered 2978/5713, time remaining: 1m 26s
Rendered 2979/5713, time remaining: 1m 24s
Rendered 2980/5713, time remaining: 1m 23s
Rendered 2981/5713, time remaining: 1m 25s
Rendered 2982/5713, time remaining: 1m 25s
Rendered 2983/5713, time remaining: 1m 25s
Rendered 2984/5713, time remaining: 1m 26s
Rendered 2985/5713, time remaining: 1m 26s
Rendered 2986/5713, time remaining: 1m 25s
Rendered 2987/5713, time remaining: 1m 25s
Rendered 2988/5713, time remaining: 1m 24s
Rendered 2989/5713, time remaining: 1m 25s
Rendered 2990/5713, time remaining: 1m 25s
Rendered 2991/5713, time remaining: 1m 25s
Rendered 2992/5713, time remaining: 1m 26s
Rendered 2993/5713, time remaining: 1m 25s
Rendered 2994/5713, time remaining: 1m 25s
Rendered 2995/5713, time remaining: 1m 25s
Rendered 2996/5713, time remaining: 1m 26s
Rendered 2997/5713, time remaining: 1m 25s
Rendered 2998/5713, time remaining: 1m 24s
Rendered 2999/5713, time remaining: 1m 24s
Rendered 3000/5713, time remaining: 1m 26s
Rendered 3001/5713, time remaining: 1m 26s
Rendered 3002/5713, time remaining: 1m 25s
Rendered 3003/5713, time remaining: 1m 25s
Rendered 3004/5713, time remaining: 1m 26s
Rendered 3005/5713, time remaining: 1m 26s
Rendered 3006/5713, time remaining: 1m 25s
Rendered 3007/5713, time remaining: 1m 25s
Rendered 3008/5713, time remaining: 1m 26s
Rendered 3009/5713, time remaining: 1m 24s
Rendered 3010/5713, time remaining: 1m 26s
Rendered 3011/5713, time remaining: 1m 26s
Rendered 3012/5713, time remaining: 1m 25s
Rendered 3013/5713, time remaining: 1m 25s
Rendered 3014/5713, time remaining: 1m 25s
Rendered 3015/5713, time remaining: 1m 25s
Rendered 3016/5713, time remaining: 1m 26s
Rendered 3017/5713, time remaining: 1m 27s
Rendered 3018/5713, time remaining: 1m 24s
Rendered 3019/5713, time remaining: 1m 24s
Rendered 3020/5713, time remaining: 1m 24s
Rendered 3021/5713, time remaining: 1m 24s
Rendered 3022/5713, time remaining: 1m 25s
Rendered 3023/5713, time remaining: 1m 24s
Rendered 3024/5713, time remaining: 1m 27s
Rendered 3025/5713, time remaining: 1m 25s
Rendered 3026/5713, time remaining: 1m 24s
Rendered 3027/5713, time remaining: 1m 24s
Rendered 3028/5713, time remaining: 1m 25s
Rendered 3029/5713, time remaining: 1m 24s
Rendered 3030/5713, time remaining: 1m 24s
Rendered 3031/5713, time remaining: 1m 24s
Rendered 3032/5713, time remaining: 1m 26s
Rendered 3033/5713, time remaining: 1m 26s
Rendered 3034/5713, time remaining: 1m 22s
Rendered 3035/5713, time remaining: 1m 22s
Rendered 3036/5713, time remaining: 1m 25s
Rendered 3037/5713, time remaining: 1m 25s
Rendered 3038/5713, time remaining: 1m 26s
Rendered 3039/5713, time remaining: 1m 24s
Rendered 3040/5713, time remaining: 1m 24s
Rendered 3041/5713, time remaining: 1m 24s
Rendered 3042/5713, time remaining: 1m 23s
Rendered 3043/5713, time remaining: 1m 25s
Rendered 3044/5713, time remaining: 1m 24s
Rendered 3045/5713, time remaining: 1m 25s
Rendered 3046/5713, time remaining: 1m 25s
Rendered 3047/5713, time remaining: 1m 24s
Rendered 3048/5713, time remaining: 1m 24s
Rendered 3049/5713, time remaining: 1m 24s
Rendered 3050/5713, time remaining: 1m 25s
Rendered 3051/5713, time remaining: 1m 24s
Rendered 3052/5713, time remaining: 1m 24s
Rendered 3053/5713, time remaining: 1m 24s
Rendered 3054/5713, time remaining: 1m 26s
Rendered 3055/5713, time remaining: 1m 25s
Rendered 3056/5713, time remaining: 1m 25s
Rendered 3057/5713, time remaining: 1m 25s
Rendered 3058/5713, time remaining: 1m 25s
Rendered 3059/5713, time remaining: 1m 23s
Rendered 3060/5713, time remaining: 1m 23s
Rendered 3061/5713, time remaining: 1m 23s
Rendered 3062/5713, time remaining: 1m 24s
Rendered 3063/5713, time remaining: 1m 25s
Rendered 3064/5713, time remaining: 1m 25s
Rendered 3065/5713, time remaining: 1m 25s
Rendered 3066/5713, time remaining: 1m 25s
Rendered 3067/5713, time remaining: 1m 23s
Rendered 3068/5713, time remaining: 1m 23s
Rendered 3069/5713, time remaining: 1m 24s
Rendered 3070/5713, time remaining: 1m 23s
Rendered 3071/5713, time remaining: 1m 25s
Rendered 3072/5713, time remaining: 1m 25s
Rendered 3073/5713, time remaining: 1m 25s
Rendered 3074/5713, time remaining: 1m 23s
Rendered 3075/5713, time remaining: 1m 22s
Rendered 3076/5713, time remaining: 1m 23s
Rendered 3077/5713, time remaining: 1m 24s
Rendered 3078/5713, time remaining: 1m 25s
Rendered 3079/5713, time remaining: 1m 24s
Rendered 3080/5713, time remaining: 1m 24s
Rendered 3081/5713, time remaining: 1m 24s
Rendered 3082/5713, time remaining: 1m 23s
Rendered 3083/5713, time remaining: 1m 21s
Rendered 3084/5713, time remaining: 1m 22s
Rendered 3085/5713, time remaining: 1m 23s
Rendered 3086/5713, time remaining: 1m 24s
Rendered 3087/5713, time remaining: 1m 24s
Rendered 3088/5713, time remaining: 1m 24s
Rendered 3089/5713, time remaining: 1m 24s
Rendered 3090/5713, time remaining: 1m 24s
Rendered 3091/5713, time remaining: 1m 23s
Rendered 3092/5713, time remaining: 1m 23s
Rendered 3093/5713, time remaining: 1m 23s
Rendered 3094/5713, time remaining: 1m 23s
Rendered 3095/5713, time remaining: 1m 23s
Rendered 3096/5713, time remaining: 1m 23s
Rendered 3097/5713, time remaining: 1m 24s
Rendered 3098/5713, time remaining: 1m 23s
Rendered 3099/5713, time remaining: 1m 22s
Rendered 3100/5713, time remaining: 1m 22s
Rendered 3101/5713, time remaining: 1m 23s
Rendered 3102/5713, time remaining: 1m 23s
Rendered 3103/5713, time remaining: 1m 23s
Rendered 3104/5713, time remaining: 1m 23s
Rendered 3105/5713, time remaining: 1m 24s
Rendered 3106/5713, time remaining: 1m 22s
Rendered 3107/5713, time remaining: 1m 21s
Rendered 3108/5713, time remaining: 1m 22s
Rendered 3109/5713, time remaining: 1m 24s
Rendered 3110/5713, time remaining: 1m 22s
Rendered 3111/5713, time remaining: 1m 22s
Rendered 3112/5713, time remaining: 1m 22s
Rendered 3113/5713, time remaining: 1m 22s
Rendered 3114/5713, time remaining: 1m 23s
Rendered 3115/5713, time remaining: 1m 21s
Rendered 3116/5713, time remaining: 1m 21s
Rendered 3117/5713, time remaining: 1m 24s
Rendered 3118/5713, time remaining: 1m 22s
Rendered 3119/5713, time remaining: 1m 22s
Rendered 3120/5713, time remaining: 1m 23s
Rendered 3121/5713, time remaining: 1m 23s
Rendered 3122/5713, time remaining: 1m 22s
Rendered 3123/5713, time remaining: 1m 21s
Rendered 3124/5713, time remaining: 1m 22s
Rendered 3125/5713, time remaining: 1m 24s
Rendered 3126/5713, time remaining: 1m 22s
Rendered 3127/5713, time remaining: 1m 22s
Rendered 3128/5713, time remaining: 1m 22s
Rendered 3129/5713, time remaining: 1m 22s
Rendered 3130/5713, time remaining: 1m 22s
Rendered 3131/5713, time remaining: 1m 21s
Rendered 3132/5713, time remaining: 1m 23s
Rendered 3133/5713, time remaining: 1m 23s
Rendered 3134/5713, time remaining: 1m 21s
Rendered 3135/5713, time remaining: 1m 21s
Rendered 3136/5713, time remaining: 1m 21s
Rendered 3137/5713, time remaining: 1m 21s
Rendered 3138/5713, time remaining: 1m 21s
Rendered 3139/5713, time remaining: 1m 20s
Rendered 3140/5713, time remaining: 1m 23s
Rendered 3141/5713, time remaining: 1m 23s
Rendered 3142/5713, time remaining: 1m 21s
Rendered 3143/5713, time remaining: 1m 22s
Rendered 3144/5713, time remaining: 1m 22s
Rendered 3145/5713, time remaining: 1m 21s
Rendered 3146/5713, time remaining: 1m 20s
Rendered 3147/5713, time remaining: 1m 21s
Rendered 3148/5713, time remaining: 1m 23s
Rendered 3149/5713, time remaining: 1m 23s
Rendered 3150/5713, time remaining: 1m 20s
Rendered 3151/5713, time remaining: 1m 21s
Rendered 3152/5713, time remaining: 1m 21s
Rendered 3153/5713, time remaining: 1m 21s
Rendered 3154/5713, time remaining: 1m 20s
Rendered 3155/5713, time remaining: 1m 20s
Rendered 3156/5713, time remaining: 1m 21s
Rendered 3157/5713, time remaining: 1m 23s
Rendered 3158/5713, time remaining: 1m 22s
Rendered 3159/5713, time remaining: 1m 22s
Rendered 3160/5713, time remaining: 1m 21s
Rendered 3161/5713, time remaining: 1m 21s
Rendered 3162/5713, time remaining: 1m 20s
Rendered 3163/5713, time remaining: 1m 20s
Rendered 3164/5713, time remaining: 1m 23s
Rendered 3165/5713, time remaining: 1m 23s
Rendered 3166/5713, time remaining: 1m 21s
Rendered 3167/5713, time remaining: 1m 20s
Rendered 3168/5713, time remaining: 1m 21s
Rendered 3169/5713, time remaining: 1m 21s
Rendered 3170/5713, time remaining: 1m 21s
Rendered 3171/5713, time remaining: 1m 20s
Rendered 3172/5713, time remaining: 1m 22s
Rendered 3173/5713, time remaining: 1m 22s
Rendered 3174/5713, time remaining: 1m 20s
Rendered 3175/5713, time remaining: 1m 20s
Rendered 3176/5713, time remaining: 1m 21s
Rendered 3177/5713, time remaining: 1m 21s
Rendered 3178/5713, time remaining: 1m 21s
Rendered 3179/5713, time remaining: 1m 21s
Rendered 3180/5713, time remaining: 1m 21s
Rendered 3181/5713, time remaining: 1m 21s
Rendered 3182/5713, time remaining: 1m 20s
Rendered 3183/5713, time remaining: 1m 20s
Rendered 3184/5713, time remaining: 1m 21s
Rendered 3185/5713, time remaining: 1m 23s
Rendered 3186/5713, time remaining: 1m 20s
Rendered 3187/5713, time remaining: 1m 20s
Rendered 3188/5713, time remaining: 1m 19s
Rendered 3189/5713, time remaining: 1m 20s
Rendered 3190/5713, time remaining: 1m 20s
Rendered 3191/5713, time remaining: 1m 20s
Rendered 3192/5713, time remaining: 1m 22s
Rendered 3193/5713, time remaining: 1m 20s
Rendered 3194/5713, time remaining: 1m 20s
Rendered 3195/5713, time remaining: 1m 19s
Rendered 3196/5713, time remaining: 1m 20s
Rendered 3197/5713, time remaining: 1m 20s
Rendered 3198/5713, time remaining: 1m 20s
Rendered 3199/5713, time remaining: 1m 20s
Rendered 3200/5713, time remaining: 1m 20s
Rendered 3201/5713, time remaining: 1m 20s
Rendered 3202/5713, time remaining: 1m 20s
Rendered 3203/5713, time remaining: 1m 21s
Rendered 3204/5713, time remaining: 1m 19s
Rendered 3205/5713, time remaining: 1m 19s
Rendered 3206/5713, time remaining: 1m 19s
Rendered 3207/5713, time remaining: 1m 19s
Rendered 3208/5713, time remaining: 1m 22s
Rendered 3209/5713, time remaining: 1m 21s
Rendered 3210/5713, time remaining: 1m 20s
Rendered 3211/5713, time remaining: 1m 21s
Rendered 3212/5713, time remaining: 1m 20s
Rendered 3213/5713, time remaining: 1m 19s
Rendered 3214/5713, time remaining: 1m 19s
Rendered 3215/5713, time remaining: 1m 19s
Rendered 3216/5713, time remaining: 1m 21s
Rendered 3217/5713, time remaining: 1m 20s
Rendered 3218/5713, time remaining: 1m 20s
Rendered 3219/5713, time remaining: 1m 19s
Rendered 3220/5713, time remaining: 1m 19s
Rendered 3221/5713, time remaining: 1m 18s
Rendered 3222/5713, time remaining: 1m 19s
Rendered 3223/5713, time remaining: 1m 19s
Rendered 3224/5713, time remaining: 1m 21s
Rendered 3225/5713, time remaining: 1m 21s
Rendered 3226/5713, time remaining: 1m 20s
Rendered 3227/5713, time remaining: 1m 18s
Rendered 3228/5713, time remaining: 1m 19s
Rendered 3229/5713, time remaining: 1m 19s
Rendered 3230/5713, time remaining: 1m 19s
Rendered 3231/5713, time remaining: 1m 19s
Rendered 3232/5713, time remaining: 1m 21s
Rendered 3233/5713, time remaining: 1m 20s
Rendered 3234/5713, time remaining: 1m 20s
Rendered 3235/5713, time remaining: 1m 20s
Rendered 3236/5713, time remaining: 1m 19s
Rendered 3237/5713, time remaining: 1m 19s
Rendered 3238/5713, time remaining: 1m 19s
Rendered 3239/5713, time remaining: 1m 20s
Rendered 3240/5713, time remaining: 1m 20s
Rendered 3241/5713, time remaining: 1m 18s
Rendered 3242/5713, time remaining: 1m 18s
Rendered 3243/5713, time remaining: 1m 18s
Rendered 3244/5713, time remaining: 1m 20s
Rendered 3245/5713, time remaining: 1m 21s
Rendered 3246/5713, time remaining: 1m 20s
Rendered 3247/5713, time remaining: 1m 19s
Rendered 3248/5713, time remaining: 1m 19s
Rendered 3249/5713, time remaining: 1m 18s
Rendered 3250/5713, time remaining: 1m 18s
Rendered 3251/5713, time remaining: 1m 18s
Rendered 3252/5713, time remaining: 1m 18s
Rendered 3253/5713, time remaining: 1m 20s
Rendered 3254/5713, time remaining: 1m 20s
Rendered 3255/5713, time remaining: 1m 19s
Rendered 3256/5713, time remaining: 1m 19s
Rendered 3257/5713, time remaining: 1m 19s
Rendered 3258/5713, time remaining: 1m 19s
Rendered 3259/5713, time remaining: 1m 17s
Rendered 3260/5713, time remaining: 1m 17s
Rendered 3261/5713, time remaining: 1m 17s
Rendered 3262/5713, time remaining: 1m 17s
Rendered 3263/5713, time remaining: 1m 17s
Rendered 3264/5713, time remaining: 1m 16s
Rendered 3265/5713, time remaining: 1m 16s
Rendered 3266/5713, time remaining: 1m 16s
Rendered 3267/5713, time remaining: 1m 14s
Rendered 3268/5713, time remaining: 1m 14s
Rendered 3269/5713, time remaining: 1m 14s
Rendered 3270/5713, time remaining: 1m 13s
Rendered 3271/5713, time remaining: 1m 13s
Rendered 3272/5713, time remaining: 1m 14s
Rendered 3273/5713, time remaining: 1m 14s
Rendered 3274/5713, time remaining: 1m 13s
Rendered 3275/5713, time remaining: 1m 11s
Rendered 3276/5713, time remaining: 1m 13s
Rendered 3277/5713, time remaining: 1m 14s
Rendered 3278/5713, time remaining: 1m 14s
Rendered 3279/5713, time remaining: 1m 13s
Rendered 3280/5713, time remaining: 1m 13s
Rendered 3281/5713, time remaining: 1m 13s
Rendered 3282/5713, time remaining: 1m 13s
Rendered 3283/5713, time remaining: 1m 13s
Rendered 3284/5713, time remaining: 1m 13s
Rendered 3285/5713, time remaining: 1m 14s
Rendered 3286/5713, time remaining: 1m 13s
Rendered 3287/5713, time remaining: 1m 14s
Rendered 3288/5713, time remaining: 1m 14s
Rendered 3289/5713, time remaining: 1m 14s
Rendered 3290/5713, time remaining: 1m 12s
Rendered 3291/5713, time remaining: 1m 12s
Rendered 3292/5713, time remaining: 1m 12s
Rendered 3293/5713, time remaining: 1m 11s
Rendered 3294/5713, time remaining: 1m 13s
Rendered 3295/5713, time remaining: 1m 14s
Rendered 3296/5713, time remaining: 1m 14s
Rendered 3297/5713, time remaining: 1m 14s
Rendered 3298/5713, time remaining: 1m 12s
Rendered 3299/5713, time remaining: 1m 12s
Rendered 3300/5713, time remaining: 1m 13s
Rendered 3301/5713, time remaining: 1m 11s
Rendered 3302/5713, time remaining: 1m 12s
Rendered 3303/5713, time remaining: 1m 12s
Rendered 3304/5713, time remaining: 1m 13s
Rendered 3305/5713, time remaining: 1m 13s
Rendered 3306/5713, time remaining: 1m 13s
Rendered 3307/5713, time remaining: 1m 11s
Rendered 3308/5713, time remaining: 1m 12s
Rendered 3309/5713, time remaining: 1m 11s
Rendered 3310/5713, time remaining: 1m 12s
Rendered 3311/5713, time remaining: 1m 12s
Rendered 3312/5713, time remaining: 1m 12s
Rendered 3313/5713, time remaining: 1m 12s
Rendered 3314/5713, time remaining: 1m 10s
Rendered 3315/5713, time remaining: 1m 10s
Rendered 3316/5713, time remaining: 1m 10s
Rendered 3317/5713, time remaining: 1m 11s
Rendered 3318/5713, time remaining: 1m 12s
Rendered 3319/5713, time remaining: 1m 13s
Rendered 3320/5713, time remaining: 1m 13s
Rendered 3321/5713, time remaining: 1m 13s
Rendered 3322/5713, time remaining: 1m 12s
Rendered 3323/5713, time remaining: 1m 12s
Rendered 3324/5713, time remaining: 1m 11s
Rendered 3325/5713, time remaining: 1m 11s
Rendered 3326/5713, time remaining: 1m 12s
Rendered 3327/5713, time remaining: 1m 11s
Rendered 3328/5713, time remaining: 1m 11s
Rendered 3329/5713, time remaining: 1m 11s
Rendered 3330/5713, time remaining: 1m 11s
Rendered 3331/5713, time remaining: 1m 12s
Rendered 3332/5713, time remaining: 1m 12s
Rendered 3333/5713, time remaining: 1m 12s
Rendered 3334/5713, time remaining: 1m 12s
Rendered 3335/5713, time remaining: 1m 11s
Rendered 3336/5713, time remaining: 1m 11s
Rendered 3337/5713, time remaining: 1m 11s
Rendered 3338/5713, time remaining: 1m 11s
Rendered 3339/5713, time remaining: 1m 12s
Rendered 3340/5713, time remaining: 1m 12s
Rendered 3341/5713, time remaining: 1m 13s
Rendered 3342/5713, time remaining: 1m 10s
Rendered 3343/5713, time remaining: 1m 10s
Rendered 3344/5713, time remaining: 1m 12s
Rendered 3345/5713, time remaining: 1m 12s
Rendered 3346/5713, time remaining: 1m 10s
Rendered 3347/5713, time remaining: 1m 10s
Rendered 3348/5713, time remaining: 1m 12s
Rendered 3349/5713, time remaining: 1m 12s
Rendered 3350/5713, time remaining: 1m 9s
Rendered 3351/5713, time remaining: 1m 10s
Rendered 3352/5713, time remaining: 1m 10s
Rendered 3353/5713, time remaining: 1m 9s
Rendered 3354/5713, time remaining: 1m 11s
Rendered 3355/5713, time remaining: 1m 11s
Rendered 3356/5713, time remaining: 1m 11s
Rendered 3357/5713, time remaining: 1m 11s
Rendered 3358/5713, time remaining: 1m 9s
Rendered 3359/5713, time remaining: 1m 9s
Rendered 3360/5713, time remaining: 1m 10s
Rendered 3361/5713, time remaining: 1m 10s
Rendered 3362/5713, time remaining: 1m 10s
Rendered 3363/5713, time remaining: 1m 10s
Rendered 3364/5713, time remaining: 1m 10s
Rendered 3365/5713, time remaining: 1m 11s
Rendered 3366/5713, time remaining: 1m 9s
Rendered 3367/5713, time remaining: 1m 10s
Rendered 3368/5713, time remaining: 1m 10s
Rendered 3369/5713, time remaining: 1m 10s
Rendered 3370/5713, time remaining: 1m 11s
Rendered 3371/5713, time remaining: 1m 11s
Rendered 3372/5713, time remaining: 1m 9s
Rendered 3373/5713, time remaining: 1m 11s
Rendered 3374/5713, time remaining: 1m 9s
Rendered 3375/5713, time remaining: 1m 10s
Rendered 3376/5713, time remaining: 1m 10s
Rendered 3377/5713, time remaining: 1m 10s
Rendered 3378/5713, time remaining: 1m 9s
Rendered 3379/5713, time remaining: 1m 9s
Rendered 3380/5713, time remaining: 1m 10s
Rendered 3381/5713, time remaining: 1m 9s
Rendered 3382/5713, time remaining: 1m 8s
Rendered 3383/5713, time remaining: 1m 10s
Rendered 3384/5713, time remaining: 1m 10s
Rendered 3385/5713, time remaining: 1m 10s
Rendered 3386/5713, time remaining: 1m 8s
Rendered 3387/5713, time remaining: 1m 9s
Rendered 3388/5713, time remaining: 1m 9s
Rendered 3389/5713, time remaining: 1m 9s
Rendered 3390/5713, time remaining: 1m 8s
Rendered 3391/5713, time remaining: 1m 10s
Rendered 3392/5713, time remaining: 1m 10s
Rendered 3393/5713, time remaining: 1m 11s
Rendered 3394/5713, time remaining: 1m 8s
Rendered 3395/5713, time remaining: 1m 9s
Rendered 3396/5713, time remaining: 1m 9s
Rendered 3397/5713, time remaining: 1m 8s
Rendered 3398/5713, time remaining: 1m 8s
Rendered 3399/5713, time remaining: 1m 11s
Rendered 3400/5713, time remaining: 1m 10s
Rendered 3401/5713, time remaining: 1m 10s
Rendered 3402/5713, time remaining: 1m 9s
Rendered 3403/5713, time remaining: 1m 8s
Rendered 3404/5713, time remaining: 1m 8s
Rendered 3405/5713, time remaining: 1m 8s
Rendered 3406/5713, time remaining: 1m 9s
Rendered 3407/5713, time remaining: 1m 11s
Rendered 3408/5713, time remaining: 1m 10s
Rendered 3409/5713, time remaining: 1m 10s
Rendered 3410/5713, time remaining: 1m 10s
Rendered 3411/5713, time remaining: 1m 10s
Rendered 3412/5713, time remaining: 1m 10s
Rendered 3413/5713, time remaining: 1m 11s
Rendered 3414/5713, time remaining: 1m 11s
Rendered 3415/5713, time remaining: 1m 13s
Rendered 3416/5713, time remaining: 1m 12s
Rendered 3417/5713, time remaining: 1m 12s
Rendered 3418/5713, time remaining: 1m 12s
Rendered 3419/5713, time remaining: 1m 12s
Rendered 3420/5713, time remaining: 1m 13s
Rendered 3421/5713, time remaining: 1m 13s
Rendered 3422/5713, time remaining: 1m 13s
Rendered 3423/5713, time remaining: 1m 14s
Rendered 3424/5713, time remaining: 1m 14s
Rendered 3425/5713, time remaining: 1m 15s
Rendered 3426/5713, time remaining: 1m 14s
Rendered 3427/5713, time remaining: 1m 13s
Rendered 3428/5713, time remaining: 1m 13s
Rendered 3429/5713, time remaining: 1m 13s
Rendered 3430/5713, time remaining: 1m 14s
Rendered 3431/5713, time remaining: 1m 13s
Rendered 3432/5713, time remaining: 1m 12s
Rendered 3433/5713, time remaining: 1m 13s
Rendered 3434/5713, time remaining: 1m 14s
Rendered 3435/5713, time remaining: 1m 13s
Rendered 3436/5713, time remaining: 1m 13s
Rendered 3437/5713, time remaining: 1m 12s
Rendered 3438/5713, time remaining: 1m 12s
Rendered 3439/5713, time remaining: 1m 13s
Rendered 3440/5713, time remaining: 1m 13s
Rendered 3441/5713, time remaining: 1m 14s
Rendered 3442/5713, time remaining: 1m 14s
Rendered 3443/5713, time remaining: 1m 14s
Rendered 3444/5713, time remaining: 1m 12s
Rendered 3445/5713, time remaining: 1m 12s
Rendered 3446/5713, time remaining: 1m 13s
Rendered 3447/5713, time remaining: 1m 13s
Rendered 3448/5713, time remaining: 1m 12s
Rendered 3449/5713, time remaining: 1m 14s
Rendered 3450/5713, time remaining: 1m 13s
Rendered 3451/5713, time remaining: 1m 13s
Rendered 3452/5713, time remaining: 1m 12s
Rendered 3453/5713, time remaining: 1m 12s
Rendered 3454/5713, time remaining: 1m 12s
Rendered 3455/5713, time remaining: 1m 12s
Rendered 3456/5713, time remaining: 1m 14s
Rendered 3457/5713, time remaining: 1m 13s
Rendered 3458/5713, time remaining: 1m 13s
Rendered 3459/5713, time remaining: 1m 13s
Rendered 3460/5713, time remaining: 1m 12s
Rendered 3461/5713, time remaining: 1m 11s
Rendered 3462/5713, time remaining: 1m 11s
Rendered 3463/5713, time remaining: 1m 12s
Rendered 3464/5713, time remaining: 1m 13s
Rendered 3465/5713, time remaining: 1m 13s
Rendered 3466/5713, time remaining: 1m 13s
Rendered 3467/5713, time remaining: 1m 12s
Rendered 3468/5713, time remaining: 1m 11s
Rendered 3469/5713, time remaining: 1m 12s
Rendered 3470/5713, time remaining: 1m 12s
Rendered 3471/5713, time remaining: 1m 12s
Rendered 3472/5713, time remaining: 1m 13s
Rendered 3473/5713, time remaining: 1m 12s
Rendered 3474/5713, time remaining: 1m 12s
Rendered 3475/5713, time remaining: 1m 12s
Rendered 3476/5713, time remaining: 1m 11s
Rendered 3477/5713, time remaining: 1m 11s
Rendered 3478/5713, time remaining: 1m 11s
Rendered 3479/5713, time remaining: 1m 10s
Rendered 3480/5713, time remaining: 1m 12s
Rendered 3481/5713, time remaining: 1m 12s
Rendered 3482/5713, time remaining: 1m 11s
Rendered 3483/5713, time remaining: 1m 12s
Rendered 3484/5713, time remaining: 1m 11s
Rendered 3485/5713, time remaining: 1m 11s
Rendered 3486/5713, time remaining: 1m 12s
Rendered 3487/5713, time remaining: 1m 12s
Rendered 3488/5713, time remaining: 1m 12s
Rendered 3489/5713, time remaining: 1m 11s
Rendered 3490/5713, time remaining: 1m 11s
Rendered 3491/5713, time remaining: 1m 11s
Rendered 3492/5713, time remaining: 1m 10s
Rendered 3493/5713, time remaining: 1m 11s
Rendered 3494/5713, time remaining: 1m 10s
Rendered 3495/5713, time remaining: 1m 10s
Rendered 3496/5713, time remaining: 1m 12s
Rendered 3497/5713, time remaining: 1m 12s
Rendered 3498/5713, time remaining: 1m 10s
Rendered 3499/5713, time remaining: 1m 10s
Rendered 3500/5713, time remaining: 1m 10s
Rendered 3501/5713, time remaining: 1m 11s
Rendered 3502/5713, time remaining: 1m 11s
Rendered 3503/5713, time remaining: 1m 11s
Rendered 3504/5713, time remaining: 1m 11s
Rendered 3505/5713, time remaining: 1m 11s
Rendered 3506/5713, time remaining: 1m 11s
Rendered 3507/5713, time remaining: 1m 10s
Rendered 3508/5713, time remaining: 1m 10s
Rendered 3509/5713, time remaining: 1m 10s
Rendered 3510/5713, time remaining: 1m 9s
Rendered 3511/5713, time remaining: 1m 11s
Rendered 3512/5713, time remaining: 1m 11s
Rendered 3513/5713, time remaining: 1m 10s
Rendered 3514/5713, time remaining: 1m 11s
Rendered 3515/5713, time remaining: 1m 9s
Rendered 3516/5713, time remaining: 1m 10s
Rendered 3517/5713, time remaining: 1m 9s
Rendered 3518/5713, time remaining: 1m 9s
Rendered 3519/5713, time remaining: 1m 10s
Rendered 3520/5713, time remaining: 1m 10s
Rendered 3521/5713, time remaining: 1m 10s
Rendered 3522/5713, time remaining: 1m 10s
Rendered 3523/5713, time remaining: 1m 9s
Rendered 3524/5713, time remaining: 1m 11s
Rendered 3525/5713, time remaining: 1m 10s
Rendered 3526/5713, time remaining: 1m 9s
Rendered 3527/5713, time remaining: 1m 10s
Rendered 3528/5713, time remaining: 1m 10s
Rendered 3529/5713, time remaining: 1m 9s
Rendered 3530/5713, time remaining: 1m 9s
Rendered 3531/5713, time remaining: 1m 10s
Rendered 3532/5713, time remaining: 1m 10s
Rendered 3533/5713, time remaining: 1m 8s
Rendered 3534/5713, time remaining: 1m 9s
Rendered 3535/5713, time remaining: 1m 10s
Rendered 3536/5713, time remaining: 1m 10s
Rendered 3537/5713, time remaining: 1m 10s
Rendered 3538/5713, time remaining: 1m 9s
Rendered 3539/5713, time remaining: 1m 9s
Rendered 3540/5713, time remaining: 1m 10s
Rendered 3541/5713, time remaining: 1m 8s
Rendered 3542/5713, time remaining: 1m 8s
Rendered 3543/5713, time remaining: 1m 10s
Rendered 3544/5713, time remaining: 1m 10s
Rendered 3545/5713, time remaining: 1m 9s
Rendered 3546/5713, time remaining: 1m 9s
Rendered 3547/5713, time remaining: 1m 10s
Rendered 3548/5713, time remaining: 1m 10s
Rendered 3549/5713, time remaining: 1m 7s
Rendered 3550/5713, time remaining: 1m 9s
Rendered 3551/5713, time remaining: 1m 10s
Rendered 3552/5713, time remaining: 1m 10s
Rendered 3553/5713, time remaining: 1m 8s
Rendered 3554/5713, time remaining: 1m 10s
Rendered 3555/5713, time remaining: 1m 10s
Rendered 3556/5713, time remaining: 1m 9s
Rendered 3557/5713, time remaining: 1m 7s
Rendered 3558/5713, time remaining: 1m 7s
Rendered 3559/5713, time remaining: 1m 7s
Rendered 3560/5713, time remaining: 1m 8s
Rendered 3561/5713, time remaining: 1m 8s
Rendered 3562/5713, time remaining: 1m 10s
Rendered 3563/5713, time remaining: 1m 9s
Rendered 3564/5713, time remaining: 1m 9s
Rendered 3565/5713, time remaining: 1m 7s
Rendered 3566/5713, time remaining: 1m 7s
Rendered 3567/5713, time remaining: 1m 8s
Rendered 3568/5713, time remaining: 1m 9s
Rendered 3569/5713, time remaining: 1m 9s
Rendered 3570/5713, time remaining: 1m 8s
Rendered 3571/5713, time remaining: 1m 9s
Rendered 3572/5713, time remaining: 1m 9s
Rendered 3573/5713, time remaining: 1m 8s
Rendered 3574/5713, time remaining: 1m 8s
Rendered 3575/5713, time remaining: 1m 8s
Rendered 3576/5713, time remaining: 1m 7s
Rendered 3577/5713, time remaining: 1m 7s
Rendered 3578/5713, time remaining: 1m 8s
Rendered 3579/5713, time remaining: 1m 7s
Rendered 3580/5713, time remaining: 1m 7s
Rendered 3581/5713, time remaining: 1m 7s
Rendered 3582/5713, time remaining: 1m 9s
Rendered 3583/5713, time remaining: 1m 8s
Rendered 3584/5713, time remaining: 1m 7s
Rendered 3585/5713, time remaining: 1m 8s
Rendered 3586/5713, time remaining: 1m 8s
Rendered 3587/5713, time remaining: 1m 8s
Rendered 3588/5713, time remaining: 1m 8s
Rendered 3589/5713, time remaining: 1m 7s
Rendered 3590/5713, time remaining: 1m 8s
Rendered 3591/5713, time remaining: 1m 7s
Rendered 3592/5713, time remaining: 1m 7s
Rendered 3593/5713, time remaining: 1m 8s
Rendered 3594/5713, time remaining: 1m 7s
Rendered 3595/5713, time remaining: 1m 7s
Rendered 3596/5713, time remaining: 1m 6s
Rendered 3597/5713, time remaining: 1m 7s
Rendered 3598/5713, time remaining: 1m 8s
Rendered 3599/5713, time remaining: 1m 7s
Rendered 3600/5713, time remaining: 1m 7s
Rendered 3601/5713, time remaining: 1m 7s
Rendered 3602/5713, time remaining: 1m 7s
Rendered 3603/5713, time remaining: 1m 8s
Rendered 3604/5713, time remaining: 1m 7s
Rendered 3605/5713, time remaining: 1m 8s
Rendered 3606/5713, time remaining: 1m 6s
Rendered 3607/5713, time remaining: 1m 6s
Rendered 3608/5713, time remaining: 1m 7s
Rendered 3609/5713, time remaining: 1m 7s
Rendered 3610/5713, time remaining: 1m 6s
Rendered 3611/5713, time remaining: 1m 8s
Rendered 3612/5713, time remaining: 1m 8s
Rendered 3613/5713, time remaining: 1m 7s
Rendered 3614/5713, time remaining: 1m 7s
Rendered 3615/5713, time remaining: 1m 6s
Rendered 3616/5713, time remaining: 1m 6s
Rendered 3617/5713, time remaining: 1m 6s
Rendered 3618/5713, time remaining: 1m 7s
Rendered 3619/5713, time remaining: 1m 5s
Rendered 3620/5713, time remaining: 1m 6s
Rendered 3621/5713, time remaining: 1m 6s
Rendered 3622/5713, time remaining: 1m 6s
Rendered 3623/5713, time remaining: 1m 6s
Rendered 3624/5713, time remaining: 1m 6s
Rendered 3625/5713, time remaining: 1m 6s
Rendered 3626/5713, time remaining: 1m 7s
Rendered 3627/5713, time remaining: 1m 6s
Rendered 3628/5713, time remaining: 1m 6s
Rendered 3629/5713, time remaining: 1m 8s
Rendered 3630/5713, time remaining: 1m 6s
Rendered 3631/5713, time remaining: 1m 6s
Rendered 3632/5713, time remaining: 1m 6s
Rendered 3633/5713, time remaining: 1m 5s
Rendered 3634/5713, time remaining: 1m 5s
Rendered 3635/5713, time remaining: 1m 6s
Rendered 3636/5713, time remaining: 1m 5s
Rendered 3637/5713, time remaining: 1m 6s
Rendered 3638/5713, time remaining: 1m 6s
Rendered 3639/5713, time remaining: 1m 5s
Rendered 3640/5713, time remaining: 1m 5s
Rendered 3641/5713, time remaining: 1m 5s
Rendered 3642/5713, time remaining: 1m 6s
Rendered 3643/5713, time remaining: 1m 6s
Rendered 3644/5713, time remaining: 1m 6s
Rendered 3645/5713, time remaining: 1m 6s
Rendered 3646/5713, time remaining: 1m 6s
Rendered 3647/5713, time remaining: 1m 6s
Rendered 3648/5713, time remaining: 1m 6s
Rendered 3649/5713, time remaining: 1m 6s
Rendered 3650/5713, time remaining: 1m 6s
Rendered 3651/5713, time remaining: 1m 5s
Rendered 3652/5713, time remaining: 1m 5s
Rendered 3653/5713, time remaining: 1m 5s
Rendered 3654/5713, time remaining: 1m 5s
Rendered 3655/5713, time remaining: 1m 5s
Rendered 3656/5713, time remaining: 1m 5s
Rendered 3657/5713, time remaining: 1m 5s
Rendered 3658/5713, time remaining: 1m 6s
Rendered 3659/5713, time remaining: 1m 6s
Rendered 3660/5713, time remaining: 1m 6s
Rendered 3661/5713, time remaining: 1m 4s
Rendered 3662/5713, time remaining: 1m 5s
Rendered 3663/5713, time remaining: 1m 5s
Rendered 3664/5713, time remaining: 1m 4s
Rendered 3665/5713, time remaining: 1m 6s
Rendered 3666/5713, time remaining: 1m 5s
Rendered 3667/5713, time remaining: 1m 6s
Rendered 3668/5713, time remaining: 1m 6s
Rendered 3669/5713, time remaining: 1m 4s
Rendered 3670/5713, time remaining: 1m 5s
Rendered 3671/5713, time remaining: 1m 4s
Rendered 3672/5713, time remaining: 1m 4s
Rendered 3673/5713, time remaining: 1m 5s
Rendered 3674/5713, time remaining: 1m 4s
Rendered 3675/5713, time remaining: 1m 4s
Rendered 3676/5713, time remaining: 1m 4s
Rendered 3677/5713, time remaining: 1m 4s
Rendered 3678/5713, time remaining: 1m 5s
Rendered 3679/5713, time remaining: 1m 5s
Rendered 3680/5713, time remaining: 1m 5s
Rendered 3681/5713, time remaining: 1m 5s
Rendered 3682/5713, time remaining: 1m 4s
Rendered 3683/5713, time remaining: 1m 4s
Rendered 3684/5713, time remaining: 1m 4s
Rendered 3685/5713, time remaining: 1m 4s
Rendered 3686/5713, time remaining: 1m 5s
Rendered 3687/5713, time remaining: 1m 5s
Rendered 3688/5713, time remaining: 1m 4s
Rendered 3689/5713, time remaining: 1m 4s
Rendered 3690/5713, time remaining: 1m 5s
Rendered 3691/5713, time remaining: 1m 5s
Rendered 3692/5713, time remaining: 1m 4s
Rendered 3693/5713, time remaining: 1m 4s
Rendered 3694/5713, time remaining: 1m 4s
Rendered 3695/5713, time remaining: 1m 4s
Rendered 3696/5713, time remaining: 1m 4s
Rendered 3697/5713, time remaining: 1m 4s
Rendered 3698/5713, time remaining: 1m 4s
Rendered 3699/5713, time remaining: 1m 4s
Rendered 3700/5713, time remaining: 1m 3s
Rendered 3701/5713, time remaining: 1m 4s
Rendered 3702/5713, time remaining: 1m 4s
Rendered 3703/5713, time remaining: 1m 4s
Rendered 3704/5713, time remaining: 1m 3s
Rendered 3705/5713, time remaining: 1m 3s
Rendered 3706/5713, time remaining: 1m 3s
Rendered 3707/5713, time remaining: 1m 5s
Rendered 3708/5713, time remaining: 1m 5s
Rendered 3709/5713, time remaining: 1m 5s
Rendered 3710/5713, time remaining: 1m 4s
Rendered 3711/5713, time remaining: 1m 5s
Rendered 3712/5713, time remaining: 1m 3s
Rendered 3713/5713, time remaining: 1m 3s
Rendered 3714/5713, time remaining: 1m 3s
Rendered 3715/5713, time remaining: 1m 4s
Rendered 3716/5713, time remaining: 1m 4s
Rendered 3717/5713, time remaining: 1m 4s
Rendered 3718/5713, time remaining: 1m 2s
Rendered 3719/5713, time remaining: 1m 3s
Rendered 3720/5713, time remaining: 1m 4s
Rendered 3721/5713, time remaining: 1m 3s
Rendered 3722/5713, time remaining: 1m 3s
Rendered 3723/5713, time remaining: 1m 3s
Rendered 3724/5713, time remaining: 1m 3s
Rendered 3725/5713, time remaining: 1m 4s
Rendered 3726/5713, time remaining: 1m 2s
Rendered 3727/5713, time remaining: 1m 3s
Rendered 3728/5713, time remaining: 1m 2s
Rendered 3729/5713, time remaining: 1m 4s
Rendered 3730/5713, time remaining: 1m 4s
Rendered 3731/5713, time remaining: 1m 3s
Rendered 3732/5713, time remaining: 1m 3s
Rendered 3733/5713, time remaining: 1m 3s
Rendered 3734/5713, time remaining: 1m 3s
Rendered 3735/5713, time remaining: 1m 3s
Rendered 3736/5713, time remaining: 1m 3s
Rendered 3737/5713, time remaining: 1m 2s
Rendered 3738/5713, time remaining: 1m 3s
Rendered 3739/5713, time remaining: 1m 3s
Rendered 3740/5713, time remaining: 1m 3s
Rendered 3741/5713, time remaining: 1m 3s
Rendered 3742/5713, time remaining: 1m 2s
Rendered 3743/5713, time remaining: 1m 3s
Rendered 3744/5713, time remaining: 1m 3s
Rendered 3745/5713, time remaining: 1m 3s
Rendered 3746/5713, time remaining: 1m 3s
Rendered 3747/5713, time remaining: 1m 3s
Rendered 3748/5713, time remaining: 1m 3s
Rendered 3749/5713, time remaining: 1m 2s
Rendered 3750/5713, time remaining: 1m 3s
Rendered 3751/5713, time remaining: 1m 3s
Rendered 3752/5713, time remaining: 1m 3s
Rendered 3753/5713, time remaining: 1m 2s
Rendered 3754/5713, time remaining: 1m 2s
Rendered 3755/5713, time remaining: 1m 2s
Rendered 3756/5713, time remaining: 1m 2s
Rendered 3757/5713, time remaining: 1m 2s
Rendered 3758/5713, time remaining: 1m 3s
Rendered 3759/5713, time remaining: 1m 2s
Rendered 3760/5713, time remaining: 1m 3s
Rendered 3761/5713, time remaining: 1m 2s
Rendered 3762/5713, time remaining: 1m 2s
Rendered 3763/5713, time remaining: 1m 2s
Rendered 3764/5713, time remaining: 1m 2s
Rendered 3765/5713, time remaining: 1m 2s
Rendered 3766/5713, time remaining: 1m 3s
Rendered 3767/5713, time remaining: 1m 3s
Rendered 3768/5713, time remaining: 1m 3s
Rendered 3769/5713, time remaining: 1m 2s
Rendered 3770/5713, time remaining: 1m 2s
Rendered 3771/5713, time remaining: 1m 2s
Rendered 3772/5713, time remaining: 1m 1s
Rendered 3773/5713, time remaining: 1m 1s
Rendered 3774/5713, time remaining: 1m 2s
Rendered 3775/5713, time remaining: 1m 2s
Rendered 3776/5713, time remaining: 1m 3s
Rendered 3777/5713, time remaining: 1m 3s
Rendered 3778/5713, time remaining: 1m 3s
Rendered 3779/5713, time remaining: 1m 1s
Rendered 3780/5713, time remaining: 1m 1s
Rendered 3781/5713, time remaining: 1m 1s
Rendered 3782/5713, time remaining: 1m 1s
Rendered 3783/5713, time remaining: 1m 1s
Rendered 3784/5713, time remaining: 1m 3s
Rendered 3785/5713, time remaining: 1m 2s
Rendered 3786/5713, time remaining: 1m 2s
Rendered 3787/5713, time remaining: 1m 1s
Rendered 3788/5713, time remaining: 1m 2s
Rendered 3789/5713, time remaining: 1m 2s
Rendered 3790/5713, time remaining: 1m 1s
Rendered 3791/5713, time remaining: 1m 2s
Rendered 3792/5713, time remaining: 1m 2s
Rendered 3793/5713, time remaining: 1m 2s
Rendered 3794/5713, time remaining: 1m 2s
Rendered 3795/5713, time remaining: 1m 2s
Rendered 3796/5713, time remaining: 1m 1s
Rendered 3797/5713, time remaining: 1m 2s
Rendered 3798/5713, time remaining: 1m 2s
Rendered 3799/5713, time remaining: 1m 1s
Rendered 3800/5713, time remaining: 1m 2s
Rendered 3801/5713, time remaining: 1m 2s
Rendered 3802/5713, time remaining: 1m 3s
Rendered 3803/5713, time remaining: 1m 2s
Rendered 3804/5713, time remaining: 1m 0s
Rendered 3805/5713, time remaining: 1m 1s
Rendered 3806/5713, time remaining: 1m 1s
Rendered 3807/5713, time remaining: 1m 1s
Rendered 3808/5713, time remaining: 1m 0s
Rendered 3809/5713, time remaining: 1m 1s
Rendered 3810/5713, time remaining: 1m 2s
Rendered 3811/5713, time remaining: 1m 2s
Rendered 3812/5713, time remaining: 1m 1s
Rendered 3813/5713, time remaining: 1m 1s
Rendered 3814/5713, time remaining: 1m 1s
Rendered 3815/5713, time remaining: 1m 1s
Rendered 3816/5713, time remaining: 1m 1s
Rendered 3817/5713, time remaining: 1m 0s
Rendered 3818/5713, time remaining: 1m 1s
Rendered 3819/5713, time remaining: 1m 1s
Rendered 3820/5713, time remaining: 1m 1s
Rendered 3821/5713, time remaining: 1m 1s
Rendered 3822/5713, time remaining: 1m 1s
Rendered 3823/5713, time remaining: 1m 1s
Rendered 3824/5713, time remaining: 1m 0s
Rendered 3825/5713, time remaining: 1m 0s
Rendered 3826/5713, time remaining: 1m 2s
Rendered 3827/5713, time remaining: 1m 1s
Rendered 3828/5713, time remaining: 1m 0s
Rendered 3829/5713, time remaining: 1m 0s
Rendered 3830/5713, time remaining: 1m 0s
Rendered 3831/5713, time remaining: 1m 0s
Rendered 3832/5713, time remaining: 1m 0s
Rendered 3833/5713, time remaining: 1m 0s
Rendered 3834/5713, time remaining: 1m 2s
Rendered 3835/5713, time remaining: 1m 0s
Rendered 3836/5713, time remaining: 1m 0s
Rendered 3837/5713, time remaining: 1m 0s
Rendered 3838/5713, time remaining: 1m 0s
Rendered 3839/5713, time remaining: 1m 1s
Rendered 3840/5713, time remaining: 1m 0s
Rendered 3841/5713, time remaining: 59s
Rendered 3842/5713, time remaining: 1m 1s
Rendered 3843/5713, time remaining: 1m 0s
Rendered 3844/5713, time remaining: 59s
Rendered 3845/5713, time remaining: 1m 0s
Rendered 3846/5713, time remaining: 1m 0s
Rendered 3847/5713, time remaining: 1m 0s
Rendered 3848/5713, time remaining: 59s
Rendered 3849/5713, time remaining: 59s
Rendered 3850/5713, time remaining: 1m 1s
Rendered 3851/5713, time remaining: 1m 0s
Rendered 3852/5713, time remaining: 59s
Rendered 3853/5713, time remaining: 1m 0s
Rendered 3854/5713, time remaining: 1m 0s
Rendered 3855/5713, time remaining: 59s
Rendered 3856/5713, time remaining: 59s
Rendered 3857/5713, time remaining: 59s
Rendered 3858/5713, time remaining: 1m 0s
Rendered 3859/5713, time remaining: 1m 0s
Rendered 3860/5713, time remaining: 1m 0s
Rendered 3861/5713, time remaining: 59s
Rendered 3862/5713, time remaining: 59s
Rendered 3863/5713, time remaining: 59s
Rendered 3864/5713, time remaining: 1m 0s
Rendered 3865/5713, time remaining: 59s
Rendered 3866/5713, time remaining: 1m 0s
Rendered 3867/5713, time remaining: 1m 0s
Rendered 3868/5713, time remaining: 1m 0s
Rendered 3869/5713, time remaining: 59s
Rendered 3870/5713, time remaining: 59s
Rendered 3871/5713, time remaining: 59s
Rendered 3872/5713, time remaining: 59s
Rendered 3873/5713, time remaining: 59s
Rendered 3874/5713, time remaining: 59s
Rendered 3875/5713, time remaining: 58s
Rendered 3876/5713, time remaining: 59s
Rendered 3877/5713, time remaining: 59s
Rendered 3878/5713, time remaining: 59s
Rendered 3879/5713, time remaining: 58s
Rendered 3880/5713, time remaining: 58s
Rendered 3881/5713, time remaining: 59s
Rendered 3882/5713, time remaining: 58s
Rendered 3883/5713, time remaining: 58s
Rendered 3884/5713, time remaining: 59s
Rendered 3885/5713, time remaining: 58s
Rendered 3886/5713, time remaining: 59s
Rendered 3887/5713, time remaining: 59s
Rendered 3888/5713, time remaining: 58s
Rendered 3889/5713, time remaining: 58s
Rendered 3890/5713, time remaining: 58s
Rendered 3891/5713, time remaining: 58s
Rendered 3892/5713, time remaining: 58s
Rendered 3893/5713, time remaining: 57s
Rendered 3894/5713, time remaining: 59s
Rendered 3895/5713, time remaining: 59s
Rendered 3896/5713, time remaining: 58s
Rendered 3897/5713, time remaining: 58s
Rendered 3898/5713, time remaining: 58s
Rendered 3899/5713, time remaining: 58s
Rendered 3900/5713, time remaining: 57s
Rendered 3901/5713, time remaining: 57s
Rendered 3902/5713, time remaining: 57s
Rendered 3903/5713, time remaining: 59s
Rendered 3904/5713, time remaining: 58s
Rendered 3905/5713, time remaining: 58s
Rendered 3906/5713, time remaining: 58s
Rendered 3907/5713, time remaining: 58s
Rendered 3908/5713, time remaining: 57s
Rendered 3909/5713, time remaining: 57s
Rendered 3910/5713, time remaining: 58s
Rendered 3911/5713, time remaining: 58s
Rendered 3912/5713, time remaining: 58s
Rendered 3913/5713, time remaining: 57s
Rendered 3914/5713, time remaining: 58s
Rendered 3915/5713, time remaining: 58s
Rendered 3916/5713, time remaining: 57s
Rendered 3917/5713, time remaining: 57s
Rendered 3918/5713, time remaining: 56s
Rendered 3919/5713, time remaining: 58s
Rendered 3920/5713, time remaining: 57s
Rendered 3921/5713, time remaining: 57s
Rendered 3922/5713, time remaining: 57s
Rendered 3923/5713, time remaining: 58s
Rendered 3924/5713, time remaining: 57s
Rendered 3925/5713, time remaining: 57s
Rendered 3926/5713, time remaining: 56s
Rendered 3927/5713, time remaining: 57s
Rendered 3928/5713, time remaining: 57s
Rendered 3929/5713, time remaining: 57s
Rendered 3930/5713, time remaining: 57s
Rendered 3931/5713, time remaining: 57s
Rendered 3932/5713, time remaining: 57s
Rendered 3933/5713, time remaining: 57s
Rendered 3934/5713, time remaining: 56s
Rendered 3935/5713, time remaining: 56s
Rendered 3936/5713, time remaining: 56s
Rendered 3937/5713, time remaining: 56s
Rendered 3938/5713, time remaining: 56s
Rendered 3939/5713, time remaining: 56s
Rendered 3940/5713, time remaining: 56s
Rendered 3941/5713, time remaining: 57s
Rendered 3942/5713, time remaining: 56s
Rendered 3943/5713, time remaining: 56s
Rendered 3944/5713, time remaining: 56s
Rendered 3945/5713, time remaining: 56s
Rendered 3946/5713, time remaining: 56s
Rendered 3947/5713, time remaining: 55s
Rendered 3948/5713, time remaining: 56s
Rendered 3949/5713, time remaining: 56s
Rendered 3950/5713, time remaining: 55s
Rendered 3951/5713, time remaining: 55s
Rendered 3952/5713, time remaining: 56s
Rendered 3953/5713, time remaining: 56s
Rendered 3954/5713, time remaining: 56s
Rendered 3955/5713, time remaining: 55s
Rendered 3956/5713, time remaining: 56s
Rendered 3957/5713, time remaining: 56s
Rendered 3958/5713, time remaining: 55s
Rendered 3959/5713, time remaining: 55s
Rendered 3960/5713, time remaining: 56s
Rendered 3961/5713, time remaining: 56s
Rendered 3962/5713, time remaining: 56s
Rendered 3963/5713, time remaining: 56s
Rendered 3964/5713, time remaining: 56s
Rendered 3965/5713, time remaining: 56s
Rendered 3966/5713, time remaining: 56s
Rendered 3967/5713, time remaining: 55s
Rendered 3968/5713, time remaining: 56s
Rendered 3969/5713, time remaining: 56s
Rendered 3970/5713, time remaining: 56s
Rendered 3971/5713, time remaining: 56s
Rendered 3972/5713, time remaining: 56s
Rendered 3973/5713, time remaining: 55s
Rendered 3974/5713, time remaining: 55s
Rendered 3975/5713, time remaining: 55s
Rendered 3976/5713, time remaining: 56s
Rendered 3977/5713, time remaining: 55s
Rendered 3978/5713, time remaining: 56s
Rendered 3979/5713, time remaining: 56s
Rendered 3980/5713, time remaining: 56s
Rendered 3981/5713, time remaining: 56s
Rendered 3982/5713, time remaining: 56s
Rendered 3983/5713, time remaining: 55s
Rendered 3984/5713, time remaining: 55s
Rendered 3985/5713, time remaining: 55s
Rendered 3986/5713, time remaining: 56s
Rendered 3987/5713, time remaining: 56s
Rendered 3988/5713, time remaining: 55s
Rendered 3989/5713, time remaining: 55s
Rendered 3990/5713, time remaining: 55s
Rendered 3991/5713, time remaining: 55s
Rendered 3992/5713, time remaining: 54s
Rendered 3993/5713, time remaining: 54s
Rendered 3994/5713, time remaining: 55s
Rendered 3995/5713, time remaining: 56s
Rendered 3996/5713, time remaining: 55s
Rendered 3997/5713, time remaining: 55s
Rendered 3998/5713, time remaining: 55s
Rendered 3999/5713, time remaining: 55s
Rendered 4000/5713, time remaining: 55s
Rendered 4001/5713, time remaining: 55s
Rendered 4002/5713, time remaining: 54s
Rendered 4003/5713, time remaining: 54s
Rendered 4004/5713, time remaining: 54s
Rendered 4005/5713, time remaining: 54s
Rendered 4006/5713, time remaining: 54s
Rendered 4007/5713, time remaining: 55s
Rendered 4008/5713, time remaining: 54s
Rendered 4009/5713, time remaining: 54s
Rendered 4010/5713, time remaining: 54s
Rendered 4011/5713, time remaining: 55s
Rendered 4012/5713, time remaining: 54s
Rendered 4013/5713, time remaining: 55s
Rendered 4014/5713, time remaining: 54s
Rendered 4015/5713, time remaining: 54s
Rendered 4016/5713, time remaining: 53s
Rendered 4017/5713, time remaining: 53s
Rendered 4018/5713, time remaining: 54s
Rendered 4019/5713, time remaining: 55s
Rendered 4020/5713, time remaining: 54s
Rendered 4021/5713, time remaining: 54s
Rendered 4022/5713, time remaining: 54s
Rendered 4023/5713, time remaining: 55s
Rendered 4024/5713, time remaining: 54s
Rendered 4025/5713, time remaining: 54s
Rendered 4026/5713, time remaining: 53s
Rendered 4027/5713, time remaining: 55s
Rendered 4028/5713, time remaining: 54s
Rendered 4029/5713, time remaining: 54s
Rendered 4030/5713, time remaining: 54s
Rendered 4031/5713, time remaining: 54s
Rendered 4032/5713, time remaining: 54s
Rendered 4033/5713, time remaining: 54s
Rendered 4034/5713, time remaining: 54s
Rendered 4035/5713, time remaining: 55s
Rendered 4036/5713, time remaining: 54s
Rendered 4037/5713, time remaining: 54s
Rendered 4038/5713, time remaining: 54s
Rendered 4039/5713, time remaining: 53s
Rendered 4040/5713, time remaining: 53s
Rendered 4041/5713, time remaining: 53s
Rendered 4042/5713, time remaining: 54s
Rendered 4043/5713, time remaining: 55s
Rendered 4044/5713, time remaining: 53s
Rendered 4045/5713, time remaining: 53s
Rendered 4046/5713, time remaining: 53s
Rendered 4047/5713, time remaining: 53s
Rendered 4048/5713, time remaining: 52s
Rendered 4049/5713, time remaining: 53s
Rendered 4050/5713, time remaining: 53s
Rendered 4051/5713, time remaining: 54s
Rendered 4052/5713, time remaining: 54s
Rendered 4053/5713, time remaining: 53s
Rendered 4054/5713, time remaining: 53s
Rendered 4055/5713, time remaining: 53s
Rendered 4056/5713, time remaining: 53s
Rendered 4057/5713, time remaining: 53s
Rendered 4058/5713, time remaining: 53s
Rendered 4059/5713, time remaining: 55s
Rendered 4060/5713, time remaining: 53s
Rendered 4061/5713, time remaining: 53s
Rendered 4062/5713, time remaining: 54s
Rendered 4063/5713, time remaining: 53s
Rendered 4064/5713, time remaining: 53s
Rendered 4065/5713, time remaining: 53s
Rendered 4066/5713, time remaining: 53s
Rendered 4067/5713, time remaining: 55s
Rendered 4068/5713, time remaining: 55s
Rendered 4069/5713, time remaining: 53s
Rendered 4070/5713, time remaining: 54s
Rendered 4071/5713, time remaining: 54s
Rendered 4072/5713, time remaining: 54s
Rendered 4073/5713, time remaining: 53s
Rendered 4074/5713, time remaining: 54s
Rendered 4075/5713, time remaining: 54s
Rendered 4076/5713, time remaining: 54s
Rendered 4077/5713, time remaining: 54s
Rendered 4078/5713, time remaining: 54s
Rendered 4079/5713, time remaining: 54s
Rendered 4080/5713, time remaining: 53s
Rendered 4081/5713, time remaining: 54s
Rendered 4082/5713, time remaining: 53s
Rendered 4083/5713, time remaining: 54s
Rendered 4084/5713, time remaining: 53s
Rendered 4085/5713, time remaining: 53s
Rendered 4086/5713, time remaining: 53s
Rendered 4087/5713, time remaining: 53s
Rendered 4088/5713, time remaining: 53s
Rendered 4089/5713, time remaining: 53s
Rendered 4090/5713, time remaining: 53s
Rendered 4091/5713, time remaining: 54s
Rendered 4092/5713, time remaining: 54s
Rendered 4093/5713, time remaining: 54s
Rendered 4094/5713, time remaining: 53s
Rendered 4095/5713, time remaining: 53s
Rendered 4096/5713, time remaining: 53s
Rendered 4097/5713, time remaining: 53s
Rendered 4098/5713, time remaining: 52s
Rendered 4099/5713, time remaining: 53s
Rendered 4100/5713, time remaining: 53s
Rendered 4101/5713, time remaining: 54s
Rendered 4102/5713, time remaining: 53s
Rendered 4103/5713, time remaining: 53s
Rendered 4104/5713, time remaining: 54s
Rendered 4105/5713, time remaining: 54s
Rendered 4106/5713, time remaining: 53s
Rendered 4107/5713, time remaining: 53s
Rendered 4108/5713, time remaining: 53s
Rendered 4109/5713, time remaining: 53s
Rendered 4110/5713, time remaining: 52s
Rendered 4111/5713, time remaining: 53s
Rendered 4112/5713, time remaining: 53s
Rendered 4113/5713, time remaining: 53s
Rendered 4114/5713, time remaining: 53s
Rendered 4115/5713, time remaining: 52s
Rendered 4116/5713, time remaining: 53s
Rendered 4117/5713, time remaining: 54s
Rendered 4118/5713, time remaining: 53s
Rendered 4119/5713, time remaining: 53s
Rendered 4120/5713, time remaining: 53s
Rendered 4121/5713, time remaining: 52s
Rendered 4122/5713, time remaining: 52s
Rendered 4123/5713, time remaining: 52s
Rendered 4124/5713, time remaining: 53s
Rendered 4125/5713, time remaining: 53s
Rendered 4126/5713, time remaining: 52s
Rendered 4127/5713, time remaining: 53s
Rendered 4128/5713, time remaining: 52s
Rendered 4129/5713, time remaining: 52s
Rendered 4130/5713, time remaining: 52s
Rendered 4131/5713, time remaining: 52s
Rendered 4132/5713, time remaining: 52s
Rendered 4133/5713, time remaining: 53s
Rendered 4134/5713, time remaining: 51s
Rendered 4135/5713, time remaining: 52s
Rendered 4136/5713, time remaining: 51s
Rendered 4137/5713, time remaining: 51s
Rendered 4138/5713, time remaining: 52s
Rendered 4139/5713, time remaining: 52s
Rendered 4140/5713, time remaining: 52s
Rendered 4141/5713, time remaining: 53s
Rendered 4142/5713, time remaining: 52s
Rendered 4143/5713, time remaining: 52s
Rendered 4144/5713, time remaining: 52s
Rendered 4145/5713, time remaining: 51s
Rendered 4146/5713, time remaining: 51s
Rendered 4147/5713, time remaining: 52s
Rendered 4148/5713, time remaining: 52s
Rendered 4149/5713, time remaining: 52s
Rendered 4150/5713, time remaining: 51s
Rendered 4151/5713, time remaining: 51s
Rendered 4152/5713, time remaining: 51s
Rendered 4153/5713, time remaining: 51s
Rendered 4154/5713, time remaining: 51s
Rendered 4155/5713, time remaining: 52s
Rendered 4156/5713, time remaining: 52s
Rendered 4157/5713, time remaining: 51s
Rendered 4158/5713, time remaining: 52s
Rendered 4159/5713, time remaining: 52s
Rendered 4160/5713, time remaining: 52s
Rendered 4161/5713, time remaining: 51s
Rendered 4162/5713, time remaining: 51s
Rendered 4163/5713, time remaining: 51s
Rendered 4164/5713, time remaining: 51s
Rendered 4165/5713, time remaining: 50s
Rendered 4166/5713, time remaining: 51s
Rendered 4167/5713, time remaining: 52s
Rendered 4168/5713, time remaining: 51s
Rendered 4169/5713, time remaining: 50s
Rendered 4170/5713, time remaining: 50s
Rendered 4171/5713, time remaining: 50s
Rendered 4172/5713, time remaining: 52s
Rendered 4173/5713, time remaining: 50s
Rendered 4174/5713, time remaining: 50s
Rendered 4175/5713, time remaining: 51s
Rendered 4176/5713, time remaining: 51s
Rendered 4177/5713, time remaining: 50s
Rendered 4178/5713, time remaining: 50s
Rendered 4179/5713, time remaining: 50s
Rendered 4180/5713, time remaining: 51s
Rendered 4181/5713, time remaining: 50s
Rendered 4182/5713, time remaining: 51s
Rendered 4183/5713, time remaining: 50s
Rendered 4184/5713, time remaining: 50s
Rendered 4185/5713, time remaining: 50s
Rendered 4186/5713, time remaining: 50s
Rendered 4187/5713, time remaining: 50s
Rendered 4188/5713, time remaining: 50s
Rendered 4189/5713, time remaining: 51s
Rendered 4190/5713, time remaining: 51s
Rendered 4191/5713, time remaining: 50s
Rendered 4192/5713, time remaining: 50s
Rendered 4193/5713, time remaining: 50s
Rendered 4194/5713, time remaining: 50s
Rendered 4195/5713, time remaining: 50s
Rendered 4196/5713, time remaining: 50s
Rendered 4197/5713, time remaining: 50s
Rendered 4198/5713, time remaining: 51s
Rendered 4199/5713, time remaining: 50s
Rendered 4200/5713, time remaining: 50s
Rendered 4201/5713, time remaining: 49s
Rendered 4202/5713, time remaining: 49s
Rendered 4203/5713, time remaining: 49s
Rendered 4204/5713, time remaining: 49s
Rendered 4205/5713, time remaining: 49s
Rendered 4206/5713, time remaining: 50s
Rendered 4207/5713, time remaining: 50s
Rendered 4208/5713, time remaining: 50s
Rendered 4209/5713, time remaining: 49s
Rendered 4210/5713, time remaining: 48s
Rendered 4211/5713, time remaining: 48s
Rendered 4212/5713, time remaining: 48s
Rendered 4213/5713, time remaining: 49s
Rendered 4214/5713, time remaining: 49s
Rendered 4215/5713, time remaining: 50s
Rendered 4216/5713, time remaining: 50s
Rendered 4217/5713, time remaining: 48s
Rendered 4218/5713, time remaining: 48s
Rendered 4219/5713, time remaining: 48s
Rendered 4220/5713, time remaining: 48s
Rendered 4221/5713, time remaining: 48s
Rendered 4222/5713, time remaining: 48s
Rendered 4223/5713, time remaining: 49s
Rendered 4224/5713, time remaining: 48s
Rendered 4225/5713, time remaining: 48s
Rendered 4226/5713, time remaining: 48s
Rendered 4227/5713, time remaining: 47s
Rendered 4228/5713, time remaining: 47s
Rendered 4229/5713, time remaining: 47s
Rendered 4230/5713, time remaining: 48s
Rendered 4231/5713, time remaining: 48s
Rendered 4232/5713, time remaining: 48s
Rendered 4233/5713, time remaining: 47s
Rendered 4234/5713, time remaining: 47s
Rendered 4235/5713, time remaining: 48s
Rendered 4236/5713, time remaining: 48s
Rendered 4237/5713, time remaining: 48s
Rendered 4238/5713, time remaining: 49s
Rendered 4239/5713, time remaining: 48s
Rendered 4240/5713, time remaining: 48s
Rendered 4241/5713, time remaining: 46s
Rendered 4242/5713, time remaining: 47s
Rendered 4243/5713, time remaining: 46s
Rendered 4244/5713, time remaining: 46s
Rendered 4245/5713, time remaining: 47s
Rendered 4246/5713, time remaining: 47s
Rendered 4247/5713, time remaining: 47s
Rendered 4248/5713, time remaining: 47s
Rendered 4249/5713, time remaining: 47s
Rendered 4250/5713, time remaining: 47s
Rendered 4251/5713, time remaining: 47s
Rendered 4252/5713, time remaining: 46s
Rendered 4253/5713, time remaining: 46s
Rendered 4254/5713, time remaining: 47s
Rendered 4255/5713, time remaining: 47s
Rendered 4256/5713, time remaining: 47s
Rendered 4257/5713, time remaining: 47s
Rendered 4258/5713, time remaining: 47s
Rendered 4259/5713, time remaining: 47s
Rendered 4260/5713, time remaining: 46s
Rendered 4261/5713, time remaining: 46s
Rendered 4262/5713, time remaining: 46s
Rendered 4263/5713, time remaining: 46s
Rendered 4264/5713, time remaining: 46s
Rendered 4265/5713, time remaining: 46s
Rendered 4266/5713, time remaining: 46s
Rendered 4267/5713, time remaining: 46s
Rendered 4268/5713, time remaining: 45s
Rendered 4269/5713, time remaining: 46s
Rendered 4270/5713, time remaining: 46s
Rendered 4271/5713, time remaining: 46s
Rendered 4272/5713, time remaining: 46s
Rendered 4273/5713, time remaining: 47s
Rendered 4274/5713, time remaining: 46s
Rendered 4275/5713, time remaining: 46s
Rendered 4276/5713, time remaining: 45s
Rendered 4277/5713, time remaining: 46s
Rendered 4278/5713, time remaining: 46s
Rendered 4279/5713, time remaining: 46s
Rendered 4280/5713, time remaining: 46s
Rendered 4281/5713, time remaining: 46s
Rendered 4282/5713, time remaining: 46s
Rendered 4283/5713, time remaining: 45s
Rendered 4284/5713, time remaining: 45s
Rendered 4285/5713, time remaining: 46s
Rendered 4286/5713, time remaining: 46s
Rendered 4287/5713, time remaining: 46s
Rendered 4288/5713, time remaining: 46s
Rendered 4289/5713, time remaining: 46s
Rendered 4290/5713, time remaining: 45s
Rendered 4291/5713, time remaining: 45s
Rendered 4292/5713, time remaining: 45s
Rendered 4293/5713, time remaining: 46s
Rendered 4294/5713, time remaining: 45s
Rendered 4295/5713, time remaining: 45s
Rendered 4296/5713, time remaining: 45s
Rendered 4297/5713, time remaining: 45s
Rendered 4298/5713, time remaining: 45s
Rendered 4299/5713, time remaining: 44s
Rendered 4300/5713, time remaining: 46s
Rendered 4301/5713, time remaining: 45s
Rendered 4302/5713, time remaining: 46s
Rendered 4303/5713, time remaining: 46s
Rendered 4304/5713, time remaining: 46s
Rendered 4305/5713, time remaining: 45s
Rendered 4306/5713, time remaining: 45s
Rendered 4307/5713, time remaining: 45s
Rendered 4308/5713, time remaining: 45s
Rendered 4309/5713, time remaining: 44s
Rendered 4310/5713, time remaining: 45s
Rendered 4311/5713, time remaining: 45s
Rendered 4312/5713, time remaining: 45s
Rendered 4313/5713, time remaining: 45s
Rendered 4314/5713, time remaining: 45s
Rendered 4315/5713, time remaining: 45s
Rendered 4316/5713, time remaining: 45s
Rendered 4317/5713, time remaining: 44s
Rendered 4318/5713, time remaining: 45s
Rendered 4319/5713, time remaining: 45s
Rendered 4320/5713, time remaining: 45s
Rendered 4321/5713, time remaining: 45s
Rendered 4322/5713, time remaining: 44s
Rendered 4323/5713, time remaining: 44s
Rendered 4324/5713, time remaining: 44s
Rendered 4325/5713, time remaining: 44s
Rendered 4326/5713, time remaining: 44s
Rendered 4327/5713, time remaining: 45s
Rendered 4328/5713, time remaining: 45s
Rendered 4329/5713, time remaining: 45s
Rendered 4330/5713, time remaining: 44s
Rendered 4331/5713, time remaining: 44s
Rendered 4332/5713, time remaining: 44s
Rendered 4333/5713, time remaining: 45s
Rendered 4334/5713, time remaining: 44s
Rendered 4335/5713, time remaining: 45s
Rendered 4336/5713, time remaining: 45s
Rendered 4337/5713, time remaining: 45s
Rendered 4338/5713, time remaining: 44s
Rendered 4339/5713, time remaining: 44s
Rendered 4340/5713, time remaining: 44s
Rendered 4341/5713, time remaining: 44s
Rendered 4342/5713, time remaining: 43s
Rendered 4343/5713, time remaining: 44s
Rendered 4344/5713, time remaining: 44s
Rendered 4345/5713, time remaining: 45s
Rendered 4346/5713, time remaining: 44s
Rendered 4347/5713, time remaining: 44s
Rendered 4348/5713, time remaining: 43s
Rendered 4349/5713, time remaining: 43s
Rendered 4350/5713, time remaining: 44s
Rendered 4351/5713, time remaining: 44s
Rendered 4352/5713, time remaining: 44s
Rendered 4353/5713, time remaining: 44s
Rendered 4354/5713, time remaining: 44s
Rendered 4355/5713, time remaining: 44s
Rendered 4356/5713, time remaining: 43s
Rendered 4357/5713, time remaining: 43s
Rendered 4358/5713, time remaining: 44s
Rendered 4359/5713, time remaining: 44s
Rendered 4360/5713, time remaining: 44s
Rendered 4361/5713, time remaining: 44s
Rendered 4362/5713, time remaining: 44s
Rendered 4363/5713, time remaining: 44s
Rendered 4364/5713, time remaining: 43s
Rendered 4365/5713, time remaining: 43s
Rendered 4366/5713, time remaining: 43s
Rendered 4367/5713, time remaining: 43s
Rendered 4368/5713, time remaining: 43s
Rendered 4369/5713, time remaining: 43s
Rendered 4370/5713, time remaining: 44s
Rendered 4371/5713, time remaining: 43s
Rendered 4372/5713, time remaining: 43s
Rendered 4373/5713, time remaining: 43s
Rendered 4374/5713, time remaining: 43s
Rendered 4375/5713, time remaining: 43s
Rendered 4376/5713, time remaining: 43s
Rendered 4377/5713, time remaining: 43s
Rendered 4378/5713, time remaining: 43s
Rendered 4379/5713, time remaining: 43s
Rendered 4380/5713, time remaining: 42s
Rendered 4381/5713, time remaining: 43s
Rendered 4382/5713, time remaining: 43s
Rendered 4383/5713, time remaining: 43s
Rendered 4384/5713, time remaining: 43s
Rendered 4385/5713, time remaining: 42s
Rendered 4386/5713, time remaining: 43s
Rendered 4387/5713, time remaining: 43s
Rendered 4388/5713, time remaining: 42s
Rendered 4389/5713, time remaining: 43s
Rendered 4390/5713, time remaining: 43s
Rendered 4391/5713, time remaining: 43s
Rendered 4392/5713, time remaining: 43s
Rendered 4393/5713, time remaining: 43s
Rendered 4394/5713, time remaining: 43s
Rendered 4395/5713, time remaining: 42s
Rendered 4396/5713, time remaining: 42s
Rendered 4397/5713, time remaining: 43s
Rendered 4398/5713, time remaining: 43s
Rendered 4399/5713, time remaining: 43s
Rendered 4400/5713, time remaining: 42s
Rendered 4401/5713, time remaining: 43s
Rendered 4402/5713, time remaining: 43s
Rendered 4403/5713, time remaining: 42s
Rendered 4404/5713, time remaining: 41s
Rendered 4405/5713, time remaining: 42s
Rendered 4406/5713, time remaining: 42s
Rendered 4407/5713, time remaining: 42s
Rendered 4408/5713, time remaining: 42s
Rendered 4409/5713, time remaining: 43s
Rendered 4410/5713, time remaining: 43s
Rendered 4411/5713, time remaining: 42s
Rendered 4412/5713, time remaining: 42s
Rendered 4413/5713, time remaining: 42s
Rendered 4414/5713, time remaining: 42s
Rendered 4415/5713, time remaining: 42s
Rendered 4416/5713, time remaining: 43s
Rendered 4417/5713, time remaining: 42s
Rendered 4418/5713, time remaining: 42s
Rendered 4419/5713, time remaining: 41s
Rendered 4420/5713, time remaining: 42s
Rendered 4421/5713, time remaining: 41s
Rendered 4422/5713, time remaining: 41s
Rendered 4423/5713, time remaining: 42s
Rendered 4424/5713, time remaining: 42s
Rendered 4425/5713, time remaining: 42s
Rendered 4426/5713, time remaining: 42s
Rendered 4427/5713, time remaining: 41s
Rendered 4428/5713, time remaining: 41s
Rendered 4429/5713, time remaining: 41s
Rendered 4430/5713, time remaining: 41s
Rendered 4431/5713, time remaining: 42s
Rendered 4432/5713, time remaining: 42s
Rendered 4433/5713, time remaining: 42s
Rendered 4434/5713, time remaining: 42s
Rendered 4435/5713, time remaining: 41s
Rendered 4436/5713, time remaining: 41s
Rendered 4437/5713, time remaining: 41s
Rendered 4438/5713, time remaining: 41s
Rendered 4439/5713, time remaining: 41s
Rendered 4440/5713, time remaining: 41s
Rendered 4441/5713, time remaining: 41s
Rendered 4442/5713, time remaining: 42s
Rendered 4443/5713, time remaining: 41s
Rendered 4444/5713, time remaining: 41s
Rendered 4445/5713, time remaining: 41s
Rendered 4446/5713, time remaining: 41s
Rendered 4447/5713, time remaining: 41s
Rendered 4448/5713, time remaining: 41s
Rendered 4449/5713, time remaining: 41s
Rendered 4450/5713, time remaining: 41s
Rendered 4451/5713, time remaining: 41s
Rendered 4452/5713, time remaining: 41s
Rendered 4453/5713, time remaining: 41s
Rendered 4454/5713, time remaining: 41s
Rendered 4455/5713, time remaining: 40s
Rendered 4456/5713, time remaining: 41s
Rendered 4457/5713, time remaining: 41s
Rendered 4458/5713, time remaining: 41s
Rendered 4459/5713, time remaining: 41s
Rendered 4460/5713, time remaining: 40s
Rendered 4461/5713, time remaining: 40s
Rendered 4462/5713, time remaining: 40s
Rendered 4463/5713, time remaining: 40s
Rendered 4464/5713, time remaining: 41s
Rendered 4465/5713, time remaining: 40s
Rendered 4466/5713, time remaining: 41s
Rendered 4467/5713, time remaining: 41s
Rendered 4468/5713, time remaining: 41s
Rendered 4469/5713, time remaining: 40s
Rendered 4470/5713, time remaining: 40s
Rendered 4471/5713, time remaining: 40s
Rendered 4472/5713, time remaining: 40s
Rendered 4473/5713, time remaining: 40s
Rendered 4474/5713, time remaining: 41s
Rendered 4475/5713, time remaining: 40s
Rendered 4476/5713, time remaining: 40s
Rendered 4477/5713, time remaining: 40s
Rendered 4478/5713, time remaining: 40s
Rendered 4479/5713, time remaining: 40s
Rendered 4480/5713, time remaining: 40s
Rendered 4481/5713, time remaining: 40s
Rendered 4482/5713, time remaining: 40s
Rendered 4483/5713, time remaining: 39s
Rendered 4484/5713, time remaining: 40s
Rendered 4485/5713, time remaining: 39s
Rendered 4486/5713, time remaining: 39s
Rendered 4487/5713, time remaining: 40s
Rendered 4488/5713, time remaining: 40s
Rendered 4489/5713, time remaining: 40s
Rendered 4490/5713, time remaining: 40s
Rendered 4491/5713, time remaining: 39s
Rendered 4492/5713, time remaining: 41s
Rendered 4493/5713, time remaining: 40s
Rendered 4494/5713, time remaining: 40s
Rendered 4495/5713, time remaining: 39s
Rendered 4496/5713, time remaining: 40s
Rendered 4497/5713, time remaining: 40s
Rendered 4498/5713, time remaining: 39s
Rendered 4499/5713, time remaining: 39s
Rendered 4500/5713, time remaining: 40s
Rendered 4501/5713, time remaining: 39s
Rendered 4502/5713, time remaining: 39s
Rendered 4503/5713, time remaining: 39s
Rendered 4504/5713, time remaining: 39s
Rendered 4505/5713, time remaining: 39s
Rendered 4506/5713, time remaining: 39s
Rendered 4507/5713, time remaining: 40s
Rendered 4508/5713, time remaining: 39s
Rendered 4509/5713, time remaining: 39s
Rendered 4510/5713, time remaining: 39s
Rendered 4511/5713, time remaining: 39s
Rendered 4512/5713, time remaining: 39s
Rendered 4513/5713, time remaining: 39s
Rendered 4514/5713, time remaining: 38s
Rendered 4515/5713, time remaining: 39s
Rendered 4516/5713, time remaining: 39s
Rendered 4517/5713, time remaining: 39s
Rendered 4518/5713, time remaining: 39s
Rendered 4519/5713, time remaining: 39s
Rendered 4520/5713, time remaining: 38s
Rendered 4521/5713, time remaining: 38s
Rendered 4522/5713, time remaining: 38s
Rendered 4523/5713, time remaining: 39s
Rendered 4524/5713, time remaining: 39s
Rendered 4525/5713, time remaining: 39s
Rendered 4526/5713, time remaining: 38s
Rendered 4527/5713, time remaining: 38s
Rendered 4528/5713, time remaining: 39s
Rendered 4529/5713, time remaining: 38s
Rendered 4530/5713, time remaining: 38s
Rendered 4531/5713, time remaining: 38s
Rendered 4532/5713, time remaining: 38s
Rendered 4533/5713, time remaining: 38s
Rendered 4534/5713, time remaining: 38s
Rendered 4535/5713, time remaining: 38s
Rendered 4536/5713, time remaining: 38s
Rendered 4537/5713, time remaining: 39s
Rendered 4538/5713, time remaining: 39s
Rendered 4539/5713, time remaining: 38s
Rendered 4540/5713, time remaining: 38s
Rendered 4541/5713, time remaining: 38s
Rendered 4542/5713, time remaining: 38s
Rendered 4543/5713, time remaining: 38s
Rendered 4544/5713, time remaining: 38s
Rendered 4545/5713, time remaining: 39s
Rendered 4546/5713, time remaining: 39s
Rendered 4547/5713, time remaining: 37s
Rendered 4548/5713, time remaining: 37s
Rendered 4549/5713, time remaining: 38s
Rendered 4550/5713, time remaining: 38s
Rendered 4551/5713, time remaining: 37s
Rendered 4552/5713, time remaining: 38s
Rendered 4553/5713, time remaining: 38s
Rendered 4554/5713, time remaining: 38s
Rendered 4555/5713, time remaining: 38s
Rendered 4556/5713, time remaining: 38s
Rendered 4557/5713, time remaining: 38s
Rendered 4558/5713, time remaining: 37s
Rendered 4559/5713, time remaining: 37s
Rendered 4560/5713, time remaining: 37s
Rendered 4561/5713, time remaining: 36s
Rendered 4562/5713, time remaining: 36s
Rendered 4563/5713, time remaining: 36s
Rendered 4564/5713, time remaining: 36s
Rendered 4565/5713, time remaining: 36s
Rendered 4566/5713, time remaining: 35s
Rendered 4567/5713, time remaining: 35s
Rendered 4568/5713, time remaining: 35s
Rendered 4569/5713, time remaining: 35s
Rendered 4570/5713, time remaining: 35s
Rendered 4571/5713, time remaining: 35s
Rendered 4572/5713, time remaining: 35s
Rendered 4573/5713, time remaining: 34s
Rendered 4574/5713, time remaining: 34s
Rendered 4575/5713, time remaining: 34s
Rendered 4576/5713, time remaining: 35s
Rendered 4577/5713, time remaining: 35s
Rendered 4578/5713, time remaining: 35s
Rendered 4579/5713, time remaining: 35s
Rendered 4580/5713, time remaining: 35s
Rendered 4581/5713, time remaining: 34s
Rendered 4582/5713, time remaining: 34s
Rendered 4583/5713, time remaining: 34s
Rendered 4584/5713, time remaining: 35s
Rendered 4585/5713, time remaining: 34s
Rendered 4586/5713, time remaining: 34s
Rendered 4587/5713, time remaining: 34s
Rendered 4588/5713, time remaining: 35s
Rendered 4589/5713, time remaining: 34s
Rendered 4590/5713, time remaining: 34s
Rendered 4591/5713, time remaining: 34s
Rendered 4592/5713, time remaining: 33s
Rendered 4593/5713, time remaining: 34s
Rendered 4594/5713, time remaining: 34s
Rendered 4595/5713, time remaining: 34s
Rendered 4596/5713, time remaining: 34s
Rendered 4597/5713, time remaining: 34s
Rendered 4598/5713, time remaining: 34s
Rendered 4599/5713, time remaining: 34s
Rendered 4600/5713, time remaining: 33s
Rendered 4601/5713, time remaining: 33s
Rendered 4602/5713, time remaining: 33s
Rendered 4603/5713, time remaining: 34s
Rendered 4604/5713, time remaining: 34s
Rendered 4605/5713, time remaining: 34s
Rendered 4606/5713, time remaining: 34s
Rendered 4607/5713, time remaining: 33s
Rendered 4608/5713, time remaining: 33s
Rendered 4609/5713, time remaining: 33s
Rendered 4610/5713, time remaining: 33s
Rendered 4611/5713, time remaining: 34s
Rendered 4612/5713, time remaining: 33s
Rendered 4613/5713, time remaining: 33s
Rendered 4614/5713, time remaining: 33s
Rendered 4615/5713, time remaining: 33s
Rendered 4616/5713, time remaining: 33s
Rendered 4617/5713, time remaining: 33s
Rendered 4618/5713, time remaining: 32s
Rendered 4619/5713, time remaining: 33s
Rendered 4620/5713, time remaining: 33s
Rendered 4621/5713, time remaining: 33s
Rendered 4622/5713, time remaining: 33s
Rendered 4623/5713, time remaining: 33s
Rendered 4624/5713, time remaining: 33s
Rendered 4625/5713, time remaining: 32s
Rendered 4626/5713, time remaining: 32s
Rendered 4627/5713, time remaining: 33s
Rendered 4628/5713, time remaining: 33s
Rendered 4629/5713, time remaining: 32s
Rendered 4630/5713, time remaining: 33s
Rendered 4631/5713, time remaining: 33s
Rendered 4632/5713, time remaining: 33s
Rendered 4633/5713, time remaining: 32s
Rendered 4634/5713, time remaining: 32s
Rendered 4635/5713, time remaining: 33s
Rendered 4636/5713, time remaining: 33s
Rendered 4637/5713, time remaining: 32s
Rendered 4638/5713, time remaining: 33s
Rendered 4639/5713, time remaining: 32s
Rendered 4640/5713, time remaining: 32s
Rendered 4641/5713, time remaining: 32s
Rendered 4642/5713, time remaining: 32s
Rendered 4643/5713, time remaining: 32s
Rendered 4644/5713, time remaining: 32s
Rendered 4645/5713, time remaining: 32s
Rendered 4646/5713, time remaining: 32s
Rendered 4647/5713, time remaining: 32s
Rendered 4648/5713, time remaining: 32s
Rendered 4649/5713, time remaining: 32s
Rendered 4650/5713, time remaining: 32s
Rendered 4651/5713, time remaining: 32s
Rendered 4652/5713, time remaining: 32s
Rendered 4653/5713, time remaining: 32s
Rendered 4654/5713, time remaining: 32s
Rendered 4655/5713, time remaining: 31s
Rendered 4656/5713, time remaining: 32s
Rendered 4657/5713, time remaining: 31s
Rendered 4658/5713, time remaining: 31s
Rendered 4659/5713, time remaining: 32s
Rendered 4660/5713, time remaining: 32s
Rendered 4661/5713, time remaining: 32s
Rendered 4662/5713, time remaining: 32s
Rendered 4663/5713, time remaining: 32s
Rendered 4664/5713, time remaining: 32s
Rendered 4665/5713, time remaining: 31s
Rendered 4666/5713, time remaining: 31s
Rendered 4667/5713, time remaining: 31s
Rendered 4668/5713, time remaining: 32s
Rendered 4669/5713, time remaining: 32s
Rendered 4670/5713, time remaining: 32s
Rendered 4671/5713, time remaining: 32s
Rendered 4672/5713, time remaining: 32s
Rendered 4673/5713, time remaining: 31s
Rendered 4674/5713, time remaining: 31s
Rendered 4675/5713, time remaining: 31s
Rendered 4676/5713, time remaining: 31s
Rendered 4677/5713, time remaining: 31s
Rendered 4678/5713, time remaining: 32s
Rendered 4679/5713, time remaining: 32s
Rendered 4680/5713, time remaining: 32s
Rendered 4681/5713, time remaining: 31s
Rendered 4682/5713, time remaining: 31s
Rendered 4683/5713, time remaining: 31s
Rendered 4684/5713, time remaining: 31s
Rendered 4685/5713, time remaining: 31s
Rendered 4686/5713, time remaining: 31s
Rendered 4687/5713, time remaining: 31s
Rendered 4688/5713, time remaining: 31s
Rendered 4689/5713, time remaining: 30s
Rendered 4690/5713, time remaining: 31s
Rendered 4691/5713, time remaining: 31s
Rendered 4692/5713, time remaining: 31s
Rendered 4693/5713, time remaining: 31s
Rendered 4694/5713, time remaining: 31s
Rendered 4695/5713, time remaining: 31s
Rendered 4696/5713, time remaining: 31s
Rendered 4697/5713, time remaining: 31s
Rendered 4698/5713, time remaining: 31s
Rendered 4699/5713, time remaining: 31s
Rendered 4700/5713, time remaining: 30s
Rendered 4701/5713, time remaining: 31s
Rendered 4702/5713, time remaining: 30s
Rendered 4703/5713, time remaining: 31s
Rendered 4704/5713, time remaining: 30s
Rendered 4705/5713, time remaining: 30s
Rendered 4706/5713, time remaining: 31s
Rendered 4707/5713, time remaining: 31s
Rendered 4708/5713, time remaining: 31s
Rendered 4709/5713, time remaining: 31s
Rendered 4710/5713, time remaining: 31s
Rendered 4711/5713, time remaining: 31s
Rendered 4712/5713, time remaining: 31s
Rendered 4713/5713, time remaining: 31s
Rendered 4714/5713, time remaining: 32s
Rendered 4715/5713, time remaining: 32s
Rendered 4716/5713, time remaining: 32s
Rendered 4717/5713, time remaining: 32s
Rendered 4718/5713, time remaining: 32s
Rendered 4719/5713, time remaining: 32s
Rendered 4720/5713, time remaining: 32s
Rendered 4721/5713, time remaining: 32s
Rendered 4722/5713, time remaining: 32s
Rendered 4723/5713, time remaining: 32s
Rendered 4724/5713, time remaining: 32s
Rendered 4725/5713, time remaining: 32s
Rendered 4726/5713, time remaining: 31s
Rendered 4727/5713, time remaining: 32s
Rendered 4728/5713, time remaining: 32s
Rendered 4729/5713, time remaining: 32s
Rendered 4730/5713, time remaining: 32s
Rendered 4731/5713, time remaining: 32s
Rendered 4732/5713, time remaining: 32s
Rendered 4733/5713, time remaining: 32s
Rendered 4734/5713, time remaining: 31s
Rendered 4735/5713, time remaining: 32s
Rendered 4736/5713, time remaining: 32s
Rendered 4737/5713, time remaining: 32s
Rendered 4738/5713, time remaining: 32s
Rendered 4739/5713, time remaining: 32s
Rendered 4740/5713, time remaining: 32s
Rendered 4741/5713, time remaining: 32s
Rendered 4742/5713, time remaining: 32s
Rendered 4743/5713, time remaining: 31s
Rendered 4744/5713, time remaining: 32s
Rendered 4745/5713, time remaining: 32s
Rendered 4746/5713, time remaining: 32s
Rendered 4747/5713, time remaining: 31s
Rendered 4748/5713, time remaining: 31s
Rendered 4749/5713, time remaining: 31s
Rendered 4750/5713, time remaining: 31s
Rendered 4751/5713, time remaining: 32s
Rendered 4752/5713, time remaining: 32s
Rendered 4753/5713, time remaining: 31s
Rendered 4754/5713, time remaining: 32s
Rendered 4755/5713, time remaining: 32s
Rendered 4756/5713, time remaining: 31s
Rendered 4757/5713, time remaining: 31s
Rendered 4758/5713, time remaining: 31s
Rendered 4759/5713, time remaining: 31s
Rendered 4760/5713, time remaining: 31s
Rendered 4761/5713, time remaining: 32s
Rendered 4762/5713, time remaining: 32s
Rendered 4763/5713, time remaining: 32s
Rendered 4764/5713, time remaining: 31s
Rendered 4765/5713, time remaining: 31s
Rendered 4766/5713, time remaining: 31s
Rendered 4767/5713, time remaining: 31s
Rendered 4768/5713, time remaining: 31s
Rendered 4769/5713, time remaining: 31s
Rendered 4770/5713, time remaining: 31s
Rendered 4771/5713, time remaining: 31s
Rendered 4772/5713, time remaining: 31s
Rendered 4773/5713, time remaining: 31s
Rendered 4774/5713, time remaining: 31s
Rendered 4775/5713, time remaining: 31s
Rendered 4776/5713, time remaining: 31s
Rendered 4777/5713, time remaining: 31s
Rendered 4778/5713, time remaining: 31s
Rendered 4779/5713, time remaining: 31s
Rendered 4780/5713, time remaining: 31s
Rendered 4781/5713, time remaining: 31s
Rendered 4782/5713, time remaining: 31s
Rendered 4783/5713, time remaining: 31s
Rendered 4784/5713, time remaining: 30s
Rendered 4785/5713, time remaining: 31s
Rendered 4786/5713, time remaining: 31s
Rendered 4787/5713, time remaining: 31s
Rendered 4788/5713, time remaining: 31s
Rendered 4789/5713, time remaining: 31s
Rendered 4790/5713, time remaining: 31s
Rendered 4791/5713, time remaining: 31s
Rendered 4792/5713, time remaining: 30s
Rendered 4793/5713, time remaining: 30s
Rendered 4794/5713, time remaining: 30s
Rendered 4795/5713, time remaining: 30s
Rendered 4796/5713, time remaining: 31s
Rendered 4797/5713, time remaining: 31s
Rendered 4798/5713, time remaining: 30s
Rendered 4799/5713, time remaining: 30s
Rendered 4800/5713, time remaining: 30s
Rendered 4801/5713, time remaining: 30s
Rendered 4802/5713, time remaining: 30s
Rendered 4803/5713, time remaining: 30s
Rendered 4804/5713, time remaining: 30s
Rendered 4805/5713, time remaining: 31s
Rendered 4806/5713, time remaining: 30s
Rendered 4807/5713, time remaining: 30s
Rendered 4808/5713, time remaining: 30s
Rendered 4809/5713, time remaining: 30s
Rendered 4810/5713, time remaining: 30s
Rendered 4811/5713, time remaining: 30s
Rendered 4812/5713, time remaining: 30s
Rendered 4813/5713, time remaining: 30s
Rendered 4814/5713, time remaining: 30s
Rendered 4815/5713, time remaining: 30s
Rendered 4816/5713, time remaining: 30s
Rendered 4817/5713, time remaining: 30s
Rendered 4818/5713, time remaining: 30s
Rendered 4819/5713, time remaining: 30s
Rendered 4820/5713, time remaining: 29s
Rendered 4821/5713, time remaining: 29s
Rendered 4822/5713, time remaining: 29s
Rendered 4823/5713, time remaining: 29s
Rendered 4824/5713, time remaining: 29s
Rendered 4825/5713, time remaining: 30s
Rendered 4826/5713, time remaining: 30s
Rendered 4827/5713, time remaining: 29s
Rendered 4828/5713, time remaining: 29s
Rendered 4829/5713, time remaining: 29s
Rendered 4830/5713, time remaining: 29s
Rendered 4831/5713, time remaining: 29s
Rendered 4832/5713, time remaining: 29s
Rendered 4833/5713, time remaining: 29s
Rendered 4834/5713, time remaining: 29s
Rendered 4835/5713, time remaining: 29s
Rendered 4836/5713, time remaining: 28s
Rendered 4837/5713, time remaining: 29s
Rendered 4838/5713, time remaining: 29s
Rendered 4839/5713, time remaining: 29s
Rendered 4840/5713, time remaining: 29s
Rendered 4841/5713, time remaining: 29s
Rendered 4842/5713, time remaining: 29s
Rendered 4843/5713, time remaining: 29s
Rendered 4844/5713, time remaining: 29s
Rendered 4845/5713, time remaining: 28s
Rendered 4846/5713, time remaining: 28s
Rendered 4847/5713, time remaining: 28s
Rendered 4848/5713, time remaining: 28s
Rendered 4849/5713, time remaining: 28s
Rendered 4850/5713, time remaining: 28s
Rendered 4851/5713, time remaining: 28s
Rendered 4852/5713, time remaining: 29s
Rendered 4853/5713, time remaining: 28s
Rendered 4854/5713, time remaining: 28s
Rendered 4855/5713, time remaining: 28s
Rendered 4856/5713, time remaining: 28s
Rendered 4857/5713, time remaining: 28s
Rendered 4858/5713, time remaining: 28s
Rendered 4859/5713, time remaining: 28s
Rendered 4860/5713, time remaining: 28s
Rendered 4861/5713, time remaining: 28s
Rendered 4862/5713, time remaining: 28s
Rendered 4863/5713, time remaining: 28s
Rendered 4864/5713, time remaining: 28s
Rendered 4865/5713, time remaining: 28s
Rendered 4866/5713, time remaining: 28s
Rendered 4867/5713, time remaining: 28s
Rendered 4868/5713, time remaining: 28s
Rendered 4869/5713, time remaining: 27s
Rendered 4870/5713, time remaining: 28s
Rendered 4871/5713, time remaining: 28s
Rendered 4872/5713, time remaining: 28s
Rendered 4873/5713, time remaining: 27s
Rendered 4874/5713, time remaining: 27s
Rendered 4875/5713, time remaining: 28s
Rendered 4876/5713, time remaining: 28s
Rendered 4877/5713, time remaining: 27s
Rendered 4878/5713, time remaining: 27s
Rendered 4879/5713, time remaining: 27s
Rendered 4880/5713, time remaining: 27s
Rendered 4881/5713, time remaining: 27s
Rendered 4882/5713, time remaining: 28s
Rendered 4883/5713, time remaining: 27s
Rendered 4884/5713, time remaining: 27s
Rendered 4885/5713, time remaining: 26s
Rendered 4886/5713, time remaining: 26s
Rendered 4887/5713, time remaining: 27s
Rendered 4888/5713, time remaining: 27s
Rendered 4889/5713, time remaining: 27s
Rendered 4890/5713, time remaining: 27s
Rendered 4891/5713, time remaining: 27s
Rendered 4892/5713, time remaining: 27s
Rendered 4893/5713, time remaining: 27s
Rendered 4894/5713, time remaining: 26s
Rendered 4895/5713, time remaining: 26s
Rendered 4896/5713, time remaining: 26s
Rendered 4897/5713, time remaining: 26s
Rendered 4898/5713, time remaining: 26s
Rendered 4899/5713, time remaining: 26s
Rendered 4900/5713, time remaining: 27s
Rendered 4901/5713, time remaining: 27s
Rendered 4902/5713, time remaining: 26s
Rendered 4903/5713, time remaining: 26s
Rendered 4904/5713, time remaining: 26s
Rendered 4905/5713, time remaining: 26s
Rendered 4906/5713, time remaining: 26s
Rendered 4907/5713, time remaining: 26s
Rendered 4908/5713, time remaining: 26s
Rendered 4909/5713, time remaining: 26s
Rendered 4910/5713, time remaining: 26s
Rendered 4911/5713, time remaining: 25s
Rendered 4912/5713, time remaining: 26s
Rendered 4913/5713, time remaining: 26s
Rendered 4914/5713, time remaining: 26s
Rendered 4915/5713, time remaining: 26s
Rendered 4916/5713, time remaining: 26s
Rendered 4917/5713, time remaining: 26s
Rendered 4918/5713, time remaining: 26s
Rendered 4919/5713, time remaining: 25s
Rendered 4920/5713, time remaining: 26s
Rendered 4921/5713, time remaining: 25s
Rendered 4922/5713, time remaining: 25s
Rendered 4923/5713, time remaining: 25s
Rendered 4924/5713, time remaining: 25s
Rendered 4925/5713, time remaining: 26s
Rendered 4926/5713, time remaining: 26s
Rendered 4927/5713, time remaining: 25s
Rendered 4928/5713, time remaining: 25s
Rendered 4929/5713, time remaining: 25s
Rendered 4930/5713, time remaining: 25s
Rendered 4931/5713, time remaining: 25s
Rendered 4932/5713, time remaining: 25s
Rendered 4933/5713, time remaining: 25s
Rendered 4934/5713, time remaining: 25s
Rendered 4935/5713, time remaining: 24s
Rendered 4936/5713, time remaining: 24s
Rendered 4937/5713, time remaining: 25s
Rendered 4938/5713, time remaining: 25s
Rendered 4939/5713, time remaining: 25s
Rendered 4940/5713, time remaining: 25s
Rendered 4941/5713, time remaining: 25s
Rendered 4942/5713, time remaining: 25s
Rendered 4943/5713, time remaining: 25s
Rendered 4944/5713, time remaining: 25s
Rendered 4945/5713, time remaining: 25s
Rendered 4946/5713, time remaining: 24s
Rendered 4947/5713, time remaining: 24s
Rendered 4948/5713, time remaining: 24s
Rendered 4949/5713, time remaining: 24s
Rendered 4950/5713, time remaining: 25s
Rendered 4951/5713, time remaining: 24s
Rendered 4952/5713, time remaining: 25s
Rendered 4953/5713, time remaining: 25s
Rendered 4954/5713, time remaining: 25s
Rendered 4955/5713, time remaining: 24s
Rendered 4956/5713, time remaining: 24s
Rendered 4957/5713, time remaining: 24s
Rendered 4958/5713, time remaining: 24s
Rendered 4959/5713, time remaining: 24s
Rendered 4960/5713, time remaining: 24s
Rendered 4961/5713, time remaining: 24s
Rendered 4962/5713, time remaining: 24s
Rendered 4963/5713, time remaining: 24s
Rendered 4964/5713, time remaining: 24s
Rendered 4965/5713, time remaining: 24s
Rendered 4966/5713, time remaining: 24s
Rendered 4967/5713, time remaining: 24s
Rendered 4968/5713, time remaining: 24s
Rendered 4969/5713, time remaining: 24s
Rendered 4970/5713, time remaining: 24s
Rendered 4971/5713, time remaining: 24s
Rendered 4972/5713, time remaining: 24s
Rendered 4973/5713, time remaining: 24s
Rendered 4974/5713, time remaining: 24s
Rendered 4975/5713, time remaining: 23s
Rendered 4976/5713, time remaining: 24s
Rendered 4977/5713, time remaining: 24s
Rendered 4978/5713, time remaining: 24s
Rendered 4979/5713, time remaining: 24s
Rendered 4980/5713, time remaining: 24s
Rendered 4981/5713, time remaining: 24s
Rendered 4982/5713, time remaining: 24s
Rendered 4983/5713, time remaining: 23s
Rendered 4984/5713, time remaining: 23s
Rendered 4985/5713, time remaining: 23s
Rendered 4986/5713, time remaining: 24s
Rendered 4987/5713, time remaining: 24s
Rendered 4988/5713, time remaining: 24s
Rendered 4989/5713, time remaining: 24s
Rendered 4990/5713, time remaining: 23s
Rendered 4991/5713, time remaining: 23s
Rendered 4992/5713, time remaining: 23s
Rendered 4993/5713, time remaining: 23s
Rendered 4994/5713, time remaining: 24s
Rendered 4995/5713, time remaining: 24s
Rendered 4996/5713, time remaining: 24s
Rendered 4997/5713, time remaining: 24s
Rendered 4998/5713, time remaining: 23s
Rendered 4999/5713, time remaining: 23s
Rendered 5000/5713, time remaining: 24s
Rendered 5001/5713, time remaining: 24s
Rendered 5002/5713, time remaining: 23s
Rendered 5003/5713, time remaining: 23s
Rendered 5004/5713, time remaining: 23s
Rendered 5005/5713, time remaining: 23s
Rendered 5006/5713, time remaining: 23s
Rendered 5007/5713, time remaining: 23s
Rendered 5008/5713, time remaining: 24s
Rendered 5009/5713, time remaining: 23s
Rendered 5010/5713, time remaining: 23s
Rendered 5011/5713, time remaining: 23s
Rendered 5012/5713, time remaining: 23s
Rendered 5013/5713, time remaining: 23s
Rendered 5014/5713, time remaining: 24s
Rendered 5015/5713, time remaining: 24s
Rendered 5016/5713, time remaining: 23s
Rendered 5017/5713, time remaining: 23s
Rendered 5018/5713, time remaining: 23s
Rendered 5019/5713, time remaining: 23s
Rendered 5020/5713, time remaining: 22s
Rendered 5021/5713, time remaining: 22s
Rendered 5022/5713, time remaining: 23s
Rendered 5023/5713, time remaining: 23s
Rendered 5024/5713, time remaining: 23s
Rendered 5025/5713, time remaining: 22s
Rendered 5026/5713, time remaining: 23s
Rendered 5027/5713, time remaining: 23s
Rendered 5028/5713, time remaining: 23s
Rendered 5029/5713, time remaining: 23s
Rendered 5030/5713, time remaining: 23s
Rendered 5031/5713, time remaining: 22s
Rendered 5032/5713, time remaining: 22s
Rendered 5033/5713, time remaining: 22s
Rendered 5034/5713, time remaining: 23s
Rendered 5035/5713, time remaining: 23s
Rendered 5036/5713, time remaining: 23s
Rendered 5037/5713, time remaining: 22s
Rendered 5038/5713, time remaining: 22s
Rendered 5039/5713, time remaining: 22s
Rendered 5040/5713, time remaining: 22s
Rendered 5041/5713, time remaining: 22s
Rendered 5042/5713, time remaining: 22s
Rendered 5043/5713, time remaining: 22s
Rendered 5044/5713, time remaining: 22s
Rendered 5045/5713, time remaining: 22s
Rendered 5046/5713, time remaining: 22s
Rendered 5047/5713, time remaining: 22s
Rendered 5048/5713, time remaining: 22s
Rendered 5049/5713, time remaining: 22s
Rendered 5050/5713, time remaining: 21s
Rendered 5051/5713, time remaining: 22s
Rendered 5052/5713, time remaining: 22s
Rendered 5053/5713, time remaining: 22s
Rendered 5054/5713, time remaining: 22s
Rendered 5055/5713, time remaining: 22s
Rendered 5056/5713, time remaining: 22s
Rendered 5057/5713, time remaining: 22s
Rendered 5058/5713, time remaining: 22s
Rendered 5059/5713, time remaining: 22s
Rendered 5060/5713, time remaining: 21s
Rendered 5061/5713, time remaining: 21s
Rendered 5062/5713, time remaining: 21s
Rendered 5063/5713, time remaining: 22s
Rendered 5064/5713, time remaining: 22s
Rendered 5065/5713, time remaining: 22s
Rendered 5066/5713, time remaining: 22s
Rendered 5067/5713, time remaining: 21s
Rendered 5068/5713, time remaining: 21s
Rendered 5069/5713, time remaining: 21s
Rendered 5070/5713, time remaining: 21s
Rendered 5071/5713, time remaining: 21s
Rendered 5072/5713, time remaining: 21s
Rendered 5073/5713, time remaining: 21s
Rendered 5074/5713, time remaining: 21s
Rendered 5075/5713, time remaining: 21s
Rendered 5076/5713, time remaining: 21s
Rendered 5077/5713, time remaining: 21s
Rendered 5078/5713, time remaining: 21s
Rendered 5079/5713, time remaining: 21s
Rendered 5080/5713, time remaining: 21s
Rendered 5081/5713, time remaining: 21s
Rendered 5082/5713, time remaining: 21s
Rendered 5083/5713, time remaining: 21s
Rendered 5084/5713, time remaining: 21s
Rendered 5085/5713, time remaining: 21s
Rendered 5086/5713, time remaining: 21s
Rendered 5087/5713, time remaining: 20s
Rendered 5088/5713, time remaining: 20s
Rendered 5089/5713, time remaining: 20s
Rendered 5090/5713, time remaining: 21s
Rendered 5091/5713, time remaining: 21s
Rendered 5092/5713, time remaining: 21s
Rendered 5093/5713, time remaining: 21s
Rendered 5094/5713, time remaining: 20s
Rendered 5095/5713, time remaining: 21s
Rendered 5096/5713, time remaining: 20s
Rendered 5097/5713, time remaining: 20s
Rendered 5098/5713, time remaining: 20s
Rendered 5099/5713, time remaining: 21s
Rendered 5100/5713, time remaining: 20s
Rendered 5101/5713, time remaining: 20s
Rendered 5102/5713, time remaining: 20s
Rendered 5103/5713, time remaining: 20s
Rendered 5104/5713, time remaining: 20s
Rendered 5105/5713, time remaining: 20s
Rendered 5106/5713, time remaining: 20s
Rendered 5107/5713, time remaining: 20s
Rendered 5108/5713, time remaining: 20s
Rendered 5109/5713, time remaining: 20s
Rendered 5110/5713, time remaining: 20s
Rendered 5111/5713, time remaining: 20s
Rendered 5112/5713, time remaining: 20s
Rendered 5113/5713, time remaining: 20s
Rendered 5114/5713, time remaining: 20s
Rendered 5115/5713, time remaining: 20s
Rendered 5116/5713, time remaining: 20s
Rendered 5117/5713, time remaining: 20s
Rendered 5118/5713, time remaining: 19s
Rendered 5119/5713, time remaining: 20s
Rendered 5120/5713, time remaining: 20s
Rendered 5121/5713, time remaining: 20s
Rendered 5122/5713, time remaining: 20s
Rendered 5123/5713, time remaining: 19s
Rendered 5124/5713, time remaining: 19s
Rendered 5125/5713, time remaining: 20s
Rendered 5126/5713, time remaining: 19s
Rendered 5127/5713, time remaining: 19s
Rendered 5128/5713, time remaining: 19s
Rendered 5129/5713, time remaining: 19s
Rendered 5130/5713, time remaining: 19s
Rendered 5131/5713, time remaining: 19s
Rendered 5132/5713, time remaining: 19s
Rendered 5133/5713, time remaining: 19s
Rendered 5134/5713, time remaining: 19s
Rendered 5135/5713, time remaining: 19s
Rendered 5136/5713, time remaining: 19s
Rendered 5137/5713, time remaining: 19s
Rendered 5138/5713, time remaining: 19s
Rendered 5139/5713, time remaining: 19s
Rendered 5140/5713, time remaining: 19s
Rendered 5141/5713, time remaining: 19s
Rendered 5142/5713, time remaining: 19s
Rendered 5143/5713, time remaining: 19s
Rendered 5144/5713, time remaining: 18s
Rendered 5145/5713, time remaining: 19s
Rendered 5146/5713, time remaining: 18s
Rendered 5147/5713, time remaining: 18s
Rendered 5148/5713, time remaining: 18s
Rendered 5149/5713, time remaining: 18s
Rendered 5150/5713, time remaining: 18s
Rendered 5151/5713, time remaining: 18s
Rendered 5152/5713, time remaining: 18s
Rendered 5153/5713, time remaining: 18s
Rendered 5154/5713, time remaining: 18s
Rendered 5155/5713, time remaining: 18s
Rendered 5156/5713, time remaining: 18s
Rendered 5157/5713, time remaining: 18s
Rendered 5158/5713, time remaining: 18s
Rendered 5159/5713, time remaining: 18s
Rendered 5160/5713, time remaining: 18s
Rendered 5161/5713, time remaining: 18s
Rendered 5162/5713, time remaining: 18s
Rendered 5163/5713, time remaining: 18s
Rendered 5164/5713, time remaining: 17s
Rendered 5165/5713, time remaining: 17s
Rendered 5166/5713, time remaining: 17s
Rendered 5167/5713, time remaining: 17s
Rendered 5168/5713, time remaining: 17s
Rendered 5169/5713, time remaining: 18s
Rendered 5170/5713, time remaining: 18s
Rendered 5171/5713, time remaining: 18s
Rendered 5172/5713, time remaining: 17s
Rendered 5173/5713, time remaining: 17s
Rendered 5174/5713, time remaining: 17s
Rendered 5175/5713, time remaining: 17s
Rendered 5176/5713, time remaining: 17s
Rendered 5177/5713, time remaining: 17s
Rendered 5178/5713, time remaining: 17s
Rendered 5179/5713, time remaining: 17s
Rendered 5180/5713, time remaining: 17s
Rendered 5181/5713, time remaining: 17s
Rendered 5182/5713, time remaining: 17s
Rendered 5183/5713, time remaining: 17s
Rendered 5184/5713, time remaining: 17s
Rendered 5185/5713, time remaining: 17s
Rendered 5186/5713, time remaining: 17s
Rendered 5187/5713, time remaining: 17s
Rendered 5188/5713, time remaining: 17s
Rendered 5189/5713, time remaining: 17s
Rendered 5190/5713, time remaining: 17s
Rendered 5191/5713, time remaining: 17s
Rendered 5192/5713, time remaining: 17s
Rendered 5193/5713, time remaining: 17s
Rendered 5194/5713, time remaining: 16s
Rendered 5195/5713, time remaining: 16s
Rendered 5196/5713, time remaining: 17s
Rendered 5197/5713, time remaining: 17s
Rendered 5198/5713, time remaining: 17s
Rendered 5199/5713, time remaining: 17s
Rendered 5200/5713, time remaining: 17s
Rendered 5201/5713, time remaining: 17s
Rendered 5202/5713, time remaining: 16s
Rendered 5203/5713, time remaining: 16s
Rendered 5204/5713, time remaining: 16s
Rendered 5205/5713, time remaining: 16s
Rendered 5206/5713, time remaining: 16s
Rendered 5207/5713, time remaining: 16s
Rendered 5208/5713, time remaining: 16s
Rendered 5209/5713, time remaining: 16s
Rendered 5210/5713, time remaining: 16s
Rendered 5211/5713, time remaining: 16s
Rendered 5212/5713, time remaining: 16s
Rendered 5213/5713, time remaining: 16s
Rendered 5214/5713, time remaining: 16s
Rendered 5215/5713, time remaining: 16s
Rendered 5216/5713, time remaining: 16s
Rendered 5217/5713, time remaining: 16s
Rendered 5218/5713, time remaining: 16s
Rendered 5219/5713, time remaining: 16s
Rendered 5220/5713, time remaining: 16s
Rendered 5221/5713, time remaining: 16s
Rendered 5222/5713, time remaining: 16s
Rendered 5223/5713, time remaining: 16s
Rendered 5224/5713, time remaining: 16s
Rendered 5225/5713, time remaining: 16s
Rendered 5226/5713, time remaining: 15s
Rendered 5227/5713, time remaining: 16s
Rendered 5228/5713, time remaining: 16s
Rendered 5229/5713, time remaining: 16s
Rendered 5230/5713, time remaining: 16s
Rendered 5231/5713, time remaining: 15s
Rendered 5232/5713, time remaining: 15s
Rendered 5233/5713, time remaining: 15s
Rendered 5234/5713, time remaining: 15s
Rendered 5235/5713, time remaining: 15s
Rendered 5236/5713, time remaining: 15s
Rendered 5237/5713, time remaining: 15s
Rendered 5238/5713, time remaining: 15s
Rendered 5239/5713, time remaining: 15s
Rendered 5240/5713, time remaining: 15s
Rendered 5241/5713, time remaining: 15s
Rendered 5242/5713, time remaining: 15s
Rendered 5243/5713, time remaining: 15s
Rendered 5244/5713, time remaining: 15s
Rendered 5245/5713, time remaining: 15s
Rendered 5246/5713, time remaining: 15s
Rendered 5247/5713, time remaining: 15s
Rendered 5248/5713, time remaining: 15s
Rendered 5249/5713, time remaining: 15s
Rendered 5250/5713, time remaining: 15s
Rendered 5251/5713, time remaining: 15s
Rendered 5252/5713, time remaining: 15s
Rendered 5253/5713, time remaining: 15s
Rendered 5254/5713, time remaining: 15s
Rendered 5255/5713, time remaining: 15s
Rendered 5256/5713, time remaining: 15s
Rendered 5257/5713, time remaining: 15s
Rendered 5258/5713, time remaining: 15s
Rendered 5259/5713, time remaining: 15s
Rendered 5260/5713, time remaining: 15s
Rendered 5261/5713, time remaining: 14s
Rendered 5262/5713, time remaining: 15s
Rendered 5263/5713, time remaining: 15s
Rendered 5264/5713, time remaining: 15s
Rendered 5265/5713, time remaining: 14s
Rendered 5266/5713, time remaining: 14s
Rendered 5267/5713, time remaining: 14s
Rendered 5268/5713, time remaining: 14s
Rendered 5269/5713, time remaining: 14s
Rendered 5270/5713, time remaining: 14s
Rendered 5271/5713, time remaining: 14s
Rendered 5272/5713, time remaining: 14s
Rendered 5273/5713, time remaining: 14s
Rendered 5274/5713, time remaining: 14s
Rendered 5275/5713, time remaining: 14s
Rendered 5276/5713, time remaining: 14s
Rendered 5277/5713, time remaining: 14s
Rendered 5278/5713, time remaining: 14s
Rendered 5279/5713, time remaining: 14s
Rendered 5280/5713, time remaining: 14s
Rendered 5281/5713, time remaining: 14s
Rendered 5282/5713, time remaining: 14s
Rendered 5283/5713, time remaining: 14s
Rendered 5284/5713, time remaining: 14s
Rendered 5285/5713, time remaining: 14s
Rendered 5286/5713, time remaining: 14s
Rendered 5287/5713, time remaining: 14s
Rendered 5288/5713, time remaining: 14s
Rendered 5289/5713, time remaining: 14s
Rendered 5290/5713, time remaining: 14s
Rendered 5291/5713, time remaining: 14s
Rendered 5292/5713, time remaining: 14s
Rendered 5293/5713, time remaining: 14s
Rendered 5294/5713, time remaining: 14s
Rendered 5295/5713, time remaining: 13s
Rendered 5296/5713, time remaining: 13s
Rendered 5297/5713, time remaining: 13s
Rendered 5298/5713, time remaining: 13s
Rendered 5299/5713, time remaining: 13s
Rendered 5300/5713, time remaining: 13s
Rendered 5301/5713, time remaining: 13s
Rendered 5302/5713, time remaining: 13s
Rendered 5303/5713, time remaining: 13s
Rendered 5304/5713, time remaining: 13s
Rendered 5305/5713, time remaining: 13s
Rendered 5306/5713, time remaining: 13s
Rendered 5307/5713, time remaining: 13s
Rendered 5308/5713, time remaining: 13s
Rendered 5309/5713, time remaining: 13s
Rendered 5310/5713, time remaining: 13s
Rendered 5311/5713, time remaining: 13s
Rendered 5312/5713, time remaining: 13s
Rendered 5313/5713, time remaining: 13s
Rendered 5314/5713, time remaining: 13s
Rendered 5315/5713, time remaining: 13s
Rendered 5316/5713, time remaining: 13s
Rendered 5317/5713, time remaining: 13s
Rendered 5318/5713, time remaining: 13s
Rendered 5319/5713, time remaining: 13s
Rendered 5320/5713, time remaining: 13s
Rendered 5321/5713, time remaining: 12s
Rendered 5322/5713, time remaining: 12s
Rendered 5323/5713, time remaining: 12s
Rendered 5324/5713, time remaining: 12s
Rendered 5325/5713, time remaining: 12s
Rendered 5326/5713, time remaining: 12s
Rendered 5327/5713, time remaining: 12s
Rendered 5328/5713, time remaining: 12s
Rendered 5329/5713, time remaining: 12s
Rendered 5330/5713, time remaining: 12s
Rendered 5331/5713, time remaining: 12s
Rendered 5332/5713, time remaining: 12s
Rendered 5333/5713, time remaining: 12s
Rendered 5334/5713, time remaining: 12s
Rendered 5335/5713, time remaining: 12s
Rendered 5336/5713, time remaining: 12s
Rendered 5337/5713, time remaining: 12s
Rendered 5338/5713, time remaining: 12s
Rendered 5339/5713, time remaining: 12s
Rendered 5340/5713, time remaining: 12s
Rendered 5341/5713, time remaining: 12s
Rendered 5342/5713, time remaining: 12s
Rendered 5343/5713, time remaining: 12s
Rendered 5344/5713, time remaining: 12s
Rendered 5345/5713, time remaining: 12s
Rendered 5346/5713, time remaining: 12s
Rendered 5347/5713, time remaining: 11s
Rendered 5348/5713, time remaining: 12s
Rendered 5349/5713, time remaining: 12s
Rendered 5350/5713, time remaining: 12s
Rendered 5351/5713, time remaining: 12s
Rendered 5352/5713, time remaining: 12s
Rendered 5353/5713, time remaining: 12s
Rendered 5354/5713, time remaining: 11s
Rendered 5355/5713, time remaining: 11s
Rendered 5356/5713, time remaining: 11s
Rendered 5357/5713, time remaining: 11s
Rendered 5358/5713, time remaining: 11s
Rendered 5359/5713, time remaining: 11s
Rendered 5360/5713, time remaining: 11s
Rendered 5361/5713, time remaining: 11s
Rendered 5362/5713, time remaining: 11s
Rendered 5363/5713, time remaining: 11s
Rendered 5364/5713, time remaining: 11s
Rendered 5365/5713, time remaining: 11s
Rendered 5366/5713, time remaining: 11s
Rendered 5367/5713, time remaining: 11s
Rendered 5368/5713, time remaining: 11s
Rendered 5369/5713, time remaining: 11s
Rendered 5370/5713, time remaining: 11s
Rendered 5371/5713, time remaining: 11s
Rendered 5372/5713, time remaining: 11s
Rendered 5373/5713, time remaining: 11s
Rendered 5374/5713, time remaining: 11s
Rendered 5375/5713, time remaining: 11s
Rendered 5376/5713, time remaining: 11s
Rendered 5377/5713, time remaining: 11s
Rendered 5378/5713, time remaining: 10s
Rendered 5379/5713, time remaining: 10s
Rendered 5380/5713, time remaining: 11s
Rendered 5381/5713, time remaining: 11s
Rendered 5382/5713, time remaining: 10s
Rendered 5383/5713, time remaining: 10s
Rendered 5384/5713, time remaining: 10s
Rendered 5385/5713, time remaining: 10s
Rendered 5386/5713, time remaining: 10s
Rendered 5387/5713, time remaining: 10s
Rendered 5388/5713, time remaining: 10s
Rendered 5389/5713, time remaining: 10s
Rendered 5390/5713, time remaining: 10s
Rendered 5391/5713, time remaining: 10s
Rendered 5392/5713, time remaining: 10s
Rendered 5393/5713, time remaining: 10s
Rendered 5394/5713, time remaining: 10s
Rendered 5395/5713, time remaining: 10s
Rendered 5396/5713, time remaining: 10s
Rendered 5397/5713, time remaining: 10s
Rendered 5398/5713, time remaining: 10s
Rendered 5399/5713, time remaining: 10s
Rendered 5400/5713, time remaining: 10s
Rendered 5401/5713, time remaining: 10s
Rendered 5402/5713, time remaining: 10s
Rendered 5403/5713, time remaining: 10s
Rendered 5404/5713, time remaining: 10s
Rendered 5405/5713, time remaining: 10s
Rendered 5406/5713, time remaining: 10s
Rendered 5407/5713, time remaining: 10s
Rendered 5408/5713, time remaining: 10s
Rendered 5409/5713, time remaining: 10s
Rendered 5410/5713, time remaining: 10s
Rendered 5411/5713, time remaining: 10s
Rendered 5412/5713, time remaining: 9s
Rendered 5413/5713, time remaining: 9s
Rendered 5414/5713, time remaining: 9s
Rendered 5415/5713, time remaining: 9s
Rendered 5416/5713, time remaining: 9s
Rendered 5417/5713, time remaining: 9s
Rendered 5418/5713, time remaining: 9s
Rendered 5419/5713, time remaining: 9s
Rendered 5420/5713, time remaining: 9s
Rendered 5421/5713, time remaining: 9s
Rendered 5422/5713, time remaining: 9s
Rendered 5423/5713, time remaining: 9s
Rendered 5424/5713, time remaining: 9s
Rendered 5425/5713, time remaining: 9s
Rendered 5426/5713, time remaining: 9s
Rendered 5427/5713, time remaining: 9s
Rendered 5428/5713, time remaining: 9s
Rendered 5429/5713, time remaining: 9s
Rendered 5430/5713, time remaining: 9s
Rendered 5431/5713, time remaining: 9s
Rendered 5432/5713, time remaining: 9s
Rendered 5433/5713, time remaining: 9s
Rendered 5434/5713, time remaining: 9s
Rendered 5435/5713, time remaining: 9s
Rendered 5436/5713, time remaining: 9s
Rendered 5437/5713, time remaining: 9s
Rendered 5438/5713, time remaining: 8s
Rendered 5439/5713, time remaining: 8s
Rendered 5440/5713, time remaining: 8s
Rendered 5441/5713, time remaining: 9s
Rendered 5442/5713, time remaining: 8s
Rendered 5443/5713, time remaining: 8s
Rendered 5444/5713, time remaining: 8s
Rendered 5445/5713, time remaining: 8s
Rendered 5446/5713, time remaining: 8s
Rendered 5447/5713, time remaining: 8s
Rendered 5448/5713, time remaining: 8s
Rendered 5449/5713, time remaining: 8s
Rendered 5450/5713, time remaining: 8s
Rendered 5451/5713, time remaining: 8s
Rendered 5452/5713, time remaining: 8s
Rendered 5453/5713, time remaining: 8s
Rendered 5454/5713, time remaining: 8s
Rendered 5455/5713, time remaining: 8s
Rendered 5456/5713, time remaining: 8s
Rendered 5457/5713, time remaining: 8s
Rendered 5458/5713, time remaining: 8s
Rendered 5459/5713, time remaining: 8s
Rendered 5460/5713, time remaining: 8s
Rendered 5461/5713, time remaining: 8s
Rendered 5462/5713, time remaining: 8s
Rendered 5463/5713, time remaining: 8s
Rendered 5464/5713, time remaining: 8s
Rendered 5465/5713, time remaining: 8s
Rendered 5466/5713, time remaining: 8s
Rendered 5467/5713, time remaining: 8s
Rendered 5468/5713, time remaining: 8s
Rendered 5469/5713, time remaining: 7s
Rendered 5470/5713, time remaining: 7s
Rendered 5471/5713, time remaining: 7s
Rendered 5472/5713, time remaining: 7s
Rendered 5473/5713, time remaining: 8s
Rendered 5474/5713, time remaining: 8s
Rendered 5475/5713, time remaining: 7s
Rendered 5476/5713, time remaining: 7s
Rendered 5477/5713, time remaining: 7s
Rendered 5478/5713, time remaining: 7s
Rendered 5479/5713, time remaining: 7s
Rendered 5480/5713, time remaining: 7s
Rendered 5481/5713, time remaining: 7s
Rendered 5482/5713, time remaining: 7s
Rendered 5483/5713, time remaining: 7s
Rendered 5484/5713, time remaining: 7s
Rendered 5485/5713, time remaining: 7s
Rendered 5486/5713, time remaining: 7s
Rendered 5487/5713, time remaining: 7s
Rendered 5488/5713, time remaining: 7s
Rendered 5489/5713, time remaining: 7s
Rendered 5490/5713, time remaining: 7s
Rendered 5491/5713, time remaining: 7s
Rendered 5492/5713, time remaining: 7s
Rendered 5493/5713, time remaining: 7s
Rendered 5494/5713, time remaining: 7s
Rendered 5495/5713, time remaining: 7s
Rendered 5496/5713, time remaining: 7s
Rendered 5497/5713, time remaining: 7s
Rendered 5498/5713, time remaining: 7s
Rendered 5499/5713, time remaining: 7s
Rendered 5500/5713, time remaining: 7s
Rendered 5501/5713, time remaining: 7s
Rendered 5502/5713, time remaining: 6s
Rendered 5503/5713, time remaining: 6s
Rendered 5504/5713, time remaining: 6s
Rendered 5505/5713, time remaining: 6s
Rendered 5506/5713, time remaining: 6s
Rendered 5507/5713, time remaining: 6s
Rendered 5508/5713, time remaining: 6s
Rendered 5509/5713, time remaining: 6s
Rendered 5510/5713, time remaining: 6s
Rendered 5511/5713, time remaining: 6s
Rendered 5512/5713, time remaining: 6s
Rendered 5513/5713, time remaining: 6s
Rendered 5514/5713, time remaining: 6s
Rendered 5515/5713, time remaining: 6s
Rendered 5516/5713, time remaining: 6s
Rendered 5517/5713, time remaining: 6s
Rendered 5518/5713, time remaining: 6s
Rendered 5519/5713, time remaining: 6s
Rendered 5520/5713, time remaining: 6s
Rendered 5521/5713, time remaining: 6s
Rendered 5522/5713, time remaining: 6s
Rendered 5523/5713, time remaining: 6s
Rendered 5524/5713, time remaining: 6s
Rendered 5525/5713, time remaining: 6s
Rendered 5526/5713, time remaining: 6s
Rendered 5527/5713, time remaining: 6s
Rendered 5528/5713, time remaining: 6s
Rendered 5529/5713, time remaining: 6s
Rendered 5530/5713, time remaining: 6s
Rendered 5531/5713, time remaining: 6s
Rendered 5532/5713, time remaining: 6s
Rendered 5533/5713, time remaining: 5s
Rendered 5534/5713, time remaining: 5s
Rendered 5535/5713, time remaining: 5s
Rendered 5536/5713, time remaining: 5s
Rendered 5537/5713, time remaining: 5s
Rendered 5538/5713, time remaining: 5s
Rendered 5539/5713, time remaining: 5s
Rendered 5540/5713, time remaining: 5s
Rendered 5541/5713, time remaining: 5s
Rendered 5542/5713, time remaining: 5s
Rendered 5543/5713, time remaining: 5s
Rendered 5544/5713, time remaining: 5s
Rendered 5545/5713, time remaining: 5s
Rendered 5546/5713, time remaining: 5s
Rendered 5547/5713, time remaining: 5s
Rendered 5548/5713, time remaining: 5s
Rendered 5549/5713, time remaining: 5s
Rendered 5550/5713, time remaining: 5s
Rendered 5551/5713, time remaining: 5s
Rendered 5552/5713, time remaining: 5s
Rendered 5553/5713, time remaining: 5s
Rendered 5554/5713, time remaining: 5s
Rendered 5555/5713, time remaining: 5s
Rendered 5556/5713, time remaining: 5s
Rendered 5557/5713, time remaining: 5s
Rendered 5558/5713, time remaining: 5s
Rendered 5559/5713, time remaining: 5s
Rendered 5560/5713, time remaining: 5s
Rendered 5561/5713, time remaining: 5s
Rendered 5562/5713, time remaining: 5s
Rendered 5563/5713, time remaining: 4s
Rendered 5564/5713, time remaining: 4s
Rendered 5565/5713, time remaining: 4s
Rendered 5566/5713, time remaining: 4s
Rendered 5567/5713, time remaining: 4s
Rendered 5568/5713, time remaining: 4s
Rendered 5569/5713, time remaining: 4s
Rendered 5570/5713, time remaining: 4s
Rendered 5571/5713, time remaining: 4s
Rendered 5572/5713, time remaining: 4s
Rendered 5573/5713, time remaining: 4s
Rendered 5574/5713, time remaining: 4s
Rendered 5575/5713, time remaining: 4s
Rendered 5576/5713, time remaining: 4s
Rendered 5577/5713, time remaining: 4s
Rendered 5578/5713, time remaining: 4s
Rendered 5579/5713, time remaining: 4s
Rendered 5580/5713, time remaining: 4s
Rendered 5581/5713, time remaining: 4s
Rendered 5582/5713, time remaining: 4s
Rendered 5583/5713, time remaining: 4s
Rendered 5584/5713, time remaining: 4s
Rendered 5585/5713, time remaining: 4s
Rendered 5586/5713, time remaining: 4s
Rendered 5587/5713, time remaining: 4s
Rendered 5588/5713, time remaining: 4s
Rendered 5589/5713, time remaining: 4s
Rendered 5590/5713, time remaining: 4s
Rendered 5591/5713, time remaining: 4s
Rendered 5592/5713, time remaining: 4s
Rendered 5593/5713, time remaining: 3s
Rendered 5594/5713, time remaining: 3s
Rendered 5595/5713, time remaining: 3s
Rendered 5596/5713, time remaining: 3s
Rendered 5597/5713, time remaining: 3s
Rendered 5598/5713, time remaining: 3s
Rendered 5599/5713, time remaining: 3s
Rendered 5600/5713, time remaining: 3s
Rendered 5601/5713, time remaining: 3s
Rendered 5602/5713, time remaining: 3s
Rendered 5603/5713, time remaining: 3s
Rendered 5604/5713, time remaining: 3s
Rendered 5605/5713, time remaining: 3s
Rendered 5606/5713, time remaining: 3s
Rendered 5607/5713, time remaining: 3s
Rendered 5608/5713, time remaining: 3s
Rendered 5609/5713, time remaining: 3s
Rendered 5610/5713, time remaining: 3s
Rendered 5611/5713, time remaining: 3s
Rendered 5612/5713, time remaining: 3s
Rendered 5613/5713, time remaining: 3s
Rendered 5614/5713, time remaining: 3s
Rendered 5615/5713, time remaining: 3s
Rendered 5616/5713, time remaining: 3s
Rendered 5617/5713, time remaining: 3s
Rendered 5618/5713, time remaining: 3s
Rendered 5619/5713, time remaining: 3s
Rendered 5620/5713, time remaining: 3s
Rendered 5621/5713, time remaining: 3s
Rendered 5622/5713, time remaining: 3s
Rendered 5623/5713, time remaining: 3s
Rendered 5624/5713, time remaining: 2s
Rendered 5625/5713, time remaining: 2s
Rendered 5626/5713, time remaining: 2s
Rendered 5627/5713, time remaining: 2s
Rendered 5628/5713, time remaining: 2s
Rendered 5629/5713, time remaining: 2s
Rendered 5630/5713, time remaining: 2s
Rendered 5631/5713, time remaining: 2s
Rendered 5632/5713, time remaining: 2s
Rendered 5633/5713, time remaining: 2s
Rendered 5634/5713, time remaining: 2s
Rendered 5635/5713, time remaining: 2s
Rendered 5636/5713, time remaining: 2s
Rendered 5637/5713, time remaining: 2s
Rendered 5638/5713, time remaining: 2s
Rendered 5639/5713, time remaining: 2s
Rendered 5640/5713, time remaining: 2s
Rendered 5641/5713, time remaining: 2s
Rendered 5642/5713, time remaining: 2s
Rendered 5643/5713, time remaining: 2s
Rendered 5644/5713, time remaining: 2s
Rendered 5645/5713, time remaining: 2s
Rendered 5646/5713, time remaining: 2s
Rendered 5647/5713, time remaining: 2s
Rendered 5648/5713, time remaining: 2s
Rendered 5649/5713, time remaining: 2s
Rendered 5650/5713, time remaining: 2s
Rendered 5651/5713, time remaining: 2s
Rendered 5652/5713, time remaining: 2s
Rendered 5653/5713, time remaining: 2s
Rendered 5654/5713, time remaining: 2s
Rendered 5655/5713, time remaining: 2s
Rendered 5656/5713, time remaining: 1s
Rendered 5657/5713, time remaining: 1s
Rendered 5658/5713, time remaining: 1s
Rendered 5659/5713, time remaining: 1s
Rendered 5660/5713, time remaining: 1s
Rendered 5661/5713, time remaining: 1s
Rendered 5662/5713, time remaining: 1s
Rendered 5663/5713, time remaining: 1s
Rendered 5664/5713, time remaining: 1s
Rendered 5665/5713, time remaining: 1s
Rendered 5666/5713, time remaining: 1s
Rendered 5667/5713, time remaining: 1s
Rendered 5668/5713, time remaining: 1s
Rendered 5669/5713, time remaining: 1s
Rendered 5670/5713, time remaining: 1s
Rendered 5671/5713, time remaining: 1s
Rendered 5672/5713, time remaining: 1s
Rendered 5673/5713, time remaining: 1s
Rendered 5674/5713, time remaining: 1s
Rendered 5675/5713, time remaining: 1s
Rendered 5676/5713, time remaining: 1s
Rendered 5677/5713, time remaining: 1s
Rendered 5678/5713, time remaining: 1s
Rendered 5679/5713, time remaining: 1s
Rendered 5680/5713, time remaining: 1s
Rendered 5681/5713, time remaining: 1s
Rendered 5682/5713, time remaining: 1s
Rendered 5683/5713, time remaining: 1s
Rendered 5684/5713, time remaining: 0s
Rendered 5685/5713, time remaining: 0s
Rendered 5686/5713, time remaining: 0s
Rendered 5687/5713, time remaining: 0s
Rendered 5688/5713, time remaining: 0s
Rendered 5689/5713, time remaining: 0s
Rendered 5690/5713, time remaining: 0s
Rendered 5691/5713, time remaining: 0s
Rendered 5692/5713, time remaining: 0s
Rendered 5693/5713, time remaining: 0s
Rendered 5694/5713, time remaining: 0s
Rendered 5695/5713, time remaining: 0s
Rendered 5696/5713, time remaining: 0s
Rendered 5697/5713, time remaining: 0s
Rendered 5698/5713, time remaining: 0s
Rendered 5699/5713, time remaining: 0s
Rendered 5700/5713, time remaining: 0s
Rendered 5701/5713, time remaining: 0s
Rendered 5702/5713, time remaining: 0s
Rendered 5703/5713, time remaining: 0s
Rendered 5704/5713, time remaining: 0s
Rendered 5705/5713, time remaining: 0s
Rendered 5706/5713, time remaining: 0s
Rendered 5707/5713, time remaining: 0s
Rendered 5708/5713, time remaining: 0s
Rendered 5709/5713, time remaining: 0s
Rendered 5710/5713, time remaining: 0s
Rendered 5711/5713, time remaining: 0s
Rendered 5712/5713, time remaining: 0s
Rendered 5713/5713
Encoded 61/5713
Encoded 167/5713
Encoded 264/5713
Encoded 361/5713
Encoded 461/5713
Encoded 559/5713
Encoded 649/5713
Encoded 734/5713
Encoded 825/5713
Encoded 925/5713
Encoded 1032/5713
Encoded 1122/5713
Encoded 1219/5713
Encoded 1314/5713
Encoded 1409/5713
Encoded 1514/5713
Encoded 1616/5713
Encoded 1711/5713
Encoded 1816/5713
Encoded 1917/5713
Encoded 2021/5713
Encoded 2119/5713
Encoded 2214/5713
Encoded 2323/5713
Encoded 2426/5713
Encoded 2537/5713
Encoded 2641/5713
Encoded 2743/5713
Encoded 2852/5713
Encoded 2963/5713
Encoded 3053/5713
Encoded 3169/5713
Encoded 3275/5713
Encoded 3362/5713
Encoded 3458/5713
Encoded 3560/5713
Encoded 3656/5713
Encoded 3749/5713
Encoded 3868/5713
Encoded 3988/5713
Encoded 4094/5713
Encoded 4213/5713
Encoded 4329/5713
Encoded 4444/5713
Encoded 4549/5713
Encoded 4644/5713
Encoded 4741/5713
Encoded 4834/5713
Encoded 4932/5713
Encoded 5033/5713
Encoded 5149/5713
Encoded 5251/5713
Encoded 5361/5713
Encoded 5467/5713
Encoded 5564/5713
Encoded 5679/5713
Encoded 5713/5713
+                    ../projects/import-china-india-te/renders/ch01.mp4 26 MB
Bundling 6%
Bundling 12%
Bundling 63%
Bundling 69%
Bundling 74%
Bundling 80%
Bundling 85%
Bundling 90%
Bundling 95%
Bundling 100%
Getting composition
Composition          Explainer
Codec                h264
Output               ../projects/import-china-india-te/renders/ch02.mp4
Concurrency          8x
Rendered 0/4645
Rendered 1/4645, time remaining: 1h 6m 19s
Rendered 2/4645, time remaining: 33m 16s
Rendered 3/4645, time remaining: 22m 10s
Rendered 4/4645, time remaining: 16m 42s
Rendered 5/4645, time remaining: 13m 32s
Rendered 6/4645, time remaining: 12m 23s
Rendered 7/4645, time remaining: 10m 37s
Rendered 8/4645, time remaining: 9m 18s
Rendered 9/4645, time remaining: 9m 31s
Rendered 10/4645, time remaining: 8m 35s
Rendered 11/4645, time remaining: 8m 14s
Rendered 12/4645, time remaining: 7m 34s
Rendered 13/4645, time remaining: 6m 59s
Rendered 14/4645, time remaining: 6m 29s
Rendered 15/4645, time remaining: 6m 24s
Rendered 16/4645, time remaining: 6m 10s
Rendered 17/4645, time remaining: 6m 22s
Rendered 18/4645, time remaining: 6m 1s
Rendered 19/4645, time remaining: 5m 42s
Rendered 20/4645, time remaining: 5m 26s
Rendered 21/4645, time remaining: 5m 13s
Rendered 22/4645, time remaining: 5m 22s
Rendered 23/4645, time remaining: 5m 17s
Rendered 24/4645, time remaining: 5m 4s
Rendered 25/4645, time remaining: 4m 52s
Rendered 26/4645, time remaining: 4m 52s
Rendered 27/4645, time remaining: 4m 42s
Rendered 28/4645, time remaining: 4m 32s
Rendered 29/4645, time remaining: 4m 23s
Rendered 30/4645, time remaining: 4m 41s
Rendered 31/4645, time remaining: 4m 36s
Rendered 32/4645, time remaining: 4m 28s
Rendered 33/4645, time remaining: 4m 22s
Rendered 34/4645, time remaining: 4m 23s
Rendered 35/4645, time remaining: 4m 15s
Rendered 36/4645, time remaining: 4m 8s
Rendered 37/4645, time remaining: 4m 1s
Rendered 38/4645, time remaining: 4m 15s
Rendered 39/4645, time remaining: 4m 9s
Rendered 40/4645, time remaining: 4m 3s
Rendered 41/4645, time remaining: 3m 57s
Rendered 42/4645, time remaining: 3m 53s
Rendered 43/4645, time remaining: 3m 55s
Rendered 44/4645, time remaining: 3m 59s
Rendered 45/4645, time remaining: 3m 54s
Rendered 46/4645, time remaining: 3m 49s
Rendered 47/4645, time remaining: 3m 49s
Rendered 48/4645, time remaining: 3m 46s
Rendered 49/4645, time remaining: 3m 45s
Rendered 50/4645, time remaining: 3m 41s
Rendered 51/4645, time remaining: 3m 43s
Rendered 52/4645, time remaining: 3m 39s
Rendered 53/4645, time remaining: 3m 36s
Rendered 54/4645, time remaining: 3m 43s
Rendered 55/4645, time remaining: 3m 39s
Rendered 56/4645, time remaining: 3m 35s
Rendered 57/4645, time remaining: 3m 31s
Rendered 58/4645, time remaining: 3m 31s
Rendered 59/4645, time remaining: 3m 27s
Rendered 60/4645, time remaining: 3m 28s
Rendered 61/4645, time remaining: 3m 25s
Rendered 62/4645, time remaining: 3m 35s
Rendered 63/4645, time remaining: 3m 31s
Rendered 64/4645, time remaining: 3m 28s
Rendered 65/4645, time remaining: 3m 26s
Rendered 66/4645, time remaining: 3m 28s
Rendered 67/4645, time remaining: 3m 29s
Rendered 68/4645, time remaining: 3m 26s
Rendered 69/4645, time remaining: 3m 23s
Rendered 70/4645, time remaining: 3m 25s
Rendered 71/4645, time remaining: 3m 22s
Rendered 72/4645, time remaining: 3m 19s
Rendered 73/4645, time remaining: 3m 16s
Rendered 74/4645, time remaining: 3m 20s
Rendered 75/4645, time remaining: 3m 22s
Rendered 76/4645, time remaining: 3m 19s
Rendered 77/4645, time remaining: 3m 17s
Rendered 78/4645, time remaining: 3m 16s
Rendered 79/4645, time remaining: 3m 15s
Rendered 80/4645, time remaining: 3m 13s
Rendered 81/4645, time remaining: 3m 11s
Rendered 82/4645, time remaining: 3m 14s
Rendered 83/4645, time remaining: 3m 15s
Rendered 84/4645, time remaining: 3m 12s
Rendered 85/4645, time remaining: 3m 16s
Rendered 86/4645, time remaining: 3m 14s
Rendered 87/4645, time remaining: 3m 12s
Rendered 88/4645, time remaining: 3m 9s
Rendered 89/4645, time remaining: 3m 8s
Rendered 90/4645, time remaining: 3m 7s
Rendered 91/4645, time remaining: 3m 7s
Rendered 92/4645, time remaining: 3m 5s
Rendered 93/4645, time remaining: 3m 10s
Rendered 94/4645, time remaining: 3m 10s
Rendered 95/4645, time remaining: 3m 8s
Rendered 96/4645, time remaining: 3m 6s
Rendered 97/4645, time remaining: 3m 5s
Rendered 98/4645, time remaining: 3m 4s
Rendered 99/4645, time remaining: 3m 4s
Rendered 100/4645, time remaining: 3m 2s
Rendered 101/4645, time remaining: 3m 7s
Rendered 102/4645, time remaining: 3m 6s
Rendered 103/4645, time remaining: 3m 7s
Rendered 104/4645, time remaining: 3m 5s
Rendered 105/4645, time remaining: 3m 3s
Rendered 106/4645, time remaining: 3m 2s
Rendered 107/4645, time remaining: 3m 1s
Rendered 108/4645, time remaining: 3m 1s
Rendered 109/4645, time remaining: 3m 4s
Rendered 110/4645, time remaining: 3m 3s
Rendered 111/4645, time remaining: 3m 2s
Rendered 112/4645, time remaining: 3m 1s
Rendered 113/4645, time remaining: 3m 0s
Rendered 114/4645, time remaining: 3m 2s
Rendered 115/4645, time remaining: 3m 0s
Rendered 116/4645, time remaining: 2m 59s
Rendered 117/4645, time remaining: 3m 2s
Rendered 118/4645, time remaining: 3m 1s
Rendered 119/4645, time remaining: 2m 59s
Rendered 120/4645, time remaining: 2m 58s
Rendered 121/4645, time remaining: 2m 57s
Rendered 122/4645, time remaining: 3m 0s
Rendered 123/4645, time remaining: 2m 59s
Rendered 124/4645, time remaining: 3m 1s
Rendered 125/4645, time remaining: 3m 0s
Rendered 126/4645, time remaining: 2m 59s
Rendered 127/4645, time remaining: 3m 0s
Rendered 128/4645, time remaining: 2m 59s
Rendered 129/4645, time remaining: 2m 57s
Rendered 130/4645, time remaining: 2m 59s
Rendered 131/4645, time remaining: 2m 58s
Rendered 132/4645, time remaining: 2m 56s
Rendered 133/4645, time remaining: 2m 58s
Rendered 134/4645, time remaining: 2m 57s
Rendered 135/4645, time remaining: 2m 58s
Rendered 136/4645, time remaining: 2m 57s
Rendered 137/4645, time remaining: 2m 56s
Rendered 138/4645, time remaining: 2m 58s
Rendered 139/4645, time remaining: 2m 56s
Rendered 140/4645, time remaining: 2m 55s
Rendered 141/4645, time remaining: 2m 56s
Rendered 142/4645, time remaining: 2m 55s
Rendered 143/4645, time remaining: 2m 54s
Rendered 144/4645, time remaining: 2m 55s
Rendered 145/4645, time remaining: 2m 54s
Rendered 146/4645, time remaining: 2m 56s
Rendered 147/4645, time remaining: 2m 54s
Rendered 148/4645, time remaining: 2m 53s
Rendered 149/4645, time remaining: 2m 53s
Rendered 150/4645, time remaining: 2m 54s
Rendered 151/4645, time remaining: 2m 28s
Rendered 152/4645, time remaining: 2m 30s
Rendered 153/4645, time remaining: 2m 32s
Rendered 154/4645, time remaining: 2m 33s
Rendered 155/4645, time remaining: 2m 33s
Rendered 156/4645, time remaining: 2m 32s
Rendered 157/4645, time remaining: 2m 32s
Rendered 158/4645, time remaining: 2m 32s
Rendered 159/4645, time remaining: 2m 27s
Rendered 160/4645, time remaining: 2m 30s
Rendered 161/4645, time remaining: 2m 31s
Rendered 162/4645, time remaining: 2m 31s
Rendered 163/4645, time remaining: 2m 34s
Rendered 164/4645, time remaining: 2m 34s
Rendered 165/4645, time remaining: 2m 31s
Rendered 166/4645, time remaining: 2m 30s
Rendered 167/4645, time remaining: 2m 29s
Rendered 168/4645, time remaining: 2m 30s
Rendered 169/4645, time remaining: 2m 32s
Rendered 170/4645, time remaining: 2m 33s
Rendered 171/4645, time remaining: 2m 32s
Rendered 172/4645, time remaining: 2m 29s
Rendered 173/4645, time remaining: 2m 28s
Rendered 174/4645, time remaining: 2m 29s
Rendered 175/4645, time remaining: 2m 33s
Rendered 176/4645, time remaining: 2m 31s
Rendered 177/4645, time remaining: 2m 33s
Rendered 178/4645, time remaining: 2m 33s
Rendered 179/4645, time remaining: 2m 33s
Rendered 180/4645, time remaining: 2m 29s
Rendered 181/4645, time remaining: 2m 30s
Rendered 182/4645, time remaining: 2m 30s
Rendered 183/4645, time remaining: 2m 29s
Rendered 184/4645, time remaining: 2m 27s
Rendered 185/4645, time remaining: 2m 33s
Rendered 186/4645, time remaining: 2m 33s
Rendered 187/4645, time remaining: 2m 33s
Rendered 188/4645, time remaining: 2m 28s
Rendered 189/4645, time remaining: 2m 30s
Rendered 190/4645, time remaining: 2m 31s
Rendered 191/4645, time remaining: 2m 31s
Rendered 192/4645, time remaining: 2m 32s
Rendered 193/4645, time remaining: 2m 32s
Rendered 194/4645, time remaining: 2m 29s
Rendered 195/4645, time remaining: 2m 31s
Rendered 196/4645, time remaining: 2m 31s
Rendered 197/4645, time remaining: 2m 30s
Rendered 198/4645, time remaining: 2m 32s
Rendered 199/4645, time remaining: 2m 31s
Rendered 200/4645, time remaining: 2m 31s
Rendered 201/4645, time remaining: 2m 31s
Rendered 202/4645, time remaining: 2m 30s
Rendered 203/4645, time remaining: 2m 33s
Rendered 204/4645, time remaining: 2m 30s
Rendered 205/4645, time remaining: 2m 31s
Rendered 206/4645, time remaining: 2m 31s
Rendered 207/4645, time remaining: 2m 31s
Rendered 208/4645, time remaining: 2m 30s
Rendered 209/4645, time remaining: 2m 31s
Rendered 210/4645, time remaining: 2m 31s
Rendered 211/4645, time remaining: 2m 34s
Rendered 212/4645, time remaining: 2m 29s
Rendered 213/4645, time remaining: 2m 29s
Rendered 214/4645, time remaining: 2m 29s
Rendered 215/4645, time remaining: 2m 32s
Rendered 216/4645, time remaining: 2m 31s
Rendered 217/4645, time remaining: 2m 29s
Rendered 218/4645, time remaining: 2m 29s
Rendered 219/4645, time remaining: 2m 31s
Rendered 220/4645, time remaining: 2m 29s
Rendered 221/4645, time remaining: 2m 29s
Rendered 222/4645, time remaining: 2m 33s
Rendered 223/4645, time remaining: 2m 34s
Rendered 224/4645, time remaining: 2m 31s
Rendered 225/4645, time remaining: 2m 28s
Rendered 226/4645, time remaining: 2m 29s
Rendered 227/4645, time remaining: 2m 32s
Rendered 228/4645, time remaining: 2m 31s
Rendered 229/4645, time remaining: 2m 31s
Rendered 230/4645, time remaining: 2m 33s
Rendered 231/4645, time remaining: 2m 32s
Rendered 232/4645, time remaining: 2m 30s
Rendered 233/4645, time remaining: 2m 28s
Rendered 234/4645, time remaining: 2m 29s
Rendered 235/4645, time remaining: 2m 30s
Rendered 236/4645, time remaining: 2m 30s
Rendered 237/4645, time remaining: 2m 31s
Rendered 238/4645, time remaining: 2m 32s
Rendered 239/4645, time remaining: 2m 31s
Rendered 240/4645, time remaining: 2m 31s
Rendered 241/4645, time remaining: 2m 30s
Rendered 242/4645, time remaining: 2m 32s
Rendered 243/4645, time remaining: 2m 32s
Rendered 244/4645, time remaining: 2m 31s
Rendered 245/4645, time remaining: 2m 32s
Rendered 246/4645, time remaining: 2m 32s
Rendered 247/4645, time remaining: 2m 32s
Rendered 248/4645, time remaining: 2m 32s
Rendered 249/4645, time remaining: 2m 30s
Rendered 250/4645, time remaining: 2m 32s
Rendered 251/4645, time remaining: 2m 28s
Rendered 252/4645, time remaining: 2m 29s
Rendered 253/4645, time remaining: 2m 30s
Rendered 254/4645, time remaining: 2m 30s
Rendered 255/4645, time remaining: 2m 31s
Rendered 256/4645, time remaining: 2m 31s
Rendered 257/4645, time remaining: 2m 31s
Rendered 258/4645, time remaining: 2m 31s
Rendered 259/4645, time remaining: 2m 29s
Rendered 260/4645, time remaining: 2m 29s
Rendered 261/4645, time remaining: 2m 31s
Rendered 262/4645, time remaining: 2m 32s
Rendered 263/4645, time remaining: 2m 32s
Rendered 264/4645, time remaining: 2m 29s
Rendered 265/4645, time remaining: 2m 31s
Rendered 266/4645, time remaining: 2m 31s
Rendered 267/4645, time remaining: 2m 29s
Rendered 268/4645, time remaining: 2m 29s
Rendered 269/4645, time remaining: 2m 29s
Rendered 270/4645, time remaining: 2m 31s
Rendered 271/4645, time remaining: 2m 30s
Rendered 272/4645, time remaining: 2m 27s
Rendered 273/4645, time remaining: 2m 30s
Rendered 274/4645, time remaining: 2m 27s
Rendered 275/4645, time remaining: 2m 28s
Rendered 276/4645, time remaining: 2m 29s
Rendered 277/4645, time remaining: 2m 27s
Rendered 278/4645, time remaining: 2m 29s
Rendered 279/4645, time remaining: 2m 29s
Rendered 280/4645, time remaining: 2m 26s
Rendered 281/4645, time remaining: 2m 26s
Rendered 282/4645, time remaining: 2m 31s
Rendered 283/4645, time remaining: 2m 29s
Rendered 284/4645, time remaining: 2m 29s
Rendered 285/4645, time remaining: 2m 26s
Rendered 286/4645, time remaining: 2m 28s
Rendered 287/4645, time remaining: 2m 30s
Rendered 288/4645, time remaining: 2m 27s
Rendered 289/4645, time remaining: 2m 27s
Rendered 290/4645, time remaining: 2m 29s
Rendered 291/4645, time remaining: 2m 26s
Rendered 292/4645, time remaining: 2m 28s
Rendered 293/4645, time remaining: 2m 29s
Rendered 294/4645, time remaining: 2m 27s
Rendered 295/4645, time remaining: 2m 27s
Rendered 296/4645, time remaining: 2m 25s
Rendered 297/4645, time remaining: 2m 28s
Rendered 298/4645, time remaining: 2m 28s
Rendered 299/4645, time remaining: 2m 29s
Rendered 300/4645, time remaining: 2m 27s
Rendered 301/4645, time remaining: 2m 27s
Rendered 302/4645, time remaining: 2m 26s
Rendered 303/4645, time remaining: 2m 25s
Rendered 304/4645, time remaining: 2m 25s
Rendered 305/4645, time remaining: 2m 25s
Rendered 306/4645, time remaining: 2m 26s
Rendered 307/4645, time remaining: 2m 27s
Rendered 308/4645, time remaining: 2m 29s
Rendered 309/4645, time remaining: 2m 28s
Rendered 310/4645, time remaining: 2m 26s
Rendered 311/4645, time remaining: 2m 23s
Rendered 312/4645, time remaining: 2m 24s
Rendered 313/4645, time remaining: 2m 22s
Rendered 314/4645, time remaining: 2m 26s
Rendered 315/4645, time remaining: 2m 26s
Rendered 316/4645, time remaining: 2m 28s
Rendered 317/4645, time remaining: 2m 25s
Rendered 318/4645, time remaining: 2m 27s
Rendered 319/4645, time remaining: 2m 25s
Rendered 320/4645, time remaining: 2m 24s
Rendered 321/4645, time remaining: 2m 26s
Rendered 322/4645, time remaining: 2m 25s
Rendered 323/4645, time remaining: 2m 26s
Rendered 324/4645, time remaining: 2m 27s
Rendered 325/4645, time remaining: 2m 23s
Rendered 326/4645, time remaining: 2m 24s
Rendered 327/4645, time remaining: 2m 24s
Rendered 328/4645, time remaining: 2m 24s
Rendered 329/4645, time remaining: 2m 26s
Rendered 330/4645, time remaining: 2m 25s
Rendered 331/4645, time remaining: 2m 23s
Rendered 332/4645, time remaining: 2m 24s
Rendered 333/4645, time remaining: 2m 28s
Rendered 334/4645, time remaining: 2m 27s
Rendered 335/4645, time remaining: 2m 22s
Rendered 336/4645, time remaining: 2m 22s
Rendered 337/4645, time remaining: 2m 24s
Rendered 338/4645, time remaining: 2m 24s
Rendered 339/4645, time remaining: 2m 22s
Rendered 340/4645, time remaining: 2m 21s
Rendered 341/4645, time remaining: 2m 27s
Rendered 342/4645, time remaining: 2m 25s
Rendered 343/4645, time remaining: 2m 23s
Rendered 344/4645, time remaining: 2m 23s
Rendered 345/4645, time remaining: 2m 22s
Rendered 346/4645, time remaining: 2m 25s
Rendered 347/4645, time remaining: 2m 25s
Rendered 348/4645, time remaining: 2m 23s
Rendered 349/4645, time remaining: 2m 24s
Rendered 350/4645, time remaining: 2m 24s
Rendered 351/4645, time remaining: 2m 23s
Rendered 352/4645, time remaining: 2m 23s
Rendered 353/4645, time remaining: 2m 21s
Rendered 354/4645, time remaining: 2m 23s
Rendered 355/4645, time remaining: 2m 22s
Rendered 356/4645, time remaining: 2m 22s
Rendered 357/4645, time remaining: 2m 26s
Rendered 358/4645, time remaining: 2m 26s
Rendered 359/4645, time remaining: 2m 25s
Rendered 360/4645, time remaining: 2m 23s
Rendered 361/4645, time remaining: 2m 23s
Rendered 362/4645, time remaining: 2m 23s
Rendered 363/4645, time remaining: 2m 24s
Rendered 364/4645, time remaining: 2m 23s
Rendered 365/4645, time remaining: 2m 23s
Rendered 366/4645, time remaining: 2m 22s
Rendered 367/4645, time remaining: 2m 23s
Rendered 368/4645, time remaining: 2m 23s
Rendered 369/4645, time remaining: 2m 21s
Rendered 370/4645, time remaining: 2m 21s
Rendered 371/4645, time remaining: 2m 23s
Rendered 372/4645, time remaining: 2m 22s
Rendered 373/4645, time remaining: 2m 22s
Rendered 374/4645, time remaining: 2m 22s
Rendered 375/4645, time remaining: 2m 22s
Rendered 376/4645, time remaining: 2m 24s
Rendered 377/4645, time remaining: 2m 21s
Rendered 378/4645, time remaining: 2m 21s
Rendered 379/4645, time remaining: 2m 23s
Rendered 380/4645, time remaining: 2m 20s
Rendered 381/4645, time remaining: 2m 22s
Rendered 382/4645, time remaining: 2m 24s
Rendered 383/4645, time remaining: 2m 24s
Rendered 384/4645, time remaining: 2m 25s
Rendered 385/4645, time remaining: 2m 20s
Rendered 386/4645, time remaining: 2m 20s
Rendered 387/4645, time remaining: 2m 20s
Rendered 388/4645, time remaining: 2m 22s
Rendered 389/4645, time remaining: 2m 22s
Rendered 390/4645, time remaining: 2m 22s
Rendered 391/4645, time remaining: 2m 23s
Rendered 392/4645, time remaining: 2m 23s
Rendered 393/4645, time remaining: 2m 19s
Rendered 394/4645, time remaining: 2m 19s
Rendered 395/4645, time remaining: 2m 18s
Rendered 396/4645, time remaining: 2m 20s
Rendered 397/4645, time remaining: 2m 20s
Rendered 398/4645, time remaining: 2m 19s
Rendered 399/4645, time remaining: 2m 22s
Rendered 400/4645, time remaining: 2m 20s
Rendered 401/4645, time remaining: 2m 21s
Rendered 402/4645, time remaining: 2m 19s
Rendered 403/4645, time remaining: 2m 17s
Rendered 404/4645, time remaining: 2m 17s
Rendered 405/4645, time remaining: 2m 16s
Rendered 406/4645, time remaining: 2m 17s
Rendered 407/4645, time remaining: 2m 17s
Rendered 408/4645, time remaining: 2m 15s
Rendered 409/4645, time remaining: 2m 15s
Rendered 410/4645, time remaining: 2m 15s
Rendered 411/4645, time remaining: 2m 13s
Rendered 412/4645, time remaining: 2m 11s
Rendered 413/4645, time remaining: 2m 11s
Rendered 414/4645, time remaining: 2m 11s
Rendered 415/4645, time remaining: 2m 9s
Rendered 416/4645, time remaining: 2m 11s
Rendered 417/4645, time remaining: 2m 8s
Rendered 418/4645, time remaining: 2m 8s
Rendered 419/4645, time remaining: 2m 13s
Rendered 420/4645, time remaining: 2m 11s
Rendered 421/4645, time remaining: 2m 11s
Rendered 422/4645, time remaining: 2m 12s
Rendered 423/4645, time remaining: 2m 9s
Rendered 424/4645, time remaining: 2m 9s
Rendered 425/4645, time remaining: 2m 8s
Rendered 426/4645, time remaining: 2m 10s
Rendered 427/4645, time remaining: 2m 10s
Rendered 428/4645, time remaining: 2m 9s
Rendered 429/4645, time remaining: 2m 10s
Rendered 430/4645, time remaining: 2m 11s
Rendered 431/4645, time remaining: 2m 11s
Rendered 432/4645, time remaining: 2m 6s
Rendered 433/4645, time remaining: 2m 10s
Rendered 434/4645, time remaining: 2m 10s
Rendered 435/4645, time remaining: 2m 10s
Rendered 436/4645, time remaining: 2m 8s
Rendered 437/4645, time remaining: 2m 9s
Rendered 438/4645, time remaining: 2m 9s
Rendered 439/4645, time remaining: 2m 9s
Rendered 440/4645, time remaining: 2m 10s
Rendered 441/4645, time remaining: 2m 12s
Rendered 442/4645, time remaining: 2m 11s
Rendered 443/4645, time remaining: 2m 9s
Rendered 444/4645, time remaining: 2m 9s
Rendered 445/4645, time remaining: 2m 9s
Rendered 446/4645, time remaining: 2m 11s
Rendered 447/4645, time remaining: 2m 8s
Rendered 448/4645, time remaining: 2m 8s
Rendered 449/4645, time remaining: 2m 10s
Rendered 450/4645, time remaining: 2m 12s
Rendered 451/4645, time remaining: 2m 11s
Rendered 452/4645, time remaining: 2m 11s
Rendered 453/4645, time remaining: 2m 10s
Rendered 454/4645, time remaining: 2m 11s
Rendered 455/4645, time remaining: 2m 14s
Rendered 456/4645, time remaining: 2m 11s
Rendered 457/4645, time remaining: 2m 10s
Rendered 458/4645, time remaining: 2m 9s
Rendered 459/4645, time remaining: 2m 10s
Rendered 460/4645, time remaining: 2m 9s
Rendered 461/4645, time remaining: 2m 9s
Rendered 462/4645, time remaining: 2m 12s
Rendered 463/4645, time remaining: 2m 12s
Rendered 464/4645, time remaining: 2m 8s
Rendered 465/4645, time remaining: 2m 10s
Rendered 466/4645, time remaining: 2m 9s
Rendered 467/4645, time remaining: 2m 9s
Rendered 468/4645, time remaining: 2m 8s
Rendered 469/4645, time remaining: 2m 8s
Rendered 470/4645, time remaining: 2m 11s
Rendered 471/4645, time remaining: 2m 9s
Rendered 472/4645, time remaining: 2m 9s
Rendered 473/4645, time remaining: 2m 9s
Rendered 474/4645, time remaining: 2m 11s
Rendered 475/4645, time remaining: 2m 11s
Rendered 476/4645, time remaining: 2m 10s
Rendered 477/4645, time remaining: 2m 8s
Rendered 478/4645, time remaining: 2m 10s
Rendered 479/4645, time remaining: 2m 7s
Rendered 480/4645, time remaining: 2m 7s
Rendered 481/4645, time remaining: 2m 8s
Rendered 482/4645, time remaining: 2m 9s
Rendered 483/4645, time remaining: 2m 9s
Rendered 484/4645, time remaining: 2m 8s
Rendered 485/4645, time remaining: 2m 8s
Rendered 486/4645, time remaining: 2m 10s
Rendered 487/4645, time remaining: 2m 9s
Rendered 488/4645, time remaining: 2m 9s
Rendered 489/4645, time remaining: 2m 11s
Rendered 490/4645, time remaining: 2m 11s
Rendered 491/4645, time remaining: 2m 8s
Rendered 492/4645, time remaining: 2m 8s
Rendered 493/4645, time remaining: 2m 8s
Rendered 494/4645, time remaining: 2m 10s
Rendered 495/4645, time remaining: 2m 10s
Rendered 496/4645, time remaining: 2m 7s
Rendered 497/4645, time remaining: 2m 8s
Rendered 498/4645, time remaining: 2m 8s
Rendered 499/4645, time remaining: 2m 9s
Rendered 500/4645, time remaining: 2m 9s
Rendered 501/4645, time remaining: 2m 8s
Rendered 502/4645, time remaining: 2m 8s
Rendered 503/4645, time remaining: 2m 9s
Rendered 504/4645, time remaining: 2m 8s
Rendered 505/4645, time remaining: 2m 8s
Rendered 506/4645, time remaining: 2m 8s
Rendered 507/4645, time remaining: 2m 7s
Rendered 508/4645, time remaining: 2m 9s
Rendered 509/4645, time remaining: 2m 9s
Rendered 510/4645, time remaining: 2m 9s
Rendered 511/4645, time remaining: 2m 8s
Rendered 512/4645, time remaining: 2m 8s
Rendered 513/4645, time remaining: 2m 7s
Rendered 514/4645, time remaining: 2m 7s
Rendered 515/4645, time remaining: 2m 7s
Rendered 516/4645, time remaining: 2m 9s
Rendered 517/4645, time remaining: 2m 7s
Rendered 518/4645, time remaining: 2m 7s
Rendered 519/4645, time remaining: 2m 8s
Rendered 520/4645, time remaining: 2m 9s
Rendered 521/4645, time remaining: 2m 7s
Rendered 522/4645, time remaining: 2m 6s
Rendered 523/4645, time remaining: 2m 8s
Rendered 524/4645, time remaining: 2m 8s
Rendered 525/4645, time remaining: 2m 10s
Rendered 526/4645, time remaining: 2m 8s
Rendered 527/4645, time remaining: 2m 8s
Rendered 528/4645, time remaining: 2m 7s
Rendered 529/4645, time remaining: 2m 6s
Rendered 530/4645, time remaining: 2m 9s
Rendered 531/4645, time remaining: 2m 7s
Rendered 532/4645, time remaining: 2m 6s
Rendered 533/4645, time remaining: 2m 8s
Rendered 534/4645, time remaining: 2m 6s
Rendered 535/4645, time remaining: 2m 8s
Rendered 536/4645, time remaining: 2m 8s
Rendered 537/4645, time remaining: 2m 11s
Rendered 538/4645, time remaining: 2m 8s
Rendered 539/4645, time remaining: 2m 7s
Rendered 540/4645, time remaining: 2m 7s
Rendered 541/4645, time remaining: 2m 8s
Rendered 542/4645, time remaining: 2m 6s
Rendered 543/4645, time remaining: 2m 6s
Rendered 544/4645, time remaining: 2m 7s
Rendered 545/4645, time remaining: 2m 10s
Rendered 546/4645, time remaining: 2m 9s
Rendered 547/4645, time remaining: 2m 9s
Rendered 548/4645, time remaining: 2m 11s
Rendered 549/4645, time remaining: 2m 8s
Rendered 550/4645, time remaining: 2m 7s
Rendered 551/4645, time remaining: 2m 7s
Rendered 552/4645, time remaining: 2m 8s
Rendered 553/4645, time remaining: 2m 10s
Rendered 554/4645, time remaining: 2m 12s
Rendered 555/4645, time remaining: 2m 11s
Rendered 556/4645, time remaining: 2m 13s
Rendered 557/4645, time remaining: 2m 12s
Rendered 558/4645, time remaining: 2m 12s
Rendered 559/4645, time remaining: 2m 12s
Rendered 560/4645, time remaining: 2m 12s
Rendered 561/4645, time remaining: 2m 14s
Rendered 562/4645, time remaining: 2m 16s
Rendered 563/4645, time remaining: 2m 16s
Rendered 564/4645, time remaining: 2m 16s
Rendered 565/4645, time remaining: 2m 18s
Rendered 566/4645, time remaining: 2m 16s
Rendered 567/4645, time remaining: 2m 16s
Rendered 568/4645, time remaining: 2m 16s
Rendered 569/4645, time remaining: 2m 16s
Rendered 570/4645, time remaining: 2m 16s
Rendered 571/4645, time remaining: 2m 16s
Rendered 572/4645, time remaining: 2m 16s
Rendered 573/4645, time remaining: 2m 18s
Rendered 574/4645, time remaining: 2m 17s
Rendered 575/4645, time remaining: 2m 17s
Rendered 576/4645, time remaining: 2m 17s
Rendered 577/4645, time remaining: 2m 18s
Rendered 578/4645, time remaining: 2m 17s
Rendered 579/4645, time remaining: 2m 17s
Rendered 580/4645, time remaining: 2m 16s
Rendered 581/4645, time remaining: 2m 17s
Rendered 582/4645, time remaining: 2m 17s
Rendered 583/4645, time remaining: 2m 15s
Rendered 584/4645, time remaining: 2m 16s
Rendered 585/4645, time remaining: 2m 16s
Rendered 586/4645, time remaining: 2m 19s
Rendered 587/4645, time remaining: 2m 17s
Rendered 588/4645, time remaining: 2m 17s
Rendered 589/4645, time remaining: 2m 16s
Rendered 590/4645, time remaining: 2m 14s
Rendered 591/4645, time remaining: 2m 14s
Rendered 592/4645, time remaining: 2m 14s
Rendered 593/4645, time remaining: 2m 14s
Rendered 594/4645, time remaining: 2m 19s
Rendered 595/4645, time remaining: 2m 18s
Rendered 596/4645, time remaining: 2m 16s
Rendered 597/4645, time remaining: 2m 17s
Rendered 598/4645, time remaining: 2m 17s
Rendered 599/4645, time remaining: 2m 16s
Rendered 600/4645, time remaining: 2m 14s
Rendered 601/4645, time remaining: 2m 14s
Rendered 602/4645, time remaining: 2m 18s
Rendered 603/4645, time remaining: 2m 18s
Rendered 604/4645, time remaining: 2m 16s
Rendered 605/4645, time remaining: 2m 15s
Rendered 606/4645, time remaining: 2m 15s
Rendered 607/4645, time remaining: 2m 15s
Rendered 608/4645, time remaining: 2m 14s
Rendered 609/4645, time remaining: 2m 14s
Rendered 610/4645, time remaining: 2m 15s
Rendered 611/4645, time remaining: 2m 17s
Rendered 612/4645, time remaining: 2m 14s
Rendered 613/4645, time remaining: 2m 17s
Rendered 614/4645, time remaining: 2m 17s
Rendered 615/4645, time remaining: 2m 15s
Rendered 616/4645, time remaining: 2m 16s
Rendered 617/4645, time remaining: 2m 15s
Rendered 618/4645, time remaining: 2m 15s
Rendered 619/4645, time remaining: 2m 17s
Rendered 620/4645, time remaining: 2m 13s
Rendered 621/4645, time remaining: 2m 16s
Rendered 622/4645, time remaining: 2m 16s
Rendered 623/4645, time remaining: 2m 15s
Rendered 624/4645, time remaining: 2m 13s
Rendered 625/4645, time remaining: 2m 13s
Rendered 626/4645, time remaining: 2m 14s
Rendered 627/4645, time remaining: 2m 14s
Rendered 628/4645, time remaining: 2m 15s
Rendered 629/4645, time remaining: 2m 16s
Rendered 630/4645, time remaining: 2m 16s
Rendered 631/4645, time remaining: 2m 17s
Rendered 632/4645, time remaining: 2m 15s
Rendered 633/4645, time remaining: 2m 12s
Rendered 634/4645, time remaining: 2m 13s
Rendered 635/4645, time remaining: 2m 15s
Rendered 636/4645, time remaining: 2m 13s
Rendered 637/4645, time remaining: 2m 15s
Rendered 638/4645, time remaining: 2m 15s
Rendered 639/4645, time remaining: 2m 13s
Rendered 640/4645, time remaining: 2m 13s
Rendered 641/4645, time remaining: 2m 11s
Rendered 642/4645, time remaining: 2m 14s
Rendered 643/4645, time remaining: 2m 15s
Rendered 644/4645, time remaining: 2m 14s
Rendered 645/4645, time remaining: 2m 14s
Rendered 646/4645, time remaining: 2m 13s
Rendered 647/4645, time remaining: 2m 12s
Rendered 648/4645, time remaining: 2m 15s
Rendered 649/4645, time remaining: 2m 13s
Rendered 650/4645, time remaining: 2m 14s
Rendered 651/4645, time remaining: 2m 14s
Rendered 652/4645, time remaining: 2m 15s
Rendered 653/4645, time remaining: 2m 14s
Rendered 654/4645, time remaining: 2m 14s
Rendered 655/4645, time remaining: 2m 14s
Rendered 656/4645, time remaining: 2m 14s
Rendered 657/4645, time remaining: 2m 13s
Rendered 658/4645, time remaining: 2m 11s
Rendered 659/4645, time remaining: 2m 12s
Rendered 660/4645, time remaining: 2m 15s
Rendered 661/4645, time remaining: 2m 14s
Rendered 662/4645, time remaining: 2m 14s
Rendered 663/4645, time remaining: 2m 14s
Rendered 664/4645, time remaining: 2m 14s
Rendered 665/4645, time remaining: 2m 12s
Rendered 666/4645, time remaining: 2m 12s
Rendered 667/4645, time remaining: 2m 14s
Rendered 668/4645, time remaining: 2m 14s
Rendered 669/4645, time remaining: 2m 13s
Rendered 670/4645, time remaining: 2m 14s
Rendered 671/4645, time remaining: 2m 14s
Rendered 672/4645, time remaining: 2m 13s
Rendered 673/4645, time remaining: 2m 10s
Rendered 674/4645, time remaining: 2m 14s
Rendered 675/4645, time remaining: 2m 12s
Rendered 676/4645, time remaining: 2m 14s
Rendered 677/4645, time remaining: 2m 14s
Rendered 678/4645, time remaining: 2m 14s
Rendered 679/4645, time remaining: 2m 15s
Rendered 680/4645, time remaining: 2m 11s
Rendered 681/4645, time remaining: 2m 11s
Rendered 682/4645, time remaining: 2m 15s
Rendered 683/4645, time remaining: 2m 13s
Rendered 684/4645, time remaining: 2m 14s
Rendered 685/4645, time remaining: 2m 12s
Rendered 686/4645, time remaining: 2m 12s
Rendered 687/4645, time remaining: 2m 9s
Rendered 688/4645, time remaining: 2m 12s
Rendered 689/4645, time remaining: 2m 12s
Rendered 690/4645, time remaining: 2m 13s
Rendered 691/4645, time remaining: 2m 13s
Rendered 692/4645, time remaining: 2m 13s
Rendered 693/4645, time remaining: 2m 13s
Rendered 694/4645, time remaining: 2m 12s
Rendered 695/4645, time remaining: 2m 9s
Rendered 696/4645, time remaining: 2m 9s
Rendered 697/4645, time remaining: 2m 10s
Rendered 698/4645, time remaining: 2m 12s
Rendered 699/4645, time remaining: 2m 12s
Rendered 700/4645, time remaining: 2m 12s
Rendered 701/4645, time remaining: 2m 14s
Rendered 702/4645, time remaining: 2m 13s
Rendered 703/4645, time remaining: 2m 11s
Rendered 704/4645, time remaining: 2m 9s
Rendered 705/4645, time remaining: 2m 12s
Rendered 706/4645, time remaining: 2m 10s
Rendered 707/4645, time remaining: 2m 13s
Rendered 708/4645, time remaining: 2m 13s
Rendered 709/4645, time remaining: 2m 14s
Rendered 710/4645, time remaining: 2m 14s
Rendered 711/4645, time remaining: 2m 12s
Rendered 712/4645, time remaining: 2m 11s
Rendered 713/4645, time remaining: 2m 11s
Rendered 714/4645, time remaining: 2m 11s
Rendered 715/4645, time remaining: 2m 12s
Rendered 716/4645, time remaining: 2m 12s
Rendered 717/4645, time remaining: 2m 14s
Rendered 718/4645, time remaining: 2m 14s
Rendered 719/4645, time remaining: 2m 11s
Rendered 720/4645, time remaining: 2m 10s
Rendered 721/4645, time remaining: 2m 12s
Rendered 722/4645, time remaining: 2m 12s
Rendered 723/4645, time remaining: 2m 12s
Rendered 724/4645, time remaining: 2m 12s
Rendered 725/4645, time remaining: 2m 12s
Rendered 726/4645, time remaining: 2m 11s
Rendered 727/4645, time remaining: 2m 11s
Rendered 728/4645, time remaining: 2m 10s
Rendered 729/4645, time remaining: 2m 12s
Rendered 730/4645, time remaining: 2m 12s
Rendered 731/4645, time remaining: 2m 12s
Rendered 732/4645, time remaining: 2m 14s
Rendered 733/4645, time remaining: 2m 12s
Rendered 734/4645, time remaining: 2m 10s
Rendered 735/4645, time remaining: 2m 10s
Rendered 736/4645, time remaining: 2m 8s
Rendered 737/4645, time remaining: 2m 10s
Rendered 738/4645, time remaining: 2m 11s
Rendered 739/4645, time remaining: 2m 12s
Rendered 740/4645, time remaining: 2m 13s
Rendered 741/4645, time remaining: 2m 10s
Rendered 742/4645, time remaining: 2m 10s
Rendered 743/4645, time remaining: 2m 11s
Rendered 744/4645, time remaining: 2m 7s
Rendered 745/4645, time remaining: 2m 8s
Rendered 746/4645, time remaining: 2m 10s
Rendered 747/4645, time remaining: 2m 10s
Rendered 748/4645, time remaining: 2m 11s
Rendered 749/4645, time remaining: 2m 9s
Rendered 750/4645, time remaining: 2m 10s
Rendered 751/4645, time remaining: 2m 11s
Rendered 752/4645, time remaining: 2m 8s
Rendered 753/4645, time remaining: 2m 9s
Rendered 754/4645, time remaining: 2m 9s
Rendered 755/4645, time remaining: 2m 8s
Rendered 756/4645, time remaining: 2m 8s
Rendered 757/4645, time remaining: 2m 8s
Rendered 758/4645, time remaining: 2m 9s
Rendered 759/4645, time remaining: 2m 11s
Rendered 760/4645, time remaining: 2m 12s
Rendered 761/4645, time remaining: 2m 10s
Rendered 762/4645, time remaining: 2m 10s
Rendered 763/4645, time remaining: 2m 9s
Rendered 764/4645, time remaining: 2m 9s
Rendered 765/4645, time remaining: 2m 8s
Rendered 766/4645, time remaining: 2m 7s
Rendered 767/4645, time remaining: 2m 10s
Rendered 768/4645, time remaining: 2m 12s
Rendered 769/4645, time remaining: 2m 10s
Rendered 770/4645, time remaining: 2m 9s
Rendered 771/4645, time remaining: 2m 10s
Rendered 772/4645, time remaining: 2m 10s
Rendered 773/4645, time remaining: 2m 10s
Rendered 774/4645, time remaining: 2m 9s
Rendered 775/4645, time remaining: 2m 9s
Rendered 776/4645, time remaining: 2m 8s
Rendered 777/4645, time remaining: 2m 8s
Rendered 778/4645, time remaining: 2m 8s
Rendered 779/4645, time remaining: 2m 8s
Rendered 780/4645, time remaining: 2m 10s
Rendered 781/4645, time remaining: 2m 8s
Rendered 782/4645, time remaining: 2m 8s
Rendered 783/4645, time remaining: 2m 9s
Rendered 784/4645, time remaining: 2m 9s
Rendered 785/4645, time remaining: 2m 10s
Rendered 786/4645, time remaining: 2m 10s
Rendered 787/4645, time remaining: 2m 8s
Rendered 788/4645, time remaining: 2m 8s
Rendered 789/4645, time remaining: 2m 8s
Rendered 790/4645, time remaining: 2m 10s
Rendered 791/4645, time remaining: 2m 11s
Rendered 792/4645, time remaining: 2m 8s
Rendered 793/4645, time remaining: 2m 10s
Rendered 794/4645, time remaining: 2m 8s
Rendered 795/4645, time remaining: 2m 10s
Rendered 796/4645, time remaining: 2m 10s
Rendered 797/4645, time remaining: 2m 9s
Rendered 798/4645, time remaining: 2m 7s
Rendered 799/4645, time remaining: 2m 9s
Rendered 800/4645, time remaining: 2m 8s
Rendered 801/4645, time remaining: 2m 10s
Rendered 802/4645, time remaining: 2m 9s
Rendered 803/4645, time remaining: 2m 10s
Rendered 804/4645, time remaining: 2m 8s
Rendered 805/4645, time remaining: 2m 9s
Rendered 806/4645, time remaining: 2m 9s
Rendered 807/4645, time remaining: 2m 7s
Rendered 808/4645, time remaining: 2m 7s
Rendered 809/4645, time remaining: 2m 8s
Rendered 810/4645, time remaining: 2m 5s
Rendered 811/4645, time remaining: 2m 9s
Rendered 812/4645, time remaining: 2m 8s
Rendered 813/4645, time remaining: 2m 10s
Rendered 814/4645, time remaining: 2m 8s
Rendered 815/4645, time remaining: 2m 9s
Rendered 816/4645, time remaining: 2m 7s
Rendered 817/4645, time remaining: 2m 5s
Rendered 818/4645, time remaining: 2m 7s
Rendered 819/4645, time remaining: 2m 7s
Rendered 820/4645, time remaining: 2m 5s
Rendered 821/4645, time remaining: 2m 8s
Rendered 822/4645, time remaining: 2m 8s
Rendered 823/4645, time remaining: 2m 10s
Rendered 824/4645, time remaining: 2m 6s
Rendered 825/4645, time remaining: 2m 9s
Rendered 826/4645, time remaining: 2m 7s
Rendered 827/4645, time remaining: 2m 7s
Rendered 828/4645, time remaining: 2m 8s
Rendered 829/4645, time remaining: 2m 6s
Rendered 830/4645, time remaining: 2m 7s
Rendered 831/4645, time remaining: 2m 7s
Rendered 832/4645, time remaining: 2m 4s
Rendered 833/4645, time remaining: 2m 8s
Rendered 834/4645, time remaining: 2m 7s
Rendered 835/4645, time remaining: 2m 7s
Rendered 836/4645, time remaining: 2m 8s
Rendered 837/4645, time remaining: 2m 8s
Rendered 838/4645, time remaining: 2m 6s
Rendered 839/4645, time remaining: 2m 6s
Rendered 840/4645, time remaining: 2m 7s
Rendered 841/4645, time remaining: 2m 5s
Rendered 842/4645, time remaining: 2m 6s
Rendered 843/4645, time remaining: 2m 6s
Rendered 844/4645, time remaining: 2m 8s
Rendered 845/4645, time remaining: 2m 9s
Rendered 846/4645, time remaining: 2m 9s
Rendered 847/4645, time remaining: 2m 9s
Rendered 848/4645, time remaining: 2m 5s
Rendered 849/4645, time remaining: 2m 6s
Rendered 850/4645, time remaining: 2m 8s
Rendered 851/4645, time remaining: 2m 6s
Rendered 852/4645, time remaining: 2m 6s
Rendered 853/4645, time remaining: 2m 6s
Rendered 854/4645, time remaining: 2m 7s
Rendered 855/4645, time remaining: 2m 5s
Rendered 856/4645, time remaining: 2m 5s
Rendered 857/4645, time remaining: 2m 5s
Rendered 858/4645, time remaining: 2m 6s
Rendered 859/4645, time remaining: 2m 6s
Rendered 860/4645, time remaining: 2m 6s
Rendered 861/4645, time remaining: 2m 6s
Rendered 862/4645, time remaining: 2m 4s
Rendered 863/4645, time remaining: 2m 4s
Rendered 864/4645, time remaining: 2m 7s
Rendered 865/4645, time remaining: 2m 4s
Rendered 866/4645, time remaining: 2m 4s
Rendered 867/4645, time remaining: 2m 4s
Rendered 868/4645, time remaining: 2m 4s
Rendered 869/4645, time remaining: 2m 6s
Rendered 870/4645, time remaining: 2m 6s
Rendered 871/4645, time remaining: 2m 4s
Rendered 872/4645, time remaining: 2m 4s
Rendered 873/4645, time remaining: 2m 2s
Rendered 874/4645, time remaining: 2m 4s
Rendered 875/4645, time remaining: 2m 6s
Rendered 876/4645, time remaining: 2m 4s
Rendered 877/4645, time remaining: 2m 6s
Rendered 878/4645, time remaining: 2m 7s
Rendered 879/4645, time remaining: 2m 4s
Rendered 880/4645, time remaining: 2m 4s
Rendered 881/4645, time remaining: 2m 4s
Rendered 882/4645, time remaining: 2m 2s
Rendered 883/4645, time remaining: 2m 5s
Rendered 884/4645, time remaining: 2m 4s
Rendered 885/4645, time remaining: 2m 6s
Rendered 886/4645, time remaining: 2m 7s
Rendered 887/4645, time remaining: 2m 4s
Rendered 888/4645, time remaining: 2m 3s
Rendered 889/4645, time remaining: 2m 3s
Rendered 890/4645, time remaining: 2m 5s
Rendered 891/4645, time remaining: 2m 7s
Rendered 892/4645, time remaining: 2m 8s
Rendered 893/4645, time remaining: 2m 8s
Rendered 894/4645, time remaining: 2m 7s
Rendered 895/4645, time remaining: 2m 6s
Rendered 896/4645, time remaining: 2m 4s
Rendered 897/4645, time remaining: 2m 4s
Rendered 898/4645, time remaining: 2m 6s
Rendered 899/4645, time remaining: 2m 6s
Rendered 900/4645, time remaining: 2m 8s
Rendered 901/4645, time remaining: 2m 7s
Rendered 902/4645, time remaining: 2m 6s
Rendered 903/4645, time remaining: 2m 5s
Rendered 904/4645, time remaining: 2m 5s
Rendered 905/4645, time remaining: 2m 6s
Rendered 906/4645, time remaining: 2m 6s
Rendered 907/4645, time remaining: 2m 6s
Rendered 908/4645, time remaining: 2m 8s
Rendered 909/4645, time remaining: 2m 7s
Rendered 910/4645, time remaining: 2m 6s
Rendered 911/4645, time remaining: 2m 6s
Rendered 912/4645, time remaining: 2m 6s
Rendered 913/4645, time remaining: 2m 5s
Rendered 914/4645, time remaining: 2m 5s
Rendered 915/4645, time remaining: 2m 5s
Rendered 916/4645, time remaining: 2m 5s
Rendered 917/4645, time remaining: 2m 7s
Rendered 918/4645, time remaining: 2m 5s
Rendered 919/4645, time remaining: 2m 5s
Rendered 920/4645, time remaining: 2m 6s
Rendered 921/4645, time remaining: 2m 3s
Rendered 922/4645, time remaining: 2m 4s
Rendered 923/4645, time remaining: 2m 6s
Rendered 924/4645, time remaining: 2m 6s
Rendered 925/4645, time remaining: 2m 7s
Rendered 926/4645, time remaining: 2m 7s
Rendered 927/4645, time remaining: 2m 7s
Rendered 928/4645, time remaining: 2m 6s
Rendered 929/4645, time remaining: 2m 5s
Rendered 930/4645, time remaining: 2m 5s
Rendered 931/4645, time remaining: 2m 5s
Rendered 932/4645, time remaining: 2m 5s
Rendered 933/4645, time remaining: 2m 6s
Rendered 934/4645, time remaining: 2m 6s
Rendered 935/4645, time remaining: 2m 3s
Rendered 936/4645, time remaining: 2m 5s
Rendered 937/4645, time remaining: 2m 6s
Rendered 938/4645, time remaining: 2m 5s
Rendered 939/4645, time remaining: 2m 5s
Rendered 940/4645, time remaining: 2m 4s
Rendered 941/4645, time remaining: 2m 6s
Rendered 942/4645, time remaining: 2m 6s
Rendered 943/4645, time remaining: 2m 4s
Rendered 944/4645, time remaining: 2m 5s
Rendered 945/4645, time remaining: 2m 3s
Rendered 946/4645, time remaining: 2m 3s
Rendered 947/4645, time remaining: 2m 3s
Rendered 948/4645, time remaining: 2m 7s
Rendered 949/4645, time remaining: 2m 5s
Rendered 950/4645, time remaining: 2m 5s
Rendered 951/4645, time remaining: 2m 2s
Rendered 952/4645, time remaining: 2m 3s
Rendered 953/4645, time remaining: 2m 4s
Rendered 954/4645, time remaining: 2m 4s
Rendered 955/4645, time remaining: 2m 3s
Rendered 956/4645, time remaining: 2m 3s
Rendered 957/4645, time remaining: 2m 6s
Rendered 958/4645, time remaining: 2m 7s
Rendered 959/4645, time remaining: 2m 5s
Rendered 960/4645, time remaining: 2m 6s
Rendered 961/4645, time remaining: 2m 3s
Rendered 962/4645, time remaining: 2m 3s
Rendered 963/4645, time remaining: 2m 2s
Rendered 964/4645, time remaining: 2m 2s
Rendered 965/4645, time remaining: 2m 4s
Rendered 966/4645, time remaining: 2m 6s
Rendered 967/4645, time remaining: 2m 7s
Rendered 968/4645, time remaining: 2m 5s
Rendered 969/4645, time remaining: 2m 5s
Rendered 970/4645, time remaining: 2m 6s
Rendered 971/4645, time remaining: 2m 4s
Rendered 972/4645, time remaining: 2m 4s
Rendered 973/4645, time remaining: 2m 2s
Rendered 974/4645, time remaining: 2m 5s
Rendered 975/4645, time remaining: 2m 3s
Rendered 976/4645, time remaining: 2m 3s
Rendered 977/4645, time remaining: 2m 4s
Rendered 978/4645, time remaining: 2m 3s
Rendered 979/4645, time remaining: 2m 6s
Rendered 980/4645, time remaining: 2m 6s
Rendered 981/4645, time remaining: 2m 6s
Rendered 982/4645, time remaining: 2m 6s
Rendered 983/4645, time remaining: 2m 2s
Rendered 984/4645, time remaining: 2m 2s
Rendered 985/4645, time remaining: 2m 5s
Rendered 986/4645, time remaining: 2m 3s
Rendered 987/4645, time remaining: 2m 5s
Rendered 988/4645, time remaining: 2m 5s
Rendered 989/4645, time remaining: 2m 5s
Rendered 990/4645, time remaining: 2m 3s
Rendered 991/4645, time remaining: 2m 3s
Rendered 992/4645, time remaining: 2m 5s
Rendered 993/4645, time remaining: 2m 4s
Rendered 994/4645, time remaining: 2m 2s
Rendered 995/4645, time remaining: 2m 5s
Rendered 996/4645, time remaining: 2m 4s
Rendered 997/4645, time remaining: 2m 4s
Rendered 998/4645, time remaining: 2m 3s
Rendered 999/4645, time remaining: 2m 2s
Rendered 1000/4645, time remaining: 2m 2s
Rendered 1001/4645, time remaining: 2m 2s
Rendered 1002/4645, time remaining: 2m 3s
Rendered 1003/4645, time remaining: 2m 5s
Rendered 1004/4645, time remaining: 2m 3s
Rendered 1005/4645, time remaining: 2m 3s
Rendered 1006/4645, time remaining: 2m 3s
Rendered 1007/4645, time remaining: 2m 3s
Rendered 1008/4645, time remaining: 2m 5s
Rendered 1009/4645, time remaining: 2m 4s
Rendered 1010/4645, time remaining: 2m 4s
Rendered 1011/4645, time remaining: 2m 4s
Rendered 1012/4645, time remaining: 2m 6s
Rendered 1013/4645, time remaining: 2m 6s
Rendered 1014/4645, time remaining: 2m 2s
Rendered 1015/4645, time remaining: 2m 4s
Rendered 1016/4645, time remaining: 2m 6s
Rendered 1017/4645, time remaining: 2m 4s
Rendered 1018/4645, time remaining: 2m 6s
Rendered 1019/4645, time remaining: 2m 4s
Rendered 1020/4645, time remaining: 2m 4s
Rendered 1021/4645, time remaining: 2m 4s
Rendered 1022/4645, time remaining: 2m 5s
Rendered 1023/4645, time remaining: 2m 7s
Rendered 1024/4645, time remaining: 2m 6s
Rendered 1025/4645, time remaining: 2m 4s
Rendered 1026/4645, time remaining: 2m 4s
Rendered 1027/4645, time remaining: 2m 3s
Rendered 1028/4645, time remaining: 2m 1s
Rendered 1029/4645, time remaining: 2m 2s
Rendered 1030/4645, time remaining: 2m 3s
Rendered 1031/4645, time remaining: 2m 4s
Rendered 1032/4645, time remaining: 2m 6s
Rendered 1033/4645, time remaining: 2m 4s
Rendered 1034/4645, time remaining: 2m 5s
Rendered 1035/4645, time remaining: 2m 4s
Rendered 1036/4645, time remaining: 2m 4s
Rendered 1037/4645, time remaining: 2m 3s
Rendered 1038/4645, time remaining: 2m 3s
Rendered 1039/4645, time remaining: 2m 3s
Rendered 1040/4645, time remaining: 2m 4s
Rendered 1041/4645, time remaining: 2m 2s
Rendered 1042/4645, time remaining: 2m 2s
Rendered 1043/4645, time remaining: 2m 1s
Rendered 1044/4645, time remaining: 2m 2s
Rendered 1045/4645, time remaining: 2m 2s
Rendered 1046/4645, time remaining: 2m 2s
Rendered 1047/4645, time remaining: 2m 4s
Rendered 1048/4645, time remaining: 2m 2s
Rendered 1049/4645, time remaining: 2m 2s
Rendered 1050/4645, time remaining: 2m 0s
Rendered 1051/4645, time remaining: 2m 1s
Rendered 1052/4645, time remaining: 2m 3s
Rendered 1053/4645, time remaining: 2m 3s
Rendered 1054/4645, time remaining: 2m 2s
Rendered 1055/4645, time remaining: 2m 0s
Rendered 1056/4645, time remaining: 2m 2s
Rendered 1057/4645, time remaining: 2m 2s
Rendered 1058/4645, time remaining: 2m 0s
Rendered 1059/4645, time remaining: 2m 2s
Rendered 1060/4645, time remaining: 2m 0s
Rendered 1061/4645, time remaining: 2m 0s
Rendered 1062/4645, time remaining: 2m 0s
Rendered 1063/4645, time remaining: 2m 0s
Rendered 1064/4645, time remaining: 2m 1s
Rendered 1065/4645, time remaining: 2m 0s
Rendered 1066/4645, time remaining: 2m 2s
Rendered 1067/4645, time remaining: 1m 59s
Rendered 1068/4645, time remaining: 2m 1s
Rendered 1069/4645, time remaining: 2m 0s
Rendered 1070/4645, time remaining: 2m 1s
Rendered 1071/4645, time remaining: 2m 2s
Rendered 1072/4645, time remaining: 2m 2s
Rendered 1073/4645, time remaining: 2m 0s
Rendered 1074/4645, time remaining: 2m 1s
Rendered 1075/4645, time remaining: 1m 59s
Rendered 1076/4645, time remaining: 1m 59s
Rendered 1077/4645, time remaining: 2m 1s
Rendered 1078/4645, time remaining: 2m 1s
Rendered 1079/4645, time remaining: 2m 1s
Rendered 1080/4645, time remaining: 1m 59s
Rendered 1081/4645, time remaining: 2m 1s
Rendered 1082/4645, time remaining: 2m 1s
Rendered 1083/4645, time remaining: 2m 0s
Rendered 1084/4645, time remaining: 2m 1s
Rendered 1085/4645, time remaining: 2m 0s
Rendered 1086/4645, time remaining: 2m 1s
Rendered 1087/4645, time remaining: 2m 0s
Rendered 1088/4645, time remaining: 2m 1s
Rendered 1089/4645, time remaining: 2m 1s
Rendered 1090/4645, time remaining: 2m 1s
Rendered 1091/4645, time remaining: 1m 58s
Rendered 1092/4645, time remaining: 2m 0s
Rendered 1093/4645, time remaining: 2m 0s
Rendered 1094/4645, time remaining: 1m 59s
Rendered 1095/4645, time remaining: 1m 59s
Rendered 1096/4645, time remaining: 2m 2s
Rendered 1097/4645, time remaining: 2m 2s
Rendered 1098/4645, time remaining: 1m 59s
Rendered 1099/4645, time remaining: 1m 59s
Rendered 1100/4645, time remaining: 1m 59s
Rendered 1101/4645, time remaining: 1m 59s
Rendered 1102/4645, time remaining: 2m 1s
Rendered 1103/4645, time remaining: 1m 59s
Rendered 1104/4645, time remaining: 2m 0s
Rendered 1105/4645, time remaining: 2m 0s
Rendered 1106/4645, time remaining: 2m 1s
Rendered 1107/4645, time remaining: 1m 58s
Rendered 1108/4645, time remaining: 1m 58s
Rendered 1109/4645, time remaining: 1m 58s
Rendered 1110/4645, time remaining: 2m 0s
Rendered 1111/4645, time remaining: 2m 1s
Rendered 1112/4645, time remaining: 2m 1s
Rendered 1113/4645, time remaining: 2m 1s
Rendered 1114/4645, time remaining: 2m 1s
Rendered 1115/4645, time remaining: 2m 1s
Rendered 1116/4645, time remaining: 1m 59s
Rendered 1117/4645, time remaining: 1m 58s
Rendered 1118/4645, time remaining: 1m 58s
Rendered 1119/4645, time remaining: 2m 1s
Rendered 1120/4645, time remaining: 2m 1s
Rendered 1121/4645, time remaining: 2m 1s
Rendered 1122/4645, time remaining: 2m 1s
Rendered 1123/4645, time remaining: 2m 1s
Rendered 1124/4645, time remaining: 1m 58s
Rendered 1125/4645, time remaining: 1m 58s
Rendered 1126/4645, time remaining: 1m 59s
Rendered 1127/4645, time remaining: 2m 2s
Rendered 1128/4645, time remaining: 2m 2s
Rendered 1129/4645, time remaining: 2m 0s
Rendered 1130/4645, time remaining: 2m 0s
Rendered 1131/4645, time remaining: 2m 2s
Rendered 1132/4645, time remaining: 2m 1s
Rendered 1133/4645, time remaining: 2m 1s
Rendered 1134/4645, time remaining: 2m 1s
Rendered 1135/4645, time remaining: 2m 1s
Rendered 1136/4645, time remaining: 2m 1s
Rendered 1137/4645, time remaining: 1m 59s
Rendered 1138/4645, time remaining: 2m 2s
Rendered 1139/4645, time remaining: 2m 2s
Rendered 1140/4645, time remaining: 2m 1s
Rendered 1141/4645, time remaining: 2m 2s
Rendered 1142/4645, time remaining: 2m 2s
Rendered 1143/4645, time remaining: 2m 2s
Rendered 1144/4645, time remaining: 2m 2s
Rendered 1145/4645, time remaining: 1m 59s
Rendered 1146/4645, time remaining: 2m 0s
Rendered 1147/4645, time remaining: 2m 2s
Rendered 1148/4645, time remaining: 2m 2s
Rendered 1149/4645, time remaining: 2m 1s
Rendered 1150/4645, time remaining: 2m 1s
Rendered 1151/4645, time remaining: 2m 1s
Rendered 1152/4645, time remaining: 2m 1s
Rendered 1153/4645, time remaining: 2m 0s
Rendered 1154/4645, time remaining: 2m 2s
Rendered 1155/4645, time remaining: 2m 2s
Rendered 1156/4645, time remaining: 2m 4s
Rendered 1157/4645, time remaining: 2m 1s
Rendered 1158/4645, time remaining: 1m 59s
Rendered 1159/4645, time remaining: 1m 58s
Rendered 1160/4645, time remaining: 1m 58s
Rendered 1161/4645, time remaining: 2m 0s
Rendered 1162/4645, time remaining: 1m 59s
Rendered 1163/4645, time remaining: 1m 59s
Rendered 1164/4645, time remaining: 2m 3s
Rendered 1165/4645, time remaining: 2m 1s
Rendered 1166/4645, time remaining: 2m 0s
Rendered 1167/4645, time remaining: 2m 0s
Rendered 1168/4645, time remaining: 1m 58s
Rendered 1169/4645, time remaining: 2m 0s
Rendered 1170/4645, time remaining: 2m 0s
Rendered 1171/4645, time remaining: 1m 59s
Rendered 1172/4645, time remaining: 2m 1s
Rendered 1173/4645, time remaining: 2m 0s
Rendered 1174/4645, time remaining: 1m 59s
Rendered 1175/4645, time remaining: 2m 0s
Rendered 1176/4645, time remaining: 2m 0s
Rendered 1177/4645, time remaining: 1m 59s
Rendered 1178/4645, time remaining: 2m 2s
Rendered 1179/4645, time remaining: 2m 2s
Rendered 1180/4645, time remaining: 2m 1s
Rendered 1181/4645, time remaining: 2m 0s
Rendered 1182/4645, time remaining: 1m 58s
Rendered 1183/4645, time remaining: 1m 59s
Rendered 1184/4645, time remaining: 1m 59s
Rendered 1185/4645, time remaining: 1m 59s
Rendered 1186/4645, time remaining: 2m 0s
Rendered 1187/4645, time remaining: 2m 1s
Rendered 1188/4645, time remaining: 2m 1s
Rendered 1189/4645, time remaining: 2m 1s
Rendered 1190/4645, time remaining: 1m 59s
Rendered 1191/4645, time remaining: 2m 1s
Rendered 1192/4645, time remaining: 2m 1s
Rendered 1193/4645, time remaining: 2m 1s
Rendered 1194/4645, time remaining: 2m 0s
Rendered 1195/4645, time remaining: 2m 2s
Rendered 1196/4645, time remaining: 2m 2s
Rendered 1197/4645, time remaining: 1m 59s
Rendered 1198/4645, time remaining: 1m 59s
Rendered 1199/4645, time remaining: 1m 59s
Rendered 1200/4645, time remaining: 2m 0s
Rendered 1201/4645, time remaining: 2m 1s
Rendered 1202/4645, time remaining: 2m 0s
Rendered 1203/4645, time remaining: 2m 0s
Rendered 1204/4645, time remaining: 2m 0s
Rendered 1205/4645, time remaining: 2m 1s
Rendered 1206/4645, time remaining: 2m 0s
Rendered 1207/4645, time remaining: 2m 0s
Rendered 1208/4645, time remaining: 2m 1s
Rendered 1209/4645, time remaining: 1m 59s
Rendered 1210/4645, time remaining: 1m 59s
Rendered 1211/4645, time remaining: 1m 59s
Rendered 1212/4645, time remaining: 1m 59s
Rendered 1213/4645, time remaining: 2m 2s
Rendered 1214/4645, time remaining: 2m 1s
Rendered 1215/4645, time remaining: 2m 1s
Rendered 1216/4645, time remaining: 2m 0s
Rendered 1217/4645, time remaining: 2m 2s
Rendered 1218/4645, time remaining: 2m 0s
Rendered 1219/4645, time remaining: 2m 1s
Rendered 1220/4645, time remaining: 2m 0s
Rendered 1221/4645, time remaining: 1m 59s
Rendered 1222/4645, time remaining: 2m 0s
Rendered 1223/4645, time remaining: 2m 0s
Rendered 1224/4645, time remaining: 1m 59s
Rendered 1225/4645, time remaining: 2m 1s
Rendered 1226/4645, time remaining: 2m 1s
Rendered 1227/4645, time remaining: 2m 1s
Rendered 1228/4645, time remaining: 2m 0s
Rendered 1229/4645, time remaining: 2m 0s
Rendered 1230/4645, time remaining: 2m 0s
Rendered 1231/4645, time remaining: 1m 59s
Rendered 1232/4645, time remaining: 1m 59s
Rendered 1233/4645, time remaining: 2m 1s
Rendered 1234/4645, time remaining: 2m 0s
Rendered 1235/4645, time remaining: 2m 2s
Rendered 1236/4645, time remaining: 2m 0s
Rendered 1237/4645, time remaining: 1m 59s
Rendered 1238/4645, time remaining: 1m 58s
Rendered 1239/4645, time remaining: 2m 0s
Rendered 1240/4645, time remaining: 2m 0s
Rendered 1241/4645, time remaining: 2m 0s
Rendered 1242/4645, time remaining: 2m 1s
Rendered 1243/4645, time remaining: 2m 0s
Rendered 1244/4645, time remaining: 2m 1s
Rendered 1245/4645, time remaining: 2m 0s
Rendered 1246/4645, time remaining: 1m 58s
Rendered 1247/4645, time remaining: 1m 59s
Rendered 1248/4645, time remaining: 1m 59s
Rendered 1249/4645, time remaining: 1m 59s
Rendered 1250/4645, time remaining: 2m 2s
Rendered 1251/4645, time remaining: 2m 1s
Rendered 1252/4645, time remaining: 2m 1s
Rendered 1253/4645, time remaining: 2m 1s
Rendered 1254/4645, time remaining: 1m 59s
Rendered 1255/4645, time remaining: 1m 59s
Rendered 1256/4645, time remaining: 2m 1s
Rendered 1257/4645, time remaining: 2m 1s
Rendered 1258/4645, time remaining: 2m 1s
Rendered 1259/4645, time remaining: 2m 1s
Rendered 1260/4645, time remaining: 1m 59s
Rendered 1261/4645, time remaining: 1m 58s
Rendered 1262/4645, time remaining: 1m 58s
Rendered 1263/4645, time remaining: 1m 58s
Rendered 1264/4645, time remaining: 2m 1s
Rendered 1265/4645, time remaining: 1m 59s
Rendered 1266/4645, time remaining: 1m 59s
Rendered 1267/4645, time remaining: 1m 59s
Rendered 1268/4645, time remaining: 2m 2s
Rendered 1269/4645, time remaining: 1m 59s
Rendered 1270/4645, time remaining: 1m 59s
Rendered 1271/4645, time remaining: 1m 58s
Rendered 1272/4645, time remaining: 1m 59s
Rendered 1273/4645, time remaining: 1m 59s
Rendered 1274/4645, time remaining: 1m 59s
Rendered 1275/4645, time remaining: 2m 2s
Rendered 1276/4645, time remaining: 2m 1s
Rendered 1277/4645, time remaining: 1m 57s
Rendered 1278/4645, time remaining: 1m 57s
Rendered 1279/4645, time remaining: 1m 58s
Rendered 1280/4645, time remaining: 1m 58s
Rendered 1281/4645, time remaining: 1m 56s
Rendered 1282/4645, time remaining: 1m 58s
Rendered 1283/4645, time remaining: 2m 0s
Rendered 1284/4645, time remaining: 2m 0s
Rendered 1285/4645, time remaining: 1m 58s
Rendered 1286/4645, time remaining: 1m 57s
Rendered 1287/4645, time remaining: 2m 0s
Rendered 1288/4645, time remaining: 1m 56s
Rendered 1289/4645, time remaining: 1m 57s
Rendered 1290/4645, time remaining: 1m 57s
Rendered 1291/4645, time remaining: 1m 59s
Rendered 1292/4645, time remaining: 1m 57s
Rendered 1293/4645, time remaining: 1m 57s
Rendered 1294/4645, time remaining: 1m 57s
Rendered 1295/4645, time remaining: 1m 59s
Rendered 1296/4645, time remaining: 1m 59s
Rendered 1297/4645, time remaining: 1m 57s
Rendered 1298/4645, time remaining: 1m 57s
Rendered 1299/4645, time remaining: 1m 58s
Rendered 1300/4645, time remaining: 1m 56s
Rendered 1301/4645, time remaining: 1m 56s
Rendered 1302/4645, time remaining: 1m 56s
Rendered 1303/4645, time remaining: 1m 59s
Rendered 1304/4645, time remaining: 1m 57s
Rendered 1305/4645, time remaining: 1m 57s
Rendered 1306/4645, time remaining: 1m 57s
Rendered 1307/4645, time remaining: 1m 57s
Rendered 1308/4645, time remaining: 1m 57s
Rendered 1309/4645, time remaining: 1m 57s
Rendered 1310/4645, time remaining: 1m 58s
Rendered 1311/4645, time remaining: 1m 59s
Rendered 1312/4645, time remaining: 1m 59s
Rendered 1313/4645, time remaining: 1m 58s
Rendered 1314/4645, time remaining: 1m 56s
Rendered 1315/4645, time remaining: 1m 56s
Rendered 1316/4645, time remaining: 1m 56s
Rendered 1317/4645, time remaining: 1m 55s
Rendered 1318/4645, time remaining: 1m 57s
Rendered 1319/4645, time remaining: 1m 56s
Rendered 1320/4645, time remaining: 1m 56s
Rendered 1321/4645, time remaining: 1m 57s
Rendered 1322/4645, time remaining: 1m 56s
Rendered 1323/4645, time remaining: 1m 55s
Rendered 1324/4645, time remaining: 1m 56s
Rendered 1325/4645, time remaining: 1m 55s
Rendered 1326/4645, time remaining: 1m 57s
Rendered 1327/4645, time remaining: 1m 57s
Rendered 1328/4645, time remaining: 1m 54s
Rendered 1329/4645, time remaining: 1m 54s
Rendered 1330/4645, time remaining: 1m 57s
Rendered 1331/4645, time remaining: 1m 57s
Rendered 1332/4645, time remaining: 1m 57s
Rendered 1333/4645, time remaining: 1m 55s
Rendered 1334/4645, time remaining: 1m 57s
Rendered 1335/4645, time remaining: 1m 56s
Rendered 1336/4645, time remaining: 1m 54s
Rendered 1337/4645, time remaining: 1m 54s
Rendered 1338/4645, time remaining: 1m 57s
Rendered 1339/4645, time remaining: 1m 57s
Rendered 1340/4645, time remaining: 1m 56s
Rendered 1341/4645, time remaining: 1m 53s
Rendered 1342/4645, time remaining: 1m 54s
Rendered 1343/4645, time remaining: 1m 53s
Rendered 1344/4645, time remaining: 1m 53s
Rendered 1345/4645, time remaining: 1m 54s
Rendered 1346/4645, time remaining: 1m 57s
Rendered 1347/4645, time remaining: 1m 57s
Rendered 1348/4645, time remaining: 1m 56s
Rendered 1349/4645, time remaining: 1m 56s
Rendered 1350/4645, time remaining: 1m 55s
Rendered 1351/4645, time remaining: 1m 53s
Rendered 1352/4645, time remaining: 1m 56s
Rendered 1353/4645, time remaining: 1m 56s
Rendered 1354/4645, time remaining: 1m 56s
Rendered 1355/4645, time remaining: 1m 55s
Rendered 1356/4645, time remaining: 1m 54s
Rendered 1357/4645, time remaining: 1m 55s
Rendered 1358/4645, time remaining: 1m 54s
Rendered 1359/4645, time remaining: 1m 54s
Rendered 1360/4645, time remaining: 1m 57s
Rendered 1361/4645, time remaining: 1m 57s
Rendered 1362/4645, time remaining: 1m 56s
Rendered 1363/4645, time remaining: 1m 54s
Rendered 1364/4645, time remaining: 1m 54s
Rendered 1365/4645, time remaining: 1m 54s
Rendered 1366/4645, time remaining: 1m 56s
Rendered 1367/4645, time remaining: 1m 53s
Rendered 1368/4645, time remaining: 1m 54s
Rendered 1369/4645, time remaining: 1m 55s
Rendered 1370/4645, time remaining: 1m 55s
Rendered 1371/4645, time remaining: 1m 55s
Rendered 1372/4645, time remaining: 1m 53s
Rendered 1373/4645, time remaining: 1m 54s
Rendered 1374/4645, time remaining: 1m 54s
Rendered 1375/4645, time remaining: 1m 53s
Rendered 1376/4645, time remaining: 1m 55s
Rendered 1377/4645, time remaining: 1m 54s
Rendered 1378/4645, time remaining: 1m 54s
Rendered 1379/4645, time remaining: 1m 54s
Rendered 1380/4645, time remaining: 1m 54s
Rendered 1381/4645, time remaining: 1m 54s
Rendered 1382/4645, time remaining: 1m 54s
Rendered 1383/4645, time remaining: 1m 51s
Rendered 1384/4645, time remaining: 1m 55s
Rendered 1385/4645, time remaining: 1m 54s
Rendered 1386/4645, time remaining: 1m 54s
Rendered 1387/4645, time remaining: 1m 55s
Rendered 1388/4645, time remaining: 1m 55s
Rendered 1389/4645, time remaining: 1m 52s
Rendered 1390/4645, time remaining: 1m 52s
Rendered 1391/4645, time remaining: 1m 54s
Rendered 1392/4645, time remaining: 1m 53s
Rendered 1393/4645, time remaining: 1m 53s
Rendered 1394/4645, time remaining: 1m 54s
Rendered 1395/4645, time remaining: 1m 54s
Rendered 1396/4645, time remaining: 1m 54s
Rendered 1397/4645, time remaining: 1m 52s
Rendered 1398/4645, time remaining: 1m 54s
Rendered 1399/4645, time remaining: 1m 55s
Rendered 1400/4645, time remaining: 1m 53s
Rendered 1401/4645, time remaining: 1m 53s
Rendered 1402/4645, time remaining: 1m 52s
Rendered 1403/4645, time remaining: 1m 52s
Rendered 1404/4645, time remaining: 1m 52s
Rendered 1405/4645, time remaining: 1m 52s
Rendered 1406/4645, time remaining: 1m 51s
Rendered 1407/4645, time remaining: 1m 51s
Rendered 1408/4645, time remaining: 1m 51s
Rendered 1409/4645, time remaining: 1m 51s
Rendered 1410/4645, time remaining: 1m 53s
Rendered 1411/4645, time remaining: 1m 53s
Rendered 1412/4645, time remaining: 1m 53s
Rendered 1413/4645, time remaining: 1m 54s
Rendered 1414/4645, time remaining: 1m 51s
Rendered 1415/4645, time remaining: 1m 51s
Rendered 1416/4645, time remaining: 1m 51s
Rendered 1417/4645, time remaining: 1m 52s
Rendered 1418/4645, time remaining: 1m 52s
Rendered 1419/4645, time remaining: 1m 52s
Rendered 1420/4645, time remaining: 1m 52s
Rendered 1421/4645, time remaining: 1m 53s
Rendered 1422/4645, time remaining: 1m 51s
Rendered 1423/4645, time remaining: 1m 51s
Rendered 1424/4645, time remaining: 1m 51s
Rendered 1425/4645, time remaining: 1m 50s
Rendered 1426/4645, time remaining: 1m 50s
Rendered 1427/4645, time remaining: 1m 50s
Rendered 1428/4645, time remaining: 1m 53s
Rendered 1429/4645, time remaining: 1m 51s
Rendered 1430/4645, time remaining: 1m 52s
Rendered 1431/4645, time remaining: 1m 52s
Rendered 1432/4645, time remaining: 1m 51s
Rendered 1433/4645, time remaining: 1m 49s
Rendered 1434/4645, time remaining: 1m 49s
Rendered 1435/4645, time remaining: 1m 49s
Rendered 1436/4645, time remaining: 1m 53s
Rendered 1437/4645, time remaining: 1m 51s
Rendered 1438/4645, time remaining: 1m 51s
Rendered 1439/4645, time remaining: 1m 50s
Rendered 1440/4645, time remaining: 1m 51s
Rendered 1441/4645, time remaining: 1m 49s
Rendered 1442/4645, time remaining: 1m 50s
Rendered 1443/4645, time remaining: 1m 52s
Rendered 1444/4645, time remaining: 1m 52s
Rendered 1445/4645, time remaining: 1m 49s
Rendered 1446/4645, time remaining: 1m 49s
Rendered 1447/4645, time remaining: 1m 49s
Rendered 1448/4645, time remaining: 1m 49s
Rendered 1449/4645, time remaining: 1m 49s
Rendered 1450/4645, time remaining: 1m 51s
Rendered 1451/4645, time remaining: 1m 52s
Rendered 1452/4645, time remaining: 1m 51s
Rendered 1453/4645, time remaining: 1m 49s
Rendered 1454/4645, time remaining: 1m 49s
Rendered 1455/4645, time remaining: 1m 48s
Rendered 1456/4645, time remaining: 1m 47s
Rendered 1457/4645, time remaining: 1m 49s
Rendered 1458/4645, time remaining: 1m 49s
Rendered 1459/4645, time remaining: 1m 51s
Rendered 1460/4645, time remaining: 1m 49s
Rendered 1461/4645, time remaining: 1m 47s
Rendered 1462/4645, time remaining: 1m 47s
Rendered 1463/4645, time remaining: 1m 48s
Rendered 1464/4645, time remaining: 1m 47s
Rendered 1465/4645, time remaining: 1m 49s
Rendered 1466/4645, time remaining: 1m 50s
Rendered 1467/4645, time remaining: 1m 52s
Rendered 1468/4645, time remaining: 1m 49s
Rendered 1469/4645, time remaining: 1m 49s
Rendered 1470/4645, time remaining: 1m 49s
Rendered 1471/4645, time remaining: 1m 48s
Rendered 1472/4645, time remaining: 1m 46s
Rendered 1473/4645, time remaining: 1m 48s
Rendered 1474/4645, time remaining: 1m 47s
Rendered 1475/4645, time remaining: 1m 49s
Rendered 1476/4645, time remaining: 1m 49s
Rendered 1477/4645, time remaining: 1m 49s
Rendered 1478/4645, time remaining: 1m 49s
Rendered 1479/4645, time remaining: 1m 49s
Rendered 1480/4645, time remaining: 1m 45s
Rendered 1481/4645, time remaining: 1m 47s
Rendered 1482/4645, time remaining: 1m 48s
Rendered 1483/4645, time remaining: 1m 49s
Rendered 1484/4645, time remaining: 1m 47s
Rendered 1485/4645, time remaining: 1m 48s
Rendered 1486/4645, time remaining: 1m 49s
Rendered 1487/4645, time remaining: 1m 49s
Rendered 1488/4645, time remaining: 1m 47s
Rendered 1489/4645, time remaining: 1m 47s
Rendered 1490/4645, time remaining: 1m 47s
Rendered 1491/4645, time remaining: 1m 47s
Rendered 1492/4645, time remaining: 1m 48s
Rendered 1493/4645, time remaining: 1m 48s
Rendered 1494/4645, time remaining: 1m 49s
Rendered 1495/4645, time remaining: 1m 47s
Rendered 1496/4645, time remaining: 1m 46s
Rendered 1497/4645, time remaining: 1m 46s
Rendered 1498/4645, time remaining: 1m 47s
Rendered 1499/4645, time remaining: 1m 46s
Rendered 1500/4645, time remaining: 1m 47s
Rendered 1501/4645, time remaining: 1m 47s
Rendered 1502/4645, time remaining: 1m 44s
Rendered 1503/4645, time remaining: 1m 45s
Rendered 1504/4645, time remaining: 1m 48s
Rendered 1505/4645, time remaining: 1m 47s
Rendered 1506/4645, time remaining: 1m 48s
Rendered 1507/4645, time remaining: 1m 47s
Rendered 1508/4645, time remaining: 1m 46s
Rendered 1509/4645, time remaining: 1m 46s
Rendered 1510/4645, time remaining: 1m 45s
Rendered 1511/4645, time remaining: 1m 46s
Rendered 1512/4645, time remaining: 1m 47s
Rendered 1513/4645, time remaining: 1m 46s
Rendered 1514/4645, time remaining: 1m 46s
Rendered 1515/4645, time remaining: 1m 47s
Rendered 1516/4645, time remaining: 1m 45s
Rendered 1517/4645, time remaining: 1m 45s
Rendered 1518/4645, time remaining: 1m 47s
Rendered 1519/4645, time remaining: 1m 45s
Rendered 1520/4645, time remaining: 1m 46s
Rendered 1521/4645, time remaining: 1m 46s
Rendered 1522/4645, time remaining: 1m 46s
Rendered 1523/4645, time remaining: 1m 47s
Rendered 1524/4645, time remaining: 1m 47s
Rendered 1525/4645, time remaining: 1m 48s
Rendered 1526/4645, time remaining: 1m 46s
Rendered 1527/4645, time remaining: 1m 44s
Rendered 1528/4645, time remaining: 1m 44s
Rendered 1529/4645, time remaining: 1m 46s
Rendered 1530/4645, time remaining: 1m 46s
Rendered 1531/4645, time remaining: 1m 47s
Rendered 1532/4645, time remaining: 1m 47s
Rendered 1533/4645, time remaining: 1m 47s
Rendered 1534/4645, time remaining: 1m 44s
Rendered 1535/4645, time remaining: 1m 45s
Rendered 1536/4645, time remaining: 1m 45s
Rendered 1537/4645, time remaining: 1m 45s
Rendered 1538/4645, time remaining: 1m 46s
Rendered 1539/4645, time remaining: 1m 46s
Rendered 1540/4645, time remaining: 1m 46s
Rendered 1541/4645, time remaining: 1m 44s
Rendered 1542/4645, time remaining: 1m 44s
Rendered 1543/4645, time remaining: 1m 47s
Rendered 1544/4645, time remaining: 1m 46s
Rendered 1545/4645, time remaining: 1m 46s
Rendered 1546/4645, time remaining: 1m 48s
Rendered 1547/4645, time remaining: 1m 48s
Rendered 1548/4645, time remaining: 1m 46s
Rendered 1549/4645, time remaining: 1m 45s
Rendered 1550/4645, time remaining: 1m 45s
Rendered 1551/4645, time remaining: 1m 47s
Rendered 1552/4645, time remaining: 1m 46s
Rendered 1553/4645, time remaining: 1m 46s
Rendered 1554/4645, time remaining: 1m 47s
Rendered 1555/4645, time remaining: 1m 47s
Rendered 1556/4645, time remaining: 1m 45s
Rendered 1557/4645, time remaining: 1m 45s
Rendered 1558/4645, time remaining: 1m 47s
Rendered 1559/4645, time remaining: 1m 48s
Rendered 1560/4645, time remaining: 1m 45s
Rendered 1561/4645, time remaining: 1m 45s
Rendered 1562/4645, time remaining: 1m 45s
Rendered 1563/4645, time remaining: 1m 44s
Rendered 1564/4645, time remaining: 1m 47s
Rendered 1565/4645, time remaining: 1m 47s
Rendered 1566/4645, time remaining: 1m 47s
Rendered 1567/4645, time remaining: 1m 45s
Rendered 1568/4645, time remaining: 1m 44s
Rendered 1569/4645, time remaining: 1m 44s
Rendered 1570/4645, time remaining: 1m 46s
Rendered 1571/4645, time remaining: 1m 45s
Rendered 1572/4645, time remaining: 1m 47s
Rendered 1573/4645, time remaining: 1m 47s
Rendered 1574/4645, time remaining: 1m 47s
Rendered 1575/4645, time remaining: 1m 45s
Rendered 1576/4645, time remaining: 1m 46s
Rendered 1577/4645, time remaining: 1m 46s
Rendered 1578/4645, time remaining: 1m 43s
Rendered 1579/4645, time remaining: 1m 43s
Rendered 1580/4645, time remaining: 1m 46s
Rendered 1581/4645, time remaining: 1m 47s
Rendered 1582/4645, time remaining: 1m 45s
Rendered 1583/4645, time remaining: 1m 45s
Rendered 1584/4645, time remaining: 1m 47s
Rendered 1585/4645, time remaining: 1m 47s
Rendered 1586/4645, time remaining: 1m 43s
Rendered 1587/4645, time remaining: 1m 45s
Rendered 1588/4645, time remaining: 1m 47s
Rendered 1589/4645, time remaining: 1m 47s
Rendered 1590/4645, time remaining: 1m 46s
Rendered 1591/4645, time remaining: 1m 45s
Rendered 1592/4645, time remaining: 1m 47s
Rendered 1593/4645, time remaining: 1m 45s
Rendered 1594/4645, time remaining: 1m 45s
Rendered 1595/4645, time remaining: 1m 46s
Rendered 1596/4645, time remaining: 1m 46s
Rendered 1597/4645, time remaining: 1m 46s
Rendered 1598/4645, time remaining: 1m 45s
Rendered 1599/4645, time remaining: 1m 47s
Rendered 1600/4645, time remaining: 1m 46s
Rendered 1601/4645, time remaining: 1m 45s
Rendered 1602/4645, time remaining: 1m 45s
Rendered 1603/4645, time remaining: 1m 45s
Rendered 1604/4645, time remaining: 1m 46s
Rendered 1605/4645, time remaining: 1m 47s
Rendered 1606/4645, time remaining: 1m 46s
Rendered 1607/4645, time remaining: 1m 45s
Rendered 1608/4645, time remaining: 1m 45s
Rendered 1609/4645, time remaining: 1m 45s
Rendered 1610/4645, time remaining: 1m 46s
Rendered 1611/4645, time remaining: 1m 45s
Rendered 1612/4645, time remaining: 1m 46s
Rendered 1613/4645, time remaining: 1m 46s
Rendered 1614/4645, time remaining: 1m 46s
Rendered 1615/4645, time remaining: 1m 45s
Rendered 1616/4645, time remaining: 1m 44s
Rendered 1617/4645, time remaining: 1m 44s
Rendered 1618/4645, time remaining: 1m 45s
Rendered 1619/4645, time remaining: 1m 45s
Rendered 1620/4645, time remaining: 1m 45s
Rendered 1621/4645, time remaining: 1m 47s
Rendered 1622/4645, time remaining: 1m 47s
Rendered 1623/4645, time remaining: 1m 45s
Rendered 1624/4645, time remaining: 1m 46s
Rendered 1625/4645, time remaining: 1m 45s
Rendered 1626/4645, time remaining: 1m 44s
Rendered 1627/4645, time remaining: 1m 44s
Rendered 1628/4645, time remaining: 1m 44s
Rendered 1629/4645, time remaining: 1m 46s
Rendered 1630/4645, time remaining: 1m 46s
Rendered 1631/4645, time remaining: 1m 45s
Rendered 1632/4645, time remaining: 1m 46s
Rendered 1633/4645, time remaining: 1m 45s
Rendered 1634/4645, time remaining: 1m 45s
Rendered 1635/4645, time remaining: 1m 44s
Rendered 1636/4645, time remaining: 1m 45s
Rendered 1637/4645, time remaining: 1m 45s
Rendered 1638/4645, time remaining: 1m 44s
Rendered 1639/4645, time remaining: 1m 45s
Rendered 1640/4645, time remaining: 1m 45s
Rendered 1641/4645, time remaining: 1m 46s
Rendered 1642/4645, time remaining: 1m 45s
Rendered 1643/4645, time remaining: 1m 45s
Rendered 1644/4645, time remaining: 1m 46s
Rendered 1645/4645, time remaining: 1m 47s
Rendered 1646/4645, time remaining: 1m 45s
Rendered 1647/4645, time remaining: 1m 45s
Rendered 1648/4645, time remaining: 1m 45s
Rendered 1649/4645, time remaining: 1m 46s
Rendered 1650/4645, time remaining: 1m 45s
Rendered 1651/4645, time remaining: 1m 45s
Rendered 1652/4645, time remaining: 1m 46s
Rendered 1653/4645, time remaining: 1m 47s
Rendered 1654/4645, time remaining: 1m 44s
Rendered 1655/4645, time remaining: 1m 44s
Rendered 1656/4645, time remaining: 1m 44s
Rendered 1657/4645, time remaining: 1m 44s
Rendered 1658/4645, time remaining: 1m 46s
Rendered 1659/4645, time remaining: 1m 45s
Rendered 1660/4645, time remaining: 1m 45s
Rendered 1661/4645, time remaining: 1m 46s
Rendered 1662/4645, time remaining: 1m 44s
Rendered 1663/4645, time remaining: 1m 44s
Rendered 1664/4645, time remaining: 1m 44s
Rendered 1665/4645, time remaining: 1m 44s
Rendered 1666/4645, time remaining: 1m 44s
Rendered 1667/4645, time remaining: 1m 47s
Rendered 1668/4645, time remaining: 1m 45s
Rendered 1669/4645, time remaining: 1m 45s
Rendered 1670/4645, time remaining: 1m 44s
Rendered 1671/4645, time remaining: 1m 43s
Rendered 1672/4645, time remaining: 1m 44s
Rendered 1673/4645, time remaining: 1m 42s
Rendered 1674/4645, time remaining: 1m 43s
Rendered 1675/4645, time remaining: 1m 45s
Rendered 1676/4645, time remaining: 1m 45s
Rendered 1677/4645, time remaining: 1m 45s
Rendered 1678/4645, time remaining: 1m 45s
Rendered 1679/4645, time remaining: 1m 44s
Rendered 1680/4645, time remaining: 1m 44s
Rendered 1681/4645, time remaining: 1m 42s
Rendered 1682/4645, time remaining: 1m 42s
Rendered 1683/4645, time remaining: 1m 42s
Rendered 1684/4645, time remaining: 1m 42s
Rendered 1685/4645, time remaining: 1m 41s
Rendered 1686/4645, time remaining: 1m 41s
Rendered 1687/4645, time remaining: 1m 40s
Rendered 1688/4645, time remaining: 1m 39s
Rendered 1689/4645, time remaining: 1m 39s
Rendered 1690/4645, time remaining: 1m 39s
Rendered 1691/4645, time remaining: 1m 39s
Rendered 1692/4645, time remaining: 1m 38s
Rendered 1693/4645, time remaining: 1m 36s
Rendered 1694/4645, time remaining: 1m 36s
Rendered 1695/4645, time remaining: 1m 35s
Rendered 1696/4645, time remaining: 1m 34s
Rendered 1697/4645, time remaining: 1m 34s
Rendered 1698/4645, time remaining: 1m 34s
Rendered 1699/4645, time remaining: 1m 37s
Rendered 1700/4645, time remaining: 1m 37s
Rendered 1701/4645, time remaining: 1m 35s
Rendered 1702/4645, time remaining: 1m 35s
Rendered 1703/4645, time remaining: 1m 36s
Rendered 1704/4645, time remaining: 1m 34s
Rendered 1705/4645, time remaining: 1m 34s
Rendered 1706/4645, time remaining: 1m 36s
Rendered 1707/4645, time remaining: 1m 38s
Rendered 1708/4645, time remaining: 1m 36s
Rendered 1709/4645, time remaining: 1m 35s
Rendered 1710/4645, time remaining: 1m 36s
Rendered 1711/4645, time remaining: 1m 36s
Rendered 1712/4645, time remaining: 1m 36s
Rendered 1713/4645, time remaining: 1m 36s
Rendered 1714/4645, time remaining: 1m 33s
Rendered 1715/4645, time remaining: 1m 36s
Rendered 1716/4645, time remaining: 1m 36s
Rendered 1717/4645, time remaining: 1m 36s
Rendered 1718/4645, time remaining: 1m 34s
Rendered 1719/4645, time remaining: 1m 36s
Rendered 1720/4645, time remaining: 1m 34s
Rendered 1721/4645, time remaining: 1m 34s
Rendered 1722/4645, time remaining: 1m 34s
Rendered 1723/4645, time remaining: 1m 34s
Rendered 1724/4645, time remaining: 1m 35s
Rendered 1725/4645, time remaining: 1m 35s
Rendered 1726/4645, time remaining: 1m 33s
Rendered 1727/4645, time remaining: 1m 35s
Rendered 1728/4645, time remaining: 1m 35s
Rendered 1729/4645, time remaining: 1m 35s
Rendered 1730/4645, time remaining: 1m 32s
Rendered 1731/4645, time remaining: 1m 33s
Rendered 1732/4645, time remaining: 1m 35s
Rendered 1733/4645, time remaining: 1m 35s
Rendered 1734/4645, time remaining: 1m 33s
Rendered 1735/4645, time remaining: 1m 35s
Rendered 1736/4645, time remaining: 1m 35s
Rendered 1737/4645, time remaining: 1m 34s
Rendered 1738/4645, time remaining: 1m 32s
Rendered 1739/4645, time remaining: 1m 32s
Rendered 1740/4645, time remaining: 1m 33s
Rendered 1741/4645, time remaining: 1m 33s
Rendered 1742/4645, time remaining: 1m 32s
Rendered 1743/4645, time remaining: 1m 34s
Rendered 1744/4645, time remaining: 1m 34s
Rendered 1745/4645, time remaining: 1m 32s
Rendered 1746/4645, time remaining: 1m 32s
Rendered 1747/4645, time remaining: 1m 34s
Rendered 1748/4645, time remaining: 1m 35s
Rendered 1749/4645, time remaining: 1m 33s
Rendered 1750/4645, time remaining: 1m 32s
Rendered 1751/4645, time remaining: 1m 32s
Rendered 1752/4645, time remaining: 1m 33s
Rendered 1753/4645, time remaining: 1m 32s
Rendered 1754/4645, time remaining: 1m 31s
Rendered 1755/4645, time remaining: 1m 30s
Rendered 1756/4645, time remaining: 1m 34s
Rendered 1757/4645, time remaining: 1m 34s
Rendered 1758/4645, time remaining: 1m 34s
Rendered 1759/4645, time remaining: 1m 32s
Rendered 1760/4645, time remaining: 1m 32s
Rendered 1761/4645, time remaining: 1m 32s
Rendered 1762/4645, time remaining: 1m 31s
Rendered 1763/4645, time remaining: 1m 31s
Rendered 1764/4645, time remaining: 1m 34s
Rendered 1765/4645, time remaining: 1m 33s
Rendered 1766/4645, time remaining: 1m 33s
Rendered 1767/4645, time remaining: 1m 32s
Rendered 1768/4645, time remaining: 1m 31s
Rendered 1769/4645, time remaining: 1m 31s
Rendered 1770/4645, time remaining: 1m 33s
Rendered 1771/4645, time remaining: 1m 31s
Rendered 1772/4645, time remaining: 1m 33s
Rendered 1773/4645, time remaining: 1m 33s
Rendered 1774/4645, time remaining: 1m 32s
Rendered 1775/4645, time remaining: 1m 33s
Rendered 1776/4645, time remaining: 1m 32s
Rendered 1777/4645, time remaining: 1m 32s
Rendered 1778/4645, time remaining: 1m 34s
Rendered 1779/4645, time remaining: 1m 32s
Rendered 1780/4645, time remaining: 1m 34s
Rendered 1781/4645, time remaining: 1m 33s
Rendered 1782/4645, time remaining: 1m 32s
Rendered 1783/4645, time remaining: 1m 31s
Rendered 1784/4645, time remaining: 1m 32s
Rendered 1785/4645, time remaining: 1m 32s
Rendered 1786/4645, time remaining: 1m 31s
Rendered 1787/4645, time remaining: 1m 33s
Rendered 1788/4645, time remaining: 1m 33s
Rendered 1789/4645, time remaining: 1m 32s
Rendered 1790/4645, time remaining: 1m 32s
Rendered 1791/4645, time remaining: 1m 32s
Rendered 1792/4645, time remaining: 1m 32s
Rendered 1793/4645, time remaining: 1m 32s
Rendered 1794/4645, time remaining: 1m 30s
Rendered 1795/4645, time remaining: 1m 30s
Rendered 1796/4645, time remaining: 1m 32s
Rendered 1797/4645, time remaining: 1m 33s
Rendered 1798/4645, time remaining: 1m 33s
Rendered 1799/4645, time remaining: 1m 31s
Rendered 1800/4645, time remaining: 1m 31s
Rendered 1801/4645, time remaining: 1m 31s
Rendered 1802/4645, time remaining: 1m 31s
Rendered 1803/4645, time remaining: 1m 30s
Rendered 1804/4645, time remaining: 1m 30s
Rendered 1805/4645, time remaining: 1m 32s
Rendered 1806/4645, time remaining: 1m 32s
Rendered 1807/4645, time remaining: 1m 33s
Rendered 1808/4645, time remaining: 1m 32s
Rendered 1809/4645, time remaining: 1m 32s
Rendered 1810/4645, time remaining: 1m 30s
Rendered 1811/4645, time remaining: 1m 30s
Rendered 1812/4645, time remaining: 1m 30s
Rendered 1813/4645, time remaining: 1m 31s
Rendered 1814/4645, time remaining: 1m 32s
Rendered 1815/4645, time remaining: 1m 30s
Rendered 1816/4645, time remaining: 1m 31s
Rendered 1817/4645, time remaining: 1m 31s
Rendered 1818/4645, time remaining: 1m 31s
Rendered 1819/4645, time remaining: 1m 32s
Rendered 1820/4645, time remaining: 1m 31s
Rendered 1821/4645, time remaining: 1m 31s
Rendered 1822/4645, time remaining: 1m 31s
Rendered 1823/4645, time remaining: 1m 31s
Rendered 1824/4645, time remaining: 1m 32s
Rendered 1825/4645, time remaining: 1m 30s
Rendered 1826/4645, time remaining: 1m 31s
Rendered 1827/4645, time remaining: 1m 31s
Rendered 1828/4645, time remaining: 1m 31s
Rendered 1829/4645, time remaining: 1m 32s
Rendered 1830/4645, time remaining: 1m 32s
Rendered 1831/4645, time remaining: 1m 33s
Rendered 1832/4645, time remaining: 1m 32s
Rendered 1833/4645, time remaining: 1m 33s
Rendered 1834/4645, time remaining: 1m 33s
Rendered 1835/4645, time remaining: 1m 34s
Rendered 1836/4645, time remaining: 1m 34s
Rendered 1837/4645, time remaining: 1m 35s
Rendered 1838/4645, time remaining: 1m 35s
Rendered 1839/4645, time remaining: 1m 35s
Rendered 1840/4645, time remaining: 1m 35s
Rendered 1841/4645, time remaining: 1m 35s
Rendered 1842/4645, time remaining: 1m 36s
Rendered 1843/4645, time remaining: 1m 37s
Rendered 1844/4645, time remaining: 1m 37s
Rendered 1845/4645, time remaining: 1m 38s
Rendered 1846/4645, time remaining: 1m 38s
Rendered 1847/4645, time remaining: 1m 38s
Rendered 1848/4645, time remaining: 1m 37s
Rendered 1849/4645, time remaining: 1m 36s
Rendered 1850/4645, time remaining: 1m 36s
Rendered 1851/4645, time remaining: 1m 36s
Rendered 1852/4645, time remaining: 1m 36s
Rendered 1853/4645, time remaining: 1m 36s
Rendered 1854/4645, time remaining: 1m 39s
Rendered 1855/4645, time remaining: 1m 39s
Rendered 1856/4645, time remaining: 1m 37s
Rendered 1857/4645, time remaining: 1m 35s
Rendered 1858/4645, time remaining: 1m 36s
Rendered 1859/4645, time remaining: 1m 36s
Rendered 1860/4645, time remaining: 1m 35s
Rendered 1861/4645, time remaining: 1m 35s
Rendered 1862/4645, time remaining: 1m 37s
Rendered 1863/4645, time remaining: 1m 37s
Rendered 1864/4645, time remaining: 1m 37s
Rendered 1865/4645, time remaining: 1m 35s
Rendered 1866/4645, time remaining: 1m 36s
Rendered 1867/4645, time remaining: 1m 36s
Rendered 1868/4645, time remaining: 1m 36s
Rendered 1869/4645, time remaining: 1m 35s
Rendered 1870/4645, time remaining: 1m 37s
Rendered 1871/4645, time remaining: 1m 38s
Rendered 1872/4645, time remaining: 1m 36s
Rendered 1873/4645, time remaining: 1m 36s
Rendered 1874/4645, time remaining: 1m 36s
Rendered 1875/4645, time remaining: 1m 36s
Rendered 1876/4645, time remaining: 1m 36s
Rendered 1877/4645, time remaining: 1m 34s
Rendered 1878/4645, time remaining: 1m 36s
Rendered 1879/4645, time remaining: 1m 37s
Rendered 1880/4645, time remaining: 1m 37s
Rendered 1881/4645, time remaining: 1m 36s
Rendered 1882/4645, time remaining: 1m 37s
Rendered 1883/4645, time remaining: 1m 37s
Rendered 1884/4645, time remaining: 1m 37s
Rendered 1885/4645, time remaining: 1m 34s
Rendered 1886/4645, time remaining: 1m 34s
Rendered 1887/4645, time remaining: 1m 35s
Rendered 1888/4645, time remaining: 1m 35s
Rendered 1889/4645, time remaining: 1m 35s
Rendered 1890/4645, time remaining: 1m 36s
Rendered 1891/4645, time remaining: 1m 36s
Rendered 1892/4645, time remaining: 1m 38s
Rendered 1893/4645, time remaining: 1m 36s
Rendered 1894/4645, time remaining: 1m 35s
Rendered 1895/4645, time remaining: 1m 37s
Rendered 1896/4645, time remaining: 1m 37s
Rendered 1897/4645, time remaining: 1m 35s
Rendered 1898/4645, time remaining: 1m 35s
Rendered 1899/4645, time remaining: 1m 35s
Rendered 1900/4645, time remaining: 1m 37s
Rendered 1901/4645, time remaining: 1m 37s
Rendered 1902/4645, time remaining: 1m 36s
Rendered 1903/4645, time remaining: 1m 36s
Rendered 1904/4645, time remaining: 1m 36s
Rendered 1905/4645, time remaining: 1m 36s
Rendered 1906/4645, time remaining: 1m 34s
Rendered 1907/4645, time remaining: 1m 34s
Rendered 1908/4645, time remaining: 1m 36s
Rendered 1909/4645, time remaining: 1m 37s
Rendered 1910/4645, time remaining: 1m 36s
Rendered 1911/4645, time remaining: 1m 36s
Rendered 1912/4645, time remaining: 1m 36s
Rendered 1913/4645, time remaining: 1m 36s
Rendered 1914/4645, time remaining: 1m 33s
Rendered 1915/4645, time remaining: 1m 35s
Rendered 1916/4645, time remaining: 1m 35s
Rendered 1917/4645, time remaining: 1m 36s
Rendered 1918/4645, time remaining: 1m 36s
Rendered 1919/4645, time remaining: 1m 36s
Rendered 1920/4645, time remaining: 1m 36s
Rendered 1921/4645, time remaining: 1m 35s
Rendered 1922/4645, time remaining: 1m 34s
Rendered 1923/4645, time remaining: 1m 35s
Rendered 1924/4645, time remaining: 1m 35s
Rendered 1925/4645, time remaining: 1m 34s
Rendered 1926/4645, time remaining: 1m 34s
Rendered 1927/4645, time remaining: 1m 34s
Rendered 1928/4645, time remaining: 1m 35s
Rendered 1929/4645, time remaining: 1m 35s
Rendered 1930/4645, time remaining: 1m 33s
Rendered 1931/4645, time remaining: 1m 33s
Rendered 1932/4645, time remaining: 1m 35s
Rendered 1933/4645, time remaining: 1m 35s
Rendered 1934/4645, time remaining: 1m 34s
Rendered 1935/4645, time remaining: 1m 35s
Rendered 1936/4645, time remaining: 1m 35s
Rendered 1937/4645, time remaining: 1m 33s
Rendered 1938/4645, time remaining: 1m 33s
Rendered 1939/4645, time remaining: 1m 34s
Rendered 1940/4645, time remaining: 1m 34s
Rendered 1941/4645, time remaining: 1m 33s
Rendered 1942/4645, time remaining: 1m 34s
Rendered 1943/4645, time remaining: 1m 34s
Rendered 1944/4645, time remaining: 1m 34s
Rendered 1945/4645, time remaining: 1m 35s
Rendered 1946/4645, time remaining: 1m 34s
Rendered 1947/4645, time remaining: 1m 33s
Rendered 1948/4645, time remaining: 1m 33s
Rendered 1949/4645, time remaining: 1m 33s
Rendered 1950/4645, time remaining: 1m 35s
Rendered 1951/4645, time remaining: 1m 34s
Rendered 1952/4645, time remaining: 1m 34s
Rendered 1953/4645, time remaining: 1m 33s
Rendered 1954/4645, time remaining: 1m 35s
Rendered 1955/4645, time remaining: 1m 33s
Rendered 1956/4645, time remaining: 1m 33s
Rendered 1957/4645, time remaining: 1m 32s
Rendered 1958/4645, time remaining: 1m 33s
Rendered 1959/4645, time remaining: 1m 33s
Rendered 1960/4645, time remaining: 1m 33s
Rendered 1961/4645, time remaining: 1m 32s
Rendered 1962/4645, time remaining: 1m 34s
Rendered 1963/4645, time remaining: 1m 34s
Rendered 1964/4645, time remaining: 1m 33s
Rendered 1965/4645, time remaining: 1m 34s
Rendered 1966/4645, time remaining: 1m 34s
Rendered 1967/4645, time remaining: 1m 33s
Rendered 1968/4645, time remaining: 1m 33s
Rendered 1969/4645, time remaining: 1m 32s
Rendered 1970/4645, time remaining: 1m 32s
Rendered 1971/4645, time remaining: 1m 32s
Rendered 1972/4645, time remaining: 1m 33s
Rendered 1973/4645, time remaining: 1m 33s
Rendered 1974/4645, time remaining: 1m 33s
Rendered 1975/4645, time remaining: 1m 31s
Rendered 1976/4645, time remaining: 1m 32s
Rendered 1977/4645, time remaining: 1m 32s
Rendered 1978/4645, time remaining: 1m 32s
Rendered 1979/4645, time remaining: 1m 31s
Rendered 1980/4645, time remaining: 1m 32s
Rendered 1981/4645, time remaining: 1m 31s
Rendered 1982/4645, time remaining: 1m 31s
Rendered 1983/4645, time remaining: 1m 30s
Rendered 1984/4645, time remaining: 1m 32s
Rendered 1985/4645, time remaining: 1m 32s
Rendered 1986/4645, time remaining: 1m 32s
Rendered 1987/4645, time remaining: 1m 30s
Rendered 1988/4645, time remaining: 1m 31s
Rendered 1989/4645, time remaining: 1m 33s
Rendered 1990/4645, time remaining: 1m 33s
Rendered 1991/4645, time remaining: 1m 32s
Rendered 1992/4645, time remaining: 1m 32s
Rendered 1993/4645, time remaining: 1m 32s
Rendered 1994/4645, time remaining: 1m 32s
Rendered 1995/4645, time remaining: 1m 30s
Rendered 1996/4645, time remaining: 1m 32s
Rendered 1997/4645, time remaining: 1m 32s
Rendered 1998/4645, time remaining: 1m 32s
Rendered 1999/4645, time remaining: 1m 31s
Rendered 2000/4645, time remaining: 1m 32s
Rendered 2001/4645, time remaining: 1m 32s
Rendered 2002/4645, time remaining: 1m 32s
Rendered 2003/4645, time remaining: 1m 32s
Rendered 2004/4645, time remaining: 1m 30s
Rendered 2005/4645, time remaining: 1m 29s
Rendered 2006/4645, time remaining: 1m 30s
Rendered 2007/4645, time remaining: 1m 32s
Rendered 2008/4645, time remaining: 1m 32s
Rendered 2009/4645, time remaining: 1m 31s
Rendered 2010/4645, time remaining: 1m 33s
Rendered 2011/4645, time remaining: 1m 34s
Rendered 2012/4645, time remaining: 1m 30s
Rendered 2013/4645, time remaining: 1m 30s
Rendered 2014/4645, time remaining: 1m 30s
Rendered 2015/4645, time remaining: 1m 32s
Rendered 2016/4645, time remaining: 1m 31s
Rendered 2017/4645, time remaining: 1m 31s
Rendered 2018/4645, time remaining: 1m 32s
Rendered 2019/4645, time remaining: 1m 32s
Rendered 2020/4645, time remaining: 1m 30s
Rendered 2021/4645, time remaining: 1m 29s
Rendered 2022/4645, time remaining: 1m 30s
Rendered 2023/4645, time remaining: 1m 30s
Rendered 2024/4645, time remaining: 1m 29s
Rendered 2025/4645, time remaining: 1m 29s
Rendered 2026/4645, time remaining: 1m 33s
Rendered 2027/4645, time remaining: 1m 32s
Rendered 2028/4645, time remaining: 1m 31s
Rendered 2029/4645, time remaining: 1m 30s
Rendered 2030/4645, time remaining: 1m 31s
Rendered 2031/4645, time remaining: 1m 31s
Rendered 2032/4645, time remaining: 1m 28s
Rendered 2033/4645, time remaining: 1m 28s
Rendered 2034/4645, time remaining: 1m 31s
Rendered 2035/4645, time remaining: 1m 31s
Rendered 2036/4645, time remaining: 1m 31s
Rendered 2037/4645, time remaining: 1m 30s
Rendered 2038/4645, time remaining: 1m 31s
Rendered 2039/4645, time remaining: 1m 31s
Rendered 2040/4645, time remaining: 1m 28s
Rendered 2041/4645, time remaining: 1m 30s
Rendered 2042/4645, time remaining: 1m 30s
Rendered 2043/4645, time remaining: 1m 30s
Rendered 2044/4645, time remaining: 1m 30s
Rendered 2045/4645, time remaining: 1m 30s
Rendered 2046/4645, time remaining: 1m 30s
Rendered 2047/4645, time remaining: 1m 30s
Rendered 2048/4645, time remaining: 1m 30s
Rendered 2049/4645, time remaining: 1m 30s
Rendered 2050/4645, time remaining: 1m 28s
Rendered 2051/4645, time remaining: 1m 28s
Rendered 2052/4645, time remaining: 1m 29s
Rendered 2053/4645, time remaining: 1m 30s
Rendered 2054/4645, time remaining: 1m 30s
Rendered 2055/4645, time remaining: 1m 30s
Rendered 2056/4645, time remaining: 1m 30s
Rendered 2057/4645, time remaining: 1m 31s
Rendered 2058/4645, time remaining: 1m 29s
Rendered 2059/4645, time remaining: 1m 28s
Rendered 2060/4645, time remaining: 1m 28s
Rendered 2061/4645, time remaining: 1m 30s
Rendered 2062/4645, time remaining: 1m 30s
Rendered 2063/4645, time remaining: 1m 30s
Rendered 2064/4645, time remaining: 1m 31s
Rendered 2065/4645, time remaining: 1m 29s
Rendered 2066/4645, time remaining: 1m 31s
Rendered 2067/4645, time remaining: 1m 29s
Rendered 2068/4645, time remaining: 1m 29s
Rendered 2069/4645, time remaining: 1m 29s
Rendered 2070/4645, time remaining: 1m 28s
Rendered 2071/4645, time remaining: 1m 28s
Rendered 2072/4645, time remaining: 1m 30s
Rendered 2073/4645, time remaining: 1m 29s
Rendered 2074/4645, time remaining: 1m 29s
Rendered 2075/4645, time remaining: 1m 28s
Rendered 2076/4645, time remaining: 1m 29s
Rendered 2077/4645, time remaining: 1m 30s
Rendered 2078/4645, time remaining: 1m 28s
Rendered 2079/4645, time remaining: 1m 28s
Rendered 2080/4645, time remaining: 1m 28s
Rendered 2081/4645, time remaining: 1m 30s
Rendered 2082/4645, time remaining: 1m 28s
Rendered 2083/4645, time remaining: 1m 28s
Rendered 2084/4645, time remaining: 1m 28s
Rendered 2085/4645, time remaining: 1m 28s
Rendered 2086/4645, time remaining: 1m 28s
Rendered 2087/4645, time remaining: 1m 29s
Rendered 2088/4645, time remaining: 1m 29s
Rendered 2089/4645, time remaining: 1m 28s
Rendered 2090/4645, time remaining: 1m 29s
Rendered 2091/4645, time remaining: 1m 29s
Rendered 2092/4645, time remaining: 1m 29s
Rendered 2093/4645, time remaining: 1m 29s
Rendered 2094/4645, time remaining: 1m 28s
Rendered 2095/4645, time remaining: 1m 27s
Rendered 2096/4645, time remaining: 1m 27s
Rendered 2097/4645, time remaining: 1m 27s
Rendered 2098/4645, time remaining: 1m 27s
Rendered 2099/4645, time remaining: 1m 28s
Rendered 2100/4645, time remaining: 1m 28s
Rendered 2101/4645, time remaining: 1m 28s
Rendered 2102/4645, time remaining: 1m 28s
Rendered 2103/4645, time remaining: 1m 29s
Rendered 2104/4645, time remaining: 1m 27s
Rendered 2105/4645, time remaining: 1m 27s
Rendered 2106/4645, time remaining: 1m 27s
Rendered 2107/4645, time remaining: 1m 27s
Rendered 2108/4645, time remaining: 1m 27s
Rendered 2109/4645, time remaining: 1m 27s
Rendered 2110/4645, time remaining: 1m 29s
Rendered 2111/4645, time remaining: 1m 28s
Rendered 2112/4645, time remaining: 1m 27s
Rendered 2113/4645, time remaining: 1m 27s
Rendered 2114/4645, time remaining: 1m 27s
Rendered 2115/4645, time remaining: 1m 27s
Rendered 2116/4645, time remaining: 1m 26s
Rendered 2117/4645, time remaining: 1m 27s
Rendered 2118/4645, time remaining: 1m 28s
Rendered 2119/4645, time remaining: 1m 28s
Rendered 2120/4645, time remaining: 1m 28s
Rendered 2121/4645, time remaining: 1m 28s
Rendered 2122/4645, time remaining: 1m 26s
Rendered 2123/4645, time remaining: 1m 27s
Rendered 2124/4645, time remaining: 1m 28s
Rendered 2125/4645, time remaining: 1m 28s
Rendered 2126/4645, time remaining: 1m 26s
Rendered 2127/4645, time remaining: 1m 26s
Rendered 2128/4645, time remaining: 1m 28s
Rendered 2129/4645, time remaining: 1m 28s
Rendered 2130/4645, time remaining: 1m 26s
Rendered 2131/4645, time remaining: 1m 26s
Rendered 2132/4645, time remaining: 1m 28s
Rendered 2133/4645, time remaining: 1m 28s
Rendered 2134/4645, time remaining: 1m 25s
Rendered 2135/4645, time remaining: 1m 25s
Rendered 2136/4645, time remaining: 1m 26s
Rendered 2137/4645, time remaining: 1m 27s
Rendered 2138/4645, time remaining: 1m 27s
Rendered 2139/4645, time remaining: 1m 25s
Rendered 2140/4645, time remaining: 1m 26s
Rendered 2141/4645, time remaining: 1m 27s
Rendered 2142/4645, time remaining: 1m 26s
Rendered 2143/4645, time remaining: 1m 25s
Rendered 2144/4645, time remaining: 1m 25s
Rendered 2145/4645, time remaining: 1m 25s
Rendered 2146/4645, time remaining: 1m 24s
Rendered 2147/4645, time remaining: 1m 26s
Rendered 2148/4645, time remaining: 1m 26s
Rendered 2149/4645, time remaining: 1m 26s
Rendered 2150/4645, time remaining: 1m 25s
Rendered 2151/4645, time remaining: 1m 25s
Rendered 2152/4645, time remaining: 1m 26s
Rendered 2153/4645, time remaining: 1m 26s
Rendered 2154/4645, time remaining: 1m 26s
Rendered 2155/4645, time remaining: 1m 27s
Rendered 2156/4645, time remaining: 1m 26s
Rendered 2157/4645, time remaining: 1m 24s
Rendered 2158/4645, time remaining: 1m 24s
Rendered 2159/4645, time remaining: 1m 26s
Rendered 2160/4645, time remaining: 1m 25s
Rendered 2161/4645, time remaining: 1m 24s
Rendered 2162/4645, time remaining: 1m 24s
Rendered 2163/4645, time remaining: 1m 26s
Rendered 2164/4645, time remaining: 1m 26s
Rendered 2165/4645, time remaining: 1m 24s
Rendered 2166/4645, time remaining: 1m 24s
Rendered 2167/4645, time remaining: 1m 24s
Rendered 2168/4645, time remaining: 1m 23s
Rendered 2169/4645, time remaining: 1m 24s
Rendered 2170/4645, time remaining: 1m 24s
Rendered 2171/4645, time remaining: 1m 26s
Rendered 2172/4645, time remaining: 1m 25s
Rendered 2173/4645, time remaining: 1m 25s
Rendered 2174/4645, time remaining: 1m 26s
Rendered 2175/4645, time remaining: 1m 26s
Rendered 2176/4645, time remaining: 1m 23s
Rendered 2177/4645, time remaining: 1m 23s
Rendered 2178/4645, time remaining: 1m 23s
Rendered 2179/4645, time remaining: 1m 25s
Rendered 2180/4645, time remaining: 1m 25s
Rendered 2181/4645, time remaining: 1m 25s
Rendered 2182/4645, time remaining: 1m 26s
Rendered 2183/4645, time remaining: 1m 26s
Rendered 2184/4645, time remaining: 1m 23s
Rendered 2185/4645, time remaining: 1m 23s
Rendered 2186/4645, time remaining: 1m 23s
Rendered 2187/4645, time remaining: 1m 24s
Rendered 2188/4645, time remaining: 1m 25s
Rendered 2189/4645, time remaining: 1m 26s
Rendered 2190/4645, time remaining: 1m 25s
Rendered 2191/4645, time remaining: 1m 23s
Rendered 2192/4645, time remaining: 1m 23s
Rendered 2193/4645, time remaining: 1m 23s
Rendered 2194/4645, time remaining: 1m 23s
Rendered 2195/4645, time remaining: 1m 23s
Rendered 2196/4645, time remaining: 1m 25s
Rendered 2197/4645, time remaining: 1m 25s
Rendered 2198/4645, time remaining: 1m 24s
Rendered 2199/4645, time remaining: 1m 24s
Rendered 2200/4645, time remaining: 1m 24s
Rendered 2201/4645, time remaining: 1m 24s
Rendered 2202/4645, time remaining: 1m 24s
Rendered 2203/4645, time remaining: 1m 23s
Rendered 2204/4645, time remaining: 1m 24s
Rendered 2205/4645, time remaining: 1m 24s
Rendered 2206/4645, time remaining: 1m 23s
Rendered 2207/4645, time remaining: 1m 22s
Rendered 2208/4645, time remaining: 1m 23s
Rendered 2209/4645, time remaining: 1m 23s
Rendered 2210/4645, time remaining: 1m 24s
Rendered 2211/4645, time remaining: 1m 22s
Rendered 2212/4645, time remaining: 1m 24s
Rendered 2213/4645, time remaining: 1m 24s
Rendered 2214/4645, time remaining: 1m 23s
Rendered 2215/4645, time remaining: 1m 23s
Rendered 2216/4645, time remaining: 1m 23s
Rendered 2217/4645, time remaining: 1m 23s
Rendered 2218/4645, time remaining: 1m 23s
Rendered 2219/4645, time remaining: 1m 23s
Rendered 2220/4645, time remaining: 1m 22s
Rendered 2221/4645, time remaining: 1m 23s
Rendered 2222/4645, time remaining: 1m 21s
Rendered 2223/4645, time remaining: 1m 24s
Rendered 2224/4645, time remaining: 1m 24s
Rendered 2225/4645, time remaining: 1m 24s
Rendered 2226/4645, time remaining: 1m 22s
Rendered 2227/4645, time remaining: 1m 22s
Rendered 2228/4645, time remaining: 1m 23s
Rendered 2229/4645, time remaining: 1m 23s
Rendered 2230/4645, time remaining: 1m 23s
Rendered 2231/4645, time remaining: 1m 21s
Rendered 2232/4645, time remaining: 1m 23s
Rendered 2233/4645, time remaining: 1m 23s
Rendered 2234/4645, time remaining: 1m 22s
Rendered 2235/4645, time remaining: 1m 21s
Rendered 2236/4645, time remaining: 1m 24s
Rendered 2237/4645, time remaining: 1m 22s
Rendered 2238/4645, time remaining: 1m 22s
Rendered 2239/4645, time remaining: 1m 22s
Rendered 2240/4645, time remaining: 1m 22s
Rendered 2241/4645, time remaining: 1m 22s
Rendered 2242/4645, time remaining: 1m 21s
Rendered 2243/4645, time remaining: 1m 22s
Rendered 2244/4645, time remaining: 1m 23s
Rendered 2245/4645, time remaining: 1m 23s
Rendered 2246/4645, time remaining: 1m 22s
Rendered 2247/4645, time remaining: 1m 23s
Rendered 2248/4645, time remaining: 1m 22s
Rendered 2249/4645, time remaining: 1m 23s
Rendered 2250/4645, time remaining: 1m 21s
Rendered 2251/4645, time remaining: 1m 21s
Rendered 2252/4645, time remaining: 1m 21s
Rendered 2253/4645, time remaining: 1m 21s
Rendered 2254/4645, time remaining: 1m 21s
Rendered 2255/4645, time remaining: 1m 22s
Rendered 2256/4645, time remaining: 1m 22s
Rendered 2257/4645, time remaining: 1m 23s
Rendered 2258/4645, time remaining: 1m 22s
Rendered 2259/4645, time remaining: 1m 22s
Rendered 2260/4645, time remaining: 1m 21s
Rendered 2261/4645, time remaining: 1m 21s
Rendered 2262/4645, time remaining: 1m 20s
Rendered 2263/4645, time remaining: 1m 22s
Rendered 2264/4645, time remaining: 1m 22s
Rendered 2265/4645, time remaining: 1m 22s
Rendered 2266/4645, time remaining: 1m 22s
Rendered 2267/4645, time remaining: 1m 20s
Rendered 2268/4645, time remaining: 1m 19s
Rendered 2269/4645, time remaining: 1m 21s
Rendered 2270/4645, time remaining: 1m 20s
Rendered 2271/4645, time remaining: 1m 21s
Rendered 2272/4645, time remaining: 1m 22s
Rendered 2273/4645, time remaining: 1m 21s
Rendered 2274/4645, time remaining: 1m 19s
Rendered 2275/4645, time remaining: 1m 20s
Rendered 2276/4645, time remaining: 1m 20s
Rendered 2277/4645, time remaining: 1m 20s
Rendered 2278/4645, time remaining: 1m 19s
Rendered 2279/4645, time remaining: 1m 19s
Rendered 2280/4645, time remaining: 1m 21s
Rendered 2281/4645, time remaining: 1m 21s
Rendered 2282/4645, time remaining: 1m 21s
Rendered 2283/4645, time remaining: 1m 21s
Rendered 2284/4645, time remaining: 1m 21s
Rendered 2285/4645, time remaining: 1m 21s
Rendered 2286/4645, time remaining: 1m 21s
Rendered 2287/4645, time remaining: 1m 21s
Rendered 2288/4645, time remaining: 1m 21s
Rendered 2289/4645, time remaining: 1m 20s
Rendered 2290/4645, time remaining: 1m 20s
Rendered 2291/4645, time remaining: 1m 20s
Rendered 2292/4645, time remaining: 1m 19s
Rendered 2293/4645, time remaining: 1m 20s
Rendered 2294/4645, time remaining: 1m 21s
Rendered 2295/4645, time remaining: 1m 21s
Rendered 2296/4645, time remaining: 1m 21s
Rendered 2297/4645, time remaining: 1m 20s
Rendered 2298/4645, time remaining: 1m 20s
Rendered 2299/4645, time remaining: 1m 19s
Rendered 2300/4645, time remaining: 1m 21s
Rendered 2301/4645, time remaining: 1m 20s
Rendered 2302/4645, time remaining: 1m 20s
Rendered 2303/4645, time remaining: 1m 20s
Rendered 2304/4645, time remaining: 1m 20s
Rendered 2305/4645, time remaining: 1m 20s
Rendered 2306/4645, time remaining: 1m 20s
Rendered 2307/4645, time remaining: 1m 20s
Rendered 2308/4645, time remaining: 1m 20s
Rendered 2309/4645, time remaining: 1m 21s
Rendered 2310/4645, time remaining: 1m 21s
Rendered 2311/4645, time remaining: 1m 21s
Rendered 2312/4645, time remaining: 1m 22s
Rendered 2313/4645, time remaining: 1m 19s
Rendered 2314/4645, time remaining: 1m 19s
Rendered 2315/4645, time remaining: 1m 19s
Rendered 2316/4645, time remaining: 1m 21s
Rendered 2317/4645, time remaining: 1m 21s
Rendered 2318/4645, time remaining: 1m 21s
Rendered 2319/4645, time remaining: 1m 21s
Rendered 2320/4645, time remaining: 1m 21s
Rendered 2321/4645, time remaining: 1m 20s
Rendered 2322/4645, time remaining: 1m 20s
Rendered 2323/4645, time remaining: 1m 20s
Rendered 2324/4645, time remaining: 1m 19s
Rendered 2325/4645, time remaining: 1m 19s
Rendered 2326/4645, time remaining: 1m 19s
Rendered 2327/4645, time remaining: 1m 21s
Rendered 2328/4645, time remaining: 1m 21s
Rendered 2329/4645, time remaining: 1m 19s
Rendered 2330/4645, time remaining: 1m 20s
Rendered 2331/4645, time remaining: 1m 20s
Rendered 2332/4645, time remaining: 1m 19s
Rendered 2333/4645, time remaining: 1m 20s
Rendered 2334/4645, time remaining: 1m 20s
Rendered 2335/4645, time remaining: 1m 21s
Rendered 2336/4645, time remaining: 1m 21s
Rendered 2337/4645, time remaining: 1m 20s
Rendered 2338/4645, time remaining: 1m 18s
Rendered 2339/4645, time remaining: 1m 18s
Rendered 2340/4645, time remaining: 1m 19s
Rendered 2341/4645, time remaining: 1m 19s
Rendered 2342/4645, time remaining: 1m 20s
Rendered 2343/4645, time remaining: 1m 21s
Rendered 2344/4645, time remaining: 1m 20s
Rendered 2345/4645, time remaining: 1m 19s
Rendered 2346/4645, time remaining: 1m 17s
Rendered 2347/4645, time remaining: 1m 20s
Rendered 2348/4645, time remaining: 1m 19s
Rendered 2349/4645, time remaining: 1m 19s
Rendered 2350/4645, time remaining: 1m 20s
Rendered 2351/4645, time remaining: 1m 19s
Rendered 2352/4645, time remaining: 1m 18s
Rendered 2353/4645, time remaining: 1m 19s
Rendered 2354/4645, time remaining: 1m 18s
Rendered 2355/4645, time remaining: 1m 18s
Rendered 2356/4645, time remaining: 1m 19s
Rendered 2357/4645, time remaining: 1m 19s
Rendered 2358/4645, time remaining: 1m 19s
Rendered 2359/4645, time remaining: 1m 19s
Rendered 2360/4645, time remaining: 1m 18s
Rendered 2361/4645, time remaining: 1m 18s
Rendered 2362/4645, time remaining: 1m 17s
Rendered 2363/4645, time remaining: 1m 17s
Rendered 2364/4645, time remaining: 1m 17s
Rendered 2365/4645, time remaining: 1m 19s
Rendered 2366/4645, time remaining: 1m 18s
Rendered 2367/4645, time remaining: 1m 18s
Rendered 2368/4645, time remaining: 1m 18s
Rendered 2369/4645, time remaining: 1m 19s
Rendered 2370/4645, time remaining: 1m 19s
Rendered 2371/4645, time remaining: 1m 18s
Rendered 2372/4645, time remaining: 1m 18s
Rendered 2373/4645, time remaining: 1m 17s
Rendered 2374/4645, time remaining: 1m 18s
Rendered 2375/4645, time remaining: 1m 18s
Rendered 2376/4645, time remaining: 1m 18s
Rendered 2377/4645, time remaining: 1m 18s
Rendered 2378/4645, time remaining: 1m 16s
Rendered 2379/4645, time remaining: 1m 16s
Rendered 2380/4645, time remaining: 1m 17s
Rendered 2381/4645, time remaining: 1m 17s
Rendered 2382/4645, time remaining: 1m 18s
Rendered 2383/4645, time remaining: 1m 18s
Rendered 2384/4645, time remaining: 1m 18s
Rendered 2385/4645, time remaining: 1m 19s
Rendered 2386/4645, time remaining: 1m 16s
Rendered 2387/4645, time remaining: 1m 16s
Rendered 2388/4645, time remaining: 1m 16s
Rendered 2389/4645, time remaining: 1m 17s
Rendered 2390/4645, time remaining: 1m 18s
Rendered 2391/4645, time remaining: 1m 18s
Rendered 2392/4645, time remaining: 1m 18s
Rendered 2393/4645, time remaining: 1m 17s
Rendered 2394/4645, time remaining: 1m 16s
Rendered 2395/4645, time remaining: 1m 16s
Rendered 2396/4645, time remaining: 1m 16s
Rendered 2397/4645, time remaining: 1m 16s
Rendered 2398/4645, time remaining: 1m 16s
Rendered 2399/4645, time remaining: 1m 17s
Rendered 2400/4645, time remaining: 1m 17s
Rendered 2401/4645, time remaining: 1m 17s
Rendered 2402/4645, time remaining: 1m 18s
Rendered 2403/4645, time remaining: 1m 17s
Rendered 2404/4645, time remaining: 1m 17s
Rendered 2405/4645, time remaining: 1m 17s
Rendered 2406/4645, time remaining: 1m 17s
Rendered 2407/4645, time remaining: 1m 16s
Rendered 2408/4645, time remaining: 1m 16s
Rendered 2409/4645, time remaining: 1m 16s
Rendered 2410/4645, time remaining: 1m 16s
Rendered 2411/4645, time remaining: 1m 16s
Rendered 2412/4645, time remaining: 1m 16s
Rendered 2413/4645, time remaining: 1m 16s
Rendered 2414/4645, time remaining: 1m 16s
Rendered 2415/4645, time remaining: 1m 17s
Rendered 2416/4645, time remaining: 1m 17s
Rendered 2417/4645, time remaining: 1m 17s
Rendered 2418/4645, time remaining: 1m 17s
Rendered 2419/4645, time remaining: 1m 15s
Rendered 2420/4645, time remaining: 1m 16s
Rendered 2421/4645, time remaining: 1m 16s
Rendered 2422/4645, time remaining: 1m 17s
Rendered 2423/4645, time remaining: 1m 17s
Rendered 2424/4645, time remaining: 1m 18s
Rendered 2425/4645, time remaining: 1m 17s
Rendered 2426/4645, time remaining: 1m 16s
Rendered 2427/4645, time remaining: 1m 16s
Rendered 2428/4645, time remaining: 1m 16s
Rendered 2429/4645, time remaining: 1m 18s
Rendered 2430/4645, time remaining: 1m 17s
Rendered 2431/4645, time remaining: 1m 17s
Rendered 2432/4645, time remaining: 1m 16s
Rendered 2433/4645, time remaining: 1m 16s
Rendered 2434/4645, time remaining: 1m 17s
Rendered 2435/4645, time remaining: 1m 17s
Rendered 2436/4645, time remaining: 1m 15s
Rendered 2437/4645, time remaining: 1m 16s
Rendered 2438/4645, time remaining: 1m 16s
Rendered 2439/4645, time remaining: 1m 16s
Rendered 2440/4645, time remaining: 1m 16s
Rendered 2441/4645, time remaining: 1m 16s
Rendered 2442/4645, time remaining: 1m 17s
Rendered 2443/4645, time remaining: 1m 16s
Rendered 2444/4645, time remaining: 1m 15s
Rendered 2445/4645, time remaining: 1m 15s
Rendered 2446/4645, time remaining: 1m 15s
Rendered 2447/4645, time remaining: 1m 15s
Rendered 2448/4645, time remaining: 1m 16s
Rendered 2449/4645, time remaining: 1m 16s
Rendered 2450/4645, time remaining: 1m 16s
Rendered 2451/4645, time remaining: 1m 16s
Rendered 2452/4645, time remaining: 1m 14s
Rendered 2453/4645, time remaining: 1m 14s
Rendered 2454/4645, time remaining: 1m 15s
Rendered 2455/4645, time remaining: 1m 15s
Rendered 2456/4645, time remaining: 1m 16s
Rendered 2457/4645, time remaining: 1m 16s
Rendered 2458/4645, time remaining: 1m 16s
Rendered 2459/4645, time remaining: 1m 14s
Rendered 2460/4645, time remaining: 1m 14s
Rendered 2461/4645, time remaining: 1m 16s
Rendered 2462/4645, time remaining: 1m 15s
Rendered 2463/4645, time remaining: 1m 15s
Rendered 2464/4645, time remaining: 1m 16s
Rendered 2465/4645, time remaining: 1m 16s
Rendered 2466/4645, time remaining: 1m 15s
Rendered 2467/4645, time remaining: 1m 15s
Rendered 2468/4645, time remaining: 1m 15s
Rendered 2469/4645, time remaining: 1m 15s
Rendered 2470/4645, time remaining: 1m 15s
Rendered 2471/4645, time remaining: 1m 14s
Rendered 2472/4645, time remaining: 1m 15s
Rendered 2473/4645, time remaining: 1m 15s
Rendered 2474/4645, time remaining: 1m 15s
Rendered 2475/4645, time remaining: 1m 15s
Rendered 2476/4645, time remaining: 1m 15s
Rendered 2477/4645, time remaining: 1m 14s
Rendered 2478/4645, time remaining: 1m 15s
Rendered 2479/4645, time remaining: 1m 15s
Rendered 2480/4645, time remaining: 1m 14s
Rendered 2481/4645, time remaining: 1m 14s
Rendered 2482/4645, time remaining: 1m 14s
Rendered 2483/4645, time remaining: 1m 14s
Rendered 2484/4645, time remaining: 1m 14s
Rendered 2485/4645, time remaining: 1m 14s
Rendered 2486/4645, time remaining: 1m 15s
Rendered 2487/4645, time remaining: 1m 14s
Rendered 2488/4645, time remaining: 1m 14s
Rendered 2489/4645, time remaining: 1m 15s
Rendered 2490/4645, time remaining: 1m 14s
Rendered 2491/4645, time remaining: 1m 14s
Rendered 2492/4645, time remaining: 1m 14s
Rendered 2493/4645, time remaining: 1m 14s
Rendered 2494/4645, time remaining: 1m 14s
Rendered 2495/4645, time remaining: 1m 15s
Rendered 2496/4645, time remaining: 1m 15s
Rendered 2497/4645, time remaining: 1m 13s
Rendered 2498/4645, time remaining: 1m 13s
Rendered 2499/4645, time remaining: 1m 13s
Rendered 2500/4645, time remaining: 1m 12s
Rendered 2501/4645, time remaining: 1m 14s
Rendered 2502/4645, time remaining: 1m 15s
Rendered 2503/4645, time remaining: 1m 14s
Rendered 2504/4645, time remaining: 1m 14s
Rendered 2505/4645, time remaining: 1m 14s
Rendered 2506/4645, time remaining: 1m 13s
Rendered 2507/4645, time remaining: 1m 13s
Rendered 2508/4645, time remaining: 1m 13s
Rendered 2509/4645, time remaining: 1m 13s
Rendered 2510/4645, time remaining: 1m 14s
Rendered 2511/4645, time remaining: 1m 14s
Rendered 2512/4645, time remaining: 1m 14s
Rendered 2513/4645, time remaining: 1m 14s
Rendered 2514/4645, time remaining: 1m 15s
Rendered 2515/4645, time remaining: 1m 13s
Rendered 2516/4645, time remaining: 1m 12s
Rendered 2517/4645, time remaining: 1m 12s
Rendered 2518/4645, time remaining: 1m 14s
Rendered 2519/4645, time remaining: 1m 13s
Rendered 2520/4645, time remaining: 1m 13s
Rendered 2521/4645, time remaining: 1m 14s
Rendered 2522/4645, time remaining: 1m 14s
Rendered 2523/4645, time remaining: 1m 12s
Rendered 2524/4645, time remaining: 1m 13s
Rendered 2525/4645, time remaining: 1m 13s
Rendered 2526/4645, time remaining: 1m 13s
Rendered 2527/4645, time remaining: 1m 13s
Rendered 2528/4645, time remaining: 1m 13s
Rendered 2529/4645, time remaining: 1m 13s
Rendered 2530/4645, time remaining: 1m 12s
Rendered 2531/4645, time remaining: 1m 13s
Rendered 2532/4645, time remaining: 1m 12s
Rendered 2533/4645, time remaining: 1m 13s
Rendered 2534/4645, time remaining: 1m 12s
Rendered 2535/4645, time remaining: 1m 12s
Rendered 2536/4645, time remaining: 1m 13s
Rendered 2537/4645, time remaining: 1m 13s
Rendered 2538/4645, time remaining: 1m 13s
Rendered 2539/4645, time remaining: 1m 12s
Rendered 2540/4645, time remaining: 1m 12s
Rendered 2541/4645, time remaining: 1m 11s
Rendered 2542/4645, time remaining: 1m 11s
Rendered 2543/4645, time remaining: 1m 11s
Rendered 2544/4645, time remaining: 1m 13s
Rendered 2545/4645, time remaining: 1m 13s
Rendered 2546/4645, time remaining: 1m 13s
Rendered 2547/4645, time remaining: 1m 12s
Rendered 2548/4645, time remaining: 1m 12s
Rendered 2549/4645, time remaining: 1m 12s
Rendered 2550/4645, time remaining: 1m 11s
Rendered 2551/4645, time remaining: 1m 11s
Rendered 2552/4645, time remaining: 1m 12s
Rendered 2553/4645, time remaining: 1m 12s
Rendered 2554/4645, time remaining: 1m 13s
Rendered 2555/4645, time remaining: 1m 12s
Rendered 2556/4645, time remaining: 1m 11s
Rendered 2557/4645, time remaining: 1m 12s
Rendered 2558/4645, time remaining: 1m 12s
Rendered 2559/4645, time remaining: 1m 12s
Rendered 2560/4645, time remaining: 1m 12s
Rendered 2561/4645, time remaining: 1m 13s
Rendered 2562/4645, time remaining: 1m 12s
Rendered 2563/4645, time remaining: 1m 11s
Rendered 2564/4645, time remaining: 1m 12s
Rendered 2565/4645, time remaining: 1m 11s
Rendered 2566/4645, time remaining: 1m 11s
Rendered 2567/4645, time remaining: 1m 11s
Rendered 2568/4645, time remaining: 1m 11s
Rendered 2569/4645, time remaining: 1m 11s
Rendered 2570/4645, time remaining: 1m 10s
Rendered 2571/4645, time remaining: 1m 12s
Rendered 2572/4645, time remaining: 1m 11s
Rendered 2573/4645, time remaining: 1m 12s
Rendered 2574/4645, time remaining: 1m 11s
Rendered 2575/4645, time remaining: 1m 11s
Rendered 2576/4645, time remaining: 1m 11s
Rendered 2577/4645, time remaining: 1m 11s
Rendered 2578/4645, time remaining: 1m 11s
Rendered 2579/4645, time remaining: 1m 11s
Rendered 2580/4645, time remaining: 1m 10s
Rendered 2581/4645, time remaining: 1m 11s
Rendered 2582/4645, time remaining: 1m 11s
Rendered 2583/4645, time remaining: 1m 11s
Rendered 2584/4645, time remaining: 1m 11s
Rendered 2585/4645, time remaining: 1m 11s
Rendered 2586/4645, time remaining: 1m 11s
Rendered 2587/4645, time remaining: 1m 11s
Rendered 2588/4645, time remaining: 1m 11s
Rendered 2589/4645, time remaining: 1m 12s
Rendered 2590/4645, time remaining: 1m 11s
Rendered 2591/4645, time remaining: 1m 11s
Rendered 2592/4645, time remaining: 1m 10s
Rendered 2593/4645, time remaining: 1m 10s
Rendered 2594/4645, time remaining: 1m 11s
Rendered 2595/4645, time remaining: 1m 11s
Rendered 2596/4645, time remaining: 1m 11s
Rendered 2597/4645, time remaining: 1m 11s
Rendered 2598/4645, time remaining: 1m 11s
Rendered 2599/4645, time remaining: 1m 10s
Rendered 2600/4645, time remaining: 1m 10s
Rendered 2601/4645, time remaining: 1m 10s
Rendered 2602/4645, time remaining: 1m 11s
Rendered 2603/4645, time remaining: 1m 11s
Rendered 2604/4645, time remaining: 1m 10s
Rendered 2605/4645, time remaining: 1m 11s
Rendered 2606/4645, time remaining: 1m 10s
Rendered 2607/4645, time remaining: 1m 10s
Rendered 2608/4645, time remaining: 1m 10s
Rendered 2609/4645, time remaining: 1m 10s
Rendered 2610/4645, time remaining: 1m 10s
Rendered 2611/4645, time remaining: 1m 9s
Rendered 2612/4645, time remaining: 1m 9s
Rendered 2613/4645, time remaining: 1m 10s
Rendered 2614/4645, time remaining: 1m 10s
Rendered 2615/4645, time remaining: 1m 11s
Rendered 2616/4645, time remaining: 1m 10s
Rendered 2617/4645, time remaining: 1m 10s
Rendered 2618/4645, time remaining: 1m 10s
Rendered 2619/4645, time remaining: 1m 8s
Rendered 2620/4645, time remaining: 1m 10s
Rendered 2621/4645, time remaining: 1m 10s
Rendered 2622/4645, time remaining: 1m 9s
Rendered 2623/4645, time remaining: 1m 9s
Rendered 2624/4645, time remaining: 1m 10s
Rendered 2625/4645, time remaining: 1m 10s
Rendered 2626/4645, time remaining: 1m 10s
Rendered 2627/4645, time remaining: 1m 9s
Rendered 2628/4645, time remaining: 1m 9s
Rendered 2629/4645, time remaining: 1m 9s
Rendered 2630/4645, time remaining: 1m 10s
Rendered 2631/4645, time remaining: 1m 10s
Rendered 2632/4645, time remaining: 1m 10s
Rendered 2633/4645, time remaining: 1m 9s
Rendered 2634/4645, time remaining: 1m 9s
Rendered 2635/4645, time remaining: 1m 8s
Rendered 2636/4645, time remaining: 1m 8s
Rendered 2637/4645, time remaining: 1m 9s
Rendered 2638/4645, time remaining: 1m 9s
Rendered 2639/4645, time remaining: 1m 11s
Rendered 2640/4645, time remaining: 1m 10s
Rendered 2641/4645, time remaining: 1m 10s
Rendered 2642/4645, time remaining: 1m 9s
Rendered 2643/4645, time remaining: 1m 8s
Rendered 2644/4645, time remaining: 1m 9s
Rendered 2645/4645, time remaining: 1m 9s
Rendered 2646/4645, time remaining: 1m 9s
Rendered 2647/4645, time remaining: 1m 9s
Rendered 2648/4645, time remaining: 1m 10s
Rendered 2649/4645, time remaining: 1m 9s
Rendered 2650/4645, time remaining: 1m 9s
Rendered 2651/4645, time remaining: 1m 9s
Rendered 2652/4645, time remaining: 1m 8s
Rendered 2653/4645, time remaining: 1m 8s
Rendered 2654/4645, time remaining: 1m 9s
Rendered 2655/4645, time remaining: 1m 9s
Rendered 2656/4645, time remaining: 1m 9s
Rendered 2657/4645, time remaining: 1m 9s
Rendered 2658/4645, time remaining: 1m 8s
Rendered 2659/4645, time remaining: 1m 9s
Rendered 2660/4645, time remaining: 1m 8s
Rendered 2661/4645, time remaining: 1m 8s
Rendered 2662/4645, time remaining: 1m 8s
Rendered 2663/4645, time remaining: 1m 9s
Rendered 2664/4645, time remaining: 1m 8s
Rendered 2665/4645, time remaining: 1m 8s
Rendered 2666/4645, time remaining: 1m 8s
Rendered 2667/4645, time remaining: 1m 9s
Rendered 2668/4645, time remaining: 1m 7s
Rendered 2669/4645, time remaining: 1m 9s
Rendered 2670/4645, time remaining: 1m 8s
Rendered 2671/4645, time remaining: 1m 8s
Rendered 2672/4645, time remaining: 1m 8s
Rendered 2673/4645, time remaining: 1m 8s
Rendered 2674/4645, time remaining: 1m 7s
Rendered 2675/4645, time remaining: 1m 8s
Rendered 2676/4645, time remaining: 1m 8s
Rendered 2677/4645, time remaining: 1m 9s
Rendered 2678/4645, time remaining: 1m 9s
Rendered 2679/4645, time remaining: 1m 9s
Rendered 2680/4645, time remaining: 1m 9s
Rendered 2681/4645, time remaining: 1m 7s
Rendered 2682/4645, time remaining: 1m 9s
Rendered 2683/4645, time remaining: 1m 8s
Rendered 2684/4645, time remaining: 1m 8s
Rendered 2685/4645, time remaining: 1m 9s
Rendered 2686/4645, time remaining: 1m 8s
Rendered 2687/4645, time remaining: 1m 8s
Rendered 2688/4645, time remaining: 1m 8s
Rendered 2689/4645, time remaining: 1m 8s
Rendered 2690/4645, time remaining: 1m 7s
Rendered 2691/4645, time remaining: 1m 7s
Rendered 2692/4645, time remaining: 1m 7s
Rendered 2693/4645, time remaining: 1m 10s
Rendered 2694/4645, time remaining: 1m 8s
Rendered 2695/4645, time remaining: 1m 7s
Rendered 2696/4645, time remaining: 1m 7s
Rendered 2697/4645, time remaining: 1m 7s
Rendered 2698/4645, time remaining: 1m 8s
Rendered 2699/4645, time remaining: 1m 7s
Rendered 2700/4645, time remaining: 1m 7s
Rendered 2701/4645, time remaining: 1m 9s
Rendered 2702/4645, time remaining: 1m 8s
Rendered 2703/4645, time remaining: 1m 8s
Rendered 2704/4645, time remaining: 1m 7s
Rendered 2705/4645, time remaining: 1m 7s
Rendered 2706/4645, time remaining: 1m 8s
Rendered 2707/4645, time remaining: 1m 6s
Rendered 2708/4645, time remaining: 1m 6s
Rendered 2709/4645, time remaining: 1m 8s
Rendered 2710/4645, time remaining: 1m 8s
Rendered 2711/4645, time remaining: 1m 8s
Rendered 2712/4645, time remaining: 1m 8s
Rendered 2713/4645, time remaining: 1m 8s
Rendered 2714/4645, time remaining: 1m 6s
Rendered 2715/4645, time remaining: 1m 8s
Rendered 2716/4645, time remaining: 1m 7s
Rendered 2717/4645, time remaining: 1m 7s
Rendered 2718/4645, time remaining: 1m 6s
Rendered 2719/4645, time remaining: 1m 8s
Rendered 2720/4645, time remaining: 1m 7s
Rendered 2721/4645, time remaining: 1m 7s
Rendered 2722/4645, time remaining: 1m 7s
Rendered 2723/4645, time remaining: 1m 6s
Rendered 2724/4645, time remaining: 1m 7s
Rendered 2725/4645, time remaining: 1m 6s
Rendered 2726/4645, time remaining: 1m 6s
Rendered 2727/4645, time remaining: 1m 6s
Rendered 2728/4645, time remaining: 1m 6s
Rendered 2729/4645, time remaining: 1m 6s
Rendered 2730/4645, time remaining: 1m 7s
Rendered 2731/4645, time remaining: 1m 6s
Rendered 2732/4645, time remaining: 1m 6s
Rendered 2733/4645, time remaining: 1m 6s
Rendered 2734/4645, time remaining: 1m 5s
Rendered 2735/4645, time remaining: 1m 6s
Rendered 2736/4645, time remaining: 1m 6s
Rendered 2737/4645, time remaining: 1m 5s
Rendered 2738/4645, time remaining: 1m 5s
Rendered 2739/4645, time remaining: 1m 5s
Rendered 2740/4645, time remaining: 1m 5s
Rendered 2741/4645, time remaining: 1m 5s
Rendered 2742/4645, time remaining: 1m 6s
Rendered 2743/4645, time remaining: 1m 6s
Rendered 2744/4645, time remaining: 1m 4s
Rendered 2745/4645, time remaining: 1m 5s
Rendered 2746/4645, time remaining: 1m 5s
Rendered 2747/4645, time remaining: 1m 6s
Rendered 2748/4645, time remaining: 1m 5s
Rendered 2749/4645, time remaining: 1m 7s
Rendered 2750/4645, time remaining: 1m 6s
Rendered 2751/4645, time remaining: 1m 7s
Rendered 2752/4645, time remaining: 1m 5s
Rendered 2753/4645, time remaining: 1m 5s
Rendered 2754/4645, time remaining: 1m 5s
Rendered 2755/4645, time remaining: 1m 4s
Rendered 2756/4645, time remaining: 1m 4s
Rendered 2757/4645, time remaining: 1m 4s
Rendered 2758/4645, time remaining: 1m 5s
Rendered 2759/4645, time remaining: 1m 5s
Rendered 2760/4645, time remaining: 1m 5s
Rendered 2761/4645, time remaining: 1m 4s
Rendered 2762/4645, time remaining: 1m 4s
Rendered 2763/4645, time remaining: 1m 2s
Rendered 2764/4645, time remaining: 1m 2s
Rendered 2765/4645, time remaining: 1m 2s
Rendered 2766/4645, time remaining: 1m 2s
Rendered 2767/4645, time remaining: 1m 2s
Rendered 2768/4645, time remaining: 1m 2s
Rendered 2769/4645, time remaining: 1m 2s
Rendered 2770/4645, time remaining: 1m 1s
Rendered 2771/4645, time remaining: 1m 0s
Rendered 2772/4645, time remaining: 1m 0s
Rendered 2773/4645, time remaining: 1m 0s
Rendered 2774/4645, time remaining: 59s
Rendered 2775/4645, time remaining: 59s
Rendered 2776/4645, time remaining: 59s
Rendered 2777/4645, time remaining: 1m 1s
Rendered 2778/4645, time remaining: 1m 1s
Rendered 2779/4645, time remaining: 1m 0s
Rendered 2780/4645, time remaining: 1m 0s
Rendered 2781/4645, time remaining: 1m 0s
Rendered 2782/4645, time remaining: 1m 0s
Rendered 2783/4645, time remaining: 1m 0s
Rendered 2784/4645, time remaining: 1m 1s
Rendered 2785/4645, time remaining: 1m 1s
Rendered 2786/4645, time remaining: 1m 1s
Rendered 2787/4645, time remaining: 1m 0s
Rendered 2788/4645, time remaining: 1m 0s
Rendered 2789/4645, time remaining: 58s
Rendered 2790/4645, time remaining: 58s
Rendered 2791/4645, time remaining: 1m 0s
Rendered 2792/4645, time remaining: 1m 0s
Rendered 2793/4645, time remaining: 1m 0s
Rendered 2794/4645, time remaining: 59s
Rendered 2795/4645, time remaining: 1m 0s
Rendered 2796/4645, time remaining: 1m 0s
Rendered 2797/4645, time remaining: 59s
Rendered 2798/4645, time remaining: 59s
Rendered 2799/4645, time remaining: 1m 0s
Rendered 2800/4645, time remaining: 59s
Rendered 2801/4645, time remaining: 1m 0s
Rendered 2802/4645, time remaining: 1m 0s
Rendered 2803/4645, time remaining: 59s
Rendered 2804/4645, time remaining: 59s
Rendered 2805/4645, time remaining: 58s
Rendered 2806/4645, time remaining: 58s
Rendered 2807/4645, time remaining: 59s
Rendered 2808/4645, time remaining: 59s
Rendered 2809/4645, time remaining: 59s
Rendered 2810/4645, time remaining: 1m 0s
Rendered 2811/4645, time remaining: 1m 0s
Rendered 2812/4645, time remaining: 59s
Rendered 2813/4645, time remaining: 59s
Rendered 2814/4645, time remaining: 59s
Rendered 2815/4645, time remaining: 59s
Rendered 2816/4645, time remaining: 59s
Rendered 2817/4645, time remaining: 58s
Rendered 2818/4645, time remaining: 1m 0s
Rendered 2819/4645, time remaining: 59s
Rendered 2820/4645, time remaining: 59s
Rendered 2821/4645, time remaining: 58s
Rendered 2822/4645, time remaining: 59s
Rendered 2823/4645, time remaining: 59s
Rendered 2824/4645, time remaining: 58s
Rendered 2825/4645, time remaining: 58s
Rendered 2826/4645, time remaining: 1m 0s
Rendered 2827/4645, time remaining: 59s
Rendered 2828/4645, time remaining: 58s
Rendered 2829/4645, time remaining: 58s
Rendered 2830/4645, time remaining: 58s
Rendered 2831/4645, time remaining: 58s
Rendered 2832/4645, time remaining: 59s
Rendered 2833/4645, time remaining: 59s
Rendered 2834/4645, time remaining: 59s
Rendered 2835/4645, time remaining: 57s
Rendered 2836/4645, time remaining: 58s
Rendered 2837/4645, time remaining: 58s
Rendered 2838/4645, time remaining: 58s
Rendered 2839/4645, time remaining: 59s
Rendered 2840/4645, time remaining: 59s
Rendered 2841/4645, time remaining: 59s
Rendered 2842/4645, time remaining: 59s
Rendered 2843/4645, time remaining: 57s
Rendered 2844/4645, time remaining: 57s
Rendered 2845/4645, time remaining: 58s
Rendered 2846/4645, time remaining: 58s
Rendered 2847/4645, time remaining: 59s
Rendered 2848/4645, time remaining: 59s
Rendered 2849/4645, time remaining: 59s
Rendered 2850/4645, time remaining: 59s
Rendered 2851/4645, time remaining: 57s
Rendered 2852/4645, time remaining: 57s
Rendered 2853/4645, time remaining: 58s
Rendered 2854/4645, time remaining: 58s
Rendered 2855/4645, time remaining: 58s
Rendered 2856/4645, time remaining: 58s
Rendered 2857/4645, time remaining: 59s
Rendered 2858/4645, time remaining: 59s
Rendered 2859/4645, time remaining: 57s
Rendered 2860/4645, time remaining: 57s
Rendered 2861/4645, time remaining: 57s
Rendered 2862/4645, time remaining: 58s
Rendered 2863/4645, time remaining: 58s
Rendered 2864/4645, time remaining: 58s
Rendered 2865/4645, time remaining: 58s
Rendered 2866/4645, time remaining: 58s
Rendered 2867/4645, time remaining: 58s
Rendered 2868/4645, time remaining: 58s
Rendered 2869/4645, time remaining: 57s
Rendered 2870/4645, time remaining: 58s
Rendered 2871/4645, time remaining: 57s
Rendered 2872/4645, time remaining: 56s
Rendered 2873/4645, time remaining: 58s
Rendered 2874/4645, time remaining: 57s
Rendered 2875/4645, time remaining: 57s
Rendered 2876/4645, time remaining: 58s
Rendered 2877/4645, time remaining: 58s
Rendered 2878/4645, time remaining: 58s
Rendered 2879/4645, time remaining: 56s
Rendered 2880/4645, time remaining: 57s
Rendered 2881/4645, time remaining: 57s
Rendered 2882/4645, time remaining: 57s
Rendered 2883/4645, time remaining: 57s
Rendered 2884/4645, time remaining: 57s
Rendered 2885/4645, time remaining: 58s
Rendered 2886/4645, time remaining: 57s
Rendered 2887/4645, time remaining: 56s
Rendered 2888/4645, time remaining: 57s
Rendered 2889/4645, time remaining: 58s
Rendered 2890/4645, time remaining: 57s
Rendered 2891/4645, time remaining: 57s
Rendered 2892/4645, time remaining: 57s
Rendered 2893/4645, time remaining: 57s
Rendered 2894/4645, time remaining: 57s
Rendered 2895/4645, time remaining: 57s
Rendered 2896/4645, time remaining: 57s
Rendered 2897/4645, time remaining: 57s
Rendered 2898/4645, time remaining: 57s
Rendered 2899/4645, time remaining: 56s
Rendered 2900/4645, time remaining: 56s
Rendered 2901/4645, time remaining: 55s
Rendered 2902/4645, time remaining: 56s
Rendered 2903/4645, time remaining: 56s
Rendered 2904/4645, time remaining: 56s
Rendered 2905/4645, time remaining: 56s
Rendered 2906/4645, time remaining: 57s
Rendered 2907/4645, time remaining: 57s
Rendered 2908/4645, time remaining: 56s
Rendered 2909/4645, time remaining: 56s
Rendered 2910/4645, time remaining: 56s
Rendered 2911/4645, time remaining: 56s
Rendered 2912/4645, time remaining: 57s
Rendered 2913/4645, time remaining: 58s
Rendered 2914/4645, time remaining: 58s
Rendered 2915/4645, time remaining: 58s
Rendered 2916/4645, time remaining: 58s
Rendered 2917/4645, time remaining: 58s
Rendered 2918/4645, time remaining: 59s
Rendered 2919/4645, time remaining: 59s
Rendered 2920/4645, time remaining: 59s
Rendered 2921/4645, time remaining: 1m 0s
Rendered 2922/4645, time remaining: 1m 0s
Rendered 2923/4645, time remaining: 1m 0s
Rendered 2924/4645, time remaining: 1m 0s
Rendered 2925/4645, time remaining: 1m 0s
Rendered 2926/4645, time remaining: 1m 0s
Rendered 2927/4645, time remaining: 58s
Rendered 2928/4645, time remaining: 59s
Rendered 2929/4645, time remaining: 59s
Rendered 2930/4645, time remaining: 59s
Rendered 2931/4645, time remaining: 59s
Rendered 2932/4645, time remaining: 59s
Rendered 2933/4645, time remaining: 59s
Rendered 2934/4645, time remaining: 58s
Rendered 2935/4645, time remaining: 59s
Rendered 2936/4645, time remaining: 59s
Rendered 2937/4645, time remaining: 59s
Rendered 2938/4645, time remaining: 59s
Rendered 2939/4645, time remaining: 59s
Rendered 2940/4645, time remaining: 59s
Rendered 2941/4645, time remaining: 58s
Rendered 2942/4645, time remaining: 58s
Rendered 2943/4645, time remaining: 59s
Rendered 2944/4645, time remaining: 59s
Rendered 2945/4645, time remaining: 59s
Rendered 2946/4645, time remaining: 58s
Rendered 2947/4645, time remaining: 58s
Rendered 2948/4645, time remaining: 1m 0s
Rendered 2949/4645, time remaining: 59s
Rendered 2950/4645, time remaining: 59s
Rendered 2951/4645, time remaining: 57s
Rendered 2952/4645, time remaining: 57s
Rendered 2953/4645, time remaining: 58s
Rendered 2954/4645, time remaining: 58s
Rendered 2955/4645, time remaining: 58s
Rendered 2956/4645, time remaining: 59s
Rendered 2957/4645, time remaining: 58s
Rendered 2958/4645, time remaining: 59s
Rendered 2959/4645, time remaining: 57s
Rendered 2960/4645, time remaining: 57s
Rendered 2961/4645, time remaining: 57s
Rendered 2962/4645, time remaining: 57s
Rendered 2963/4645, time remaining: 57s
Rendered 2964/4645, time remaining: 57s
Rendered 2965/4645, time remaining: 58s
Rendered 2966/4645, time remaining: 58s
Rendered 2967/4645, time remaining: 58s
Rendered 2968/4645, time remaining: 56s
Rendered 2969/4645, time remaining: 56s
Rendered 2970/4645, time remaining: 56s
Rendered 2971/4645, time remaining: 57s
Rendered 2972/4645, time remaining: 58s
Rendered 2973/4645, time remaining: 58s
Rendered 2974/4645, time remaining: 58s
Rendered 2975/4645, time remaining: 58s
Rendered 2976/4645, time remaining: 57s
Rendered 2977/4645, time remaining: 56s
Rendered 2978/4645, time remaining: 56s
Rendered 2979/4645, time remaining: 56s
Rendered 2980/4645, time remaining: 58s
Rendered 2981/4645, time remaining: 58s
Rendered 2982/4645, time remaining: 56s
Rendered 2983/4645, time remaining: 57s
Rendered 2984/4645, time remaining: 57s
Rendered 2985/4645, time remaining: 57s
Rendered 2986/4645, time remaining: 57s
Rendered 2987/4645, time remaining: 57s
Rendered 2988/4645, time remaining: 57s
Rendered 2989/4645, time remaining: 56s
Rendered 2990/4645, time remaining: 55s
Rendered 2991/4645, time remaining: 57s
Rendered 2992/4645, time remaining: 57s
Rendered 2993/4645, time remaining: 57s
Rendered 2994/4645, time remaining: 57s
Rendered 2995/4645, time remaining: 56s
Rendered 2996/4645, time remaining: 56s
Rendered 2997/4645, time remaining: 56s
Rendered 2998/4645, time remaining: 55s
Rendered 2999/4645, time remaining: 56s
Rendered 3000/4645, time remaining: 56s
Rendered 3001/4645, time remaining: 58s
Rendered 3002/4645, time remaining: 57s
Rendered 3003/4645, time remaining: 56s
Rendered 3004/4645, time remaining: 56s
Rendered 3005/4645, time remaining: 56s
Rendered 3006/4645, time remaining: 55s
Rendered 3007/4645, time remaining: 55s
Rendered 3008/4645, time remaining: 55s
Rendered 3009/4645, time remaining: 57s
Rendered 3010/4645, time remaining: 57s
Rendered 3011/4645, time remaining: 56s
Rendered 3012/4645, time remaining: 56s
Rendered 3013/4645, time remaining: 56s
Rendered 3014/4645, time remaining: 56s
Rendered 3015/4645, time remaining: 55s
Rendered 3016/4645, time remaining: 55s
Rendered 3017/4645, time remaining: 57s
Rendered 3018/4645, time remaining: 56s
Rendered 3019/4645, time remaining: 56s
Rendered 3020/4645, time remaining: 56s
Rendered 3021/4645, time remaining: 57s
Rendered 3022/4645, time remaining: 57s
Rendered 3023/4645, time remaining: 56s
Rendered 3024/4645, time remaining: 56s
Rendered 3025/4645, time remaining: 56s
Rendered 3026/4645, time remaining: 56s
Rendered 3027/4645, time remaining: 56s
Rendered 3028/4645, time remaining: 56s
Rendered 3029/4645, time remaining: 57s
Rendered 3030/4645, time remaining: 56s
Rendered 3031/4645, time remaining: 56s
Rendered 3032/4645, time remaining: 56s
Rendered 3033/4645, time remaining: 56s
Rendered 3034/4645, time remaining: 55s
Rendered 3035/4645, time remaining: 56s
Rendered 3036/4645, time remaining: 56s
Rendered 3037/4645, time remaining: 55s
Rendered 3038/4645, time remaining: 55s
Rendered 3039/4645, time remaining: 56s
Rendered 3040/4645, time remaining: 56s
Rendered 3041/4645, time remaining: 56s
Rendered 3042/4645, time remaining: 56s
Rendered 3043/4645, time remaining: 56s
Rendered 3044/4645, time remaining: 55s
Rendered 3045/4645, time remaining: 57s
Rendered 3046/4645, time remaining: 57s
Rendered 3047/4645, time remaining: 56s
Rendered 3048/4645, time remaining: 56s
Rendered 3049/4645, time remaining: 55s
Rendered 3050/4645, time remaining: 55s
Rendered 3051/4645, time remaining: 55s
Rendered 3052/4645, time remaining: 55s
Rendered 3053/4645, time remaining: 57s
Rendered 3054/4645, time remaining: 56s
Rendered 3055/4645, time remaining: 56s
Rendered 3056/4645, time remaining: 55s
Rendered 3057/4645, time remaining: 55s
Rendered 3058/4645, time remaining: 55s
Rendered 3059/4645, time remaining: 55s
Rendered 3060/4645, time remaining: 55s
Rendered 3061/4645, time remaining: 57s
Rendered 3062/4645, time remaining: 56s
Rendered 3063/4645, time remaining: 55s
Rendered 3064/4645, time remaining: 55s
Rendered 3065/4645, time remaining: 56s
Rendered 3066/4645, time remaining: 56s
Rendered 3067/4645, time remaining: 56s
Rendered 3068/4645, time remaining: 54s
Rendered 3069/4645, time remaining: 55s
Rendered 3070/4645, time remaining: 55s
Rendered 3071/4645, time remaining: 54s
Rendered 3072/4645, time remaining: 55s
Rendered 3073/4645, time remaining: 55s
Rendered 3074/4645, time remaining: 55s
Rendered 3075/4645, time remaining: 55s
Rendered 3076/4645, time remaining: 56s
Rendered 3077/4645, time remaining: 56s
Rendered 3078/4645, time remaining: 54s
Rendered 3079/4645, time remaining: 55s
Rendered 3080/4645, time remaining: 55s
Rendered 3081/4645, time remaining: 55s
Rendered 3082/4645, time remaining: 55s
Rendered 3083/4645, time remaining: 55s
Rendered 3084/4645, time remaining: 56s
Rendered 3085/4645, time remaining: 55s
Rendered 3086/4645, time remaining: 55s
Rendered 3087/4645, time remaining: 55s
Rendered 3088/4645, time remaining: 55s
Rendered 3089/4645, time remaining: 55s
Rendered 3090/4645, time remaining: 54s
Rendered 3091/4645, time remaining: 55s
Rendered 3092/4645, time remaining: 55s
Rendered 3093/4645, time remaining: 54s
Rendered 3094/4645, time remaining: 54s
Rendered 3095/4645, time remaining: 54s
Rendered 3096/4645, time remaining: 56s
Rendered 3097/4645, time remaining: 56s
Rendered 3098/4645, time remaining: 54s
Rendered 3099/4645, time remaining: 54s
Rendered 3100/4645, time remaining: 54s
Rendered 3101/4645, time remaining: 54s
Rendered 3102/4645, time remaining: 55s
Rendered 3103/4645, time remaining: 54s
Rendered 3104/4645, time remaining: 55s
Rendered 3105/4645, time remaining: 55s
Rendered 3106/4645, time remaining: 54s
Rendered 3107/4645, time remaining: 54s
Rendered 3108/4645, time remaining: 54s
Rendered 3109/4645, time remaining: 54s
Rendered 3110/4645, time remaining: 54s
Rendered 3111/4645, time remaining: 53s
Rendered 3112/4645, time remaining: 54s
Rendered 3113/4645, time remaining: 54s
Rendered 3114/4645, time remaining: 55s
Rendered 3115/4645, time remaining: 54s
Rendered 3116/4645, time remaining: 54s
Rendered 3117/4645, time remaining: 54s
Rendered 3118/4645, time remaining: 54s
Rendered 3119/4645, time remaining: 55s
Rendered 3120/4645, time remaining: 54s
Rendered 3121/4645, time remaining: 54s
Rendered 3122/4645, time remaining: 54s
Rendered 3123/4645, time remaining: 54s
Rendered 3124/4645, time remaining: 54s
Rendered 3125/4645, time remaining: 54s
Rendered 3126/4645, time remaining: 53s
Rendered 3127/4645, time remaining: 54s
Rendered 3128/4645, time remaining: 54s
Rendered 3129/4645, time remaining: 54s
Rendered 3130/4645, time remaining: 53s
Rendered 3131/4645, time remaining: 53s
Rendered 3132/4645, time remaining: 54s
Rendered 3133/4645, time remaining: 53s
Rendered 3134/4645, time remaining: 53s
Rendered 3135/4645, time remaining: 53s
Rendered 3136/4645, time remaining: 54s
Rendered 3137/4645, time remaining: 54s
Rendered 3138/4645, time remaining: 53s
Rendered 3139/4645, time remaining: 54s
Rendered 3140/4645, time remaining: 54s
Rendered 3141/4645, time remaining: 52s
Rendered 3142/4645, time remaining: 52s
Rendered 3143/4645, time remaining: 53s
Rendered 3144/4645, time remaining: 53s
Rendered 3145/4645, time remaining: 53s
Rendered 3146/4645, time remaining: 54s
Rendered 3147/4645, time remaining: 53s
Rendered 3148/4645, time remaining: 52s
Rendered 3149/4645, time remaining: 51s
Rendered 3150/4645, time remaining: 53s
Rendered 3151/4645, time remaining: 52s
Rendered 3152/4645, time remaining: 52s
Rendered 3153/4645, time remaining: 52s
Rendered 3154/4645, time remaining: 53s
Rendered 3155/4645, time remaining: 53s
Rendered 3156/4645, time remaining: 52s
Rendered 3157/4645, time remaining: 52s
Rendered 3158/4645, time remaining: 53s
Rendered 3159/4645, time remaining: 52s
Rendered 3160/4645, time remaining: 52s
Rendered 3161/4645, time remaining: 52s
Rendered 3162/4645, time remaining: 52s
Rendered 3163/4645, time remaining: 52s
Rendered 3164/4645, time remaining: 52s
Rendered 3165/4645, time remaining: 52s
Rendered 3166/4645, time remaining: 53s
Rendered 3167/4645, time remaining: 51s
Rendered 3168/4645, time remaining: 51s
Rendered 3169/4645, time remaining: 52s
Rendered 3170/4645, time remaining: 52s
Rendered 3171/4645, time remaining: 51s
Rendered 3172/4645, time remaining: 52s
Rendered 3173/4645, time remaining: 51s
Rendered 3174/4645, time remaining: 51s
Rendered 3175/4645, time remaining: 52s
Rendered 3176/4645, time remaining: 52s
Rendered 3177/4645, time remaining: 51s
Rendered 3178/4645, time remaining: 51s
Rendered 3179/4645, time remaining: 50s
Rendered 3180/4645, time remaining: 51s
Rendered 3181/4645, time remaining: 51s
Rendered 3182/4645, time remaining: 51s
Rendered 3183/4645, time remaining: 51s
Rendered 3184/4645, time remaining: 51s
Rendered 3185/4645, time remaining: 51s
Rendered 3186/4645, time remaining: 51s
Rendered 3187/4645, time remaining: 52s
Rendered 3188/4645, time remaining: 52s
Rendered 3189/4645, time remaining: 50s
Rendered 3190/4645, time remaining: 50s
Rendered 3191/4645, time remaining: 50s
Rendered 3192/4645, time remaining: 50s
Rendered 3193/4645, time remaining: 50s
Rendered 3194/4645, time remaining: 51s
Rendered 3195/4645, time remaining: 50s
Rendered 3196/4645, time remaining: 50s
Rendered 3197/4645, time remaining: 50s
Rendered 3198/4645, time remaining: 50s
Rendered 3199/4645, time remaining: 50s
Rendered 3200/4645, time remaining: 50s
Rendered 3201/4645, time remaining: 50s
Rendered 3202/4645, time remaining: 50s
Rendered 3203/4645, time remaining: 49s
Rendered 3204/4645, time remaining: 49s
Rendered 3205/4645, time remaining: 49s
Rendered 3206/4645, time remaining: 51s
Rendered 3207/4645, time remaining: 51s
Rendered 3208/4645, time remaining: 51s
Rendered 3209/4645, time remaining: 51s
Rendered 3210/4645, time remaining: 50s
Rendered 3211/4645, time remaining: 49s
Rendered 3212/4645, time remaining: 49s
Rendered 3213/4645, time remaining: 49s
Rendered 3214/4645, time remaining: 51s
Rendered 3215/4645, time remaining: 50s
Rendered 3216/4645, time remaining: 50s
Rendered 3217/4645, time remaining: 50s
Rendered 3218/4645, time remaining: 50s
Rendered 3219/4645, time remaining: 49s
Rendered 3220/4645, time remaining: 49s
Rendered 3221/4645, time remaining: 50s
Rendered 3222/4645, time remaining: 49s
Rendered 3223/4645, time remaining: 50s
Rendered 3224/4645, time remaining: 50s
Rendered 3225/4645, time remaining: 50s
Rendered 3226/4645, time remaining: 49s
Rendered 3227/4645, time remaining: 49s
Rendered 3228/4645, time remaining: 49s
Rendered 3229/4645, time remaining: 49s
Rendered 3230/4645, time remaining: 49s
Rendered 3231/4645, time remaining: 49s
Rendered 3232/4645, time remaining: 50s
Rendered 3233/4645, time remaining: 50s
Rendered 3234/4645, time remaining: 49s
Rendered 3235/4645, time remaining: 48s
Rendered 3236/4645, time remaining: 49s
Rendered 3237/4645, time remaining: 49s
Rendered 3238/4645, time remaining: 50s
Rendered 3239/4645, time remaining: 49s
Rendered 3240/4645, time remaining: 50s
Rendered 3241/4645, time remaining: 49s
Rendered 3242/4645, time remaining: 49s
Rendered 3243/4645, time remaining: 49s
Rendered 3244/4645, time remaining: 49s
Rendered 3245/4645, time remaining: 49s
Rendered 3246/4645, time remaining: 49s
Rendered 3247/4645, time remaining: 49s
Rendered 3248/4645, time remaining: 49s
Rendered 3249/4645, time remaining: 49s
Rendered 3250/4645, time remaining: 49s
Rendered 3251/4645, time remaining: 49s
Rendered 3252/4645, time remaining: 49s
Rendered 3253/4645, time remaining: 49s
Rendered 3254/4645, time remaining: 48s
Rendered 3255/4645, time remaining: 48s
Rendered 3256/4645, time remaining: 48s
Rendered 3257/4645, time remaining: 49s
Rendered 3258/4645, time remaining: 49s
Rendered 3259/4645, time remaining: 49s
Rendered 3260/4645, time remaining: 48s
Rendered 3261/4645, time remaining: 49s
Rendered 3262/4645, time remaining: 49s
Rendered 3263/4645, time remaining: 49s
Rendered 3264/4645, time remaining: 48s
Rendered 3265/4645, time remaining: 48s
Rendered 3266/4645, time remaining: 48s
Rendered 3267/4645, time remaining: 48s
Rendered 3268/4645, time remaining: 48s
Rendered 3269/4645, time remaining: 49s
Rendered 3270/4645, time remaining: 49s
Rendered 3271/4645, time remaining: 48s
Rendered 3272/4645, time remaining: 48s
Rendered 3273/4645, time remaining: 47s
Rendered 3274/4645, time remaining: 47s
Rendered 3275/4645, time remaining: 48s
Rendered 3276/4645, time remaining: 48s
Rendered 3277/4645, time remaining: 48s
Rendered 3278/4645, time remaining: 48s
Rendered 3279/4645, time remaining: 48s
Rendered 3280/4645, time remaining: 47s
Rendered 3281/4645, time remaining: 47s
Rendered 3282/4645, time remaining: 47s
Rendered 3283/4645, time remaining: 47s
Rendered 3284/4645, time remaining: 48s
Rendered 3285/4645, time remaining: 48s
Rendered 3286/4645, time remaining: 47s
Rendered 3287/4645, time remaining: 47s
Rendered 3288/4645, time remaining: 48s
Rendered 3289/4645, time remaining: 47s
Rendered 3290/4645, time remaining: 47s
Rendered 3291/4645, time remaining: 48s
Rendered 3292/4645, time remaining: 47s
Rendered 3293/4645, time remaining: 47s
Rendered 3294/4645, time remaining: 47s
Rendered 3295/4645, time remaining: 47s
Rendered 3296/4645, time remaining: 46s
Rendered 3297/4645, time remaining: 47s
Rendered 3298/4645, time remaining: 47s
Rendered 3299/4645, time remaining: 47s
Rendered 3300/4645, time remaining: 45s
Rendered 3301/4645, time remaining: 47s
Rendered 3302/4645, time remaining: 47s
Rendered 3303/4645, time remaining: 47s
Rendered 3304/4645, time remaining: 46s
Rendered 3305/4645, time remaining: 46s
Rendered 3306/4645, time remaining: 46s
Rendered 3307/4645, time remaining: 46s
Rendered 3308/4645, time remaining: 45s
Rendered 3309/4645, time remaining: 46s
Rendered 3310/4645, time remaining: 46s
Rendered 3311/4645, time remaining: 46s
Rendered 3312/4645, time remaining: 47s
Rendered 3313/4645, time remaining: 46s
Rendered 3314/4645, time remaining: 46s
Rendered 3315/4645, time remaining: 46s
Rendered 3316/4645, time remaining: 46s
Rendered 3317/4645, time remaining: 46s
Rendered 3318/4645, time remaining: 46s
Rendered 3319/4645, time remaining: 46s
Rendered 3320/4645, time remaining: 46s
Rendered 3321/4645, time remaining: 46s
Rendered 3322/4645, time remaining: 45s
Rendered 3323/4645, time remaining: 46s
Rendered 3324/4645, time remaining: 46s
Rendered 3325/4645, time remaining: 45s
Rendered 3326/4645, time remaining: 46s
Rendered 3327/4645, time remaining: 46s
Rendered 3328/4645, time remaining: 46s
Rendered 3329/4645, time remaining: 46s
Rendered 3330/4645, time remaining: 45s
Rendered 3331/4645, time remaining: 45s
Rendered 3332/4645, time remaining: 46s
Rendered 3333/4645, time remaining: 46s
Rendered 3334/4645, time remaining: 45s
Rendered 3335/4645, time remaining: 45s
Rendered 3336/4645, time remaining: 45s
Rendered 3337/4645, time remaining: 44s
Rendered 3338/4645, time remaining: 45s
Rendered 3339/4645, time remaining: 45s
Rendered 3340/4645, time remaining: 45s
Rendered 3341/4645, time remaining: 45s
Rendered 3342/4645, time remaining: 45s
Rendered 3343/4645, time remaining: 46s
Rendered 3344/4645, time remaining: 45s
Rendered 3345/4645, time remaining: 45s
Rendered 3346/4645, time remaining: 45s
Rendered 3347/4645, time remaining: 45s
Rendered 3348/4645, time remaining: 44s
Rendered 3349/4645, time remaining: 44s
Rendered 3350/4645, time remaining: 45s
Rendered 3351/4645, time remaining: 45s
Rendered 3352/4645, time remaining: 45s
Rendered 3353/4645, time remaining: 44s
Rendered 3354/4645, time remaining: 45s
Rendered 3355/4645, time remaining: 46s
Rendered 3356/4645, time remaining: 44s
Rendered 3357/4645, time remaining: 44s
Rendered 3358/4645, time remaining: 44s
Rendered 3359/4645, time remaining: 44s
Rendered 3360/4645, time remaining: 45s
Rendered 3361/4645, time remaining: 45s
Rendered 3362/4645, time remaining: 46s
Rendered 3363/4645, time remaining: 45s
Rendered 3364/4645, time remaining: 44s
Rendered 3365/4645, time remaining: 44s
Rendered 3366/4645, time remaining: 44s
Rendered 3367/4645, time remaining: 44s
Rendered 3368/4645, time remaining: 44s
Rendered 3369/4645, time remaining: 44s
Rendered 3370/4645, time remaining: 45s
Rendered 3371/4645, time remaining: 45s
Rendered 3372/4645, time remaining: 45s
Rendered 3373/4645, time remaining: 44s
Rendered 3374/4645, time remaining: 44s
Rendered 3375/4645, time remaining: 44s
Rendered 3376/4645, time remaining: 44s
Rendered 3377/4645, time remaining: 44s
Rendered 3378/4645, time remaining: 44s
Rendered 3379/4645, time remaining: 45s
Rendered 3380/4645, time remaining: 44s
Rendered 3381/4645, time remaining: 44s
Rendered 3382/4645, time remaining: 43s
Rendered 3383/4645, time remaining: 44s
Rendered 3384/4645, time remaining: 44s
Rendered 3385/4645, time remaining: 44s
Rendered 3386/4645, time remaining: 43s
Rendered 3387/4645, time remaining: 44s
Rendered 3388/4645, time remaining: 43s
Rendered 3389/4645, time remaining: 43s
Rendered 3390/4645, time remaining: 43s
Rendered 3391/4645, time remaining: 43s
Rendered 3392/4645, time remaining: 43s
Rendered 3393/4645, time remaining: 43s
Rendered 3394/4645, time remaining: 43s
Rendered 3395/4645, time remaining: 44s
Rendered 3396/4645, time remaining: 43s
Rendered 3397/4645, time remaining: 43s
Rendered 3398/4645, time remaining: 43s
Rendered 3399/4645, time remaining: 44s
Rendered 3400/4645, time remaining: 43s
Rendered 3401/4645, time remaining: 43s
Rendered 3402/4645, time remaining: 43s
Rendered 3403/4645, time remaining: 43s
Rendered 3404/4645, time remaining: 43s
Rendered 3405/4645, time remaining: 43s
Rendered 3406/4645, time remaining: 44s
Rendered 3407/4645, time remaining: 43s
Rendered 3408/4645, time remaining: 43s
Rendered 3409/4645, time remaining: 43s
Rendered 3410/4645, time remaining: 43s
Rendered 3411/4645, time remaining: 43s
Rendered 3412/4645, time remaining: 42s
Rendered 3413/4645, time remaining: 42s
Rendered 3414/4645, time remaining: 43s
Rendered 3415/4645, time remaining: 43s
Rendered 3416/4645, time remaining: 43s
Rendered 3417/4645, time remaining: 43s
Rendered 3418/4645, time remaining: 43s
Rendered 3419/4645, time remaining: 42s
Rendered 3420/4645, time remaining: 42s
Rendered 3421/4645, time remaining: 42s
Rendered 3422/4645, time remaining: 43s
Rendered 3423/4645, time remaining: 43s
Rendered 3424/4645, time remaining: 44s
Rendered 3425/4645, time remaining: 43s
Rendered 3426/4645, time remaining: 42s
Rendered 3427/4645, time remaining: 42s
Rendered 3428/4645, time remaining: 43s
Rendered 3429/4645, time remaining: 43s
Rendered 3430/4645, time remaining: 43s
Rendered 3431/4645, time remaining: 43s
Rendered 3432/4645, time remaining: 43s
Rendered 3433/4645, time remaining: 42s
Rendered 3434/4645, time remaining: 42s
Rendered 3435/4645, time remaining: 42s
Rendered 3436/4645, time remaining: 43s
Rendered 3437/4645, time remaining: 43s
Rendered 3438/4645, time remaining: 43s
Rendered 3439/4645, time remaining: 43s
Rendered 3440/4645, time remaining: 42s
Rendered 3441/4645, time remaining: 42s
Rendered 3442/4645, time remaining: 42s
Rendered 3443/4645, time remaining: 43s
Rendered 3444/4645, time remaining: 43s
Rendered 3445/4645, time remaining: 43s
Rendered 3446/4645, time remaining: 43s
Rendered 3447/4645, time remaining: 42s
Rendered 3448/4645, time remaining: 42s
Rendered 3449/4645, time remaining: 42s
Rendered 3450/4645, time remaining: 42s
Rendered 3451/4645, time remaining: 42s
Rendered 3452/4645, time remaining: 42s
Rendered 3453/4645, time remaining: 42s
Rendered 3454/4645, time remaining: 42s
Rendered 3455/4645, time remaining: 42s
Rendered 3456/4645, time remaining: 42s
Rendered 3457/4645, time remaining: 43s
Rendered 3458/4645, time remaining: 43s
Rendered 3459/4645, time remaining: 42s
Rendered 3460/4645, time remaining: 42s
Rendered 3461/4645, time remaining: 42s
Rendered 3462/4645, time remaining: 41s
Rendered 3463/4645, time remaining: 41s
Rendered 3464/4645, time remaining: 42s
Rendered 3465/4645, time remaining: 42s
Rendered 3466/4645, time remaining: 41s
Rendered 3467/4645, time remaining: 42s
Rendered 3468/4645, time remaining: 42s
Rendered 3469/4645, time remaining: 42s
Rendered 3470/4645, time remaining: 42s
Rendered 3471/4645, time remaining: 42s
Rendered 3472/4645, time remaining: 42s
Rendered 3473/4645, time remaining: 41s
Rendered 3474/4645, time remaining: 41s
Rendered 3475/4645, time remaining: 41s
Rendered 3476/4645, time remaining: 41s
Rendered 3477/4645, time remaining: 41s
Rendered 3478/4645, time remaining: 42s
Rendered 3479/4645, time remaining: 41s
Rendered 3480/4645, time remaining: 42s
Rendered 3481/4645, time remaining: 42s
Rendered 3482/4645, time remaining: 41s
Rendered 3483/4645, time remaining: 41s
Rendered 3484/4645, time remaining: 41s
Rendered 3485/4645, time remaining: 41s
Rendered 3486/4645, time remaining: 41s
Rendered 3487/4645, time remaining: 41s
Rendered 3488/4645, time remaining: 41s
Rendered 3489/4645, time remaining: 41s
Rendered 3490/4645, time remaining: 41s
Rendered 3491/4645, time remaining: 42s
Rendered 3492/4645, time remaining: 41s
Rendered 3493/4645, time remaining: 40s
Rendered 3494/4645, time remaining: 41s
Rendered 3495/4645, time remaining: 41s
Rendered 3496/4645, time remaining: 40s
Rendered 3497/4645, time remaining: 40s
Rendered 3498/4645, time remaining: 40s
Rendered 3499/4645, time remaining: 40s
Rendered 3500/4645, time remaining: 40s
Rendered 3501/4645, time remaining: 40s
Rendered 3502/4645, time remaining: 41s
Rendered 3503/4645, time remaining: 41s
Rendered 3504/4645, time remaining: 40s
Rendered 3505/4645, time remaining: 40s
Rendered 3506/4645, time remaining: 40s
Rendered 3507/4645, time remaining: 40s
Rendered 3508/4645, time remaining: 41s
Rendered 3509/4645, time remaining: 41s
Rendered 3510/4645, time remaining: 40s
Rendered 3511/4645, time remaining: 40s
Rendered 3512/4645, time remaining: 39s
Rendered 3513/4645, time remaining: 40s
Rendered 3514/4645, time remaining: 40s
Rendered 3515/4645, time remaining: 39s
Rendered 3516/4645, time remaining: 40s
Rendered 3517/4645, time remaining: 40s
Rendered 3518/4645, time remaining: 40s
Rendered 3519/4645, time remaining: 40s
Rendered 3520/4645, time remaining: 40s
Rendered 3521/4645, time remaining: 39s
Rendered 3522/4645, time remaining: 39s
Rendered 3523/4645, time remaining: 39s
Rendered 3524/4645, time remaining: 39s
Rendered 3525/4645, time remaining: 40s
Rendered 3526/4645, time remaining: 39s
Rendered 3527/4645, time remaining: 39s
Rendered 3528/4645, time remaining: 39s
Rendered 3529/4645, time remaining: 39s
Rendered 3530/4645, time remaining: 39s
Rendered 3531/4645, time remaining: 38s
Rendered 3532/4645, time remaining: 40s
Rendered 3533/4645, time remaining: 39s
Rendered 3534/4645, time remaining: 39s
Rendered 3535/4645, time remaining: 39s
Rendered 3536/4645, time remaining: 39s
Rendered 3537/4645, time remaining: 38s
Rendered 3538/4645, time remaining: 38s
Rendered 3539/4645, time remaining: 38s
Rendered 3540/4645, time remaining: 39s
Rendered 3541/4645, time remaining: 39s
Rendered 3542/4645, time remaining: 39s
Rendered 3543/4645, time remaining: 39s
Rendered 3544/4645, time remaining: 39s
Rendered 3545/4645, time remaining: 38s
Rendered 3546/4645, time remaining: 38s
Rendered 3547/4645, time remaining: 38s
Rendered 3548/4645, time remaining: 38s
Rendered 3549/4645, time remaining: 38s
Rendered 3550/4645, time remaining: 38s
Rendered 3551/4645, time remaining: 38s
Rendered 3552/4645, time remaining: 38s
Rendered 3553/4645, time remaining: 37s
Rendered 3554/4645, time remaining: 37s
Rendered 3555/4645, time remaining: 38s
Rendered 3556/4645, time remaining: 38s
Rendered 3557/4645, time remaining: 37s
Rendered 3558/4645, time remaining: 37s
Rendered 3559/4645, time remaining: 38s
Rendered 3560/4645, time remaining: 38s
Rendered 3561/4645, time remaining: 38s
Rendered 3562/4645, time remaining: 38s
Rendered 3563/4645, time remaining: 38s
Rendered 3564/4645, time remaining: 37s
Rendered 3565/4645, time remaining: 37s
Rendered 3566/4645, time remaining: 37s
Rendered 3567/4645, time remaining: 37s
Rendered 3568/4645, time remaining: 37s
Rendered 3569/4645, time remaining: 37s
Rendered 3570/4645, time remaining: 37s
Rendered 3571/4645, time remaining: 37s
Rendered 3572/4645, time remaining: 37s
Rendered 3573/4645, time remaining: 37s
Rendered 3574/4645, time remaining: 37s
Rendered 3575/4645, time remaining: 37s
Rendered 3576/4645, time remaining: 37s
Rendered 3577/4645, time remaining: 37s
Rendered 3578/4645, time remaining: 37s
Rendered 3579/4645, time remaining: 37s
Rendered 3580/4645, time remaining: 36s
Rendered 3581/4645, time remaining: 36s
Rendered 3582/4645, time remaining: 37s
Rendered 3583/4645, time remaining: 37s
Rendered 3584/4645, time remaining: 37s
Rendered 3585/4645, time remaining: 37s
Rendered 3586/4645, time remaining: 36s
Rendered 3587/4645, time remaining: 36s
Rendered 3588/4645, time remaining: 36s
Rendered 3589/4645, time remaining: 37s
Rendered 3590/4645, time remaining: 36s
Rendered 3591/4645, time remaining: 36s
Rendered 3592/4645, time remaining: 36s
Rendered 3593/4645, time remaining: 36s
Rendered 3594/4645, time remaining: 37s
Rendered 3595/4645, time remaining: 36s
Rendered 3596/4645, time remaining: 36s
Rendered 3597/4645, time remaining: 36s
Rendered 3598/4645, time remaining: 36s
Rendered 3599/4645, time remaining: 36s
Rendered 3600/4645, time remaining: 36s
Rendered 3601/4645, time remaining: 36s
Rendered 3602/4645, time remaining: 36s
Rendered 3603/4645, time remaining: 36s
Rendered 3604/4645, time remaining: 36s
Rendered 3605/4645, time remaining: 36s
Rendered 3606/4645, time remaining: 36s
Rendered 3607/4645, time remaining: 35s
Rendered 3608/4645, time remaining: 35s
Rendered 3609/4645, time remaining: 36s
Rendered 3610/4645, time remaining: 36s
Rendered 3611/4645, time remaining: 36s
Rendered 3612/4645, time remaining: 36s
Rendered 3613/4645, time remaining: 36s
Rendered 3614/4645, time remaining: 35s
Rendered 3615/4645, time remaining: 35s
Rendered 3616/4645, time remaining: 36s
Rendered 3617/4645, time remaining: 36s
Rendered 3618/4645, time remaining: 36s
Rendered 3619/4645, time remaining: 36s
Rendered 3620/4645, time remaining: 35s
Rendered 3621/4645, time remaining: 35s
Rendered 3622/4645, time remaining: 35s
Rendered 3623/4645, time remaining: 35s
Rendered 3624/4645, time remaining: 36s
Rendered 3625/4645, time remaining: 35s
Rendered 3626/4645, time remaining: 35s
Rendered 3627/4645, time remaining: 35s
Rendered 3628/4645, time remaining: 35s
Rendered 3629/4645, time remaining: 35s
Rendered 3630/4645, time remaining: 34s
Rendered 3631/4645, time remaining: 34s
Rendered 3632/4645, time remaining: 34s
Rendered 3633/4645, time remaining: 34s
Rendered 3634/4645, time remaining: 34s
Rendered 3635/4645, time remaining: 33s
Rendered 3636/4645, time remaining: 33s
Rendered 3637/4645, time remaining: 33s
Rendered 3638/4645, time remaining: 33s
Rendered 3639/4645, time remaining: 33s
Rendered 3640/4645, time remaining: 33s
Rendered 3641/4645, time remaining: 32s
Rendered 3642/4645, time remaining: 32s
Rendered 3643/4645, time remaining: 32s
Rendered 3644/4645, time remaining: 32s
Rendered 3645/4645, time remaining: 32s
Rendered 3646/4645, time remaining: 32s
Rendered 3647/4645, time remaining: 33s
Rendered 3648/4645, time remaining: 32s
Rendered 3649/4645, time remaining: 33s
Rendered 3650/4645, time remaining: 32s
Rendered 3651/4645, time remaining: 32s
Rendered 3652/4645, time remaining: 31s
Rendered 3653/4645, time remaining: 31s
Rendered 3654/4645, time remaining: 31s
Rendered 3655/4645, time remaining: 32s
Rendered 3656/4645, time remaining: 31s
Rendered 3657/4645, time remaining: 32s
Rendered 3658/4645, time remaining: 32s
Rendered 3659/4645, time remaining: 32s
Rendered 3660/4645, time remaining: 31s
Rendered 3661/4645, time remaining: 31s
Rendered 3662/4645, time remaining: 32s
Rendered 3663/4645, time remaining: 31s
Rendered 3664/4645, time remaining: 31s
Rendered 3665/4645, time remaining: 32s
Rendered 3666/4645, time remaining: 32s
Rendered 3667/4645, time remaining: 32s
Rendered 3668/4645, time remaining: 31s
Rendered 3669/4645, time remaining: 31s
Rendered 3670/4645, time remaining: 31s
Rendered 3671/4645, time remaining: 31s
Rendered 3672/4645, time remaining: 31s
Rendered 3673/4645, time remaining: 32s
Rendered 3674/4645, time remaining: 31s
Rendered 3675/4645, time remaining: 31s
Rendered 3676/4645, time remaining: 31s
Rendered 3677/4645, time remaining: 31s
Rendered 3678/4645, time remaining: 31s
Rendered 3679/4645, time remaining: 32s
Rendered 3680/4645, time remaining: 32s
Rendered 3681/4645, time remaining: 32s
Rendered 3682/4645, time remaining: 31s
Rendered 3683/4645, time remaining: 31s
Rendered 3684/4645, time remaining: 31s
Rendered 3685/4645, time remaining: 31s
Rendered 3686/4645, time remaining: 31s
Rendered 3687/4645, time remaining: 31s
Rendered 3688/4645, time remaining: 31s
Rendered 3689/4645, time remaining: 31s
Rendered 3690/4645, time remaining: 30s
Rendered 3691/4645, time remaining: 31s
Rendered 3692/4645, time remaining: 30s
Rendered 3693/4645, time remaining: 30s
Rendered 3694/4645, time remaining: 31s
Rendered 3695/4645, time remaining: 31s
Rendered 3696/4645, time remaining: 30s
Rendered 3697/4645, time remaining: 30s
Rendered 3698/4645, time remaining: 30s
Rendered 3699/4645, time remaining: 30s
Rendered 3700/4645, time remaining: 30s
Rendered 3701/4645, time remaining: 30s
Rendered 3702/4645, time remaining: 30s
Rendered 3703/4645, time remaining: 30s
Rendered 3704/4645, time remaining: 30s
Rendered 3705/4645, time remaining: 30s
Rendered 3706/4645, time remaining: 30s
Rendered 3707/4645, time remaining: 30s
Rendered 3708/4645, time remaining: 30s
Rendered 3709/4645, time remaining: 30s
Rendered 3710/4645, time remaining: 30s
Rendered 3711/4645, time remaining: 30s
Rendered 3712/4645, time remaining: 30s
Rendered 3713/4645, time remaining: 30s
Rendered 3714/4645, time remaining: 30s
Rendered 3715/4645, time remaining: 30s
Rendered 3716/4645, time remaining: 30s
Rendered 3717/4645, time remaining: 29s
Rendered 3718/4645, time remaining: 29s
Rendered 3719/4645, time remaining: 30s
Rendered 3720/4645, time remaining: 30s
Rendered 3721/4645, time remaining: 30s
Rendered 3722/4645, time remaining: 30s
Rendered 3723/4645, time remaining: 30s
Rendered 3724/4645, time remaining: 29s
Rendered 3725/4645, time remaining: 29s
Rendered 3726/4645, time remaining: 29s
Rendered 3727/4645, time remaining: 29s
Rendered 3728/4645, time remaining: 29s
Rendered 3729/4645, time remaining: 29s
Rendered 3730/4645, time remaining: 29s
Rendered 3731/4645, time remaining: 29s
Rendered 3732/4645, time remaining: 29s
Rendered 3733/4645, time remaining: 29s
Rendered 3734/4645, time remaining: 29s
Rendered 3735/4645, time remaining: 29s
Rendered 3736/4645, time remaining: 29s
Rendered 3737/4645, time remaining: 29s
Rendered 3738/4645, time remaining: 29s
Rendered 3739/4645, time remaining: 29s
Rendered 3740/4645, time remaining: 29s
Rendered 3741/4645, time remaining: 29s
Rendered 3742/4645, time remaining: 29s
Rendered 3743/4645, time remaining: 29s
Rendered 3744/4645, time remaining: 28s
Rendered 3745/4645, time remaining: 29s
Rendered 3746/4645, time remaining: 29s
Rendered 3747/4645, time remaining: 28s
Rendered 3748/4645, time remaining: 28s
Rendered 3749/4645, time remaining: 29s
Rendered 3750/4645, time remaining: 29s
Rendered 3751/4645, time remaining: 28s
Rendered 3752/4645, time remaining: 28s
Rendered 3753/4645, time remaining: 28s
Rendered 3754/4645, time remaining: 28s
Rendered 3755/4645, time remaining: 28s
Rendered 3756/4645, time remaining: 28s
Rendered 3757/4645, time remaining: 29s
Rendered 3758/4645, time remaining: 29s
Rendered 3759/4645, time remaining: 28s
Rendered 3760/4645, time remaining: 28s
Rendered 3761/4645, time remaining: 28s
Rendered 3762/4645, time remaining: 28s
Rendered 3763/4645, time remaining: 28s
Rendered 3764/4645, time remaining: 28s
Rendered 3765/4645, time remaining: 28s
Rendered 3766/4645, time remaining: 28s
Rendered 3767/4645, time remaining: 27s
Rendered 3768/4645, time remaining: 27s
Rendered 3769/4645, time remaining: 27s
Rendered 3770/4645, time remaining: 27s
Rendered 3771/4645, time remaining: 28s
Rendered 3772/4645, time remaining: 27s
Rendered 3773/4645, time remaining: 28s
Rendered 3774/4645, time remaining: 28s
Rendered 3775/4645, time remaining: 27s
Rendered 3776/4645, time remaining: 28s
Rendered 3777/4645, time remaining: 28s
Rendered 3778/4645, time remaining: 28s
Rendered 3779/4645, time remaining: 28s
Rendered 3780/4645, time remaining: 28s
Rendered 3781/4645, time remaining: 28s
Rendered 3782/4645, time remaining: 28s
Rendered 3783/4645, time remaining: 28s
Rendered 3784/4645, time remaining: 28s
Rendered 3785/4645, time remaining: 29s
Rendered 3786/4645, time remaining: 29s
Rendered 3787/4645, time remaining: 29s
Rendered 3788/4645, time remaining: 28s
Rendered 3789/4645, time remaining: 29s
Rendered 3790/4645, time remaining: 28s
Rendered 3791/4645, time remaining: 28s
Rendered 3792/4645, time remaining: 28s
Rendered 3793/4645, time remaining: 29s
Rendered 3794/4645, time remaining: 29s
Rendered 3795/4645, time remaining: 29s
Rendered 3796/4645, time remaining: 29s
Rendered 3797/4645, time remaining: 28s
Rendered 3798/4645, time remaining: 29s
Rendered 3799/4645, time remaining: 28s
Rendered 3800/4645, time remaining: 28s
Rendered 3801/4645, time remaining: 29s
Rendered 3802/4645, time remaining: 29s
Rendered 3803/4645, time remaining: 29s
Rendered 3804/4645, time remaining: 29s
Rendered 3805/4645, time remaining: 29s
Rendered 3806/4645, time remaining: 29s
Rendered 3807/4645, time remaining: 28s
Rendered 3808/4645, time remaining: 28s
Rendered 3809/4645, time remaining: 28s
Rendered 3810/4645, time remaining: 28s
Rendered 3811/4645, time remaining: 28s
Rendered 3812/4645, time remaining: 28s
Rendered 3813/4645, time remaining: 29s
Rendered 3814/4645, time remaining: 29s
Rendered 3815/4645, time remaining: 28s
Rendered 3816/4645, time remaining: 28s
Rendered 3817/4645, time remaining: 28s
Rendered 3818/4645, time remaining: 28s
Rendered 3819/4645, time remaining: 28s
Rendered 3820/4645, time remaining: 28s
Rendered 3821/4645, time remaining: 28s
Rendered 3822/4645, time remaining: 28s
Rendered 3823/4645, time remaining: 27s
Rendered 3824/4645, time remaining: 28s
Rendered 3825/4645, time remaining: 28s
Rendered 3826/4645, time remaining: 28s
Rendered 3827/4645, time remaining: 28s
Rendered 3828/4645, time remaining: 28s
Rendered 3829/4645, time remaining: 27s
Rendered 3830/4645, time remaining: 27s
Rendered 3831/4645, time remaining: 27s
Rendered 3832/4645, time remaining: 27s
Rendered 3833/4645, time remaining: 27s
Rendered 3834/4645, time remaining: 27s
Rendered 3835/4645, time remaining: 27s
Rendered 3836/4645, time remaining: 28s
Rendered 3837/4645, time remaining: 28s
Rendered 3838/4645, time remaining: 28s
Rendered 3839/4645, time remaining: 28s
Rendered 3840/4645, time remaining: 27s
Rendered 3841/4645, time remaining: 27s
Rendered 3842/4645, time remaining: 27s
Rendered 3843/4645, time remaining: 27s
Rendered 3844/4645, time remaining: 28s
Rendered 3845/4645, time remaining: 28s
Rendered 3846/4645, time remaining: 27s
Rendered 3847/4645, time remaining: 27s
Rendered 3848/4645, time remaining: 27s
Rendered 3849/4645, time remaining: 27s
Rendered 3850/4645, time remaining: 27s
Rendered 3851/4645, time remaining: 27s
Rendered 3852/4645, time remaining: 28s
Rendered 3853/4645, time remaining: 27s
Rendered 3854/4645, time remaining: 27s
Rendered 3855/4645, time remaining: 27s
Rendered 3856/4645, time remaining: 27s
Rendered 3857/4645, time remaining: 27s
Rendered 3858/4645, time remaining: 26s
Rendered 3859/4645, time remaining: 26s
Rendered 3860/4645, time remaining: 27s
Rendered 3861/4645, time remaining: 27s
Rendered 3862/4645, time remaining: 26s
Rendered 3863/4645, time remaining: 27s
Rendered 3864/4645, time remaining: 27s
Rendered 3865/4645, time remaining: 27s
Rendered 3866/4645, time remaining: 27s
Rendered 3867/4645, time remaining: 26s
Rendered 3868/4645, time remaining: 26s
Rendered 3869/4645, time remaining: 26s
Rendered 3870/4645, time remaining: 26s
Rendered 3871/4645, time remaining: 26s
Rendered 3872/4645, time remaining: 27s
Rendered 3873/4645, time remaining: 26s
Rendered 3874/4645, time remaining: 26s
Rendered 3875/4645, time remaining: 26s
Rendered 3876/4645, time remaining: 26s
Rendered 3877/4645, time remaining: 26s
Rendered 3878/4645, time remaining: 26s
Rendered 3879/4645, time remaining: 26s
Rendered 3880/4645, time remaining: 26s
Rendered 3881/4645, time remaining: 26s
Rendered 3882/4645, time remaining: 26s
Rendered 3883/4645, time remaining: 26s
Rendered 3884/4645, time remaining: 26s
Rendered 3885/4645, time remaining: 26s
Rendered 3886/4645, time remaining: 26s
Rendered 3887/4645, time remaining: 26s
Rendered 3888/4645, time remaining: 26s
Rendered 3889/4645, time remaining: 26s
Rendered 3890/4645, time remaining: 26s
Rendered 3891/4645, time remaining: 26s
Rendered 3892/4645, time remaining: 26s
Rendered 3893/4645, time remaining: 26s
Rendered 3894/4645, time remaining: 26s
Rendered 3895/4645, time remaining: 26s
Rendered 3896/4645, time remaining: 26s
Rendered 3897/4645, time remaining: 26s
Rendered 3898/4645, time remaining: 25s
Rendered 3899/4645, time remaining: 26s
Rendered 3900/4645, time remaining: 26s
Rendered 3901/4645, time remaining: 26s
Rendered 3902/4645, time remaining: 25s
Rendered 3903/4645, time remaining: 25s
Rendered 3904/4645, time remaining: 25s
Rendered 3905/4645, time remaining: 25s
Rendered 3906/4645, time remaining: 26s
Rendered 3907/4645, time remaining: 25s
Rendered 3908/4645, time remaining: 26s
Rendered 3909/4645, time remaining: 26s
Rendered 3910/4645, time remaining: 25s
Rendered 3911/4645, time remaining: 25s
Rendered 3912/4645, time remaining: 25s
Rendered 3913/4645, time remaining: 25s
Rendered 3914/4645, time remaining: 25s
Rendered 3915/4645, time remaining: 25s
Rendered 3916/4645, time remaining: 25s
Rendered 3917/4645, time remaining: 25s
Rendered 3918/4645, time remaining: 25s
Rendered 3919/4645, time remaining: 25s
Rendered 3920/4645, time remaining: 25s
Rendered 3921/4645, time remaining: 25s
Rendered 3922/4645, time remaining: 25s
Rendered 3923/4645, time remaining: 24s
Rendered 3924/4645, time remaining: 25s
Rendered 3925/4645, time remaining: 25s
Rendered 3926/4645, time remaining: 25s
Rendered 3927/4645, time remaining: 25s
Rendered 3928/4645, time remaining: 25s
Rendered 3929/4645, time remaining: 25s
Rendered 3930/4645, time remaining: 25s
Rendered 3931/4645, time remaining: 25s
Rendered 3932/4645, time remaining: 24s
Rendered 3933/4645, time remaining: 25s
Rendered 3934/4645, time remaining: 25s
Rendered 3935/4645, time remaining: 24s
Rendered 3936/4645, time remaining: 24s
Rendered 3937/4645, time remaining: 25s
Rendered 3938/4645, time remaining: 25s
Rendered 3939/4645, time remaining: 24s
Rendered 3940/4645, time remaining: 25s
Rendered 3941/4645, time remaining: 25s
Rendered 3942/4645, time remaining: 25s
Rendered 3943/4645, time remaining: 25s
Rendered 3944/4645, time remaining: 24s
Rendered 3945/4645, time remaining: 24s
Rendered 3946/4645, time remaining: 24s
Rendered 3947/4645, time remaining: 24s
Rendered 3948/4645, time remaining: 24s
Rendered 3949/4645, time remaining: 24s
Rendered 3950/4645, time remaining: 24s
Rendered 3951/4645, time remaining: 24s
Rendered 3952/4645, time remaining: 24s
Rendered 3953/4645, time remaining: 24s
Rendered 3954/4645, time remaining: 23s
Rendered 3955/4645, time remaining: 23s
Rendered 3956/4645, time remaining: 24s
Rendered 3957/4645, time remaining: 24s
Rendered 3958/4645, time remaining: 24s
Rendered 3959/4645, time remaining: 24s
Rendered 3960/4645, time remaining: 24s
Rendered 3961/4645, time remaining: 24s
Rendered 3962/4645, time remaining: 23s
Rendered 3963/4645, time remaining: 23s
Rendered 3964/4645, time remaining: 23s
Rendered 3965/4645, time remaining: 23s
Rendered 3966/4645, time remaining: 23s
Rendered 3967/4645, time remaining: 23s
Rendered 3968/4645, time remaining: 23s
Rendered 3969/4645, time remaining: 23s
Rendered 3970/4645, time remaining: 23s
Rendered 3971/4645, time remaining: 23s
Rendered 3972/4645, time remaining: 23s
Rendered 3973/4645, time remaining: 23s
Rendered 3974/4645, time remaining: 23s
Rendered 3975/4645, time remaining: 23s
Rendered 3976/4645, time remaining: 23s
Rendered 3977/4645, time remaining: 23s
Rendered 3978/4645, time remaining: 23s
Rendered 3979/4645, time remaining: 23s
Rendered 3980/4645, time remaining: 23s
Rendered 3981/4645, time remaining: 23s
Rendered 3982/4645, time remaining: 23s
Rendered 3983/4645, time remaining: 23s
Rendered 3984/4645, time remaining: 23s
Rendered 3985/4645, time remaining: 23s
Rendered 3986/4645, time remaining: 23s
Rendered 3987/4645, time remaining: 23s
Rendered 3988/4645, time remaining: 23s
Rendered 3989/4645, time remaining: 23s
Rendered 3990/4645, time remaining: 23s
Rendered 3991/4645, time remaining: 23s
Rendered 3992/4645, time remaining: 23s
Rendered 3993/4645, time remaining: 23s
Rendered 3994/4645, time remaining: 22s
Rendered 3995/4645, time remaining: 22s
Rendered 3996/4645, time remaining: 23s
Rendered 3997/4645, time remaining: 23s
Rendered 3998/4645, time remaining: 22s
Rendered 3999/4645, time remaining: 22s
Rendered 4000/4645, time remaining: 23s
Rendered 4001/4645, time remaining: 23s
Rendered 4002/4645, time remaining: 22s
Rendered 4003/4645, time remaining: 22s
Rendered 4004/4645, time remaining: 22s
Rendered 4005/4645, time remaining: 23s
Rendered 4006/4645, time remaining: 22s
Rendered 4007/4645, time remaining: 22s
Rendered 4008/4645, time remaining: 23s
Rendered 4009/4645, time remaining: 23s
Rendered 4010/4645, time remaining: 23s
Rendered 4011/4645, time remaining: 23s
Rendered 4012/4645, time remaining: 22s
Rendered 4013/4645, time remaining: 22s
Rendered 4014/4645, time remaining: 22s
Rendered 4015/4645, time remaining: 22s
Rendered 4016/4645, time remaining: 22s
Rendered 4017/4645, time remaining: 22s
Rendered 4018/4645, time remaining: 22s
Rendered 4019/4645, time remaining: 22s
Rendered 4020/4645, time remaining: 22s
Rendered 4021/4645, time remaining: 22s
Rendered 4022/4645, time remaining: 22s
Rendered 4023/4645, time remaining: 22s
Rendered 4024/4645, time remaining: 22s
Rendered 4025/4645, time remaining: 22s
Rendered 4026/4645, time remaining: 22s
Rendered 4027/4645, time remaining: 22s
Rendered 4028/4645, time remaining: 22s
Rendered 4029/4645, time remaining: 22s
Rendered 4030/4645, time remaining: 22s
Rendered 4031/4645, time remaining: 22s
Rendered 4032/4645, time remaining: 22s
Rendered 4033/4645, time remaining: 22s
Rendered 4034/4645, time remaining: 22s
Rendered 4035/4645, time remaining: 22s
Rendered 4036/4645, time remaining: 22s
Rendered 4037/4645, time remaining: 22s
Rendered 4038/4645, time remaining: 22s
Rendered 4039/4645, time remaining: 22s
Rendered 4040/4645, time remaining: 22s
Rendered 4041/4645, time remaining: 22s
Rendered 4042/4645, time remaining: 21s
Rendered 4043/4645, time remaining: 21s
Rendered 4044/4645, time remaining: 22s
Rendered 4045/4645, time remaining: 21s
Rendered 4046/4645, time remaining: 21s
Rendered 4047/4645, time remaining: 21s
Rendered 4048/4645, time remaining: 22s
Rendered 4049/4645, time remaining: 22s
Rendered 4050/4645, time remaining: 21s
Rendered 4051/4645, time remaining: 21s
Rendered 4052/4645, time remaining: 21s
Rendered 4053/4645, time remaining: 21s
Rendered 4054/4645, time remaining: 22s
Rendered 4055/4645, time remaining: 22s
Rendered 4056/4645, time remaining: 21s
Rendered 4057/4645, time remaining: 21s
Rendered 4058/4645, time remaining: 21s
Rendered 4059/4645, time remaining: 21s
Rendered 4060/4645, time remaining: 21s
Rendered 4061/4645, time remaining: 21s
Rendered 4062/4645, time remaining: 22s
Rendered 4063/4645, time remaining: 21s
Rendered 4064/4645, time remaining: 21s
Rendered 4065/4645, time remaining: 21s
Rendered 4066/4645, time remaining: 21s
Rendered 4067/4645, time remaining: 21s
Rendered 4068/4645, time remaining: 21s
Rendered 4069/4645, time remaining: 21s
Rendered 4070/4645, time remaining: 21s
Rendered 4071/4645, time remaining: 21s
Rendered 4072/4645, time remaining: 21s
Rendered 4073/4645, time remaining: 21s
Rendered 4074/4645, time remaining: 20s
Rendered 4075/4645, time remaining: 21s
Rendered 4076/4645, time remaining: 21s
Rendered 4077/4645, time remaining: 21s
Rendered 4078/4645, time remaining: 21s
Rendered 4079/4645, time remaining: 20s
Rendered 4080/4645, time remaining: 20s
Rendered 4081/4645, time remaining: 20s
Rendered 4082/4645, time remaining: 20s
Rendered 4083/4645, time remaining: 20s
Rendered 4084/4645, time remaining: 20s
Rendered 4085/4645, time remaining: 20s
Rendered 4086/4645, time remaining: 20s
Rendered 4087/4645, time remaining: 20s
Rendered 4088/4645, time remaining: 20s
Rendered 4089/4645, time remaining: 20s
Rendered 4090/4645, time remaining: 20s
Rendered 4091/4645, time remaining: 20s
Rendered 4092/4645, time remaining: 20s
Rendered 4093/4645, time remaining: 20s
Rendered 4094/4645, time remaining: 20s
Rendered 4095/4645, time remaining: 20s
Rendered 4096/4645, time remaining: 20s
Rendered 4097/4645, time remaining: 20s
Rendered 4098/4645, time remaining: 20s
Rendered 4099/4645, time remaining: 20s
Rendered 4100/4645, time remaining: 19s
Rendered 4101/4645, time remaining: 19s
Rendered 4102/4645, time remaining: 20s
Rendered 4103/4645, time remaining: 20s
Rendered 4104/4645, time remaining: 20s
Rendered 4105/4645, time remaining: 20s
Rendered 4106/4645, time remaining: 19s
Rendered 4107/4645, time remaining: 19s
Rendered 4108/4645, time remaining: 19s
Rendered 4109/4645, time remaining: 19s
Rendered 4110/4645, time remaining: 19s
Rendered 4111/4645, time remaining: 19s
Rendered 4112/4645, time remaining: 19s
Rendered 4113/4645, time remaining: 19s
Rendered 4114/4645, time remaining: 19s
Rendered 4115/4645, time remaining: 19s
Rendered 4116/4645, time remaining: 19s
Rendered 4117/4645, time remaining: 19s
Rendered 4118/4645, time remaining: 19s
Rendered 4119/4645, time remaining: 19s
Rendered 4120/4645, time remaining: 19s
Rendered 4121/4645, time remaining: 19s
Rendered 4122/4645, time remaining: 19s
Rendered 4123/4645, time remaining: 19s
Rendered 4124/4645, time remaining: 19s
Rendered 4125/4645, time remaining: 19s
Rendered 4126/4645, time remaining: 19s
Rendered 4127/4645, time remaining: 18s
Rendered 4128/4645, time remaining: 18s
Rendered 4129/4645, time remaining: 18s
Rendered 4130/4645, time remaining: 18s
Rendered 4131/4645, time remaining: 18s
Rendered 4132/4645, time remaining: 18s
Rendered 4133/4645, time remaining: 18s
Rendered 4134/4645, time remaining: 18s
Rendered 4135/4645, time remaining: 18s
Rendered 4136/4645, time remaining: 18s
Rendered 4137/4645, time remaining: 18s
Rendered 4138/4645, time remaining: 18s
Rendered 4139/4645, time remaining: 18s
Rendered 4140/4645, time remaining: 18s
Rendered 4141/4645, time remaining: 18s
Rendered 4142/4645, time remaining: 18s
Rendered 4143/4645, time remaining: 18s
Rendered 4144/4645, time remaining: 18s
Rendered 4145/4645, time remaining: 18s
Rendered 4146/4645, time remaining: 18s
Rendered 4147/4645, time remaining: 18s
Rendered 4148/4645, time remaining: 18s
Rendered 4149/4645, time remaining: 18s
Rendered 4150/4645, time remaining: 18s
Rendered 4151/4645, time remaining: 18s
Rendered 4152/4645, time remaining: 17s
Rendered 4153/4645, time remaining: 17s
Rendered 4154/4645, time remaining: 17s
Rendered 4155/4645, time remaining: 18s
Rendered 4156/4645, time remaining: 18s
Rendered 4157/4645, time remaining: 17s
Rendered 4158/4645, time remaining: 17s
Rendered 4159/4645, time remaining: 17s
Rendered 4160/4645, time remaining: 17s
Rendered 4161/4645, time remaining: 17s
Rendered 4162/4645, time remaining: 17s
Rendered 4163/4645, time remaining: 17s
Rendered 4164/4645, time remaining: 17s
Rendered 4165/4645, time remaining: 17s
Rendered 4166/4645, time remaining: 17s
Rendered 4167/4645, time remaining: 17s
Rendered 4168/4645, time remaining: 17s
Rendered 4169/4645, time remaining: 17s
Rendered 4170/4645, time remaining: 17s
Rendered 4171/4645, time remaining: 17s
Rendered 4172/4645, time remaining: 17s
Rendered 4173/4645, time remaining: 17s
Rendered 4174/4645, time remaining: 17s
Rendered 4175/4645, time remaining: 16s
Rendered 4176/4645, time remaining: 16s
Rendered 4177/4645, time remaining: 16s
Rendered 4178/4645, time remaining: 16s
Rendered 4179/4645, time remaining: 16s
Rendered 4180/4645, time remaining: 16s
Rendered 4181/4645, time remaining: 16s
Rendered 4182/4645, time remaining: 16s
Rendered 4183/4645, time remaining: 16s
Rendered 4184/4645, time remaining: 16s
Rendered 4185/4645, time remaining: 16s
Rendered 4186/4645, time remaining: 16s
Rendered 4187/4645, time remaining: 16s
Rendered 4188/4645, time remaining: 16s
Rendered 4189/4645, time remaining: 16s
Rendered 4190/4645, time remaining: 16s
Rendered 4191/4645, time remaining: 16s
Rendered 4192/4645, time remaining: 16s
Rendered 4193/4645, time remaining: 16s
Rendered 4194/4645, time remaining: 16s
Rendered 4195/4645, time remaining: 15s
Rendered 4196/4645, time remaining: 16s
Rendered 4197/4645, time remaining: 16s
Rendered 4198/4645, time remaining: 15s
Rendered 4199/4645, time remaining: 15s
Rendered 4200/4645, time remaining: 15s
Rendered 4201/4645, time remaining: 15s
Rendered 4202/4645, time remaining: 15s
Rendered 4203/4645, time remaining: 15s
Rendered 4204/4645, time remaining: 15s
Rendered 4205/4645, time remaining: 15s
Rendered 4206/4645, time remaining: 15s
Rendered 4207/4645, time remaining: 15s
Rendered 4208/4645, time remaining: 15s
Rendered 4209/4645, time remaining: 15s
Rendered 4210/4645, time remaining: 15s
Rendered 4211/4645, time remaining: 15s
Rendered 4212/4645, time remaining: 15s
Rendered 4213/4645, time remaining: 15s
Rendered 4214/4645, time remaining: 15s
Rendered 4215/4645, time remaining: 14s
Rendered 4216/4645, time remaining: 14s
Rendered 4217/4645, time remaining: 14s
Rendered 4218/4645, time remaining: 14s
Rendered 4219/4645, time remaining: 14s
Rendered 4220/4645, time remaining: 14s
Rendered 4221/4645, time remaining: 14s
Rendered 4222/4645, time remaining: 14s
Rendered 4223/4645, time remaining: 14s
Rendered 4224/4645, time remaining: 14s
Rendered 4225/4645, time remaining: 14s
Rendered 4226/4645, time remaining: 14s
Rendered 4227/4645, time remaining: 14s
Rendered 4228/4645, time remaining: 14s
Rendered 4229/4645, time remaining: 14s
Rendered 4230/4645, time remaining: 14s
Rendered 4231/4645, time remaining: 14s
Rendered 4232/4645, time remaining: 14s
Rendered 4233/4645, time remaining: 14s
Rendered 4234/4645, time remaining: 14s
Rendered 4235/4645, time remaining: 14s
Rendered 4236/4645, time remaining: 14s
Rendered 4237/4645, time remaining: 14s
Rendered 4238/4645, time remaining: 14s
Rendered 4239/4645, time remaining: 14s
Rendered 4240/4645, time remaining: 14s
Rendered 4241/4645, time remaining: 14s
Rendered 4242/4645, time remaining: 14s
Rendered 4243/4645, time remaining: 14s
Rendered 4244/4645, time remaining: 13s
Rendered 4245/4645, time remaining: 13s
Rendered 4246/4645, time remaining: 13s
Rendered 4247/4645, time remaining: 13s
Rendered 4248/4645, time remaining: 13s
Rendered 4249/4645, time remaining: 13s
Rendered 4250/4645, time remaining: 13s
Rendered 4251/4645, time remaining: 13s
Rendered 4252/4645, time remaining: 13s
Rendered 4253/4645, time remaining: 13s
Rendered 4254/4645, time remaining: 13s
Rendered 4255/4645, time remaining: 13s
Rendered 4256/4645, time remaining: 13s
Rendered 4257/4645, time remaining: 13s
Rendered 4258/4645, time remaining: 13s
Rendered 4259/4645, time remaining: 13s
Rendered 4260/4645, time remaining: 13s
Rendered 4261/4645, time remaining: 13s
Rendered 4262/4645, time remaining: 13s
Rendered 4263/4645, time remaining: 13s
Rendered 4264/4645, time remaining: 13s
Rendered 4265/4645, time remaining: 13s
Rendered 4266/4645, time remaining: 13s
Rendered 4267/4645, time remaining: 13s
Rendered 4268/4645, time remaining: 13s
Rendered 4269/4645, time remaining: 13s
Rendered 4270/4645, time remaining: 13s
Rendered 4271/4645, time remaining: 13s
Rendered 4272/4645, time remaining: 13s
Rendered 4273/4645, time remaining: 12s
Rendered 4274/4645, time remaining: 13s
Rendered 4275/4645, time remaining: 12s
Rendered 4276/4645, time remaining: 13s
Rendered 4277/4645, time remaining: 13s
Rendered 4278/4645, time remaining: 13s
Rendered 4279/4645, time remaining: 12s
Rendered 4280/4645, time remaining: 12s
Rendered 4281/4645, time remaining: 12s
Rendered 4282/4645, time remaining: 12s
Rendered 4283/4645, time remaining: 12s
Rendered 4284/4645, time remaining: 12s
Rendered 4285/4645, time remaining: 12s
Rendered 4286/4645, time remaining: 12s
Rendered 4287/4645, time remaining: 12s
Rendered 4288/4645, time remaining: 12s
Rendered 4289/4645, time remaining: 12s
Rendered 4290/4645, time remaining: 12s
Rendered 4291/4645, time remaining: 12s
Rendered 4292/4645, time remaining: 12s
Rendered 4293/4645, time remaining: 12s
Rendered 4294/4645, time remaining: 12s
Rendered 4295/4645, time remaining: 12s
Rendered 4296/4645, time remaining: 12s
Rendered 4297/4645, time remaining: 12s
Rendered 4298/4645, time remaining: 12s
Rendered 4299/4645, time remaining: 11s
Rendered 4300/4645, time remaining: 11s
Rendered 4301/4645, time remaining: 12s
Rendered 4302/4645, time remaining: 12s
Rendered 4303/4645, time remaining: 11s
Rendered 4304/4645, time remaining: 12s
Rendered 4305/4645, time remaining: 11s
Rendered 4306/4645, time remaining: 11s
Rendered 4307/4645, time remaining: 11s
Rendered 4308/4645, time remaining: 11s
Rendered 4309/4645, time remaining: 11s
Rendered 4310/4645, time remaining: 11s
Rendered 4311/4645, time remaining: 11s
Rendered 4312/4645, time remaining: 11s
Rendered 4313/4645, time remaining: 11s
Rendered 4314/4645, time remaining: 11s
Rendered 4315/4645, time remaining: 11s
Rendered 4316/4645, time remaining: 11s
Rendered 4317/4645, time remaining: 11s
Rendered 4318/4645, time remaining: 11s
Rendered 4319/4645, time remaining: 11s
Rendered 4320/4645, time remaining: 11s
Rendered 4321/4645, time remaining: 11s
Rendered 4322/4645, time remaining: 11s
Rendered 4323/4645, time remaining: 11s
Rendered 4324/4645, time remaining: 10s
Rendered 4325/4645, time remaining: 11s
Rendered 4326/4645, time remaining: 11s
Rendered 4327/4645, time remaining: 11s
Rendered 4328/4645, time remaining: 11s
Rendered 4329/4645, time remaining: 11s
Rendered 4330/4645, time remaining: 10s
Rendered 4331/4645, time remaining: 10s
Rendered 4332/4645, time remaining: 10s
Rendered 4333/4645, time remaining: 10s
Rendered 4334/4645, time remaining: 10s
Rendered 4335/4645, time remaining: 10s
Rendered 4336/4645, time remaining: 10s
Rendered 4337/4645, time remaining: 10s
Rendered 4338/4645, time remaining: 10s
Rendered 4339/4645, time remaining: 10s
Rendered 4340/4645, time remaining: 10s
Rendered 4341/4645, time remaining: 10s
Rendered 4342/4645, time remaining: 10s
Rendered 4343/4645, time remaining: 10s
Rendered 4344/4645, time remaining: 10s
Rendered 4345/4645, time remaining: 10s
Rendered 4346/4645, time remaining: 10s
Rendered 4347/4645, time remaining: 10s
Rendered 4348/4645, time remaining: 10s
Rendered 4349/4645, time remaining: 10s
Rendered 4350/4645, time remaining: 10s
Rendered 4351/4645, time remaining: 10s
Rendered 4352/4645, time remaining: 10s
Rendered 4353/4645, time remaining: 10s
Rendered 4354/4645, time remaining: 10s
Rendered 4355/4645, time remaining: 10s
Rendered 4356/4645, time remaining: 10s
Rendered 4357/4645, time remaining: 10s
Rendered 4358/4645, time remaining: 10s
Rendered 4359/4645, time remaining: 9s
Rendered 4360/4645, time remaining: 10s
Rendered 4361/4645, time remaining: 10s
Rendered 4362/4645, time remaining: 9s
Rendered 4363/4645, time remaining: 9s
Rendered 4364/4645, time remaining: 9s
Rendered 4365/4645, time remaining: 9s
Rendered 4366/4645, time remaining: 9s
Rendered 4367/4645, time remaining: 9s
Rendered 4368/4645, time remaining: 9s
Rendered 4369/4645, time remaining: 9s
Rendered 4370/4645, time remaining: 9s
Rendered 4371/4645, time remaining: 9s
Rendered 4372/4645, time remaining: 9s
Rendered 4373/4645, time remaining: 9s
Rendered 4374/4645, time remaining: 9s
Rendered 4375/4645, time remaining: 9s
Rendered 4376/4645, time remaining: 9s
Rendered 4377/4645, time remaining: 9s
Rendered 4378/4645, time remaining: 9s
Rendered 4379/4645, time remaining: 9s
Rendered 4380/4645, time remaining: 9s
Rendered 4381/4645, time remaining: 9s
Rendered 4382/4645, time remaining: 9s
Rendered 4383/4645, time remaining: 9s
Rendered 4384/4645, time remaining: 9s
Rendered 4385/4645, time remaining: 9s
Rendered 4386/4645, time remaining: 9s
Rendered 4387/4645, time remaining: 9s
Rendered 4388/4645, time remaining: 9s
Rendered 4389/4645, time remaining: 9s
Rendered 4390/4645, time remaining: 8s
Rendered 4391/4645, time remaining: 8s
Rendered 4392/4645, time remaining: 9s
Rendered 4393/4645, time remaining: 8s
Rendered 4394/4645, time remaining: 8s
Rendered 4395/4645, time remaining: 8s
Rendered 4396/4645, time remaining: 8s
Rendered 4397/4645, time remaining: 8s
Rendered 4398/4645, time remaining: 8s
Rendered 4399/4645, time remaining: 8s
Rendered 4400/4645, time remaining: 8s
Rendered 4401/4645, time remaining: 8s
Rendered 4402/4645, time remaining: 8s
Rendered 4403/4645, time remaining: 8s
Rendered 4404/4645, time remaining: 8s
Rendered 4405/4645, time remaining: 8s
Rendered 4406/4645, time remaining: 8s
Rendered 4407/4645, time remaining: 8s
Rendered 4408/4645, time remaining: 8s
Rendered 4409/4645, time remaining: 8s
Rendered 4410/4645, time remaining: 8s
Rendered 4411/4645, time remaining: 8s
Rendered 4412/4645, time remaining: 8s
Rendered 4413/4645, time remaining: 8s
Rendered 4414/4645, time remaining: 8s
Rendered 4415/4645, time remaining: 8s
Rendered 4416/4645, time remaining: 8s
Rendered 4417/4645, time remaining: 8s
Rendered 4418/4645, time remaining: 8s
Rendered 4419/4645, time remaining: 8s
Rendered 4420/4645, time remaining: 8s
Rendered 4421/4645, time remaining: 8s
Rendered 4422/4645, time remaining: 7s
Rendered 4423/4645, time remaining: 7s
Rendered 4424/4645, time remaining: 7s
Rendered 4425/4645, time remaining: 7s
Rendered 4426/4645, time remaining: 7s
Rendered 4427/4645, time remaining: 7s
Rendered 4428/4645, time remaining: 7s
Rendered 4429/4645, time remaining: 7s
Rendered 4430/4645, time remaining: 7s
Rendered 4431/4645, time remaining: 7s
Rendered 4432/4645, time remaining: 7s
Rendered 4433/4645, time remaining: 7s
Rendered 4434/4645, time remaining: 7s
Rendered 4435/4645, time remaining: 7s
Rendered 4436/4645, time remaining: 7s
Rendered 4437/4645, time remaining: 7s
Rendered 4438/4645, time remaining: 7s
Rendered 4439/4645, time remaining: 7s
Rendered 4440/4645, time remaining: 7s
Rendered 4441/4645, time remaining: 7s
Rendered 4442/4645, time remaining: 7s
Rendered 4443/4645, time remaining: 7s
Rendered 4444/4645, time remaining: 7s
Rendered 4445/4645, time remaining: 7s
Rendered 4446/4645, time remaining: 7s
Rendered 4447/4645, time remaining: 7s
Rendered 4448/4645, time remaining: 7s
Rendered 4449/4645, time remaining: 6s
Rendered 4450/4645, time remaining: 6s
Rendered 4451/4645, time remaining: 6s
Rendered 4452/4645, time remaining: 6s
Rendered 4453/4645, time remaining: 7s
Rendered 4454/4645, time remaining: 6s
Rendered 4455/4645, time remaining: 6s
Rendered 4456/4645, time remaining: 6s
Rendered 4457/4645, time remaining: 6s
Rendered 4458/4645, time remaining: 6s
Rendered 4459/4645, time remaining: 6s
Rendered 4460/4645, time remaining: 6s
Rendered 4461/4645, time remaining: 6s
Rendered 4462/4645, time remaining: 6s
Rendered 4463/4645, time remaining: 6s
Rendered 4464/4645, time remaining: 6s
Rendered 4465/4645, time remaining: 6s
Rendered 4466/4645, time remaining: 6s
Rendered 4467/4645, time remaining: 6s
Rendered 4468/4645, time remaining: 6s
Rendered 4469/4645, time remaining: 6s
Rendered 4470/4645, time remaining: 6s
Rendered 4471/4645, time remaining: 6s
Rendered 4472/4645, time remaining: 6s
Rendered 4473/4645, time remaining: 6s
Rendered 4474/4645, time remaining: 6s
Rendered 4475/4645, time remaining: 6s
Rendered 4476/4645, time remaining: 5s
Rendered 4477/4645, time remaining: 6s
Rendered 4478/4645, time remaining: 6s
Rendered 4479/4645, time remaining: 6s
Rendered 4480/4645, time remaining: 6s
Rendered 4481/4645, time remaining: 6s
Rendered 4482/4645, time remaining: 5s
Rendered 4483/4645, time remaining: 5s
Rendered 4484/4645, time remaining: 5s
Rendered 4485/4645, time remaining: 5s
Rendered 4486/4645, time remaining: 5s
Rendered 4487/4645, time remaining: 5s
Rendered 4488/4645, time remaining: 5s
Rendered 4489/4645, time remaining: 5s
Rendered 4490/4645, time remaining: 5s
Rendered 4491/4645, time remaining: 5s
Rendered 4492/4645, time remaining: 5s
Rendered 4493/4645, time remaining: 5s
Rendered 4494/4645, time remaining: 5s
Rendered 4495/4645, time remaining: 5s
Rendered 4496/4645, time remaining: 5s
Rendered 4497/4645, time remaining: 5s
Rendered 4498/4645, time remaining: 5s
Rendered 4499/4645, time remaining: 5s
Rendered 4500/4645, time remaining: 5s
Rendered 4501/4645, time remaining: 5s
Rendered 4502/4645, time remaining: 5s
Rendered 4503/4645, time remaining: 5s
Rendered 4504/4645, time remaining: 5s
Rendered 4505/4645, time remaining: 5s
Rendered 4506/4645, time remaining: 5s
Rendered 4507/4645, time remaining: 5s
Rendered 4508/4645, time remaining: 5s
Rendered 4509/4645, time remaining: 5s
Rendered 4510/4645, time remaining: 4s
Rendered 4511/4645, time remaining: 4s
Rendered 4512/4645, time remaining: 4s
Rendered 4513/4645, time remaining: 4s
Rendered 4514/4645, time remaining: 4s
Rendered 4515/4645, time remaining: 4s
Rendered 4516/4645, time remaining: 4s
Rendered 4517/4645, time remaining: 4s
Rendered 4518/4645, time remaining: 4s
Rendered 4519/4645, time remaining: 4s
Rendered 4520/4645, time remaining: 4s
Rendered 4521/4645, time remaining: 4s
Rendered 4522/4645, time remaining: 4s
Rendered 4523/4645, time remaining: 4s
Rendered 4524/4645, time remaining: 4s
Rendered 4525/4645, time remaining: 4s
Rendered 4526/4645, time remaining: 4s
Rendered 4527/4645, time remaining: 4s
Rendered 4528/4645, time remaining: 4s
Rendered 4529/4645, time remaining: 4s
Rendered 4530/4645, time remaining: 4s
Rendered 4531/4645, time remaining: 4s
Rendered 4532/4645, time remaining: 4s
Rendered 4533/4645, time remaining: 4s
Rendered 4534/4645, time remaining: 4s
Rendered 4535/4645, time remaining: 4s
Rendered 4536/4645, time remaining: 4s
Rendered 4537/4645, time remaining: 4s
Rendered 4538/4645, time remaining: 3s
Rendered 4539/4645, time remaining: 3s
Rendered 4540/4645, time remaining: 3s
Rendered 4541/4645, time remaining: 3s
Rendered 4542/4645, time remaining: 3s
Rendered 4543/4645, time remaining: 3s
Rendered 4544/4645, time remaining: 3s
Rendered 4545/4645, time remaining: 3s
Rendered 4546/4645, time remaining: 3s
Rendered 4547/4645, time remaining: 3s
Rendered 4548/4645, time remaining: 3s
Rendered 4549/4645, time remaining: 3s
Rendered 4550/4645, time remaining: 3s
Rendered 4551/4645, time remaining: 3s
Rendered 4552/4645, time remaining: 3s
Rendered 4553/4645, time remaining: 3s
Rendered 4554/4645, time remaining: 3s
Rendered 4555/4645, time remaining: 3s
Rendered 4556/4645, time remaining: 3s
Rendered 4557/4645, time remaining: 3s
Rendered 4558/4645, time remaining: 3s
Rendered 4559/4645, time remaining: 3s
Rendered 4560/4645, time remaining: 3s
Rendered 4561/4645, time remaining: 3s
Rendered 4562/4645, time remaining: 3s
Rendered 4563/4645, time remaining: 3s
Rendered 4564/4645, time remaining: 2s
Rendered 4565/4645, time remaining: 2s
Rendered 4566/4645, time remaining: 2s
Rendered 4567/4645, time remaining: 2s
Rendered 4568/4645, time remaining: 2s
Rendered 4569/4645, time remaining: 2s
Rendered 4570/4645, time remaining: 2s
Rendered 4571/4645, time remaining: 2s
Rendered 4572/4645, time remaining: 2s
Rendered 4573/4645, time remaining: 2s
Rendered 4574/4645, time remaining: 2s
Rendered 4575/4645, time remaining: 2s
Rendered 4576/4645, time remaining: 2s
Rendered 4577/4645, time remaining: 2s
Rendered 4578/4645, time remaining: 2s
Rendered 4579/4645, time remaining: 2s
Rendered 4580/4645, time remaining: 2s
Rendered 4581/4645, time remaining: 2s
Rendered 4582/4645, time remaining: 2s
Rendered 4583/4645, time remaining: 2s
Rendered 4584/4645, time remaining: 2s
Rendered 4585/4645, time remaining: 2s
Rendered 4586/4645, time remaining: 2s
Rendered 4587/4645, time remaining: 2s
Rendered 4588/4645, time remaining: 2s
Rendered 4589/4645, time remaining: 2s
Rendered 4590/4645, time remaining: 2s
Rendered 4591/4645, time remaining: 1s
Rendered 4592/4645, time remaining: 1s
Rendered 4593/4645, time remaining: 1s
Rendered 4594/4645, time remaining: 1s
Rendered 4595/4645, time remaining: 1s
Rendered 4596/4645, time remaining: 1s
Rendered 4597/4645, time remaining: 1s
Rendered 4598/4645, time remaining: 1s
Rendered 4599/4645, time remaining: 1s
Rendered 4600/4645, time remaining: 1s
Rendered 4601/4645, time remaining: 1s
Rendered 4602/4645, time remaining: 1s
Rendered 4603/4645, time remaining: 1s
Rendered 4604/4645, time remaining: 1s
Rendered 4605/4645, time remaining: 1s
Rendered 4606/4645, time remaining: 1s
Rendered 4607/4645, time remaining: 1s
Rendered 4608/4645, time remaining: 1s
Rendered 4609/4645, time remaining: 1s
Rendered 4610/4645, time remaining: 1s
Rendered 4611/4645, time remaining: 1s
Rendered 4612/4645, time remaining: 1s
Rendered 4613/4645, time remaining: 1s
Rendered 4614/4645, time remaining: 1s
Rendered 4615/4645, time remaining: 1s
Rendered 4616/4645, time remaining: 1s
Rendered 4617/4645, time remaining: 0s
Rendered 4618/4645, time remaining: 0s
Rendered 4619/4645, time remaining: 0s
Rendered 4620/4645, time remaining: 0s
Rendered 4621/4645, time remaining: 0s
Rendered 4622/4645, time remaining: 0s
Rendered 4623/4645, time remaining: 0s
Rendered 4624/4645, time remaining: 0s
Rendered 4625/4645, time remaining: 0s
Rendered 4626/4645, time remaining: 0s
Rendered 4627/4645, time remaining: 0s
Rendered 4628/4645, time remaining: 0s
Rendered 4629/4645, time remaining: 0s
Rendered 4630/4645, time remaining: 0s
Rendered 4631/4645, time remaining: 0s
Rendered 4632/4645, time remaining: 0s
Rendered 4633/4645, time remaining: 0s
Rendered 4634/4645, time remaining: 0s
Rendered 4635/4645, time remaining: 0s
Rendered 4636/4645, time remaining: 0s
Rendered 4637/4645, time remaining: 0s
Rendered 4638/4645, time remaining: 0s
Rendered 4639/4645, time remaining: 0s
Rendered 4640/4645, time remaining: 0s
Rendered 4641/4645, time remaining: 0s
Rendered 4642/4645, time remaining: 0s
Rendered 4643/4645, time remaining: 0s
Rendered 4644/4645, time remaining: 0s
Rendered 4645/4645
Encoded 69/4645
Encoded 168/4645
Encoded 284/4645
Encoded 394/4645
Encoded 489/4645
Encoded 589/4645
Encoded 695/4645
Encoded 796/4645
Encoded 893/4645
Encoded 997/4645
Encoded 1093/4645
Encoded 1187/4645
Encoded 1287/4645
Encoded 1393/4645
Encoded 1503/4645
Encoded 1606/4645
Encoded 1705/4645
Encoded 1802/4645
Encoded 1892/4645
Encoded 1989/4645
Encoded 2103/4645
Encoded 2199/4645
Encoded 2306/4645
Encoded 2417/4645
Encoded 2534/4645
Encoded 2654/4645
Encoded 2759/4645
Encoded 2860/4645
Encoded 2945/4645
Encoded 3037/4645
Encoded 3118/4645
Encoded 3217/4645
Encoded 3308/4645
Encoded 3408/4645
Encoded 3498/4645
Encoded 3592/4645
Encoded 3679/4645
Encoded 3776/4645
Encoded 3870/4645
Encoded 3963/4645
Encoded 4065/4645
Encoded 4158/4645
Encoded 4267/4645
Encoded 4378/4645
Encoded 4480/4645
Encoded 4567/4645
Encoded 4645/4645
+                    ../projects/import-china-india-te/renders/ch02.mp4 20.7 MB
Bundling 6%
Bundling 16%
Bundling 64%
Bundling 70%
Bundling 75%
Bundling 80%
Bundling 85%
Bundling 91%
Bundling 98%
Bundling 100%
Getting composition
Composition          Explainer
Codec                h264
Output               ../projects/import-china-india-te/renders/ch03.mp4
Concurrency          8x
Rendered 0/3784
Rendered 1/3784, time remaining: 51m 57s
Rendered 2/3784, time remaining: 26m 3s
Rendered 3/3784, time remaining: 17m 33s
Rendered 4/3784, time remaining: 13m 20s
Rendered 5/3784, time remaining: 10m 53s
Rendered 6/3784, time remaining: 9m 7s
Rendered 7/3784, time remaining: 7m 54s
Rendered 8/3784, time remaining: 7m 24s
Rendered 9/3784, time remaining: 7m 47s
Rendered 10/3784, time remaining: 7m 1s
Rendered 11/3784, time remaining: 6m 26s
Rendered 12/3784, time remaining: 6m 14s
Rendered 13/3784, time remaining: 5m 45s
Rendered 14/3784, time remaining: 5m 21s
Rendered 15/3784, time remaining: 5m 0s
Rendered 16/3784, time remaining: 4m 48s
Rendered 17/3784, time remaining: 4m 57s
Rendered 18/3784, time remaining: 4m 54s
Rendered 19/3784, time remaining: 4m 54s
Rendered 20/3784, time remaining: 4m 39s
Rendered 21/3784, time remaining: 4m 26s
Rendered 22/3784, time remaining: 4m 14s
Rendered 23/3784, time remaining: 4m 3s
Rendered 24/3784, time remaining: 4m 7s
Rendered 25/3784, time remaining: 4m 2s
Rendered 26/3784, time remaining: 3m 53s
Rendered 27/3784, time remaining: 3m 58s
Rendered 28/3784, time remaining: 3m 49s
Rendered 29/3784, time remaining: 3m 41s
Rendered 30/3784, time remaining: 3m 36s
Rendered 31/3784, time remaining: 3m 33s
Rendered 32/3784, time remaining: 3m 37s
Rendered 33/3784, time remaining: 3m 37s
Rendered 34/3784, time remaining: 3m 32s
Rendered 35/3784, time remaining: 3m 28s
Rendered 36/3784, time remaining: 3m 29s
Rendered 37/3784, time remaining: 3m 24s
Rendered 38/3784, time remaining: 3m 18s
Rendered 39/3784, time remaining: 3m 14s
Rendered 40/3784, time remaining: 3m 23s
Rendered 41/3784, time remaining: 3m 20s
Rendered 42/3784, time remaining: 3m 19s
Rendered 43/3784, time remaining: 3m 14s
Rendered 44/3784, time remaining: 3m 10s
Rendered 45/3784, time remaining: 3m 6s
Rendered 46/3784, time remaining: 3m 10s
Rendered 47/3784, time remaining: 3m 6s
Rendered 48/3784, time remaining: 3m 9s
Rendered 49/3784, time remaining: 3m 6s
Rendered 50/3784, time remaining: 3m 8s
Rendered 51/3784, time remaining: 3m 4s
Rendered 52/3784, time remaining: 3m 0s
Rendered 53/3784, time remaining: 3m 3s
Rendered 54/3784, time remaining: 3m 4s
Rendered 55/3784, time remaining: 3m 1s
Rendered 56/3784, time remaining: 3m 2s
Rendered 57/3784, time remaining: 2m 59s
Rendered 58/3784, time remaining: 2m 56s
Rendered 59/3784, time remaining: 2m 53s
Rendered 60/3784, time remaining: 2m 56s
Rendered 61/3784, time remaining: 2m 53s
Rendered 62/3784, time remaining: 2m 56s
Rendered 63/3784, time remaining: 2m 55s
Rendered 64/3784, time remaining: 2m 53s
Rendered 65/3784, time remaining: 2m 50s
Rendered 66/3784, time remaining: 2m 48s
Rendered 67/3784, time remaining: 2m 49s
Rendered 68/3784, time remaining: 2m 47s
Rendered 69/3784, time remaining: 2m 44s
Rendered 70/3784, time remaining: 2m 49s
Rendered 71/3784, time remaining: 2m 47s
Rendered 72/3784, time remaining: 2m 45s
Rendered 73/3784, time remaining: 2m 44s
Rendered 74/3784, time remaining: 2m 46s
Rendered 75/3784, time remaining: 2m 47s
Rendered 76/3784, time remaining: 2m 45s
Rendered 77/3784, time remaining: 2m 47s
Rendered 78/3784, time remaining: 2m 45s
Rendered 79/3784, time remaining: 2m 43s
Rendered 80/3784, time remaining: 2m 41s
Rendered 81/3784, time remaining: 2m 39s
Rendered 82/3784, time remaining: 2m 42s
Rendered 83/3784, time remaining: 2m 44s
Rendered 84/3784, time remaining: 2m 42s
Rendered 85/3784, time remaining: 2m 43s
Rendered 86/3784, time remaining: 2m 41s
Rendered 87/3784, time remaining: 2m 39s
Rendered 88/3784, time remaining: 2m 38s
Rendered 89/3784, time remaining: 2m 40s
Rendered 90/3784, time remaining: 2m 41s
Rendered 91/3784, time remaining: 2m 40s
Rendered 92/3784, time remaining: 2m 39s
Rendered 93/3784, time remaining: 2m 37s
Rendered 94/3784, time remaining: 2m 38s
Rendered 95/3784, time remaining: 2m 36s
Rendered 96/3784, time remaining: 2m 35s
Rendered 97/3784, time remaining: 2m 33s
Rendered 98/3784, time remaining: 2m 36s
Rendered 99/3784, time remaining: 2m 38s
Rendered 100/3784, time remaining: 2m 36s
Rendered 101/3784, time remaining: 2m 34s
Rendered 102/3784, time remaining: 2m 35s
Rendered 103/3784, time remaining: 2m 34s
Rendered 104/3784, time remaining: 2m 32s
Rendered 105/3784, time remaining: 2m 32s
Rendered 106/3784, time remaining: 2m 33s
Rendered 107/3784, time remaining: 2m 32s
Rendered 108/3784, time remaining: 2m 33s
Rendered 109/3784, time remaining: 2m 32s
Rendered 110/3784, time remaining: 2m 33s
Rendered 111/3784, time remaining: 2m 32s
Rendered 112/3784, time remaining: 2m 30s
Rendered 113/3784, time remaining: 2m 31s
Rendered 114/3784, time remaining: 2m 30s
Rendered 115/3784, time remaining: 2m 29s
Rendered 116/3784, time remaining: 2m 31s
Rendered 117/3784, time remaining: 2m 30s
Rendered 118/3784, time remaining: 2m 30s
Rendered 119/3784, time remaining: 2m 30s
Rendered 120/3784, time remaining: 2m 29s
Rendered 121/3784, time remaining: 2m 29s
Rendered 122/3784, time remaining: 2m 28s
Rendered 123/3784, time remaining: 2m 28s
Rendered 124/3784, time remaining: 2m 27s
Rendered 125/3784, time remaining: 2m 26s
Rendered 126/3784, time remaining: 2m 28s
Rendered 127/3784, time remaining: 2m 27s
Rendered 128/3784, time remaining: 2m 26s
Rendered 129/3784, time remaining: 2m 29s
Rendered 130/3784, time remaining: 2m 27s
Rendered 131/3784, time remaining: 2m 26s
Rendered 132/3784, time remaining: 2m 26s
Rendered 133/3784, time remaining: 2m 25s
Rendered 134/3784, time remaining: 2m 24s
Rendered 135/3784, time remaining: 2m 24s
Rendered 136/3784, time remaining: 2m 26s
Rendered 137/3784, time remaining: 2m 24s
Rendered 138/3784, time remaining: 2m 26s
Rendered 139/3784, time remaining: 2m 25s
Rendered 140/3784, time remaining: 2m 24s
Rendered 141/3784, time remaining: 2m 25s
Rendered 142/3784, time remaining: 2m 24s
Rendered 143/3784, time remaining: 2m 23s
Rendered 144/3784, time remaining: 2m 25s
Rendered 145/3784, time remaining: 2m 24s
Rendered 146/3784, time remaining: 2m 23s
Rendered 147/3784, time remaining: 2m 24s
Rendered 148/3784, time remaining: 2m 24s
Rendered 149/3784, time remaining: 2m 23s
Rendered 150/3784, time remaining: 2m 23s
Rendered 151/3784, time remaining: 2m 5s
Rendered 152/3784, time remaining: 2m 5s
Rendered 153/3784, time remaining: 2m 5s
Rendered 154/3784, time remaining: 2m 5s
Rendered 155/3784, time remaining: 2m 7s
Rendered 156/3784, time remaining: 2m 8s
Rendered 157/3784, time remaining: 2m 8s
Rendered 158/3784, time remaining: 2m 6s
Rendered 159/3784, time remaining: 2m 3s
Rendered 160/3784, time remaining: 2m 3s
Rendered 161/3784, time remaining: 2m 3s
Rendered 162/3784, time remaining: 2m 4s
Rendered 163/3784, time remaining: 2m 7s
Rendered 164/3784, time remaining: 2m 7s
Rendered 165/3784, time remaining: 2m 7s
Rendered 166/3784, time remaining: 2m 8s
Rendered 167/3784, time remaining: 2m 5s
Rendered 168/3784, time remaining: 2m 3s
Rendered 169/3784, time remaining: 2m 1s
Rendered 170/3784, time remaining: 2m 3s
Rendered 171/3784, time remaining: 2m 5s
Rendered 172/3784, time remaining: 2m 6s
Rendered 173/3784, time remaining: 2m 7s
Rendered 174/3784, time remaining: 2m 5s
Rendered 175/3784, time remaining: 2m 5s
Rendered 176/3784, time remaining: 2m 5s
Rendered 177/3784, time remaining: 2m 3s
Rendered 178/3784, time remaining: 2m 6s
Rendered 179/3784, time remaining: 2m 6s
Rendered 180/3784, time remaining: 2m 7s
Rendered 181/3784, time remaining: 2m 6s
Rendered 182/3784, time remaining: 2m 7s
Rendered 183/3784, time remaining: 2m 5s
Rendered 184/3784, time remaining: 2m 5s
Rendered 185/3784, time remaining: 2m 4s
Rendered 186/3784, time remaining: 2m 3s
Rendered 187/3784, time remaining: 2m 4s
Rendered 188/3784, time remaining: 2m 4s
Rendered 189/3784, time remaining: 2m 4s
Rendered 190/3784, time remaining: 2m 5s
Rendered 191/3784, time remaining: 2m 5s
Rendered 192/3784, time remaining: 2m 4s
Rendered 193/3784, time remaining: 2m 4s
Rendered 194/3784, time remaining: 2m 4s
Rendered 195/3784, time remaining: 2m 6s
Rendered 196/3784, time remaining: 2m 4s
Rendered 197/3784, time remaining: 2m 4s
Rendered 198/3784, time remaining: 2m 6s
Rendered 199/3784, time remaining: 2m 6s
Rendered 200/3784, time remaining: 2m 4s
Rendered 201/3784, time remaining: 2m 4s
Rendered 202/3784, time remaining: 2m 4s
Rendered 203/3784, time remaining: 2m 3s
Rendered 204/3784, time remaining: 2m 2s
Rendered 205/3784, time remaining: 2m 2s
Rendered 206/3784, time remaining: 2m 4s
Rendered 207/3784, time remaining: 2m 5s
Rendered 208/3784, time remaining: 2m 5s
Rendered 209/3784, time remaining: 2m 5s
Rendered 210/3784, time remaining: 2m 3s
Rendered 211/3784, time remaining: 2m 5s
Rendered 212/3784, time remaining: 2m 3s
Rendered 213/3784, time remaining: 2m 2s
Rendered 214/3784, time remaining: 2m 2s
Rendered 215/3784, time remaining: 2m 6s
Rendered 216/3784, time remaining: 2m 6s
Rendered 217/3784, time remaining: 2m 5s
Rendered 218/3784, time remaining: 2m 5s
Rendered 219/3784, time remaining: 2m 5s
Rendered 220/3784, time remaining: 2m 2s
Rendered 221/3784, time remaining: 2m 4s
Rendered 222/3784, time remaining: 2m 4s
Rendered 223/3784, time remaining: 2m 5s
Rendered 224/3784, time remaining: 2m 3s
Rendered 225/3784, time remaining: 2m 3s
Rendered 226/3784, time remaining: 2m 3s
Rendered 227/3784, time remaining: 2m 1s
Rendered 228/3784, time remaining: 2m 4s
Rendered 229/3784, time remaining: 2m 4s
Rendered 230/3784, time remaining: 2m 4s
Rendered 231/3784, time remaining: 2m 3s
Rendered 232/3784, time remaining: 2m 3s
Rendered 233/3784, time remaining: 2m 3s
Rendered 234/3784, time remaining: 2m 3s
Rendered 235/3784, time remaining: 2m 1s
Rendered 236/3784, time remaining: 2m 3s
Rendered 237/3784, time remaining: 2m 3s
Rendered 238/3784, time remaining: 2m 3s
Rendered 239/3784, time remaining: 2m 3s
Rendered 240/3784, time remaining: 2m 1s
Rendered 241/3784, time remaining: 2m 2s
Rendered 242/3784, time remaining: 2m 2s
Rendered 243/3784, time remaining: 2m 3s
Rendered 244/3784, time remaining: 2m 3s
Rendered 245/3784, time remaining: 2m 3s
Rendered 246/3784, time remaining: 2m 3s
Rendered 247/3784, time remaining: 2m 3s
Rendered 248/3784, time remaining: 2m 0s
Rendered 249/3784, time remaining: 2m 1s
Rendered 250/3784, time remaining: 2m 1s
Rendered 251/3784, time remaining: 2m 2s
Rendered 252/3784, time remaining: 2m 3s
Rendered 253/3784, time remaining: 2m 2s
Rendered 254/3784, time remaining: 2m 3s
Rendered 255/3784, time remaining: 2m 2s
Rendered 256/3784, time remaining: 2m 1s
Rendered 257/3784, time remaining: 2m 3s
Rendered 258/3784, time remaining: 2m 1s
Rendered 259/3784, time remaining: 2m 3s
Rendered 260/3784, time remaining: 2m 2s
Rendered 261/3784, time remaining: 2m 2s
Rendered 262/3784, time remaining: 2m 4s
Rendered 263/3784, time remaining: 2m 2s
Rendered 264/3784, time remaining: 2m 4s
Rendered 265/3784, time remaining: 2m 4s
Rendered 266/3784, time remaining: 2m 1s
Rendered 267/3784, time remaining: 2m 4s
Rendered 268/3784, time remaining: 2m 3s
Rendered 269/3784, time remaining: 2m 2s
Rendered 270/3784, time remaining: 2m 2s
Rendered 271/3784, time remaining: 2m 1s
Rendered 272/3784, time remaining: 2m 2s
Rendered 273/3784, time remaining: 2m 4s
Rendered 274/3784, time remaining: 2m 3s
Rendered 275/3784, time remaining: 2m 4s
Rendered 276/3784, time remaining: 2m 2s
Rendered 277/3784, time remaining: 2m 2s
Rendered 278/3784, time remaining: 2m 2s
Rendered 279/3784, time remaining: 2m 1s
Rendered 280/3784, time remaining: 2m 2s
Rendered 281/3784, time remaining: 2m 3s
Rendered 282/3784, time remaining: 2m 4s
Rendered 283/3784, time remaining: 2m 3s
Rendered 284/3784, time remaining: 2m 3s
Rendered 285/3784, time remaining: 2m 3s
Rendered 286/3784, time remaining: 2m 1s
Rendered 287/3784, time remaining: 2m 2s
Rendered 288/3784, time remaining: 2m 0s
Rendered 289/3784, time remaining: 2m 3s
Rendered 290/3784, time remaining: 2m 3s
Rendered 291/3784, time remaining: 2m 2s
Rendered 292/3784, time remaining: 2m 2s
Rendered 293/3784, time remaining: 2m 2s
Rendered 294/3784, time remaining: 2m 0s
Rendered 295/3784, time remaining: 2m 1s
Rendered 296/3784, time remaining: 2m 1s
Rendered 297/3784, time remaining: 2m 0s
Rendered 298/3784, time remaining: 2m 3s
Rendered 299/3784, time remaining: 2m 2s
Rendered 300/3784, time remaining: 2m 2s
Rendered 301/3784, time remaining: 2m 0s
Rendered 302/3784, time remaining: 2m 2s
Rendered 303/3784, time remaining: 2m 2s
Rendered 304/3784, time remaining: 2m 2s
Rendered 305/3784, time remaining: 2m 1s
Rendered 306/3784, time remaining: 2m 1s
Rendered 307/3784, time remaining: 2m 1s
Rendered 308/3784, time remaining: 2m 2s
Rendered 309/3784, time remaining: 2m 2s
Rendered 310/3784, time remaining: 2m 2s
Rendered 311/3784, time remaining: 2m 2s
Rendered 312/3784, time remaining: 2m 1s
Rendered 313/3784, time remaining: 1m 59s
Rendered 314/3784, time remaining: 1m 59s
Rendered 315/3784, time remaining: 2m 2s
Rendered 316/3784, time remaining: 2m 0s
Rendered 317/3784, time remaining: 2m 2s
Rendered 318/3784, time remaining: 2m 2s
Rendered 319/3784, time remaining: 2m 2s
Rendered 320/3784, time remaining: 2m 0s
Rendered 321/3784, time remaining: 2m 0s
Rendered 322/3784, time remaining: 1m 59s
Rendered 323/3784, time remaining: 1m 59s
Rendered 324/3784, time remaining: 1m 59s
Rendered 325/3784, time remaining: 2m 1s
Rendered 326/3784, time remaining: 2m 2s
Rendered 327/3784, time remaining: 2m 2s
Rendered 328/3784, time remaining: 2m 0s
Rendered 329/3784, time remaining: 2m 0s
Rendered 330/3784, time remaining: 1m 59s
Rendered 331/3784, time remaining: 2m 0s
Rendered 332/3784, time remaining: 1m 58s
Rendered 333/3784, time remaining: 1m 58s
Rendered 334/3784, time remaining: 2m 0s
Rendered 335/3784, time remaining: 2m 1s
Rendered 336/3784, time remaining: 2m 1s
Rendered 337/3784, time remaining: 2m 0s
Rendered 338/3784, time remaining: 2m 2s
Rendered 339/3784, time remaining: 2m 2s
Rendered 340/3784, time remaining: 1m 58s
Rendered 341/3784, time remaining: 1m 59s
Rendered 342/3784, time remaining: 1m 58s
Rendered 343/3784, time remaining: 1m 58s
Rendered 344/3784, time remaining: 2m 1s
Rendered 345/3784, time remaining: 2m 0s
Rendered 346/3784, time remaining: 2m 0s
Rendered 347/3784, time remaining: 2m 0s
Rendered 348/3784, time remaining: 1m 57s
Rendered 349/3784, time remaining: 1m 57s
Rendered 350/3784, time remaining: 1m 57s
Rendered 351/3784, time remaining: 1m 59s
Rendered 352/3784, time remaining: 2m 1s
Rendered 353/3784, time remaining: 2m 0s
Rendered 354/3784, time remaining: 1m 59s
Rendered 355/3784, time remaining: 2m 1s
Rendered 356/3784, time remaining: 1m 58s
Rendered 357/3784, time remaining: 1m 57s
Rendered 358/3784, time remaining: 1m 57s
Rendered 359/3784, time remaining: 1m 57s
Rendered 360/3784, time remaining: 1m 59s
Rendered 361/3784, time remaining: 1m 57s
Rendered 362/3784, time remaining: 1m 59s
Rendered 363/3784, time remaining: 2m 0s
Rendered 364/3784, time remaining: 2m 1s
Rendered 365/3784, time remaining: 1m 56s
Rendered 366/3784, time remaining: 1m 57s
Rendered 367/3784, time remaining: 1m 56s
Rendered 368/3784, time remaining: 1m 56s
Rendered 369/3784, time remaining: 1m 56s
Rendered 370/3784, time remaining: 1m 58s
Rendered 371/3784, time remaining: 1m 59s
Rendered 372/3784, time remaining: 1m 59s
Rendered 373/3784, time remaining: 1m 58s
Rendered 374/3784, time remaining: 1m 58s
Rendered 375/3784, time remaining: 1m 57s
Rendered 376/3784, time remaining: 1m 57s
Rendered 377/3784, time remaining: 1m 57s
Rendered 378/3784, time remaining: 1m 55s
Rendered 379/3784, time remaining: 1m 55s
Rendered 380/3784, time remaining: 1m 56s
Rendered 381/3784, time remaining: 1m 56s
Rendered 382/3784, time remaining: 1m 54s
Rendered 383/3784, time remaining: 1m 52s
Rendered 384/3784, time remaining: 1m 52s
Rendered 385/3784, time remaining: 1m 53s
Rendered 386/3784, time remaining: 1m 51s
Rendered 387/3784, time remaining: 1m 51s
Rendered 388/3784, time remaining: 1m 52s
Rendered 389/3784, time remaining: 1m 50s
Rendered 390/3784, time remaining: 1m 50s
Rendered 391/3784, time remaining: 1m 49s
Rendered 392/3784, time remaining: 1m 48s
Rendered 393/3784, time remaining: 1m 49s
Rendered 394/3784, time remaining: 1m 47s
Rendered 395/3784, time remaining: 1m 47s
Rendered 396/3784, time remaining: 1m 50s
Rendered 397/3784, time remaining: 1m 52s
Rendered 398/3784, time remaining: 1m 52s
Rendered 399/3784, time remaining: 1m 49s
Rendered 400/3784, time remaining: 1m 49s
Rendered 401/3784, time remaining: 1m 48s
Rendered 402/3784, time remaining: 1m 48s
Rendered 403/3784, time remaining: 1m 49s
Rendered 404/3784, time remaining: 1m 50s
Rendered 405/3784, time remaining: 1m 49s
Rendered 406/3784, time remaining: 1m 49s
Rendered 407/3784, time remaining: 1m 49s
Rendered 408/3784, time remaining: 1m 49s
Rendered 409/3784, time remaining: 1m 46s
Rendered 410/3784, time remaining: 1m 49s
Rendered 411/3784, time remaining: 1m 49s
Rendered 412/3784, time remaining: 1m 47s
Rendered 413/3784, time remaining: 1m 47s
Rendered 414/3784, time remaining: 1m 47s
Rendered 415/3784, time remaining: 1m 47s
Rendered 416/3784, time remaining: 1m 49s
Rendered 417/3784, time remaining: 1m 46s
Rendered 418/3784, time remaining: 1m 46s
Rendered 419/3784, time remaining: 1m 48s
Rendered 420/3784, time remaining: 1m 48s
Rendered 421/3784, time remaining: 1m 48s
Rendered 422/3784, time remaining: 1m 51s
Rendered 423/3784, time remaining: 1m 47s
Rendered 424/3784, time remaining: 1m 47s
Rendered 425/3784, time remaining: 1m 47s
Rendered 426/3784, time remaining: 1m 46s
Rendered 427/3784, time remaining: 1m 48s
Rendered 428/3784, time remaining: 1m 48s
Rendered 429/3784, time remaining: 1m 45s
Rendered 430/3784, time remaining: 1m 47s
Rendered 431/3784, time remaining: 1m 48s
Rendered 432/3784, time remaining: 1m 47s
Rendered 433/3784, time remaining: 1m 47s
Rendered 434/3784, time remaining: 1m 47s
Rendered 435/3784, time remaining: 1m 48s
Rendered 436/3784, time remaining: 1m 48s
Rendered 437/3784, time remaining: 1m 46s
Rendered 438/3784, time remaining: 1m 48s
Rendered 439/3784, time remaining: 1m 47s
Rendered 440/3784, time remaining: 1m 47s
Rendered 441/3784, time remaining: 1m 48s
Rendered 442/3784, time remaining: 1m 47s
Rendered 443/3784, time remaining: 1m 48s
Rendered 444/3784, time remaining: 1m 49s
Rendered 445/3784, time remaining: 1m 49s
Rendered 446/3784, time remaining: 1m 48s
Rendered 447/3784, time remaining: 1m 48s
Rendered 448/3784, time remaining: 1m 47s
Rendered 449/3784, time remaining: 1m 47s
Rendered 450/3784, time remaining: 1m 47s
Rendered 451/3784, time remaining: 1m 47s
Rendered 452/3784, time remaining: 1m 48s
Rendered 453/3784, time remaining: 1m 48s
Rendered 454/3784, time remaining: 1m 48s
Rendered 455/3784, time remaining: 1m 47s
Rendered 456/3784, time remaining: 1m 47s
Rendered 457/3784, time remaining: 1m 47s
Rendered 458/3784, time remaining: 1m 46s
Rendered 459/3784, time remaining: 1m 45s
Rendered 460/3784, time remaining: 1m 46s
Rendered 461/3784, time remaining: 1m 46s
Rendered 462/3784, time remaining: 1m 46s
Rendered 463/3784, time remaining: 1m 46s
Rendered 464/3784, time remaining: 1m 46s
Rendered 465/3784, time remaining: 1m 46s
Rendered 466/3784, time remaining: 1m 47s
Rendered 467/3784, time remaining: 1m 45s
Rendered 468/3784, time remaining: 1m 46s
Rendered 469/3784, time remaining: 1m 47s
Rendered 470/3784, time remaining: 1m 47s
Rendered 471/3784, time remaining: 1m 45s
Rendered 472/3784, time remaining: 1m 45s
Rendered 473/3784, time remaining: 1m 49s
Rendered 474/3784, time remaining: 1m 49s
Rendered 475/3784, time remaining: 1m 46s
Rendered 476/3784, time remaining: 1m 45s
Rendered 477/3784, time remaining: 1m 45s
Rendered 478/3784, time remaining: 1m 45s
Rendered 479/3784, time remaining: 1m 46s
Rendered 480/3784, time remaining: 1m 45s
Rendered 481/3784, time remaining: 1m 46s
Rendered 482/3784, time remaining: 1m 46s
Rendered 483/3784, time remaining: 1m 47s
Rendered 484/3784, time remaining: 1m 45s
Rendered 485/3784, time remaining: 1m 45s
Rendered 486/3784, time remaining: 1m 46s
Rendered 487/3784, time remaining: 1m 46s
Rendered 488/3784, time remaining: 1m 44s
Rendered 489/3784, time remaining: 1m 48s
Rendered 490/3784, time remaining: 1m 47s
Rendered 491/3784, time remaining: 1m 47s
Rendered 492/3784, time remaining: 1m 47s
Rendered 493/3784, time remaining: 1m 47s
Rendered 494/3784, time remaining: 1m 45s
Rendered 495/3784, time remaining: 1m 45s
Rendered 496/3784, time remaining: 1m 45s
Rendered 497/3784, time remaining: 1m 48s
Rendered 498/3784, time remaining: 1m 47s
Rendered 499/3784, time remaining: 1m 48s
Rendered 500/3784, time remaining: 1m 48s
Rendered 501/3784, time remaining: 1m 46s
Rendered 502/3784, time remaining: 1m 46s
Rendered 503/3784, time remaining: 1m 46s
Rendered 504/3784, time remaining: 1m 46s
Rendered 505/3784, time remaining: 1m 44s
Rendered 506/3784, time remaining: 1m 46s
Rendered 507/3784, time remaining: 1m 48s
Rendered 508/3784, time remaining: 1m 48s
Rendered 509/3784, time remaining: 1m 47s
Rendered 510/3784, time remaining: 1m 46s
Rendered 511/3784, time remaining: 1m 46s
Rendered 512/3784, time remaining: 1m 46s
Rendered 513/3784, time remaining: 1m 45s
Rendered 514/3784, time remaining: 1m 44s
Rendered 515/3784, time remaining: 1m 47s
Rendered 516/3784, time remaining: 1m 48s
Rendered 517/3784, time remaining: 1m 47s
Rendered 518/3784, time remaining: 1m 48s
Rendered 519/3784, time remaining: 1m 48s
Rendered 520/3784, time remaining: 1m 46s
Rendered 521/3784, time remaining: 1m 44s
Rendered 522/3784, time remaining: 1m 45s
Rendered 523/3784, time remaining: 1m 44s
Rendered 524/3784, time remaining: 1m 47s
Rendered 525/3784, time remaining: 1m 46s
Rendered 526/3784, time remaining: 1m 46s
Rendered 527/3784, time remaining: 1m 49s
Rendered 528/3784, time remaining: 1m 48s
Rendered 529/3784, time remaining: 1m 48s
Rendered 530/3784, time remaining: 1m 47s
Rendered 531/3784, time remaining: 1m 49s
Rendered 532/3784, time remaining: 1m 50s
Rendered 533/3784, time remaining: 1m 50s
Rendered 534/3784, time remaining: 1m 50s
Rendered 535/3784, time remaining: 1m 50s
Rendered 536/3784, time remaining: 1m 50s
Rendered 537/3784, time remaining: 1m 51s
Rendered 538/3784, time remaining: 1m 50s
Rendered 539/3784, time remaining: 1m 53s
Rendered 540/3784, time remaining: 1m 52s
Rendered 541/3784, time remaining: 1m 54s
Rendered 542/3784, time remaining: 1m 54s
Rendered 543/3784, time remaining: 1m 53s
Rendered 544/3784, time remaining: 1m 54s
Rendered 545/3784, time remaining: 1m 54s
Rendered 546/3784, time remaining: 1m 52s
Rendered 547/3784, time remaining: 1m 51s
Rendered 548/3784, time remaining: 1m 51s
Rendered 549/3784, time remaining: 1m 52s
Rendered 550/3784, time remaining: 1m 52s
Rendered 551/3784, time remaining: 1m 54s
Rendered 552/3784, time remaining: 1m 54s
Rendered 553/3784, time remaining: 1m 53s
Rendered 554/3784, time remaining: 1m 51s
Rendered 555/3784, time remaining: 1m 53s
Rendered 556/3784, time remaining: 1m 53s
Rendered 557/3784, time remaining: 1m 51s
Rendered 558/3784, time remaining: 1m 53s
Rendered 559/3784, time remaining: 1m 54s
Rendered 560/3784, time remaining: 1m 51s
Rendered 561/3784, time remaining: 1m 52s
Rendered 562/3784, time remaining: 1m 52s
Rendered 563/3784, time remaining: 1m 54s
Rendered 564/3784, time remaining: 1m 52s
Rendered 565/3784, time remaining: 1m 52s
Rendered 566/3784, time remaining: 1m 51s
Rendered 567/3784, time remaining: 1m 52s
Rendered 568/3784, time remaining: 1m 52s
Rendered 569/3784, time remaining: 1m 52s
Rendered 570/3784, time remaining: 1m 53s
Rendered 571/3784, time remaining: 1m 54s
Rendered 572/3784, time remaining: 1m 51s
Rendered 573/3784, time remaining: 1m 51s
Rendered 574/3784, time remaining: 1m 51s
Rendered 575/3784, time remaining: 1m 53s
Rendered 576/3784, time remaining: 1m 52s
Rendered 577/3784, time remaining: 1m 50s
Rendered 578/3784, time remaining: 1m 53s
Rendered 579/3784, time remaining: 1m 54s
Rendered 580/3784, time remaining: 1m 52s
Rendered 581/3784, time remaining: 1m 50s
Rendered 582/3784, time remaining: 1m 50s
Rendered 583/3784, time remaining: 1m 50s
Rendered 584/3784, time remaining: 1m 51s
Rendered 585/3784, time remaining: 1m 50s
Rendered 586/3784, time remaining: 1m 53s
Rendered 587/3784, time remaining: 1m 53s
Rendered 588/3784, time remaining: 1m 52s
Rendered 589/3784, time remaining: 1m 51s
Rendered 590/3784, time remaining: 1m 51s
Rendered 591/3784, time remaining: 1m 49s
Rendered 592/3784, time remaining: 1m 52s
Rendered 593/3784, time remaining: 1m 52s
Rendered 594/3784, time remaining: 1m 50s
Rendered 595/3784, time remaining: 1m 50s
Rendered 596/3784, time remaining: 1m 50s
Rendered 597/3784, time remaining: 1m 51s
Rendered 598/3784, time remaining: 1m 49s
Rendered 599/3784, time remaining: 1m 49s
Rendered 600/3784, time remaining: 1m 51s
Rendered 601/3784, time remaining: 1m 52s
Rendered 602/3784, time remaining: 1m 50s
Rendered 603/3784, time remaining: 1m 51s
Rendered 604/3784, time remaining: 1m 50s
Rendered 605/3784, time remaining: 1m 49s
Rendered 606/3784, time remaining: 1m 51s
Rendered 607/3784, time remaining: 1m 51s
Rendered 608/3784, time remaining: 1m 51s
Rendered 609/3784, time remaining: 1m 51s
Rendered 610/3784, time remaining: 1m 51s
Rendered 611/3784, time remaining: 1m 51s
Rendered 612/3784, time remaining: 1m 50s
Rendered 613/3784, time remaining: 1m 50s
Rendered 614/3784, time remaining: 1m 52s
Rendered 615/3784, time remaining: 1m 51s
Rendered 616/3784, time remaining: 1m 50s
Rendered 617/3784, time remaining: 1m 50s
Rendered 618/3784, time remaining: 1m 50s
Rendered 619/3784, time remaining: 1m 49s
Rendered 620/3784, time remaining: 1m 49s
Rendered 621/3784, time remaining: 1m 50s
Rendered 622/3784, time remaining: 1m 51s
Rendered 623/3784, time remaining: 1m 50s
Rendered 624/3784, time remaining: 1m 50s
Rendered 625/3784, time remaining: 1m 51s
Rendered 626/3784, time remaining: 1m 51s
Rendered 627/3784, time remaining: 1m 51s
Rendered 628/3784, time remaining: 1m 50s
Rendered 629/3784, time remaining: 1m 49s
Rendered 630/3784, time remaining: 1m 52s
Rendered 631/3784, time remaining: 1m 51s
Rendered 632/3784, time remaining: 1m 50s
Rendered 633/3784, time remaining: 1m 49s
Rendered 634/3784, time remaining: 1m 50s
Rendered 635/3784, time remaining: 1m 49s
Rendered 636/3784, time remaining: 1m 48s
Rendered 637/3784, time remaining: 1m 51s
Rendered 638/3784, time remaining: 1m 51s
Rendered 639/3784, time remaining: 1m 48s
Rendered 640/3784, time remaining: 1m 48s
Rendered 641/3784, time remaining: 1m 49s
Rendered 642/3784, time remaining: 1m 49s
Rendered 643/3784, time remaining: 1m 49s
Rendered 644/3784, time remaining: 1m 50s
Rendered 645/3784, time remaining: 1m 49s
Rendered 646/3784, time remaining: 1m 49s
Rendered 647/3784, time remaining: 1m 48s
Rendered 648/3784, time remaining: 1m 48s
Rendered 649/3784, time remaining: 1m 47s
Rendered 650/3784, time remaining: 1m 48s
Rendered 651/3784, time remaining: 1m 48s
Rendered 652/3784, time remaining: 1m 49s
Rendered 653/3784, time remaining: 1m 49s
Rendered 654/3784, time remaining: 1m 48s
Rendered 655/3784, time remaining: 1m 49s
Rendered 656/3784, time remaining: 1m 47s
Rendered 657/3784, time remaining: 1m 45s
Rendered 658/3784, time remaining: 1m 47s
Rendered 659/3784, time remaining: 1m 48s
Rendered 660/3784, time remaining: 1m 48s
Rendered 661/3784, time remaining: 1m 50s
Rendered 662/3784, time remaining: 1m 48s
Rendered 663/3784, time remaining: 1m 49s
Rendered 664/3784, time remaining: 1m 49s
Rendered 665/3784, time remaining: 1m 48s
Rendered 666/3784, time remaining: 1m 47s
Rendered 667/3784, time remaining: 1m 47s
Rendered 668/3784, time remaining: 1m 48s
Rendered 669/3784, time remaining: 1m 48s
Rendered 670/3784, time remaining: 1m 48s
Rendered 671/3784, time remaining: 1m 49s
Rendered 672/3784, time remaining: 1m 48s
Rendered 673/3784, time remaining: 1m 49s
Rendered 674/3784, time remaining: 1m 46s
Rendered 675/3784, time remaining: 1m 47s
Rendered 676/3784, time remaining: 1m 47s
Rendered 677/3784, time remaining: 1m 45s
Rendered 678/3784, time remaining: 1m 46s
Rendered 679/3784, time remaining: 1m 49s
Rendered 680/3784, time remaining: 1m 49s
Rendered 681/3784, time remaining: 1m 48s
Rendered 682/3784, time remaining: 1m 46s
Rendered 683/3784, time remaining: 1m 46s
Rendered 684/3784, time remaining: 1m 47s
Rendered 685/3784, time remaining: 1m 47s
Rendered 686/3784, time remaining: 1m 48s
Rendered 687/3784, time remaining: 1m 49s
Rendered 688/3784, time remaining: 1m 49s
Rendered 689/3784, time remaining: 1m 47s
Rendered 690/3784, time remaining: 1m 47s
Rendered 691/3784, time remaining: 1m 46s
Rendered 692/3784, time remaining: 1m 48s
Rendered 693/3784, time remaining: 1m 47s
Rendered 694/3784, time remaining: 1m 48s
Rendered 695/3784, time remaining: 1m 49s
Rendered 696/3784, time remaining: 1m 49s
Rendered 697/3784, time remaining: 1m 48s
Rendered 698/3784, time remaining: 1m 48s
Rendered 699/3784, time remaining: 1m 47s
Rendered 700/3784, time remaining: 1m 49s
Rendered 701/3784, time remaining: 1m 47s
Rendered 702/3784, time remaining: 1m 47s
Rendered 703/3784, time remaining: 1m 47s
Rendered 704/3784, time remaining: 1m 47s
Rendered 705/3784, time remaining: 1m 46s
Rendered 706/3784, time remaining: 1m 48s
Rendered 707/3784, time remaining: 1m 49s
Rendered 708/3784, time remaining: 1m 47s
Rendered 709/3784, time remaining: 1m 47s
Rendered 710/3784, time remaining: 1m 47s
Rendered 711/3784, time remaining: 1m 47s
Rendered 712/3784, time remaining: 1m 48s
Rendered 713/3784, time remaining: 1m 46s
Rendered 714/3784, time remaining: 1m 49s
Rendered 715/3784, time remaining: 1m 49s
Rendered 716/3784, time remaining: 1m 48s
Rendered 717/3784, time remaining: 1m 47s
Rendered 718/3784, time remaining: 1m 47s
Rendered 719/3784, time remaining: 1m 46s
Rendered 720/3784, time remaining: 1m 45s
Rendered 721/3784, time remaining: 1m 44s
Rendered 722/3784, time remaining: 1m 46s
Rendered 723/3784, time remaining: 1m 47s
Rendered 724/3784, time remaining: 1m 46s
Rendered 725/3784, time remaining: 1m 48s
Rendered 726/3784, time remaining: 1m 48s
Rendered 727/3784, time remaining: 1m 48s
Rendered 728/3784, time remaining: 1m 47s
Rendered 729/3784, time remaining: 1m 46s
Rendered 730/3784, time remaining: 1m 46s
Rendered 731/3784, time remaining: 1m 46s
Rendered 732/3784, time remaining: 1m 46s
Rendered 733/3784, time remaining: 1m 47s
Rendered 734/3784, time remaining: 1m 46s
Rendered 735/3784, time remaining: 1m 45s
Rendered 736/3784, time remaining: 1m 45s
Rendered 737/3784, time remaining: 1m 47s
Rendered 738/3784, time remaining: 1m 46s
Rendered 739/3784, time remaining: 1m 46s
Rendered 740/3784, time remaining: 1m 46s
Rendered 741/3784, time remaining: 1m 46s
Rendered 742/3784, time remaining: 1m 44s
Rendered 743/3784, time remaining: 1m 44s
Rendered 744/3784, time remaining: 1m 45s
Rendered 745/3784, time remaining: 1m 48s
Rendered 746/3784, time remaining: 1m 47s
Rendered 747/3784, time remaining: 1m 46s
Rendered 748/3784, time remaining: 1m 47s
Rendered 749/3784, time remaining: 1m 47s
Rendered 750/3784, time remaining: 1m 46s
Rendered 751/3784, time remaining: 1m 46s
Rendered 752/3784, time remaining: 1m 46s
Rendered 753/3784, time remaining: 1m 45s
Rendered 754/3784, time remaining: 1m 46s
Rendered 755/3784, time remaining: 1m 47s
Rendered 756/3784, time remaining: 1m 45s
Rendered 757/3784, time remaining: 1m 45s
Rendered 758/3784, time remaining: 1m 46s
Rendered 759/3784, time remaining: 1m 46s
Rendered 760/3784, time remaining: 1m 46s
Rendered 761/3784, time remaining: 1m 47s
Rendered 762/3784, time remaining: 1m 46s
Rendered 763/3784, time remaining: 1m 47s
Rendered 764/3784, time remaining: 1m 45s
Rendered 765/3784, time remaining: 1m 45s
Rendered 766/3784, time remaining: 1m 46s
Rendered 767/3784, time remaining: 1m 46s
Rendered 768/3784, time remaining: 1m 45s
Rendered 769/3784, time remaining: 1m 47s
Rendered 770/3784, time remaining: 1m 48s
Rendered 771/3784, time remaining: 1m 48s
Rendered 772/3784, time remaining: 1m 46s
Rendered 773/3784, time remaining: 1m 44s
Rendered 774/3784, time remaining: 1m 45s
Rendered 775/3784, time remaining: 1m 45s
Rendered 776/3784, time remaining: 1m 44s
Rendered 777/3784, time remaining: 1m 45s
Rendered 778/3784, time remaining: 1m 47s
Rendered 779/3784, time remaining: 1m 47s
Rendered 780/3784, time remaining: 1m 44s
Rendered 781/3784, time remaining: 1m 44s
Rendered 782/3784, time remaining: 1m 46s
Rendered 783/3784, time remaining: 1m 45s
Rendered 784/3784, time remaining: 1m 45s
Rendered 785/3784, time remaining: 1m 45s
Rendered 786/3784, time remaining: 1m 46s
Rendered 787/3784, time remaining: 1m 43s
Rendered 788/3784, time remaining: 1m 43s
Rendered 789/3784, time remaining: 1m 44s
Rendered 790/3784, time remaining: 1m 46s
Rendered 791/3784, time remaining: 1m 46s
Rendered 792/3784, time remaining: 1m 46s
Rendered 793/3784, time remaining: 1m 46s
Rendered 794/3784, time remaining: 1m 43s
Rendered 795/3784, time remaining: 1m 44s
Rendered 796/3784, time remaining: 1m 44s
Rendered 797/3784, time remaining: 1m 44s
Rendered 798/3784, time remaining: 1m 46s
Rendered 799/3784, time remaining: 1m 47s
Rendered 800/3784, time remaining: 1m 46s
Rendered 801/3784, time remaining: 1m 47s
Rendered 802/3784, time remaining: 1m 44s
Rendered 803/3784, time remaining: 1m 45s
Rendered 804/3784, time remaining: 1m 45s
Rendered 805/3784, time remaining: 1m 44s
Rendered 806/3784, time remaining: 1m 46s
Rendered 807/3784, time remaining: 1m 48s
Rendered 808/3784, time remaining: 1m 46s
Rendered 809/3784, time remaining: 1m 45s
Rendered 810/3784, time remaining: 1m 45s
Rendered 811/3784, time remaining: 1m 45s
Rendered 812/3784, time remaining: 1m 46s
Rendered 813/3784, time remaining: 1m 45s
Rendered 814/3784, time remaining: 1m 45s
Rendered 815/3784, time remaining: 1m 44s
Rendered 816/3784, time remaining: 1m 45s
Rendered 817/3784, time remaining: 1m 45s
Rendered 818/3784, time remaining: 1m 43s
Rendered 819/3784, time remaining: 1m 46s
Rendered 820/3784, time remaining: 1m 46s
Rendered 821/3784, time remaining: 1m 45s
Rendered 822/3784, time remaining: 1m 44s
Rendered 823/3784, time remaining: 1m 45s
Rendered 824/3784, time remaining: 1m 46s
Rendered 825/3784, time remaining: 1m 45s
Rendered 826/3784, time remaining: 1m 45s
Rendered 827/3784, time remaining: 1m 46s
Rendered 828/3784, time remaining: 1m 45s
Rendered 829/3784, time remaining: 1m 42s
Rendered 830/3784, time remaining: 1m 44s
Rendered 831/3784, time remaining: 1m 44s
Rendered 832/3784, time remaining: 1m 44s
Rendered 833/3784, time remaining: 1m 44s
Rendered 834/3784, time remaining: 1m 42s
Rendered 835/3784, time remaining: 1m 44s
Rendered 836/3784, time remaining: 1m 44s
Rendered 837/3784, time remaining: 1m 43s
Rendered 838/3784, time remaining: 1m 43s
Rendered 839/3784, time remaining: 1m 44s
Rendered 840/3784, time remaining: 1m 44s
Rendered 841/3784, time remaining: 1m 45s
Rendered 842/3784, time remaining: 1m 42s
Rendered 843/3784, time remaining: 1m 42s
Rendered 844/3784, time remaining: 1m 43s
Rendered 845/3784, time remaining: 1m 43s
Rendered 846/3784, time remaining: 1m 42s
Rendered 847/3784, time remaining: 1m 43s
Rendered 848/3784, time remaining: 1m 43s
Rendered 849/3784, time remaining: 1m 43s
Rendered 850/3784, time remaining: 1m 41s
Rendered 851/3784, time remaining: 1m 40s
Rendered 852/3784, time remaining: 1m 41s
Rendered 853/3784, time remaining: 1m 42s
Rendered 854/3784, time remaining: 1m 43s
Rendered 855/3784, time remaining: 1m 44s
Rendered 856/3784, time remaining: 1m 42s
Rendered 857/3784, time remaining: 1m 43s
Rendered 858/3784, time remaining: 1m 43s
Rendered 859/3784, time remaining: 1m 42s
Rendered 860/3784, time remaining: 1m 44s
Rendered 861/3784, time remaining: 1m 43s
Rendered 862/3784, time remaining: 1m 43s
Rendered 863/3784, time remaining: 1m 43s
Rendered 864/3784, time remaining: 1m 41s
Rendered 865/3784, time remaining: 1m 41s
Rendered 866/3784, time remaining: 1m 41s
Rendered 867/3784, time remaining: 1m 41s
Rendered 868/3784, time remaining: 1m 42s
Rendered 869/3784, time remaining: 1m 42s
Rendered 870/3784, time remaining: 1m 45s
Rendered 871/3784, time remaining: 1m 44s
Rendered 872/3784, time remaining: 1m 43s
Rendered 873/3784, time remaining: 1m 42s
Rendered 874/3784, time remaining: 1m 43s
Rendered 875/3784, time remaining: 1m 40s
Rendered 876/3784, time remaining: 1m 40s
Rendered 877/3784, time remaining: 1m 42s
Rendered 878/3784, time remaining: 1m 42s
Rendered 879/3784, time remaining: 1m 42s
Rendered 880/3784, time remaining: 1m 43s
Rendered 881/3784, time remaining: 1m 43s
Rendered 882/3784, time remaining: 1m 43s
Rendered 883/3784, time remaining: 1m 42s
Rendered 884/3784, time remaining: 1m 42s
Rendered 885/3784, time remaining: 1m 44s
Rendered 886/3784, time remaining: 1m 43s
Rendered 887/3784, time remaining: 1m 42s
Rendered 888/3784, time remaining: 1m 42s
Rendered 889/3784, time remaining: 1m 41s
Rendered 890/3784, time remaining: 1m 41s
Rendered 891/3784, time remaining: 1m 41s
Rendered 892/3784, time remaining: 1m 44s
Rendered 893/3784, time remaining: 1m 44s
Rendered 894/3784, time remaining: 1m 43s
Rendered 895/3784, time remaining: 1m 41s
Rendered 896/3784, time remaining: 1m 41s
Rendered 897/3784, time remaining: 1m 41s
Rendered 898/3784, time remaining: 1m 41s
Rendered 899/3784, time remaining: 1m 41s
Rendered 900/3784, time remaining: 1m 42s
Rendered 901/3784, time remaining: 1m 42s
Rendered 902/3784, time remaining: 1m 42s
Rendered 903/3784, time remaining: 1m 42s
Rendered 904/3784, time remaining: 1m 40s
Rendered 905/3784, time remaining: 1m 41s
Rendered 906/3784, time remaining: 1m 42s
Rendered 907/3784, time remaining: 1m 42s
Rendered 908/3784, time remaining: 1m 42s
Rendered 909/3784, time remaining: 1m 42s
Rendered 910/3784, time remaining: 1m 41s
Rendered 911/3784, time remaining: 1m 41s
Rendered 912/3784, time remaining: 1m 41s
Rendered 913/3784, time remaining: 1m 42s
Rendered 914/3784, time remaining: 1m 41s
Rendered 915/3784, time remaining: 1m 41s
Rendered 916/3784, time remaining: 1m 41s
Rendered 917/3784, time remaining: 1m 41s
Rendered 918/3784, time remaining: 1m 41s
Rendered 919/3784, time remaining: 1m 39s
Rendered 920/3784, time remaining: 1m 40s
Rendered 921/3784, time remaining: 1m 41s
Rendered 922/3784, time remaining: 1m 40s
Rendered 923/3784, time remaining: 1m 40s
Rendered 924/3784, time remaining: 1m 40s
Rendered 925/3784, time remaining: 1m 38s
Rendered 926/3784, time remaining: 1m 39s
Rendered 927/3784, time remaining: 1m 42s
Rendered 928/3784, time remaining: 1m 40s
Rendered 929/3784, time remaining: 1m 40s
Rendered 930/3784, time remaining: 1m 40s
Rendered 931/3784, time remaining: 1m 41s
Rendered 932/3784, time remaining: 1m 40s
Rendered 933/3784, time remaining: 1m 39s
Rendered 934/3784, time remaining: 1m 40s
Rendered 935/3784, time remaining: 1m 41s
Rendered 936/3784, time remaining: 1m 40s
Rendered 937/3784, time remaining: 1m 42s
Rendered 938/3784, time remaining: 1m 42s
Rendered 939/3784, time remaining: 1m 40s
Rendered 940/3784, time remaining: 1m 38s
Rendered 941/3784, time remaining: 1m 40s
Rendered 942/3784, time remaining: 1m 40s
Rendered 943/3784, time remaining: 1m 40s
Rendered 944/3784, time remaining: 1m 40s
Rendered 945/3784, time remaining: 1m 40s
Rendered 946/3784, time remaining: 1m 41s
Rendered 947/3784, time remaining: 1m 39s
Rendered 948/3784, time remaining: 1m 38s
Rendered 949/3784, time remaining: 1m 38s
Rendered 950/3784, time remaining: 1m 38s
Rendered 951/3784, time remaining: 1m 39s
Rendered 952/3784, time remaining: 1m 39s
Rendered 953/3784, time remaining: 1m 39s
Rendered 954/3784, time remaining: 1m 39s
Rendered 955/3784, time remaining: 1m 39s
Rendered 956/3784, time remaining: 1m 39s
Rendered 957/3784, time remaining: 1m 39s
Rendered 958/3784, time remaining: 1m 39s
Rendered 959/3784, time remaining: 1m 39s
Rendered 960/3784, time remaining: 1m 38s
Rendered 961/3784, time remaining: 1m 37s
Rendered 962/3784, time remaining: 1m 37s
Rendered 963/3784, time remaining: 1m 37s
Rendered 964/3784, time remaining: 1m 37s
Rendered 965/3784, time remaining: 1m 40s
Rendered 966/3784, time remaining: 1m 39s
Rendered 967/3784, time remaining: 1m 39s
Rendered 968/3784, time remaining: 1m 39s
Rendered 969/3784, time remaining: 1m 36s
Rendered 970/3784, time remaining: 1m 37s
Rendered 971/3784, time remaining: 1m 37s
Rendered 972/3784, time remaining: 1m 37s
Rendered 973/3784, time remaining: 1m 38s
Rendered 974/3784, time remaining: 1m 39s
Rendered 975/3784, time remaining: 1m 39s
Rendered 976/3784, time remaining: 1m 39s
Rendered 977/3784, time remaining: 1m 39s
Rendered 978/3784, time remaining: 1m 39s
Rendered 979/3784, time remaining: 1m 39s
Rendered 980/3784, time remaining: 1m 36s
Rendered 981/3784, time remaining: 1m 37s
Rendered 982/3784, time remaining: 1m 40s
Rendered 983/3784, time remaining: 1m 40s
Rendered 984/3784, time remaining: 1m 39s
Rendered 985/3784, time remaining: 1m 38s
Rendered 986/3784, time remaining: 1m 37s
Rendered 987/3784, time remaining: 1m 37s
Rendered 988/3784, time remaining: 1m 37s
Rendered 989/3784, time remaining: 1m 38s
Rendered 990/3784, time remaining: 1m 39s
Rendered 991/3784, time remaining: 1m 38s
Rendered 992/3784, time remaining: 1m 38s
Rendered 993/3784, time remaining: 1m 38s
Rendered 994/3784, time remaining: 1m 35s
Rendered 995/3784, time remaining: 1m 36s
Rendered 996/3784, time remaining: 1m 37s
Rendered 997/3784, time remaining: 1m 38s
Rendered 998/3784, time remaining: 1m 38s
Rendered 999/3784, time remaining: 1m 39s
Rendered 1000/3784, time remaining: 1m 40s
Rendered 1001/3784, time remaining: 1m 40s
Rendered 1002/3784, time remaining: 1m 38s
Rendered 1003/3784, time remaining: 1m 38s
Rendered 1004/3784, time remaining: 1m 38s
Rendered 1005/3784, time remaining: 1m 38s
Rendered 1006/3784, time remaining: 1m 38s
Rendered 1007/3784, time remaining: 1m 37s
Rendered 1008/3784, time remaining: 1m 37s
Rendered 1009/3784, time remaining: 1m 37s
Rendered 1010/3784, time remaining: 1m 36s
Rendered 1011/3784, time remaining: 1m 36s
Rendered 1012/3784, time remaining: 1m 37s
Rendered 1013/3784, time remaining: 1m 37s
Rendered 1014/3784, time remaining: 1m 37s
Rendered 1015/3784, time remaining: 1m 38s
Rendered 1016/3784, time remaining: 1m 39s
Rendered 1017/3784, time remaining: 1m 38s
Rendered 1018/3784, time remaining: 1m 37s
Rendered 1019/3784, time remaining: 1m 38s
Rendered 1020/3784, time remaining: 1m 36s
Rendered 1021/3784, time remaining: 1m 37s
Rendered 1022/3784, time remaining: 1m 36s
Rendered 1023/3784, time remaining: 1m 37s
Rendered 1024/3784, time remaining: 1m 37s
Rendered 1025/3784, time remaining: 1m 38s
Rendered 1026/3784, time remaining: 1m 38s
Rendered 1027/3784, time remaining: 1m 36s
Rendered 1028/3784, time remaining: 1m 34s
Rendered 1029/3784, time remaining: 1m 36s
Rendered 1030/3784, time remaining: 1m 35s
Rendered 1031/3784, time remaining: 1m 37s
Rendered 1032/3784, time remaining: 1m 38s
Rendered 1033/3784, time remaining: 1m 38s
Rendered 1034/3784, time remaining: 1m 38s
Rendered 1035/3784, time remaining: 1m 36s
Rendered 1036/3784, time remaining: 1m 35s
Rendered 1037/3784, time remaining: 1m 35s
Rendered 1038/3784, time remaining: 1m 35s
Rendered 1039/3784, time remaining: 1m 35s
Rendered 1040/3784, time remaining: 1m 38s
Rendered 1041/3784, time remaining: 1m 38s
Rendered 1042/3784, time remaining: 1m 36s
Rendered 1043/3784, time remaining: 1m 36s
Rendered 1044/3784, time remaining: 1m 35s
Rendered 1045/3784, time remaining: 1m 35s
Rendered 1046/3784, time remaining: 1m 38s
Rendered 1047/3784, time remaining: 1m 37s
Rendered 1048/3784, time remaining: 1m 36s
Rendered 1049/3784, time remaining: 1m 37s
Rendered 1050/3784, time remaining: 1m 34s
Rendered 1051/3784, time remaining: 1m 34s
Rendered 1052/3784, time remaining: 1m 34s
Rendered 1053/3784, time remaining: 1m 35s
Rendered 1054/3784, time remaining: 1m 37s
Rendered 1055/3784, time remaining: 1m 36s
Rendered 1056/3784, time remaining: 1m 35s
Rendered 1057/3784, time remaining: 1m 35s
Rendered 1058/3784, time remaining: 1m 34s
Rendered 1059/3784, time remaining: 1m 34s
Rendered 1060/3784, time remaining: 1m 36s
Rendered 1061/3784, time remaining: 1m 36s
Rendered 1062/3784, time remaining: 1m 35s
Rendered 1063/3784, time remaining: 1m 34s
Rendered 1064/3784, time remaining: 1m 35s
Rendered 1065/3784, time remaining: 1m 35s
Rendered 1066/3784, time remaining: 1m 32s
Rendered 1067/3784, time remaining: 1m 34s
Rendered 1068/3784, time remaining: 1m 35s
Rendered 1069/3784, time remaining: 1m 35s
Rendered 1070/3784, time remaining: 1m 35s
Rendered 1071/3784, time remaining: 1m 34s
Rendered 1072/3784, time remaining: 1m 35s
Rendered 1073/3784, time remaining: 1m 35s
Rendered 1074/3784, time remaining: 1m 35s
Rendered 1075/3784, time remaining: 1m 35s
Rendered 1076/3784, time remaining: 1m 37s
Rendered 1077/3784, time remaining: 1m 34s
Rendered 1078/3784, time remaining: 1m 34s
Rendered 1079/3784, time remaining: 1m 34s
Rendered 1080/3784, time remaining: 1m 34s
Rendered 1081/3784, time remaining: 1m 35s
Rendered 1082/3784, time remaining: 1m 35s
Rendered 1083/3784, time remaining: 1m 35s
Rendered 1084/3784, time remaining: 1m 34s
Rendered 1085/3784, time remaining: 1m 35s
Rendered 1086/3784, time remaining: 1m 35s
Rendered 1087/3784, time remaining: 1m 33s
Rendered 1088/3784, time remaining: 1m 33s
Rendered 1089/3784, time remaining: 1m 34s
Rendered 1090/3784, time remaining: 1m 34s
Rendered 1091/3784, time remaining: 1m 32s
Rendered 1092/3784, time remaining: 1m 33s
Rendered 1093/3784, time remaining: 1m 34s
Rendered 1094/3784, time remaining: 1m 34s
Rendered 1095/3784, time remaining: 1m 34s
Rendered 1096/3784, time remaining: 1m 33s
Rendered 1097/3784, time remaining: 1m 34s
Rendered 1098/3784, time remaining: 1m 34s
Rendered 1099/3784, time remaining: 1m 32s
Rendered 1100/3784, time remaining: 1m 32s
Rendered 1101/3784, time remaining: 1m 34s
Rendered 1102/3784, time remaining: 1m 34s
Rendered 1103/3784, time remaining: 1m 34s
Rendered 1104/3784, time remaining: 1m 34s
Rendered 1105/3784, time remaining: 1m 34s
Rendered 1106/3784, time remaining: 1m 33s
Rendered 1107/3784, time remaining: 1m 31s
Rendered 1108/3784, time remaining: 1m 33s
Rendered 1109/3784, time remaining: 1m 34s
Rendered 1110/3784, time remaining: 1m 34s
Rendered 1111/3784, time remaining: 1m 34s
Rendered 1112/3784, time remaining: 1m 32s
Rendered 1113/3784, time remaining: 1m 33s
Rendered 1114/3784, time remaining: 1m 34s
Rendered 1115/3784, time remaining: 1m 31s
Rendered 1116/3784, time remaining: 1m 31s
Rendered 1117/3784, time remaining: 1m 33s
Rendered 1118/3784, time remaining: 1m 33s
Rendered 1119/3784, time remaining: 1m 34s
Rendered 1120/3784, time remaining: 1m 34s
Rendered 1121/3784, time remaining: 1m 33s
Rendered 1122/3784, time remaining: 1m 35s
Rendered 1123/3784, time remaining: 1m 33s
Rendered 1124/3784, time remaining: 1m 31s
Rendered 1125/3784, time remaining: 1m 32s
Rendered 1126/3784, time remaining: 1m 32s
Rendered 1127/3784, time remaining: 1m 33s
Rendered 1128/3784, time remaining: 1m 32s
Rendered 1129/3784, time remaining: 1m 33s
Rendered 1130/3784, time remaining: 1m 33s
Rendered 1131/3784, time remaining: 1m 32s
Rendered 1132/3784, time remaining: 1m 30s
Rendered 1133/3784, time remaining: 1m 31s
Rendered 1134/3784, time remaining: 1m 31s
Rendered 1135/3784, time remaining: 1m 33s
Rendered 1136/3784, time remaining: 1m 33s
Rendered 1137/3784, time remaining: 1m 33s
Rendered 1138/3784, time remaining: 1m 33s
Rendered 1139/3784, time remaining: 1m 31s
Rendered 1140/3784, time remaining: 1m 32s
Rendered 1141/3784, time remaining: 1m 31s
Rendered 1142/3784, time remaining: 1m 31s
Rendered 1143/3784, time remaining: 1m 33s
Rendered 1144/3784, time remaining: 1m 33s
Rendered 1145/3784, time remaining: 1m 34s
Rendered 1146/3784, time remaining: 1m 32s
Rendered 1147/3784, time remaining: 1m 31s
Rendered 1148/3784, time remaining: 1m 30s
Rendered 1149/3784, time remaining: 1m 31s
Rendered 1150/3784, time remaining: 1m 30s
Rendered 1151/3784, time remaining: 1m 30s
Rendered 1152/3784, time remaining: 1m 31s
Rendered 1153/3784, time remaining: 1m 31s
Rendered 1154/3784, time remaining: 1m 31s
Rendered 1155/3784, time remaining: 1m 31s
Rendered 1156/3784, time remaining: 1m 30s
Rendered 1157/3784, time remaining: 1m 31s
Rendered 1158/3784, time remaining: 1m 31s
Rendered 1159/3784, time remaining: 1m 32s
Rendered 1160/3784, time remaining: 1m 31s
Rendered 1161/3784, time remaining: 1m 31s
Rendered 1162/3784, time remaining: 1m 29s
Rendered 1163/3784, time remaining: 1m 29s
Rendered 1164/3784, time remaining: 1m 32s
Rendered 1165/3784, time remaining: 1m 31s
Rendered 1166/3784, time remaining: 1m 30s
Rendered 1167/3784, time remaining: 1m 32s
Rendered 1168/3784, time remaining: 1m 32s
Rendered 1169/3784, time remaining: 1m 31s
Rendered 1170/3784, time remaining: 1m 30s
Rendered 1171/3784, time remaining: 1m 29s
Rendered 1172/3784, time remaining: 1m 30s
Rendered 1173/3784, time remaining: 1m 30s
Rendered 1174/3784, time remaining: 1m 30s
Rendered 1175/3784, time remaining: 1m 31s
Rendered 1176/3784, time remaining: 1m 30s
Rendered 1177/3784, time remaining: 1m 30s
Rendered 1178/3784, time remaining: 1m 30s
Rendered 1179/3784, time remaining: 1m 30s
Rendered 1180/3784, time remaining: 1m 30s
Rendered 1181/3784, time remaining: 1m 29s
Rendered 1182/3784, time remaining: 1m 29s
Rendered 1183/3784, time remaining: 1m 30s
Rendered 1184/3784, time remaining: 1m 30s
Rendered 1185/3784, time remaining: 1m 30s
Rendered 1186/3784, time remaining: 1m 30s
Rendered 1187/3784, time remaining: 1m 30s
Rendered 1188/3784, time remaining: 1m 30s
Rendered 1189/3784, time remaining: 1m 30s
Rendered 1190/3784, time remaining: 1m 29s
Rendered 1191/3784, time remaining: 1m 30s
Rendered 1192/3784, time remaining: 1m 29s
Rendered 1193/3784, time remaining: 1m 29s
Rendered 1194/3784, time remaining: 1m 29s
Rendered 1195/3784, time remaining: 1m 30s
Rendered 1196/3784, time remaining: 1m 28s
Rendered 1197/3784, time remaining: 1m 28s
Rendered 1198/3784, time remaining: 1m 30s
Rendered 1199/3784, time remaining: 1m 30s
Rendered 1200/3784, time remaining: 1m 30s
Rendered 1201/3784, time remaining: 1m 30s
Rendered 1202/3784, time remaining: 1m 30s
Rendered 1203/3784, time remaining: 1m 29s
Rendered 1204/3784, time remaining: 1m 28s
Rendered 1205/3784, time remaining: 1m 27s
Rendered 1206/3784, time remaining: 1m 27s
Rendered 1207/3784, time remaining: 1m 29s
Rendered 1208/3784, time remaining: 1m 29s
Rendered 1209/3784, time remaining: 1m 29s
Rendered 1210/3784, time remaining: 1m 28s
Rendered 1211/3784, time remaining: 1m 27s
Rendered 1212/3784, time remaining: 1m 27s
Rendered 1213/3784, time remaining: 1m 30s
Rendered 1214/3784, time remaining: 1m 29s
Rendered 1215/3784, time remaining: 1m 29s
Rendered 1216/3784, time remaining: 1m 29s
Rendered 1217/3784, time remaining: 1m 28s
Rendered 1218/3784, time remaining: 1m 29s
Rendered 1219/3784, time remaining: 1m 29s
Rendered 1220/3784, time remaining: 1m 28s
Rendered 1221/3784, time remaining: 1m 28s
Rendered 1222/3784, time remaining: 1m 27s
Rendered 1223/3784, time remaining: 1m 28s
Rendered 1224/3784, time remaining: 1m 29s
Rendered 1225/3784, time remaining: 1m 29s
Rendered 1226/3784, time remaining: 1m 28s
Rendered 1227/3784, time remaining: 1m 28s
Rendered 1228/3784, time remaining: 1m 27s
Rendered 1229/3784, time remaining: 1m 27s
Rendered 1230/3784, time remaining: 1m 27s
Rendered 1231/3784, time remaining: 1m 27s
Rendered 1232/3784, time remaining: 1m 28s
Rendered 1233/3784, time remaining: 1m 28s
Rendered 1234/3784, time remaining: 1m 28s
Rendered 1235/3784, time remaining: 1m 28s
Rendered 1236/3784, time remaining: 1m 28s
Rendered 1237/3784, time remaining: 1m 28s
Rendered 1238/3784, time remaining: 1m 28s
Rendered 1239/3784, time remaining: 1m 27s
Rendered 1240/3784, time remaining: 1m 27s
Rendered 1241/3784, time remaining: 1m 27s
Rendered 1242/3784, time remaining: 1m 28s
Rendered 1243/3784, time remaining: 1m 26s
Rendered 1244/3784, time remaining: 1m 26s
Rendered 1245/3784, time remaining: 1m 26s
Rendered 1246/3784, time remaining: 1m 28s
Rendered 1247/3784, time remaining: 1m 27s
Rendered 1248/3784, time remaining: 1m 26s
Rendered 1249/3784, time remaining: 1m 28s
Rendered 1250/3784, time remaining: 1m 29s
Rendered 1251/3784, time remaining: 1m 26s
Rendered 1252/3784, time remaining: 1m 26s
Rendered 1253/3784, time remaining: 1m 26s
Rendered 1254/3784, time remaining: 1m 26s
Rendered 1255/3784, time remaining: 1m 26s
Rendered 1256/3784, time remaining: 1m 26s
Rendered 1257/3784, time remaining: 1m 29s
Rendered 1258/3784, time remaining: 1m 27s
Rendered 1259/3784, time remaining: 1m 26s
Rendered 1260/3784, time remaining: 1m 26s
Rendered 1261/3784, time remaining: 1m 26s
Rendered 1262/3784, time remaining: 1m 26s
Rendered 1263/3784, time remaining: 1m 26s
Rendered 1264/3784, time remaining: 1m 25s
Rendered 1265/3784, time remaining: 1m 26s
Rendered 1266/3784, time remaining: 1m 26s
Rendered 1267/3784, time remaining: 1m 27s
Rendered 1268/3784, time remaining: 1m 26s
Rendered 1269/3784, time remaining: 1m 25s
Rendered 1270/3784, time remaining: 1m 25s
Rendered 1271/3784, time remaining: 1m 26s
Rendered 1272/3784, time remaining: 1m 24s
Rendered 1273/3784, time remaining: 1m 25s
Rendered 1274/3784, time remaining: 1m 25s
Rendered 1275/3784, time remaining: 1m 26s
Rendered 1276/3784, time remaining: 1m 27s
Rendered 1277/3784, time remaining: 1m 25s
Rendered 1278/3784, time remaining: 1m 25s
Rendered 1279/3784, time remaining: 1m 27s
Rendered 1280/3784, time remaining: 1m 27s
Rendered 1281/3784, time remaining: 1m 26s
Rendered 1282/3784, time remaining: 1m 26s
Rendered 1283/3784, time remaining: 1m 25s
Rendered 1284/3784, time remaining: 1m 27s
Rendered 1285/3784, time remaining: 1m 26s
Rendered 1286/3784, time remaining: 1m 24s
Rendered 1287/3784, time remaining: 1m 25s
Rendered 1288/3784, time remaining: 1m 25s
Rendered 1289/3784, time remaining: 1m 25s
Rendered 1290/3784, time remaining: 1m 24s
Rendered 1291/3784, time remaining: 1m 25s
Rendered 1292/3784, time remaining: 1m 27s
Rendered 1293/3784, time remaining: 1m 25s
Rendered 1294/3784, time remaining: 1m 25s
Rendered 1295/3784, time remaining: 1m 25s
Rendered 1296/3784, time remaining: 1m 25s
Rendered 1297/3784, time remaining: 1m 25s
Rendered 1298/3784, time remaining: 1m 25s
Rendered 1299/3784, time remaining: 1m 24s
Rendered 1300/3784, time remaining: 1m 25s
Rendered 1301/3784, time remaining: 1m 25s
Rendered 1302/3784, time remaining: 1m 25s
Rendered 1303/3784, time remaining: 1m 25s
Rendered 1304/3784, time remaining: 1m 25s
Rendered 1305/3784, time remaining: 1m 25s
Rendered 1306/3784, time remaining: 1m 25s
Rendered 1307/3784, time remaining: 1m 24s
Rendered 1308/3784, time remaining: 1m 24s
Rendered 1309/3784, time remaining: 1m 23s
Rendered 1310/3784, time remaining: 1m 24s
Rendered 1311/3784, time remaining: 1m 24s
Rendered 1312/3784, time remaining: 1m 26s
Rendered 1313/3784, time remaining: 1m 26s
Rendered 1314/3784, time remaining: 1m 24s
Rendered 1315/3784, time remaining: 1m 24s
Rendered 1316/3784, time remaining: 1m 25s
Rendered 1317/3784, time remaining: 1m 23s
Rendered 1318/3784, time remaining: 1m 23s
Rendered 1319/3784, time remaining: 1m 24s
Rendered 1320/3784, time remaining: 1m 26s
Rendered 1321/3784, time remaining: 1m 26s
Rendered 1322/3784, time remaining: 1m 25s
Rendered 1323/3784, time remaining: 1m 25s
Rendered 1324/3784, time remaining: 1m 24s
Rendered 1325/3784, time remaining: 1m 23s
Rendered 1326/3784, time remaining: 1m 23s
Rendered 1327/3784, time remaining: 1m 23s
Rendered 1328/3784, time remaining: 1m 27s
Rendered 1329/3784, time remaining: 1m 25s
Rendered 1330/3784, time remaining: 1m 25s
Rendered 1331/3784, time remaining: 1m 25s
Rendered 1332/3784, time remaining: 1m 24s
Rendered 1333/3784, time remaining: 1m 24s
Rendered 1334/3784, time remaining: 1m 25s
Rendered 1335/3784, time remaining: 1m 25s
Rendered 1336/3784, time remaining: 1m 24s
Rendered 1337/3784, time remaining: 1m 25s
Rendered 1338/3784, time remaining: 1m 25s
Rendered 1339/3784, time remaining: 1m 25s
Rendered 1340/3784, time remaining: 1m 25s
Rendered 1341/3784, time remaining: 1m 23s
Rendered 1342/3784, time remaining: 1m 25s
Rendered 1343/3784, time remaining: 1m 25s
Rendered 1344/3784, time remaining: 1m 24s
Rendered 1345/3784, time remaining: 1m 23s
Rendered 1346/3784, time remaining: 1m 24s
Rendered 1347/3784, time remaining: 1m 24s
Rendered 1348/3784, time remaining: 1m 24s
Rendered 1349/3784, time remaining: 1m 23s
Rendered 1350/3784, time remaining: 1m 24s
Rendered 1351/3784, time remaining: 1m 23s
Rendered 1352/3784, time remaining: 1m 23s
Rendered 1353/3784, time remaining: 1m 23s
Rendered 1354/3784, time remaining: 1m 23s
Rendered 1355/3784, time remaining: 1m 23s
Rendered 1356/3784, time remaining: 1m 26s
Rendered 1357/3784, time remaining: 1m 24s
Rendered 1358/3784, time remaining: 1m 23s
Rendered 1359/3784, time remaining: 1m 23s
Rendered 1360/3784, time remaining: 1m 24s
Rendered 1361/3784, time remaining: 1m 24s
Rendered 1362/3784, time remaining: 1m 24s
Rendered 1363/3784, time remaining: 1m 22s
Rendered 1364/3784, time remaining: 1m 24s
Rendered 1365/3784, time remaining: 1m 24s
Rendered 1366/3784, time remaining: 1m 24s
Rendered 1367/3784, time remaining: 1m 24s
Rendered 1368/3784, time remaining: 1m 23s
Rendered 1369/3784, time remaining: 1m 23s
Rendered 1370/3784, time remaining: 1m 23s
Rendered 1371/3784, time remaining: 1m 23s
Rendered 1372/3784, time remaining: 1m 25s
Rendered 1373/3784, time remaining: 1m 24s
Rendered 1374/3784, time remaining: 1m 23s
Rendered 1375/3784, time remaining: 1m 23s
Rendered 1376/3784, time remaining: 1m 24s
Rendered 1377/3784, time remaining: 1m 24s
Rendered 1378/3784, time remaining: 1m 24s
Rendered 1379/3784, time remaining: 1m 24s
Rendered 1380/3784, time remaining: 1m 24s
Rendered 1381/3784, time remaining: 1m 23s
Rendered 1382/3784, time remaining: 1m 23s
Rendered 1383/3784, time remaining: 1m 23s
Rendered 1384/3784, time remaining: 1m 24s
Rendered 1385/3784, time remaining: 1m 23s
Rendered 1386/3784, time remaining: 1m 23s
Rendered 1387/3784, time remaining: 1m 23s
Rendered 1388/3784, time remaining: 1m 22s
Rendered 1389/3784, time remaining: 1m 22s
Rendered 1390/3784, time remaining: 1m 23s
Rendered 1391/3784, time remaining: 1m 23s
Rendered 1392/3784, time remaining: 1m 23s
Rendered 1393/3784, time remaining: 1m 23s
Rendered 1394/3784, time remaining: 1m 24s
Rendered 1395/3784, time remaining: 1m 23s
Rendered 1396/3784, time remaining: 1m 22s
Rendered 1397/3784, time remaining: 1m 22s
Rendered 1398/3784, time remaining: 1m 24s
Rendered 1399/3784, time remaining: 1m 22s
Rendered 1400/3784, time remaining: 1m 21s
Rendered 1401/3784, time remaining: 1m 24s
Rendered 1402/3784, time remaining: 1m 24s
Rendered 1403/3784, time remaining: 1m 23s
Rendered 1404/3784, time remaining: 1m 22s
Rendered 1405/3784, time remaining: 1m 22s
Rendered 1406/3784, time remaining: 1m 24s
Rendered 1407/3784, time remaining: 1m 21s
Rendered 1408/3784, time remaining: 1m 21s
Rendered 1409/3784, time remaining: 1m 23s
Rendered 1410/3784, time remaining: 1m 23s
Rendered 1411/3784, time remaining: 1m 23s
Rendered 1412/3784, time remaining: 1m 23s
Rendered 1413/3784, time remaining: 1m 23s
Rendered 1414/3784, time remaining: 1m 24s
Rendered 1415/3784, time remaining: 1m 23s
Rendered 1416/3784, time remaining: 1m 23s
Rendered 1417/3784, time remaining: 1m 22s
Rendered 1418/3784, time remaining: 1m 22s
Rendered 1419/3784, time remaining: 1m 22s
Rendered 1420/3784, time remaining: 1m 22s
Rendered 1421/3784, time remaining: 1m 24s
Rendered 1422/3784, time remaining: 1m 24s
Rendered 1423/3784, time remaining: 1m 23s
Rendered 1424/3784, time remaining: 1m 23s
Rendered 1425/3784, time remaining: 1m 22s
Rendered 1426/3784, time remaining: 1m 21s
Rendered 1427/3784, time remaining: 1m 21s
Rendered 1428/3784, time remaining: 1m 21s
Rendered 1429/3784, time remaining: 1m 21s
Rendered 1430/3784, time remaining: 1m 21s
Rendered 1431/3784, time remaining: 1m 22s
Rendered 1432/3784, time remaining: 1m 23s
Rendered 1433/3784, time remaining: 1m 23s
Rendered 1434/3784, time remaining: 1m 21s
Rendered 1435/3784, time remaining: 1m 21s
Rendered 1436/3784, time remaining: 1m 21s
Rendered 1437/3784, time remaining: 1m 21s
Rendered 1438/3784, time remaining: 1m 21s
Rendered 1439/3784, time remaining: 1m 23s
Rendered 1440/3784, time remaining: 1m 23s
Rendered 1441/3784, time remaining: 1m 22s
Rendered 1442/3784, time remaining: 1m 21s
Rendered 1443/3784, time remaining: 1m 21s
Rendered 1444/3784, time remaining: 1m 22s
Rendered 1445/3784, time remaining: 1m 21s
Rendered 1446/3784, time remaining: 1m 21s
Rendered 1447/3784, time remaining: 1m 22s
Rendered 1448/3784, time remaining: 1m 23s
Rendered 1449/3784, time remaining: 1m 23s
Rendered 1450/3784, time remaining: 1m 21s
Rendered 1451/3784, time remaining: 1m 21s
Rendered 1452/3784, time remaining: 1m 20s
Rendered 1453/3784, time remaining: 1m 22s
Rendered 1454/3784, time remaining: 1m 21s
Rendered 1455/3784, time remaining: 1m 21s
Rendered 1456/3784, time remaining: 1m 22s
Rendered 1457/3784, time remaining: 1m 22s
Rendered 1458/3784, time remaining: 1m 22s
Rendered 1459/3784, time remaining: 1m 22s
Rendered 1460/3784, time remaining: 1m 21s
Rendered 1461/3784, time remaining: 1m 21s
Rendered 1462/3784, time remaining: 1m 21s
Rendered 1463/3784, time remaining: 1m 20s
Rendered 1464/3784, time remaining: 1m 21s
Rendered 1465/3784, time remaining: 1m 21s
Rendered 1466/3784, time remaining: 1m 20s
Rendered 1467/3784, time remaining: 1m 20s
Rendered 1468/3784, time remaining: 1m 23s
Rendered 1469/3784, time remaining: 1m 22s
Rendered 1470/3784, time remaining: 1m 19s
Rendered 1471/3784, time remaining: 1m 19s
Rendered 1472/3784, time remaining: 1m 19s
Rendered 1473/3784, time remaining: 1m 20s
Rendered 1474/3784, time remaining: 1m 20s
Rendered 1475/3784, time remaining: 1m 20s
Rendered 1476/3784, time remaining: 1m 22s
Rendered 1477/3784, time remaining: 1m 22s
Rendered 1478/3784, time remaining: 1m 19s
Rendered 1479/3784, time remaining: 1m 19s
Rendered 1480/3784, time remaining: 1m 19s
Rendered 1481/3784, time remaining: 1m 19s
Rendered 1482/3784, time remaining: 1m 19s
Rendered 1483/3784, time remaining: 1m 20s
Rendered 1484/3784, time remaining: 1m 20s
Rendered 1485/3784, time remaining: 1m 20s
Rendered 1486/3784, time remaining: 1m 20s
Rendered 1487/3784, time remaining: 1m 19s
Rendered 1488/3784, time remaining: 1m 20s
Rendered 1489/3784, time remaining: 1m 20s
Rendered 1490/3784, time remaining: 1m 19s
Rendered 1491/3784, time remaining: 1m 19s
Rendered 1492/3784, time remaining: 1m 19s
Rendered 1493/3784, time remaining: 1m 19s
Rendered 1494/3784, time remaining: 1m 20s
Rendered 1495/3784, time remaining: 1m 20s
Rendered 1496/3784, time remaining: 1m 19s
Rendered 1497/3784, time remaining: 1m 20s
Rendered 1498/3784, time remaining: 1m 18s
Rendered 1499/3784, time remaining: 1m 19s
Rendered 1500/3784, time remaining: 1m 19s
Rendered 1501/3784, time remaining: 1m 19s
Rendered 1502/3784, time remaining: 1m 20s
Rendered 1503/3784, time remaining: 1m 20s
Rendered 1504/3784, time remaining: 1m 19s
Rendered 1505/3784, time remaining: 1m 20s
Rendered 1506/3784, time remaining: 1m 17s
Rendered 1507/3784, time remaining: 1m 18s
Rendered 1508/3784, time remaining: 1m 18s
Rendered 1509/3784, time remaining: 1m 18s
Rendered 1510/3784, time remaining: 1m 18s
Rendered 1511/3784, time remaining: 1m 20s
Rendered 1512/3784, time remaining: 1m 19s
Rendered 1513/3784, time remaining: 1m 19s
Rendered 1514/3784, time remaining: 1m 17s
Rendered 1515/3784, time remaining: 1m 17s
Rendered 1516/3784, time remaining: 1m 17s
Rendered 1517/3784, time remaining: 1m 19s
Rendered 1518/3784, time remaining: 1m 18s
Rendered 1519/3784, time remaining: 1m 18s
Rendered 1520/3784, time remaining: 1m 19s
Rendered 1521/3784, time remaining: 1m 20s
Rendered 1522/3784, time remaining: 1m 18s
Rendered 1523/3784, time remaining: 1m 18s
Rendered 1524/3784, time remaining: 1m 18s
Rendered 1525/3784, time remaining: 1m 18s
Rendered 1526/3784, time remaining: 1m 17s
Rendered 1527/3784, time remaining: 1m 17s
Rendered 1528/3784, time remaining: 1m 19s
Rendered 1529/3784, time remaining: 1m 19s
Rendered 1530/3784, time remaining: 1m 18s
Rendered 1531/3784, time remaining: 1m 18s
Rendered 1532/3784, time remaining: 1m 17s
Rendered 1533/3784, time remaining: 1m 18s
Rendered 1534/3784, time remaining: 1m 17s
Rendered 1535/3784, time remaining: 1m 17s
Rendered 1536/3784, time remaining: 1m 18s
Rendered 1537/3784, time remaining: 1m 18s
Rendered 1538/3784, time remaining: 1m 18s
Rendered 1539/3784, time remaining: 1m 18s
Rendered 1540/3784, time remaining: 1m 17s
Rendered 1541/3784, time remaining: 1m 19s
Rendered 1542/3784, time remaining: 1m 18s
Rendered 1543/3784, time remaining: 1m 17s
Rendered 1544/3784, time remaining: 1m 17s
Rendered 1545/3784, time remaining: 1m 17s
Rendered 1546/3784, time remaining: 1m 18s
Rendered 1547/3784, time remaining: 1m 18s
Rendered 1548/3784, time remaining: 1m 17s
Rendered 1549/3784, time remaining: 1m 18s
Rendered 1550/3784, time remaining: 1m 18s
Rendered 1551/3784, time remaining: 1m 16s
Rendered 1552/3784, time remaining: 1m 17s
Rendered 1553/3784, time remaining: 1m 17s
Rendered 1554/3784, time remaining: 1m 18s
Rendered 1555/3784, time remaining: 1m 18s
Rendered 1556/3784, time remaining: 1m 16s
Rendered 1557/3784, time remaining: 1m 17s
Rendered 1558/3784, time remaining: 1m 17s
Rendered 1559/3784, time remaining: 1m 16s
Rendered 1560/3784, time remaining: 1m 17s
Rendered 1561/3784, time remaining: 1m 17s
Rendered 1562/3784, time remaining: 1m 17s
Rendered 1563/3784, time remaining: 1m 17s
Rendered 1564/3784, time remaining: 1m 16s
Rendered 1565/3784, time remaining: 1m 17s
Rendered 1566/3784, time remaining: 1m 17s
Rendered 1567/3784, time remaining: 1m 15s
Rendered 1568/3784, time remaining: 1m 16s
Rendered 1569/3784, time remaining: 1m 17s
Rendered 1570/3784, time remaining: 1m 17s
Rendered 1571/3784, time remaining: 1m 15s
Rendered 1572/3784, time remaining: 1m 15s
Rendered 1573/3784, time remaining: 1m 16s
Rendered 1574/3784, time remaining: 1m 16s
Rendered 1575/3784, time remaining: 1m 15s
Rendered 1576/3784, time remaining: 1m 18s
Rendered 1577/3784, time remaining: 1m 18s
Rendered 1578/3784, time remaining: 1m 18s
Rendered 1579/3784, time remaining: 1m 17s
Rendered 1580/3784, time remaining: 1m 17s
Rendered 1581/3784, time remaining: 1m 16s
Rendered 1582/3784, time remaining: 1m 15s
Rendered 1583/3784, time remaining: 1m 15s
Rendered 1584/3784, time remaining: 1m 15s
Rendered 1585/3784, time remaining: 1m 15s
Rendered 1586/3784, time remaining: 1m 17s
Rendered 1587/3784, time remaining: 1m 17s
Rendered 1588/3784, time remaining: 1m 17s
Rendered 1589/3784, time remaining: 1m 14s
Rendered 1590/3784, time remaining: 1m 15s
Rendered 1591/3784, time remaining: 1m 15s
Rendered 1592/3784, time remaining: 1m 15s
Rendered 1593/3784, time remaining: 1m 15s
Rendered 1594/3784, time remaining: 1m 13s
Rendered 1595/3784, time remaining: 1m 13s
Rendered 1596/3784, time remaining: 1m 13s
Rendered 1597/3784, time remaining: 1m 13s
Rendered 1598/3784, time remaining: 1m 12s
Rendered 1599/3784, time remaining: 1m 12s
Rendered 1600/3784, time remaining: 1m 12s
Rendered 1601/3784, time remaining: 1m 12s
Rendered 1602/3784, time remaining: 1m 12s
Rendered 1603/3784, time remaining: 1m 10s
Rendered 1604/3784, time remaining: 1m 9s
Rendered 1605/3784, time remaining: 1m 10s
Rendered 1606/3784, time remaining: 1m 9s
Rendered 1607/3784, time remaining: 1m 9s
Rendered 1608/3784, time remaining: 1m 9s
Rendered 1609/3784, time remaining: 1m 9s
Rendered 1610/3784, time remaining: 1m 10s
Rendered 1611/3784, time remaining: 1m 10s
Rendered 1612/3784, time remaining: 1m 8s
Rendered 1613/3784, time remaining: 1m 9s
Rendered 1614/3784, time remaining: 1m 9s
Rendered 1615/3784, time remaining: 1m 10s
Rendered 1616/3784, time remaining: 1m 10s
Rendered 1617/3784, time remaining: 1m 9s
Rendered 1618/3784, time remaining: 1m 8s
Rendered 1619/3784, time remaining: 1m 8s
Rendered 1620/3784, time remaining: 1m 8s
Rendered 1621/3784, time remaining: 1m 9s
Rendered 1622/3784, time remaining: 1m 9s
Rendered 1623/3784, time remaining: 1m 10s
Rendered 1624/3784, time remaining: 1m 9s
Rendered 1625/3784, time remaining: 1m 9s
Rendered 1626/3784, time remaining: 1m 7s
Rendered 1627/3784, time remaining: 1m 8s
Rendered 1628/3784, time remaining: 1m 8s
Rendered 1629/3784, time remaining: 1m 8s
Rendered 1630/3784, time remaining: 1m 10s
Rendered 1631/3784, time remaining: 1m 9s
Rendered 1632/3784, time remaining: 1m 9s
Rendered 1633/3784, time remaining: 1m 7s
Rendered 1634/3784, time remaining: 1m 7s
Rendered 1635/3784, time remaining: 1m 7s
Rendered 1636/3784, time remaining: 1m 6s
Rendered 1637/3784, time remaining: 1m 7s
Rendered 1638/3784, time remaining: 1m 9s
Rendered 1639/3784, time remaining: 1m 8s
Rendered 1640/3784, time remaining: 1m 8s
Rendered 1641/3784, time remaining: 1m 8s
Rendered 1642/3784, time remaining: 1m 8s
Rendered 1643/3784, time remaining: 1m 8s
Rendered 1644/3784, time remaining: 1m 8s
Rendered 1645/3784, time remaining: 1m 8s
Rendered 1646/3784, time remaining: 1m 9s
Rendered 1647/3784, time remaining: 1m 8s
Rendered 1648/3784, time remaining: 1m 8s
Rendered 1649/3784, time remaining: 1m 7s
Rendered 1650/3784, time remaining: 1m 8s
Rendered 1651/3784, time remaining: 1m 8s
Rendered 1652/3784, time remaining: 1m 7s
Rendered 1653/3784, time remaining: 1m 8s
Rendered 1654/3784, time remaining: 1m 8s
Rendered 1655/3784, time remaining: 1m 8s
Rendered 1656/3784, time remaining: 1m 8s
Rendered 1657/3784, time remaining: 1m 7s
Rendered 1658/3784, time remaining: 1m 8s
Rendered 1659/3784, time remaining: 1m 8s
Rendered 1660/3784, time remaining: 1m 8s
Rendered 1661/3784, time remaining: 1m 7s
Rendered 1662/3784, time remaining: 1m 7s
Rendered 1663/3784, time remaining: 1m 8s
Rendered 1664/3784, time remaining: 1m 8s
Rendered 1665/3784, time remaining: 1m 8s
Rendered 1666/3784, time remaining: 1m 8s
Rendered 1667/3784, time remaining: 1m 6s
Rendered 1668/3784, time remaining: 1m 6s
Rendered 1669/3784, time remaining: 1m 6s
Rendered 1670/3784, time remaining: 1m 7s
Rendered 1671/3784, time remaining: 1m 6s
Rendered 1672/3784, time remaining: 1m 6s
Rendered 1673/3784, time remaining: 1m 6s
Rendered 1674/3784, time remaining: 1m 8s
Rendered 1675/3784, time remaining: 1m 7s
Rendered 1676/3784, time remaining: 1m 7s
Rendered 1677/3784, time remaining: 1m 7s
Rendered 1678/3784, time remaining: 1m 6s
Rendered 1679/3784, time remaining: 1m 6s
Rendered 1680/3784, time remaining: 1m 5s
Rendered 1681/3784, time remaining: 1m 5s
Rendered 1682/3784, time remaining: 1m 8s
Rendered 1683/3784, time remaining: 1m 7s
Rendered 1684/3784, time remaining: 1m 7s
Rendered 1685/3784, time remaining: 1m 7s
Rendered 1686/3784, time remaining: 1m 5s
Rendered 1687/3784, time remaining: 1m 6s
Rendered 1688/3784, time remaining: 1m 6s
Rendered 1689/3784, time remaining: 1m 6s
Rendered 1690/3784, time remaining: 1m 8s
Rendered 1691/3784, time remaining: 1m 6s
Rendered 1692/3784, time remaining: 1m 6s
Rendered 1693/3784, time remaining: 1m 6s
Rendered 1694/3784, time remaining: 1m 6s
Rendered 1695/3784, time remaining: 1m 6s
Rendered 1696/3784, time remaining: 1m 5s
Rendered 1697/3784, time remaining: 1m 5s
Rendered 1698/3784, time remaining: 1m 8s
Rendered 1699/3784, time remaining: 1m 6s
Rendered 1700/3784, time remaining: 1m 6s
Rendered 1701/3784, time remaining: 1m 7s
Rendered 1702/3784, time remaining: 1m 5s
Rendered 1703/3784, time remaining: 1m 5s
Rendered 1704/3784, time remaining: 1m 5s
Rendered 1705/3784, time remaining: 1m 5s
Rendered 1706/3784, time remaining: 1m 7s
Rendered 1707/3784, time remaining: 1m 7s
Rendered 1708/3784, time remaining: 1m 7s
Rendered 1709/3784, time remaining: 1m 7s
Rendered 1710/3784, time remaining: 1m 5s
Rendered 1711/3784, time remaining: 1m 5s
Rendered 1712/3784, time remaining: 1m 7s
Rendered 1713/3784, time remaining: 1m 7s
Rendered 1714/3784, time remaining: 1m 7s
Rendered 1715/3784, time remaining: 1m 6s
Rendered 1716/3784, time remaining: 1m 6s
Rendered 1717/3784, time remaining: 1m 7s
Rendered 1718/3784, time remaining: 1m 5s
Rendered 1719/3784, time remaining: 1m 5s
Rendered 1720/3784, time remaining: 1m 7s
Rendered 1721/3784, time remaining: 1m 7s
Rendered 1722/3784, time remaining: 1m 7s
Rendered 1723/3784, time remaining: 1m 6s
Rendered 1724/3784, time remaining: 1m 6s
Rendered 1725/3784, time remaining: 1m 6s
Rendered 1726/3784, time remaining: 1m 4s
Rendered 1727/3784, time remaining: 1m 5s
Rendered 1728/3784, time remaining: 1m 6s
Rendered 1729/3784, time remaining: 1m 6s
Rendered 1730/3784, time remaining: 1m 6s
Rendered 1731/3784, time remaining: 1m 5s
Rendered 1732/3784, time remaining: 1m 5s
Rendered 1733/3784, time remaining: 1m 6s
Rendered 1734/3784, time remaining: 1m 6s
Rendered 1735/3784, time remaining: 1m 6s
Rendered 1736/3784, time remaining: 1m 5s
Rendered 1737/3784, time remaining: 1m 5s
Rendered 1738/3784, time remaining: 1m 6s
Rendered 1739/3784, time remaining: 1m 5s
Rendered 1740/3784, time remaining: 1m 5s
Rendered 1741/3784, time remaining: 1m 5s
Rendered 1742/3784, time remaining: 1m 7s
Rendered 1743/3784, time remaining: 1m 7s
Rendered 1744/3784, time remaining: 1m 6s
Rendered 1745/3784, time remaining: 1m 6s
Rendered 1746/3784, time remaining: 1m 8s
Rendered 1747/3784, time remaining: 1m 8s
Rendered 1748/3784, time remaining: 1m 8s
Rendered 1749/3784, time remaining: 1m 8s
Rendered 1750/3784, time remaining: 1m 8s
Rendered 1751/3784, time remaining: 1m 9s
Rendered 1752/3784, time remaining: 1m 9s
Rendered 1753/3784, time remaining: 1m 9s
Rendered 1754/3784, time remaining: 1m 9s
Rendered 1755/3784, time remaining: 1m 10s
Rendered 1756/3784, time remaining: 1m 10s
Rendered 1757/3784, time remaining: 1m 10s
Rendered 1758/3784, time remaining: 1m 10s
Rendered 1759/3784, time remaining: 1m 10s
Rendered 1760/3784, time remaining: 1m 10s
Rendered 1761/3784, time remaining: 1m 10s
Rendered 1762/3784, time remaining: 1m 10s
Rendered 1763/3784, time remaining: 1m 9s
Rendered 1764/3784, time remaining: 1m 10s
Rendered 1765/3784, time remaining: 1m 9s
Rendered 1766/3784, time remaining: 1m 9s
Rendered 1767/3784, time remaining: 1m 11s
Rendered 1768/3784, time remaining: 1m 10s
Rendered 1769/3784, time remaining: 1m 10s
Rendered 1770/3784, time remaining: 1m 10s
Rendered 1771/3784, time remaining: 1m 9s
Rendered 1772/3784, time remaining: 1m 9s
Rendered 1773/3784, time remaining: 1m 10s
Rendered 1774/3784, time remaining: 1m 10s
Rendered 1775/3784, time remaining: 1m 10s
Rendered 1776/3784, time remaining: 1m 11s
Rendered 1777/3784, time remaining: 1m 10s
Rendered 1778/3784, time remaining: 1m 9s
Rendered 1779/3784, time remaining: 1m 10s
Rendered 1780/3784, time remaining: 1m 8s
Rendered 1781/3784, time remaining: 1m 9s
Rendered 1782/3784, time remaining: 1m 10s
Rendered 1783/3784, time remaining: 1m 9s
Rendered 1784/3784, time remaining: 1m 10s
Rendered 1785/3784, time remaining: 1m 10s
Rendered 1786/3784, time remaining: 1m 10s
Rendered 1787/3784, time remaining: 1m 10s
Rendered 1788/3784, time remaining: 1m 8s
Rendered 1789/3784, time remaining: 1m 8s
Rendered 1790/3784, time remaining: 1m 9s
Rendered 1791/3784, time remaining: 1m 9s
Rendered 1792/3784, time remaining: 1m 9s
Rendered 1793/3784, time remaining: 1m 9s
Rendered 1794/3784, time remaining: 1m 8s
Rendered 1795/3784, time remaining: 1m 9s
Rendered 1796/3784, time remaining: 1m 8s
Rendered 1797/3784, time remaining: 1m 8s
Rendered 1798/3784, time remaining: 1m 9s
Rendered 1799/3784, time remaining: 1m 8s
Rendered 1800/3784, time remaining: 1m 7s
Rendered 1801/3784, time remaining: 1m 8s
Rendered 1802/3784, time remaining: 1m 10s
Rendered 1803/3784, time remaining: 1m 8s
Rendered 1804/3784, time remaining: 1m 8s
Rendered 1805/3784, time remaining: 1m 7s
Rendered 1806/3784, time remaining: 1m 8s
Rendered 1807/3784, time remaining: 1m 8s
Rendered 1808/3784, time remaining: 1m 7s
Rendered 1809/3784, time remaining: 1m 9s
Rendered 1810/3784, time remaining: 1m 9s
Rendered 1811/3784, time remaining: 1m 7s
Rendered 1812/3784, time remaining: 1m 7s
Rendered 1813/3784, time remaining: 1m 7s
Rendered 1814/3784, time remaining: 1m 8s
Rendered 1815/3784, time remaining: 1m 7s
Rendered 1816/3784, time remaining: 1m 7s
Rendered 1817/3784, time remaining: 1m 8s
Rendered 1818/3784, time remaining: 1m 8s
Rendered 1819/3784, time remaining: 1m 10s
Rendered 1820/3784, time remaining: 1m 8s
Rendered 1821/3784, time remaining: 1m 7s
Rendered 1822/3784, time remaining: 1m 7s
Rendered 1823/3784, time remaining: 1m 7s
Rendered 1824/3784, time remaining: 1m 7s
Rendered 1825/3784, time remaining: 1m 7s
Rendered 1826/3784, time remaining: 1m 7s
Rendered 1827/3784, time remaining: 1m 8s
Rendered 1828/3784, time remaining: 1m 8s
Rendered 1829/3784, time remaining: 1m 8s
Rendered 1830/3784, time remaining: 1m 8s
Rendered 1831/3784, time remaining: 1m 8s
Rendered 1832/3784, time remaining: 1m 6s
Rendered 1833/3784, time remaining: 1m 6s
Rendered 1834/3784, time remaining: 1m 7s
Rendered 1835/3784, time remaining: 1m 8s
Rendered 1836/3784, time remaining: 1m 8s
Rendered 1837/3784, time remaining: 1m 7s
Rendered 1838/3784, time remaining: 1m 7s
Rendered 1839/3784, time remaining: 1m 8s
Rendered 1840/3784, time remaining: 1m 6s
Rendered 1841/3784, time remaining: 1m 5s
Rendered 1842/3784, time remaining: 1m 7s
Rendered 1843/3784, time remaining: 1m 7s
Rendered 1844/3784, time remaining: 1m 7s
Rendered 1845/3784, time remaining: 1m 7s
Rendered 1846/3784, time remaining: 1m 6s
Rendered 1847/3784, time remaining: 1m 7s
Rendered 1848/3784, time remaining: 1m 5s
Rendered 1849/3784, time remaining: 1m 5s
Rendered 1850/3784, time remaining: 1m 6s
Rendered 1851/3784, time remaining: 1m 6s
Rendered 1852/3784, time remaining: 1m 6s
Rendered 1853/3784, time remaining: 1m 6s
Rendered 1854/3784, time remaining: 1m 6s
Rendered 1855/3784, time remaining: 1m 7s
Rendered 1856/3784, time remaining: 1m 4s
Rendered 1857/3784, time remaining: 1m 4s
Rendered 1858/3784, time remaining: 1m 4s
Rendered 1859/3784, time remaining: 1m 6s
Rendered 1860/3784, time remaining: 1m 6s
Rendered 1861/3784, time remaining: 1m 6s
Rendered 1862/3784, time remaining: 1m 5s
Rendered 1863/3784, time remaining: 1m 5s
Rendered 1864/3784, time remaining: 1m 4s
Rendered 1865/3784, time remaining: 1m 4s
Rendered 1866/3784, time remaining: 1m 4s
Rendered 1867/3784, time remaining: 1m 5s
Rendered 1868/3784, time remaining: 1m 6s
Rendered 1869/3784, time remaining: 1m 6s
Rendered 1870/3784, time remaining: 1m 4s
Rendered 1871/3784, time remaining: 1m 5s
Rendered 1872/3784, time remaining: 1m 4s
Rendered 1873/3784, time remaining: 1m 5s
Rendered 1874/3784, time remaining: 1m 4s
Rendered 1875/3784, time remaining: 1m 4s
Rendered 1876/3784, time remaining: 1m 4s
Rendered 1877/3784, time remaining: 1m 5s
Rendered 1878/3784, time remaining: 1m 5s
Rendered 1879/3784, time remaining: 1m 4s
Rendered 1880/3784, time remaining: 1m 5s
Rendered 1881/3784, time remaining: 1m 4s
Rendered 1882/3784, time remaining: 1m 4s
Rendered 1883/3784, time remaining: 1m 4s
Rendered 1884/3784, time remaining: 1m 4s
Rendered 1885/3784, time remaining: 1m 5s
Rendered 1886/3784, time remaining: 1m 5s
Rendered 1887/3784, time remaining: 1m 4s
Rendered 1888/3784, time remaining: 1m 4s
Rendered 1889/3784, time remaining: 1m 4s
Rendered 1890/3784, time remaining: 1m 4s
Rendered 1891/3784, time remaining: 1m 4s
Rendered 1892/3784, time remaining: 1m 4s
Rendered 1893/3784, time remaining: 1m 4s
Rendered 1894/3784, time remaining: 1m 4s
Rendered 1895/3784, time remaining: 1m 5s
Rendered 1896/3784, time remaining: 1m 3s
Rendered 1897/3784, time remaining: 1m 3s
Rendered 1898/3784, time remaining: 1m 3s
Rendered 1899/3784, time remaining: 1m 4s
Rendered 1900/3784, time remaining: 1m 5s
Rendered 1901/3784, time remaining: 1m 4s
Rendered 1902/3784, time remaining: 1m 5s
Rendered 1903/3784, time remaining: 1m 4s
Rendered 1904/3784, time remaining: 1m 4s
Rendered 1905/3784, time remaining: 1m 3s
Rendered 1906/3784, time remaining: 1m 3s
Rendered 1907/3784, time remaining: 1m 3s
Rendered 1908/3784, time remaining: 1m 5s
Rendered 1909/3784, time remaining: 1m 5s
Rendered 1910/3784, time remaining: 1m 3s
Rendered 1911/3784, time remaining: 1m 3s
Rendered 1912/3784, time remaining: 1m 3s
Rendered 1913/3784, time remaining: 1m 4s
Rendered 1914/3784, time remaining: 1m 3s
Rendered 1915/3784, time remaining: 1m 3s
Rendered 1916/3784, time remaining: 1m 5s
Rendered 1917/3784, time remaining: 1m 3s
Rendered 1918/3784, time remaining: 1m 3s
Rendered 1919/3784, time remaining: 1m 3s
Rendered 1920/3784, time remaining: 1m 3s
Rendered 1921/3784, time remaining: 1m 3s
Rendered 1922/3784, time remaining: 1m 3s
Rendered 1923/3784, time remaining: 1m 2s
Rendered 1924/3784, time remaining: 1m 3s
Rendered 1925/3784, time remaining: 1m 4s
Rendered 1926/3784, time remaining: 1m 2s
Rendered 1927/3784, time remaining: 1m 3s
Rendered 1928/3784, time remaining: 1m 4s
Rendered 1929/3784, time remaining: 1m 3s
Rendered 1930/3784, time remaining: 1m 4s
Rendered 1931/3784, time remaining: 1m 3s
Rendered 1932/3784, time remaining: 1m 2s
Rendered 1933/3784, time remaining: 1m 2s
Rendered 1934/3784, time remaining: 1m 2s
Rendered 1935/3784, time remaining: 1m 4s
Rendered 1936/3784, time remaining: 1m 4s
Rendered 1937/3784, time remaining: 1m 3s
Rendered 1938/3784, time remaining: 1m 3s
Rendered 1939/3784, time remaining: 1m 3s
Rendered 1940/3784, time remaining: 1m 2s
Rendered 1941/3784, time remaining: 1m 2s
Rendered 1942/3784, time remaining: 1m 2s
Rendered 1943/3784, time remaining: 1m 3s
Rendered 1944/3784, time remaining: 1m 3s
Rendered 1945/3784, time remaining: 1m 1s
Rendered 1946/3784, time remaining: 1m 3s
Rendered 1947/3784, time remaining: 1m 3s
Rendered 1948/3784, time remaining: 1m 3s
Rendered 1949/3784, time remaining: 1m 3s
Rendered 1950/3784, time remaining: 1m 4s
Rendered 1951/3784, time remaining: 1m 3s
Rendered 1952/3784, time remaining: 1m 2s
Rendered 1953/3784, time remaining: 1m 2s
Rendered 1954/3784, time remaining: 1m 3s
Rendered 1955/3784, time remaining: 1m 3s
Rendered 1956/3784, time remaining: 1m 2s
Rendered 1957/3784, time remaining: 1m 3s
Rendered 1958/3784, time remaining: 1m 3s
Rendered 1959/3784, time remaining: 1m 2s
Rendered 1960/3784, time remaining: 1m 2s
Rendered 1961/3784, time remaining: 1m 2s
Rendered 1962/3784, time remaining: 1m 2s
Rendered 1963/3784, time remaining: 1m 2s
Rendered 1964/3784, time remaining: 1m 2s
Rendered 1965/3784, time remaining: 1m 3s
Rendered 1966/3784, time remaining: 1m 4s
Rendered 1967/3784, time remaining: 1m 3s
Rendered 1968/3784, time remaining: 1m 3s
Rendered 1969/3784, time remaining: 1m 1s
Rendered 1970/3784, time remaining: 1m 1s
Rendered 1971/3784, time remaining: 1m 2s
Rendered 1972/3784, time remaining: 1m 2s
Rendered 1973/3784, time remaining: 1m 3s
Rendered 1974/3784, time remaining: 1m 2s
Rendered 1975/3784, time remaining: 1m 2s
Rendered 1976/3784, time remaining: 1m 2s
Rendered 1977/3784, time remaining: 1m 2s
Rendered 1978/3784, time remaining: 1m 2s
Rendered 1979/3784, time remaining: 1m 2s
Rendered 1980/3784, time remaining: 1m 2s
Rendered 1981/3784, time remaining: 1m 3s
Rendered 1982/3784, time remaining: 1m 2s
Rendered 1983/3784, time remaining: 1m 2s
Rendered 1984/3784, time remaining: 1m 1s
Rendered 1985/3784, time remaining: 1m 2s
Rendered 1986/3784, time remaining: 1m 3s
Rendered 1987/3784, time remaining: 1m 3s
Rendered 1988/3784, time remaining: 1m 3s
Rendered 1989/3784, time remaining: 1m 1s
Rendered 1990/3784, time remaining: 1m 3s
Rendered 1991/3784, time remaining: 1m 3s
Rendered 1992/3784, time remaining: 1m 1s
Rendered 1993/3784, time remaining: 1m 2s
Rendered 1994/3784, time remaining: 1m 2s
Rendered 1995/3784, time remaining: 1m 2s
Rendered 1996/3784, time remaining: 1m 3s
Rendered 1997/3784, time remaining: 1m 2s
Rendered 1998/3784, time remaining: 1m 2s
Rendered 1999/3784, time remaining: 1m 2s
Rendered 2000/3784, time remaining: 1m 1s
Rendered 2001/3784, time remaining: 1m 1s
Rendered 2002/3784, time remaining: 1m 1s
Rendered 2003/3784, time remaining: 1m 2s
Rendered 2004/3784, time remaining: 1m 3s
Rendered 2005/3784, time remaining: 1m 2s
Rendered 2006/3784, time remaining: 1m 2s
Rendered 2007/3784, time remaining: 1m 3s
Rendered 2008/3784, time remaining: 1m 3s
Rendered 2009/3784, time remaining: 1m 1s
Rendered 2010/3784, time remaining: 1m 2s
Rendered 2011/3784, time remaining: 1m 2s
Rendered 2012/3784, time remaining: 1m 2s
Rendered 2013/3784, time remaining: 1m 3s
Rendered 2014/3784, time remaining: 1m 3s
Rendered 2015/3784, time remaining: 1m 3s
Rendered 2016/3784, time remaining: 1m 3s
Rendered 2017/3784, time remaining: 1m 2s
Rendered 2018/3784, time remaining: 1m 2s
Rendered 2019/3784, time remaining: 1m 2s
Rendered 2020/3784, time remaining: 1m 2s
Rendered 2021/3784, time remaining: 1m 2s
Rendered 2022/3784, time remaining: 1m 2s
Rendered 2023/3784, time remaining: 1m 1s
Rendered 2024/3784, time remaining: 1m 2s
Rendered 2025/3784, time remaining: 1m 2s
Rendered 2026/3784, time remaining: 1m 4s
Rendered 2027/3784, time remaining: 1m 3s
Rendered 2028/3784, time remaining: 1m 2s
Rendered 2029/3784, time remaining: 1m 2s
Rendered 2030/3784, time remaining: 1m 1s
Rendered 2031/3784, time remaining: 1m 2s
Rendered 2032/3784, time remaining: 1m 1s
Rendered 2033/3784, time remaining: 1m 2s
Rendered 2034/3784, time remaining: 1m 4s
Rendered 2035/3784, time remaining: 1m 2s
Rendered 2036/3784, time remaining: 1m 2s
Rendered 2037/3784, time remaining: 1m 2s
Rendered 2038/3784, time remaining: 1m 2s
Rendered 2039/3784, time remaining: 1m 2s
Rendered 2040/3784, time remaining: 1m 2s
Rendered 2041/3784, time remaining: 1m 2s
Rendered 2042/3784, time remaining: 1m 1s
Rendered 2043/3784, time remaining: 1m 1s
Rendered 2044/3784, time remaining: 1m 1s
Rendered 2045/3784, time remaining: 1m 1s
Rendered 2046/3784, time remaining: 1m 1s
Rendered 2047/3784, time remaining: 1m 1s
Rendered 2048/3784, time remaining: 1m 3s
Rendered 2049/3784, time remaining: 1m 2s
Rendered 2050/3784, time remaining: 1m 1s
Rendered 2051/3784, time remaining: 1m 1s
Rendered 2052/3784, time remaining: 1m 2s
Rendered 2053/3784, time remaining: 1m 2s
Rendered 2054/3784, time remaining: 1m 1s
Rendered 2055/3784, time remaining: 1m 1s
Rendered 2056/3784, time remaining: 1m 2s
Rendered 2057/3784, time remaining: 1m 3s
Rendered 2058/3784, time remaining: 1m 1s
Rendered 2059/3784, time remaining: 1m 2s
Rendered 2060/3784, time remaining: 1m 2s
Rendered 2061/3784, time remaining: 1m 1s
Rendered 2062/3784, time remaining: 1m 2s
Rendered 2063/3784, time remaining: 1m 1s
Rendered 2064/3784, time remaining: 1m 1s
Rendered 2065/3784, time remaining: 1m 1s
Rendered 2066/3784, time remaining: 1m 0s
Rendered 2067/3784, time remaining: 1m 0s
Rendered 2068/3784, time remaining: 1m 0s
Rendered 2069/3784, time remaining: 1m 1s
Rendered 2070/3784, time remaining: 1m 2s
Rendered 2071/3784, time remaining: 1m 2s
Rendered 2072/3784, time remaining: 1m 2s
Rendered 2073/3784, time remaining: 1m 2s
Rendered 2074/3784, time remaining: 1m 0s
Rendered 2075/3784, time remaining: 1m 1s
Rendered 2076/3784, time remaining: 1m 1s
Rendered 2077/3784, time remaining: 1m 1s
Rendered 2078/3784, time remaining: 1m 0s
Rendered 2079/3784, time remaining: 1m 0s
Rendered 2080/3784, time remaining: 1m 0s
Rendered 2081/3784, time remaining: 1m 1s
Rendered 2082/3784, time remaining: 1m 1s
Rendered 2083/3784, time remaining: 1m 1s
Rendered 2084/3784, time remaining: 1m 1s
Rendered 2085/3784, time remaining: 59s
Rendered 2086/3784, time remaining: 59s
Rendered 2087/3784, time remaining: 1m 0s
Rendered 2088/3784, time remaining: 1m 1s
Rendered 2089/3784, time remaining: 1m 1s
Rendered 2090/3784, time remaining: 1m 1s
Rendered 2091/3784, time remaining: 1m 1s
Rendered 2092/3784, time remaining: 1m 0s
Rendered 2093/3784, time remaining: 1m 0s
Rendered 2094/3784, time remaining: 1m 0s
Rendered 2095/3784, time remaining: 1m 0s
Rendered 2096/3784, time remaining: 1m 0s
Rendered 2097/3784, time remaining: 1m 0s
Rendered 2098/3784, time remaining: 1m 0s
Rendered 2099/3784, time remaining: 1m 0s
Rendered 2100/3784, time remaining: 1m 0s
Rendered 2101/3784, time remaining: 1m 0s
Rendered 2102/3784, time remaining: 1m 0s
Rendered 2103/3784, time remaining: 1m 0s
Rendered 2104/3784, time remaining: 1m 0s
Rendered 2105/3784, time remaining: 1m 0s
Rendered 2106/3784, time remaining: 1m 0s
Rendered 2107/3784, time remaining: 59s
Rendered 2108/3784, time remaining: 59s
Rendered 2109/3784, time remaining: 1m 0s
Rendered 2110/3784, time remaining: 1m 0s
Rendered 2111/3784, time remaining: 1m 0s
Rendered 2112/3784, time remaining: 1m 0s
Rendered 2113/3784, time remaining: 59s
Rendered 2114/3784, time remaining: 59s
Rendered 2115/3784, time remaining: 59s
Rendered 2116/3784, time remaining: 59s
Rendered 2117/3784, time remaining: 59s
Rendered 2118/3784, time remaining: 59s
Rendered 2119/3784, time remaining: 59s
Rendered 2120/3784, time remaining: 59s
Rendered 2121/3784, time remaining: 58s
Rendered 2122/3784, time remaining: 59s
Rendered 2123/3784, time remaining: 59s
Rendered 2124/3784, time remaining: 59s
Rendered 2125/3784, time remaining: 59s
Rendered 2126/3784, time remaining: 59s
Rendered 2127/3784, time remaining: 59s
Rendered 2128/3784, time remaining: 58s
Rendered 2129/3784, time remaining: 59s
Rendered 2130/3784, time remaining: 59s
Rendered 2131/3784, time remaining: 59s
Rendered 2132/3784, time remaining: 59s
Rendered 2133/3784, time remaining: 59s
Rendered 2134/3784, time remaining: 59s
Rendered 2135/3784, time remaining: 58s
Rendered 2136/3784, time remaining: 57s
Rendered 2137/3784, time remaining: 58s
Rendered 2138/3784, time remaining: 59s
Rendered 2139/3784, time remaining: 59s
Rendered 2140/3784, time remaining: 58s
Rendered 2141/3784, time remaining: 58s
Rendered 2142/3784, time remaining: 58s
Rendered 2143/3784, time remaining: 57s
Rendered 2144/3784, time remaining: 58s
Rendered 2145/3784, time remaining: 58s
Rendered 2146/3784, time remaining: 58s
Rendered 2147/3784, time remaining: 58s
Rendered 2148/3784, time remaining: 58s
Rendered 2149/3784, time remaining: 58s
Rendered 2150/3784, time remaining: 58s
Rendered 2151/3784, time remaining: 57s
Rendered 2152/3784, time remaining: 57s
Rendered 2153/3784, time remaining: 56s
Rendered 2154/3784, time remaining: 58s
Rendered 2155/3784, time remaining: 58s
Rendered 2156/3784, time remaining: 58s
Rendered 2157/3784, time remaining: 57s
Rendered 2158/3784, time remaining: 57s
Rendered 2159/3784, time remaining: 57s
Rendered 2160/3784, time remaining: 57s
Rendered 2161/3784, time remaining: 57s
Rendered 2162/3784, time remaining: 57s
Rendered 2163/3784, time remaining: 57s
Rendered 2164/3784, time remaining: 57s
Rendered 2165/3784, time remaining: 57s
Rendered 2166/3784, time remaining: 57s
Rendered 2167/3784, time remaining: 57s
Rendered 2168/3784, time remaining: 55s
Rendered 2169/3784, time remaining: 56s
Rendered 2170/3784, time remaining: 57s
Rendered 2171/3784, time remaining: 57s
Rendered 2172/3784, time remaining: 57s
Rendered 2173/3784, time remaining: 57s
Rendered 2174/3784, time remaining: 56s
Rendered 2175/3784, time remaining: 56s
Rendered 2176/3784, time remaining: 55s
Rendered 2177/3784, time remaining: 55s
Rendered 2178/3784, time remaining: 55s
Rendered 2179/3784, time remaining: 57s
Rendered 2180/3784, time remaining: 58s
Rendered 2181/3784, time remaining: 57s
Rendered 2182/3784, time remaining: 57s
Rendered 2183/3784, time remaining: 57s
Rendered 2184/3784, time remaining: 56s
Rendered 2185/3784, time remaining: 56s
Rendered 2186/3784, time remaining: 55s
Rendered 2187/3784, time remaining: 56s
Rendered 2188/3784, time remaining: 57s
Rendered 2189/3784, time remaining: 57s
Rendered 2190/3784, time remaining: 57s
Rendered 2191/3784, time remaining: 57s
Rendered 2192/3784, time remaining: 56s
Rendered 2193/3784, time remaining: 56s
Rendered 2194/3784, time remaining: 56s
Rendered 2195/3784, time remaining: 56s
Rendered 2196/3784, time remaining: 57s
Rendered 2197/3784, time remaining: 57s
Rendered 2198/3784, time remaining: 55s
Rendered 2199/3784, time remaining: 55s
Rendered 2200/3784, time remaining: 55s
Rendered 2201/3784, time remaining: 55s
Rendered 2202/3784, time remaining: 55s
Rendered 2203/3784, time remaining: 57s
Rendered 2204/3784, time remaining: 56s
Rendered 2205/3784, time remaining: 56s
Rendered 2206/3784, time remaining: 57s
Rendered 2207/3784, time remaining: 56s
Rendered 2208/3784, time remaining: 56s
Rendered 2209/3784, time remaining: 55s
Rendered 2210/3784, time remaining: 55s
Rendered 2211/3784, time remaining: 56s
Rendered 2212/3784, time remaining: 55s
Rendered 2213/3784, time remaining: 56s
Rendered 2214/3784, time remaining: 56s
Rendered 2215/3784, time remaining: 56s
Rendered 2216/3784, time remaining: 56s
Rendered 2217/3784, time remaining: 55s
Rendered 2218/3784, time remaining: 57s
Rendered 2219/3784, time remaining: 56s
Rendered 2220/3784, time remaining: 55s
Rendered 2221/3784, time remaining: 55s
Rendered 2222/3784, time remaining: 55s
Rendered 2223/3784, time remaining: 56s
Rendered 2224/3784, time remaining: 55s
Rendered 2225/3784, time remaining: 54s
Rendered 2226/3784, time remaining: 56s
Rendered 2227/3784, time remaining: 56s
Rendered 2228/3784, time remaining: 56s
Rendered 2229/3784, time remaining: 55s
Rendered 2230/3784, time remaining: 56s
Rendered 2231/3784, time remaining: 55s
Rendered 2232/3784, time remaining: 55s
Rendered 2233/3784, time remaining: 55s
Rendered 2234/3784, time remaining: 55s
Rendered 2235/3784, time remaining: 56s
Rendered 2236/3784, time remaining: 56s
Rendered 2237/3784, time remaining: 55s
Rendered 2238/3784, time remaining: 55s
Rendered 2239/3784, time remaining: 54s
Rendered 2240/3784, time remaining: 54s
Rendered 2241/3784, time remaining: 55s
Rendered 2242/3784, time remaining: 55s
Rendered 2243/3784, time remaining: 56s
Rendered 2244/3784, time remaining: 56s
Rendered 2245/3784, time remaining: 55s
Rendered 2246/3784, time remaining: 54s
Rendered 2247/3784, time remaining: 55s
Rendered 2248/3784, time remaining: 54s
Rendered 2249/3784, time remaining: 55s
Rendered 2250/3784, time remaining: 54s
Rendered 2251/3784, time remaining: 53s
Rendered 2252/3784, time remaining: 53s
Rendered 2253/3784, time remaining: 55s
Rendered 2254/3784, time remaining: 54s
Rendered 2255/3784, time remaining: 54s
Rendered 2256/3784, time remaining: 54s
Rendered 2257/3784, time remaining: 54s
Rendered 2258/3784, time remaining: 54s
Rendered 2259/3784, time remaining: 54s
Rendered 2260/3784, time remaining: 54s
Rendered 2261/3784, time remaining: 54s
Rendered 2262/3784, time remaining: 54s
Rendered 2263/3784, time remaining: 54s
Rendered 2264/3784, time remaining: 55s
Rendered 2265/3784, time remaining: 54s
Rendered 2266/3784, time remaining: 54s
Rendered 2267/3784, time remaining: 54s
Rendered 2268/3784, time remaining: 54s
Rendered 2269/3784, time remaining: 54s
Rendered 2270/3784, time remaining: 54s
Rendered 2271/3784, time remaining: 54s
Rendered 2272/3784, time remaining: 55s
Rendered 2273/3784, time remaining: 54s
Rendered 2274/3784, time remaining: 54s
Rendered 2275/3784, time remaining: 53s
Rendered 2276/3784, time remaining: 53s
Rendered 2277/3784, time remaining: 53s
Rendered 2278/3784, time remaining: 54s
Rendered 2279/3784, time remaining: 53s
Rendered 2280/3784, time remaining: 54s
Rendered 2281/3784, time remaining: 53s
Rendered 2282/3784, time remaining: 53s
Rendered 2283/3784, time remaining: 53s
Rendered 2284/3784, time remaining: 53s
Rendered 2285/3784, time remaining: 53s
Rendered 2286/3784, time remaining: 53s
Rendered 2287/3784, time remaining: 52s
Rendered 2288/3784, time remaining: 53s
Rendered 2289/3784, time remaining: 53s
Rendered 2290/3784, time remaining: 53s
Rendered 2291/3784, time remaining: 53s
Rendered 2292/3784, time remaining: 54s
Rendered 2293/3784, time remaining: 54s
Rendered 2294/3784, time remaining: 53s
Rendered 2295/3784, time remaining: 53s
Rendered 2296/3784, time remaining: 53s
Rendered 2297/3784, time remaining: 53s
Rendered 2298/3784, time remaining: 53s
Rendered 2299/3784, time remaining: 53s
Rendered 2300/3784, time remaining: 53s
Rendered 2301/3784, time remaining: 53s
Rendered 2302/3784, time remaining: 54s
Rendered 2303/3784, time remaining: 54s
Rendered 2304/3784, time remaining: 52s
Rendered 2305/3784, time remaining: 52s
Rendered 2306/3784, time remaining: 52s
Rendered 2307/3784, time remaining: 52s
Rendered 2308/3784, time remaining: 52s
Rendered 2309/3784, time remaining: 52s
Rendered 2310/3784, time remaining: 52s
Rendered 2311/3784, time remaining: 52s
Rendered 2312/3784, time remaining: 53s
Rendered 2313/3784, time remaining: 52s
Rendered 2314/3784, time remaining: 52s
Rendered 2315/3784, time remaining: 52s
Rendered 2316/3784, time remaining: 52s
Rendered 2317/3784, time remaining: 52s
Rendered 2318/3784, time remaining: 52s
Rendered 2319/3784, time remaining: 53s
Rendered 2320/3784, time remaining: 52s
Rendered 2321/3784, time remaining: 52s
Rendered 2322/3784, time remaining: 52s
Rendered 2323/3784, time remaining: 52s
Rendered 2324/3784, time remaining: 52s
Rendered 2325/3784, time remaining: 52s
Rendered 2326/3784, time remaining: 52s
Rendered 2327/3784, time remaining: 52s
Rendered 2328/3784, time remaining: 53s
Rendered 2329/3784, time remaining: 51s
Rendered 2330/3784, time remaining: 51s
Rendered 2331/3784, time remaining: 51s
Rendered 2332/3784, time remaining: 51s
Rendered 2333/3784, time remaining: 51s
Rendered 2334/3784, time remaining: 51s
Rendered 2335/3784, time remaining: 52s
Rendered 2336/3784, time remaining: 52s
Rendered 2337/3784, time remaining: 51s
Rendered 2338/3784, time remaining: 50s
Rendered 2339/3784, time remaining: 50s
Rendered 2340/3784, time remaining: 51s
Rendered 2341/3784, time remaining: 51s
Rendered 2342/3784, time remaining: 51s
Rendered 2343/3784, time remaining: 52s
Rendered 2344/3784, time remaining: 51s
Rendered 2345/3784, time remaining: 50s
Rendered 2346/3784, time remaining: 50s
Rendered 2347/3784, time remaining: 50s
Rendered 2348/3784, time remaining: 51s
Rendered 2349/3784, time remaining: 51s
Rendered 2350/3784, time remaining: 51s
Rendered 2351/3784, time remaining: 52s
Rendered 2352/3784, time remaining: 51s
Rendered 2353/3784, time remaining: 50s
Rendered 2354/3784, time remaining: 50s
Rendered 2355/3784, time remaining: 50s
Rendered 2356/3784, time remaining: 50s
Rendered 2357/3784, time remaining: 49s
Rendered 2358/3784, time remaining: 50s
Rendered 2359/3784, time remaining: 51s
Rendered 2360/3784, time remaining: 51s
Rendered 2361/3784, time remaining: 50s
Rendered 2362/3784, time remaining: 50s
Rendered 2363/3784, time remaining: 49s
Rendered 2364/3784, time remaining: 50s
Rendered 2365/3784, time remaining: 50s
Rendered 2366/3784, time remaining: 50s
Rendered 2367/3784, time remaining: 51s
Rendered 2368/3784, time remaining: 49s
Rendered 2369/3784, time remaining: 49s
Rendered 2370/3784, time remaining: 50s
Rendered 2371/3784, time remaining: 49s
Rendered 2372/3784, time remaining: 50s
Rendered 2373/3784, time remaining: 49s
Rendered 2374/3784, time remaining: 50s
Rendered 2375/3784, time remaining: 50s
Rendered 2376/3784, time remaining: 49s
Rendered 2377/3784, time remaining: 49s
Rendered 2378/3784, time remaining: 49s
Rendered 2379/3784, time remaining: 49s
Rendered 2380/3784, time remaining: 49s
Rendered 2381/3784, time remaining: 50s
Rendered 2382/3784, time remaining: 50s
Rendered 2383/3784, time remaining: 50s
Rendered 2384/3784, time remaining: 49s
Rendered 2385/3784, time remaining: 49s
Rendered 2386/3784, time remaining: 49s
Rendered 2387/3784, time remaining: 49s
Rendered 2388/3784, time remaining: 49s
Rendered 2389/3784, time remaining: 49s
Rendered 2390/3784, time remaining: 49s
Rendered 2391/3784, time remaining: 49s
Rendered 2392/3784, time remaining: 50s
Rendered 2393/3784, time remaining: 49s
Rendered 2394/3784, time remaining: 49s
Rendered 2395/3784, time remaining: 49s
Rendered 2396/3784, time remaining: 49s
Rendered 2397/3784, time remaining: 48s
Rendered 2398/3784, time remaining: 48s
Rendered 2399/3784, time remaining: 48s
Rendered 2400/3784, time remaining: 48s
Rendered 2401/3784, time remaining: 49s
Rendered 2402/3784, time remaining: 50s
Rendered 2403/3784, time remaining: 49s
Rendered 2404/3784, time remaining: 49s
Rendered 2405/3784, time remaining: 49s
Rendered 2406/3784, time remaining: 49s
Rendered 2407/3784, time remaining: 48s
Rendered 2408/3784, time remaining: 48s
Rendered 2409/3784, time remaining: 48s
Rendered 2410/3784, time remaining: 48s
Rendered 2411/3784, time remaining: 48s
Rendered 2412/3784, time remaining: 49s
Rendered 2413/3784, time remaining: 49s
Rendered 2414/3784, time remaining: 48s
Rendered 2415/3784, time remaining: 48s
Rendered 2416/3784, time remaining: 48s
Rendered 2417/3784, time remaining: 48s
Rendered 2418/3784, time remaining: 48s
Rendered 2419/3784, time remaining: 48s
Rendered 2420/3784, time remaining: 48s
Rendered 2421/3784, time remaining: 49s
Rendered 2422/3784, time remaining: 48s
Rendered 2423/3784, time remaining: 47s
Rendered 2424/3784, time remaining: 47s
Rendered 2425/3784, time remaining: 48s
Rendered 2426/3784, time remaining: 48s
Rendered 2427/3784, time remaining: 48s
Rendered 2428/3784, time remaining: 48s
Rendered 2429/3784, time remaining: 48s
Rendered 2430/3784, time remaining: 47s
Rendered 2431/3784, time remaining: 47s
Rendered 2432/3784, time remaining: 47s
Rendered 2433/3784, time remaining: 48s
Rendered 2434/3784, time remaining: 47s
Rendered 2435/3784, time remaining: 47s
Rendered 2436/3784, time remaining: 48s
Rendered 2437/3784, time remaining: 48s
Rendered 2438/3784, time remaining: 48s
Rendered 2439/3784, time remaining: 47s
Rendered 2440/3784, time remaining: 47s
Rendered 2441/3784, time remaining: 47s
Rendered 2442/3784, time remaining: 47s
Rendered 2443/3784, time remaining: 47s
Rendered 2444/3784, time remaining: 47s
Rendered 2445/3784, time remaining: 48s
Rendered 2446/3784, time remaining: 47s
Rendered 2447/3784, time remaining: 47s
Rendered 2448/3784, time remaining: 47s
Rendered 2449/3784, time remaining: 47s
Rendered 2450/3784, time remaining: 47s
Rendered 2451/3784, time remaining: 47s
Rendered 2452/3784, time remaining: 45s
Rendered 2453/3784, time remaining: 46s
Rendered 2454/3784, time remaining: 46s
Rendered 2455/3784, time remaining: 47s
Rendered 2456/3784, time remaining: 47s
Rendered 2457/3784, time remaining: 47s
Rendered 2458/3784, time remaining: 47s
Rendered 2459/3784, time remaining: 47s
Rendered 2460/3784, time remaining: 46s
Rendered 2461/3784, time remaining: 46s
Rendered 2462/3784, time remaining: 45s
Rendered 2463/3784, time remaining: 46s
Rendered 2464/3784, time remaining: 46s
Rendered 2465/3784, time remaining: 47s
Rendered 2466/3784, time remaining: 47s
Rendered 2467/3784, time remaining: 47s
Rendered 2468/3784, time remaining: 47s
Rendered 2469/3784, time remaining: 46s
Rendered 2470/3784, time remaining: 45s
Rendered 2471/3784, time remaining: 46s
Rendered 2472/3784, time remaining: 46s
Rendered 2473/3784, time remaining: 47s
Rendered 2474/3784, time remaining: 47s
Rendered 2475/3784, time remaining: 46s
Rendered 2476/3784, time remaining: 46s
Rendered 2477/3784, time remaining: 46s
Rendered 2478/3784, time remaining: 45s
Rendered 2479/3784, time remaining: 46s
Rendered 2480/3784, time remaining: 46s
Rendered 2481/3784, time remaining: 47s
Rendered 2482/3784, time remaining: 47s
Rendered 2483/3784, time remaining: 46s
Rendered 2484/3784, time remaining: 46s
Rendered 2485/3784, time remaining: 45s
Rendered 2486/3784, time remaining: 45s
Rendered 2487/3784, time remaining: 46s
Rendered 2488/3784, time remaining: 46s
Rendered 2489/3784, time remaining: 47s
Rendered 2490/3784, time remaining: 46s
Rendered 2491/3784, time remaining: 46s
Rendered 2492/3784, time remaining: 46s
Rendered 2493/3784, time remaining: 45s
Rendered 2494/3784, time remaining: 45s
Rendered 2495/3784, time remaining: 45s
Rendered 2496/3784, time remaining: 45s
Rendered 2497/3784, time remaining: 47s
Rendered 2498/3784, time remaining: 46s
Rendered 2499/3784, time remaining: 46s
Rendered 2500/3784, time remaining: 46s
Rendered 2501/3784, time remaining: 45s
Rendered 2502/3784, time remaining: 45s
Rendered 2503/3784, time remaining: 45s
Rendered 2504/3784, time remaining: 45s
Rendered 2505/3784, time remaining: 46s
Rendered 2506/3784, time remaining: 46s
Rendered 2507/3784, time remaining: 46s
Rendered 2508/3784, time remaining: 45s
Rendered 2509/3784, time remaining: 44s
Rendered 2510/3784, time remaining: 44s
Rendered 2511/3784, time remaining: 45s
Rendered 2512/3784, time remaining: 45s
Rendered 2513/3784, time remaining: 46s
Rendered 2514/3784, time remaining: 45s
Rendered 2515/3784, time remaining: 45s
Rendered 2516/3784, time remaining: 45s
Rendered 2517/3784, time remaining: 44s
Rendered 2518/3784, time remaining: 44s
Rendered 2519/3784, time remaining: 45s
Rendered 2520/3784, time remaining: 45s
Rendered 2521/3784, time remaining: 45s
Rendered 2522/3784, time remaining: 44s
Rendered 2523/3784, time remaining: 45s
Rendered 2524/3784, time remaining: 45s
Rendered 2525/3784, time remaining: 45s
Rendered 2526/3784, time remaining: 44s
Rendered 2527/3784, time remaining: 45s
Rendered 2528/3784, time remaining: 45s
Rendered 2529/3784, time remaining: 44s
Rendered 2530/3784, time remaining: 45s
Rendered 2531/3784, time remaining: 44s
Rendered 2532/3784, time remaining: 44s
Rendered 2533/3784, time remaining: 45s
Rendered 2534/3784, time remaining: 44s
Rendered 2535/3784, time remaining: 44s
Rendered 2536/3784, time remaining: 44s
Rendered 2537/3784, time remaining: 44s
Rendered 2538/3784, time remaining: 45s
Rendered 2539/3784, time remaining: 45s
Rendered 2540/3784, time remaining: 45s
Rendered 2541/3784, time remaining: 44s
Rendered 2542/3784, time remaining: 43s
Rendered 2543/3784, time remaining: 43s
Rendered 2544/3784, time remaining: 44s
Rendered 2545/3784, time remaining: 44s
Rendered 2546/3784, time remaining: 44s
Rendered 2547/3784, time remaining: 44s
Rendered 2548/3784, time remaining: 44s
Rendered 2549/3784, time remaining: 44s
Rendered 2550/3784, time remaining: 44s
Rendered 2551/3784, time remaining: 43s
Rendered 2552/3784, time remaining: 43s
Rendered 2553/3784, time remaining: 43s
Rendered 2554/3784, time remaining: 43s
Rendered 2555/3784, time remaining: 43s
Rendered 2556/3784, time remaining: 44s
Rendered 2557/3784, time remaining: 43s
Rendered 2558/3784, time remaining: 43s
Rendered 2559/3784, time remaining: 43s
Rendered 2560/3784, time remaining: 43s
Rendered 2561/3784, time remaining: 43s
Rendered 2562/3784, time remaining: 42s
Rendered 2563/3784, time remaining: 43s
Rendered 2564/3784, time remaining: 43s
Rendered 2565/3784, time remaining: 43s
Rendered 2566/3784, time remaining: 43s
Rendered 2567/3784, time remaining: 42s
Rendered 2568/3784, time remaining: 43s
Rendered 2569/3784, time remaining: 43s
Rendered 2570/3784, time remaining: 43s
Rendered 2571/3784, time remaining: 42s
Rendered 2572/3784, time remaining: 43s
Rendered 2573/3784, time remaining: 43s
Rendered 2574/3784, time remaining: 43s
Rendered 2575/3784, time remaining: 42s
Rendered 2576/3784, time remaining: 43s
Rendered 2577/3784, time remaining: 43s
Rendered 2578/3784, time remaining: 43s
Rendered 2579/3784, time remaining: 43s
Rendered 2580/3784, time remaining: 43s
Rendered 2581/3784, time remaining: 42s
Rendered 2582/3784, time remaining: 42s
Rendered 2583/3784, time remaining: 42s
Rendered 2584/3784, time remaining: 42s
Rendered 2585/3784, time remaining: 42s
Rendered 2586/3784, time remaining: 42s
Rendered 2587/3784, time remaining: 42s
Rendered 2588/3784, time remaining: 43s
Rendered 2589/3784, time remaining: 42s
Rendered 2590/3784, time remaining: 42s
Rendered 2591/3784, time remaining: 42s
Rendered 2592/3784, time remaining: 43s
Rendered 2593/3784, time remaining: 43s
Rendered 2594/3784, time remaining: 42s
Rendered 2595/3784, time remaining: 42s
Rendered 2596/3784, time remaining: 42s
Rendered 2597/3784, time remaining: 42s
Rendered 2598/3784, time remaining: 42s
Rendered 2599/3784, time remaining: 42s
Rendered 2600/3784, time remaining: 42s
Rendered 2601/3784, time remaining: 42s
Rendered 2602/3784, time remaining: 42s
Rendered 2603/3784, time remaining: 43s
Rendered 2604/3784, time remaining: 43s
Rendered 2605/3784, time remaining: 42s
Rendered 2606/3784, time remaining: 41s
Rendered 2607/3784, time remaining: 42s
Rendered 2608/3784, time remaining: 42s
Rendered 2609/3784, time remaining: 41s
Rendered 2610/3784, time remaining: 42s
Rendered 2611/3784, time remaining: 42s
Rendered 2612/3784, time remaining: 42s
Rendered 2613/3784, time remaining: 41s
Rendered 2614/3784, time remaining: 41s
Rendered 2615/3784, time remaining: 40s
Rendered 2616/3784, time remaining: 40s
Rendered 2617/3784, time remaining: 41s
Rendered 2618/3784, time remaining: 41s
Rendered 2619/3784, time remaining: 42s
Rendered 2620/3784, time remaining: 41s
Rendered 2621/3784, time remaining: 41s
Rendered 2622/3784, time remaining: 42s
Rendered 2623/3784, time remaining: 41s
Rendered 2624/3784, time remaining: 41s
Rendered 2625/3784, time remaining: 40s
Rendered 2626/3784, time remaining: 40s
Rendered 2627/3784, time remaining: 41s
Rendered 2628/3784, time remaining: 41s
Rendered 2629/3784, time remaining: 40s
Rendered 2630/3784, time remaining: 40s
Rendered 2631/3784, time remaining: 40s
Rendered 2632/3784, time remaining: 41s
Rendered 2633/3784, time remaining: 41s
Rendered 2634/3784, time remaining: 41s
Rendered 2635/3784, time remaining: 41s
Rendered 2636/3784, time remaining: 40s
Rendered 2637/3784, time remaining: 39s
Rendered 2638/3784, time remaining: 40s
Rendered 2639/3784, time remaining: 39s
Rendered 2640/3784, time remaining: 40s
Rendered 2641/3784, time remaining: 40s
Rendered 2642/3784, time remaining: 40s
Rendered 2643/3784, time remaining: 41s
Rendered 2644/3784, time remaining: 40s
Rendered 2645/3784, time remaining: 40s
Rendered 2646/3784, time remaining: 40s
Rendered 2647/3784, time remaining: 39s
Rendered 2648/3784, time remaining: 40s
Rendered 2649/3784, time remaining: 40s
Rendered 2650/3784, time remaining: 40s
Rendered 2651/3784, time remaining: 40s
Rendered 2652/3784, time remaining: 40s
Rendered 2653/3784, time remaining: 40s
Rendered 2654/3784, time remaining: 40s
Rendered 2655/3784, time remaining: 39s
Rendered 2656/3784, time remaining: 40s
Rendered 2657/3784, time remaining: 39s
Rendered 2658/3784, time remaining: 40s
Rendered 2659/3784, time remaining: 40s
Rendered 2660/3784, time remaining: 40s
Rendered 2661/3784, time remaining: 39s
Rendered 2662/3784, time remaining: 40s
Rendered 2663/3784, time remaining: 39s
Rendered 2664/3784, time remaining: 39s
Rendered 2665/3784, time remaining: 39s
Rendered 2666/3784, time remaining: 39s
Rendered 2667/3784, time remaining: 39s
Rendered 2668/3784, time remaining: 39s
Rendered 2669/3784, time remaining: 39s
Rendered 2670/3784, time remaining: 40s
Rendered 2671/3784, time remaining: 40s
Rendered 2672/3784, time remaining: 39s
Rendered 2673/3784, time remaining: 39s
Rendered 2674/3784, time remaining: 39s
Rendered 2675/3784, time remaining: 39s
Rendered 2676/3784, time remaining: 39s
Rendered 2677/3784, time remaining: 39s
Rendered 2678/3784, time remaining: 39s
Rendered 2679/3784, time remaining: 39s
Rendered 2680/3784, time remaining: 38s
Rendered 2681/3784, time remaining: 39s
Rendered 2682/3784, time remaining: 39s
Rendered 2683/3784, time remaining: 39s
Rendered 2684/3784, time remaining: 39s
Rendered 2685/3784, time remaining: 39s
Rendered 2686/3784, time remaining: 39s
Rendered 2687/3784, time remaining: 38s
Rendered 2688/3784, time remaining: 38s
Rendered 2689/3784, time remaining: 38s
Rendered 2690/3784, time remaining: 39s
Rendered 2691/3784, time remaining: 39s
Rendered 2692/3784, time remaining: 39s
Rendered 2693/3784, time remaining: 39s
Rendered 2694/3784, time remaining: 38s
Rendered 2695/3784, time remaining: 38s
Rendered 2696/3784, time remaining: 38s
Rendered 2697/3784, time remaining: 38s
Rendered 2698/3784, time remaining: 38s
Rendered 2699/3784, time remaining: 39s
Rendered 2700/3784, time remaining: 39s
Rendered 2701/3784, time remaining: 38s
Rendered 2702/3784, time remaining: 39s
Rendered 2703/3784, time remaining: 39s
Rendered 2704/3784, time remaining: 39s
Rendered 2705/3784, time remaining: 38s
Rendered 2706/3784, time remaining: 38s
Rendered 2707/3784, time remaining: 38s
Rendered 2708/3784, time remaining: 38s
Rendered 2709/3784, time remaining: 38s
Rendered 2710/3784, time remaining: 38s
Rendered 2711/3784, time remaining: 38s
Rendered 2712/3784, time remaining: 39s
Rendered 2713/3784, time remaining: 38s
Rendered 2714/3784, time remaining: 38s
Rendered 2715/3784, time remaining: 38s
Rendered 2716/3784, time remaining: 38s
Rendered 2717/3784, time remaining: 38s
Rendered 2718/3784, time remaining: 37s
Rendered 2719/3784, time remaining: 37s
Rendered 2720/3784, time remaining: 38s
Rendered 2721/3784, time remaining: 38s
Rendered 2722/3784, time remaining: 37s
Rendered 2723/3784, time remaining: 37s
Rendered 2724/3784, time remaining: 37s
Rendered 2725/3784, time remaining: 37s
Rendered 2726/3784, time remaining: 37s
Rendered 2727/3784, time remaining: 37s
Rendered 2728/3784, time remaining: 37s
Rendered 2729/3784, time remaining: 38s
Rendered 2730/3784, time remaining: 37s
Rendered 2731/3784, time remaining: 37s
Rendered 2732/3784, time remaining: 37s
Rendered 2733/3784, time remaining: 37s
Rendered 2734/3784, time remaining: 37s
Rendered 2735/3784, time remaining: 37s
Rendered 2736/3784, time remaining: 37s
Rendered 2737/3784, time remaining: 38s
Rendered 2738/3784, time remaining: 37s
Rendered 2739/3784, time remaining: 37s
Rendered 2740/3784, time remaining: 37s
Rendered 2741/3784, time remaining: 37s
Rendered 2742/3784, time remaining: 36s
Rendered 2743/3784, time remaining: 36s
Rendered 2744/3784, time remaining: 36s
Rendered 2745/3784, time remaining: 37s
Rendered 2746/3784, time remaining: 36s
Rendered 2747/3784, time remaining: 36s
Rendered 2748/3784, time remaining: 36s
Rendered 2749/3784, time remaining: 36s
Rendered 2750/3784, time remaining: 36s
Rendered 2751/3784, time remaining: 37s
Rendered 2752/3784, time remaining: 37s
Rendered 2753/3784, time remaining: 35s
Rendered 2754/3784, time remaining: 36s
Rendered 2755/3784, time remaining: 36s
Rendered 2756/3784, time remaining: 36s
Rendered 2757/3784, time remaining: 35s
Rendered 2758/3784, time remaining: 36s
Rendered 2759/3784, time remaining: 36s
Rendered 2760/3784, time remaining: 36s
Rendered 2761/3784, time remaining: 36s
Rendered 2762/3784, time remaining: 36s
Rendered 2763/3784, time remaining: 36s
Rendered 2764/3784, time remaining: 36s
Rendered 2765/3784, time remaining: 36s
Rendered 2766/3784, time remaining: 36s
Rendered 2767/3784, time remaining: 36s
Rendered 2768/3784, time remaining: 36s
Rendered 2769/3784, time remaining: 35s
Rendered 2770/3784, time remaining: 35s
Rendered 2771/3784, time remaining: 35s
Rendered 2772/3784, time remaining: 34s
Rendered 2773/3784, time remaining: 34s
Rendered 2774/3784, time remaining: 34s
Rendered 2775/3784, time remaining: 34s
Rendered 2776/3784, time remaining: 34s
Rendered 2777/3784, time remaining: 34s
Rendered 2778/3784, time remaining: 34s
Rendered 2779/3784, time remaining: 34s
Rendered 2780/3784, time remaining: 33s
Rendered 2781/3784, time remaining: 33s
Rendered 2782/3784, time remaining: 32s
Rendered 2783/3784, time remaining: 32s
Rendered 2784/3784, time remaining: 32s
Rendered 2785/3784, time remaining: 32s
Rendered 2786/3784, time remaining: 32s
Rendered 2787/3784, time remaining: 32s
Rendered 2788/3784, time remaining: 33s
Rendered 2789/3784, time remaining: 33s
Rendered 2790/3784, time remaining: 32s
Rendered 2791/3784, time remaining: 32s
Rendered 2792/3784, time remaining: 32s
Rendered 2793/3784, time remaining: 32s
Rendered 2794/3784, time remaining: 32s
Rendered 2795/3784, time remaining: 32s
Rendered 2796/3784, time remaining: 32s
Rendered 2797/3784, time remaining: 32s
Rendered 2798/3784, time remaining: 31s
Rendered 2799/3784, time remaining: 32s
Rendered 2800/3784, time remaining: 32s
Rendered 2801/3784, time remaining: 32s
Rendered 2802/3784, time remaining: 32s
Rendered 2803/3784, time remaining: 32s
Rendered 2804/3784, time remaining: 32s
Rendered 2805/3784, time remaining: 32s
Rendered 2806/3784, time remaining: 31s
Rendered 2807/3784, time remaining: 31s
Rendered 2808/3784, time remaining: 31s
Rendered 2809/3784, time remaining: 32s
Rendered 2810/3784, time remaining: 32s
Rendered 2811/3784, time remaining: 32s
Rendered 2812/3784, time remaining: 31s
Rendered 2813/3784, time remaining: 31s
Rendered 2814/3784, time remaining: 31s
Rendered 2815/3784, time remaining: 31s
Rendered 2816/3784, time remaining: 31s
Rendered 2817/3784, time remaining: 32s
Rendered 2818/3784, time remaining: 32s
Rendered 2819/3784, time remaining: 31s
Rendered 2820/3784, time remaining: 31s
Rendered 2821/3784, time remaining: 30s
Rendered 2822/3784, time remaining: 31s
Rendered 2823/3784, time remaining: 31s
Rendered 2824/3784, time remaining: 31s
Rendered 2825/3784, time remaining: 31s
Rendered 2826/3784, time remaining: 31s
Rendered 2827/3784, time remaining: 31s
Rendered 2828/3784, time remaining: 31s
Rendered 2829/3784, time remaining: 31s
Rendered 2830/3784, time remaining: 31s
Rendered 2831/3784, time remaining: 30s
Rendered 2832/3784, time remaining: 30s
Rendered 2833/3784, time remaining: 30s
Rendered 2834/3784, time remaining: 31s
Rendered 2835/3784, time remaining: 30s
Rendered 2836/3784, time remaining: 30s
Rendered 2837/3784, time remaining: 30s
Rendered 2838/3784, time remaining: 31s
Rendered 2839/3784, time remaining: 31s
Rendered 2840/3784, time remaining: 30s
Rendered 2841/3784, time remaining: 30s
Rendered 2842/3784, time remaining: 30s
Rendered 2843/3784, time remaining: 30s
Rendered 2844/3784, time remaining: 30s
Rendered 2845/3784, time remaining: 30s
Rendered 2846/3784, time remaining: 30s
Rendered 2847/3784, time remaining: 30s
Rendered 2848/3784, time remaining: 30s
Rendered 2849/3784, time remaining: 30s
Rendered 2850/3784, time remaining: 30s
Rendered 2851/3784, time remaining: 30s
Rendered 2852/3784, time remaining: 29s
Rendered 2853/3784, time remaining: 29s
Rendered 2854/3784, time remaining: 30s
Rendered 2855/3784, time remaining: 30s
Rendered 2856/3784, time remaining: 30s
Rendered 2857/3784, time remaining: 30s
Rendered 2858/3784, time remaining: 30s
Rendered 2859/3784, time remaining: 29s
Rendered 2860/3784, time remaining: 29s
Rendered 2861/3784, time remaining: 29s
Rendered 2862/3784, time remaining: 29s
Rendered 2863/3784, time remaining: 29s
Rendered 2864/3784, time remaining: 29s
Rendered 2865/3784, time remaining: 29s
Rendered 2866/3784, time remaining: 29s
Rendered 2867/3784, time remaining: 29s
Rendered 2868/3784, time remaining: 29s
Rendered 2869/3784, time remaining: 29s
Rendered 2870/3784, time remaining: 29s
Rendered 2871/3784, time remaining: 29s
Rendered 2872/3784, time remaining: 29s
Rendered 2873/3784, time remaining: 29s
Rendered 2874/3784, time remaining: 30s
Rendered 2875/3784, time remaining: 29s
Rendered 2876/3784, time remaining: 29s
Rendered 2877/3784, time remaining: 29s
Rendered 2878/3784, time remaining: 29s
Rendered 2879/3784, time remaining: 28s
Rendered 2880/3784, time remaining: 28s
Rendered 2881/3784, time remaining: 29s
Rendered 2882/3784, time remaining: 29s
Rendered 2883/3784, time remaining: 29s
Rendered 2884/3784, time remaining: 29s
Rendered 2885/3784, time remaining: 29s
Rendered 2886/3784, time remaining: 29s
Rendered 2887/3784, time remaining: 28s
Rendered 2888/3784, time remaining: 28s
Rendered 2889/3784, time remaining: 29s
Rendered 2890/3784, time remaining: 29s
Rendered 2891/3784, time remaining: 29s
Rendered 2892/3784, time remaining: 29s
Rendered 2893/3784, time remaining: 29s
Rendered 2894/3784, time remaining: 28s
Rendered 2895/3784, time remaining: 28s
Rendered 2896/3784, time remaining: 28s
Rendered 2897/3784, time remaining: 28s
Rendered 2898/3784, time remaining: 29s
Rendered 2899/3784, time remaining: 28s
Rendered 2900/3784, time remaining: 29s
Rendered 2901/3784, time remaining: 28s
Rendered 2902/3784, time remaining: 28s
Rendered 2903/3784, time remaining: 28s
Rendered 2904/3784, time remaining: 28s
Rendered 2905/3784, time remaining: 28s
Rendered 2906/3784, time remaining: 28s
Rendered 2907/3784, time remaining: 28s
Rendered 2908/3784, time remaining: 28s
Rendered 2909/3784, time remaining: 28s
Rendered 2910/3784, time remaining: 28s
Rendered 2911/3784, time remaining: 28s
Rendered 2912/3784, time remaining: 27s
Rendered 2913/3784, time remaining: 28s
Rendered 2914/3784, time remaining: 28s
Rendered 2915/3784, time remaining: 28s
Rendered 2916/3784, time remaining: 28s
Rendered 2917/3784, time remaining: 28s
Rendered 2918/3784, time remaining: 27s
Rendered 2919/3784, time remaining: 27s
Rendered 2920/3784, time remaining: 28s
Rendered 2921/3784, time remaining: 28s
Rendered 2922/3784, time remaining: 28s
Rendered 2923/3784, time remaining: 28s
Rendered 2924/3784, time remaining: 28s
Rendered 2925/3784, time remaining: 29s
Rendered 2926/3784, time remaining: 29s
Rendered 2927/3784, time remaining: 29s
Rendered 2928/3784, time remaining: 29s
Rendered 2929/3784, time remaining: 29s
Rendered 2930/3784, time remaining: 29s
Rendered 2931/3784, time remaining: 29s
Rendered 2932/3784, time remaining: 29s
Rendered 2933/3784, time remaining: 30s
Rendered 2934/3784, time remaining: 29s
Rendered 2935/3784, time remaining: 29s
Rendered 2936/3784, time remaining: 30s
Rendered 2937/3784, time remaining: 30s
Rendered 2938/3784, time remaining: 29s
Rendered 2939/3784, time remaining: 29s
Rendered 2940/3784, time remaining: 29s
Rendered 2941/3784, time remaining: 29s
Rendered 2942/3784, time remaining: 29s
Rendered 2943/3784, time remaining: 29s
Rendered 2944/3784, time remaining: 29s
Rendered 2945/3784, time remaining: 29s
Rendered 2946/3784, time remaining: 29s
Rendered 2947/3784, time remaining: 29s
Rendered 2948/3784, time remaining: 29s
Rendered 2949/3784, time remaining: 29s
Rendered 2950/3784, time remaining: 29s
Rendered 2951/3784, time remaining: 28s
Rendered 2952/3784, time remaining: 29s
Rendered 2953/3784, time remaining: 29s
Rendered 2954/3784, time remaining: 29s
Rendered 2955/3784, time remaining: 29s
Rendered 2956/3784, time remaining: 29s
Rendered 2957/3784, time remaining: 29s
Rendered 2958/3784, time remaining: 29s
Rendered 2959/3784, time remaining: 28s
Rendered 2960/3784, time remaining: 28s
Rendered 2961/3784, time remaining: 28s
Rendered 2962/3784, time remaining: 29s
Rendered 2963/3784, time remaining: 29s
Rendered 2964/3784, time remaining: 29s
Rendered 2965/3784, time remaining: 29s
Rendered 2966/3784, time remaining: 29s
Rendered 2967/3784, time remaining: 28s
Rendered 2968/3784, time remaining: 28s
Rendered 2969/3784, time remaining: 28s
Rendered 2970/3784, time remaining: 28s
Rendered 2971/3784, time remaining: 29s
Rendered 2972/3784, time remaining: 29s
Rendered 2973/3784, time remaining: 28s
Rendered 2974/3784, time remaining: 28s
Rendered 2975/3784, time remaining: 28s
Rendered 2976/3784, time remaining: 28s
Rendered 2977/3784, time remaining: 28s
Rendered 2978/3784, time remaining: 28s
Rendered 2979/3784, time remaining: 28s
Rendered 2980/3784, time remaining: 29s
Rendered 2981/3784, time remaining: 28s
Rendered 2982/3784, time remaining: 28s
Rendered 2983/3784, time remaining: 28s
Rendered 2984/3784, time remaining: 28s
Rendered 2985/3784, time remaining: 28s
Rendered 2986/3784, time remaining: 28s
Rendered 2987/3784, time remaining: 28s
Rendered 2988/3784, time remaining: 28s
Rendered 2989/3784, time remaining: 28s
Rendered 2990/3784, time remaining: 28s
Rendered 2991/3784, time remaining: 28s
Rendered 2992/3784, time remaining: 28s
Rendered 2993/3784, time remaining: 28s
Rendered 2994/3784, time remaining: 28s
Rendered 2995/3784, time remaining: 27s
Rendered 2996/3784, time remaining: 28s
Rendered 2997/3784, time remaining: 28s
Rendered 2998/3784, time remaining: 27s
Rendered 2999/3784, time remaining: 27s
Rendered 3000/3784, time remaining: 28s
Rendered 3001/3784, time remaining: 28s
Rendered 3002/3784, time remaining: 28s
Rendered 3003/3784, time remaining: 28s
Rendered 3004/3784, time remaining: 27s
Rendered 3005/3784, time remaining: 28s
Rendered 3006/3784, time remaining: 27s
Rendered 3007/3784, time remaining: 27s
Rendered 3008/3784, time remaining: 27s
Rendered 3009/3784, time remaining: 27s
Rendered 3010/3784, time remaining: 28s
Rendered 3011/3784, time remaining: 28s
Rendered 3012/3784, time remaining: 27s
Rendered 3013/3784, time remaining: 27s
Rendered 3014/3784, time remaining: 27s
Rendered 3015/3784, time remaining: 27s
Rendered 3016/3784, time remaining: 27s
Rendered 3017/3784, time remaining: 27s
Rendered 3018/3784, time remaining: 28s
Rendered 3019/3784, time remaining: 27s
Rendered 3020/3784, time remaining: 27s
Rendered 3021/3784, time remaining: 27s
Rendered 3022/3784, time remaining: 27s
Rendered 3023/3784, time remaining: 27s
Rendered 3024/3784, time remaining: 27s
Rendered 3025/3784, time remaining: 27s
Rendered 3026/3784, time remaining: 27s
Rendered 3027/3784, time remaining: 27s
Rendered 3028/3784, time remaining: 27s
Rendered 3029/3784, time remaining: 27s
Rendered 3030/3784, time remaining: 27s
Rendered 3031/3784, time remaining: 26s
Rendered 3032/3784, time remaining: 27s
Rendered 3033/3784, time remaining: 27s
Rendered 3034/3784, time remaining: 27s
Rendered 3035/3784, time remaining: 27s
Rendered 3036/3784, time remaining: 26s
Rendered 3037/3784, time remaining: 27s
Rendered 3038/3784, time remaining: 26s
Rendered 3039/3784, time remaining: 26s
Rendered 3040/3784, time remaining: 26s
Rendered 3041/3784, time remaining: 26s
Rendered 3042/3784, time remaining: 26s
Rendered 3043/3784, time remaining: 26s
Rendered 3044/3784, time remaining: 26s
Rendered 3045/3784, time remaining: 26s
Rendered 3046/3784, time remaining: 26s
Rendered 3047/3784, time remaining: 27s
Rendered 3048/3784, time remaining: 26s
Rendered 3049/3784, time remaining: 26s
Rendered 3050/3784, time remaining: 25s
Rendered 3051/3784, time remaining: 25s
Rendered 3052/3784, time remaining: 26s
Rendered 3053/3784, time remaining: 26s
Rendered 3054/3784, time remaining: 26s
Rendered 3055/3784, time remaining: 26s
Rendered 3056/3784, time remaining: 26s
Rendered 3057/3784, time remaining: 26s
Rendered 3058/3784, time remaining: 25s
Rendered 3059/3784, time remaining: 26s
Rendered 3060/3784, time remaining: 26s
Rendered 3061/3784, time remaining: 26s
Rendered 3062/3784, time remaining: 26s
Rendered 3063/3784, time remaining: 26s
Rendered 3064/3784, time remaining: 26s
Rendered 3065/3784, time remaining: 26s
Rendered 3066/3784, time remaining: 25s
Rendered 3067/3784, time remaining: 25s
Rendered 3068/3784, time remaining: 25s
Rendered 3069/3784, time remaining: 26s
Rendered 3070/3784, time remaining: 25s
Rendered 3071/3784, time remaining: 26s
Rendered 3072/3784, time remaining: 25s
Rendered 3073/3784, time remaining: 25s
Rendered 3074/3784, time remaining: 25s
Rendered 3075/3784, time remaining: 25s
Rendered 3076/3784, time remaining: 25s
Rendered 3077/3784, time remaining: 25s
Rendered 3078/3784, time remaining: 25s
Rendered 3079/3784, time remaining: 25s
Rendered 3080/3784, time remaining: 25s
Rendered 3081/3784, time remaining: 25s
Rendered 3082/3784, time remaining: 25s
Rendered 3083/3784, time remaining: 24s
Rendered 3084/3784, time remaining: 24s
Rendered 3085/3784, time remaining: 25s
Rendered 3086/3784, time remaining: 25s
Rendered 3087/3784, time remaining: 24s
Rendered 3088/3784, time remaining: 24s
Rendered 3089/3784, time remaining: 24s
Rendered 3090/3784, time remaining: 25s
Rendered 3091/3784, time remaining: 24s
Rendered 3092/3784, time remaining: 25s
Rendered 3093/3784, time remaining: 25s
Rendered 3094/3784, time remaining: 24s
Rendered 3095/3784, time remaining: 24s
Rendered 3096/3784, time remaining: 24s
Rendered 3097/3784, time remaining: 24s
Rendered 3098/3784, time remaining: 24s
Rendered 3099/3784, time remaining: 24s
Rendered 3100/3784, time remaining: 24s
Rendered 3101/3784, time remaining: 24s
Rendered 3102/3784, time remaining: 24s
Rendered 3103/3784, time remaining: 24s
Rendered 3104/3784, time remaining: 24s
Rendered 3105/3784, time remaining: 24s
Rendered 3106/3784, time remaining: 24s
Rendered 3107/3784, time remaining: 24s
Rendered 3108/3784, time remaining: 24s
Rendered 3109/3784, time remaining: 24s
Rendered 3110/3784, time remaining: 23s
Rendered 3111/3784, time remaining: 24s
Rendered 3112/3784, time remaining: 23s
Rendered 3113/3784, time remaining: 23s
Rendered 3114/3784, time remaining: 24s
Rendered 3115/3784, time remaining: 24s
Rendered 3116/3784, time remaining: 24s
Rendered 3117/3784, time remaining: 24s
Rendered 3118/3784, time remaining: 23s
Rendered 3119/3784, time remaining: 23s
Rendered 3120/3784, time remaining: 23s
Rendered 3121/3784, time remaining: 23s
Rendered 3122/3784, time remaining: 23s
Rendered 3123/3784, time remaining: 23s
Rendered 3124/3784, time remaining: 23s
Rendered 3125/3784, time remaining: 23s
Rendered 3126/3784, time remaining: 23s
Rendered 3127/3784, time remaining: 23s
Rendered 3128/3784, time remaining: 23s
Rendered 3129/3784, time remaining: 23s
Rendered 3130/3784, time remaining: 23s
Rendered 3131/3784, time remaining: 23s
Rendered 3132/3784, time remaining: 23s
Rendered 3133/3784, time remaining: 23s
Rendered 3134/3784, time remaining: 23s
Rendered 3135/3784, time remaining: 23s
Rendered 3136/3784, time remaining: 23s
Rendered 3137/3784, time remaining: 23s
Rendered 3138/3784, time remaining: 23s
Rendered 3139/3784, time remaining: 22s
Rendered 3140/3784, time remaining: 23s
Rendered 3141/3784, time remaining: 23s
Rendered 3142/3784, time remaining: 22s
Rendered 3143/3784, time remaining: 22s
Rendered 3144/3784, time remaining: 22s
Rendered 3145/3784, time remaining: 22s
Rendered 3146/3784, time remaining: 22s
Rendered 3147/3784, time remaining: 22s
Rendered 3148/3784, time remaining: 23s
Rendered 3149/3784, time remaining: 23s
Rendered 3150/3784, time remaining: 22s
Rendered 3151/3784, time remaining: 22s
Rendered 3152/3784, time remaining: 22s
Rendered 3153/3784, time remaining: 22s
Rendered 3154/3784, time remaining: 22s
Rendered 3155/3784, time remaining: 21s
Rendered 3156/3784, time remaining: 22s
Rendered 3157/3784, time remaining: 22s
Rendered 3158/3784, time remaining: 22s
Rendered 3159/3784, time remaining: 22s
Rendered 3160/3784, time remaining: 22s
Rendered 3161/3784, time remaining: 22s
Rendered 3162/3784, time remaining: 22s
Rendered 3163/3784, time remaining: 21s
Rendered 3164/3784, time remaining: 22s
Rendered 3165/3784, time remaining: 21s
Rendered 3166/3784, time remaining: 22s
Rendered 3167/3784, time remaining: 21s
Rendered 3168/3784, time remaining: 21s
Rendered 3169/3784, time remaining: 21s
Rendered 3170/3784, time remaining: 21s
Rendered 3171/3784, time remaining: 22s
Rendered 3172/3784, time remaining: 21s
Rendered 3173/3784, time remaining: 21s
Rendered 3174/3784, time remaining: 21s
Rendered 3175/3784, time remaining: 21s
Rendered 3176/3784, time remaining: 21s
Rendered 3177/3784, time remaining: 21s
Rendered 3178/3784, time remaining: 21s
Rendered 3179/3784, time remaining: 21s
Rendered 3180/3784, time remaining: 21s
Rendered 3181/3784, time remaining: 21s
Rendered 3182/3784, time remaining: 21s
Rendered 3183/3784, time remaining: 21s
Rendered 3184/3784, time remaining: 21s
Rendered 3185/3784, time remaining: 21s
Rendered 3186/3784, time remaining: 21s
Rendered 3187/3784, time remaining: 21s
Rendered 3188/3784, time remaining: 21s
Rendered 3189/3784, time remaining: 21s
Rendered 3190/3784, time remaining: 21s
Rendered 3191/3784, time remaining: 20s
Rendered 3192/3784, time remaining: 20s
Rendered 3193/3784, time remaining: 20s
Rendered 3194/3784, time remaining: 20s
Rendered 3195/3784, time remaining: 21s
Rendered 3196/3784, time remaining: 21s
Rendered 3197/3784, time remaining: 20s
Rendered 3198/3784, time remaining: 20s
Rendered 3199/3784, time remaining: 20s
Rendered 3200/3784, time remaining: 20s
Rendered 3201/3784, time remaining: 20s
Rendered 3202/3784, time remaining: 20s
Rendered 3203/3784, time remaining: 20s
Rendered 3204/3784, time remaining: 20s
Rendered 3205/3784, time remaining: 20s
Rendered 3206/3784, time remaining: 20s
Rendered 3207/3784, time remaining: 20s
Rendered 3208/3784, time remaining: 20s
Rendered 3209/3784, time remaining: 20s
Rendered 3210/3784, time remaining: 20s
Rendered 3211/3784, time remaining: 20s
Rendered 3212/3784, time remaining: 20s
Rendered 3213/3784, time remaining: 20s
Rendered 3214/3784, time remaining: 20s
Rendered 3215/3784, time remaining: 19s
Rendered 3216/3784, time remaining: 20s
Rendered 3217/3784, time remaining: 20s
Rendered 3218/3784, time remaining: 20s
Rendered 3219/3784, time remaining: 19s
Rendered 3220/3784, time remaining: 20s
Rendered 3221/3784, time remaining: 19s
Rendered 3222/3784, time remaining: 20s
Rendered 3223/3784, time remaining: 20s
Rendered 3224/3784, time remaining: 20s
Rendered 3225/3784, time remaining: 20s
Rendered 3226/3784, time remaining: 19s
Rendered 3227/3784, time remaining: 19s
Rendered 3228/3784, time remaining: 19s
Rendered 3229/3784, time remaining: 19s
Rendered 3230/3784, time remaining: 19s
Rendered 3231/3784, time remaining: 19s
Rendered 3232/3784, time remaining: 19s
Rendered 3233/3784, time remaining: 19s
Rendered 3234/3784, time remaining: 19s
Rendered 3235/3784, time remaining: 19s
Rendered 3236/3784, time remaining: 19s
Rendered 3237/3784, time remaining: 19s
Rendered 3238/3784, time remaining: 19s
Rendered 3239/3784, time remaining: 19s
Rendered 3240/3784, time remaining: 19s
Rendered 3241/3784, time remaining: 19s
Rendered 3242/3784, time remaining: 19s
Rendered 3243/3784, time remaining: 19s
Rendered 3244/3784, time remaining: 19s
Rendered 3245/3784, time remaining: 19s
Rendered 3246/3784, time remaining: 19s
Rendered 3247/3784, time remaining: 19s
Rendered 3248/3784, time remaining: 19s
Rendered 3249/3784, time remaining: 19s
Rendered 3250/3784, time remaining: 19s
Rendered 3251/3784, time remaining: 18s
Rendered 3252/3784, time remaining: 19s
Rendered 3253/3784, time remaining: 19s
Rendered 3254/3784, time remaining: 18s
Rendered 3255/3784, time remaining: 18s
Rendered 3256/3784, time remaining: 18s
Rendered 3257/3784, time remaining: 18s
Rendered 3258/3784, time remaining: 18s
Rendered 3259/3784, time remaining: 19s
Rendered 3260/3784, time remaining: 19s
Rendered 3261/3784, time remaining: 18s
Rendered 3262/3784, time remaining: 18s
Rendered 3263/3784, time remaining: 18s
Rendered 3264/3784, time remaining: 18s
Rendered 3265/3784, time remaining: 18s
Rendered 3266/3784, time remaining: 18s
Rendered 3267/3784, time remaining: 19s
Rendered 3268/3784, time remaining: 18s
Rendered 3269/3784, time remaining: 18s
Rendered 3270/3784, time remaining: 18s
Rendered 3271/3784, time remaining: 18s
Rendered 3272/3784, time remaining: 18s
Rendered 3273/3784, time remaining: 18s
Rendered 3274/3784, time remaining: 18s
Rendered 3275/3784, time remaining: 18s
Rendered 3276/3784, time remaining: 18s
Rendered 3277/3784, time remaining: 18s
Rendered 3278/3784, time remaining: 18s
Rendered 3279/3784, time remaining: 18s
Rendered 3280/3784, time remaining: 17s
Rendered 3281/3784, time remaining: 17s
Rendered 3282/3784, time remaining: 18s
Rendered 3283/3784, time remaining: 18s
Rendered 3284/3784, time remaining: 18s
Rendered 3285/3784, time remaining: 18s
Rendered 3286/3784, time remaining: 18s
Rendered 3287/3784, time remaining: 18s
Rendered 3288/3784, time remaining: 17s
Rendered 3289/3784, time remaining: 17s
Rendered 3290/3784, time remaining: 18s
Rendered 3291/3784, time remaining: 18s
Rendered 3292/3784, time remaining: 17s
Rendered 3293/3784, time remaining: 17s
Rendered 3294/3784, time remaining: 17s
Rendered 3295/3784, time remaining: 17s
Rendered 3296/3784, time remaining: 18s
Rendered 3297/3784, time remaining: 18s
Rendered 3298/3784, time remaining: 17s
Rendered 3299/3784, time remaining: 17s
Rendered 3300/3784, time remaining: 17s
Rendered 3301/3784, time remaining: 17s
Rendered 3302/3784, time remaining: 17s
Rendered 3303/3784, time remaining: 17s
Rendered 3304/3784, time remaining: 17s
Rendered 3305/3784, time remaining: 17s
Rendered 3306/3784, time remaining: 17s
Rendered 3307/3784, time remaining: 17s
Rendered 3308/3784, time remaining: 17s
Rendered 3309/3784, time remaining: 17s
Rendered 3310/3784, time remaining: 17s
Rendered 3311/3784, time remaining: 17s
Rendered 3312/3784, time remaining: 17s
Rendered 3313/3784, time remaining: 17s
Rendered 3314/3784, time remaining: 17s
Rendered 3315/3784, time remaining: 17s
Rendered 3316/3784, time remaining: 17s
Rendered 3317/3784, time remaining: 17s
Rendered 3318/3784, time remaining: 17s
Rendered 3319/3784, time remaining: 17s
Rendered 3320/3784, time remaining: 17s
Rendered 3321/3784, time remaining: 16s
Rendered 3322/3784, time remaining: 17s
Rendered 3323/3784, time remaining: 17s
Rendered 3324/3784, time remaining: 16s
Rendered 3325/3784, time remaining: 16s
Rendered 3326/3784, time remaining: 16s
Rendered 3327/3784, time remaining: 16s
Rendered 3328/3784, time remaining: 16s
Rendered 3329/3784, time remaining: 16s
Rendered 3330/3784, time remaining: 16s
Rendered 3331/3784, time remaining: 16s
Rendered 3332/3784, time remaining: 16s
Rendered 3333/3784, time remaining: 16s
Rendered 3334/3784, time remaining: 16s
Rendered 3335/3784, time remaining: 16s
Rendered 3336/3784, time remaining: 16s
Rendered 3337/3784, time remaining: 16s
Rendered 3338/3784, time remaining: 16s
Rendered 3339/3784, time remaining: 16s
Rendered 3340/3784, time remaining: 16s
Rendered 3341/3784, time remaining: 16s
Rendered 3342/3784, time remaining: 16s
Rendered 3343/3784, time remaining: 16s
Rendered 3344/3784, time remaining: 16s
Rendered 3345/3784, time remaining: 16s
Rendered 3346/3784, time remaining: 15s
Rendered 3347/3784, time remaining: 15s
Rendered 3348/3784, time remaining: 16s
Rendered 3349/3784, time remaining: 16s
Rendered 3350/3784, time remaining: 16s
Rendered 3351/3784, time remaining: 15s
Rendered 3352/3784, time remaining: 16s
Rendered 3353/3784, time remaining: 15s
Rendered 3354/3784, time remaining: 15s
Rendered 3355/3784, time remaining: 15s
Rendered 3356/3784, time remaining: 15s
Rendered 3357/3784, time remaining: 15s
Rendered 3358/3784, time remaining: 15s
Rendered 3359/3784, time remaining: 15s
Rendered 3360/3784, time remaining: 15s
Rendered 3361/3784, time remaining: 15s
Rendered 3362/3784, time remaining: 15s
Rendered 3363/3784, time remaining: 15s
Rendered 3364/3784, time remaining: 15s
Rendered 3365/3784, time remaining: 15s
Rendered 3366/3784, time remaining: 15s
Rendered 3367/3784, time remaining: 15s
Rendered 3368/3784, time remaining: 15s
Rendered 3369/3784, time remaining: 15s
Rendered 3370/3784, time remaining: 15s
Rendered 3371/3784, time remaining: 15s
Rendered 3372/3784, time remaining: 14s
Rendered 3373/3784, time remaining: 14s
Rendered 3374/3784, time remaining: 14s
Rendered 3375/3784, time remaining: 14s
Rendered 3376/3784, time remaining: 15s
Rendered 3377/3784, time remaining: 15s
Rendered 3378/3784, time remaining: 15s
Rendered 3379/3784, time remaining: 14s
Rendered 3380/3784, time remaining: 14s
Rendered 3381/3784, time remaining: 14s
Rendered 3382/3784, time remaining: 14s
Rendered 3383/3784, time remaining: 14s
Rendered 3384/3784, time remaining: 14s
Rendered 3385/3784, time remaining: 14s
Rendered 3386/3784, time remaining: 14s
Rendered 3387/3784, time remaining: 14s
Rendered 3388/3784, time remaining: 14s
Rendered 3389/3784, time remaining: 14s
Rendered 3390/3784, time remaining: 14s
Rendered 3391/3784, time remaining: 14s
Rendered 3392/3784, time remaining: 14s
Rendered 3393/3784, time remaining: 14s
Rendered 3394/3784, time remaining: 14s
Rendered 3395/3784, time remaining: 14s
Rendered 3396/3784, time remaining: 14s
Rendered 3397/3784, time remaining: 13s
Rendered 3398/3784, time remaining: 13s
Rendered 3399/3784, time remaining: 14s
Rendered 3400/3784, time remaining: 14s
Rendered 3401/3784, time remaining: 13s
Rendered 3402/3784, time remaining: 13s
Rendered 3403/3784, time remaining: 13s
Rendered 3404/3784, time remaining: 13s
Rendered 3405/3784, time remaining: 13s
Rendered 3406/3784, time remaining: 13s
Rendered 3407/3784, time remaining: 14s
Rendered 3408/3784, time remaining: 13s
Rendered 3409/3784, time remaining: 13s
Rendered 3410/3784, time remaining: 13s
Rendered 3411/3784, time remaining: 13s
Rendered 3412/3784, time remaining: 13s
Rendered 3413/3784, time remaining: 13s
Rendered 3414/3784, time remaining: 13s
Rendered 3415/3784, time remaining: 13s
Rendered 3416/3784, time remaining: 13s
Rendered 3417/3784, time remaining: 13s
Rendered 3418/3784, time remaining: 13s
Rendered 3419/3784, time remaining: 12s
Rendered 3420/3784, time remaining: 13s
Rendered 3421/3784, time remaining: 13s
Rendered 3422/3784, time remaining: 13s
Rendered 3423/3784, time remaining: 12s
Rendered 3424/3784, time remaining: 12s
Rendered 3425/3784, time remaining: 12s
Rendered 3426/3784, time remaining: 12s
Rendered 3427/3784, time remaining: 12s
Rendered 3428/3784, time remaining: 12s
Rendered 3429/3784, time remaining: 12s
Rendered 3430/3784, time remaining: 12s
Rendered 3431/3784, time remaining: 12s
Rendered 3432/3784, time remaining: 12s
Rendered 3433/3784, time remaining: 12s
Rendered 3434/3784, time remaining: 12s
Rendered 3435/3784, time remaining: 12s
Rendered 3436/3784, time remaining: 12s
Rendered 3437/3784, time remaining: 12s
Rendered 3438/3784, time remaining: 12s
Rendered 3439/3784, time remaining: 12s
Rendered 3440/3784, time remaining: 11s
Rendered 3441/3784, time remaining: 12s
Rendered 3442/3784, time remaining: 11s
Rendered 3443/3784, time remaining: 12s
Rendered 3444/3784, time remaining: 12s
Rendered 3445/3784, time remaining: 12s
Rendered 3446/3784, time remaining: 11s
Rendered 3447/3784, time remaining: 11s
Rendered 3448/3784, time remaining: 11s
Rendered 3449/3784, time remaining: 11s
Rendered 3450/3784, time remaining: 11s
Rendered 3451/3784, time remaining: 11s
Rendered 3452/3784, time remaining: 11s
Rendered 3453/3784, time remaining: 11s
Rendered 3454/3784, time remaining: 11s
Rendered 3455/3784, time remaining: 11s
Rendered 3456/3784, time remaining: 11s
Rendered 3457/3784, time remaining: 11s
Rendered 3458/3784, time remaining: 11s
Rendered 3459/3784, time remaining: 11s
Rendered 3460/3784, time remaining: 11s
Rendered 3461/3784, time remaining: 11s
Rendered 3462/3784, time remaining: 11s
Rendered 3463/3784, time remaining: 11s
Rendered 3464/3784, time remaining: 11s
Rendered 3465/3784, time remaining: 10s
Rendered 3466/3784, time remaining: 11s
Rendered 3467/3784, time remaining: 11s
Rendered 3468/3784, time remaining: 11s
Rendered 3469/3784, time remaining: 11s
Rendered 3470/3784, time remaining: 10s
Rendered 3471/3784, time remaining: 10s
Rendered 3472/3784, time remaining: 10s
Rendered 3473/3784, time remaining: 10s
Rendered 3474/3784, time remaining: 10s
Rendered 3475/3784, time remaining: 10s
Rendered 3476/3784, time remaining: 10s
Rendered 3477/3784, time remaining: 10s
Rendered 3478/3784, time remaining: 10s
Rendered 3479/3784, time remaining: 10s
Rendered 3480/3784, time remaining: 10s
Rendered 3481/3784, time remaining: 10s
Rendered 3482/3784, time remaining: 10s
Rendered 3483/3784, time remaining: 10s
Rendered 3484/3784, time remaining: 10s
Rendered 3485/3784, time remaining: 10s
Rendered 3486/3784, time remaining: 10s
Rendered 3487/3784, time remaining: 10s
Rendered 3488/3784, time remaining: 10s
Rendered 3489/3784, time remaining: 10s
Rendered 3490/3784, time remaining: 10s
Rendered 3491/3784, time remaining: 10s
Rendered 3492/3784, time remaining: 10s
Rendered 3493/3784, time remaining: 10s
Rendered 3494/3784, time remaining: 10s
Rendered 3495/3784, time remaining: 10s
Rendered 3496/3784, time remaining: 10s
Rendered 3497/3784, time remaining: 10s
Rendered 3498/3784, time remaining: 9s
Rendered 3499/3784, time remaining: 9s
Rendered 3500/3784, time remaining: 9s
Rendered 3501/3784, time remaining: 9s
Rendered 3502/3784, time remaining: 9s
Rendered 3503/3784, time remaining: 9s
Rendered 3504/3784, time remaining: 10s
Rendered 3505/3784, time remaining: 9s
Rendered 3506/3784, time remaining: 9s
Rendered 3507/3784, time remaining: 9s
Rendered 3508/3784, time remaining: 9s
Rendered 3509/3784, time remaining: 9s
Rendered 3510/3784, time remaining: 9s
Rendered 3511/3784, time remaining: 9s
Rendered 3512/3784, time remaining: 9s
Rendered 3513/3784, time remaining: 9s
Rendered 3514/3784, time remaining: 9s
Rendered 3515/3784, time remaining: 9s
Rendered 3516/3784, time remaining: 9s
Rendered 3517/3784, time remaining: 9s
Rendered 3518/3784, time remaining: 9s
Rendered 3519/3784, time remaining: 9s
Rendered 3520/3784, time remaining: 9s
Rendered 3521/3784, time remaining: 9s
Rendered 3522/3784, time remaining: 9s
Rendered 3523/3784, time remaining: 9s
Rendered 3524/3784, time remaining: 9s
Rendered 3525/3784, time remaining: 9s
Rendered 3526/3784, time remaining: 8s
Rendered 3527/3784, time remaining: 8s
Rendered 3528/3784, time remaining: 9s
Rendered 3529/3784, time remaining: 9s
Rendered 3530/3784, time remaining: 8s
Rendered 3531/3784, time remaining: 8s
Rendered 3532/3784, time remaining: 8s
Rendered 3533/3784, time remaining: 8s
Rendered 3534/3784, time remaining: 8s
Rendered 3535/3784, time remaining: 8s
Rendered 3536/3784, time remaining: 8s
Rendered 3537/3784, time remaining: 8s
Rendered 3538/3784, time remaining: 8s
Rendered 3539/3784, time remaining: 8s
Rendered 3540/3784, time remaining: 8s
Rendered 3541/3784, time remaining: 8s
Rendered 3542/3784, time remaining: 8s
Rendered 3543/3784, time remaining: 8s
Rendered 3544/3784, time remaining: 8s
Rendered 3545/3784, time remaining: 8s
Rendered 3546/3784, time remaining: 8s
Rendered 3547/3784, time remaining: 8s
Rendered 3548/3784, time remaining: 8s
Rendered 3549/3784, time remaining: 8s
Rendered 3550/3784, time remaining: 8s
Rendered 3551/3784, time remaining: 8s
Rendered 3552/3784, time remaining: 8s
Rendered 3553/3784, time remaining: 8s
Rendered 3554/3784, time remaining: 8s
Rendered 3555/3784, time remaining: 8s
Rendered 3556/3784, time remaining: 8s
Rendered 3557/3784, time remaining: 7s
Rendered 3558/3784, time remaining: 7s
Rendered 3559/3784, time remaining: 7s
Rendered 3560/3784, time remaining: 8s
Rendered 3561/3784, time remaining: 7s
Rendered 3562/3784, time remaining: 7s
Rendered 3563/3784, time remaining: 7s
Rendered 3564/3784, time remaining: 7s
Rendered 3565/3784, time remaining: 7s
Rendered 3566/3784, time remaining: 7s
Rendered 3567/3784, time remaining: 7s
Rendered 3568/3784, time remaining: 7s
Rendered 3569/3784, time remaining: 7s
Rendered 3570/3784, time remaining: 7s
Rendered 3571/3784, time remaining: 7s
Rendered 3572/3784, time remaining: 7s
Rendered 3573/3784, time remaining: 7s
Rendered 3574/3784, time remaining: 7s
Rendered 3575/3784, time remaining: 7s
Rendered 3576/3784, time remaining: 7s
Rendered 3577/3784, time remaining: 7s
Rendered 3578/3784, time remaining: 7s
Rendered 3579/3784, time remaining: 7s
Rendered 3580/3784, time remaining: 7s
Rendered 3581/3784, time remaining: 7s
Rendered 3582/3784, time remaining: 7s
Rendered 3583/3784, time remaining: 7s
Rendered 3584/3784, time remaining: 7s
Rendered 3585/3784, time remaining: 6s
Rendered 3586/3784, time remaining: 6s
Rendered 3587/3784, time remaining: 6s
Rendered 3588/3784, time remaining: 6s
Rendered 3589/3784, time remaining: 7s
Rendered 3590/3784, time remaining: 7s
Rendered 3591/3784, time remaining: 6s
Rendered 3592/3784, time remaining: 6s
Rendered 3593/3784, time remaining: 6s
Rendered 3594/3784, time remaining: 6s
Rendered 3595/3784, time remaining: 6s
Rendered 3596/3784, time remaining: 6s
Rendered 3597/3784, time remaining: 6s
Rendered 3598/3784, time remaining: 6s
Rendered 3599/3784, time remaining: 6s
Rendered 3600/3784, time remaining: 6s
Rendered 3601/3784, time remaining: 6s
Rendered 3602/3784, time remaining: 6s
Rendered 3603/3784, time remaining: 6s
Rendered 3604/3784, time remaining: 6s
Rendered 3605/3784, time remaining: 6s
Rendered 3606/3784, time remaining: 6s
Rendered 3607/3784, time remaining: 6s
Rendered 3608/3784, time remaining: 6s
Rendered 3609/3784, time remaining: 6s
Rendered 3610/3784, time remaining: 6s
Rendered 3611/3784, time remaining: 6s
Rendered 3612/3784, time remaining: 6s
Rendered 3613/3784, time remaining: 6s
Rendered 3614/3784, time remaining: 6s
Rendered 3615/3784, time remaining: 6s
Rendered 3616/3784, time remaining: 5s
Rendered 3617/3784, time remaining: 5s
Rendered 3618/3784, time remaining: 5s
Rendered 3619/3784, time remaining: 5s
Rendered 3620/3784, time remaining: 5s
Rendered 3621/3784, time remaining: 5s
Rendered 3622/3784, time remaining: 5s
Rendered 3623/3784, time remaining: 5s
Rendered 3624/3784, time remaining: 5s
Rendered 3625/3784, time remaining: 5s
Rendered 3626/3784, time remaining: 5s
Rendered 3627/3784, time remaining: 5s
Rendered 3628/3784, time remaining: 5s
Rendered 3629/3784, time remaining: 5s
Rendered 3630/3784, time remaining: 5s
Rendered 3631/3784, time remaining: 5s
Rendered 3632/3784, time remaining: 5s
Rendered 3633/3784, time remaining: 5s
Rendered 3634/3784, time remaining: 5s
Rendered 3635/3784, time remaining: 5s
Rendered 3636/3784, time remaining: 5s
Rendered 3637/3784, time remaining: 5s
Rendered 3638/3784, time remaining: 5s
Rendered 3639/3784, time remaining: 5s
Rendered 3640/3784, time remaining: 5s
Rendered 3641/3784, time remaining: 5s
Rendered 3642/3784, time remaining: 5s
Rendered 3643/3784, time remaining: 5s
Rendered 3644/3784, time remaining: 5s
Rendered 3645/3784, time remaining: 5s
Rendered 3646/3784, time remaining: 4s
Rendered 3647/3784, time remaining: 4s
Rendered 3648/3784, time remaining: 4s
Rendered 3649/3784, time remaining: 4s
Rendered 3650/3784, time remaining: 4s
Rendered 3651/3784, time remaining: 4s
Rendered 3652/3784, time remaining: 4s
Rendered 3653/3784, time remaining: 4s
Rendered 3654/3784, time remaining: 4s
Rendered 3655/3784, time remaining: 4s
Rendered 3656/3784, time remaining: 4s
Rendered 3657/3784, time remaining: 4s
Rendered 3658/3784, time remaining: 4s
Rendered 3659/3784, time remaining: 4s
Rendered 3660/3784, time remaining: 4s
Rendered 3661/3784, time remaining: 4s
Rendered 3662/3784, time remaining: 4s
Rendered 3663/3784, time remaining: 4s
Rendered 3664/3784, time remaining: 4s
Rendered 3665/3784, time remaining: 4s
Rendered 3666/3784, time remaining: 4s
Rendered 3667/3784, time remaining: 4s
Rendered 3668/3784, time remaining: 4s
Rendered 3669/3784, time remaining: 4s
Rendered 3670/3784, time remaining: 4s
Rendered 3671/3784, time remaining: 4s
Rendered 3672/3784, time remaining: 3s
Rendered 3673/3784, time remaining: 3s
Rendered 3674/3784, time remaining: 3s
Rendered 3675/3784, time remaining: 3s
Rendered 3676/3784, time remaining: 3s
Rendered 3677/3784, time remaining: 3s
Rendered 3678/3784, time remaining: 3s
Rendered 3679/3784, time remaining: 3s
Rendered 3680/3784, time remaining: 3s
Rendered 3681/3784, time remaining: 3s
Rendered 3682/3784, time remaining: 3s
Rendered 3683/3784, time remaining: 3s
Rendered 3684/3784, time remaining: 3s
Rendered 3685/3784, time remaining: 3s
Rendered 3686/3784, time remaining: 3s
Rendered 3687/3784, time remaining: 3s
Rendered 3688/3784, time remaining: 3s
Rendered 3689/3784, time remaining: 3s
Rendered 3690/3784, time remaining: 3s
Rendered 3691/3784, time remaining: 3s
Rendered 3692/3784, time remaining: 3s
Rendered 3693/3784, time remaining: 3s
Rendered 3694/3784, time remaining: 3s
Rendered 3695/3784, time remaining: 3s
Rendered 3696/3784, time remaining: 3s
Rendered 3697/3784, time remaining: 3s
Rendered 3698/3784, time remaining: 3s
Rendered 3699/3784, time remaining: 3s
Rendered 3700/3784, time remaining: 3s
Rendered 3701/3784, time remaining: 3s
Rendered 3702/3784, time remaining: 2s
Rendered 3703/3784, time remaining: 2s
Rendered 3704/3784, time remaining: 2s
Rendered 3705/3784, time remaining: 2s
Rendered 3706/3784, time remaining: 2s
Rendered 3707/3784, time remaining: 2s
Rendered 3708/3784, time remaining: 2s
Rendered 3709/3784, time remaining: 2s
Rendered 3710/3784, time remaining: 2s
Rendered 3711/3784, time remaining: 2s
Rendered 3712/3784, time remaining: 2s
Rendered 3713/3784, time remaining: 2s
Rendered 3714/3784, time remaining: 2s
Rendered 3715/3784, time remaining: 2s
Rendered 3716/3784, time remaining: 2s
Rendered 3717/3784, time remaining: 2s
Rendered 3718/3784, time remaining: 2s
Rendered 3719/3784, time remaining: 2s
Rendered 3720/3784, time remaining: 2s
Rendered 3721/3784, time remaining: 2s
Rendered 3722/3784, time remaining: 2s
Rendered 3723/3784, time remaining: 2s
Rendered 3724/3784, time remaining: 2s
Rendered 3725/3784, time remaining: 2s
Rendered 3726/3784, time remaining: 2s
Rendered 3727/3784, time remaining: 2s
Rendered 3728/3784, time remaining: 2s
Rendered 3729/3784, time remaining: 2s
Rendered 3730/3784, time remaining: 1s
Rendered 3731/3784, time remaining: 1s
Rendered 3732/3784, time remaining: 1s
Rendered 3733/3784, time remaining: 1s
Rendered 3734/3784, time remaining: 1s
Rendered 3735/3784, time remaining: 1s
Rendered 3736/3784, time remaining: 1s
Rendered 3737/3784, time remaining: 1s
Rendered 3738/3784, time remaining: 1s
Rendered 3739/3784, time remaining: 1s
Rendered 3740/3784, time remaining: 1s
Rendered 3741/3784, time remaining: 1s
Rendered 3742/3784, time remaining: 1s
Rendered 3743/3784, time remaining: 1s
Rendered 3744/3784, time remaining: 1s
Rendered 3745/3784, time remaining: 1s
Rendered 3746/3784, time remaining: 1s
Rendered 3747/3784, time remaining: 1s
Rendered 3748/3784, time remaining: 1s
Rendered 3749/3784, time remaining: 1s
Rendered 3750/3784, time remaining: 1s
Rendered 3751/3784, time remaining: 1s
Rendered 3752/3784, time remaining: 1s
Rendered 3753/3784, time remaining: 1s
Rendered 3754/3784, time remaining: 1s
Rendered 3755/3784, time remaining: 1s
Rendered 3756/3784, time remaining: 0s
Rendered 3757/3784, time remaining: 0s
Rendered 3758/3784, time remaining: 0s
Rendered 3759/3784, time remaining: 0s
Rendered 3760/3784, time remaining: 0s
Rendered 3761/3784, time remaining: 0s
Rendered 3762/3784, time remaining: 0s
Rendered 3763/3784, time remaining: 0s
Rendered 3764/3784, time remaining: 0s
Rendered 3765/3784, time remaining: 0s
Rendered 3766/3784, time remaining: 0s
Rendered 3767/3784, time remaining: 0s
Rendered 3768/3784, time remaining: 0s
Rendered 3769/3784, time remaining: 0s
Rendered 3770/3784, time remaining: 0s
Rendered 3771/3784, time remaining: 0s
Rendered 3772/3784, time remaining: 0s
Rendered 3773/3784, time remaining: 0s
Rendered 3774/3784, time remaining: 0s
Rendered 3775/3784, time remaining: 0s
Rendered 3776/3784, time remaining: 0s
Rendered 3777/3784, time remaining: 0s
Rendered 3778/3784, time remaining: 0s
Rendered 3779/3784, time remaining: 0s
Rendered 3780/3784, time remaining: 0s
Rendered 3781/3784, time remaining: 0s
Rendered 3782/3784, time remaining: 0s
Rendered 3783/3784, time remaining: 0s
Rendered 3784/3784
Encoded 73/3784
Encoded 175/3784
Encoded 284/3784
Encoded 392/3784
Encoded 478/3784
Encoded 566/3784
Encoded 669/3784
Encoded 765/3784
Encoded 878/3784
Encoded 984/3784
Encoded 1085/3784
Encoded 1194/3784
Encoded 1313/3784
Encoded 1415/3784
Encoded 1520/3784
Encoded 1621/3784
Encoded 1717/3784
Encoded 1796/3784
Encoded 1900/3784
Encoded 1988/3784
Encoded 2088/3784
Encoded 2205/3784
Encoded 2317/3784
Encoded 2427/3784
Encoded 2535/3784
Encoded 2653/3784
Encoded 2762/3784
Encoded 2853/3784
Encoded 2945/3784
Encoded 3037/3784
Encoded 3130/3784
Encoded 3240/3784
Encoded 3348/3784
Encoded 3453/3784
Encoded 3566/3784
Encoded 3670/3784
Encoded 3784/3784
+                    ../projects/import-china-india-te/renders/ch03.mp4 16.1 MB
