Bundling 6%
Bundling 17%
Bundling 64%
Bundling 70%
Bundling 75%
Bundling 80%
Bundling 85%
Bundling 91%
Bundling 98%
Bundling 100%
Getting composition
Composition          Explainer
Codec                h264
Output               ../projects/import-china-india-te/renders/ch13.mp4
Concurrency          8x
Rendered 0/4051
Rendered 1/4051, time remaining: 48m 44s
Rendered 2/4051, time remaining: 24m 25s
Rendered 3/4051, time remaining: 16m 18s
Rendered 4/4051, time remaining: 12m 13s
Rendered 5/4051, time remaining: 9m 47s
Rendered 6/4051, time remaining: 8m 10s
Rendered 7/4051, time remaining: 7m 4s
Rendered 8/4051, time remaining: 6m 51s
Rendered 9/4051, time remaining: 6m 54s
Rendered 10/4051, time remaining: 6m 15s
Rendered 11/4051, time remaining: 5m 43s
Rendered 12/4051, time remaining: 5m 18s
Rendered 13/4051, time remaining: 4m 58s
Rendered 14/4051, time remaining: 4m 40s
Rendered 15/4051, time remaining: 4m 27s
Rendered 16/4051, time remaining: 4m 23s
Rendered 17/4051, time remaining: 4m 22s
Rendered 18/4051, time remaining: 4m 10s
Rendered 19/4051, time remaining: 4m 9s
Rendered 20/4051, time remaining: 3m 57s
Rendered 21/4051, time remaining: 3m 46s
Rendered 22/4051, time remaining: 3m 35s
Rendered 23/4051, time remaining: 3m 43s
Rendered 24/4051, time remaining: 3m 34s
Rendered 25/4051, time remaining: 3m 26s
Rendered 26/4051, time remaining: 3m 21s
Rendered 27/4051, time remaining: 3m 24s
Rendered 28/4051, time remaining: 3m 26s
Rendered 29/4051, time remaining: 3m 19s
Rendered 30/4051, time remaining: 3m 12s
Rendered 31/4051, time remaining: 3m 15s
Rendered 32/4051, time remaining: 3m 9s
Rendered 33/4051, time remaining: 3m 3s
Rendered 34/4051, time remaining: 3m 5s
Rendered 35/4051, time remaining: 3m 0s
Rendered 36/4051, time remaining: 3m 1s
Rendered 37/4051, time remaining: 3m 1s
Rendered 38/4051, time remaining: 2m 56s
Rendered 39/4051, time remaining: 2m 52s
Rendered 40/4051, time remaining: 2m 48s
Rendered 41/4051, time remaining: 2m 51s
Rendered 42/4051, time remaining: 2m 48s
Rendered 43/4051, time remaining: 2m 50s
Rendered 44/4051, time remaining: 2m 46s
Rendered 45/4051, time remaining: 2m 48s
Rendered 46/4051, time remaining: 2m 44s
Rendered 47/4051, time remaining: 2m 41s
Rendered 48/4051, time remaining: 2m 37s
Rendered 49/4051, time remaining: 2m 39s
Rendered 50/4051, time remaining: 2m 40s
Rendered 51/4051, time remaining: 2m 38s
Rendered 52/4051, time remaining: 2m 35s
Rendered 53/4051, time remaining: 2m 36s
Rendered 54/4051, time remaining: 2m 34s
Rendered 55/4051, time remaining: 2m 32s
Rendered 56/4051, time remaining: 2m 33s
Rendered 57/4051, time remaining: 2m 31s
Rendered 58/4051, time remaining: 2m 29s
Rendered 59/4051, time remaining: 2m 28s
Rendered 60/4051, time remaining: 2m 26s
Rendered 61/4051, time remaining: 2m 29s
Rendered 62/4051, time remaining: 2m 27s
Rendered 63/4051, time remaining: 2m 29s
Rendered 64/4051, time remaining: 2m 26s
Rendered 65/4051, time remaining: 2m 28s
Rendered 66/4051, time remaining: 2m 26s
Rendered 67/4051, time remaining: 2m 27s
Rendered 68/4051, time remaining: 2m 25s
Rendered 69/4051, time remaining: 2m 23s
Rendered 70/4051, time remaining: 2m 25s
Rendered 71/4051, time remaining: 2m 23s
Rendered 72/4051, time remaining: 2m 21s
Rendered 73/4051, time remaining: 2m 23s
Rendered 74/4051, time remaining: 2m 21s
Rendered 75/4051, time remaining: 2m 19s
Rendered 76/4051, time remaining: 2m 17s
Rendered 77/4051, time remaining: 2m 20s
Rendered 78/4051, time remaining: 2m 20s
Rendered 79/4051, time remaining: 2m 18s
Rendered 80/4051, time remaining: 2m 19s
Rendered 81/4051, time remaining: 2m 18s
Rendered 82/4051, time remaining: 2m 17s
Rendered 83/4051, time remaining: 2m 16s
Rendered 84/4051, time remaining: 2m 17s
Rendered 85/4051, time remaining: 2m 15s
Rendered 86/4051, time remaining: 2m 16s
Rendered 87/4051, time remaining: 2m 15s
Rendered 88/4051, time remaining: 2m 14s
Rendered 89/4051, time remaining: 2m 15s
Rendered 90/4051, time remaining: 2m 13s
Rendered 91/4051, time remaining: 2m 14s
Rendered 92/4051, time remaining: 2m 13s
Rendered 93/4051, time remaining: 2m 11s
Rendered 94/4051, time remaining: 2m 13s
Rendered 95/4051, time remaining: 2m 14s
Rendered 96/4051, time remaining: 2m 12s
Rendered 97/4051, time remaining: 2m 11s
Rendered 98/4051, time remaining: 2m 10s
Rendered 99/4051, time remaining: 2m 11s
Rendered 100/4051, time remaining: 2m 10s
Rendered 101/4051, time remaining: 2m 9s
Rendered 102/4051, time remaining: 2m 12s
Rendered 103/4051, time remaining: 2m 11s
Rendered 104/4051, time remaining: 2m 10s
Rendered 105/4051, time remaining: 2m 9s
Rendered 106/4051, time remaining: 2m 10s
Rendered 107/4051, time remaining: 2m 9s
Rendered 108/4051, time remaining: 2m 7s
Rendered 109/4051, time remaining: 2m 6s
Rendered 110/4051, time remaining: 2m 10s
Rendered 111/4051, time remaining: 2m 9s
Rendered 112/4051, time remaining: 2m 8s
Rendered 113/4051, time remaining: 2m 8s
Rendered 114/4051, time remaining: 2m 7s
Rendered 115/4051, time remaining: 2m 6s
Rendered 116/4051, time remaining: 2m 5s
Rendered 117/4051, time remaining: 2m 4s
Rendered 118/4051, time remaining: 2m 8s
Rendered 119/4051, time remaining: 2m 7s
Rendered 120/4051, time remaining: 2m 6s
Rendered 121/4051, time remaining: 2m 5s
Rendered 122/4051, time remaining: 2m 5s
Rendered 123/4051, time remaining: 2m 4s
Rendered 124/4051, time remaining: 2m 3s
Rendered 125/4051, time remaining: 2m 6s
Rendered 126/4051, time remaining: 2m 5s
Rendered 127/4051, time remaining: 2m 5s
Rendered 128/4051, time remaining: 2m 5s
Rendered 129/4051, time remaining: 2m 5s
Rendered 130/4051, time remaining: 2m 4s
Rendered 131/4051, time remaining: 2m 3s
Rendered 132/4051, time remaining: 2m 2s
Rendered 133/4051, time remaining: 2m 3s
Rendered 134/4051, time remaining: 2m 2s
Rendered 135/4051, time remaining: 2m 5s
Rendered 136/4051, time remaining: 2m 4s
Rendered 137/4051, time remaining: 2m 3s
Rendered 138/4051, time remaining: 2m 2s
Rendered 139/4051, time remaining: 2m 2s
Rendered 140/4051, time remaining: 2m 1s
Rendered 141/4051, time remaining: 2m 3s
Rendered 142/4051, time remaining: 2m 2s
Rendered 143/4051, time remaining: 2m 3s
Rendered 144/4051, time remaining: 2m 2s
Rendered 145/4051, time remaining: 2m 3s
Rendered 146/4051, time remaining: 2m 3s
Rendered 147/4051, time remaining: 2m 2s
Rendered 148/4051, time remaining: 2m 1s
Rendered 149/4051, time remaining: 2m 1s
Rendered 150/4051, time remaining: 2m 0s
Rendered 151/4051, time remaining: 1m 42s
Rendered 152/4051, time remaining: 1m 42s
Rendered 153/4051, time remaining: 1m 45s
Rendered 154/4051, time remaining: 1m 45s
Rendered 155/4051, time remaining: 1m 47s
Rendered 156/4051, time remaining: 1m 47s
Rendered 157/4051, time remaining: 1m 47s
Rendered 158/4051, time remaining: 1m 44s
Rendered 159/4051, time remaining: 1m 43s
Rendered 160/4051, time remaining: 1m 45s
Rendered 161/4051, time remaining: 1m 46s
Rendered 162/4051, time remaining: 1m 45s
Rendered 163/4051, time remaining: 1m 45s
Rendered 164/4051, time remaining: 1m 45s
Rendered 165/4051, time remaining: 1m 47s
Rendered 166/4051, time remaining: 1m 45s
Rendered 167/4051, time remaining: 1m 44s
Rendered 168/4051, time remaining: 1m 44s
Rendered 169/4051, time remaining: 1m 45s
Rendered 170/4051, time remaining: 1m 45s
Rendered 171/4051, time remaining: 1m 45s
Rendered 172/4051, time remaining: 1m 45s
Rendered 173/4051, time remaining: 1m 44s
Rendered 174/4051, time remaining: 1m 44s
Rendered 175/4051, time remaining: 1m 44s
Rendered 176/4051, time remaining: 1m 46s
Rendered 177/4051, time remaining: 1m 45s
Rendered 178/4051, time remaining: 1m 44s
Rendered 179/4051, time remaining: 1m 44s
Rendered 180/4051, time remaining: 1m 44s
Rendered 181/4051, time remaining: 1m 44s
Rendered 182/4051, time remaining: 1m 44s
Rendered 183/4051, time remaining: 1m 44s
Rendered 184/4051, time remaining: 1m 44s
Rendered 185/4051, time remaining: 1m 44s
Rendered 186/4051, time remaining: 1m 44s
Rendered 187/4051, time remaining: 1m 44s
Rendered 188/4051, time remaining: 1m 45s
Rendered 189/4051, time remaining: 1m 44s
Rendered 190/4051, time remaining: 1m 44s
Rendered 191/4051, time remaining: 1m 43s
Rendered 192/4051, time remaining: 1m 43s
Rendered 193/4051, time remaining: 1m 42s
Rendered 194/4051, time remaining: 1m 44s
Rendered 195/4051, time remaining: 1m 44s
Rendered 196/4051, time remaining: 1m 44s
Rendered 197/4051, time remaining: 1m 44s
Rendered 198/4051, time remaining: 1m 44s
Rendered 199/4051, time remaining: 1m 43s
Rendered 200/4051, time remaining: 1m 43s
Rendered 201/4051, time remaining: 1m 43s
Rendered 202/4051, time remaining: 1m 46s
Rendered 203/4051, time remaining: 1m 45s
Rendered 204/4051, time remaining: 1m 44s
Rendered 205/4051, time remaining: 1m 44s
Rendered 206/4051, time remaining: 1m 43s
Rendered 207/4051, time remaining: 1m 44s
Rendered 208/4051, time remaining: 1m 44s
Rendered 209/4051, time remaining: 1m 45s
Rendered 210/4051, time remaining: 1m 47s
Rendered 211/4051, time remaining: 1m 44s
Rendered 212/4051, time remaining: 1m 45s
Rendered 213/4051, time remaining: 1m 44s
Rendered 214/4051, time remaining: 1m 44s
Rendered 215/4051, time remaining: 1m 42s
Rendered 216/4051, time remaining: 1m 44s
Rendered 217/4051, time remaining: 1m 43s
Rendered 218/4051, time remaining: 1m 45s
Rendered 219/4051, time remaining: 1m 45s
Rendered 220/4051, time remaining: 1m 44s
Rendered 221/4051, time remaining: 1m 44s
Rendered 222/4051, time remaining: 1m 45s
Rendered 223/4051, time remaining: 1m 43s
Rendered 224/4051, time remaining: 1m 43s
Rendered 225/4051, time remaining: 1m 45s
Rendered 226/4051, time remaining: 1m 47s
Rendered 227/4051, time remaining: 1m 45s
Rendered 228/4051, time remaining: 1m 44s
Rendered 229/4051, time remaining: 1m 44s
Rendered 230/4051, time remaining: 1m 45s
Rendered 231/4051, time remaining: 1m 44s
Rendered 232/4051, time remaining: 1m 44s
Rendered 233/4051, time remaining: 1m 44s
Rendered 234/4051, time remaining: 1m 45s
Rendered 235/4051, time remaining: 1m 45s
Rendered 236/4051, time remaining: 1m 45s
Rendered 237/4051, time remaining: 1m 45s
Rendered 238/4051, time remaining: 1m 44s
Rendered 239/4051, time remaining: 1m 46s
Rendered 240/4051, time remaining: 1m 46s
Rendered 241/4051, time remaining: 1m 44s
Rendered 242/4051, time remaining: 1m 44s
Rendered 243/4051, time remaining: 1m 44s
Rendered 244/4051, time remaining: 1m 44s
Rendered 245/4051, time remaining: 1m 44s
Rendered 246/4051, time remaining: 1m 44s
Rendered 247/4051, time remaining: 1m 44s
Rendered 248/4051, time remaining: 1m 45s
Rendered 249/4051, time remaining: 1m 44s
Rendered 250/4051, time remaining: 1m 46s
Rendered 251/4051, time remaining: 1m 46s
Rendered 252/4051, time remaining: 1m 44s
Rendered 253/4051, time remaining: 1m 44s
Rendered 254/4051, time remaining: 1m 44s
Rendered 255/4051, time remaining: 1m 44s
Rendered 256/4051, time remaining: 1m 45s
Rendered 257/4051, time remaining: 1m 44s
Rendered 258/4051, time remaining: 1m 46s
Rendered 259/4051, time remaining: 1m 46s
Rendered 260/4051, time remaining: 1m 43s
Rendered 261/4051, time remaining: 1m 44s
Rendered 262/4051, time remaining: 1m 44s
Rendered 263/4051, time remaining: 1m 44s
Rendered 264/4051, time remaining: 1m 45s
Rendered 265/4051, time remaining: 1m 47s
Rendered 266/4051, time remaining: 1m 46s
Rendered 267/4051, time remaining: 1m 46s
Rendered 268/4051, time remaining: 1m 44s
Rendered 269/4051, time remaining: 1m 44s
Rendered 270/4051, time remaining: 1m 44s
Rendered 271/4051, time remaining: 1m 44s
Rendered 272/4051, time remaining: 1m 47s
Rendered 273/4051, time remaining: 1m 47s
Rendered 274/4051, time remaining: 1m 47s
Rendered 275/4051, time remaining: 1m 44s
Rendered 276/4051, time remaining: 1m 44s
Rendered 277/4051, time remaining: 1m 43s
Rendered 278/4051, time remaining: 1m 46s
Rendered 279/4051, time remaining: 1m 45s
Rendered 280/4051, time remaining: 1m 46s
Rendered 281/4051, time remaining: 1m 46s
Rendered 282/4051, time remaining: 1m 46s
Rendered 283/4051, time remaining: 1m 47s
Rendered 284/4051, time remaining: 1m 47s
Rendered 285/4051, time remaining: 1m 44s
Rendered 286/4051, time remaining: 1m 45s
Rendered 287/4051, time remaining: 1m 45s
Rendered 288/4051, time remaining: 1m 46s
Rendered 289/4051, time remaining: 1m 47s
Rendered 290/4051, time remaining: 1m 47s
Rendered 291/4051, time remaining: 1m 44s
Rendered 292/4051, time remaining: 1m 44s
Rendered 293/4051, time remaining: 1m 43s
Rendered 294/4051, time remaining: 1m 45s
Rendered 295/4051, time remaining: 1m 43s
Rendered 296/4051, time remaining: 1m 45s
Rendered 297/4051, time remaining: 1m 45s
Rendered 298/4051, time remaining: 1m 46s
Rendered 299/4051, time remaining: 1m 46s
Rendered 300/4051, time remaining: 1m 46s
Rendered 301/4051, time remaining: 1m 47s
Rendered 302/4051, time remaining: 1m 47s
Rendered 303/4051, time remaining: 1m 44s
Rendered 304/4051, time remaining: 1m 45s
Rendered 305/4051, time remaining: 1m 45s
Rendered 306/4051, time remaining: 1m 45s
Rendered 307/4051, time remaining: 1m 45s
Rendered 308/4051, time remaining: 1m 45s
Rendered 309/4051, time remaining: 1m 46s
Rendered 310/4051, time remaining: 1m 44s
Rendered 311/4051, time remaining: 1m 44s
Rendered 312/4051, time remaining: 1m 44s
Rendered 313/4051, time remaining: 1m 44s
Rendered 314/4051, time remaining: 1m 44s
Rendered 315/4051, time remaining: 1m 42s
Rendered 316/4051, time remaining: 1m 45s
Rendered 317/4051, time remaining: 1m 47s
Rendered 318/4051, time remaining: 1m 47s
Rendered 319/4051, time remaining: 1m 44s
Rendered 320/4051, time remaining: 1m 44s
Rendered 321/4051, time remaining: 1m 44s
Rendered 322/4051, time remaining: 1m 44s
Rendered 323/4051, time remaining: 1m 44s
Rendered 324/4051, time remaining: 1m 46s
Rendered 325/4051, time remaining: 1m 46s
Rendered 326/4051, time remaining: 1m 46s
Rendered 327/4051, time remaining: 1m 45s
Rendered 328/4051, time remaining: 1m 46s
Rendered 329/4051, time remaining: 1m 46s
Rendered 330/4051, time remaining: 1m 45s
Rendered 331/4051, time remaining: 1m 44s
Rendered 332/4051, time remaining: 1m 46s
Rendered 333/4051, time remaining: 1m 46s
Rendered 334/4051, time remaining: 1m 43s
Rendered 335/4051, time remaining: 1m 47s
Rendered 336/4051, time remaining: 1m 46s
Rendered 337/4051, time remaining: 1m 45s
Rendered 338/4051, time remaining: 1m 45s
Rendered 339/4051, time remaining: 1m 45s
Rendered 340/4051, time remaining: 1m 47s
Rendered 341/4051, time remaining: 1m 46s
Rendered 342/4051, time remaining: 1m 46s
Rendered 343/4051, time remaining: 1m 49s
Rendered 344/4051, time remaining: 1m 46s
Rendered 345/4051, time remaining: 1m 45s
Rendered 346/4051, time remaining: 1m 45s
Rendered 347/4051, time remaining: 1m 47s
Rendered 348/4051, time remaining: 1m 46s
Rendered 349/4051, time remaining: 1m 46s
Rendered 350/4051, time remaining: 1m 45s
Rendered 351/4051, time remaining: 1m 48s
Rendered 352/4051, time remaining: 1m 45s
Rendered 353/4051, time remaining: 1m 46s
Rendered 354/4051, time remaining: 1m 46s
Rendered 355/4051, time remaining: 1m 46s
Rendered 356/4051, time remaining: 1m 46s
Rendered 357/4051, time remaining: 1m 45s
Rendered 358/4051, time remaining: 1m 46s
Rendered 359/4051, time remaining: 1m 46s
Rendered 360/4051, time remaining: 1m 46s
Rendered 361/4051, time remaining: 1m 47s
Rendered 362/4051, time remaining: 1m 46s
Rendered 363/4051, time remaining: 1m 46s
Rendered 364/4051, time remaining: 1m 46s
Rendered 365/4051, time remaining: 1m 46s
Rendered 366/4051, time remaining: 1m 45s
Rendered 367/4051, time remaining: 1m 46s
Rendered 368/4051, time remaining: 1m 46s
Rendered 369/4051, time remaining: 1m 47s
Rendered 370/4051, time remaining: 1m 46s
Rendered 371/4051, time remaining: 1m 46s
Rendered 372/4051, time remaining: 1m 45s
Rendered 373/4051, time remaining: 1m 45s
Rendered 374/4051, time remaining: 1m 47s
Rendered 375/4051, time remaining: 1m 46s
Rendered 376/4051, time remaining: 1m 46s
Rendered 377/4051, time remaining: 1m 46s
Rendered 378/4051, time remaining: 1m 46s
Rendered 379/4051, time remaining: 1m 47s
Rendered 380/4051, time remaining: 1m 46s
Rendered 381/4051, time remaining: 1m 46s
Rendered 382/4051, time remaining: 1m 47s
Rendered 383/4051, time remaining: 1m 47s
Rendered 384/4051, time remaining: 1m 44s
Rendered 385/4051, time remaining: 1m 44s
Rendered 386/4051, time remaining: 1m 44s
Rendered 387/4051, time remaining: 1m 47s
Rendered 388/4051, time remaining: 1m 47s
Rendered 389/4051, time remaining: 1m 45s
Rendered 390/4051, time remaining: 1m 45s
Rendered 391/4051, time remaining: 1m 45s
Rendered 392/4051, time remaining: 1m 47s
Rendered 393/4051, time remaining: 1m 47s
Rendered 394/4051, time remaining: 1m 45s
Rendered 395/4051, time remaining: 1m 46s
Rendered 396/4051, time remaining: 1m 47s
Rendered 397/4051, time remaining: 1m 47s
Rendered 398/4051, time remaining: 1m 46s
Rendered 399/4051, time remaining: 1m 47s
Rendered 400/4051, time remaining: 1m 45s
Rendered 401/4051, time remaining: 1m 45s
Rendered 402/4051, time remaining: 1m 43s
Rendered 403/4051, time remaining: 1m 46s
Rendered 404/4051, time remaining: 1m 46s
Rendered 405/4051, time remaining: 1m 46s
Rendered 406/4051, time remaining: 1m 46s
Rendered 407/4051, time remaining: 1m 46s
Rendered 408/4051, time remaining: 1m 45s
Rendered 409/4051, time remaining: 1m 46s
Rendered 410/4051, time remaining: 1m 46s
Rendered 411/4051, time remaining: 1m 44s
Rendered 412/4051, time remaining: 1m 44s
Rendered 413/4051, time remaining: 1m 47s
Rendered 414/4051, time remaining: 1m 46s
Rendered 415/4051, time remaining: 1m 44s
Rendered 416/4051, time remaining: 1m 44s
Rendered 417/4051, time remaining: 1m 44s
Rendered 418/4051, time remaining: 1m 44s
Rendered 419/4051, time remaining: 1m 44s
Rendered 420/4051, time remaining: 1m 46s
Rendered 421/4051, time remaining: 1m 46s
Rendered 422/4051, time remaining: 1m 43s
Rendered 423/4051, time remaining: 1m 44s
Rendered 424/4051, time remaining: 1m 45s
Rendered 425/4051, time remaining: 1m 45s
Rendered 426/4051, time remaining: 1m 46s
Rendered 427/4051, time remaining: 1m 46s
Rendered 428/4051, time remaining: 1m 43s
Rendered 429/4051, time remaining: 1m 44s
Rendered 430/4051, time remaining: 1m 44s
Rendered 431/4051, time remaining: 1m 45s
Rendered 432/4051, time remaining: 1m 45s
Rendered 433/4051, time remaining: 1m 43s
Rendered 434/4051, time remaining: 1m 43s
Rendered 435/4051, time remaining: 1m 44s
Rendered 436/4051, time remaining: 1m 45s
Rendered 437/4051, time remaining: 1m 45s
Rendered 438/4051, time remaining: 1m 43s
Rendered 439/4051, time remaining: 1m 42s
Rendered 440/4051, time remaining: 1m 44s
Rendered 441/4051, time remaining: 1m 44s
Rendered 442/4051, time remaining: 1m 44s
Rendered 443/4051, time remaining: 1m 46s
Rendered 444/4051, time remaining: 1m 44s
Rendered 445/4051, time remaining: 1m 44s
Rendered 446/4051, time remaining: 1m 44s
Rendered 447/4051, time remaining: 1m 44s
Rendered 448/4051, time remaining: 1m 44s
Rendered 449/4051, time remaining: 1m 45s
Rendered 450/4051, time remaining: 1m 45s
Rendered 451/4051, time remaining: 1m 43s
Rendered 452/4051, time remaining: 1m 43s
Rendered 453/4051, time remaining: 1m 43s
Rendered 454/4051, time remaining: 1m 44s
Rendered 455/4051, time remaining: 1m 42s
Rendered 456/4051, time remaining: 1m 43s
Rendered 457/4051, time remaining: 1m 45s
Rendered 458/4051, time remaining: 1m 46s
Rendered 459/4051, time remaining: 1m 43s
Rendered 460/4051, time remaining: 1m 43s
Rendered 461/4051, time remaining: 1m 43s
Rendered 462/4051, time remaining: 1m 43s
Rendered 463/4051, time remaining: 1m 43s
Rendered 464/4051, time remaining: 1m 43s
Rendered 465/4051, time remaining: 1m 44s
Rendered 466/4051, time remaining: 1m 42s
Rendered 467/4051, time remaining: 1m 40s
Rendered 468/4051, time remaining: 1m 40s
Rendered 469/4051, time remaining: 1m 41s
Rendered 470/4051, time remaining: 1m 41s
Rendered 471/4051, time remaining: 1m 41s
Rendered 472/4051, time remaining: 1m 40s
Rendered 473/4051, time remaining: 1m 39s
Rendered 474/4051, time remaining: 1m 37s
Rendered 475/4051, time remaining: 1m 38s
Rendered 476/4051, time remaining: 1m 36s
Rendered 477/4051, time remaining: 1m 36s
Rendered 478/4051, time remaining: 1m 35s
Rendered 479/4051, time remaining: 1m 35s
Rendered 480/4051, time remaining: 1m 35s
Rendered 481/4051, time remaining: 1m 36s
Rendered 482/4051, time remaining: 1m 34s
Rendered 483/4051, time remaining: 1m 34s
Rendered 484/4051, time remaining: 1m 37s
Rendered 485/4051, time remaining: 1m 34s
Rendered 486/4051, time remaining: 1m 35s
Rendered 487/4051, time remaining: 1m 35s
Rendered 488/4051, time remaining: 1m 35s
Rendered 489/4051, time remaining: 1m 35s
Rendered 490/4051, time remaining: 1m 33s
Rendered 491/4051, time remaining: 1m 34s
Rendered 492/4051, time remaining: 1m 36s
Rendered 493/4051, time remaining: 1m 34s
Rendered 494/4051, time remaining: 1m 34s
Rendered 495/4051, time remaining: 1m 35s
Rendered 496/4051, time remaining: 1m 35s
Rendered 497/4051, time remaining: 1m 33s
Rendered 498/4051, time remaining: 1m 33s
Rendered 499/4051, time remaining: 1m 34s
Rendered 500/4051, time remaining: 1m 36s
Rendered 501/4051, time remaining: 1m 33s
Rendered 502/4051, time remaining: 1m 34s
Rendered 503/4051, time remaining: 1m 33s
Rendered 504/4051, time remaining: 1m 35s
Rendered 505/4051, time remaining: 1m 35s
Rendered 506/4051, time remaining: 1m 35s
Rendered 507/4051, time remaining: 1m 35s
Rendered 508/4051, time remaining: 1m 35s
Rendered 509/4051, time remaining: 1m 36s
Rendered 510/4051, time remaining: 1m 34s
Rendered 511/4051, time remaining: 1m 34s
Rendered 512/4051, time remaining: 1m 35s
Rendered 513/4051, time remaining: 1m 35s
Rendered 514/4051, time remaining: 1m 35s
Rendered 515/4051, time remaining: 1m 34s
Rendered 516/4051, time remaining: 1m 37s
Rendered 517/4051, time remaining: 1m 37s
Rendered 518/4051, time remaining: 1m 34s
Rendered 519/4051, time remaining: 1m 34s
Rendered 520/4051, time remaining: 1m 34s
Rendered 521/4051, time remaining: 1m 34s
Rendered 522/4051, time remaining: 1m 34s
Rendered 523/4051, time remaining: 1m 35s
Rendered 524/4051, time remaining: 1m 35s
Rendered 525/4051, time remaining: 1m 36s
Rendered 526/4051, time remaining: 1m 34s
Rendered 527/4051, time remaining: 1m 34s
Rendered 528/4051, time remaining: 1m 34s
Rendered 529/4051, time remaining: 1m 32s
Rendered 530/4051, time remaining: 1m 33s
Rendered 531/4051, time remaining: 1m 33s
Rendered 532/4051, time remaining: 1m 34s
Rendered 533/4051, time remaining: 1m 34s
Rendered 534/4051, time remaining: 1m 34s
Rendered 535/4051, time remaining: 1m 34s
Rendered 536/4051, time remaining: 1m 35s
Rendered 537/4051, time remaining: 1m 33s
Rendered 538/4051, time remaining: 1m 34s
Rendered 539/4051, time remaining: 1m 34s
Rendered 540/4051, time remaining: 1m 34s
Rendered 541/4051, time remaining: 1m 34s
Rendered 542/4051, time remaining: 1m 33s
Rendered 543/4051, time remaining: 1m 33s
Rendered 544/4051, time remaining: 1m 33s
Rendered 545/4051, time remaining: 1m 35s
Rendered 546/4051, time remaining: 1m 34s
Rendered 547/4051, time remaining: 1m 33s
Rendered 548/4051, time remaining: 1m 34s
Rendered 549/4051, time remaining: 1m 33s
Rendered 550/4051, time remaining: 1m 33s
Rendered 551/4051, time remaining: 1m 33s
Rendered 552/4051, time remaining: 1m 34s
Rendered 553/4051, time remaining: 1m 35s
Rendered 554/4051, time remaining: 1m 35s
Rendered 555/4051, time remaining: 1m 35s
Rendered 556/4051, time remaining: 1m 33s
Rendered 557/4051, time remaining: 1m 33s
Rendered 558/4051, time remaining: 1m 35s
Rendered 559/4051, time remaining: 1m 33s
Rendered 560/4051, time remaining: 1m 34s
Rendered 561/4051, time remaining: 1m 34s
Rendered 562/4051, time remaining: 1m 35s
Rendered 563/4051, time remaining: 1m 33s
Rendered 564/4051, time remaining: 1m 33s
Rendered 565/4051, time remaining: 1m 34s
Rendered 566/4051, time remaining: 1m 36s
Rendered 567/4051, time remaining: 1m 35s
Rendered 568/4051, time remaining: 1m 34s
Rendered 569/4051, time remaining: 1m 34s
Rendered 570/4051, time remaining: 1m 32s
Rendered 571/4051, time remaining: 1m 33s
Rendered 572/4051, time remaining: 1m 34s
Rendered 573/4051, time remaining: 1m 32s
Rendered 574/4051, time remaining: 1m 34s
Rendered 575/4051, time remaining: 1m 34s
Rendered 576/4051, time remaining: 1m 33s
Rendered 577/4051, time remaining: 1m 33s
Rendered 578/4051, time remaining: 1m 33s
Rendered 579/4051, time remaining: 1m 32s
Rendered 580/4051, time remaining: 1m 32s
Rendered 581/4051, time remaining: 1m 33s
Rendered 582/4051, time remaining: 1m 34s
Rendered 583/4051, time remaining: 1m 34s
Rendered 584/4051, time remaining: 1m 34s
Rendered 585/4051, time remaining: 1m 34s
Rendered 586/4051, time remaining: 1m 32s
Rendered 587/4051, time remaining: 1m 32s
Rendered 588/4051, time remaining: 1m 33s
Rendered 589/4051, time remaining: 1m 34s
Rendered 590/4051, time remaining: 1m 33s
Rendered 591/4051, time remaining: 1m 35s
Rendered 592/4051, time remaining: 1m 34s
Rendered 593/4051, time remaining: 1m 33s
Rendered 594/4051, time remaining: 1m 33s
Rendered 595/4051, time remaining: 1m 34s
Rendered 596/4051, time remaining: 1m 34s
Rendered 597/4051, time remaining: 1m 34s
Rendered 598/4051, time remaining: 1m 33s
Rendered 599/4051, time remaining: 1m 32s
Rendered 600/4051, time remaining: 1m 32s
Rendered 601/4051, time remaining: 1m 32s
Rendered 602/4051, time remaining: 1m 35s
Rendered 603/4051, time remaining: 1m 35s
Rendered 604/4051, time remaining: 1m 33s
Rendered 605/4051, time remaining: 1m 34s
Rendered 606/4051, time remaining: 1m 33s
Rendered 607/4051, time remaining: 1m 34s
Rendered 608/4051, time remaining: 1m 32s
Rendered 609/4051, time remaining: 1m 32s
Rendered 610/4051, time remaining: 1m 34s
Rendered 611/4051, time remaining: 1m 34s
Rendered 612/4051, time remaining: 1m 33s
Rendered 613/4051, time remaining: 1m 33s
Rendered 614/4051, time remaining: 1m 35s
Rendered 615/4051, time remaining: 1m 33s
Rendered 616/4051, time remaining: 1m 33s
Rendered 617/4051, time remaining: 1m 33s
Rendered 618/4051, time remaining: 1m 36s
Rendered 619/4051, time remaining: 1m 36s
Rendered 620/4051, time remaining: 1m 36s
Rendered 621/4051, time remaining: 1m 36s
Rendered 622/4051, time remaining: 1m 36s
Rendered 623/4051, time remaining: 1m 36s
Rendered 624/4051, time remaining: 1m 36s
Rendered 625/4051, time remaining: 1m 36s
Rendered 626/4051, time remaining: 1m 38s
Rendered 627/4051, time remaining: 1m 39s
Rendered 628/4051, time remaining: 1m 39s
Rendered 629/4051, time remaining: 1m 40s
Rendered 630/4051, time remaining: 1m 40s
Rendered 631/4051, time remaining: 1m 41s
Rendered 632/4051, time remaining: 1m 41s
Rendered 633/4051, time remaining: 1m 41s
Rendered 634/4051, time remaining: 1m 40s
Rendered 635/4051, time remaining: 1m 39s
Rendered 636/4051, time remaining: 1m 38s
Rendered 637/4051, time remaining: 1m 39s
Rendered 638/4051, time remaining: 1m 41s
Rendered 639/4051, time remaining: 1m 41s
Rendered 640/4051, time remaining: 1m 41s
Rendered 641/4051, time remaining: 1m 40s
Rendered 642/4051, time remaining: 1m 38s
Rendered 643/4051, time remaining: 1m 38s
Rendered 644/4051, time remaining: 1m 38s
Rendered 645/4051, time remaining: 1m 37s
Rendered 646/4051, time remaining: 1m 40s
Rendered 647/4051, time remaining: 1m 40s
Rendered 648/4051, time remaining: 1m 41s
Rendered 649/4051, time remaining: 1m 41s
Rendered 650/4051, time remaining: 1m 39s
Rendered 651/4051, time remaining: 1m 40s
Rendered 652/4051, time remaining: 1m 38s
Rendered 653/4051, time remaining: 1m 40s
Rendered 654/4051, time remaining: 1m 38s
Rendered 655/4051, time remaining: 1m 37s
Rendered 656/4051, time remaining: 1m 38s
Rendered 657/4051, time remaining: 1m 41s
Rendered 658/4051, time remaining: 1m 39s
Rendered 659/4051, time remaining: 1m 37s
Rendered 660/4051, time remaining: 1m 37s
Rendered 661/4051, time remaining: 1m 38s
Rendered 662/4051, time remaining: 1m 36s
Rendered 663/4051, time remaining: 1m 36s
Rendered 664/4051, time remaining: 1m 39s
Rendered 665/4051, time remaining: 1m 39s
Rendered 666/4051, time remaining: 1m 38s
Rendered 667/4051, time remaining: 1m 37s
Rendered 668/4051, time remaining: 1m 37s
Rendered 669/4051, time remaining: 1m 36s
Rendered 670/4051, time remaining: 1m 37s
Rendered 671/4051, time remaining: 1m 38s
Rendered 672/4051, time remaining: 1m 40s
Rendered 673/4051, time remaining: 1m 39s
Rendered 674/4051, time remaining: 1m 37s
Rendered 675/4051, time remaining: 1m 37s
Rendered 676/4051, time remaining: 1m 37s
Rendered 677/4051, time remaining: 1m 37s
Rendered 678/4051, time remaining: 1m 37s
Rendered 679/4051, time remaining: 1m 38s
Rendered 680/4051, time remaining: 1m 37s
Rendered 681/4051, time remaining: 1m 39s
Rendered 682/4051, time remaining: 1m 39s
Rendered 683/4051, time remaining: 1m 39s
Rendered 684/4051, time remaining: 1m 38s
Rendered 685/4051, time remaining: 1m 38s
Rendered 686/4051, time remaining: 1m 39s
Rendered 687/4051, time remaining: 1m 37s
Rendered 688/4051, time remaining: 1m 36s
Rendered 689/4051, time remaining: 1m 38s
Rendered 690/4051, time remaining: 1m 39s
Rendered 691/4051, time remaining: 1m 39s
Rendered 692/4051, time remaining: 1m 38s
Rendered 693/4051, time remaining: 1m 38s
Rendered 694/4051, time remaining: 1m 39s
Rendered 695/4051, time remaining: 1m 36s
Rendered 696/4051, time remaining: 1m 36s
Rendered 697/4051, time remaining: 1m 38s
Rendered 698/4051, time remaining: 1m 38s
Rendered 699/4051, time remaining: 1m 38s
Rendered 700/4051, time remaining: 1m 39s
Rendered 701/4051, time remaining: 1m 38s
Rendered 702/4051, time remaining: 1m 37s
Rendered 703/4051, time remaining: 1m 36s
Rendered 704/4051, time remaining: 1m 37s
Rendered 705/4051, time remaining: 1m 37s
Rendered 706/4051, time remaining: 1m 39s
Rendered 707/4051, time remaining: 1m 39s
Rendered 708/4051, time remaining: 1m 37s
Rendered 709/4051, time remaining: 1m 37s
Rendered 710/4051, time remaining: 1m 37s
Rendered 711/4051, time remaining: 1m 38s
Rendered 712/4051, time remaining: 1m 37s
Rendered 713/4051, time remaining: 1m 36s
Rendered 714/4051, time remaining: 1m 38s
Rendered 715/4051, time remaining: 1m 38s
Rendered 716/4051, time remaining: 1m 36s
Rendered 717/4051, time remaining: 1m 36s
Rendered 718/4051, time remaining: 1m 37s
Rendered 719/4051, time remaining: 1m 40s
Rendered 720/4051, time remaining: 1m 40s
Rendered 721/4051, time remaining: 1m 39s
Rendered 722/4051, time remaining: 1m 39s
Rendered 723/4051, time remaining: 1m 39s
Rendered 724/4051, time remaining: 1m 36s
Rendered 725/4051, time remaining: 1m 36s
Rendered 726/4051, time remaining: 1m 37s
Rendered 727/4051, time remaining: 1m 39s
Rendered 728/4051, time remaining: 1m 39s
Rendered 729/4051, time remaining: 1m 39s
Rendered 730/4051, time remaining: 1m 40s
Rendered 731/4051, time remaining: 1m 37s
Rendered 732/4051, time remaining: 1m 37s
Rendered 733/4051, time remaining: 1m 37s
Rendered 734/4051, time remaining: 1m 37s
Rendered 735/4051, time remaining: 1m 38s
Rendered 736/4051, time remaining: 1m 38s
Rendered 737/4051, time remaining: 1m 38s
Rendered 738/4051, time remaining: 1m 39s
Rendered 739/4051, time remaining: 1m 38s
Rendered 740/4051, time remaining: 1m 37s
Rendered 741/4051, time remaining: 1m 35s
Rendered 742/4051, time remaining: 1m 37s
Rendered 743/4051, time remaining: 1m 39s
Rendered 744/4051, time remaining: 1m 38s
Rendered 745/4051, time remaining: 1m 37s
Rendered 746/4051, time remaining: 1m 36s
Rendered 747/4051, time remaining: 1m 37s
Rendered 748/4051, time remaining: 1m 37s
Rendered 749/4051, time remaining: 1m 37s
Rendered 750/4051, time remaining: 1m 37s
Rendered 751/4051, time remaining: 1m 40s
Rendered 752/4051, time remaining: 1m 37s
Rendered 753/4051, time remaining: 1m 38s
Rendered 754/4051, time remaining: 1m 37s
Rendered 755/4051, time remaining: 1m 37s
Rendered 756/4051, time remaining: 1m 37s
Rendered 757/4051, time remaining: 1m 36s
Rendered 758/4051, time remaining: 1m 36s
Rendered 759/4051, time remaining: 1m 40s
Rendered 760/4051, time remaining: 1m 38s
Rendered 761/4051, time remaining: 1m 38s
Rendered 762/4051, time remaining: 1m 38s
Rendered 763/4051, time remaining: 1m 38s
Rendered 764/4051, time remaining: 1m 37s
Rendered 765/4051, time remaining: 1m 39s
Rendered 766/4051, time remaining: 1m 39s
Rendered 767/4051, time remaining: 1m 40s
Rendered 768/4051, time remaining: 1m 36s
Rendered 769/4051, time remaining: 1m 37s
Rendered 770/4051, time remaining: 1m 38s
Rendered 771/4051, time remaining: 1m 38s
Rendered 772/4051, time remaining: 1m 38s
Rendered 773/4051, time remaining: 1m 39s
Rendered 774/4051, time remaining: 1m 39s
Rendered 775/4051, time remaining: 1m 38s
Rendered 776/4051, time remaining: 1m 38s
Rendered 777/4051, time remaining: 1m 38s
Rendered 778/4051, time remaining: 1m 38s
Rendered 779/4051, time remaining: 1m 36s
Rendered 780/4051, time remaining: 1m 37s
Rendered 781/4051, time remaining: 1m 36s
Rendered 782/4051, time remaining: 1m 36s
Rendered 783/4051, time remaining: 1m 37s
Rendered 784/4051, time remaining: 1m 38s
Rendered 785/4051, time remaining: 1m 38s
Rendered 786/4051, time remaining: 1m 37s
Rendered 787/4051, time remaining: 1m 37s
Rendered 788/4051, time remaining: 1m 35s
Rendered 789/4051, time remaining: 1m 36s
Rendered 790/4051, time remaining: 1m 37s
Rendered 791/4051, time remaining: 1m 37s
Rendered 792/4051, time remaining: 1m 39s
Rendered 793/4051, time remaining: 1m 38s
Rendered 794/4051, time remaining: 1m 38s
Rendered 795/4051, time remaining: 1m 38s
Rendered 796/4051, time remaining: 1m 35s
Rendered 797/4051, time remaining: 1m 35s
Rendered 798/4051, time remaining: 1m 36s
Rendered 799/4051, time remaining: 1m 36s
Rendered 800/4051, time remaining: 1m 36s
Rendered 801/4051, time remaining: 1m 36s
Rendered 802/4051, time remaining: 1m 38s
Rendered 803/4051, time remaining: 1m 37s
Rendered 804/4051, time remaining: 1m 37s
Rendered 805/4051, time remaining: 1m 37s
Rendered 806/4051, time remaining: 1m 37s
Rendered 807/4051, time remaining: 1m 34s
Rendered 808/4051, time remaining: 1m 36s
Rendered 809/4051, time remaining: 1m 37s
Rendered 810/4051, time remaining: 1m 38s
Rendered 811/4051, time remaining: 1m 37s
Rendered 812/4051, time remaining: 1m 37s
Rendered 813/4051, time remaining: 1m 37s
Rendered 814/4051, time remaining: 1m 36s
Rendered 815/4051, time remaining: 1m 36s
Rendered 816/4051, time remaining: 1m 35s
Rendered 817/4051, time remaining: 1m 35s
Rendered 818/4051, time remaining: 1m 36s
Rendered 819/4051, time remaining: 1m 36s
Rendered 820/4051, time remaining: 1m 37s
Rendered 821/4051, time remaining: 1m 38s
Rendered 822/4051, time remaining: 1m 35s
Rendered 823/4051, time remaining: 1m 35s
Rendered 824/4051, time remaining: 1m 35s
Rendered 825/4051, time remaining: 1m 35s
Rendered 826/4051, time remaining: 1m 36s
Rendered 827/4051, time remaining: 1m 36s
Rendered 828/4051, time remaining: 1m 38s
Rendered 829/4051, time remaining: 1m 38s
Rendered 830/4051, time remaining: 1m 37s
Rendered 831/4051, time remaining: 1m 35s
Rendered 832/4051, time remaining: 1m 34s
Rendered 833/4051, time remaining: 1m 34s
Rendered 834/4051, time remaining: 1m 35s
Rendered 835/4051, time remaining: 1m 35s
Rendered 836/4051, time remaining: 1m 36s
Rendered 837/4051, time remaining: 1m 37s
Rendered 838/4051, time remaining: 1m 36s
Rendered 839/4051, time remaining: 1m 35s
Rendered 840/4051, time remaining: 1m 33s
Rendered 841/4051, time remaining: 1m 35s
Rendered 842/4051, time remaining: 1m 35s
Rendered 843/4051, time remaining: 1m 35s
Rendered 844/4051, time remaining: 1m 36s
Rendered 845/4051, time remaining: 1m 36s
Rendered 846/4051, time remaining: 1m 36s
Rendered 847/4051, time remaining: 1m 34s
Rendered 848/4051, time remaining: 1m 34s
Rendered 849/4051, time remaining: 1m 36s
Rendered 850/4051, time remaining: 1m 35s
Rendered 851/4051, time remaining: 1m 35s
Rendered 852/4051, time remaining: 1m 37s
Rendered 853/4051, time remaining: 1m 35s
Rendered 854/4051, time remaining: 1m 35s
Rendered 855/4051, time remaining: 1m 37s
Rendered 856/4051, time remaining: 1m 34s
Rendered 857/4051, time remaining: 1m 34s
Rendered 858/4051, time remaining: 1m 34s
Rendered 859/4051, time remaining: 1m 36s
Rendered 860/4051, time remaining: 1m 37s
Rendered 861/4051, time remaining: 1m 35s
Rendered 862/4051, time remaining: 1m 35s
Rendered 863/4051, time remaining: 1m 38s
Rendered 864/4051, time remaining: 1m 35s
Rendered 865/4051, time remaining: 1m 35s
Rendered 866/4051, time remaining: 1m 35s
Rendered 867/4051, time remaining: 1m 36s
Rendered 868/4051, time remaining: 1m 36s
Rendered 869/4051, time remaining: 1m 33s
Rendered 870/4051, time remaining: 1m 32s
Rendered 871/4051, time remaining: 1m 36s
Rendered 872/4051, time remaining: 1m 35s
Rendered 873/4051, time remaining: 1m 35s
Rendered 874/4051, time remaining: 1m 35s
Rendered 875/4051, time remaining: 1m 36s
Rendered 876/4051, time remaining: 1m 35s
Rendered 877/4051, time remaining: 1m 33s
Rendered 878/4051, time remaining: 1m 33s
Rendered 879/4051, time remaining: 1m 36s
Rendered 880/4051, time remaining: 1m 34s
Rendered 881/4051, time remaining: 1m 34s
Rendered 882/4051, time remaining: 1m 34s
Rendered 883/4051, time remaining: 1m 34s
Rendered 884/4051, time remaining: 1m 36s
Rendered 885/4051, time remaining: 1m 35s
Rendered 886/4051, time remaining: 1m 34s
Rendered 887/4051, time remaining: 1m 34s
Rendered 888/4051, time remaining: 1m 34s
Rendered 889/4051, time remaining: 1m 34s
Rendered 890/4051, time remaining: 1m 35s
Rendered 891/4051, time remaining: 1m 36s
Rendered 892/4051, time remaining: 1m 35s
Rendered 893/4051, time remaining: 1m 34s
Rendered 894/4051, time remaining: 1m 34s
Rendered 895/4051, time remaining: 1m 34s
Rendered 896/4051, time remaining: 1m 33s
Rendered 897/4051, time remaining: 1m 35s
Rendered 898/4051, time remaining: 1m 35s
Rendered 899/4051, time remaining: 1m 35s
Rendered 900/4051, time remaining: 1m 35s
Rendered 901/4051, time remaining: 1m 34s
Rendered 902/4051, time remaining: 1m 34s
Rendered 903/4051, time remaining: 1m 33s
Rendered 904/4051, time remaining: 1m 33s
Rendered 905/4051, time remaining: 1m 34s
Rendered 906/4051, time remaining: 1m 34s
Rendered 907/4051, time remaining: 1m 36s
Rendered 908/4051, time remaining: 1m 36s
Rendered 909/4051, time remaining: 1m 33s
Rendered 910/4051, time remaining: 1m 33s
Rendered 911/4051, time remaining: 1m 33s
Rendered 912/4051, time remaining: 1m 35s
Rendered 913/4051, time remaining: 1m 36s
Rendered 914/4051, time remaining: 1m 35s
Rendered 915/4051, time remaining: 1m 35s
Rendered 916/4051, time remaining: 1m 35s
Rendered 917/4051, time remaining: 1m 34s
Rendered 918/4051, time remaining: 1m 34s
Rendered 919/4051, time remaining: 1m 36s
Rendered 920/4051, time remaining: 1m 34s
Rendered 921/4051, time remaining: 1m 36s
Rendered 922/4051, time remaining: 1m 35s
Rendered 923/4051, time remaining: 1m 34s
Rendered 924/4051, time remaining: 1m 34s
Rendered 925/4051, time remaining: 1m 34s
Rendered 926/4051, time remaining: 1m 33s
Rendered 927/4051, time remaining: 1m 32s
Rendered 928/4051, time remaining: 1m 36s
Rendered 929/4051, time remaining: 1m 36s
Rendered 930/4051, time remaining: 1m 36s
Rendered 931/4051, time remaining: 1m 34s
Rendered 932/4051, time remaining: 1m 35s
Rendered 933/4051, time remaining: 1m 35s
Rendered 934/4051, time remaining: 1m 33s
Rendered 935/4051, time remaining: 1m 33s
Rendered 936/4051, time remaining: 1m 36s
Rendered 937/4051, time remaining: 1m 35s
Rendered 938/4051, time remaining: 1m 37s
Rendered 939/4051, time remaining: 1m 36s
Rendered 940/4051, time remaining: 1m 35s
Rendered 941/4051, time remaining: 1m 36s
Rendered 942/4051, time remaining: 1m 33s
Rendered 943/4051, time remaining: 1m 34s
Rendered 944/4051, time remaining: 1m 36s
Rendered 945/4051, time remaining: 1m 36s
Rendered 946/4051, time remaining: 1m 37s
Rendered 947/4051, time remaining: 1m 37s
Rendered 948/4051, time remaining: 1m 35s
Rendered 949/4051, time remaining: 1m 37s
Rendered 950/4051, time remaining: 1m 36s
Rendered 951/4051, time remaining: 1m 36s
Rendered 952/4051, time remaining: 1m 35s
Rendered 953/4051, time remaining: 1m 35s
Rendered 954/4051, time remaining: 1m 35s
Rendered 955/4051, time remaining: 1m 35s
Rendered 956/4051, time remaining: 1m 35s
Rendered 957/4051, time remaining: 1m 38s
Rendered 958/4051, time remaining: 1m 36s
Rendered 959/4051, time remaining: 1m 36s
Rendered 960/4051, time remaining: 1m 35s
Rendered 961/4051, time remaining: 1m 35s
Rendered 962/4051, time remaining: 1m 35s
Rendered 963/4051, time remaining: 1m 35s
Rendered 964/4051, time remaining: 1m 36s
Rendered 965/4051, time remaining: 1m 37s
Rendered 966/4051, time remaining: 1m 36s
Rendered 967/4051, time remaining: 1m 36s
Rendered 968/4051, time remaining: 1m 35s
Rendered 969/4051, time remaining: 1m 35s
Rendered 970/4051, time remaining: 1m 36s
Rendered 971/4051, time remaining: 1m 34s
Rendered 972/4051, time remaining: 1m 37s
Rendered 973/4051, time remaining: 1m 36s
Rendered 974/4051, time remaining: 1m 36s
Rendered 975/4051, time remaining: 1m 37s
Rendered 976/4051, time remaining: 1m 36s
Rendered 977/4051, time remaining: 1m 36s
Rendered 978/4051, time remaining: 1m 34s
Rendered 979/4051, time remaining: 1m 35s
Rendered 980/4051, time remaining: 1m 35s
Rendered 981/4051, time remaining: 1m 37s
Rendered 982/4051, time remaining: 1m 38s
Rendered 983/4051, time remaining: 1m 37s
Rendered 984/4051, time remaining: 1m 36s
Rendered 985/4051, time remaining: 1m 36s
Rendered 986/4051, time remaining: 1m 35s
Rendered 987/4051, time remaining: 1m 35s
Rendered 988/4051, time remaining: 1m 35s
Rendered 989/4051, time remaining: 1m 37s
Rendered 990/4051, time remaining: 1m 37s
Rendered 991/4051, time remaining: 1m 35s
Rendered 992/4051, time remaining: 1m 37s
Rendered 993/4051, time remaining: 1m 37s
Rendered 994/4051, time remaining: 1m 36s
Rendered 995/4051, time remaining: 1m 37s
Rendered 996/4051, time remaining: 1m 37s
Rendered 997/4051, time remaining: 1m 37s
Rendered 998/4051, time remaining: 1m 36s
Rendered 999/4051, time remaining: 1m 36s
Rendered 1000/4051, time remaining: 1m 36s
Rendered 1001/4051, time remaining: 1m 36s
Rendered 1002/4051, time remaining: 1m 34s
Rendered 1003/4051, time remaining: 1m 38s
Rendered 1004/4051, time remaining: 1m 38s
Rendered 1005/4051, time remaining: 1m 36s
Rendered 1006/4051, time remaining: 1m 36s
Rendered 1007/4051, time remaining: 1m 36s
Rendered 1008/4051, time remaining: 1m 36s
Rendered 1009/4051, time remaining: 1m 35s
Rendered 1010/4051, time remaining: 1m 36s
Rendered 1011/4051, time remaining: 1m 36s
Rendered 1012/4051, time remaining: 1m 37s
Rendered 1013/4051, time remaining: 1m 34s
Rendered 1014/4051, time remaining: 1m 34s
Rendered 1015/4051, time remaining: 1m 36s
Rendered 1016/4051, time remaining: 1m 36s
Rendered 1017/4051, time remaining: 1m 35s
Rendered 1018/4051, time remaining: 1m 35s
Rendered 1019/4051, time remaining: 1m 36s
Rendered 1020/4051, time remaining: 1m 37s
Rendered 1021/4051, time remaining: 1m 35s
Rendered 1022/4051, time remaining: 1m 35s
Rendered 1023/4051, time remaining: 1m 35s
Rendered 1024/4051, time remaining: 1m 35s
Rendered 1025/4051, time remaining: 1m 34s
Rendered 1026/4051, time remaining: 1m 36s
Rendered 1027/4051, time remaining: 1m 36s
Rendered 1028/4051, time remaining: 1m 37s
Rendered 1029/4051, time remaining: 1m 34s
Rendered 1030/4051, time remaining: 1m 34s
Rendered 1031/4051, time remaining: 1m 35s
Rendered 1032/4051, time remaining: 1m 37s
Rendered 1033/4051, time remaining: 1m 37s
Rendered 1034/4051, time remaining: 1m 34s
Rendered 1035/4051, time remaining: 1m 34s
Rendered 1036/4051, time remaining: 1m 35s
Rendered 1037/4051, time remaining: 1m 36s
Rendered 1038/4051, time remaining: 1m 35s
Rendered 1039/4051, time remaining: 1m 35s
Rendered 1040/4051, time remaining: 1m 36s
Rendered 1041/4051, time remaining: 1m 36s
Rendered 1042/4051, time remaining: 1m 34s
Rendered 1043/4051, time remaining: 1m 34s
Rendered 1044/4051, time remaining: 1m 36s
Rendered 1045/4051, time remaining: 1m 36s
Rendered 1046/4051, time remaining: 1m 36s
Rendered 1047/4051, time remaining: 1m 35s
Rendered 1048/4051, time remaining: 1m 35s
Rendered 1049/4051, time remaining: 1m 33s
Rendered 1050/4051, time remaining: 1m 33s
Rendered 1051/4051, time remaining: 1m 35s
Rendered 1052/4051, time remaining: 1m 35s
Rendered 1053/4051, time remaining: 1m 35s
Rendered 1054/4051, time remaining: 1m 35s
Rendered 1055/4051, time remaining: 1m 34s
Rendered 1056/4051, time remaining: 1m 35s
Rendered 1057/4051, time remaining: 1m 33s
Rendered 1058/4051, time remaining: 1m 33s
Rendered 1059/4051, time remaining: 1m 35s
Rendered 1060/4051, time remaining: 1m 35s
Rendered 1061/4051, time remaining: 1m 36s
Rendered 1062/4051, time remaining: 1m 34s
Rendered 1063/4051, time remaining: 1m 33s
Rendered 1064/4051, time remaining: 1m 33s
Rendered 1065/4051, time remaining: 1m 33s
Rendered 1066/4051, time remaining: 1m 34s
Rendered 1067/4051, time remaining: 1m 34s
Rendered 1068/4051, time remaining: 1m 36s
Rendered 1069/4051, time remaining: 1m 34s
Rendered 1070/4051, time remaining: 1m 33s
Rendered 1071/4051, time remaining: 1m 32s
Rendered 1072/4051, time remaining: 1m 32s
Rendered 1073/4051, time remaining: 1m 35s
Rendered 1074/4051, time remaining: 1m 35s
Rendered 1075/4051, time remaining: 1m 35s
Rendered 1076/4051, time remaining: 1m 35s
Rendered 1077/4051, time remaining: 1m 35s
Rendered 1078/4051, time remaining: 1m 31s
Rendered 1079/4051, time remaining: 1m 33s
Rendered 1080/4051, time remaining: 1m 33s
Rendered 1081/4051, time remaining: 1m 36s
Rendered 1082/4051, time remaining: 1m 34s
Rendered 1083/4051, time remaining: 1m 34s
Rendered 1084/4051, time remaining: 1m 34s
Rendered 1085/4051, time remaining: 1m 34s
Rendered 1086/4051, time remaining: 1m 32s
Rendered 1087/4051, time remaining: 1m 33s
Rendered 1088/4051, time remaining: 1m 31s
Rendered 1089/4051, time remaining: 1m 34s
Rendered 1090/4051, time remaining: 1m 34s
Rendered 1091/4051, time remaining: 1m 34s
Rendered 1092/4051, time remaining: 1m 34s
Rendered 1093/4051, time remaining: 1m 33s
Rendered 1094/4051, time remaining: 1m 32s
Rendered 1095/4051, time remaining: 1m 33s
Rendered 1096/4051, time remaining: 1m 32s
Rendered 1097/4051, time remaining: 1m 33s
Rendered 1098/4051, time remaining: 1m 34s
Rendered 1099/4051, time remaining: 1m 32s
Rendered 1100/4051, time remaining: 1m 32s
Rendered 1101/4051, time remaining: 1m 32s
Rendered 1102/4051, time remaining: 1m 33s
Rendered 1103/4051, time remaining: 1m 34s
Rendered 1104/4051, time remaining: 1m 34s
Rendered 1105/4051, time remaining: 1m 34s
Rendered 1106/4051, time remaining: 1m 36s
Rendered 1107/4051, time remaining: 1m 33s
Rendered 1108/4051, time remaining: 1m 33s
Rendered 1109/4051, time remaining: 1m 32s
Rendered 1110/4051, time remaining: 1m 34s
Rendered 1111/4051, time remaining: 1m 34s
Rendered 1112/4051, time remaining: 1m 34s
Rendered 1113/4051, time remaining: 1m 34s
Rendered 1114/4051, time remaining: 1m 33s
Rendered 1115/4051, time remaining: 1m 32s
Rendered 1116/4051, time remaining: 1m 32s
Rendered 1117/4051, time remaining: 1m 33s
Rendered 1118/4051, time remaining: 1m 35s
Rendered 1119/4051, time remaining: 1m 35s
Rendered 1120/4051, time remaining: 1m 33s
Rendered 1121/4051, time remaining: 1m 34s
Rendered 1122/4051, time remaining: 1m 33s
Rendered 1123/4051, time remaining: 1m 33s
Rendered 1124/4051, time remaining: 1m 33s
Rendered 1125/4051, time remaining: 1m 32s
Rendered 1126/4051, time remaining: 1m 33s
Rendered 1127/4051, time remaining: 1m 34s
Rendered 1128/4051, time remaining: 1m 34s
Rendered 1129/4051, time remaining: 1m 32s
Rendered 1130/4051, time remaining: 1m 32s
Rendered 1131/4051, time remaining: 1m 30s
Rendered 1132/4051, time remaining: 1m 31s
Rendered 1133/4051, time remaining: 1m 33s
Rendered 1134/4051, time remaining: 1m 33s
Rendered 1135/4051, time remaining: 1m 33s
Rendered 1136/4051, time remaining: 1m 33s
Rendered 1137/4051, time remaining: 1m 33s
Rendered 1138/4051, time remaining: 1m 33s
Rendered 1139/4051, time remaining: 1m 30s
Rendered 1140/4051, time remaining: 1m 32s
Rendered 1141/4051, time remaining: 1m 32s
Rendered 1142/4051, time remaining: 1m 32s
Rendered 1143/4051, time remaining: 1m 32s
Rendered 1144/4051, time remaining: 1m 31s
Rendered 1145/4051, time remaining: 1m 30s
Rendered 1146/4051, time remaining: 1m 33s
Rendered 1147/4051, time remaining: 1m 33s
Rendered 1148/4051, time remaining: 1m 33s
Rendered 1149/4051, time remaining: 1m 31s
Rendered 1150/4051, time remaining: 1m 31s
Rendered 1151/4051, time remaining: 1m 33s
Rendered 1152/4051, time remaining: 1m 34s
Rendered 1153/4051, time remaining: 1m 30s
Rendered 1154/4051, time remaining: 1m 31s
Rendered 1155/4051, time remaining: 1m 31s
Rendered 1156/4051, time remaining: 1m 32s
Rendered 1157/4051, time remaining: 1m 33s
Rendered 1158/4051, time remaining: 1m 33s
Rendered 1159/4051, time remaining: 1m 33s
Rendered 1160/4051, time remaining: 1m 32s
Rendered 1161/4051, time remaining: 1m 32s
Rendered 1162/4051, time remaining: 1m 31s
Rendered 1163/4051, time remaining: 1m 31s
Rendered 1164/4051, time remaining: 1m 32s
Rendered 1165/4051, time remaining: 1m 32s
Rendered 1166/4051, time remaining: 1m 33s
Rendered 1167/4051, time remaining: 1m 33s
Rendered 1168/4051, time remaining: 1m 33s
Rendered 1169/4051, time remaining: 1m 31s
Rendered 1170/4051, time remaining: 1m 33s
Rendered 1171/4051, time remaining: 1m 32s
Rendered 1172/4051, time remaining: 1m 31s
Rendered 1173/4051, time remaining: 1m 31s
Rendered 1174/4051, time remaining: 1m 33s
Rendered 1175/4051, time remaining: 1m 32s
Rendered 1176/4051, time remaining: 1m 30s
Rendered 1177/4051, time remaining: 1m 30s
Rendered 1178/4051, time remaining: 1m 32s
Rendered 1179/4051, time remaining: 1m 32s
Rendered 1180/4051, time remaining: 1m 32s
Rendered 1181/4051, time remaining: 1m 32s
Rendered 1182/4051, time remaining: 1m 29s
Rendered 1183/4051, time remaining: 1m 31s
Rendered 1184/4051, time remaining: 1m 30s
Rendered 1185/4051, time remaining: 1m 31s
Rendered 1186/4051, time remaining: 1m 32s
Rendered 1187/4051, time remaining: 1m 31s
Rendered 1188/4051, time remaining: 1m 30s
Rendered 1189/4051, time remaining: 1m 30s
Rendered 1190/4051, time remaining: 1m 29s
Rendered 1191/4051, time remaining: 1m 31s
Rendered 1192/4051, time remaining: 1m 31s
Rendered 1193/4051, time remaining: 1m 31s
Rendered 1194/4051, time remaining: 1m 29s
Rendered 1195/4051, time remaining: 1m 30s
Rendered 1196/4051, time remaining: 1m 30s
Rendered 1197/4051, time remaining: 1m 31s
Rendered 1198/4051, time remaining: 1m 30s
Rendered 1199/4051, time remaining: 1m 32s
Rendered 1200/4051, time remaining: 1m 32s
Rendered 1201/4051, time remaining: 1m 30s
Rendered 1202/4051, time remaining: 1m 29s
Rendered 1203/4051, time remaining: 1m 29s
Rendered 1204/4051, time remaining: 1m 30s
Rendered 1205/4051, time remaining: 1m 31s
Rendered 1206/4051, time remaining: 1m 32s
Rendered 1207/4051, time remaining: 1m 31s
Rendered 1208/4051, time remaining: 1m 32s
Rendered 1209/4051, time remaining: 1m 30s
Rendered 1210/4051, time remaining: 1m 30s
Rendered 1211/4051, time remaining: 1m 29s
Rendered 1212/4051, time remaining: 1m 29s
Rendered 1213/4051, time remaining: 1m 30s
Rendered 1214/4051, time remaining: 1m 30s
Rendered 1215/4051, time remaining: 1m 29s
Rendered 1216/4051, time remaining: 1m 30s
Rendered 1217/4051, time remaining: 1m 30s
Rendered 1218/4051, time remaining: 1m 29s
Rendered 1219/4051, time remaining: 1m 29s
Rendered 1220/4051, time remaining: 1m 29s
Rendered 1221/4051, time remaining: 1m 31s
Rendered 1222/4051, time remaining: 1m 31s
Rendered 1223/4051, time remaining: 1m 28s
Rendered 1224/4051, time remaining: 1m 29s
Rendered 1225/4051, time remaining: 1m 30s
Rendered 1226/4051, time remaining: 1m 30s
Rendered 1227/4051, time remaining: 1m 30s
Rendered 1228/4051, time remaining: 1m 30s
Rendered 1229/4051, time remaining: 1m 29s
Rendered 1230/4051, time remaining: 1m 31s
Rendered 1231/4051, time remaining: 1m 28s
Rendered 1232/4051, time remaining: 1m 28s
Rendered 1233/4051, time remaining: 1m 29s
Rendered 1234/4051, time remaining: 1m 29s
Rendered 1235/4051, time remaining: 1m 29s
Rendered 1236/4051, time remaining: 1m 29s
Rendered 1237/4051, time remaining: 1m 30s
Rendered 1238/4051, time remaining: 1m 30s
Rendered 1239/4051, time remaining: 1m 28s
Rendered 1240/4051, time remaining: 1m 28s
Rendered 1241/4051, time remaining: 1m 28s
Rendered 1242/4051, time remaining: 1m 28s
Rendered 1243/4051, time remaining: 1m 29s
Rendered 1244/4051, time remaining: 1m 28s
Rendered 1245/4051, time remaining: 1m 29s
Rendered 1246/4051, time remaining: 1m 29s
Rendered 1247/4051, time remaining: 1m 27s
Rendered 1248/4051, time remaining: 1m 29s
Rendered 1249/4051, time remaining: 1m 29s
Rendered 1250/4051, time remaining: 1m 29s
Rendered 1251/4051, time remaining: 1m 29s
Rendered 1252/4051, time remaining: 1m 29s
Rendered 1253/4051, time remaining: 1m 27s
Rendered 1254/4051, time remaining: 1m 29s
Rendered 1255/4051, time remaining: 1m 28s
Rendered 1256/4051, time remaining: 1m 26s
Rendered 1257/4051, time remaining: 1m 26s
Rendered 1258/4051, time remaining: 1m 28s
Rendered 1259/4051, time remaining: 1m 29s
Rendered 1260/4051, time remaining: 1m 27s
Rendered 1261/4051, time remaining: 1m 28s
Rendered 1262/4051, time remaining: 1m 28s
Rendered 1263/4051, time remaining: 1m 28s
Rendered 1264/4051, time remaining: 1m 26s
Rendered 1265/4051, time remaining: 1m 28s
Rendered 1266/4051, time remaining: 1m 27s
Rendered 1267/4051, time remaining: 1m 28s
Rendered 1268/4051, time remaining: 1m 27s
Rendered 1269/4051, time remaining: 1m 27s
Rendered 1270/4051, time remaining: 1m 27s
Rendered 1271/4051, time remaining: 1m 26s
Rendered 1272/4051, time remaining: 1m 25s
Rendered 1273/4051, time remaining: 1m 25s
Rendered 1274/4051, time remaining: 1m 26s
Rendered 1275/4051, time remaining: 1m 29s
Rendered 1276/4051, time remaining: 1m 28s
Rendered 1277/4051, time remaining: 1m 27s
Rendered 1278/4051, time remaining: 1m 27s
Rendered 1279/4051, time remaining: 1m 27s
Rendered 1280/4051, time remaining: 1m 28s
Rendered 1281/4051, time remaining: 1m 27s
Rendered 1282/4051, time remaining: 1m 26s
Rendered 1283/4051, time remaining: 1m 24s
Rendered 1284/4051, time remaining: 1m 27s
Rendered 1285/4051, time remaining: 1m 27s
Rendered 1286/4051, time remaining: 1m 26s
Rendered 1287/4051, time remaining: 1m 27s
Rendered 1288/4051, time remaining: 1m 27s
Rendered 1289/4051, time remaining: 1m 27s
Rendered 1290/4051, time remaining: 1m 25s
Rendered 1291/4051, time remaining: 1m 27s
Rendered 1292/4051, time remaining: 1m 26s
Rendered 1293/4051, time remaining: 1m 26s
Rendered 1294/4051, time remaining: 1m 26s
Rendered 1295/4051, time remaining: 1m 26s
Rendered 1296/4051, time remaining: 1m 25s
Rendered 1297/4051, time remaining: 1m 25s
Rendered 1298/4051, time remaining: 1m 24s
Rendered 1299/4051, time remaining: 1m 27s
Rendered 1300/4051, time remaining: 1m 26s
Rendered 1301/4051, time remaining: 1m 25s
Rendered 1302/4051, time remaining: 1m 25s
Rendered 1303/4051, time remaining: 1m 25s
Rendered 1304/4051, time remaining: 1m 24s
Rendered 1305/4051, time remaining: 1m 24s
Rendered 1306/4051, time remaining: 1m 24s
Rendered 1307/4051, time remaining: 1m 25s
Rendered 1308/4051, time remaining: 1m 24s
Rendered 1309/4051, time remaining: 1m 24s
Rendered 1310/4051, time remaining: 1m 24s
Rendered 1311/4051, time remaining: 1m 25s
Rendered 1312/4051, time remaining: 1m 25s
Rendered 1313/4051, time remaining: 1m 25s
Rendered 1314/4051, time remaining: 1m 23s
Rendered 1315/4051, time remaining: 1m 25s
Rendered 1316/4051, time remaining: 1m 24s
Rendered 1317/4051, time remaining: 1m 24s
Rendered 1318/4051, time remaining: 1m 24s
Rendered 1319/4051, time remaining: 1m 25s
Rendered 1320/4051, time remaining: 1m 23s
Rendered 1321/4051, time remaining: 1m 23s
Rendered 1322/4051, time remaining: 1m 23s
Rendered 1323/4051, time remaining: 1m 25s
Rendered 1324/4051, time remaining: 1m 24s
Rendered 1325/4051, time remaining: 1m 25s
Rendered 1326/4051, time remaining: 1m 25s
Rendered 1327/4051, time remaining: 1m 25s
Rendered 1328/4051, time remaining: 1m 24s
Rendered 1329/4051, time remaining: 1m 23s
Rendered 1330/4051, time remaining: 1m 23s
Rendered 1331/4051, time remaining: 1m 23s
Rendered 1332/4051, time remaining: 1m 26s
Rendered 1333/4051, time remaining: 1m 25s
Rendered 1334/4051, time remaining: 1m 25s
Rendered 1335/4051, time remaining: 1m 24s
Rendered 1336/4051, time remaining: 1m 24s
Rendered 1337/4051, time remaining: 1m 24s
Rendered 1338/4051, time remaining: 1m 24s
Rendered 1339/4051, time remaining: 1m 24s
Rendered 1340/4051, time remaining: 1m 26s
Rendered 1341/4051, time remaining: 1m 23s
Rendered 1342/4051, time remaining: 1m 23s
Rendered 1343/4051, time remaining: 1m 23s
Rendered 1344/4051, time remaining: 1m 25s
Rendered 1345/4051, time remaining: 1m 25s
Rendered 1346/4051, time remaining: 1m 25s
Rendered 1347/4051, time remaining: 1m 23s
Rendered 1348/4051, time remaining: 1m 24s
Rendered 1349/4051, time remaining: 1m 23s
Rendered 1350/4051, time remaining: 1m 23s
Rendered 1351/4051, time remaining: 1m 23s
Rendered 1352/4051, time remaining: 1m 25s
Rendered 1353/4051, time remaining: 1m 24s
Rendered 1354/4051, time remaining: 1m 24s
Rendered 1355/4051, time remaining: 1m 23s
Rendered 1356/4051, time remaining: 1m 23s
Rendered 1357/4051, time remaining: 1m 23s
Rendered 1358/4051, time remaining: 1m 22s
Rendered 1359/4051, time remaining: 1m 23s
Rendered 1360/4051, time remaining: 1m 24s
Rendered 1361/4051, time remaining: 1m 25s
Rendered 1362/4051, time remaining: 1m 24s
Rendered 1363/4051, time remaining: 1m 23s
Rendered 1364/4051, time remaining: 1m 23s
Rendered 1365/4051, time remaining: 1m 23s
Rendered 1366/4051, time remaining: 1m 21s
Rendered 1367/4051, time remaining: 1m 21s
Rendered 1368/4051, time remaining: 1m 24s
Rendered 1369/4051, time remaining: 1m 24s
Rendered 1370/4051, time remaining: 1m 23s
Rendered 1371/4051, time remaining: 1m 23s
Rendered 1372/4051, time remaining: 1m 23s
Rendered 1373/4051, time remaining: 1m 23s
Rendered 1374/4051, time remaining: 1m 22s
Rendered 1375/4051, time remaining: 1m 22s
Rendered 1376/4051, time remaining: 1m 23s
Rendered 1377/4051, time remaining: 1m 23s
Rendered 1378/4051, time remaining: 1m 23s
Rendered 1379/4051, time remaining: 1m 24s
Rendered 1380/4051, time remaining: 1m 22s
Rendered 1381/4051, time remaining: 1m 21s
Rendered 1382/4051, time remaining: 1m 21s
Rendered 1383/4051, time remaining: 1m 22s
Rendered 1384/4051, time remaining: 1m 24s
Rendered 1385/4051, time remaining: 1m 24s
Rendered 1386/4051, time remaining: 1m 24s
Rendered 1387/4051, time remaining: 1m 21s
Rendered 1388/4051, time remaining: 1m 22s
Rendered 1389/4051, time remaining: 1m 21s
Rendered 1390/4051, time remaining: 1m 22s
Rendered 1391/4051, time remaining: 1m 22s
Rendered 1392/4051, time remaining: 1m 24s
Rendered 1393/4051, time remaining: 1m 23s
Rendered 1394/4051, time remaining: 1m 23s
Rendered 1395/4051, time remaining: 1m 21s
Rendered 1396/4051, time remaining: 1m 21s
Rendered 1397/4051, time remaining: 1m 23s
Rendered 1398/4051, time remaining: 1m 23s
Rendered 1399/4051, time remaining: 1m 22s
Rendered 1400/4051, time remaining: 1m 22s
Rendered 1401/4051, time remaining: 1m 23s
Rendered 1402/4051, time remaining: 1m 21s
Rendered 1403/4051, time remaining: 1m 21s
Rendered 1404/4051, time remaining: 1m 20s
Rendered 1405/4051, time remaining: 1m 21s
Rendered 1406/4051, time remaining: 1m 21s
Rendered 1407/4051, time remaining: 1m 23s
Rendered 1408/4051, time remaining: 1m 22s
Rendered 1409/4051, time remaining: 1m 22s
Rendered 1410/4051, time remaining: 1m 22s
Rendered 1411/4051, time remaining: 1m 22s
Rendered 1412/4051, time remaining: 1m 22s
Rendered 1413/4051, time remaining: 1m 22s
Rendered 1414/4051, time remaining: 1m 22s
Rendered 1415/4051, time remaining: 1m 22s
Rendered 1416/4051, time remaining: 1m 22s
Rendered 1417/4051, time remaining: 1m 22s
Rendered 1418/4051, time remaining: 1m 21s
Rendered 1419/4051, time remaining: 1m 21s
Rendered 1420/4051, time remaining: 1m 21s
Rendered 1421/4051, time remaining: 1m 21s
Rendered 1422/4051, time remaining: 1m 22s
Rendered 1423/4051, time remaining: 1m 22s
Rendered 1424/4051, time remaining: 1m 22s
Rendered 1425/4051, time remaining: 1m 21s
Rendered 1426/4051, time remaining: 1m 21s
Rendered 1427/4051, time remaining: 1m 21s
Rendered 1428/4051, time remaining: 1m 21s
Rendered 1429/4051, time remaining: 1m 21s
Rendered 1430/4051, time remaining: 1m 20s
Rendered 1431/4051, time remaining: 1m 20s
Rendered 1432/4051, time remaining: 1m 22s
Rendered 1433/4051, time remaining: 1m 22s
Rendered 1434/4051, time remaining: 1m 20s
Rendered 1435/4051, time remaining: 1m 21s
Rendered 1436/4051, time remaining: 1m 21s
Rendered 1437/4051, time remaining: 1m 20s
Rendered 1438/4051, time remaining: 1m 20s
Rendered 1439/4051, time remaining: 1m 20s
Rendered 1440/4051, time remaining: 1m 21s
Rendered 1441/4051, time remaining: 1m 20s
Rendered 1442/4051, time remaining: 1m 19s
Rendered 1443/4051, time remaining: 1m 22s
Rendered 1444/4051, time remaining: 1m 21s
Rendered 1445/4051, time remaining: 1m 21s
Rendered 1446/4051, time remaining: 1m 20s
Rendered 1447/4051, time remaining: 1m 21s
Rendered 1448/4051, time remaining: 1m 21s
Rendered 1449/4051, time remaining: 1m 19s
Rendered 1450/4051, time remaining: 1m 20s
Rendered 1451/4051, time remaining: 1m 22s
Rendered 1452/4051, time remaining: 1m 22s
Rendered 1453/4051, time remaining: 1m 22s
Rendered 1454/4051, time remaining: 1m 22s
Rendered 1455/4051, time remaining: 1m 22s
Rendered 1456/4051, time remaining: 1m 22s
Rendered 1457/4051, time remaining: 1m 19s
Rendered 1458/4051, time remaining: 1m 21s
Rendered 1459/4051, time remaining: 1m 22s
Rendered 1460/4051, time remaining: 1m 22s
Rendered 1461/4051, time remaining: 1m 22s
Rendered 1462/4051, time remaining: 1m 22s
Rendered 1463/4051, time remaining: 1m 22s
Rendered 1464/4051, time remaining: 1m 23s
Rendered 1465/4051, time remaining: 1m 20s
Rendered 1466/4051, time remaining: 1m 21s
Rendered 1467/4051, time remaining: 1m 22s
Rendered 1468/4051, time remaining: 1m 22s
Rendered 1469/4051, time remaining: 1m 21s
Rendered 1470/4051, time remaining: 1m 22s
Rendered 1471/4051, time remaining: 1m 22s
Rendered 1472/4051, time remaining: 1m 23s
Rendered 1473/4051, time remaining: 1m 20s
Rendered 1474/4051, time remaining: 1m 20s
Rendered 1475/4051, time remaining: 1m 22s
Rendered 1476/4051, time remaining: 1m 21s
Rendered 1477/4051, time remaining: 1m 21s
Rendered 1478/4051, time remaining: 1m 21s
Rendered 1479/4051, time remaining: 1m 21s
Rendered 1480/4051, time remaining: 1m 22s
Rendered 1481/4051, time remaining: 1m 22s
Rendered 1482/4051, time remaining: 1m 19s
Rendered 1483/4051, time remaining: 1m 21s
Rendered 1484/4051, time remaining: 1m 21s
Rendered 1485/4051, time remaining: 1m 21s
Rendered 1486/4051, time remaining: 1m 22s
Rendered 1487/4051, time remaining: 1m 22s
Rendered 1488/4051, time remaining: 1m 22s
Rendered 1489/4051, time remaining: 1m 22s
Rendered 1490/4051, time remaining: 1m 19s
Rendered 1491/4051, time remaining: 1m 21s
Rendered 1492/4051, time remaining: 1m 21s
Rendered 1493/4051, time remaining: 1m 21s
Rendered 1494/4051, time remaining: 1m 20s
Rendered 1495/4051, time remaining: 1m 20s
Rendered 1496/4051, time remaining: 1m 21s
Rendered 1497/4051, time remaining: 1m 20s
Rendered 1498/4051, time remaining: 1m 19s
Rendered 1499/4051, time remaining: 1m 21s
Rendered 1500/4051, time remaining: 1m 21s
Rendered 1501/4051, time remaining: 1m 21s
Rendered 1502/4051, time remaining: 1m 20s
Rendered 1503/4051, time remaining: 1m 20s
Rendered 1504/4051, time remaining: 1m 20s
Rendered 1505/4051, time remaining: 1m 20s
Rendered 1506/4051, time remaining: 1m 20s
Rendered 1507/4051, time remaining: 1m 20s
Rendered 1508/4051, time remaining: 1m 21s
Rendered 1509/4051, time remaining: 1m 20s
Rendered 1510/4051, time remaining: 1m 19s
Rendered 1511/4051, time remaining: 1m 19s
Rendered 1512/4051, time remaining: 1m 19s
Rendered 1513/4051, time remaining: 1m 19s
Rendered 1514/4051, time remaining: 1m 20s
Rendered 1515/4051, time remaining: 1m 20s
Rendered 1516/4051, time remaining: 1m 21s
Rendered 1517/4051, time remaining: 1m 23s
Rendered 1518/4051, time remaining: 1m 19s
Rendered 1519/4051, time remaining: 1m 19s
Rendered 1520/4051, time remaining: 1m 19s
Rendered 1521/4051, time remaining: 1m 18s
Rendered 1522/4051, time remaining: 1m 18s
Rendered 1523/4051, time remaining: 1m 20s
Rendered 1524/4051, time remaining: 1m 20s
Rendered 1525/4051, time remaining: 1m 20s
Rendered 1526/4051, time remaining: 1m 19s
Rendered 1527/4051, time remaining: 1m 19s
Rendered 1528/4051, time remaining: 1m 19s
Rendered 1529/4051, time remaining: 1m 19s
Rendered 1530/4051, time remaining: 1m 20s
Rendered 1531/4051, time remaining: 1m 21s
Rendered 1532/4051, time remaining: 1m 20s
Rendered 1533/4051, time remaining: 1m 19s
Rendered 1534/4051, time remaining: 1m 18s
Rendered 1535/4051, time remaining: 1m 18s
Rendered 1536/4051, time remaining: 1m 19s
Rendered 1537/4051, time remaining: 1m 20s
Rendered 1538/4051, time remaining: 1m 20s
Rendered 1539/4051, time remaining: 1m 20s
Rendered 1540/4051, time remaining: 1m 19s
Rendered 1541/4051, time remaining: 1m 19s
Rendered 1542/4051, time remaining: 1m 18s
Rendered 1543/4051, time remaining: 1m 19s
Rendered 1544/4051, time remaining: 1m 19s
Rendered 1545/4051, time remaining: 1m 20s
Rendered 1546/4051, time remaining: 1m 20s
Rendered 1547/4051, time remaining: 1m 18s
Rendered 1548/4051, time remaining: 1m 17s
Rendered 1549/4051, time remaining: 1m 18s
Rendered 1550/4051, time remaining: 1m 19s
Rendered 1551/4051, time remaining: 1m 18s
Rendered 1552/4051, time remaining: 1m 18s
Rendered 1553/4051, time remaining: 1m 19s
Rendered 1554/4051, time remaining: 1m 18s
Rendered 1555/4051, time remaining: 1m 18s
Rendered 1556/4051, time remaining: 1m 18s
Rendered 1557/4051, time remaining: 1m 18s
Rendered 1558/4051, time remaining: 1m 18s
Rendered 1559/4051, time remaining: 1m 18s
Rendered 1560/4051, time remaining: 1m 18s
Rendered 1561/4051, time remaining: 1m 18s
Rendered 1562/4051, time remaining: 1m 18s
Rendered 1563/4051, time remaining: 1m 18s
Rendered 1564/4051, time remaining: 1m 18s
Rendered 1565/4051, time remaining: 1m 16s
Rendered 1566/4051, time remaining: 1m 18s
Rendered 1567/4051, time remaining: 1m 17s
Rendered 1568/4051, time remaining: 1m 17s
Rendered 1569/4051, time remaining: 1m 17s
Rendered 1570/4051, time remaining: 1m 18s
Rendered 1571/4051, time remaining: 1m 18s
Rendered 1572/4051, time remaining: 1m 17s
Rendered 1573/4051, time remaining: 1m 18s
Rendered 1574/4051, time remaining: 1m 18s
Rendered 1575/4051, time remaining: 1m 17s
Rendered 1576/4051, time remaining: 1m 18s
Rendered 1577/4051, time remaining: 1m 17s
Rendered 1578/4051, time remaining: 1m 17s
Rendered 1579/4051, time remaining: 1m 17s
Rendered 1580/4051, time remaining: 1m 18s
Rendered 1581/4051, time remaining: 1m 18s
Rendered 1582/4051, time remaining: 1m 18s
Rendered 1583/4051, time remaining: 1m 17s
Rendered 1584/4051, time remaining: 1m 17s
Rendered 1585/4051, time remaining: 1m 16s
Rendered 1586/4051, time remaining: 1m 16s
Rendered 1587/4051, time remaining: 1m 16s
Rendered 1588/4051, time remaining: 1m 18s
Rendered 1589/4051, time remaining: 1m 18s
Rendered 1590/4051, time remaining: 1m 17s
Rendered 1591/4051, time remaining: 1m 17s
Rendered 1592/4051, time remaining: 1m 17s
Rendered 1593/4051, time remaining: 1m 17s
Rendered 1594/4051, time remaining: 1m 17s
Rendered 1595/4051, time remaining: 1m 17s
Rendered 1596/4051, time remaining: 1m 16s
Rendered 1597/4051, time remaining: 1m 17s
Rendered 1598/4051, time remaining: 1m 17s
Rendered 1599/4051, time remaining: 1m 17s
Rendered 1600/4051, time remaining: 1m 16s
Rendered 1601/4051, time remaining: 1m 15s
Rendered 1602/4051, time remaining: 1m 15s
Rendered 1603/4051, time remaining: 1m 16s
Rendered 1604/4051, time remaining: 1m 16s
Rendered 1605/4051, time remaining: 1m 17s
Rendered 1606/4051, time remaining: 1m 17s
Rendered 1607/4051, time remaining: 1m 16s
Rendered 1608/4051, time remaining: 1m 15s
Rendered 1609/4051, time remaining: 1m 15s
Rendered 1610/4051, time remaining: 1m 15s
Rendered 1611/4051, time remaining: 1m 14s
Rendered 1612/4051, time remaining: 1m 15s
Rendered 1613/4051, time remaining: 1m 16s
Rendered 1614/4051, time remaining: 1m 15s
Rendered 1615/4051, time remaining: 1m 15s
Rendered 1616/4051, time remaining: 1m 16s
Rendered 1617/4051, time remaining: 1m 14s
Rendered 1618/4051, time remaining: 1m 14s
Rendered 1619/4051, time remaining: 1m 14s
Rendered 1620/4051, time remaining: 1m 14s
Rendered 1621/4051, time remaining: 1m 15s
Rendered 1622/4051, time remaining: 1m 15s
Rendered 1623/4051, time remaining: 1m 15s
Rendered 1624/4051, time remaining: 1m 15s
Rendered 1625/4051, time remaining: 1m 13s
Rendered 1626/4051, time remaining: 1m 14s
Rendered 1627/4051, time remaining: 1m 14s
Rendered 1628/4051, time remaining: 1m 15s
Rendered 1629/4051, time remaining: 1m 15s
Rendered 1630/4051, time remaining: 1m 14s
Rendered 1631/4051, time remaining: 1m 15s
Rendered 1632/4051, time remaining: 1m 15s
Rendered 1633/4051, time remaining: 1m 14s
Rendered 1634/4051, time remaining: 1m 14s
Rendered 1635/4051, time remaining: 1m 14s
Rendered 1636/4051, time remaining: 1m 13s
Rendered 1637/4051, time remaining: 1m 13s
Rendered 1638/4051, time remaining: 1m 13s
Rendered 1639/4051, time remaining: 1m 15s
Rendered 1640/4051, time remaining: 1m 15s
Rendered 1641/4051, time remaining: 1m 14s
Rendered 1642/4051, time remaining: 1m 13s
Rendered 1643/4051, time remaining: 1m 13s
Rendered 1644/4051, time remaining: 1m 14s
Rendered 1645/4051, time remaining: 1m 14s
Rendered 1646/4051, time remaining: 1m 13s
Rendered 1647/4051, time remaining: 1m 14s
Rendered 1648/4051, time remaining: 1m 16s
Rendered 1649/4051, time remaining: 1m 14s
Rendered 1650/4051, time remaining: 1m 13s
Rendered 1651/4051, time remaining: 1m 13s
Rendered 1652/4051, time remaining: 1m 13s
Rendered 1653/4051, time remaining: 1m 12s
Rendered 1654/4051, time remaining: 1m 13s
Rendered 1655/4051, time remaining: 1m 14s
Rendered 1656/4051, time remaining: 1m 14s
Rendered 1657/4051, time remaining: 1m 14s
Rendered 1658/4051, time remaining: 1m 15s
Rendered 1659/4051, time remaining: 1m 14s
Rendered 1660/4051, time remaining: 1m 14s
Rendered 1661/4051, time remaining: 1m 13s
Rendered 1662/4051, time remaining: 1m 13s
Rendered 1663/4051, time remaining: 1m 13s
Rendered 1664/4051, time remaining: 1m 13s
Rendered 1665/4051, time remaining: 1m 13s
Rendered 1666/4051, time remaining: 1m 15s
Rendered 1667/4051, time remaining: 1m 13s
Rendered 1668/4051, time remaining: 1m 13s
Rendered 1669/4051, time remaining: 1m 13s
Rendered 1670/4051, time remaining: 1m 13s
Rendered 1671/4051, time remaining: 1m 14s
Rendered 1672/4051, time remaining: 1m 14s
Rendered 1673/4051, time remaining: 1m 12s
Rendered 1674/4051, time remaining: 1m 14s
Rendered 1675/4051, time remaining: 1m 13s
Rendered 1676/4051, time remaining: 1m 14s
Rendered 1677/4051, time remaining: 1m 14s
Rendered 1678/4051, time remaining: 1m 14s
Rendered 1679/4051, time remaining: 1m 13s
Rendered 1680/4051, time remaining: 1m 12s
Rendered 1681/4051, time remaining: 1m 12s
Rendered 1682/4051, time remaining: 1m 12s
Rendered 1683/4051, time remaining: 1m 12s
Rendered 1684/4051, time remaining: 1m 12s
Rendered 1685/4051, time remaining: 1m 12s
Rendered 1686/4051, time remaining: 1m 11s
Rendered 1687/4051, time remaining: 1m 10s
Rendered 1688/4051, time remaining: 1m 10s
Rendered 1689/4051, time remaining: 1m 9s
Rendered 1690/4051, time remaining: 1m 9s
Rendered 1691/4051, time remaining: 1m 9s
Rendered 1692/4051, time remaining: 1m 9s
Rendered 1693/4051, time remaining: 1m 8s
Rendered 1694/4051, time remaining: 1m 8s
Rendered 1695/4051, time remaining: 1m 7s
Rendered 1696/4051, time remaining: 1m 8s
Rendered 1697/4051, time remaining: 1m 9s
Rendered 1698/4051, time remaining: 1m 9s
Rendered 1699/4051, time remaining: 1m 8s
Rendered 1700/4051, time remaining: 1m 8s
Rendered 1701/4051, time remaining: 1m 8s
Rendered 1702/4051, time remaining: 1m 8s
Rendered 1703/4051, time remaining: 1m 8s
Rendered 1704/4051, time remaining: 1m 8s
Rendered 1705/4051, time remaining: 1m 9s
Rendered 1706/4051, time remaining: 1m 9s
Rendered 1707/4051, time remaining: 1m 8s
Rendered 1708/4051, time remaining: 1m 8s
Rendered 1709/4051, time remaining: 1m 7s
Rendered 1710/4051, time remaining: 1m 7s
Rendered 1711/4051, time remaining: 1m 7s
Rendered 1712/4051, time remaining: 1m 7s
Rendered 1713/4051, time remaining: 1m 7s
Rendered 1714/4051, time remaining: 1m 9s
Rendered 1715/4051, time remaining: 1m 9s
Rendered 1716/4051, time remaining: 1m 7s
Rendered 1717/4051, time remaining: 1m 7s
Rendered 1718/4051, time remaining: 1m 7s
Rendered 1719/4051, time remaining: 1m 7s
Rendered 1720/4051, time remaining: 1m 8s
Rendered 1721/4051, time remaining: 1m 7s
Rendered 1722/4051, time remaining: 1m 7s
Rendered 1723/4051, time remaining: 1m 9s
Rendered 1724/4051, time remaining: 1m 9s
Rendered 1725/4051, time remaining: 1m 8s
Rendered 1726/4051, time remaining: 1m 7s
Rendered 1727/4051, time remaining: 1m 7s
Rendered 1728/4051, time remaining: 1m 8s
Rendered 1729/4051, time remaining: 1m 8s
Rendered 1730/4051, time remaining: 1m 7s
Rendered 1731/4051, time remaining: 1m 7s
Rendered 1732/4051, time remaining: 1m 8s
Rendered 1733/4051, time remaining: 1m 7s
Rendered 1734/4051, time remaining: 1m 7s
Rendered 1735/4051, time remaining: 1m 7s
Rendered 1736/4051, time remaining: 1m 8s
Rendered 1737/4051, time remaining: 1m 8s
Rendered 1738/4051, time remaining: 1m 7s
Rendered 1739/4051, time remaining: 1m 8s
Rendered 1740/4051, time remaining: 1m 8s
Rendered 1741/4051, time remaining: 1m 8s
Rendered 1742/4051, time remaining: 1m 9s
Rendered 1743/4051, time remaining: 1m 7s
Rendered 1744/4051, time remaining: 1m 7s
Rendered 1745/4051, time remaining: 1m 7s
Rendered 1746/4051, time remaining: 1m 7s
Rendered 1747/4051, time remaining: 1m 7s
Rendered 1748/4051, time remaining: 1m 7s
Rendered 1749/4051, time remaining: 1m 7s
Rendered 1750/4051, time remaining: 1m 9s
Rendered 1751/4051, time remaining: 1m 8s
Rendered 1752/4051, time remaining: 1m 8s
Rendered 1753/4051, time remaining: 1m 8s
Rendered 1754/4051, time remaining: 1m 8s
Rendered 1755/4051, time remaining: 1m 8s
Rendered 1756/4051, time remaining: 1m 8s
Rendered 1757/4051, time remaining: 1m 8s
Rendered 1758/4051, time remaining: 1m 8s
Rendered 1759/4051, time remaining: 1m 7s
Rendered 1760/4051, time remaining: 1m 7s
Rendered 1761/4051, time remaining: 1m 7s
Rendered 1762/4051, time remaining: 1m 8s
Rendered 1763/4051, time remaining: 1m 7s
Rendered 1764/4051, time remaining: 1m 7s
Rendered 1765/4051, time remaining: 1m 7s
Rendered 1766/4051, time remaining: 1m 7s
Rendered 1767/4051, time remaining: 1m 7s
Rendered 1768/4051, time remaining: 1m 7s
Rendered 1769/4051, time remaining: 1m 9s
Rendered 1770/4051, time remaining: 1m 8s
Rendered 1771/4051, time remaining: 1m 9s
Rendered 1772/4051, time remaining: 1m 7s
Rendered 1773/4051, time remaining: 1m 7s
Rendered 1774/4051, time remaining: 1m 7s
Rendered 1775/4051, time remaining: 1m 7s
Rendered 1776/4051, time remaining: 1m 6s
Rendered 1777/4051, time remaining: 1m 8s
Rendered 1778/4051, time remaining: 1m 8s
Rendered 1779/4051, time remaining: 1m 8s
Rendered 1780/4051, time remaining: 1m 8s
Rendered 1781/4051, time remaining: 1m 8s
Rendered 1782/4051, time remaining: 1m 8s
Rendered 1783/4051, time remaining: 1m 6s
Rendered 1784/4051, time remaining: 1m 7s
Rendered 1785/4051, time remaining: 1m 9s
Rendered 1786/4051, time remaining: 1m 8s
Rendered 1787/4051, time remaining: 1m 7s
Rendered 1788/4051, time remaining: 1m 7s
Rendered 1789/4051, time remaining: 1m 7s
Rendered 1790/4051, time remaining: 1m 7s
Rendered 1791/4051, time remaining: 1m 7s
Rendered 1792/4051, time remaining: 1m 8s
Rendered 1793/4051, time remaining: 1m 9s
Rendered 1794/4051, time remaining: 1m 7s
Rendered 1795/4051, time remaining: 1m 7s
Rendered 1796/4051, time remaining: 1m 7s
Rendered 1797/4051, time remaining: 1m 8s
Rendered 1798/4051, time remaining: 1m 6s
Rendered 1799/4051, time remaining: 1m 6s
Rendered 1800/4051, time remaining: 1m 7s
Rendered 1801/4051, time remaining: 1m 8s
Rendered 1802/4051, time remaining: 1m 8s
Rendered 1803/4051, time remaining: 1m 8s
Rendered 1804/4051, time remaining: 1m 8s
Rendered 1805/4051, time remaining: 1m 7s
Rendered 1806/4051, time remaining: 1m 7s
Rendered 1807/4051, time remaining: 1m 7s
Rendered 1808/4051, time remaining: 1m 5s
Rendered 1809/4051, time remaining: 1m 7s
Rendered 1810/4051, time remaining: 1m 7s
Rendered 1811/4051, time remaining: 1m 7s
Rendered 1812/4051, time remaining: 1m 7s
Rendered 1813/4051, time remaining: 1m 9s
Rendered 1814/4051, time remaining: 1m 8s
Rendered 1815/4051, time remaining: 1m 8s
Rendered 1816/4051, time remaining: 1m 5s
Rendered 1817/4051, time remaining: 1m 5s
Rendered 1818/4051, time remaining: 1m 7s
Rendered 1819/4051, time remaining: 1m 7s
Rendered 1820/4051, time remaining: 1m 7s
Rendered 1821/4051, time remaining: 1m 7s
Rendered 1822/4051, time remaining: 1m 7s
Rendered 1823/4051, time remaining: 1m 7s
Rendered 1824/4051, time remaining: 1m 6s
Rendered 1825/4051, time remaining: 1m 7s
Rendered 1826/4051, time remaining: 1m 6s
Rendered 1827/4051, time remaining: 1m 6s
Rendered 1828/4051, time remaining: 1m 6s
Rendered 1829/4051, time remaining: 1m 6s
Rendered 1830/4051, time remaining: 1m 6s
Rendered 1831/4051, time remaining: 1m 6s
Rendered 1832/4051, time remaining: 1m 8s
Rendered 1833/4051, time remaining: 1m 8s
Rendered 1834/4051, time remaining: 1m 9s
Rendered 1835/4051, time remaining: 1m 9s
Rendered 1836/4051, time remaining: 1m 9s
Rendered 1837/4051, time remaining: 1m 9s
Rendered 1838/4051, time remaining: 1m 9s
Rendered 1839/4051, time remaining: 1m 10s
Rendered 1840/4051, time remaining: 1m 10s
Rendered 1841/4051, time remaining: 1m 10s
Rendered 1842/4051, time remaining: 1m 12s
Rendered 1843/4051, time remaining: 1m 12s
Rendered 1844/4051, time remaining: 1m 12s
Rendered 1845/4051, time remaining: 1m 12s
Rendered 1846/4051, time remaining: 1m 11s
Rendered 1847/4051, time remaining: 1m 11s
Rendered 1848/4051, time remaining: 1m 10s
Rendered 1849/4051, time remaining: 1m 10s
Rendered 1850/4051, time remaining: 1m 12s
Rendered 1851/4051, time remaining: 1m 12s
Rendered 1852/4051, time remaining: 1m 12s
Rendered 1853/4051, time remaining: 1m 12s
Rendered 1854/4051, time remaining: 1m 11s
Rendered 1855/4051, time remaining: 1m 10s
Rendered 1856/4051, time remaining: 1m 11s
Rendered 1857/4051, time remaining: 1m 10s
Rendered 1858/4051, time remaining: 1m 12s
Rendered 1859/4051, time remaining: 1m 12s
Rendered 1860/4051, time remaining: 1m 12s
Rendered 1861/4051, time remaining: 1m 11s
Rendered 1862/4051, time remaining: 1m 12s
Rendered 1863/4051, time remaining: 1m 12s
Rendered 1864/4051, time remaining: 1m 10s
Rendered 1865/4051, time remaining: 1m 11s
Rendered 1866/4051, time remaining: 1m 11s
Rendered 1867/4051, time remaining: 1m 11s
Rendered 1868/4051, time remaining: 1m 11s
Rendered 1869/4051, time remaining: 1m 12s
Rendered 1870/4051, time remaining: 1m 11s
Rendered 1871/4051, time remaining: 1m 11s
Rendered 1872/4051, time remaining: 1m 12s
Rendered 1873/4051, time remaining: 1m 11s
Rendered 1874/4051, time remaining: 1m 10s
Rendered 1875/4051, time remaining: 1m 11s
Rendered 1876/4051, time remaining: 1m 11s
Rendered 1877/4051, time remaining: 1m 11s
Rendered 1878/4051, time remaining: 1m 11s
Rendered 1879/4051, time remaining: 1m 11s
Rendered 1880/4051, time remaining: 1m 11s
Rendered 1881/4051, time remaining: 1m 11s
Rendered 1882/4051, time remaining: 1m 10s
Rendered 1883/4051, time remaining: 1m 10s
Rendered 1884/4051, time remaining: 1m 12s
Rendered 1885/4051, time remaining: 1m 11s
Rendered 1886/4051, time remaining: 1m 10s
Rendered 1887/4051, time remaining: 1m 10s
Rendered 1888/4051, time remaining: 1m 11s
Rendered 1889/4051, time remaining: 1m 9s
Rendered 1890/4051, time remaining: 1m 11s
Rendered 1891/4051, time remaining: 1m 11s
Rendered 1892/4051, time remaining: 1m 10s
Rendered 1893/4051, time remaining: 1m 9s
Rendered 1894/4051, time remaining: 1m 10s
Rendered 1895/4051, time remaining: 1m 10s
Rendered 1896/4051, time remaining: 1m 10s
Rendered 1897/4051, time remaining: 1m 10s
Rendered 1898/4051, time remaining: 1m 11s
Rendered 1899/4051, time remaining: 1m 11s
Rendered 1900/4051, time remaining: 1m 10s
Rendered 1901/4051, time remaining: 1m 10s
Rendered 1902/4051, time remaining: 1m 10s
Rendered 1903/4051, time remaining: 1m 9s
Rendered 1904/4051, time remaining: 1m 8s
Rendered 1905/4051, time remaining: 1m 9s
Rendered 1906/4051, time remaining: 1m 10s
Rendered 1907/4051, time remaining: 1m 10s
Rendered 1908/4051, time remaining: 1m 10s
Rendered 1909/4051, time remaining: 1m 10s
Rendered 1910/4051, time remaining: 1m 10s
Rendered 1911/4051, time remaining: 1m 10s
Rendered 1912/4051, time remaining: 1m 9s
Rendered 1913/4051, time remaining: 1m 9s
Rendered 1914/4051, time remaining: 1m 9s
Rendered 1915/4051, time remaining: 1m 9s
Rendered 1916/4051, time remaining: 1m 9s
Rendered 1917/4051, time remaining: 1m 11s
Rendered 1918/4051, time remaining: 1m 11s
Rendered 1919/4051, time remaining: 1m 8s
Rendered 1920/4051, time remaining: 1m 8s
Rendered 1921/4051, time remaining: 1m 8s
Rendered 1922/4051, time remaining: 1m 8s
Rendered 1923/4051, time remaining: 1m 8s
Rendered 1924/4051, time remaining: 1m 10s
Rendered 1925/4051, time remaining: 1m 10s
Rendered 1926/4051, time remaining: 1m 10s
Rendered 1927/4051, time remaining: 1m 8s
Rendered 1928/4051, time remaining: 1m 8s
Rendered 1929/4051, time remaining: 1m 8s
Rendered 1930/4051, time remaining: 1m 7s
Rendered 1931/4051, time remaining: 1m 7s
Rendered 1932/4051, time remaining: 1m 10s
Rendered 1933/4051, time remaining: 1m 10s
Rendered 1934/4051, time remaining: 1m 9s
Rendered 1935/4051, time remaining: 1m 8s
Rendered 1936/4051, time remaining: 1m 8s
Rendered 1937/4051, time remaining: 1m 8s
Rendered 1938/4051, time remaining: 1m 9s
Rendered 1939/4051, time remaining: 1m 9s
Rendered 1940/4051, time remaining: 1m 9s
Rendered 1941/4051, time remaining: 1m 9s
Rendered 1942/4051, time remaining: 1m 9s
Rendered 1943/4051, time remaining: 1m 8s
Rendered 1944/4051, time remaining: 1m 8s
Rendered 1945/4051, time remaining: 1m 8s
Rendered 1946/4051, time remaining: 1m 9s
Rendered 1947/4051, time remaining: 1m 8s
Rendered 1948/4051, time remaining: 1m 9s
Rendered 1949/4051, time remaining: 1m 9s
Rendered 1950/4051, time remaining: 1m 8s
Rendered 1951/4051, time remaining: 1m 7s
Rendered 1952/4051, time remaining: 1m 8s
Rendered 1953/4051, time remaining: 1m 8s
Rendered 1954/4051, time remaining: 1m 9s
Rendered 1955/4051, time remaining: 1m 9s
Rendered 1956/4051, time remaining: 1m 9s
Rendered 1957/4051, time remaining: 1m 9s
Rendered 1958/4051, time remaining: 1m 9s
Rendered 1959/4051, time remaining: 1m 8s
Rendered 1960/4051, time remaining: 1m 7s
Rendered 1961/4051, time remaining: 1m 8s
Rendered 1962/4051, time remaining: 1m 9s
Rendered 1963/4051, time remaining: 1m 8s
Rendered 1964/4051, time remaining: 1m 8s
Rendered 1965/4051, time remaining: 1m 8s
Rendered 1966/4051, time remaining: 1m 8s
Rendered 1967/4051, time remaining: 1m 8s
Rendered 1968/4051, time remaining: 1m 6s
Rendered 1969/4051, time remaining: 1m 8s
Rendered 1970/4051, time remaining: 1m 9s
Rendered 1971/4051, time remaining: 1m 8s
Rendered 1972/4051, time remaining: 1m 8s
Rendered 1973/4051, time remaining: 1m 8s
Rendered 1974/4051, time remaining: 1m 7s
Rendered 1975/4051, time remaining: 1m 7s
Rendered 1976/4051, time remaining: 1m 7s
Rendered 1977/4051, time remaining: 1m 7s
Rendered 1978/4051, time remaining: 1m 7s
Rendered 1979/4051, time remaining: 1m 9s
Rendered 1980/4051, time remaining: 1m 9s
Rendered 1981/4051, time remaining: 1m 9s
Rendered 1982/4051, time remaining: 1m 7s
Rendered 1983/4051, time remaining: 1m 6s
Rendered 1984/4051, time remaining: 1m 7s
Rendered 1985/4051, time remaining: 1m 7s
Rendered 1986/4051, time remaining: 1m 7s
Rendered 1987/4051, time remaining: 1m 9s
Rendered 1988/4051, time remaining: 1m 8s
Rendered 1989/4051, time remaining: 1m 7s
Rendered 1990/4051, time remaining: 1m 6s
Rendered 1991/4051, time remaining: 1m 6s
Rendered 1992/4051, time remaining: 1m 6s
Rendered 1993/4051, time remaining: 1m 6s
Rendered 1994/4051, time remaining: 1m 7s
Rendered 1995/4051, time remaining: 1m 7s
Rendered 1996/4051, time remaining: 1m 7s
Rendered 1997/4051, time remaining: 1m 7s
Rendered 1998/4051, time remaining: 1m 7s
Rendered 1999/4051, time remaining: 1m 7s
Rendered 2000/4051, time remaining: 1m 6s
Rendered 2001/4051, time remaining: 1m 5s
Rendered 2002/4051, time remaining: 1m 5s
Rendered 2003/4051, time remaining: 1m 7s
Rendered 2004/4051, time remaining: 1m 7s
Rendered 2005/4051, time remaining: 1m 6s
Rendered 2006/4051, time remaining: 1m 6s
Rendered 2007/4051, time remaining: 1m 7s
Rendered 2008/4051, time remaining: 1m 5s
Rendered 2009/4051, time remaining: 1m 6s
Rendered 2010/4051, time remaining: 1m 6s
Rendered 2011/4051, time remaining: 1m 6s
Rendered 2012/4051, time remaining: 1m 6s
Rendered 2013/4051, time remaining: 1m 5s
Rendered 2014/4051, time remaining: 1m 5s
Rendered 2015/4051, time remaining: 1m 4s
Rendered 2016/4051, time remaining: 1m 5s
Rendered 2017/4051, time remaining: 1m 7s
Rendered 2018/4051, time remaining: 1m 6s
Rendered 2019/4051, time remaining: 1m 5s
Rendered 2020/4051, time remaining: 1m 5s
Rendered 2021/4051, time remaining: 1m 5s
Rendered 2022/4051, time remaining: 1m 5s
Rendered 2023/4051, time remaining: 1m 5s
Rendered 2024/4051, time remaining: 1m 5s
Rendered 2025/4051, time remaining: 1m 4s
Rendered 2026/4051, time remaining: 1m 6s
Rendered 2027/4051, time remaining: 1m 6s
Rendered 2028/4051, time remaining: 1m 5s
Rendered 2029/4051, time remaining: 1m 5s
Rendered 2030/4051, time remaining: 1m 5s
Rendered 2031/4051, time remaining: 1m 4s
Rendered 2032/4051, time remaining: 1m 4s
Rendered 2033/4051, time remaining: 1m 4s
Rendered 2034/4051, time remaining: 1m 5s
Rendered 2035/4051, time remaining: 1m 5s
Rendered 2036/4051, time remaining: 1m 6s
Rendered 2037/4051, time remaining: 1m 5s
Rendered 2038/4051, time remaining: 1m 5s
Rendered 2039/4051, time remaining: 1m 5s
Rendered 2040/4051, time remaining: 1m 3s
Rendered 2041/4051, time remaining: 1m 3s
Rendered 2042/4051, time remaining: 1m 5s
Rendered 2043/4051, time remaining: 1m 5s
Rendered 2044/4051, time remaining: 1m 5s
Rendered 2045/4051, time remaining: 1m 5s
Rendered 2046/4051, time remaining: 1m 5s
Rendered 2047/4051, time remaining: 1m 4s
Rendered 2048/4051, time remaining: 1m 3s
Rendered 2049/4051, time remaining: 1m 4s
Rendered 2050/4051, time remaining: 1m 6s
Rendered 2051/4051, time remaining: 1m 5s
Rendered 2052/4051, time remaining: 1m 5s
Rendered 2053/4051, time remaining: 1m 5s
Rendered 2054/4051, time remaining: 1m 5s
Rendered 2055/4051, time remaining: 1m 4s
Rendered 2056/4051, time remaining: 1m 4s
Rendered 2057/4051, time remaining: 1m 4s
Rendered 2058/4051, time remaining: 1m 5s
Rendered 2059/4051, time remaining: 1m 5s
Rendered 2060/4051, time remaining: 1m 5s
Rendered 2061/4051, time remaining: 1m 5s
Rendered 2062/4051, time remaining: 1m 4s
Rendered 2063/4051, time remaining: 1m 3s
Rendered 2064/4051, time remaining: 1m 4s
Rendered 2065/4051, time remaining: 1m 5s
Rendered 2066/4051, time remaining: 1m 6s
Rendered 2067/4051, time remaining: 1m 4s
Rendered 2068/4051, time remaining: 1m 4s
Rendered 2069/4051, time remaining: 1m 4s
Rendered 2070/4051, time remaining: 1m 4s
Rendered 2071/4051, time remaining: 1m 5s
Rendered 2072/4051, time remaining: 1m 5s
Rendered 2073/4051, time remaining: 1m 4s
Rendered 2074/4051, time remaining: 1m 5s
Rendered 2075/4051, time remaining: 1m 5s
Rendered 2076/4051, time remaining: 1m 5s
Rendered 2077/4051, time remaining: 1m 5s
Rendered 2078/4051, time remaining: 1m 5s
Rendered 2079/4051, time remaining: 1m 5s
Rendered 2080/4051, time remaining: 1m 5s
Rendered 2081/4051, time remaining: 1m 5s
Rendered 2082/4051, time remaining: 1m 4s
Rendered 2083/4051, time remaining: 1m 4s
Rendered 2084/4051, time remaining: 1m 5s
Rendered 2085/4051, time remaining: 1m 4s
Rendered 2086/4051, time remaining: 1m 4s
Rendered 2087/4051, time remaining: 1m 5s
Rendered 2088/4051, time remaining: 1m 4s
Rendered 2089/4051, time remaining: 1m 3s
Rendered 2090/4051, time remaining: 1m 3s
Rendered 2091/4051, time remaining: 1m 3s
Rendered 2092/4051, time remaining: 1m 5s
Rendered 2093/4051, time remaining: 1m 4s
Rendered 2094/4051, time remaining: 1m 4s
Rendered 2095/4051, time remaining: 1m 4s
Rendered 2096/4051, time remaining: 1m 3s
Rendered 2097/4051, time remaining: 1m 3s
Rendered 2098/4051, time remaining: 1m 2s
Rendered 2099/4051, time remaining: 1m 2s
Rendered 2100/4051, time remaining: 1m 5s
Rendered 2101/4051, time remaining: 1m 5s
Rendered 2102/4051, time remaining: 1m 3s
Rendered 2103/4051, time remaining: 1m 3s
Rendered 2104/4051, time remaining: 1m 2s
Rendered 2105/4051, time remaining: 1m 3s
Rendered 2106/4051, time remaining: 1m 3s
Rendered 2107/4051, time remaining: 1m 3s
Rendered 2108/4051, time remaining: 1m 5s
Rendered 2109/4051, time remaining: 1m 4s
Rendered 2110/4051, time remaining: 1m 4s
Rendered 2111/4051, time remaining: 1m 3s
Rendered 2112/4051, time remaining: 1m 2s
Rendered 2113/4051, time remaining: 1m 3s
Rendered 2114/4051, time remaining: 1m 3s
Rendered 2115/4051, time remaining: 1m 3s
Rendered 2116/4051, time remaining: 1m 5s
Rendered 2117/4051, time remaining: 1m 5s
Rendered 2118/4051, time remaining: 1m 5s
Rendered 2119/4051, time remaining: 1m 3s
Rendered 2120/4051, time remaining: 1m 3s
Rendered 2121/4051, time remaining: 1m 3s
Rendered 2122/4051, time remaining: 1m 2s
Rendered 2123/4051, time remaining: 1m 3s
Rendered 2124/4051, time remaining: 1m 4s
Rendered 2125/4051, time remaining: 1m 4s
Rendered 2126/4051, time remaining: 1m 3s
Rendered 2127/4051, time remaining: 1m 3s
Rendered 2128/4051, time remaining: 1m 3s
Rendered 2129/4051, time remaining: 1m 2s
Rendered 2130/4051, time remaining: 1m 2s
Rendered 2131/4051, time remaining: 1m 3s
Rendered 2132/4051, time remaining: 1m 4s
Rendered 2133/4051, time remaining: 1m 4s
Rendered 2134/4051, time remaining: 1m 4s
Rendered 2135/4051, time remaining: 1m 3s
Rendered 2136/4051, time remaining: 1m 3s
Rendered 2137/4051, time remaining: 1m 1s
Rendered 2138/4051, time remaining: 1m 2s
Rendered 2139/4051, time remaining: 1m 3s
Rendered 2140/4051, time remaining: 1m 3s
Rendered 2141/4051, time remaining: 1m 4s
Rendered 2142/4051, time remaining: 1m 3s
Rendered 2143/4051, time remaining: 1m 4s
Rendered 2144/4051, time remaining: 1m 3s
Rendered 2145/4051, time remaining: 1m 2s
Rendered 2146/4051, time remaining: 1m 2s
Rendered 2147/4051, time remaining: 1m 3s
Rendered 2148/4051, time remaining: 1m 3s
Rendered 2149/4051, time remaining: 1m 4s
Rendered 2150/4051, time remaining: 1m 3s
Rendered 2151/4051, time remaining: 1m 3s
Rendered 2152/4051, time remaining: 1m 4s
Rendered 2153/4051, time remaining: 1m 3s
Rendered 2154/4051, time remaining: 1m 2s
Rendered 2155/4051, time remaining: 1m 2s
Rendered 2156/4051, time remaining: 1m 3s
Rendered 2157/4051, time remaining: 1m 2s
Rendered 2158/4051, time remaining: 1m 2s
Rendered 2159/4051, time remaining: 1m 1s
Rendered 2160/4051, time remaining: 1m 1s
Rendered 2161/4051, time remaining: 1m 3s
Rendered 2162/4051, time remaining: 1m 3s
Rendered 2163/4051, time remaining: 1m 3s
Rendered 2164/4051, time remaining: 1m 3s
Rendered 2165/4051, time remaining: 1m 3s
Rendered 2166/4051, time remaining: 1m 3s
Rendered 2167/4051, time remaining: 1m 2s
Rendered 2168/4051, time remaining: 1m 2s
Rendered 2169/4051, time remaining: 1m 2s
Rendered 2170/4051, time remaining: 1m 3s
Rendered 2171/4051, time remaining: 1m 2s
Rendered 2172/4051, time remaining: 1m 2s
Rendered 2173/4051, time remaining: 1m 2s
Rendered 2174/4051, time remaining: 1m 3s
Rendered 2175/4051, time remaining: 1m 3s
Rendered 2176/4051, time remaining: 1m 2s
Rendered 2177/4051, time remaining: 1m 1s
Rendered 2178/4051, time remaining: 1m 2s
Rendered 2179/4051, time remaining: 1m 2s
Rendered 2180/4051, time remaining: 1m 2s
Rendered 2181/4051, time remaining: 1m 2s
Rendered 2182/4051, time remaining: 1m 2s
Rendered 2183/4051, time remaining: 1m 3s
Rendered 2184/4051, time remaining: 1m 1s
Rendered 2185/4051, time remaining: 1m 1s
Rendered 2186/4051, time remaining: 1m 2s
Rendered 2187/4051, time remaining: 1m 2s
Rendered 2188/4051, time remaining: 1m 2s
Rendered 2189/4051, time remaining: 1m 2s
Rendered 2190/4051, time remaining: 1m 2s
Rendered 2191/4051, time remaining: 1m 2s
Rendered 2192/4051, time remaining: 1m 0s
Rendered 2193/4051, time remaining: 1m 0s
Rendered 2194/4051, time remaining: 1m 1s
Rendered 2195/4051, time remaining: 1m 1s
Rendered 2196/4051, time remaining: 1m 1s
Rendered 2197/4051, time remaining: 1m 1s
Rendered 2198/4051, time remaining: 1m 2s
Rendered 2199/4051, time remaining: 1m 1s
Rendered 2200/4051, time remaining: 1m 0s
Rendered 2201/4051, time remaining: 1m 1s
Rendered 2202/4051, time remaining: 1m 2s
Rendered 2203/4051, time remaining: 1m 2s
Rendered 2204/4051, time remaining: 1m 1s
Rendered 2205/4051, time remaining: 1m 1s
Rendered 2206/4051, time remaining: 1m 1s
Rendered 2207/4051, time remaining: 1m 2s
Rendered 2208/4051, time remaining: 1m 0s
Rendered 2209/4051, time remaining: 1m 0s
Rendered 2210/4051, time remaining: 1m 0s
Rendered 2211/4051, time remaining: 1m 1s
Rendered 2212/4051, time remaining: 1m 0s
Rendered 2213/4051, time remaining: 1m 2s
Rendered 2214/4051, time remaining: 1m 2s
Rendered 2215/4051, time remaining: 1m 1s
Rendered 2216/4051, time remaining: 59s
Rendered 2217/4051, time remaining: 59s
Rendered 2218/4051, time remaining: 1m 0s
Rendered 2219/4051, time remaining: 1m 0s
Rendered 2220/4051, time remaining: 1m 0s
Rendered 2221/4051, time remaining: 1m 0s
Rendered 2222/4051, time remaining: 1m 1s
Rendered 2223/4051, time remaining: 1m 1s
Rendered 2224/4051, time remaining: 59s
Rendered 2225/4051, time remaining: 1m 0s
Rendered 2226/4051, time remaining: 1m 0s
Rendered 2227/4051, time remaining: 1m 0s
Rendered 2228/4051, time remaining: 1m 0s
Rendered 2229/4051, time remaining: 1m 0s
Rendered 2230/4051, time remaining: 1m 1s
Rendered 2231/4051, time remaining: 1m 1s
Rendered 2232/4051, time remaining: 59s
Rendered 2233/4051, time remaining: 59s
Rendered 2234/4051, time remaining: 59s
Rendered 2235/4051, time remaining: 1m 0s
Rendered 2236/4051, time remaining: 1m 0s
Rendered 2237/4051, time remaining: 59s
Rendered 2238/4051, time remaining: 59s
Rendered 2239/4051, time remaining: 59s
Rendered 2240/4051, time remaining: 1m 0s
Rendered 2241/4051, time remaining: 1m 0s
Rendered 2242/4051, time remaining: 58s
Rendered 2243/4051, time remaining: 59s
Rendered 2244/4051, time remaining: 59s
Rendered 2245/4051, time remaining: 1m 0s
Rendered 2246/4051, time remaining: 59s
Rendered 2247/4051, time remaining: 59s
Rendered 2248/4051, time remaining: 59s
Rendered 2249/4051, time remaining: 1m 0s
Rendered 2250/4051, time remaining: 58s
Rendered 2251/4051, time remaining: 59s
Rendered 2252/4051, time remaining: 59s
Rendered 2253/4051, time remaining: 59s
Rendered 2254/4051, time remaining: 59s
Rendered 2255/4051, time remaining: 58s
Rendered 2256/4051, time remaining: 59s
Rendered 2257/4051, time remaining: 1m 0s
Rendered 2258/4051, time remaining: 58s
Rendered 2259/4051, time remaining: 58s
Rendered 2260/4051, time remaining: 58s
Rendered 2261/4051, time remaining: 58s
Rendered 2262/4051, time remaining: 59s
Rendered 2263/4051, time remaining: 59s
Rendered 2264/4051, time remaining: 59s
Rendered 2265/4051, time remaining: 59s
Rendered 2266/4051, time remaining: 57s
Rendered 2267/4051, time remaining: 57s
Rendered 2268/4051, time remaining: 57s
Rendered 2269/4051, time remaining: 59s
Rendered 2270/4051, time remaining: 58s
Rendered 2271/4051, time remaining: 59s
Rendered 2272/4051, time remaining: 59s
Rendered 2273/4051, time remaining: 58s
Rendered 2274/4051, time remaining: 57s
Rendered 2275/4051, time remaining: 57s
Rendered 2276/4051, time remaining: 57s
Rendered 2277/4051, time remaining: 57s
Rendered 2278/4051, time remaining: 57s
Rendered 2279/4051, time remaining: 59s
Rendered 2280/4051, time remaining: 58s
Rendered 2281/4051, time remaining: 57s
Rendered 2282/4051, time remaining: 56s
Rendered 2283/4051, time remaining: 57s
Rendered 2284/4051, time remaining: 57s
Rendered 2285/4051, time remaining: 57s
Rendered 2286/4051, time remaining: 57s
Rendered 2287/4051, time remaining: 57s
Rendered 2288/4051, time remaining: 58s
Rendered 2289/4051, time remaining: 57s
Rendered 2290/4051, time remaining: 57s
Rendered 2291/4051, time remaining: 56s
Rendered 2292/4051, time remaining: 57s
Rendered 2293/4051, time remaining: 57s
Rendered 2294/4051, time remaining: 57s
Rendered 2295/4051, time remaining: 57s
Rendered 2296/4051, time remaining: 57s
Rendered 2297/4051, time remaining: 56s
Rendered 2298/4051, time remaining: 56s
Rendered 2299/4051, time remaining: 56s
Rendered 2300/4051, time remaining: 56s
Rendered 2301/4051, time remaining: 56s
Rendered 2302/4051, time remaining: 56s
Rendered 2303/4051, time remaining: 56s
Rendered 2304/4051, time remaining: 56s
Rendered 2305/4051, time remaining: 56s
Rendered 2306/4051, time remaining: 56s
Rendered 2307/4051, time remaining: 57s
Rendered 2308/4051, time remaining: 57s
Rendered 2309/4051, time remaining: 57s
Rendered 2310/4051, time remaining: 57s
Rendered 2311/4051, time remaining: 56s
Rendered 2312/4051, time remaining: 56s
Rendered 2313/4051, time remaining: 55s
Rendered 2314/4051, time remaining: 56s
Rendered 2315/4051, time remaining: 57s
Rendered 2316/4051, time remaining: 57s
Rendered 2317/4051, time remaining: 56s
Rendered 2318/4051, time remaining: 56s
Rendered 2319/4051, time remaining: 56s
Rendered 2320/4051, time remaining: 56s
Rendered 2321/4051, time remaining: 56s
Rendered 2322/4051, time remaining: 56s
Rendered 2323/4051, time remaining: 57s
Rendered 2324/4051, time remaining: 56s
Rendered 2325/4051, time remaining: 56s
Rendered 2326/4051, time remaining: 56s
Rendered 2327/4051, time remaining: 57s
Rendered 2328/4051, time remaining: 56s
Rendered 2329/4051, time remaining: 56s
Rendered 2330/4051, time remaining: 56s
Rendered 2331/4051, time remaining: 56s
Rendered 2332/4051, time remaining: 56s
Rendered 2333/4051, time remaining: 56s
Rendered 2334/4051, time remaining: 56s
Rendered 2335/4051, time remaining: 56s
Rendered 2336/4051, time remaining: 56s
Rendered 2337/4051, time remaining: 56s
Rendered 2338/4051, time remaining: 55s
Rendered 2339/4051, time remaining: 56s
Rendered 2340/4051, time remaining: 56s
Rendered 2341/4051, time remaining: 55s
Rendered 2342/4051, time remaining: 57s
Rendered 2343/4051, time remaining: 57s
Rendered 2344/4051, time remaining: 56s
Rendered 2345/4051, time remaining: 56s
Rendered 2346/4051, time remaining: 56s
Rendered 2347/4051, time remaining: 56s
Rendered 2348/4051, time remaining: 55s
Rendered 2349/4051, time remaining: 56s
Rendered 2350/4051, time remaining: 56s
Rendered 2351/4051, time remaining: 55s
Rendered 2352/4051, time remaining: 55s
Rendered 2353/4051, time remaining: 55s
Rendered 2354/4051, time remaining: 55s
Rendered 2355/4051, time remaining: 55s
Rendered 2356/4051, time remaining: 55s
Rendered 2357/4051, time remaining: 55s
Rendered 2358/4051, time remaining: 55s
Rendered 2359/4051, time remaining: 56s
Rendered 2360/4051, time remaining: 56s
Rendered 2361/4051, time remaining: 56s
Rendered 2362/4051, time remaining: 56s
Rendered 2363/4051, time remaining: 54s
Rendered 2364/4051, time remaining: 54s
Rendered 2365/4051, time remaining: 54s
Rendered 2366/4051, time remaining: 55s
Rendered 2367/4051, time remaining: 56s
Rendered 2368/4051, time remaining: 55s
Rendered 2369/4051, time remaining: 55s
Rendered 2370/4051, time remaining: 56s
Rendered 2371/4051, time remaining: 55s
Rendered 2372/4051, time remaining: 55s
Rendered 2373/4051, time remaining: 55s
Rendered 2374/4051, time remaining: 55s
Rendered 2375/4051, time remaining: 54s
Rendered 2376/4051, time remaining: 54s
Rendered 2377/4051, time remaining: 54s
Rendered 2378/4051, time remaining: 54s
Rendered 2379/4051, time remaining: 54s
Rendered 2380/4051, time remaining: 55s
Rendered 2381/4051, time remaining: 55s
Rendered 2382/4051, time remaining: 55s
Rendered 2383/4051, time remaining: 54s
Rendered 2384/4051, time remaining: 55s
Rendered 2385/4051, time remaining: 54s
Rendered 2386/4051, time remaining: 54s
Rendered 2387/4051, time remaining: 54s
Rendered 2388/4051, time remaining: 55s
Rendered 2389/4051, time remaining: 55s
Rendered 2390/4051, time remaining: 54s
Rendered 2391/4051, time remaining: 54s
Rendered 2392/4051, time remaining: 55s
Rendered 2393/4051, time remaining: 54s
Rendered 2394/4051, time remaining: 54s
Rendered 2395/4051, time remaining: 53s
Rendered 2396/4051, time remaining: 54s
Rendered 2397/4051, time remaining: 55s
Rendered 2398/4051, time remaining: 55s
Rendered 2399/4051, time remaining: 54s
Rendered 2400/4051, time remaining: 54s
Rendered 2401/4051, time remaining: 53s
Rendered 2402/4051, time remaining: 53s
Rendered 2403/4051, time remaining: 54s
Rendered 2404/4051, time remaining: 55s
Rendered 2405/4051, time remaining: 55s
Rendered 2406/4051, time remaining: 54s
Rendered 2407/4051, time remaining: 53s
Rendered 2408/4051, time remaining: 54s
Rendered 2409/4051, time remaining: 53s
Rendered 2410/4051, time remaining: 53s
Rendered 2411/4051, time remaining: 54s
Rendered 2412/4051, time remaining: 54s
Rendered 2413/4051, time remaining: 53s
Rendered 2414/4051, time remaining: 54s
Rendered 2415/4051, time remaining: 54s
Rendered 2416/4051, time remaining: 53s
Rendered 2417/4051, time remaining: 53s
Rendered 2418/4051, time remaining: 53s
Rendered 2419/4051, time remaining: 53s
Rendered 2420/4051, time remaining: 54s
Rendered 2421/4051, time remaining: 53s
Rendered 2422/4051, time remaining: 54s
Rendered 2423/4051, time remaining: 54s
Rendered 2424/4051, time remaining: 54s
Rendered 2425/4051, time remaining: 53s
Rendered 2426/4051, time remaining: 53s
Rendered 2427/4051, time remaining: 53s
Rendered 2428/4051, time remaining: 53s
Rendered 2429/4051, time remaining: 52s
Rendered 2430/4051, time remaining: 54s
Rendered 2431/4051, time remaining: 54s
Rendered 2432/4051, time remaining: 53s
Rendered 2433/4051, time remaining: 53s
Rendered 2434/4051, time remaining: 53s
Rendered 2435/4051, time remaining: 53s
Rendered 2436/4051, time remaining: 53s
Rendered 2437/4051, time remaining: 53s
Rendered 2438/4051, time remaining: 53s
Rendered 2439/4051, time remaining: 53s
Rendered 2440/4051, time remaining: 53s
Rendered 2441/4051, time remaining: 53s
Rendered 2442/4051, time remaining: 52s
Rendered 2443/4051, time remaining: 52s
Rendered 2444/4051, time remaining: 52s
Rendered 2445/4051, time remaining: 53s
Rendered 2446/4051, time remaining: 53s
Rendered 2447/4051, time remaining: 53s
Rendered 2448/4051, time remaining: 54s
Rendered 2449/4051, time remaining: 52s
Rendered 2450/4051, time remaining: 52s
Rendered 2451/4051, time remaining: 52s
Rendered 2452/4051, time remaining: 52s
Rendered 2453/4051, time remaining: 53s
Rendered 2454/4051, time remaining: 53s
Rendered 2455/4051, time remaining: 53s
Rendered 2456/4051, time remaining: 53s
Rendered 2457/4051, time remaining: 51s
Rendered 2458/4051, time remaining: 51s
Rendered 2459/4051, time remaining: 51s
Rendered 2460/4051, time remaining: 52s
Rendered 2461/4051, time remaining: 53s
Rendered 2462/4051, time remaining: 53s
Rendered 2463/4051, time remaining: 53s
Rendered 2464/4051, time remaining: 53s
Rendered 2465/4051, time remaining: 51s
Rendered 2466/4051, time remaining: 51s
Rendered 2467/4051, time remaining: 51s
Rendered 2468/4051, time remaining: 53s
Rendered 2469/4051, time remaining: 52s
Rendered 2470/4051, time remaining: 52s
Rendered 2471/4051, time remaining: 52s
Rendered 2472/4051, time remaining: 53s
Rendered 2473/4051, time remaining: 52s
Rendered 2474/4051, time remaining: 51s
Rendered 2475/4051, time remaining: 52s
Rendered 2476/4051, time remaining: 52s
Rendered 2477/4051, time remaining: 52s
Rendered 2478/4051, time remaining: 52s
Rendered 2479/4051, time remaining: 53s
Rendered 2480/4051, time remaining: 53s
Rendered 2481/4051, time remaining: 52s
Rendered 2482/4051, time remaining: 51s
Rendered 2483/4051, time remaining: 52s
Rendered 2484/4051, time remaining: 51s
Rendered 2485/4051, time remaining: 51s
Rendered 2486/4051, time remaining: 51s
Rendered 2487/4051, time remaining: 51s
Rendered 2488/4051, time remaining: 51s
Rendered 2489/4051, time remaining: 51s
Rendered 2490/4051, time remaining: 52s
Rendered 2491/4051, time remaining: 53s
Rendered 2492/4051, time remaining: 51s
Rendered 2493/4051, time remaining: 51s
Rendered 2494/4051, time remaining: 51s
Rendered 2495/4051, time remaining: 51s
Rendered 2496/4051, time remaining: 51s
Rendered 2497/4051, time remaining: 52s
Rendered 2498/4051, time remaining: 52s
Rendered 2499/4051, time remaining: 51s
Rendered 2500/4051, time remaining: 51s
Rendered 2501/4051, time remaining: 50s
Rendered 2502/4051, time remaining: 50s
Rendered 2503/4051, time remaining: 51s
Rendered 2504/4051, time remaining: 51s
Rendered 2505/4051, time remaining: 52s
Rendered 2506/4051, time remaining: 51s
Rendered 2507/4051, time remaining: 52s
Rendered 2508/4051, time remaining: 52s
Rendered 2509/4051, time remaining: 50s
Rendered 2510/4051, time remaining: 50s
Rendered 2511/4051, time remaining: 50s
Rendered 2512/4051, time remaining: 51s
Rendered 2513/4051, time remaining: 52s
Rendered 2514/4051, time remaining: 52s
Rendered 2515/4051, time remaining: 52s
Rendered 2516/4051, time remaining: 51s
Rendered 2517/4051, time remaining: 50s
Rendered 2518/4051, time remaining: 50s
Rendered 2519/4051, time remaining: 50s
Rendered 2520/4051, time remaining: 51s
Rendered 2521/4051, time remaining: 52s
Rendered 2522/4051, time remaining: 51s
Rendered 2523/4051, time remaining: 50s
Rendered 2524/4051, time remaining: 50s
Rendered 2525/4051, time remaining: 51s
Rendered 2526/4051, time remaining: 51s
Rendered 2527/4051, time remaining: 50s
Rendered 2528/4051, time remaining: 51s
Rendered 2529/4051, time remaining: 51s
Rendered 2530/4051, time remaining: 50s
Rendered 2531/4051, time remaining: 50s
Rendered 2532/4051, time remaining: 50s
Rendered 2533/4051, time remaining: 51s
Rendered 2534/4051, time remaining: 51s
Rendered 2535/4051, time remaining: 51s
Rendered 2536/4051, time remaining: 51s
Rendered 2537/4051, time remaining: 51s
Rendered 2538/4051, time remaining: 50s
Rendered 2539/4051, time remaining: 50s
Rendered 2540/4051, time remaining: 50s
Rendered 2541/4051, time remaining: 51s
Rendered 2542/4051, time remaining: 51s
Rendered 2543/4051, time remaining: 50s
Rendered 2544/4051, time remaining: 51s
Rendered 2545/4051, time remaining: 51s
Rendered 2546/4051, time remaining: 50s
Rendered 2547/4051, time remaining: 50s
Rendered 2548/4051, time remaining: 50s
Rendered 2549/4051, time remaining: 50s
Rendered 2550/4051, time remaining: 51s
Rendered 2551/4051, time remaining: 50s
Rendered 2552/4051, time remaining: 50s
Rendered 2553/4051, time remaining: 51s
Rendered 2554/4051, time remaining: 50s
Rendered 2555/4051, time remaining: 50s
Rendered 2556/4051, time remaining: 50s
Rendered 2557/4051, time remaining: 50s
Rendered 2558/4051, time remaining: 51s
Rendered 2559/4051, time remaining: 50s
Rendered 2560/4051, time remaining: 50s
Rendered 2561/4051, time remaining: 51s
Rendered 2562/4051, time remaining: 50s
Rendered 2563/4051, time remaining: 50s
Rendered 2564/4051, time remaining: 49s
Rendered 2565/4051, time remaining: 49s
Rendered 2566/4051, time remaining: 50s
Rendered 2567/4051, time remaining: 50s
Rendered 2568/4051, time remaining: 50s
Rendered 2569/4051, time remaining: 51s
Rendered 2570/4051, time remaining: 50s
Rendered 2571/4051, time remaining: 50s
Rendered 2572/4051, time remaining: 49s
Rendered 2573/4051, time remaining: 49s
Rendered 2574/4051, time remaining: 50s
Rendered 2575/4051, time remaining: 49s
Rendered 2576/4051, time remaining: 50s
Rendered 2577/4051, time remaining: 50s
Rendered 2578/4051, time remaining: 50s
Rendered 2579/4051, time remaining: 51s
Rendered 2580/4051, time remaining: 50s
Rendered 2581/4051, time remaining: 50s
Rendered 2582/4051, time remaining: 50s
Rendered 2583/4051, time remaining: 50s
Rendered 2584/4051, time remaining: 49s
Rendered 2585/4051, time remaining: 49s
Rendered 2586/4051, time remaining: 50s
Rendered 2587/4051, time remaining: 49s
Rendered 2588/4051, time remaining: 50s
Rendered 2589/4051, time remaining: 50s
Rendered 2590/4051, time remaining: 50s
Rendered 2591/4051, time remaining: 50s
Rendered 2592/4051, time remaining: 50s
Rendered 2593/4051, time remaining: 50s
Rendered 2594/4051, time remaining: 50s
Rendered 2595/4051, time remaining: 48s
Rendered 2596/4051, time remaining: 50s
Rendered 2597/4051, time remaining: 50s
Rendered 2598/4051, time remaining: 51s
Rendered 2599/4051, time remaining: 50s
Rendered 2600/4051, time remaining: 50s
Rendered 2601/4051, time remaining: 50s
Rendered 2602/4051, time remaining: 50s
Rendered 2603/4051, time remaining: 49s
Rendered 2604/4051, time remaining: 50s
Rendered 2605/4051, time remaining: 50s
Rendered 2606/4051, time remaining: 50s
Rendered 2607/4051, time remaining: 51s
Rendered 2608/4051, time remaining: 50s
Rendered 2609/4051, time remaining: 50s
Rendered 2610/4051, time remaining: 49s
Rendered 2611/4051, time remaining: 49s
Rendered 2612/4051, time remaining: 50s
Rendered 2613/4051, time remaining: 50s
Rendered 2614/4051, time remaining: 49s
Rendered 2615/4051, time remaining: 49s
Rendered 2616/4051, time remaining: 49s
Rendered 2617/4051, time remaining: 50s
Rendered 2618/4051, time remaining: 48s
Rendered 2619/4051, time remaining: 49s
Rendered 2620/4051, time remaining: 49s
Rendered 2621/4051, time remaining: 49s
Rendered 2622/4051, time remaining: 49s
Rendered 2623/4051, time remaining: 49s
Rendered 2624/4051, time remaining: 49s
Rendered 2625/4051, time remaining: 49s
Rendered 2626/4051, time remaining: 49s
Rendered 2627/4051, time remaining: 49s
Rendered 2628/4051, time remaining: 49s
Rendered 2629/4051, time remaining: 48s
Rendered 2630/4051, time remaining: 48s
Rendered 2631/4051, time remaining: 48s
Rendered 2632/4051, time remaining: 49s
Rendered 2633/4051, time remaining: 49s
Rendered 2634/4051, time remaining: 49s
Rendered 2635/4051, time remaining: 49s
Rendered 2636/4051, time remaining: 48s
Rendered 2637/4051, time remaining: 49s
Rendered 2638/4051, time remaining: 49s
Rendered 2639/4051, time remaining: 48s
Rendered 2640/4051, time remaining: 48s
Rendered 2641/4051, time remaining: 47s
Rendered 2642/4051, time remaining: 47s
Rendered 2643/4051, time remaining: 48s
Rendered 2644/4051, time remaining: 48s
Rendered 2645/4051, time remaining: 48s
Rendered 2646/4051, time remaining: 49s
Rendered 2647/4051, time remaining: 48s
Rendered 2648/4051, time remaining: 47s
Rendered 2649/4051, time remaining: 47s
Rendered 2650/4051, time remaining: 47s
Rendered 2651/4051, time remaining: 48s
Rendered 2652/4051, time remaining: 49s
Rendered 2653/4051, time remaining: 48s
Rendered 2654/4051, time remaining: 48s
Rendered 2655/4051, time remaining: 47s
Rendered 2656/4051, time remaining: 47s
Rendered 2657/4051, time remaining: 47s
Rendered 2658/4051, time remaining: 47s
Rendered 2659/4051, time remaining: 48s
Rendered 2660/4051, time remaining: 48s
Rendered 2661/4051, time remaining: 48s
Rendered 2662/4051, time remaining: 47s
Rendered 2663/4051, time remaining: 46s
Rendered 2664/4051, time remaining: 47s
Rendered 2665/4051, time remaining: 46s
Rendered 2666/4051, time remaining: 47s
Rendered 2667/4051, time remaining: 47s
Rendered 2668/4051, time remaining: 47s
Rendered 2669/4051, time remaining: 47s
Rendered 2670/4051, time remaining: 46s
Rendered 2671/4051, time remaining: 45s
Rendered 2672/4051, time remaining: 46s
Rendered 2673/4051, time remaining: 46s
Rendered 2674/4051, time remaining: 47s
Rendered 2675/4051, time remaining: 46s
Rendered 2676/4051, time remaining: 47s
Rendered 2677/4051, time remaining: 47s
Rendered 2678/4051, time remaining: 46s
Rendered 2679/4051, time remaining: 46s
Rendered 2680/4051, time remaining: 45s
Rendered 2681/4051, time remaining: 45s
Rendered 2682/4051, time remaining: 46s
Rendered 2683/4051, time remaining: 46s
Rendered 2684/4051, time remaining: 46s
Rendered 2685/4051, time remaining: 46s
Rendered 2686/4051, time remaining: 45s
Rendered 2687/4051, time remaining: 46s
Rendered 2688/4051, time remaining: 46s
Rendered 2689/4051, time remaining: 46s
Rendered 2690/4051, time remaining: 47s
Rendered 2691/4051, time remaining: 46s
Rendered 2692/4051, time remaining: 45s
Rendered 2693/4051, time remaining: 46s
Rendered 2694/4051, time remaining: 45s
Rendered 2695/4051, time remaining: 46s
Rendered 2696/4051, time remaining: 46s
Rendered 2697/4051, time remaining: 45s
Rendered 2698/4051, time remaining: 46s
Rendered 2699/4051, time remaining: 46s
Rendered 2700/4051, time remaining: 45s
Rendered 2701/4051, time remaining: 45s
Rendered 2702/4051, time remaining: 45s
Rendered 2703/4051, time remaining: 44s
Rendered 2704/4051, time remaining: 45s
Rendered 2705/4051, time remaining: 45s
Rendered 2706/4051, time remaining: 45s
Rendered 2707/4051, time remaining: 46s
Rendered 2708/4051, time remaining: 44s
Rendered 2709/4051, time remaining: 44s
Rendered 2710/4051, time remaining: 45s
Rendered 2711/4051, time remaining: 44s
Rendered 2712/4051, time remaining: 44s
Rendered 2713/4051, time remaining: 45s
Rendered 2714/4051, time remaining: 45s
Rendered 2715/4051, time remaining: 45s
Rendered 2716/4051, time remaining: 44s
Rendered 2717/4051, time remaining: 45s
Rendered 2718/4051, time remaining: 45s
Rendered 2719/4051, time remaining: 44s
Rendered 2720/4051, time remaining: 44s
Rendered 2721/4051, time remaining: 44s
Rendered 2722/4051, time remaining: 44s
Rendered 2723/4051, time remaining: 44s
Rendered 2724/4051, time remaining: 44s
Rendered 2725/4051, time remaining: 45s
Rendered 2726/4051, time remaining: 44s
Rendered 2727/4051, time remaining: 44s
Rendered 2728/4051, time remaining: 44s
Rendered 2729/4051, time remaining: 43s
Rendered 2730/4051, time remaining: 43s
Rendered 2731/4051, time remaining: 43s
Rendered 2732/4051, time remaining: 43s
Rendered 2733/4051, time remaining: 43s
Rendered 2734/4051, time remaining: 43s
Rendered 2735/4051, time remaining: 44s
Rendered 2736/4051, time remaining: 44s
Rendered 2737/4051, time remaining: 43s
Rendered 2738/4051, time remaining: 43s
Rendered 2739/4051, time remaining: 43s
Rendered 2740/4051, time remaining: 43s
Rendered 2741/4051, time remaining: 43s
Rendered 2742/4051, time remaining: 43s
Rendered 2743/4051, time remaining: 43s
Rendered 2744/4051, time remaining: 43s
Rendered 2745/4051, time remaining: 43s
Rendered 2746/4051, time remaining: 42s
Rendered 2747/4051, time remaining: 42s
Rendered 2748/4051, time remaining: 42s
Rendered 2749/4051, time remaining: 42s
Rendered 2750/4051, time remaining: 42s
Rendered 2751/4051, time remaining: 43s
Rendered 2752/4051, time remaining: 43s
Rendered 2753/4051, time remaining: 42s
Rendered 2754/4051, time remaining: 41s
Rendered 2755/4051, time remaining: 41s
Rendered 2756/4051, time remaining: 42s
Rendered 2757/4051, time remaining: 42s
Rendered 2758/4051, time remaining: 42s
Rendered 2759/4051, time remaining: 42s
Rendered 2760/4051, time remaining: 42s
Rendered 2761/4051, time remaining: 41s
Rendered 2762/4051, time remaining: 42s
Rendered 2763/4051, time remaining: 42s
Rendered 2764/4051, time remaining: 42s
Rendered 2765/4051, time remaining: 42s
Rendered 2766/4051, time remaining: 42s
Rendered 2767/4051, time remaining: 41s
Rendered 2768/4051, time remaining: 42s
Rendered 2769/4051, time remaining: 42s
Rendered 2770/4051, time remaining: 41s
Rendered 2771/4051, time remaining: 41s
Rendered 2772/4051, time remaining: 42s
Rendered 2773/4051, time remaining: 42s
Rendered 2774/4051, time remaining: 42s
Rendered 2775/4051, time remaining: 41s
Rendered 2776/4051, time remaining: 41s
Rendered 2777/4051, time remaining: 41s
Rendered 2778/4051, time remaining: 41s
Rendered 2779/4051, time remaining: 41s
Rendered 2780/4051, time remaining: 41s
Rendered 2781/4051, time remaining: 42s
Rendered 2782/4051, time remaining: 41s
Rendered 2783/4051, time remaining: 41s
Rendered 2784/4051, time remaining: 41s
Rendered 2785/4051, time remaining: 41s
Rendered 2786/4051, time remaining: 41s
Rendered 2787/4051, time remaining: 41s
Rendered 2788/4051, time remaining: 41s
Rendered 2789/4051, time remaining: 42s
Rendered 2790/4051, time remaining: 41s
Rendered 2791/4051, time remaining: 41s
Rendered 2792/4051, time remaining: 41s
Rendered 2793/4051, time remaining: 40s
Rendered 2794/4051, time remaining: 40s
Rendered 2795/4051, time remaining: 40s
Rendered 2796/4051, time remaining: 40s
Rendered 2797/4051, time remaining: 41s
Rendered 2798/4051, time remaining: 41s
Rendered 2799/4051, time remaining: 41s
Rendered 2800/4051, time remaining: 41s
Rendered 2801/4051, time remaining: 40s
Rendered 2802/4051, time remaining: 40s
Rendered 2803/4051, time remaining: 40s
Rendered 2804/4051, time remaining: 41s
Rendered 2805/4051, time remaining: 40s
Rendered 2806/4051, time remaining: 40s
Rendered 2807/4051, time remaining: 40s
Rendered 2808/4051, time remaining: 40s
Rendered 2809/4051, time remaining: 40s
Rendered 2810/4051, time remaining: 41s
Rendered 2811/4051, time remaining: 41s
Rendered 2812/4051, time remaining: 40s
Rendered 2813/4051, time remaining: 40s
Rendered 2814/4051, time remaining: 40s
Rendered 2815/4051, time remaining: 40s
Rendered 2816/4051, time remaining: 39s
Rendered 2817/4051, time remaining: 40s
Rendered 2818/4051, time remaining: 40s
Rendered 2819/4051, time remaining: 40s
Rendered 2820/4051, time remaining: 40s
Rendered 2821/4051, time remaining: 40s
Rendered 2822/4051, time remaining: 40s
Rendered 2823/4051, time remaining: 40s
Rendered 2824/4051, time remaining: 39s
Rendered 2825/4051, time remaining: 39s
Rendered 2826/4051, time remaining: 40s
Rendered 2827/4051, time remaining: 40s
Rendered 2828/4051, time remaining: 40s
Rendered 2829/4051, time remaining: 40s
Rendered 2830/4051, time remaining: 41s
Rendered 2831/4051, time remaining: 41s
Rendered 2832/4051, time remaining: 40s
Rendered 2833/4051, time remaining: 39s
Rendered 2834/4051, time remaining: 39s
Rendered 2835/4051, time remaining: 40s
Rendered 2836/4051, time remaining: 40s
Rendered 2837/4051, time remaining: 40s
Rendered 2838/4051, time remaining: 40s
Rendered 2839/4051, time remaining: 40s
Rendered 2840/4051, time remaining: 39s
Rendered 2841/4051, time remaining: 39s
Rendered 2842/4051, time remaining: 39s
Rendered 2843/4051, time remaining: 39s
Rendered 2844/4051, time remaining: 39s
Rendered 2845/4051, time remaining: 39s
Rendered 2846/4051, time remaining: 39s
Rendered 2847/4051, time remaining: 40s
Rendered 2848/4051, time remaining: 39s
Rendered 2849/4051, time remaining: 39s
Rendered 2850/4051, time remaining: 39s
Rendered 2851/4051, time remaining: 39s
Rendered 2852/4051, time remaining: 39s
Rendered 2853/4051, time remaining: 39s
Rendered 2854/4051, time remaining: 39s
Rendered 2855/4051, time remaining: 39s
Rendered 2856/4051, time remaining: 39s
Rendered 2857/4051, time remaining: 39s
Rendered 2858/4051, time remaining: 39s
Rendered 2859/4051, time remaining: 39s
Rendered 2860/4051, time remaining: 40s
Rendered 2861/4051, time remaining: 39s
Rendered 2862/4051, time remaining: 39s
Rendered 2863/4051, time remaining: 39s
Rendered 2864/4051, time remaining: 39s
Rendered 2865/4051, time remaining: 39s
Rendered 2866/4051, time remaining: 39s
Rendered 2867/4051, time remaining: 39s
Rendered 2868/4051, time remaining: 39s
Rendered 2869/4051, time remaining: 38s
Rendered 2870/4051, time remaining: 38s
Rendered 2871/4051, time remaining: 39s
Rendered 2872/4051, time remaining: 39s
Rendered 2873/4051, time remaining: 39s
Rendered 2874/4051, time remaining: 39s
Rendered 2875/4051, time remaining: 38s
Rendered 2876/4051, time remaining: 38s
Rendered 2877/4051, time remaining: 39s
Rendered 2878/4051, time remaining: 38s
Rendered 2879/4051, time remaining: 39s
Rendered 2880/4051, time remaining: 39s
Rendered 2881/4051, time remaining: 38s
Rendered 2882/4051, time remaining: 38s
Rendered 2883/4051, time remaining: 38s
Rendered 2884/4051, time remaining: 38s
Rendered 2885/4051, time remaining: 38s
Rendered 2886/4051, time remaining: 38s
Rendered 2887/4051, time remaining: 39s
Rendered 2888/4051, time remaining: 38s
Rendered 2889/4051, time remaining: 38s
Rendered 2890/4051, time remaining: 38s
Rendered 2891/4051, time remaining: 38s
Rendered 2892/4051, time remaining: 38s
Rendered 2893/4051, time remaining: 38s
Rendered 2894/4051, time remaining: 38s
Rendered 2895/4051, time remaining: 38s
Rendered 2896/4051, time remaining: 38s
Rendered 2897/4051, time remaining: 38s
Rendered 2898/4051, time remaining: 37s
Rendered 2899/4051, time remaining: 38s
Rendered 2900/4051, time remaining: 38s
Rendered 2901/4051, time remaining: 38s
Rendered 2902/4051, time remaining: 38s
Rendered 2903/4051, time remaining: 38s
Rendered 2904/4051, time remaining: 37s
Rendered 2905/4051, time remaining: 38s
Rendered 2906/4051, time remaining: 38s
Rendered 2907/4051, time remaining: 37s
Rendered 2908/4051, time remaining: 37s
Rendered 2909/4051, time remaining: 37s
Rendered 2910/4051, time remaining: 37s
Rendered 2911/4051, time remaining: 37s
Rendered 2912/4051, time remaining: 37s
Rendered 2913/4051, time remaining: 37s
Rendered 2914/4051, time remaining: 37s
Rendered 2915/4051, time remaining: 37s
Rendered 2916/4051, time remaining: 37s
Rendered 2917/4051, time remaining: 38s
Rendered 2918/4051, time remaining: 37s
Rendered 2919/4051, time remaining: 37s
Rendered 2920/4051, time remaining: 37s
Rendered 2921/4051, time remaining: 37s
Rendered 2922/4051, time remaining: 37s
Rendered 2923/4051, time remaining: 36s
Rendered 2924/4051, time remaining: 36s
Rendered 2925/4051, time remaining: 37s
Rendered 2926/4051, time remaining: 37s
Rendered 2927/4051, time remaining: 37s
Rendered 2928/4051, time remaining: 37s
Rendered 2929/4051, time remaining: 37s
Rendered 2930/4051, time remaining: 37s
Rendered 2931/4051, time remaining: 37s
Rendered 2932/4051, time remaining: 36s
Rendered 2933/4051, time remaining: 36s
Rendered 2934/4051, time remaining: 36s
Rendered 2935/4051, time remaining: 37s
Rendered 2936/4051, time remaining: 36s
Rendered 2937/4051, time remaining: 36s
Rendered 2938/4051, time remaining: 37s
Rendered 2939/4051, time remaining: 36s
Rendered 2940/4051, time remaining: 36s
Rendered 2941/4051, time remaining: 36s
Rendered 2942/4051, time remaining: 36s
Rendered 2943/4051, time remaining: 37s
Rendered 2944/4051, time remaining: 37s
Rendered 2945/4051, time remaining: 37s
Rendered 2946/4051, time remaining: 36s
Rendered 2947/4051, time remaining: 36s
Rendered 2948/4051, time remaining: 36s
Rendered 2949/4051, time remaining: 36s
Rendered 2950/4051, time remaining: 36s
Rendered 2951/4051, time remaining: 37s
Rendered 2952/4051, time remaining: 36s
Rendered 2953/4051, time remaining: 36s
Rendered 2954/4051, time remaining: 36s
Rendered 2955/4051, time remaining: 36s
Rendered 2956/4051, time remaining: 36s
Rendered 2957/4051, time remaining: 36s
Rendered 2958/4051, time remaining: 37s
Rendered 2959/4051, time remaining: 36s
Rendered 2960/4051, time remaining: 36s
Rendered 2961/4051, time remaining: 36s
Rendered 2962/4051, time remaining: 36s
Rendered 2963/4051, time remaining: 36s
Rendered 2964/4051, time remaining: 35s
Rendered 2965/4051, time remaining: 36s
Rendered 2966/4051, time remaining: 37s
Rendered 2967/4051, time remaining: 36s
Rendered 2968/4051, time remaining: 36s
Rendered 2969/4051, time remaining: 36s
Rendered 2970/4051, time remaining: 36s
Rendered 2971/4051, time remaining: 36s
Rendered 2972/4051, time remaining: 35s
Rendered 2973/4051, time remaining: 36s
Rendered 2974/4051, time remaining: 36s
Rendered 2975/4051, time remaining: 36s
Rendered 2976/4051, time remaining: 36s
Rendered 2977/4051, time remaining: 36s
Rendered 2978/4051, time remaining: 36s
Rendered 2979/4051, time remaining: 36s
Rendered 2980/4051, time remaining: 35s
Rendered 2981/4051, time remaining: 36s
Rendered 2982/4051, time remaining: 35s
Rendered 2983/4051, time remaining: 35s
Rendered 2984/4051, time remaining: 35s
Rendered 2985/4051, time remaining: 35s
Rendered 2986/4051, time remaining: 36s
Rendered 2987/4051, time remaining: 35s
Rendered 2988/4051, time remaining: 35s
Rendered 2989/4051, time remaining: 36s
Rendered 2990/4051, time remaining: 35s
Rendered 2991/4051, time remaining: 35s
Rendered 2992/4051, time remaining: 35s
Rendered 2993/4051, time remaining: 36s
Rendered 2994/4051, time remaining: 36s
Rendered 2995/4051, time remaining: 35s
Rendered 2996/4051, time remaining: 35s
Rendered 2997/4051, time remaining: 35s
Rendered 2998/4051, time remaining: 35s
Rendered 2999/4051, time remaining: 35s
Rendered 3000/4051, time remaining: 34s
Rendered 3001/4051, time remaining: 35s
Rendered 3002/4051, time remaining: 36s
Rendered 3003/4051, time remaining: 36s
Rendered 3004/4051, time remaining: 35s
Rendered 3005/4051, time remaining: 35s
Rendered 3006/4051, time remaining: 35s
Rendered 3007/4051, time remaining: 35s
Rendered 3008/4051, time remaining: 35s
Rendered 3009/4051, time remaining: 35s
Rendered 3010/4051, time remaining: 35s
Rendered 3011/4051, time remaining: 35s
Rendered 3012/4051, time remaining: 34s
Rendered 3013/4051, time remaining: 34s
Rendered 3014/4051, time remaining: 34s
Rendered 3015/4051, time remaining: 35s
Rendered 3016/4051, time remaining: 35s
Rendered 3017/4051, time remaining: 35s
Rendered 3018/4051, time remaining: 35s
Rendered 3019/4051, time remaining: 35s
Rendered 3020/4051, time remaining: 35s
Rendered 3021/4051, time remaining: 34s
Rendered 3022/4051, time remaining: 35s
Rendered 3023/4051, time remaining: 34s
Rendered 3024/4051, time remaining: 35s
Rendered 3025/4051, time remaining: 35s
Rendered 3026/4051, time remaining: 35s
Rendered 3027/4051, time remaining: 35s
Rendered 3028/4051, time remaining: 35s
Rendered 3029/4051, time remaining: 34s
Rendered 3030/4051, time remaining: 34s
Rendered 3031/4051, time remaining: 34s
Rendered 3032/4051, time remaining: 34s
Rendered 3033/4051, time remaining: 35s
Rendered 3034/4051, time remaining: 35s
Rendered 3035/4051, time remaining: 34s
Rendered 3036/4051, time remaining: 34s
Rendered 3037/4051, time remaining: 34s
Rendered 3038/4051, time remaining: 34s
Rendered 3039/4051, time remaining: 35s
Rendered 3040/4051, time remaining: 34s
Rendered 3041/4051, time remaining: 34s
Rendered 3042/4051, time remaining: 34s
Rendered 3043/4051, time remaining: 34s
Rendered 3044/4051, time remaining: 34s
Rendered 3045/4051, time remaining: 34s
Rendered 3046/4051, time remaining: 34s
Rendered 3047/4051, time remaining: 34s
Rendered 3048/4051, time remaining: 34s
Rendered 3049/4051, time remaining: 34s
Rendered 3050/4051, time remaining: 33s
Rendered 3051/4051, time remaining: 33s
Rendered 3052/4051, time remaining: 33s
Rendered 3053/4051, time remaining: 33s
Rendered 3054/4051, time remaining: 34s
Rendered 3055/4051, time remaining: 34s
Rendered 3056/4051, time remaining: 34s
Rendered 3057/4051, time remaining: 33s
Rendered 3058/4051, time remaining: 33s
Rendered 3059/4051, time remaining: 33s
Rendered 3060/4051, time remaining: 33s
Rendered 3061/4051, time remaining: 34s
Rendered 3062/4051, time remaining: 33s
Rendered 3063/4051, time remaining: 33s
Rendered 3064/4051, time remaining: 33s
Rendered 3065/4051, time remaining: 33s
Rendered 3066/4051, time remaining: 33s
Rendered 3067/4051, time remaining: 33s
Rendered 3068/4051, time remaining: 33s
Rendered 3069/4051, time remaining: 33s
Rendered 3070/4051, time remaining: 33s
Rendered 3071/4051, time remaining: 33s
Rendered 3072/4051, time remaining: 33s
Rendered 3073/4051, time remaining: 33s
Rendered 3074/4051, time remaining: 33s
Rendered 3075/4051, time remaining: 33s
Rendered 3076/4051, time remaining: 33s
Rendered 3077/4051, time remaining: 33s
Rendered 3078/4051, time remaining: 33s
Rendered 3079/4051, time remaining: 33s
Rendered 3080/4051, time remaining: 32s
Rendered 3081/4051, time remaining: 32s
Rendered 3082/4051, time remaining: 32s
Rendered 3083/4051, time remaining: 32s
Rendered 3084/4051, time remaining: 33s
Rendered 3085/4051, time remaining: 32s
Rendered 3086/4051, time remaining: 32s
Rendered 3087/4051, time remaining: 32s
Rendered 3088/4051, time remaining: 31s
Rendered 3089/4051, time remaining: 31s
Rendered 3090/4051, time remaining: 31s
Rendered 3091/4051, time remaining: 31s
Rendered 3092/4051, time remaining: 31s
Rendered 3093/4051, time remaining: 31s
Rendered 3094/4051, time remaining: 30s
Rendered 3095/4051, time remaining: 31s
Rendered 3096/4051, time remaining: 30s
Rendered 3097/4051, time remaining: 30s
Rendered 3098/4051, time remaining: 30s
Rendered 3099/4051, time remaining: 30s
Rendered 3100/4051, time remaining: 30s
Rendered 3101/4051, time remaining: 29s
Rendered 3102/4051, time remaining: 30s
Rendered 3103/4051, time remaining: 30s
Rendered 3104/4051, time remaining: 30s
Rendered 3105/4051, time remaining: 30s
Rendered 3106/4051, time remaining: 30s
Rendered 3107/4051, time remaining: 30s
Rendered 3108/4051, time remaining: 29s
Rendered 3109/4051, time remaining: 30s
Rendered 3110/4051, time remaining: 30s
Rendered 3111/4051, time remaining: 29s
Rendered 3112/4051, time remaining: 30s
Rendered 3113/4051, time remaining: 30s
Rendered 3114/4051, time remaining: 30s
Rendered 3115/4051, time remaining: 29s
Rendered 3116/4051, time remaining: 29s
Rendered 3117/4051, time remaining: 29s
Rendered 3118/4051, time remaining: 28s
Rendered 3119/4051, time remaining: 29s
Rendered 3120/4051, time remaining: 29s
Rendered 3121/4051, time remaining: 29s
Rendered 3122/4051, time remaining: 30s
Rendered 3123/4051, time remaining: 29s
Rendered 3124/4051, time remaining: 29s
Rendered 3125/4051, time remaining: 29s
Rendered 3126/4051, time remaining: 29s
Rendered 3127/4051, time remaining: 29s
Rendered 3128/4051, time remaining: 28s
Rendered 3129/4051, time remaining: 29s
Rendered 3130/4051, time remaining: 29s
Rendered 3131/4051, time remaining: 29s
Rendered 3132/4051, time remaining: 29s
Rendered 3133/4051, time remaining: 28s
Rendered 3134/4051, time remaining: 28s
Rendered 3135/4051, time remaining: 28s
Rendered 3136/4051, time remaining: 28s
Rendered 3137/4051, time remaining: 28s
Rendered 3138/4051, time remaining: 28s
Rendered 3139/4051, time remaining: 28s
Rendered 3140/4051, time remaining: 28s
Rendered 3141/4051, time remaining: 28s
Rendered 3142/4051, time remaining: 28s
Rendered 3143/4051, time remaining: 28s
Rendered 3144/4051, time remaining: 27s
Rendered 3145/4051, time remaining: 28s
Rendered 3146/4051, time remaining: 28s
Rendered 3147/4051, time remaining: 28s
Rendered 3148/4051, time remaining: 28s
Rendered 3149/4051, time remaining: 28s
Rendered 3150/4051, time remaining: 28s
Rendered 3151/4051, time remaining: 28s
Rendered 3152/4051, time remaining: 27s
Rendered 3153/4051, time remaining: 28s
Rendered 3154/4051, time remaining: 28s
Rendered 3155/4051, time remaining: 27s
Rendered 3156/4051, time remaining: 27s
Rendered 3157/4051, time remaining: 27s
Rendered 3158/4051, time remaining: 27s
Rendered 3159/4051, time remaining: 28s
Rendered 3160/4051, time remaining: 27s
Rendered 3161/4051, time remaining: 27s
Rendered 3162/4051, time remaining: 27s
Rendered 3163/4051, time remaining: 28s
Rendered 3164/4051, time remaining: 28s
Rendered 3165/4051, time remaining: 27s
Rendered 3166/4051, time remaining: 27s
Rendered 3167/4051, time remaining: 27s
Rendered 3168/4051, time remaining: 27s
Rendered 3169/4051, time remaining: 27s
Rendered 3170/4051, time remaining: 27s
Rendered 3171/4051, time remaining: 27s
Rendered 3172/4051, time remaining: 27s
Rendered 3173/4051, time remaining: 27s
Rendered 3174/4051, time remaining: 27s
Rendered 3175/4051, time remaining: 27s
Rendered 3176/4051, time remaining: 27s
Rendered 3177/4051, time remaining: 27s
Rendered 3178/4051, time remaining: 27s
Rendered 3179/4051, time remaining: 27s
Rendered 3180/4051, time remaining: 27s
Rendered 3181/4051, time remaining: 27s
Rendered 3182/4051, time remaining: 27s
Rendered 3183/4051, time remaining: 26s
Rendered 3184/4051, time remaining: 27s
Rendered 3185/4051, time remaining: 27s
Rendered 3186/4051, time remaining: 27s
Rendered 3187/4051, time remaining: 27s
Rendered 3188/4051, time remaining: 27s
Rendered 3189/4051, time remaining: 26s
Rendered 3190/4051, time remaining: 26s
Rendered 3191/4051, time remaining: 27s
Rendered 3192/4051, time remaining: 26s
Rendered 3193/4051, time remaining: 26s
Rendered 3194/4051, time remaining: 27s
Rendered 3195/4051, time remaining: 27s
Rendered 3196/4051, time remaining: 26s
Rendered 3197/4051, time remaining: 26s
Rendered 3198/4051, time remaining: 26s
Rendered 3199/4051, time remaining: 26s
Rendered 3200/4051, time remaining: 26s
Rendered 3201/4051, time remaining: 26s
Rendered 3202/4051, time remaining: 26s
Rendered 3203/4051, time remaining: 27s
Rendered 3204/4051, time remaining: 26s
Rendered 3205/4051, time remaining: 26s
Rendered 3206/4051, time remaining: 26s
Rendered 3207/4051, time remaining: 26s
Rendered 3208/4051, time remaining: 26s
Rendered 3209/4051, time remaining: 26s
Rendered 3210/4051, time remaining: 26s
Rendered 3211/4051, time remaining: 26s
Rendered 3212/4051, time remaining: 25s
Rendered 3213/4051, time remaining: 25s
Rendered 3214/4051, time remaining: 26s
Rendered 3215/4051, time remaining: 26s
Rendered 3216/4051, time remaining: 26s
Rendered 3217/4051, time remaining: 26s
Rendered 3218/4051, time remaining: 26s
Rendered 3219/4051, time remaining: 25s
Rendered 3220/4051, time remaining: 25s
Rendered 3221/4051, time remaining: 25s
Rendered 3222/4051, time remaining: 25s
Rendered 3223/4051, time remaining: 25s
Rendered 3224/4051, time remaining: 25s
Rendered 3225/4051, time remaining: 26s
Rendered 3226/4051, time remaining: 26s
Rendered 3227/4051, time remaining: 26s
Rendered 3228/4051, time remaining: 25s
Rendered 3229/4051, time remaining: 25s
Rendered 3230/4051, time remaining: 25s
Rendered 3231/4051, time remaining: 25s
Rendered 3232/4051, time remaining: 26s
Rendered 3233/4051, time remaining: 26s
Rendered 3234/4051, time remaining: 25s
Rendered 3235/4051, time remaining: 25s
Rendered 3236/4051, time remaining: 25s
Rendered 3237/4051, time remaining: 25s
Rendered 3238/4051, time remaining: 25s
Rendered 3239/4051, time remaining: 26s
Rendered 3240/4051, time remaining: 26s
Rendered 3241/4051, time remaining: 26s
Rendered 3242/4051, time remaining: 26s
Rendered 3243/4051, time remaining: 26s
Rendered 3244/4051, time remaining: 26s
Rendered 3245/4051, time remaining: 26s
Rendered 3246/4051, time remaining: 26s
Rendered 3247/4051, time remaining: 27s
Rendered 3248/4051, time remaining: 26s
Rendered 3249/4051, time remaining: 26s
Rendered 3250/4051, time remaining: 26s
Rendered 3251/4051, time remaining: 26s
Rendered 3252/4051, time remaining: 26s
Rendered 3253/4051, time remaining: 26s
Rendered 3254/4051, time remaining: 26s
Rendered 3255/4051, time remaining: 26s
Rendered 3256/4051, time remaining: 26s
Rendered 3257/4051, time remaining: 26s
Rendered 3258/4051, time remaining: 26s
Rendered 3259/4051, time remaining: 26s
Rendered 3260/4051, time remaining: 26s
Rendered 3261/4051, time remaining: 26s
Rendered 3262/4051, time remaining: 26s
Rendered 3263/4051, time remaining: 26s
Rendered 3264/4051, time remaining: 26s
Rendered 3265/4051, time remaining: 26s
Rendered 3266/4051, time remaining: 26s
Rendered 3267/4051, time remaining: 26s
Rendered 3268/4051, time remaining: 26s
Rendered 3269/4051, time remaining: 26s
Rendered 3270/4051, time remaining: 26s
Rendered 3271/4051, time remaining: 26s
Rendered 3272/4051, time remaining: 25s
Rendered 3273/4051, time remaining: 25s
Rendered 3274/4051, time remaining: 25s
Rendered 3275/4051, time remaining: 26s
Rendered 3276/4051, time remaining: 26s
Rendered 3277/4051, time remaining: 26s
Rendered 3278/4051, time remaining: 26s
Rendered 3279/4051, time remaining: 25s
Rendered 3280/4051, time remaining: 25s
Rendered 3281/4051, time remaining: 25s
Rendered 3282/4051, time remaining: 25s
Rendered 3283/4051, time remaining: 25s
Rendered 3284/4051, time remaining: 25s
Rendered 3285/4051, time remaining: 26s
Rendered 3286/4051, time remaining: 26s
Rendered 3287/4051, time remaining: 25s
Rendered 3288/4051, time remaining: 25s
Rendered 3289/4051, time remaining: 25s
Rendered 3290/4051, time remaining: 25s
Rendered 3291/4051, time remaining: 24s
Rendered 3292/4051, time remaining: 25s
Rendered 3293/4051, time remaining: 25s
Rendered 3294/4051, time remaining: 25s
Rendered 3295/4051, time remaining: 25s
Rendered 3296/4051, time remaining: 25s
Rendered 3297/4051, time remaining: 24s
Rendered 3298/4051, time remaining: 24s
Rendered 3299/4051, time remaining: 25s
Rendered 3300/4051, time remaining: 25s
Rendered 3301/4051, time remaining: 25s
Rendered 3302/4051, time remaining: 25s
Rendered 3303/4051, time remaining: 25s
Rendered 3304/4051, time remaining: 25s
Rendered 3305/4051, time remaining: 25s
Rendered 3306/4051, time remaining: 25s
Rendered 3307/4051, time remaining: 25s
Rendered 3308/4051, time remaining: 24s
Rendered 3309/4051, time remaining: 24s
Rendered 3310/4051, time remaining: 24s
Rendered 3311/4051, time remaining: 24s
Rendered 3312/4051, time remaining: 24s
Rendered 3313/4051, time remaining: 24s
Rendered 3314/4051, time remaining: 24s
Rendered 3315/4051, time remaining: 24s
Rendered 3316/4051, time remaining: 23s
Rendered 3317/4051, time remaining: 24s
Rendered 3318/4051, time remaining: 24s
Rendered 3319/4051, time remaining: 24s
Rendered 3320/4051, time remaining: 24s
Rendered 3321/4051, time remaining: 24s
Rendered 3322/4051, time remaining: 24s
Rendered 3323/4051, time remaining: 24s
Rendered 3324/4051, time remaining: 24s
Rendered 3325/4051, time remaining: 24s
Rendered 3326/4051, time remaining: 23s
Rendered 3327/4051, time remaining: 23s
Rendered 3328/4051, time remaining: 23s
Rendered 3329/4051, time remaining: 24s
Rendered 3330/4051, time remaining: 23s
Rendered 3331/4051, time remaining: 23s
Rendered 3332/4051, time remaining: 23s
Rendered 3333/4051, time remaining: 24s
Rendered 3334/4051, time remaining: 23s
Rendered 3335/4051, time remaining: 23s
Rendered 3336/4051, time remaining: 23s
Rendered 3337/4051, time remaining: 23s
Rendered 3338/4051, time remaining: 23s
Rendered 3339/4051, time remaining: 23s
Rendered 3340/4051, time remaining: 23s
Rendered 3341/4051, time remaining: 23s
Rendered 3342/4051, time remaining: 23s
Rendered 3343/4051, time remaining: 23s
Rendered 3344/4051, time remaining: 23s
Rendered 3345/4051, time remaining: 23s
Rendered 3346/4051, time remaining: 23s
Rendered 3347/4051, time remaining: 23s
Rendered 3348/4051, time remaining: 23s
Rendered 3349/4051, time remaining: 22s
Rendered 3350/4051, time remaining: 23s
Rendered 3351/4051, time remaining: 23s
Rendered 3352/4051, time remaining: 23s
Rendered 3353/4051, time remaining: 23s
Rendered 3354/4051, time remaining: 23s
Rendered 3355/4051, time remaining: 23s
Rendered 3356/4051, time remaining: 23s
Rendered 3357/4051, time remaining: 23s
Rendered 3358/4051, time remaining: 23s
Rendered 3359/4051, time remaining: 22s
Rendered 3360/4051, time remaining: 22s
Rendered 3361/4051, time remaining: 23s
Rendered 3362/4051, time remaining: 23s
Rendered 3363/4051, time remaining: 22s
Rendered 3364/4051, time remaining: 22s
Rendered 3365/4051, time remaining: 22s
Rendered 3366/4051, time remaining: 22s
Rendered 3367/4051, time remaining: 22s
Rendered 3368/4051, time remaining: 22s
Rendered 3369/4051, time remaining: 22s
Rendered 3370/4051, time remaining: 22s
Rendered 3371/4051, time remaining: 22s
Rendered 3372/4051, time remaining: 22s
Rendered 3373/4051, time remaining: 22s
Rendered 3374/4051, time remaining: 22s
Rendered 3375/4051, time remaining: 22s
Rendered 3376/4051, time remaining: 22s
Rendered 3377/4051, time remaining: 22s
Rendered 3378/4051, time remaining: 22s
Rendered 3379/4051, time remaining: 22s
Rendered 3380/4051, time remaining: 22s
Rendered 3381/4051, time remaining: 22s
Rendered 3382/4051, time remaining: 22s
Rendered 3383/4051, time remaining: 22s
Rendered 3384/4051, time remaining: 22s
Rendered 3385/4051, time remaining: 22s
Rendered 3386/4051, time remaining: 22s
Rendered 3387/4051, time remaining: 22s
Rendered 3388/4051, time remaining: 22s
Rendered 3389/4051, time remaining: 21s
Rendered 3390/4051, time remaining: 21s
Rendered 3391/4051, time remaining: 21s
Rendered 3392/4051, time remaining: 21s
Rendered 3393/4051, time remaining: 22s
Rendered 3394/4051, time remaining: 21s
Rendered 3395/4051, time remaining: 21s
Rendered 3396/4051, time remaining: 21s
Rendered 3397/4051, time remaining: 21s
Rendered 3398/4051, time remaining: 21s
Rendered 3399/4051, time remaining: 22s
Rendered 3400/4051, time remaining: 22s
Rendered 3401/4051, time remaining: 21s
Rendered 3402/4051, time remaining: 21s
Rendered 3403/4051, time remaining: 21s
Rendered 3404/4051, time remaining: 21s
Rendered 3405/4051, time remaining: 21s
Rendered 3406/4051, time remaining: 21s
Rendered 3407/4051, time remaining: 21s
Rendered 3408/4051, time remaining: 21s
Rendered 3409/4051, time remaining: 21s
Rendered 3410/4051, time remaining: 21s
Rendered 3411/4051, time remaining: 21s
Rendered 3412/4051, time remaining: 21s
Rendered 3413/4051, time remaining: 21s
Rendered 3414/4051, time remaining: 21s
Rendered 3415/4051, time remaining: 21s
Rendered 3416/4051, time remaining: 21s
Rendered 3417/4051, time remaining: 21s
Rendered 3418/4051, time remaining: 21s
Rendered 3419/4051, time remaining: 21s
Rendered 3420/4051, time remaining: 20s
Rendered 3421/4051, time remaining: 20s
Rendered 3422/4051, time remaining: 20s
Rendered 3423/4051, time remaining: 21s
Rendered 3424/4051, time remaining: 21s
Rendered 3425/4051, time remaining: 20s
Rendered 3426/4051, time remaining: 20s
Rendered 3427/4051, time remaining: 20s
Rendered 3428/4051, time remaining: 20s
Rendered 3429/4051, time remaining: 20s
Rendered 3430/4051, time remaining: 20s
Rendered 3431/4051, time remaining: 21s
Rendered 3432/4051, time remaining: 20s
Rendered 3433/4051, time remaining: 20s
Rendered 3434/4051, time remaining: 20s
Rendered 3435/4051, time remaining: 20s
Rendered 3436/4051, time remaining: 20s
Rendered 3437/4051, time remaining: 20s
Rendered 3438/4051, time remaining: 20s
Rendered 3439/4051, time remaining: 20s
Rendered 3440/4051, time remaining: 20s
Rendered 3441/4051, time remaining: 20s
Rendered 3442/4051, time remaining: 20s
Rendered 3443/4051, time remaining: 20s
Rendered 3444/4051, time remaining: 20s
Rendered 3445/4051, time remaining: 20s
Rendered 3446/4051, time remaining: 20s
Rendered 3447/4051, time remaining: 20s
Rendered 3448/4051, time remaining: 20s
Rendered 3449/4051, time remaining: 19s
Rendered 3450/4051, time remaining: 20s
Rendered 3451/4051, time remaining: 19s
Rendered 3452/4051, time remaining: 19s
Rendered 3453/4051, time remaining: 19s
Rendered 3454/4051, time remaining: 19s
Rendered 3455/4051, time remaining: 19s
Rendered 3456/4051, time remaining: 19s
Rendered 3457/4051, time remaining: 19s
Rendered 3458/4051, time remaining: 20s
Rendered 3459/4051, time remaining: 19s
Rendered 3460/4051, time remaining: 19s
Rendered 3461/4051, time remaining: 19s
Rendered 3462/4051, time remaining: 19s
Rendered 3463/4051, time remaining: 19s
Rendered 3464/4051, time remaining: 19s
Rendered 3465/4051, time remaining: 19s
Rendered 3466/4051, time remaining: 19s
Rendered 3467/4051, time remaining: 19s
Rendered 3468/4051, time remaining: 19s
Rendered 3469/4051, time remaining: 19s
Rendered 3470/4051, time remaining: 19s
Rendered 3471/4051, time remaining: 19s
Rendered 3472/4051, time remaining: 19s
Rendered 3473/4051, time remaining: 19s
Rendered 3474/4051, time remaining: 19s
Rendered 3475/4051, time remaining: 19s
Rendered 3476/4051, time remaining: 19s
Rendered 3477/4051, time remaining: 19s
Rendered 3478/4051, time remaining: 19s
Rendered 3479/4051, time remaining: 19s
Rendered 3480/4051, time remaining: 19s
Rendered 3481/4051, time remaining: 18s
Rendered 3482/4051, time remaining: 18s
Rendered 3483/4051, time remaining: 18s
Rendered 3484/4051, time remaining: 18s
Rendered 3485/4051, time remaining: 18s
Rendered 3486/4051, time remaining: 18s
Rendered 3487/4051, time remaining: 18s
Rendered 3488/4051, time remaining: 18s
Rendered 3489/4051, time remaining: 18s
Rendered 3490/4051, time remaining: 18s
Rendered 3491/4051, time remaining: 18s
Rendered 3492/4051, time remaining: 18s
Rendered 3493/4051, time remaining: 18s
Rendered 3494/4051, time remaining: 18s
Rendered 3495/4051, time remaining: 18s
Rendered 3496/4051, time remaining: 18s
Rendered 3497/4051, time remaining: 18s
Rendered 3498/4051, time remaining: 18s
Rendered 3499/4051, time remaining: 18s
Rendered 3500/4051, time remaining: 18s
Rendered 3501/4051, time remaining: 18s
Rendered 3502/4051, time remaining: 18s
Rendered 3503/4051, time remaining: 18s
Rendered 3504/4051, time remaining: 18s
Rendered 3505/4051, time remaining: 18s
Rendered 3506/4051, time remaining: 18s
Rendered 3507/4051, time remaining: 18s
Rendered 3508/4051, time remaining: 18s
Rendered 3509/4051, time remaining: 17s
Rendered 3510/4051, time remaining: 18s
Rendered 3511/4051, time remaining: 17s
Rendered 3512/4051, time remaining: 17s
Rendered 3513/4051, time remaining: 18s
Rendered 3514/4051, time remaining: 17s
Rendered 3515/4051, time remaining: 18s
Rendered 3516/4051, time remaining: 18s
Rendered 3517/4051, time remaining: 17s
Rendered 3518/4051, time remaining: 17s
Rendered 3519/4051, time remaining: 17s
Rendered 3520/4051, time remaining: 17s
Rendered 3521/4051, time remaining: 17s
Rendered 3522/4051, time remaining: 17s
Rendered 3523/4051, time remaining: 17s
Rendered 3524/4051, time remaining: 17s
Rendered 3525/4051, time remaining: 17s
Rendered 3526/4051, time remaining: 17s
Rendered 3527/4051, time remaining: 17s
Rendered 3528/4051, time remaining: 17s
Rendered 3529/4051, time remaining: 17s
Rendered 3530/4051, time remaining: 17s
Rendered 3531/4051, time remaining: 17s
Rendered 3532/4051, time remaining: 17s
Rendered 3533/4051, time remaining: 17s
Rendered 3534/4051, time remaining: 17s
Rendered 3535/4051, time remaining: 17s
Rendered 3536/4051, time remaining: 16s
Rendered 3537/4051, time remaining: 17s
Rendered 3538/4051, time remaining: 17s
Rendered 3539/4051, time remaining: 17s
Rendered 3540/4051, time remaining: 17s
Rendered 3541/4051, time remaining: 16s
Rendered 3542/4051, time remaining: 17s
Rendered 3543/4051, time remaining: 17s
Rendered 3544/4051, time remaining: 16s
Rendered 3545/4051, time remaining: 16s
Rendered 3546/4051, time remaining: 16s
Rendered 3547/4051, time remaining: 16s
Rendered 3548/4051, time remaining: 17s
Rendered 3549/4051, time remaining: 16s
Rendered 3550/4051, time remaining: 16s
Rendered 3551/4051, time remaining: 16s
Rendered 3552/4051, time remaining: 16s
Rendered 3553/4051, time remaining: 16s
Rendered 3554/4051, time remaining: 17s
Rendered 3555/4051, time remaining: 16s
Rendered 3556/4051, time remaining: 16s
Rendered 3557/4051, time remaining: 16s
Rendered 3558/4051, time remaining: 16s
Rendered 3559/4051, time remaining: 16s
Rendered 3560/4051, time remaining: 16s
Rendered 3561/4051, time remaining: 16s
Rendered 3562/4051, time remaining: 16s
Rendered 3563/4051, time remaining: 16s
Rendered 3564/4051, time remaining: 16s
Rendered 3565/4051, time remaining: 16s
Rendered 3566/4051, time remaining: 16s
Rendered 3567/4051, time remaining: 15s
Rendered 3568/4051, time remaining: 16s
Rendered 3569/4051, time remaining: 16s
Rendered 3570/4051, time remaining: 16s
Rendered 3571/4051, time remaining: 16s
Rendered 3572/4051, time remaining: 16s
Rendered 3573/4051, time remaining: 15s
Rendered 3574/4051, time remaining: 15s
Rendered 3575/4051, time remaining: 15s
Rendered 3576/4051, time remaining: 15s
Rendered 3577/4051, time remaining: 15s
Rendered 3578/4051, time remaining: 16s
Rendered 3579/4051, time remaining: 16s
Rendered 3580/4051, time remaining: 15s
Rendered 3581/4051, time remaining: 15s
Rendered 3582/4051, time remaining: 15s
Rendered 3583/4051, time remaining: 15s
Rendered 3584/4051, time remaining: 15s
Rendered 3585/4051, time remaining: 15s
Rendered 3586/4051, time remaining: 15s
Rendered 3587/4051, time remaining: 15s
Rendered 3588/4051, time remaining: 15s
Rendered 3589/4051, time remaining: 15s
Rendered 3590/4051, time remaining: 15s
Rendered 3591/4051, time remaining: 15s
Rendered 3592/4051, time remaining: 15s
Rendered 3593/4051, time remaining: 15s
Rendered 3594/4051, time remaining: 15s
Rendered 3595/4051, time remaining: 15s
Rendered 3596/4051, time remaining: 15s
Rendered 3597/4051, time remaining: 15s
Rendered 3598/4051, time remaining: 15s
Rendered 3599/4051, time remaining: 15s
Rendered 3600/4051, time remaining: 14s
Rendered 3601/4051, time remaining: 15s
Rendered 3602/4051, time remaining: 14s
Rendered 3603/4051, time remaining: 15s
Rendered 3604/4051, time remaining: 15s
Rendered 3605/4051, time remaining: 15s
Rendered 3606/4051, time remaining: 14s
Rendered 3607/4051, time remaining: 14s
Rendered 3608/4051, time remaining: 14s
Rendered 3609/4051, time remaining: 14s
Rendered 3610/4051, time remaining: 14s
Rendered 3611/4051, time remaining: 14s
Rendered 3612/4051, time remaining: 14s
Rendered 3613/4051, time remaining: 14s
Rendered 3614/4051, time remaining: 14s
Rendered 3615/4051, time remaining: 14s
Rendered 3616/4051, time remaining: 14s
Rendered 3617/4051, time remaining: 14s
Rendered 3618/4051, time remaining: 14s
Rendered 3619/4051, time remaining: 14s
Rendered 3620/4051, time remaining: 14s
Rendered 3621/4051, time remaining: 14s
Rendered 3622/4051, time remaining: 14s
Rendered 3623/4051, time remaining: 14s
Rendered 3624/4051, time remaining: 14s
Rendered 3625/4051, time remaining: 14s
Rendered 3626/4051, time remaining: 14s
Rendered 3627/4051, time remaining: 14s
Rendered 3628/4051, time remaining: 14s
Rendered 3629/4051, time remaining: 13s
Rendered 3630/4051, time remaining: 13s
Rendered 3631/4051, time remaining: 13s
Rendered 3632/4051, time remaining: 13s
Rendered 3633/4051, time remaining: 14s
Rendered 3634/4051, time remaining: 13s
Rendered 3635/4051, time remaining: 13s
Rendered 3636/4051, time remaining: 13s
Rendered 3637/4051, time remaining: 13s
Rendered 3638/4051, time remaining: 13s
Rendered 3639/4051, time remaining: 13s
Rendered 3640/4051, time remaining: 13s
Rendered 3641/4051, time remaining: 13s
Rendered 3642/4051, time remaining: 13s
Rendered 3643/4051, time remaining: 13s
Rendered 3644/4051, time remaining: 13s
Rendered 3645/4051, time remaining: 13s
Rendered 3646/4051, time remaining: 13s
Rendered 3647/4051, time remaining: 13s
Rendered 3648/4051, time remaining: 13s
Rendered 3649/4051, time remaining: 13s
Rendered 3650/4051, time remaining: 13s
Rendered 3651/4051, time remaining: 13s
Rendered 3652/4051, time remaining: 13s
Rendered 3653/4051, time remaining: 13s
Rendered 3654/4051, time remaining: 13s
Rendered 3655/4051, time remaining: 13s
Rendered 3656/4051, time remaining: 13s
Rendered 3657/4051, time remaining: 13s
Rendered 3658/4051, time remaining: 13s
Rendered 3659/4051, time remaining: 13s
Rendered 3660/4051, time remaining: 12s
Rendered 3661/4051, time remaining: 13s
Rendered 3662/4051, time remaining: 13s
Rendered 3663/4051, time remaining: 12s
Rendered 3664/4051, time remaining: 13s
Rendered 3665/4051, time remaining: 12s
Rendered 3666/4051, time remaining: 12s
Rendered 3667/4051, time remaining: 12s
Rendered 3668/4051, time remaining: 12s
Rendered 3669/4051, time remaining: 12s
Rendered 3670/4051, time remaining: 12s
Rendered 3671/4051, time remaining: 12s
Rendered 3672/4051, time remaining: 12s
Rendered 3673/4051, time remaining: 12s
Rendered 3674/4051, time remaining: 12s
Rendered 3675/4051, time remaining: 12s
Rendered 3676/4051, time remaining: 12s
Rendered 3677/4051, time remaining: 12s
Rendered 3678/4051, time remaining: 12s
Rendered 3679/4051, time remaining: 12s
Rendered 3680/4051, time remaining: 12s
Rendered 3681/4051, time remaining: 12s
Rendered 3682/4051, time remaining: 12s
Rendered 3683/4051, time remaining: 12s
Rendered 3684/4051, time remaining: 12s
Rendered 3685/4051, time remaining: 12s
Rendered 3686/4051, time remaining: 12s
Rendered 3687/4051, time remaining: 12s
Rendered 3688/4051, time remaining: 11s
Rendered 3689/4051, time remaining: 11s
Rendered 3690/4051, time remaining: 11s
Rendered 3691/4051, time remaining: 11s
Rendered 3692/4051, time remaining: 12s
Rendered 3693/4051, time remaining: 11s
Rendered 3694/4051, time remaining: 11s
Rendered 3695/4051, time remaining: 11s
Rendered 3696/4051, time remaining: 11s
Rendered 3697/4051, time remaining: 11s
Rendered 3698/4051, time remaining: 11s
Rendered 3699/4051, time remaining: 11s
Rendered 3700/4051, time remaining: 11s
Rendered 3701/4051, time remaining: 11s
Rendered 3702/4051, time remaining: 11s
Rendered 3703/4051, time remaining: 11s
Rendered 3704/4051, time remaining: 11s
Rendered 3705/4051, time remaining: 11s
Rendered 3706/4051, time remaining: 11s
Rendered 3707/4051, time remaining: 11s
Rendered 3708/4051, time remaining: 11s
Rendered 3709/4051, time remaining: 11s
Rendered 3710/4051, time remaining: 11s
Rendered 3711/4051, time remaining: 11s
Rendered 3712/4051, time remaining: 11s
Rendered 3713/4051, time remaining: 11s
Rendered 3714/4051, time remaining: 10s
Rendered 3715/4051, time remaining: 11s
Rendered 3716/4051, time remaining: 11s
Rendered 3717/4051, time remaining: 11s
Rendered 3718/4051, time remaining: 10s
Rendered 3719/4051, time remaining: 11s
Rendered 3720/4051, time remaining: 10s
Rendered 3721/4051, time remaining: 10s
Rendered 3722/4051, time remaining: 10s
Rendered 3723/4051, time remaining: 10s
Rendered 3724/4051, time remaining: 11s
Rendered 3725/4051, time remaining: 10s
Rendered 3726/4051, time remaining: 10s
Rendered 3727/4051, time remaining: 10s
Rendered 3728/4051, time remaining: 10s
Rendered 3729/4051, time remaining: 10s
Rendered 3730/4051, time remaining: 10s
Rendered 3731/4051, time remaining: 10s
Rendered 3732/4051, time remaining: 10s
Rendered 3733/4051, time remaining: 10s
Rendered 3734/4051, time remaining: 10s
Rendered 3735/4051, time remaining: 10s
Rendered 3736/4051, time remaining: 10s
Rendered 3737/4051, time remaining: 10s
Rendered 3738/4051, time remaining: 10s
Rendered 3739/4051, time remaining: 10s
Rendered 3740/4051, time remaining: 10s
Rendered 3741/4051, time remaining: 10s
Rendered 3742/4051, time remaining: 10s
Rendered 3743/4051, time remaining: 10s
Rendered 3744/4051, time remaining: 10s
Rendered 3745/4051, time remaining: 10s
Rendered 3746/4051, time remaining: 10s
Rendered 3747/4051, time remaining: 10s
Rendered 3748/4051, time remaining: 10s
Rendered 3749/4051, time remaining: 10s
Rendered 3750/4051, time remaining: 10s
Rendered 3751/4051, time remaining: 10s
Rendered 3752/4051, time remaining: 10s
Rendered 3753/4051, time remaining: 9s
Rendered 3754/4051, time remaining: 9s
Rendered 3755/4051, time remaining: 10s
Rendered 3756/4051, time remaining: 9s
Rendered 3757/4051, time remaining: 9s
Rendered 3758/4051, time remaining: 9s
Rendered 3759/4051, time remaining: 9s
Rendered 3760/4051, time remaining: 9s
Rendered 3761/4051, time remaining: 9s
Rendered 3762/4051, time remaining: 9s
Rendered 3763/4051, time remaining: 9s
Rendered 3764/4051, time remaining: 9s
Rendered 3765/4051, time remaining: 9s
Rendered 3766/4051, time remaining: 9s
Rendered 3767/4051, time remaining: 9s
Rendered 3768/4051, time remaining: 9s
Rendered 3769/4051, time remaining: 9s
Rendered 3770/4051, time remaining: 9s
Rendered 3771/4051, time remaining: 9s
Rendered 3772/4051, time remaining: 9s
Rendered 3773/4051, time remaining: 9s
Rendered 3774/4051, time remaining: 9s
Rendered 3775/4051, time remaining: 9s
Rendered 3776/4051, time remaining: 9s
Rendered 3777/4051, time remaining: 9s
Rendered 3778/4051, time remaining: 9s
Rendered 3779/4051, time remaining: 9s
Rendered 3780/4051, time remaining: 9s
Rendered 3781/4051, time remaining: 9s
Rendered 3782/4051, time remaining: 9s
Rendered 3783/4051, time remaining: 8s
Rendered 3784/4051, time remaining: 8s
Rendered 3785/4051, time remaining: 8s
Rendered 3786/4051, time remaining: 8s
Rendered 3787/4051, time remaining: 8s
Rendered 3788/4051, time remaining: 8s
Rendered 3789/4051, time remaining: 8s
Rendered 3790/4051, time remaining: 8s
Rendered 3791/4051, time remaining: 8s
Rendered 3792/4051, time remaining: 8s
Rendered 3793/4051, time remaining: 8s
Rendered 3794/4051, time remaining: 8s
Rendered 3795/4051, time remaining: 8s
Rendered 3796/4051, time remaining: 8s
Rendered 3797/4051, time remaining: 8s
Rendered 3798/4051, time remaining: 8s
Rendered 3799/4051, time remaining: 8s
Rendered 3800/4051, time remaining: 8s
Rendered 3801/4051, time remaining: 8s
Rendered 3802/4051, time remaining: 8s
Rendered 3803/4051, time remaining: 8s
Rendered 3804/4051, time remaining: 8s
Rendered 3805/4051, time remaining: 8s
Rendered 3806/4051, time remaining: 8s
Rendered 3807/4051, time remaining: 8s
Rendered 3808/4051, time remaining: 8s
Rendered 3809/4051, time remaining: 8s
Rendered 3810/4051, time remaining: 8s
Rendered 3811/4051, time remaining: 8s
Rendered 3812/4051, time remaining: 8s
Rendered 3813/4051, time remaining: 8s
Rendered 3814/4051, time remaining: 7s
Rendered 3815/4051, time remaining: 7s
Rendered 3816/4051, time remaining: 8s
Rendered 3817/4051, time remaining: 7s
Rendered 3818/4051, time remaining: 7s
Rendered 3819/4051, time remaining: 7s
Rendered 3820/4051, time remaining: 7s
Rendered 3821/4051, time remaining: 7s
Rendered 3822/4051, time remaining: 7s
Rendered 3823/4051, time remaining: 7s
Rendered 3824/4051, time remaining: 7s
Rendered 3825/4051, time remaining: 7s
Rendered 3826/4051, time remaining: 7s
Rendered 3827/4051, time remaining: 7s
Rendered 3828/4051, time remaining: 7s
Rendered 3829/4051, time remaining: 7s
Rendered 3830/4051, time remaining: 7s
Rendered 3831/4051, time remaining: 7s
Rendered 3832/4051, time remaining: 7s
Rendered 3833/4051, time remaining: 7s
Rendered 3834/4051, time remaining: 7s
Rendered 3835/4051, time remaining: 7s
Rendered 3836/4051, time remaining: 7s
Rendered 3837/4051, time remaining: 7s
Rendered 3838/4051, time remaining: 7s
Rendered 3839/4051, time remaining: 7s
Rendered 3840/4051, time remaining: 7s
Rendered 3841/4051, time remaining: 7s
Rendered 3842/4051, time remaining: 6s
Rendered 3843/4051, time remaining: 6s
Rendered 3844/4051, time remaining: 6s
Rendered 3845/4051, time remaining: 6s
Rendered 3846/4051, time remaining: 6s
Rendered 3847/4051, time remaining: 6s
Rendered 3848/4051, time remaining: 6s
Rendered 3849/4051, time remaining: 6s
Rendered 3850/4051, time remaining: 6s
Rendered 3851/4051, time remaining: 6s
Rendered 3852/4051, time remaining: 6s
Rendered 3853/4051, time remaining: 6s
Rendered 3854/4051, time remaining: 6s
Rendered 3855/4051, time remaining: 6s
Rendered 3856/4051, time remaining: 6s
Rendered 3857/4051, time remaining: 6s
Rendered 3858/4051, time remaining: 6s
Rendered 3859/4051, time remaining: 6s
Rendered 3860/4051, time remaining: 6s
Rendered 3861/4051, time remaining: 6s
Rendered 3862/4051, time remaining: 6s
Rendered 3863/4051, time remaining: 6s
Rendered 3864/4051, time remaining: 6s
Rendered 3865/4051, time remaining: 6s
Rendered 3866/4051, time remaining: 6s
Rendered 3867/4051, time remaining: 6s
Rendered 3868/4051, time remaining: 6s
Rendered 3869/4051, time remaining: 6s
Rendered 3870/4051, time remaining: 6s
Rendered 3871/4051, time remaining: 6s
Rendered 3872/4051, time remaining: 6s
Rendered 3873/4051, time remaining: 6s
Rendered 3874/4051, time remaining: 5s
Rendered 3875/4051, time remaining: 5s
Rendered 3876/4051, time remaining: 5s
Rendered 3877/4051, time remaining: 5s
Rendered 3878/4051, time remaining: 5s
Rendered 3879/4051, time remaining: 5s
Rendered 3880/4051, time remaining: 5s
Rendered 3881/4051, time remaining: 5s
Rendered 3882/4051, time remaining: 5s
Rendered 3883/4051, time remaining: 5s
Rendered 3884/4051, time remaining: 5s
Rendered 3885/4051, time remaining: 5s
Rendered 3886/4051, time remaining: 5s
Rendered 3887/4051, time remaining: 5s
Rendered 3888/4051, time remaining: 5s
Rendered 3889/4051, time remaining: 5s
Rendered 3890/4051, time remaining: 5s
Rendered 3891/4051, time remaining: 5s
Rendered 3892/4051, time remaining: 5s
Rendered 3893/4051, time remaining: 5s
Rendered 3894/4051, time remaining: 5s
Rendered 3895/4051, time remaining: 5s
Rendered 3896/4051, time remaining: 5s
Rendered 3897/4051, time remaining: 5s
Rendered 3898/4051, time remaining: 5s
Rendered 3899/4051, time remaining: 5s
Rendered 3900/4051, time remaining: 4s
Rendered 3901/4051, time remaining: 4s
Rendered 3902/4051, time remaining: 4s
Rendered 3903/4051, time remaining: 4s
Rendered 3904/4051, time remaining: 4s
Rendered 3905/4051, time remaining: 4s
Rendered 3906/4051, time remaining: 4s
Rendered 3907/4051, time remaining: 4s
Rendered 3908/4051, time remaining: 4s
Rendered 3909/4051, time remaining: 4s
Rendered 3910/4051, time remaining: 4s
Rendered 3911/4051, time remaining: 4s
Rendered 3912/4051, time remaining: 4s
Rendered 3913/4051, time remaining: 4s
Rendered 3914/4051, time remaining: 4s
Rendered 3915/4051, time remaining: 4s
Rendered 3916/4051, time remaining: 4s
Rendered 3917/4051, time remaining: 4s
Rendered 3918/4051, time remaining: 4s
Rendered 3919/4051, time remaining: 4s
Rendered 3920/4051, time remaining: 4s
Rendered 3921/4051, time remaining: 4s
Rendered 3922/4051, time remaining: 4s
Rendered 3923/4051, time remaining: 4s
Rendered 3924/4051, time remaining: 4s
Rendered 3925/4051, time remaining: 4s
Rendered 3926/4051, time remaining: 4s
Rendered 3927/4051, time remaining: 4s
Rendered 3928/4051, time remaining: 4s
Rendered 3929/4051, time remaining: 4s
Rendered 3930/4051, time remaining: 3s
Rendered 3931/4051, time remaining: 3s
Rendered 3932/4051, time remaining: 3s
Rendered 3933/4051, time remaining: 3s
Rendered 3934/4051, time remaining: 3s
Rendered 3935/4051, time remaining: 3s
Rendered 3936/4051, time remaining: 3s
Rendered 3937/4051, time remaining: 3s
Rendered 3938/4051, time remaining: 3s
Rendered 3939/4051, time remaining: 3s
Rendered 3940/4051, time remaining: 3s
Rendered 3941/4051, time remaining: 3s
Rendered 3942/4051, time remaining: 3s
Rendered 3943/4051, time remaining: 3s
Rendered 3944/4051, time remaining: 3s
Rendered 3945/4051, time remaining: 3s
Rendered 3946/4051, time remaining: 3s
Rendered 3947/4051, time remaining: 3s
Rendered 3948/4051, time remaining: 3s
Rendered 3949/4051, time remaining: 3s
Rendered 3950/4051, time remaining: 3s
Rendered 3951/4051, time remaining: 3s
Rendered 3952/4051, time remaining: 3s
Rendered 3953/4051, time remaining: 3s
Rendered 3954/4051, time remaining: 3s
Rendered 3955/4051, time remaining: 3s
Rendered 3956/4051, time remaining: 3s
Rendered 3957/4051, time remaining: 3s
Rendered 3958/4051, time remaining: 3s
Rendered 3959/4051, time remaining: 3s
Rendered 3960/4051, time remaining: 3s
Rendered 3961/4051, time remaining: 2s
Rendered 3962/4051, time remaining: 2s
Rendered 3963/4051, time remaining: 2s
Rendered 3964/4051, time remaining: 2s
Rendered 3965/4051, time remaining: 2s
Rendered 3966/4051, time remaining: 2s
Rendered 3967/4051, time remaining: 2s
Rendered 3968/4051, time remaining: 2s
Rendered 3969/4051, time remaining: 2s
Rendered 3970/4051, time remaining: 2s
Rendered 3971/4051, time remaining: 2s
Rendered 3972/4051, time remaining: 2s
Rendered 3973/4051, time remaining: 2s
Rendered 3974/4051, time remaining: 2s
Rendered 3975/4051, time remaining: 2s
Rendered 3976/4051, time remaining: 2s
Rendered 3977/4051, time remaining: 2s
Rendered 3978/4051, time remaining: 2s
Rendered 3979/4051, time remaining: 2s
Rendered 3980/4051, time remaining: 2s
Rendered 3981/4051, time remaining: 2s
Rendered 3982/4051, time remaining: 2s
Rendered 3983/4051, time remaining: 2s
Rendered 3984/4051, time remaining: 2s
Rendered 3985/4051, time remaining: 2s
Rendered 3986/4051, time remaining: 2s
Rendered 3987/4051, time remaining: 2s
Rendered 3988/4051, time remaining: 2s
Rendered 3989/4051, time remaining: 2s
Rendered 3990/4051, time remaining: 2s
Rendered 3991/4051, time remaining: 2s
Rendered 3992/4051, time remaining: 1s
Rendered 3993/4051, time remaining: 1s
Rendered 3994/4051, time remaining: 1s
Rendered 3995/4051, time remaining: 1s
Rendered 3996/4051, time remaining: 1s
Rendered 3997/4051, time remaining: 1s
Rendered 3998/4051, time remaining: 1s
Rendered 3999/4051, time remaining: 1s
Rendered 4000/4051, time remaining: 1s
Rendered 4001/4051, time remaining: 1s
Rendered 4002/4051, time remaining: 1s
Rendered 4003/4051, time remaining: 1s
Rendered 4004/4051, time remaining: 1s
Rendered 4005/4051, time remaining: 1s
Rendered 4006/4051, time remaining: 1s
Rendered 4007/4051, time remaining: 1s
Rendered 4008/4051, time remaining: 1s
Rendered 4009/4051, time remaining: 1s
Rendered 4010/4051, time remaining: 1s
Rendered 4011/4051, time remaining: 1s
Rendered 4012/4051, time remaining: 1s
Rendered 4013/4051, time remaining: 1s
Rendered 4014/4051, time remaining: 1s
Rendered 4015/4051, time remaining: 1s
Rendered 4016/4051, time remaining: 1s
Rendered 4017/4051, time remaining: 1s
Rendered 4018/4051, time remaining: 1s
Rendered 4019/4051, time remaining: 1s
Rendered 4020/4051, time remaining: 1s
Rendered 4021/4051, time remaining: 0s
Rendered 4022/4051, time remaining: 0s
Rendered 4023/4051, time remaining: 0s
Rendered 4024/4051, time remaining: 0s
Rendered 4025/4051, time remaining: 0s
Rendered 4026/4051, time remaining: 0s
Rendered 4027/4051, time remaining: 0s
Rendered 4028/4051, time remaining: 0s
Rendered 4029/4051, time remaining: 0s
Rendered 4030/4051, time remaining: 0s
Rendered 4031/4051, time remaining: 0s
Rendered 4032/4051, time remaining: 0s
Rendered 4033/4051, time remaining: 0s
Rendered 4034/4051, time remaining: 0s
Rendered 4035/4051, time remaining: 0s
Rendered 4036/4051, time remaining: 0s
Rendered 4037/4051, time remaining: 0s
Rendered 4038/4051, time remaining: 0s
Rendered 4039/4051, time remaining: 0s
Rendered 4040/4051, time remaining: 0s
Rendered 4041/4051, time remaining: 0s
Rendered 4042/4051, time remaining: 0s
Rendered 4043/4051, time remaining: 0s
Rendered 4044/4051, time remaining: 0s
Rendered 4045/4051, time remaining: 0s
Rendered 4046/4051, time remaining: 0s
Rendered 4047/4051, time remaining: 0s
Rendered 4048/4051, time remaining: 0s
Rendered 4049/4051, time remaining: 0s
Rendered 4050/4051, time remaining: 0s
Rendered 4051/4051
Encoded 37/4051
Encoded 117/4051
Encoded 199/4051
Encoded 291/4051
Encoded 379/4051
Encoded 469/4051
Encoded 557/4051
Encoded 655/4051
Encoded 760/4051
Encoded 862/4051
Encoded 973/4051
Encoded 1098/4051
Encoded 1222/4051
Encoded 1341/4051
Encoded 1455/4051
Encoded 1570/4051
Encoded 1687/4051
Encoded 1770/4051
Encoded 1862/4051
Encoded 1950/4051
Encoded 2055/4051
Encoded 2159/4051
Encoded 2280/4051
Encoded 2389/4051
Encoded 2491/4051
Encoded 2600/4051
Encoded 2724/4051
Encoded 2842/4051
Encoded 2956/4051
Encoded 3072/4051
Encoded 3168/4051
Encoded 3266/4051
Encoded 3365/4051
Encoded 3462/4051
Encoded 3576/4051
Encoded 3687/4051
Encoded 3788/4051
Encoded 3893/4051
Encoded 4001/4051
Encoded 4051/4051
+                    ../projects/import-china-india-te/renders/ch13.mp4 16.6 MB
Bundling 6%
Bundling 16%
Bundling 63%
Bundling 69%
Bundling 74%
Bundling 80%
Bundling 85%
Bundling 90%
Bundling 95%
Bundling 100%
Getting composition
Composition          Explainer
Codec                h264
Output               ../projects/import-china-india-te/renders/ch14.mp4
Concurrency          8x
Rendered 0/3908
Rendered 1/3908, time remaining: 58m 55s
Rendered 2/3908, time remaining: 29m 33s
Rendered 3/3908, time remaining: 19m 41s
Rendered 4/3908, time remaining: 14m 47s
Rendered 5/3908, time remaining: 11m 49s
Rendered 6/3908, time remaining: 9m 56s
Rendered 7/3908, time remaining: 8m 49s
Rendered 8/3908, time remaining: 8m 22s
Rendered 9/3908, time remaining: 8m 22s
Rendered 10/3908, time remaining: 7m 34s
Rendered 11/3908, time remaining: 7m 20s
Rendered 12/3908, time remaining: 6m 44s
Rendered 13/3908, time remaining: 6m 13s
Rendered 14/3908, time remaining: 5m 48s
Rendered 15/3908, time remaining: 5m 31s
Rendered 16/3908, time remaining: 5m 28s
Rendered 17/3908, time remaining: 5m 9s
Rendered 18/3908, time remaining: 4m 52s
Rendered 19/3908, time remaining: 5m 6s
Rendered 20/3908, time remaining: 5m 4s
Rendered 21/3908, time remaining: 4m 50s
Rendered 22/3908, time remaining: 4m 37s
Rendered 23/3908, time remaining: 4m 25s
Rendered 24/3908, time remaining: 4m 28s
Rendered 25/3908, time remaining: 4m 18s
Rendered 26/3908, time remaining: 4m 8s
Rendered 27/3908, time remaining: 4m 13s
Rendered 28/3908, time remaining: 4m 11s
Rendered 29/3908, time remaining: 4m 5s
Rendered 30/3908, time remaining: 3m 57s
Rendered 31/3908, time remaining: 3m 58s
Rendered 32/3908, time remaining: 3m 52s
Rendered 33/3908, time remaining: 3m 45s
Rendered 34/3908, time remaining: 3m 38s
Rendered 35/3908, time remaining: 3m 42s
Rendered 36/3908, time remaining: 3m 46s
Rendered 37/3908, time remaining: 3m 40s
Rendered 38/3908, time remaining: 3m 35s
Rendered 39/3908, time remaining: 3m 30s
Rendered 40/3908, time remaining: 3m 32s
Rendered 41/3908, time remaining: 3m 27s
Rendered 42/3908, time remaining: 3m 22s
Rendered 43/3908, time remaining: 3m 17s
Rendered 44/3908, time remaining: 3m 23s
Rendered 45/3908, time remaining: 3m 25s
Rendered 46/3908, time remaining: 3m 20s
Rendered 47/3908, time remaining: 3m 23s
Rendered 48/3908, time remaining: 3m 20s
Rendered 49/3908, time remaining: 3m 16s
Rendered 50/3908, time remaining: 3m 12s
Rendered 51/3908, time remaining: 3m 9s
Rendered 52/3908, time remaining: 3m 8s
Rendered 53/3908, time remaining: 3m 5s
Rendered 54/3908, time remaining: 3m 6s
Rendered 55/3908, time remaining: 3m 12s
Rendered 56/3908, time remaining: 3m 9s
Rendered 57/3908, time remaining: 3m 5s
Rendered 58/3908, time remaining: 3m 4s
Rendered 59/3908, time remaining: 3m 2s
Rendered 60/3908, time remaining: 2m 59s
Rendered 61/3908, time remaining: 3m 3s
Rendered 62/3908, time remaining: 3m 0s
Rendered 63/3908, time remaining: 3m 2s
Rendered 64/3908, time remaining: 2m 59s
Rendered 65/3908, time remaining: 2m 57s
Rendered 66/3908, time remaining: 2m 55s
Rendered 67/3908, time remaining: 2m 58s
Rendered 68/3908, time remaining: 2m 55s
Rendered 69/3908, time remaining: 2m 57s
Rendered 70/3908, time remaining: 2m 54s
Rendered 71/3908, time remaining: 2m 57s
Rendered 72/3908, time remaining: 2m 54s
Rendered 73/3908, time remaining: 2m 53s
Rendered 74/3908, time remaining: 2m 50s
Rendered 75/3908, time remaining: 2m 49s
Rendered 76/3908, time remaining: 2m 50s
Rendered 77/3908, time remaining: 2m 47s
Rendered 78/3908, time remaining: 2m 45s
Rendered 79/3908, time remaining: 2m 51s
Rendered 80/3908, time remaining: 2m 49s
Rendered 81/3908, time remaining: 2m 50s
Rendered 82/3908, time remaining: 2m 48s
Rendered 83/3908, time remaining: 2m 46s
Rendered 84/3908, time remaining: 2m 44s
Rendered 85/3908, time remaining: 2m 42s
Rendered 86/3908, time remaining: 2m 41s
Rendered 87/3908, time remaining: 2m 42s
Rendered 88/3908, time remaining: 2m 46s
Rendered 89/3908, time remaining: 2m 45s
Rendered 90/3908, time remaining: 2m 44s
Rendered 91/3908, time remaining: 2m 43s
Rendered 92/3908, time remaining: 2m 41s
Rendered 93/3908, time remaining: 2m 40s
Rendered 94/3908, time remaining: 2m 39s
Rendered 95/3908, time remaining: 2m 39s
Rendered 96/3908, time remaining: 2m 39s
Rendered 97/3908, time remaining: 2m 43s
Rendered 98/3908, time remaining: 2m 41s
Rendered 99/3908, time remaining: 2m 42s
Rendered 100/3908, time remaining: 2m 40s
Rendered 101/3908, time remaining: 2m 38s
Rendered 102/3908, time remaining: 2m 37s
Rendered 103/3908, time remaining: 2m 36s
Rendered 104/3908, time remaining: 2m 37s
Rendered 105/3908, time remaining: 2m 39s
Rendered 106/3908, time remaining: 2m 39s
Rendered 107/3908, time remaining: 2m 38s
Rendered 108/3908, time remaining: 2m 37s
Rendered 109/3908, time remaining: 2m 36s
Rendered 110/3908, time remaining: 2m 38s
Rendered 111/3908, time remaining: 2m 37s
Rendered 112/3908, time remaining: 2m 36s
Rendered 113/3908, time remaining: 2m 35s
Rendered 114/3908, time remaining: 2m 37s
Rendered 115/3908, time remaining: 2m 36s
Rendered 116/3908, time remaining: 2m 35s
Rendered 117/3908, time remaining: 2m 34s
Rendered 118/3908, time remaining: 2m 34s
Rendered 119/3908, time remaining: 2m 33s
Rendered 120/3908, time remaining: 2m 31s
Rendered 121/3908, time remaining: 2m 30s
Rendered 122/3908, time remaining: 2m 34s
Rendered 123/3908, time remaining: 2m 33s
Rendered 124/3908, time remaining: 2m 32s
Rendered 125/3908, time remaining: 2m 32s
Rendered 126/3908, time remaining: 2m 32s
Rendered 127/3908, time remaining: 2m 32s
Rendered 128/3908, time remaining: 2m 31s
Rendered 129/3908, time remaining: 2m 30s
Rendered 130/3908, time remaining: 2m 33s
Rendered 131/3908, time remaining: 2m 32s
Rendered 132/3908, time remaining: 2m 31s
Rendered 133/3908, time remaining: 2m 32s
Rendered 134/3908, time remaining: 2m 30s
Rendered 135/3908, time remaining: 2m 29s
Rendered 136/3908, time remaining: 2m 28s
Rendered 137/3908, time remaining: 2m 28s
Rendered 138/3908, time remaining: 2m 27s
Rendered 139/3908, time remaining: 2m 31s
Rendered 140/3908, time remaining: 2m 30s
Rendered 141/3908, time remaining: 2m 29s
Rendered 142/3908, time remaining: 2m 28s
Rendered 143/3908, time remaining: 2m 29s
Rendered 144/3908, time remaining: 2m 28s
Rendered 145/3908, time remaining: 2m 27s
Rendered 146/3908, time remaining: 2m 26s
Rendered 147/3908, time remaining: 2m 30s
Rendered 148/3908, time remaining: 2m 29s
Rendered 149/3908, time remaining: 2m 28s
Rendered 150/3908, time remaining: 2m 27s
Rendered 151/3908, time remaining: 2m 7s
Rendered 152/3908, time remaining: 2m 7s
Rendered 153/3908, time remaining: 2m 7s
Rendered 154/3908, time remaining: 2m 7s
Rendered 155/3908, time remaining: 2m 9s
Rendered 156/3908, time remaining: 2m 9s
Rendered 157/3908, time remaining: 2m 8s
Rendered 158/3908, time remaining: 2m 6s
Rendered 159/3908, time remaining: 2m 7s
Rendered 160/3908, time remaining: 2m 7s
Rendered 161/3908, time remaining: 2m 5s
Rendered 162/3908, time remaining: 2m 5s
Rendered 163/3908, time remaining: 2m 7s
Rendered 164/3908, time remaining: 2m 6s
Rendered 165/3908, time remaining: 2m 6s
Rendered 166/3908, time remaining: 2m 6s
Rendered 167/3908, time remaining: 2m 7s
Rendered 168/3908, time remaining: 2m 7s
Rendered 169/3908, time remaining: 2m 4s
Rendered 170/3908, time remaining: 2m 6s
Rendered 171/3908, time remaining: 2m 6s
Rendered 172/3908, time remaining: 2m 7s
Rendered 173/3908, time remaining: 2m 7s
Rendered 174/3908, time remaining: 2m 5s
Rendered 175/3908, time remaining: 2m 5s
Rendered 176/3908, time remaining: 2m 5s
Rendered 177/3908, time remaining: 2m 5s
Rendered 178/3908, time remaining: 2m 6s
Rendered 179/3908, time remaining: 2m 5s
Rendered 180/3908, time remaining: 2m 6s
Rendered 181/3908, time remaining: 2m 5s
Rendered 182/3908, time remaining: 2m 5s
Rendered 183/3908, time remaining: 2m 5s
Rendered 184/3908, time remaining: 2m 7s
Rendered 185/3908, time remaining: 2m 6s
Rendered 186/3908, time remaining: 2m 3s
Rendered 187/3908, time remaining: 2m 6s
Rendered 188/3908, time remaining: 2m 6s
Rendered 189/3908, time remaining: 2m 6s
Rendered 190/3908, time remaining: 2m 4s
Rendered 191/3908, time remaining: 2m 5s
Rendered 192/3908, time remaining: 2m 7s
Rendered 193/3908, time remaining: 2m 7s
Rendered 194/3908, time remaining: 2m 6s
Rendered 195/3908, time remaining: 2m 5s
Rendered 196/3908, time remaining: 2m 6s
Rendered 197/3908, time remaining: 2m 4s
Rendered 198/3908, time remaining: 2m 4s
Rendered 199/3908, time remaining: 2m 5s
Rendered 200/3908, time remaining: 2m 5s
Rendered 201/3908, time remaining: 2m 6s
Rendered 202/3908, time remaining: 2m 6s
Rendered 203/3908, time remaining: 2m 6s
Rendered 204/3908, time remaining: 2m 7s
Rendered 205/3908, time remaining: 2m 4s
Rendered 206/3908, time remaining: 2m 4s
Rendered 207/3908, time remaining: 2m 4s
Rendered 208/3908, time remaining: 2m 4s
Rendered 209/3908, time remaining: 2m 4s
Rendered 210/3908, time remaining: 2m 4s
Rendered 211/3908, time remaining: 2m 2s
Rendered 212/3908, time remaining: 2m 6s
Rendered 213/3908, time remaining: 2m 5s
Rendered 214/3908, time remaining: 2m 6s
Rendered 215/3908, time remaining: 2m 6s
Rendered 216/3908, time remaining: 2m 5s
Rendered 217/3908, time remaining: 2m 3s
Rendered 218/3908, time remaining: 2m 3s
Rendered 219/3908, time remaining: 2m 3s
Rendered 220/3908, time remaining: 2m 6s
Rendered 221/3908, time remaining: 2m 4s
Rendered 222/3908, time remaining: 2m 5s
Rendered 223/3908, time remaining: 2m 5s
Rendered 224/3908, time remaining: 2m 5s
Rendered 225/3908, time remaining: 2m 4s
Rendered 226/3908, time remaining: 2m 3s
Rendered 227/3908, time remaining: 2m 4s
Rendered 228/3908, time remaining: 2m 7s
Rendered 229/3908, time remaining: 2m 5s
Rendered 230/3908, time remaining: 2m 5s
Rendered 231/3908, time remaining: 2m 4s
Rendered 232/3908, time remaining: 2m 4s
Rendered 233/3908, time remaining: 2m 4s
Rendered 234/3908, time remaining: 2m 5s
Rendered 235/3908, time remaining: 2m 5s
Rendered 236/3908, time remaining: 2m 7s
Rendered 237/3908, time remaining: 2m 6s
Rendered 238/3908, time remaining: 2m 4s
Rendered 239/3908, time remaining: 2m 3s
Rendered 240/3908, time remaining: 2m 3s
Rendered 241/3908, time remaining: 2m 4s
Rendered 242/3908, time remaining: 2m 4s
Rendered 243/3908, time remaining: 2m 4s
Rendered 244/3908, time remaining: 2m 6s
Rendered 245/3908, time remaining: 2m 6s
Rendered 246/3908, time remaining: 2m 6s
Rendered 247/3908, time remaining: 2m 3s
Rendered 248/3908, time remaining: 2m 3s
Rendered 249/3908, time remaining: 2m 1s
Rendered 250/3908, time remaining: 2m 2s
Rendered 251/3908, time remaining: 2m 3s
Rendered 252/3908, time remaining: 2m 5s
Rendered 253/3908, time remaining: 2m 6s
Rendered 254/3908, time remaining: 2m 5s
Rendered 255/3908, time remaining: 2m 3s
Rendered 256/3908, time remaining: 2m 2s
Rendered 257/3908, time remaining: 2m 2s
Rendered 258/3908, time remaining: 2m 2s
Rendered 259/3908, time remaining: 2m 2s
Rendered 260/3908, time remaining: 2m 2s
Rendered 261/3908, time remaining: 2m 3s
Rendered 262/3908, time remaining: 2m 3s
Rendered 263/3908, time remaining: 2m 3s
Rendered 264/3908, time remaining: 2m 1s
Rendered 265/3908, time remaining: 2m 1s
Rendered 266/3908, time remaining: 2m 3s
Rendered 267/3908, time remaining: 2m 3s
Rendered 268/3908, time remaining: 2m 4s
Rendered 269/3908, time remaining: 2m 4s
Rendered 270/3908, time remaining: 2m 4s
Rendered 271/3908, time remaining: 2m 4s
Rendered 272/3908, time remaining: 2m 2s
Rendered 273/3908, time remaining: 2m 1s
Rendered 274/3908, time remaining: 2m 1s
Rendered 275/3908, time remaining: 2m 1s
Rendered 276/3908, time remaining: 2m 3s
Rendered 277/3908, time remaining: 2m 3s
Rendered 278/3908, time remaining: 2m 3s
Rendered 279/3908, time remaining: 2m 5s
Rendered 280/3908, time remaining: 2m 1s
Rendered 281/3908, time remaining: 2m 0s
Rendered 282/3908, time remaining: 2m 0s
Rendered 283/3908, time remaining: 2m 1s
Rendered 284/3908, time remaining: 2m 3s
Rendered 285/3908, time remaining: 2m 3s
Rendered 286/3908, time remaining: 2m 3s
Rendered 287/3908, time remaining: 2m 4s
Rendered 288/3908, time remaining: 2m 3s
Rendered 289/3908, time remaining: 1m 59s
Rendered 290/3908, time remaining: 1m 59s
Rendered 291/3908, time remaining: 2m 2s
Rendered 292/3908, time remaining: 2m 3s
Rendered 293/3908, time remaining: 2m 2s
Rendered 294/3908, time remaining: 2m 2s
Rendered 295/3908, time remaining: 2m 3s
Rendered 296/3908, time remaining: 2m 3s
Rendered 297/3908, time remaining: 1m 59s
Rendered 298/3908, time remaining: 1m 59s
Rendered 299/3908, time remaining: 2m 1s
Rendered 300/3908, time remaining: 2m 3s
Rendered 301/3908, time remaining: 2m 0s
Rendered 302/3908, time remaining: 1m 59s
Rendered 303/3908, time remaining: 2m 2s
Rendered 304/3908, time remaining: 2m 2s
Rendered 305/3908, time remaining: 2m 1s
Rendered 306/3908, time remaining: 2m 1s
Rendered 307/3908, time remaining: 2m 1s
Rendered 308/3908, time remaining: 2m 3s
Rendered 309/3908, time remaining: 1m 58s
Rendered 310/3908, time remaining: 1m 58s
Rendered 311/3908, time remaining: 2m 1s
Rendered 312/3908, time remaining: 2m 1s
Rendered 313/3908, time remaining: 2m 0s
Rendered 314/3908, time remaining: 2m 1s
Rendered 315/3908, time remaining: 2m 2s
Rendered 316/3908, time remaining: 2m 1s
Rendered 317/3908, time remaining: 2m 1s
Rendered 318/3908, time remaining: 2m 2s
Rendered 319/3908, time remaining: 2m 1s
Rendered 320/3908, time remaining: 1m 58s
Rendered 321/3908, time remaining: 1m 58s
Rendered 322/3908, time remaining: 1m 59s
Rendered 323/3908, time remaining: 1m 59s
Rendered 324/3908, time remaining: 1m 59s
Rendered 325/3908, time remaining: 1m 59s
Rendered 326/3908, time remaining: 2m 2s
Rendered 327/3908, time remaining: 2m 1s
Rendered 328/3908, time remaining: 1m 58s
Rendered 329/3908, time remaining: 1m 59s
Rendered 330/3908, time remaining: 2m 0s
Rendered 331/3908, time remaining: 1m 58s
Rendered 332/3908, time remaining: 1m 58s
Rendered 333/3908, time remaining: 1m 58s
Rendered 334/3908, time remaining: 1m 58s
Rendered 335/3908, time remaining: 1m 57s
Rendered 336/3908, time remaining: 1m 57s
Rendered 337/3908, time remaining: 1m 55s
Rendered 338/3908, time remaining: 1m 55s
Rendered 339/3908, time remaining: 1m 55s
Rendered 340/3908, time remaining: 1m 55s
Rendered 341/3908, time remaining: 1m 55s
Rendered 342/3908, time remaining: 1m 53s
Rendered 343/3908, time remaining: 1m 53s
Rendered 344/3908, time remaining: 1m 51s
Rendered 345/3908, time remaining: 1m 51s
Rendered 346/3908, time remaining: 1m 50s
Rendered 347/3908, time remaining: 1m 51s
Rendered 348/3908, time remaining: 1m 51s
Rendered 349/3908, time remaining: 1m 49s
Rendered 350/3908, time remaining: 1m 50s
Rendered 351/3908, time remaining: 1m 49s
Rendered 352/3908, time remaining: 1m 49s
Rendered 353/3908, time remaining: 1m 48s
Rendered 354/3908, time remaining: 1m 50s
Rendered 355/3908, time remaining: 1m 50s
Rendered 356/3908, time remaining: 1m 50s
Rendered 357/3908, time remaining: 1m 50s
Rendered 358/3908, time remaining: 1m 50s
Rendered 359/3908, time remaining: 1m 50s
Rendered 360/3908, time remaining: 1m 50s
Rendered 361/3908, time remaining: 1m 50s
Rendered 362/3908, time remaining: 1m 47s
Rendered 363/3908, time remaining: 1m 49s
Rendered 364/3908, time remaining: 1m 48s
Rendered 365/3908, time remaining: 1m 49s
Rendered 366/3908, time remaining: 1m 49s
Rendered 367/3908, time remaining: 1m 49s
Rendered 368/3908, time remaining: 1m 49s
Rendered 369/3908, time remaining: 1m 51s
Rendered 370/3908, time remaining: 1m 49s
Rendered 371/3908, time remaining: 1m 49s
Rendered 372/3908, time remaining: 1m 48s
Rendered 373/3908, time remaining: 1m 48s
Rendered 374/3908, time remaining: 1m 49s
Rendered 375/3908, time remaining: 1m 49s
Rendered 376/3908, time remaining: 1m 51s
Rendered 377/3908, time remaining: 1m 50s
Rendered 378/3908, time remaining: 1m 49s
Rendered 379/3908, time remaining: 1m 48s
Rendered 380/3908, time remaining: 1m 47s
Rendered 381/3908, time remaining: 1m 48s
Rendered 382/3908, time remaining: 1m 48s
Rendered 383/3908, time remaining: 1m 47s
Rendered 384/3908, time remaining: 1m 50s
Rendered 385/3908, time remaining: 1m 50s
Rendered 386/3908, time remaining: 1m 48s
Rendered 387/3908, time remaining: 1m 48s
Rendered 388/3908, time remaining: 1m 47s
Rendered 389/3908, time remaining: 1m 47s
Rendered 390/3908, time remaining: 1m 48s
Rendered 391/3908, time remaining: 1m 46s
Rendered 392/3908, time remaining: 1m 49s
Rendered 393/3908, time remaining: 1m 49s
Rendered 394/3908, time remaining: 1m 47s
Rendered 395/3908, time remaining: 1m 47s
Rendered 396/3908, time remaining: 1m 46s
Rendered 397/3908, time remaining: 1m 48s
Rendered 398/3908, time remaining: 1m 48s
Rendered 399/3908, time remaining: 1m 48s
Rendered 400/3908, time remaining: 1m 50s
Rendered 401/3908, time remaining: 1m 49s
Rendered 402/3908, time remaining: 1m 48s
Rendered 403/3908, time remaining: 1m 46s
Rendered 404/3908, time remaining: 1m 48s
Rendered 405/3908, time remaining: 1m 47s
Rendered 406/3908, time remaining: 1m 47s
Rendered 407/3908, time remaining: 1m 47s
Rendered 408/3908, time remaining: 1m 48s
Rendered 409/3908, time remaining: 1m 50s
Rendered 410/3908, time remaining: 1m 48s
Rendered 411/3908, time remaining: 1m 46s
Rendered 412/3908, time remaining: 1m 46s
Rendered 413/3908, time remaining: 1m 48s
Rendered 414/3908, time remaining: 1m 47s
Rendered 415/3908, time remaining: 1m 47s
Rendered 416/3908, time remaining: 1m 46s
Rendered 417/3908, time remaining: 1m 49s
Rendered 418/3908, time remaining: 1m 47s
Rendered 419/3908, time remaining: 1m 46s
Rendered 420/3908, time remaining: 1m 46s
Rendered 421/3908, time remaining: 1m 48s
Rendered 422/3908, time remaining: 1m 48s
Rendered 423/3908, time remaining: 1m 48s
Rendered 424/3908, time remaining: 1m 48s
Rendered 425/3908, time remaining: 1m 48s
Rendered 426/3908, time remaining: 1m 45s
Rendered 427/3908, time remaining: 1m 45s
Rendered 428/3908, time remaining: 1m 46s
Rendered 429/3908, time remaining: 1m 47s
Rendered 430/3908, time remaining: 1m 47s
Rendered 431/3908, time remaining: 1m 47s
Rendered 432/3908, time remaining: 1m 47s
Rendered 433/3908, time remaining: 1m 47s
Rendered 434/3908, time remaining: 1m 45s
Rendered 435/3908, time remaining: 1m 45s
Rendered 436/3908, time remaining: 1m 45s
Rendered 437/3908, time remaining: 1m 46s
Rendered 438/3908, time remaining: 1m 47s
Rendered 439/3908, time remaining: 1m 47s
Rendered 440/3908, time remaining: 1m 47s
Rendered 441/3908, time remaining: 1m 46s
Rendered 442/3908, time remaining: 1m 45s
Rendered 443/3908, time remaining: 1m 45s
Rendered 444/3908, time remaining: 1m 46s
Rendered 445/3908, time remaining: 1m 47s
Rendered 446/3908, time remaining: 1m 47s
Rendered 447/3908, time remaining: 1m 47s
Rendered 448/3908, time remaining: 1m 48s
Rendered 449/3908, time remaining: 1m 45s
Rendered 450/3908, time remaining: 1m 44s
Rendered 451/3908, time remaining: 1m 44s
Rendered 452/3908, time remaining: 1m 45s
Rendered 453/3908, time remaining: 1m 44s
Rendered 454/3908, time remaining: 1m 46s
Rendered 455/3908, time remaining: 1m 46s
Rendered 456/3908, time remaining: 1m 47s
Rendered 457/3908, time remaining: 1m 46s
Rendered 458/3908, time remaining: 1m 45s
Rendered 459/3908, time remaining: 1m 46s
Rendered 460/3908, time remaining: 1m 47s
Rendered 461/3908, time remaining: 1m 46s
Rendered 462/3908, time remaining: 1m 46s
Rendered 463/3908, time remaining: 1m 47s
Rendered 464/3908, time remaining: 1m 46s
Rendered 465/3908, time remaining: 1m 46s
Rendered 466/3908, time remaining: 1m 44s
Rendered 467/3908, time remaining: 1m 44s
Rendered 468/3908, time remaining: 1m 43s
Rendered 469/3908, time remaining: 1m 43s
Rendered 470/3908, time remaining: 1m 47s
Rendered 471/3908, time remaining: 1m 47s
Rendered 472/3908, time remaining: 1m 46s
Rendered 473/3908, time remaining: 1m 46s
Rendered 474/3908, time remaining: 1m 46s
Rendered 475/3908, time remaining: 1m 46s
Rendered 476/3908, time remaining: 1m 43s
Rendered 477/3908, time remaining: 1m 43s
Rendered 478/3908, time remaining: 1m 47s
Rendered 479/3908, time remaining: 1m 46s
Rendered 480/3908, time remaining: 1m 45s
Rendered 481/3908, time remaining: 1m 45s
Rendered 482/3908, time remaining: 1m 45s
Rendered 483/3908, time remaining: 1m 45s
Rendered 484/3908, time remaining: 1m 45s
Rendered 485/3908, time remaining: 1m 45s
Rendered 486/3908, time remaining: 1m 50s
Rendered 487/3908, time remaining: 1m 49s
Rendered 488/3908, time remaining: 1m 49s
Rendered 489/3908, time remaining: 1m 49s
Rendered 490/3908, time remaining: 1m 49s
Rendered 491/3908, time remaining: 1m 49s
Rendered 492/3908, time remaining: 1m 49s
Rendered 493/3908, time remaining: 1m 50s
Rendered 494/3908, time remaining: 1m 54s
Rendered 495/3908, time remaining: 1m 54s
Rendered 496/3908, time remaining: 1m 53s
Rendered 497/3908, time remaining: 1m 53s
Rendered 498/3908, time remaining: 1m 54s
Rendered 499/3908, time remaining: 1m 54s
Rendered 500/3908, time remaining: 1m 54s
Rendered 501/3908, time remaining: 1m 54s
Rendered 502/3908, time remaining: 1m 57s
Rendered 503/3908, time remaining: 1m 57s
Rendered 504/3908, time remaining: 1m 53s
Rendered 505/3908, time remaining: 1m 53s
Rendered 506/3908, time remaining: 1m 53s
Rendered 507/3908, time remaining: 1m 53s
Rendered 508/3908, time remaining: 1m 52s
Rendered 509/3908, time remaining: 1m 53s
Rendered 510/3908, time remaining: 1m 57s
Rendered 511/3908, time remaining: 1m 57s
Rendered 512/3908, time remaining: 1m 56s
Rendered 513/3908, time remaining: 1m 53s
Rendered 514/3908, time remaining: 1m 53s
Rendered 515/3908, time remaining: 1m 55s
Rendered 516/3908, time remaining: 1m 55s
Rendered 517/3908, time remaining: 1m 55s
Rendered 518/3908, time remaining: 1m 56s
Rendered 519/3908, time remaining: 1m 54s
Rendered 520/3908, time remaining: 1m 53s
Rendered 521/3908, time remaining: 1m 53s
Rendered 522/3908, time remaining: 1m 54s
Rendered 523/3908, time remaining: 1m 55s
Rendered 524/3908, time remaining: 1m 55s
Rendered 525/3908, time remaining: 1m 56s
Rendered 526/3908, time remaining: 1m 53s
Rendered 527/3908, time remaining: 1m 53s
Rendered 528/3908, time remaining: 1m 53s
Rendered 529/3908, time remaining: 1m 54s
Rendered 530/3908, time remaining: 1m 54s
Rendered 531/3908, time remaining: 1m 54s
Rendered 532/3908, time remaining: 1m 54s
Rendered 533/3908, time remaining: 1m 54s
Rendered 534/3908, time remaining: 1m 51s
Rendered 535/3908, time remaining: 1m 54s
Rendered 536/3908, time remaining: 1m 54s
Rendered 537/3908, time remaining: 1m 54s
Rendered 538/3908, time remaining: 1m 54s
Rendered 539/3908, time remaining: 1m 54s
Rendered 540/3908, time remaining: 1m 54s
Rendered 541/3908, time remaining: 1m 57s
Rendered 542/3908, time remaining: 1m 54s
Rendered 543/3908, time remaining: 1m 54s
Rendered 544/3908, time remaining: 1m 52s
Rendered 545/3908, time remaining: 1m 53s
Rendered 546/3908, time remaining: 1m 54s
Rendered 547/3908, time remaining: 1m 52s
Rendered 548/3908, time remaining: 1m 54s
Rendered 549/3908, time remaining: 1m 55s
Rendered 550/3908, time remaining: 1m 55s
Rendered 551/3908, time remaining: 1m 55s
Rendered 552/3908, time remaining: 1m 54s
Rendered 553/3908, time remaining: 1m 54s
Rendered 554/3908, time remaining: 1m 54s
Rendered 555/3908, time remaining: 1m 54s
Rendered 556/3908, time remaining: 1m 54s
Rendered 557/3908, time remaining: 1m 53s
Rendered 558/3908, time remaining: 1m 55s
Rendered 559/3908, time remaining: 1m 53s
Rendered 560/3908, time remaining: 1m 53s
Rendered 561/3908, time remaining: 1m 55s
Rendered 562/3908, time remaining: 1m 55s
Rendered 563/3908, time remaining: 1m 52s
Rendered 564/3908, time remaining: 1m 53s
Rendered 565/3908, time remaining: 1m 54s
Rendered 566/3908, time remaining: 1m 56s
Rendered 567/3908, time remaining: 1m 53s
Rendered 568/3908, time remaining: 1m 53s
Rendered 569/3908, time remaining: 1m 55s
Rendered 570/3908, time remaining: 1m 54s
Rendered 571/3908, time remaining: 1m 52s
Rendered 572/3908, time remaining: 1m 51s
Rendered 573/3908, time remaining: 1m 52s
Rendered 574/3908, time remaining: 1m 55s
Rendered 575/3908, time remaining: 1m 56s
Rendered 576/3908, time remaining: 1m 55s
Rendered 577/3908, time remaining: 1m 55s
Rendered 578/3908, time remaining: 1m 54s
Rendered 579/3908, time remaining: 1m 52s
Rendered 580/3908, time remaining: 1m 52s
Rendered 581/3908, time remaining: 1m 53s
Rendered 582/3908, time remaining: 1m 56s
Rendered 583/3908, time remaining: 1m 54s
Rendered 584/3908, time remaining: 1m 55s
Rendered 585/3908, time remaining: 1m 56s
Rendered 586/3908, time remaining: 1m 56s
Rendered 587/3908, time remaining: 1m 54s
Rendered 588/3908, time remaining: 1m 53s
Rendered 589/3908, time remaining: 1m 53s
Rendered 590/3908, time remaining: 1m 54s
Rendered 591/3908, time remaining: 1m 54s
Rendered 592/3908, time remaining: 1m 55s
Rendered 593/3908, time remaining: 1m 56s
Rendered 594/3908, time remaining: 1m 55s
Rendered 595/3908, time remaining: 1m 52s
Rendered 596/3908, time remaining: 1m 52s
Rendered 597/3908, time remaining: 1m 52s
Rendered 598/3908, time remaining: 1m 52s
Rendered 599/3908, time remaining: 1m 54s
Rendered 600/3908, time remaining: 1m 56s
Rendered 601/3908, time remaining: 1m 57s
Rendered 602/3908, time remaining: 1m 57s
Rendered 603/3908, time remaining: 1m 55s
Rendered 604/3908, time remaining: 1m 53s
Rendered 605/3908, time remaining: 1m 53s
Rendered 606/3908, time remaining: 1m 53s
Rendered 607/3908, time remaining: 1m 53s
Rendered 608/3908, time remaining: 1m 53s
Rendered 609/3908, time remaining: 1m 55s
Rendered 610/3908, time remaining: 1m 55s
Rendered 611/3908, time remaining: 1m 54s
Rendered 612/3908, time remaining: 1m 53s
Rendered 613/3908, time remaining: 1m 52s
Rendered 614/3908, time remaining: 1m 54s
Rendered 615/3908, time remaining: 1m 53s
Rendered 616/3908, time remaining: 1m 53s
Rendered 617/3908, time remaining: 1m 56s
Rendered 618/3908, time remaining: 1m 56s
Rendered 619/3908, time remaining: 1m 56s
Rendered 620/3908, time remaining: 1m 52s
Rendered 621/3908, time remaining: 1m 53s
Rendered 622/3908, time remaining: 1m 53s
Rendered 623/3908, time remaining: 1m 53s
Rendered 624/3908, time remaining: 1m 55s
Rendered 625/3908, time remaining: 1m 55s
Rendered 626/3908, time remaining: 1m 54s
Rendered 627/3908, time remaining: 1m 54s
Rendered 628/3908, time remaining: 1m 51s
Rendered 629/3908, time remaining: 1m 54s
Rendered 630/3908, time remaining: 1m 53s
Rendered 631/3908, time remaining: 1m 55s
Rendered 632/3908, time remaining: 1m 55s
Rendered 633/3908, time remaining: 1m 54s
Rendered 634/3908, time remaining: 1m 56s
Rendered 635/3908, time remaining: 1m 55s
Rendered 636/3908, time remaining: 1m 51s
Rendered 637/3908, time remaining: 1m 50s
Rendered 638/3908, time remaining: 1m 52s
Rendered 639/3908, time remaining: 1m 53s
Rendered 640/3908, time remaining: 1m 54s
Rendered 641/3908, time remaining: 1m 54s
Rendered 642/3908, time remaining: 1m 55s
Rendered 643/3908, time remaining: 1m 53s
Rendered 644/3908, time remaining: 1m 50s
Rendered 645/3908, time remaining: 1m 49s
Rendered 646/3908, time remaining: 1m 51s
Rendered 647/3908, time remaining: 1m 51s
Rendered 648/3908, time remaining: 1m 53s
Rendered 649/3908, time remaining: 1m 53s
Rendered 650/3908, time remaining: 1m 53s
Rendered 651/3908, time remaining: 1m 53s
Rendered 652/3908, time remaining: 1m 50s
Rendered 653/3908, time remaining: 1m 50s
Rendered 654/3908, time remaining: 1m 52s
Rendered 655/3908, time remaining: 1m 51s
Rendered 656/3908, time remaining: 1m 51s
Rendered 657/3908, time remaining: 1m 54s
Rendered 658/3908, time remaining: 1m 54s
Rendered 659/3908, time remaining: 1m 55s
Rendered 660/3908, time remaining: 1m 50s
Rendered 661/3908, time remaining: 1m 50s
Rendered 662/3908, time remaining: 1m 52s
Rendered 663/3908, time remaining: 1m 52s
Rendered 664/3908, time remaining: 1m 52s
Rendered 665/3908, time remaining: 1m 52s
Rendered 666/3908, time remaining: 1m 51s
Rendered 667/3908, time remaining: 1m 51s
Rendered 668/3908, time remaining: 1m 50s
Rendered 669/3908, time remaining: 1m 50s
Rendered 670/3908, time remaining: 1m 50s
Rendered 671/3908, time remaining: 1m 52s
Rendered 672/3908, time remaining: 1m 52s
Rendered 673/3908, time remaining: 1m 51s
Rendered 674/3908, time remaining: 1m 49s
Rendered 675/3908, time remaining: 1m 51s
Rendered 676/3908, time remaining: 1m 51s
Rendered 677/3908, time remaining: 1m 52s
Rendered 678/3908, time remaining: 1m 52s
Rendered 679/3908, time remaining: 1m 51s
Rendered 680/3908, time remaining: 1m 51s
Rendered 681/3908, time remaining: 1m 51s
Rendered 682/3908, time remaining: 1m 50s
Rendered 683/3908, time remaining: 1m 51s
Rendered 684/3908, time remaining: 1m 52s
Rendered 685/3908, time remaining: 1m 50s
Rendered 686/3908, time remaining: 1m 50s
Rendered 687/3908, time remaining: 1m 50s
Rendered 688/3908, time remaining: 1m 51s
Rendered 689/3908, time remaining: 1m 51s
Rendered 690/3908, time remaining: 1m 52s
Rendered 691/3908, time remaining: 1m 49s
Rendered 692/3908, time remaining: 1m 49s
Rendered 693/3908, time remaining: 1m 49s
Rendered 694/3908, time remaining: 1m 51s
Rendered 695/3908, time remaining: 1m 51s
Rendered 696/3908, time remaining: 1m 51s
Rendered 697/3908, time remaining: 1m 51s
Rendered 698/3908, time remaining: 1m 51s
Rendered 699/3908, time remaining: 1m 50s
Rendered 700/3908, time remaining: 1m 47s
Rendered 701/3908, time remaining: 1m 48s
Rendered 702/3908, time remaining: 1m 49s
Rendered 703/3908, time remaining: 1m 49s
Rendered 704/3908, time remaining: 1m 48s
Rendered 705/3908, time remaining: 1m 49s
Rendered 706/3908, time remaining: 1m 51s
Rendered 707/3908, time remaining: 1m 51s
Rendered 708/3908, time remaining: 1m 48s
Rendered 709/3908, time remaining: 1m 48s
Rendered 710/3908, time remaining: 1m 51s
Rendered 711/3908, time remaining: 1m 49s
Rendered 712/3908, time remaining: 1m 49s
Rendered 713/3908, time remaining: 1m 49s
Rendered 714/3908, time remaining: 1m 50s
Rendered 715/3908, time remaining: 1m 49s
Rendered 716/3908, time remaining: 1m 48s
Rendered 717/3908, time remaining: 1m 48s
Rendered 718/3908, time remaining: 1m 48s
Rendered 719/3908, time remaining: 1m 47s
Rendered 720/3908, time remaining: 1m 49s
Rendered 721/3908, time remaining: 1m 50s
Rendered 722/3908, time remaining: 1m 50s
Rendered 723/3908, time remaining: 1m 51s
Rendered 724/3908, time remaining: 1m 47s
Rendered 725/3908, time remaining: 1m 47s
Rendered 726/3908, time remaining: 1m 46s
Rendered 727/3908, time remaining: 1m 48s
Rendered 728/3908, time remaining: 1m 48s
Rendered 729/3908, time remaining: 1m 49s
Rendered 730/3908, time remaining: 1m 49s
Rendered 731/3908, time remaining: 1m 49s
Rendered 732/3908, time remaining: 1m 47s
Rendered 733/3908, time remaining: 1m 47s
Rendered 734/3908, time remaining: 1m 47s
Rendered 735/3908, time remaining: 1m 48s
Rendered 736/3908, time remaining: 1m 48s
Rendered 737/3908, time remaining: 1m 48s
Rendered 738/3908, time remaining: 1m 47s
Rendered 739/3908, time remaining: 1m 50s
Rendered 740/3908, time remaining: 1m 49s
Rendered 741/3908, time remaining: 1m 47s
Rendered 742/3908, time remaining: 1m 47s
Rendered 743/3908, time remaining: 1m 46s
Rendered 744/3908, time remaining: 1m 46s
Rendered 745/3908, time remaining: 1m 46s
Rendered 746/3908, time remaining: 1m 49s
Rendered 747/3908, time remaining: 1m 49s
Rendered 748/3908, time remaining: 1m 48s
Rendered 749/3908, time remaining: 1m 46s
Rendered 750/3908, time remaining: 1m 45s
Rendered 751/3908, time remaining: 1m 45s
Rendered 752/3908, time remaining: 1m 46s
Rendered 753/3908, time remaining: 1m 46s
Rendered 754/3908, time remaining: 1m 46s
Rendered 755/3908, time remaining: 1m 47s
Rendered 756/3908, time remaining: 1m 47s
Rendered 757/3908, time remaining: 1m 47s
Rendered 758/3908, time remaining: 1m 47s
Rendered 759/3908, time remaining: 1m 45s
Rendered 760/3908, time remaining: 1m 44s
Rendered 761/3908, time remaining: 1m 46s
Rendered 762/3908, time remaining: 1m 45s
Rendered 763/3908, time remaining: 1m 46s
Rendered 764/3908, time remaining: 1m 45s
Rendered 765/3908, time remaining: 1m 45s
Rendered 766/3908, time remaining: 1m 47s
Rendered 767/3908, time remaining: 1m 46s
Rendered 768/3908, time remaining: 1m 45s
Rendered 769/3908, time remaining: 1m 45s
Rendered 770/3908, time remaining: 1m 45s
Rendered 771/3908, time remaining: 1m 45s
Rendered 772/3908, time remaining: 1m 44s
Rendered 773/3908, time remaining: 1m 45s
Rendered 774/3908, time remaining: 1m 44s
Rendered 775/3908, time remaining: 1m 46s
Rendered 776/3908, time remaining: 1m 46s
Rendered 777/3908, time remaining: 1m 46s
Rendered 778/3908, time remaining: 1m 46s
Rendered 779/3908, time remaining: 1m 45s
Rendered 780/3908, time remaining: 1m 46s
Rendered 781/3908, time remaining: 1m 44s
Rendered 782/3908, time remaining: 1m 44s
Rendered 783/3908, time remaining: 1m 46s
Rendered 784/3908, time remaining: 1m 44s
Rendered 785/3908, time remaining: 1m 44s
Rendered 786/3908, time remaining: 1m 44s
Rendered 787/3908, time remaining: 1m 45s
Rendered 788/3908, time remaining: 1m 43s
Rendered 789/3908, time remaining: 1m 43s
Rendered 790/3908, time remaining: 1m 42s
Rendered 791/3908, time remaining: 1m 45s
Rendered 792/3908, time remaining: 1m 44s
Rendered 793/3908, time remaining: 1m 44s
Rendered 794/3908, time remaining: 1m 45s
Rendered 795/3908, time remaining: 1m 45s
Rendered 796/3908, time remaining: 1m 46s
Rendered 797/3908, time remaining: 1m 45s
Rendered 798/3908, time remaining: 1m 44s
Rendered 799/3908, time remaining: 1m 45s
Rendered 800/3908, time remaining: 1m 44s
Rendered 801/3908, time remaining: 1m 44s
Rendered 802/3908, time remaining: 1m 44s
Rendered 803/3908, time remaining: 1m 44s
Rendered 804/3908, time remaining: 1m 42s
Rendered 805/3908, time remaining: 1m 44s
Rendered 806/3908, time remaining: 1m 45s
Rendered 807/3908, time remaining: 1m 44s
Rendered 808/3908, time remaining: 1m 43s
Rendered 809/3908, time remaining: 1m 43s
Rendered 810/3908, time remaining: 1m 43s
Rendered 811/3908, time remaining: 1m 43s
Rendered 812/3908, time remaining: 1m 41s
Rendered 813/3908, time remaining: 1m 41s
Rendered 814/3908, time remaining: 1m 41s
Rendered 815/3908, time remaining: 1m 43s
Rendered 816/3908, time remaining: 1m 44s
Rendered 817/3908, time remaining: 1m 44s
Rendered 818/3908, time remaining: 1m 44s
Rendered 819/3908, time remaining: 1m 43s
Rendered 820/3908, time remaining: 1m 43s
Rendered 821/3908, time remaining: 1m 41s
Rendered 822/3908, time remaining: 1m 41s
Rendered 823/3908, time remaining: 1m 43s
Rendered 824/3908, time remaining: 1m 45s
Rendered 825/3908, time remaining: 1m 43s
Rendered 826/3908, time remaining: 1m 43s
Rendered 827/3908, time remaining: 1m 43s
Rendered 828/3908, time remaining: 1m 41s
Rendered 829/3908, time remaining: 1m 41s
Rendered 830/3908, time remaining: 1m 41s
Rendered 831/3908, time remaining: 1m 41s
Rendered 832/3908, time remaining: 1m 42s
Rendered 833/3908, time remaining: 1m 43s
Rendered 834/3908, time remaining: 1m 42s
Rendered 835/3908, time remaining: 1m 43s
Rendered 836/3908, time remaining: 1m 42s
Rendered 837/3908, time remaining: 1m 42s
Rendered 838/3908, time remaining: 1m 41s
Rendered 839/3908, time remaining: 1m 40s
Rendered 840/3908, time remaining: 1m 42s
Rendered 841/3908, time remaining: 1m 42s
Rendered 842/3908, time remaining: 1m 42s
Rendered 843/3908, time remaining: 1m 43s
Rendered 844/3908, time remaining: 1m 41s
Rendered 845/3908, time remaining: 1m 41s
Rendered 846/3908, time remaining: 1m 40s
Rendered 847/3908, time remaining: 1m 40s
Rendered 848/3908, time remaining: 1m 40s
Rendered 849/3908, time remaining: 1m 40s
Rendered 850/3908, time remaining: 1m 43s
Rendered 851/3908, time remaining: 1m 43s
Rendered 852/3908, time remaining: 1m 42s
Rendered 853/3908, time remaining: 1m 42s
Rendered 854/3908, time remaining: 1m 43s
Rendered 855/3908, time remaining: 1m 41s
Rendered 856/3908, time remaining: 1m 40s
Rendered 857/3908, time remaining: 1m 40s
Rendered 858/3908, time remaining: 1m 43s
Rendered 859/3908, time remaining: 1m 43s
Rendered 860/3908, time remaining: 1m 41s
Rendered 861/3908, time remaining: 1m 41s
Rendered 862/3908, time remaining: 1m 41s
Rendered 863/3908, time remaining: 1m 41s
Rendered 864/3908, time remaining: 1m 40s
Rendered 865/3908, time remaining: 1m 39s
Rendered 866/3908, time remaining: 1m 43s
Rendered 867/3908, time remaining: 1m 43s
Rendered 868/3908, time remaining: 1m 43s
Rendered 869/3908, time remaining: 1m 42s
Rendered 870/3908, time remaining: 1m 40s
Rendered 871/3908, time remaining: 1m 40s
Rendered 872/3908, time remaining: 1m 40s
Rendered 873/3908, time remaining: 1m 39s
Rendered 874/3908, time remaining: 1m 40s
Rendered 875/3908, time remaining: 1m 43s
Rendered 876/3908, time remaining: 1m 44s
Rendered 877/3908, time remaining: 1m 42s
Rendered 878/3908, time remaining: 1m 42s
Rendered 879/3908, time remaining: 1m 40s
Rendered 880/3908, time remaining: 1m 41s
Rendered 881/3908, time remaining: 1m 39s
Rendered 882/3908, time remaining: 1m 39s
Rendered 883/3908, time remaining: 1m 40s
Rendered 884/3908, time remaining: 1m 43s
Rendered 885/3908, time remaining: 1m 41s
Rendered 886/3908, time remaining: 1m 42s
Rendered 887/3908, time remaining: 1m 42s
Rendered 888/3908, time remaining: 1m 42s
Rendered 889/3908, time remaining: 1m 40s
Rendered 890/3908, time remaining: 1m 41s
Rendered 891/3908, time remaining: 1m 41s
Rendered 892/3908, time remaining: 1m 42s
Rendered 893/3908, time remaining: 1m 42s
Rendered 894/3908, time remaining: 1m 43s
Rendered 895/3908, time remaining: 1m 43s
Rendered 896/3908, time remaining: 1m 40s
Rendered 897/3908, time remaining: 1m 40s
Rendered 898/3908, time remaining: 1m 40s
Rendered 899/3908, time remaining: 1m 42s
Rendered 900/3908, time remaining: 1m 43s
Rendered 901/3908, time remaining: 1m 42s
Rendered 902/3908, time remaining: 1m 42s
Rendered 903/3908, time remaining: 1m 42s
Rendered 904/3908, time remaining: 1m 42s
Rendered 905/3908, time remaining: 1m 40s
Rendered 906/3908, time remaining: 1m 42s
Rendered 907/3908, time remaining: 1m 42s
Rendered 908/3908, time remaining: 1m 44s
Rendered 909/3908, time remaining: 1m 43s
Rendered 910/3908, time remaining: 1m 43s
Rendered 911/3908, time remaining: 1m 41s
Rendered 912/3908, time remaining: 1m 42s
Rendered 913/3908, time remaining: 1m 42s
Rendered 914/3908, time remaining: 1m 42s
Rendered 915/3908, time remaining: 1m 42s
Rendered 916/3908, time remaining: 1m 41s
Rendered 917/3908, time remaining: 1m 40s
Rendered 918/3908, time remaining: 1m 42s
Rendered 919/3908, time remaining: 1m 42s
Rendered 920/3908, time remaining: 1m 42s
Rendered 921/3908, time remaining: 1m 43s
Rendered 922/3908, time remaining: 1m 43s
Rendered 923/3908, time remaining: 1m 43s
Rendered 924/3908, time remaining: 1m 43s
Rendered 925/3908, time remaining: 1m 40s
Rendered 926/3908, time remaining: 1m 40s
Rendered 927/3908, time remaining: 1m 40s
Rendered 928/3908, time remaining: 1m 41s
Rendered 929/3908, time remaining: 1m 42s
Rendered 930/3908, time remaining: 1m 41s
Rendered 931/3908, time remaining: 1m 41s
Rendered 932/3908, time remaining: 1m 41s
Rendered 933/3908, time remaining: 1m 40s
Rendered 934/3908, time remaining: 1m 40s
Rendered 935/3908, time remaining: 1m 40s
Rendered 936/3908, time remaining: 1m 40s
Rendered 937/3908, time remaining: 1m 43s
Rendered 938/3908, time remaining: 1m 44s
Rendered 939/3908, time remaining: 1m 42s
Rendered 940/3908, time remaining: 1m 42s
Rendered 941/3908, time remaining: 1m 41s
Rendered 942/3908, time remaining: 1m 40s
Rendered 943/3908, time remaining: 1m 42s
Rendered 944/3908, time remaining: 1m 41s
Rendered 945/3908, time remaining: 1m 41s
Rendered 946/3908, time remaining: 1m 41s
Rendered 947/3908, time remaining: 1m 40s
Rendered 948/3908, time remaining: 1m 41s
Rendered 949/3908, time remaining: 1m 40s
Rendered 950/3908, time remaining: 1m 40s
Rendered 951/3908, time remaining: 1m 41s
Rendered 952/3908, time remaining: 1m 41s
Rendered 953/3908, time remaining: 1m 41s
Rendered 954/3908, time remaining: 1m 43s
Rendered 955/3908, time remaining: 1m 41s
Rendered 956/3908, time remaining: 1m 41s
Rendered 957/3908, time remaining: 1m 40s
Rendered 958/3908, time remaining: 1m 40s
Rendered 959/3908, time remaining: 1m 41s
Rendered 960/3908, time remaining: 1m 41s
Rendered 961/3908, time remaining: 1m 41s
Rendered 962/3908, time remaining: 1m 42s
Rendered 963/3908, time remaining: 1m 42s
Rendered 964/3908, time remaining: 1m 43s
Rendered 965/3908, time remaining: 1m 41s
Rendered 966/3908, time remaining: 1m 40s
Rendered 967/3908, time remaining: 1m 40s
Rendered 968/3908, time remaining: 1m 40s
Rendered 969/3908, time remaining: 1m 40s
Rendered 970/3908, time remaining: 1m 41s
Rendered 971/3908, time remaining: 1m 40s
Rendered 972/3908, time remaining: 1m 43s
Rendered 973/3908, time remaining: 1m 42s
Rendered 974/3908, time remaining: 1m 40s
Rendered 975/3908, time remaining: 1m 40s
Rendered 976/3908, time remaining: 1m 40s
Rendered 977/3908, time remaining: 1m 40s
Rendered 978/3908, time remaining: 1m 41s
Rendered 979/3908, time remaining: 1m 42s
Rendered 980/3908, time remaining: 1m 42s
Rendered 981/3908, time remaining: 1m 43s
Rendered 982/3908, time remaining: 1m 42s
Rendered 983/3908, time remaining: 1m 40s
Rendered 984/3908, time remaining: 1m 40s
Rendered 985/3908, time remaining: 1m 39s
Rendered 986/3908, time remaining: 1m 40s
Rendered 987/3908, time remaining: 1m 42s
Rendered 988/3908, time remaining: 1m 42s
Rendered 989/3908, time remaining: 1m 43s
Rendered 990/3908, time remaining: 1m 40s
Rendered 991/3908, time remaining: 1m 40s
Rendered 992/3908, time remaining: 1m 40s
Rendered 993/3908, time remaining: 1m 40s
Rendered 994/3908, time remaining: 1m 41s
Rendered 995/3908, time remaining: 1m 42s
Rendered 996/3908, time remaining: 1m 43s
Rendered 997/3908, time remaining: 1m 43s
Rendered 998/3908, time remaining: 1m 41s
Rendered 999/3908, time remaining: 1m 41s
Rendered 1000/3908, time remaining: 1m 41s
Rendered 1001/3908, time remaining: 1m 41s
Rendered 1002/3908, time remaining: 1m 41s
Rendered 1003/3908, time remaining: 1m 41s
Rendered 1004/3908, time remaining: 1m 40s
Rendered 1005/3908, time remaining: 1m 41s
Rendered 1006/3908, time remaining: 1m 41s
Rendered 1007/3908, time remaining: 1m 42s
Rendered 1008/3908, time remaining: 1m 41s
Rendered 1009/3908, time remaining: 1m 40s
Rendered 1010/3908, time remaining: 1m 40s
Rendered 1011/3908, time remaining: 1m 40s
Rendered 1012/3908, time remaining: 1m 40s
Rendered 1013/3908, time remaining: 1m 40s
Rendered 1014/3908, time remaining: 1m 42s
Rendered 1015/3908, time remaining: 1m 43s
Rendered 1016/3908, time remaining: 1m 41s
Rendered 1017/3908, time remaining: 1m 40s
Rendered 1018/3908, time remaining: 1m 40s
Rendered 1019/3908, time remaining: 1m 39s
Rendered 1020/3908, time remaining: 1m 41s
Rendered 1021/3908, time remaining: 1m 41s
Rendered 1022/3908, time remaining: 1m 40s
Rendered 1023/3908, time remaining: 1m 43s
Rendered 1024/3908, time remaining: 1m 43s
Rendered 1025/3908, time remaining: 1m 40s
Rendered 1026/3908, time remaining: 1m 39s
Rendered 1027/3908, time remaining: 1m 39s
Rendered 1028/3908, time remaining: 1m 40s
Rendered 1029/3908, time remaining: 1m 40s
Rendered 1030/3908, time remaining: 1m 40s
Rendered 1031/3908, time remaining: 1m 43s
Rendered 1032/3908, time remaining: 1m 43s
Rendered 1033/3908, time remaining: 1m 42s
Rendered 1034/3908, time remaining: 1m 38s
Rendered 1035/3908, time remaining: 1m 38s
Rendered 1036/3908, time remaining: 1m 38s
Rendered 1037/3908, time remaining: 1m 38s
Rendered 1038/3908, time remaining: 1m 41s
Rendered 1039/3908, time remaining: 1m 41s
Rendered 1040/3908, time remaining: 1m 40s
Rendered 1041/3908, time remaining: 1m 41s
Rendered 1042/3908, time remaining: 1m 40s
Rendered 1043/3908, time remaining: 1m 40s
Rendered 1044/3908, time remaining: 1m 39s
Rendered 1045/3908, time remaining: 1m 39s
Rendered 1046/3908, time remaining: 1m 40s
Rendered 1047/3908, time remaining: 1m 40s
Rendered 1048/3908, time remaining: 1m 41s
Rendered 1049/3908, time remaining: 1m 40s
Rendered 1050/3908, time remaining: 1m 41s
Rendered 1051/3908, time remaining: 1m 40s
Rendered 1052/3908, time remaining: 1m 39s
Rendered 1053/3908, time remaining: 1m 40s
Rendered 1054/3908, time remaining: 1m 41s
Rendered 1055/3908, time remaining: 1m 40s
Rendered 1056/3908, time remaining: 1m 40s
Rendered 1057/3908, time remaining: 1m 40s
Rendered 1058/3908, time remaining: 1m 37s
Rendered 1059/3908, time remaining: 1m 37s
Rendered 1060/3908, time remaining: 1m 38s
Rendered 1061/3908, time remaining: 1m 41s
Rendered 1062/3908, time remaining: 1m 40s
Rendered 1063/3908, time remaining: 1m 39s
Rendered 1064/3908, time remaining: 1m 40s
Rendered 1065/3908, time remaining: 1m 41s
Rendered 1066/3908, time remaining: 1m 39s
Rendered 1067/3908, time remaining: 1m 40s
Rendered 1068/3908, time remaining: 1m 40s
Rendered 1069/3908, time remaining: 1m 40s
Rendered 1070/3908, time remaining: 1m 40s
Rendered 1071/3908, time remaining: 1m 40s
Rendered 1072/3908, time remaining: 1m 40s
Rendered 1073/3908, time remaining: 1m 39s
Rendered 1074/3908, time remaining: 1m 39s
Rendered 1075/3908, time remaining: 1m 41s
Rendered 1076/3908, time remaining: 1m 40s
Rendered 1077/3908, time remaining: 1m 41s
Rendered 1078/3908, time remaining: 1m 41s
Rendered 1079/3908, time remaining: 1m 39s
Rendered 1080/3908, time remaining: 1m 39s
Rendered 1081/3908, time remaining: 1m 40s
Rendered 1082/3908, time remaining: 1m 40s
Rendered 1083/3908, time remaining: 1m 40s
Rendered 1084/3908, time remaining: 1m 40s
Rendered 1085/3908, time remaining: 1m 41s
Rendered 1086/3908, time remaining: 1m 41s
Rendered 1087/3908, time remaining: 1m 39s
Rendered 1088/3908, time remaining: 1m 39s
Rendered 1089/3908, time remaining: 1m 39s
Rendered 1090/3908, time remaining: 1m 39s
Rendered 1091/3908, time remaining: 1m 40s
Rendered 1092/3908, time remaining: 1m 41s
Rendered 1093/3908, time remaining: 1m 39s
Rendered 1094/3908, time remaining: 1m 39s
Rendered 1095/3908, time remaining: 1m 39s
Rendered 1096/3908, time remaining: 1m 38s
Rendered 1097/3908, time remaining: 1m 38s
Rendered 1098/3908, time remaining: 1m 37s
Rendered 1099/3908, time remaining: 1m 40s
Rendered 1100/3908, time remaining: 1m 40s
Rendered 1101/3908, time remaining: 1m 39s
Rendered 1102/3908, time remaining: 1m 39s
Rendered 1103/3908, time remaining: 1m 39s
Rendered 1104/3908, time remaining: 1m 37s
Rendered 1105/3908, time remaining: 1m 37s
Rendered 1106/3908, time remaining: 1m 39s
Rendered 1107/3908, time remaining: 1m 39s
Rendered 1108/3908, time remaining: 1m 39s
Rendered 1109/3908, time remaining: 1m 39s
Rendered 1110/3908, time remaining: 1m 39s
Rendered 1111/3908, time remaining: 1m 39s
Rendered 1112/3908, time remaining: 1m 39s
Rendered 1113/3908, time remaining: 1m 39s
Rendered 1114/3908, time remaining: 1m 38s
Rendered 1115/3908, time remaining: 1m 37s
Rendered 1116/3908, time remaining: 1m 37s
Rendered 1117/3908, time remaining: 1m 39s
Rendered 1118/3908, time remaining: 1m 38s
Rendered 1119/3908, time remaining: 1m 40s
Rendered 1120/3908, time remaining: 1m 40s
Rendered 1121/3908, time remaining: 1m 40s
Rendered 1122/3908, time remaining: 1m 37s
Rendered 1123/3908, time remaining: 1m 37s
Rendered 1124/3908, time remaining: 1m 38s
Rendered 1125/3908, time remaining: 1m 37s
Rendered 1126/3908, time remaining: 1m 37s
Rendered 1127/3908, time remaining: 1m 40s
Rendered 1128/3908, time remaining: 1m 38s
Rendered 1129/3908, time remaining: 1m 38s
Rendered 1130/3908, time remaining: 1m 38s
Rendered 1131/3908, time remaining: 1m 37s
Rendered 1132/3908, time remaining: 1m 37s
Rendered 1133/3908, time remaining: 1m 37s
Rendered 1134/3908, time remaining: 1m 37s
Rendered 1135/3908, time remaining: 1m 39s
Rendered 1136/3908, time remaining: 1m 40s
Rendered 1137/3908, time remaining: 1m 37s
Rendered 1138/3908, time remaining: 1m 37s
Rendered 1139/3908, time remaining: 1m 36s
Rendered 1140/3908, time remaining: 1m 37s
Rendered 1141/3908, time remaining: 1m 38s
Rendered 1142/3908, time remaining: 1m 37s
Rendered 1143/3908, time remaining: 1m 38s
Rendered 1144/3908, time remaining: 1m 37s
Rendered 1145/3908, time remaining: 1m 36s
Rendered 1146/3908, time remaining: 1m 35s
Rendered 1147/3908, time remaining: 1m 37s
Rendered 1148/3908, time remaining: 1m 37s
Rendered 1149/3908, time remaining: 1m 38s
Rendered 1150/3908, time remaining: 1m 35s
Rendered 1151/3908, time remaining: 1m 36s
Rendered 1152/3908, time remaining: 1m 37s
Rendered 1153/3908, time remaining: 1m 36s
Rendered 1154/3908, time remaining: 1m 36s
Rendered 1155/3908, time remaining: 1m 36s
Rendered 1156/3908, time remaining: 1m 36s
Rendered 1157/3908, time remaining: 1m 36s
Rendered 1158/3908, time remaining: 1m 34s
Rendered 1159/3908, time remaining: 1m 35s
Rendered 1160/3908, time remaining: 1m 37s
Rendered 1161/3908, time remaining: 1m 37s
Rendered 1162/3908, time remaining: 1m 37s
Rendered 1163/3908, time remaining: 1m 36s
Rendered 1164/3908, time remaining: 1m 34s
Rendered 1165/3908, time remaining: 1m 34s
Rendered 1166/3908, time remaining: 1m 33s
Rendered 1167/3908, time remaining: 1m 34s
Rendered 1168/3908, time remaining: 1m 36s
Rendered 1169/3908, time remaining: 1m 36s
Rendered 1170/3908, time remaining: 1m 35s
Rendered 1171/3908, time remaining: 1m 36s
Rendered 1172/3908, time remaining: 1m 36s
Rendered 1173/3908, time remaining: 1m 33s
Rendered 1174/3908, time remaining: 1m 33s
Rendered 1175/3908, time remaining: 1m 35s
Rendered 1176/3908, time remaining: 1m 35s
Rendered 1177/3908, time remaining: 1m 35s
Rendered 1178/3908, time remaining: 1m 34s
Rendered 1179/3908, time remaining: 1m 34s
Rendered 1180/3908, time remaining: 1m 35s
Rendered 1181/3908, time remaining: 1m 32s
Rendered 1182/3908, time remaining: 1m 32s
Rendered 1183/3908, time remaining: 1m 34s
Rendered 1184/3908, time remaining: 1m 35s
Rendered 1185/3908, time remaining: 1m 35s
Rendered 1186/3908, time remaining: 1m 35s
Rendered 1187/3908, time remaining: 1m 35s
Rendered 1188/3908, time remaining: 1m 32s
Rendered 1189/3908, time remaining: 1m 32s
Rendered 1190/3908, time remaining: 1m 33s
Rendered 1191/3908, time remaining: 1m 34s
Rendered 1192/3908, time remaining: 1m 32s
Rendered 1193/3908, time remaining: 1m 33s
Rendered 1194/3908, time remaining: 1m 33s
Rendered 1195/3908, time remaining: 1m 34s
Rendered 1196/3908, time remaining: 1m 33s
Rendered 1197/3908, time remaining: 1m 33s
Rendered 1198/3908, time remaining: 1m 33s
Rendered 1199/3908, time remaining: 1m 33s
Rendered 1200/3908, time remaining: 1m 32s
Rendered 1201/3908, time remaining: 1m 32s
Rendered 1202/3908, time remaining: 1m 31s
Rendered 1203/3908, time remaining: 1m 32s
Rendered 1204/3908, time remaining: 1m 32s
Rendered 1205/3908, time remaining: 1m 31s
Rendered 1206/3908, time remaining: 1m 33s
Rendered 1207/3908, time remaining: 1m 33s
Rendered 1208/3908, time remaining: 1m 33s
Rendered 1209/3908, time remaining: 1m 33s
Rendered 1210/3908, time remaining: 1m 33s
Rendered 1211/3908, time remaining: 1m 30s
Rendered 1212/3908, time remaining: 1m 31s
Rendered 1213/3908, time remaining: 1m 30s
Rendered 1214/3908, time remaining: 1m 32s
Rendered 1215/3908, time remaining: 1m 32s
Rendered 1216/3908, time remaining: 1m 32s
Rendered 1217/3908, time remaining: 1m 31s
Rendered 1218/3908, time remaining: 1m 29s
Rendered 1219/3908, time remaining: 1m 30s
Rendered 1220/3908, time remaining: 1m 31s
Rendered 1221/3908, time remaining: 1m 29s
Rendered 1222/3908, time remaining: 1m 29s
Rendered 1223/3908, time remaining: 1m 33s
Rendered 1224/3908, time remaining: 1m 32s
Rendered 1225/3908, time remaining: 1m 31s
Rendered 1226/3908, time remaining: 1m 30s
Rendered 1227/3908, time remaining: 1m 29s
Rendered 1228/3908, time remaining: 1m 30s
Rendered 1229/3908, time remaining: 1m 29s
Rendered 1230/3908, time remaining: 1m 29s
Rendered 1231/3908, time remaining: 1m 30s
Rendered 1232/3908, time remaining: 1m 30s
Rendered 1233/3908, time remaining: 1m 30s
Rendered 1234/3908, time remaining: 1m 31s
Rendered 1235/3908, time remaining: 1m 30s
Rendered 1236/3908, time remaining: 1m 30s
Rendered 1237/3908, time remaining: 1m 28s
Rendered 1238/3908, time remaining: 1m 28s
Rendered 1239/3908, time remaining: 1m 28s
Rendered 1240/3908, time remaining: 1m 31s
Rendered 1241/3908, time remaining: 1m 30s
Rendered 1242/3908, time remaining: 1m 29s
Rendered 1243/3908, time remaining: 1m 29s
Rendered 1244/3908, time remaining: 1m 30s
Rendered 1245/3908, time remaining: 1m 30s
Rendered 1246/3908, time remaining: 1m 30s
Rendered 1247/3908, time remaining: 1m 31s
Rendered 1248/3908, time remaining: 1m 31s
Rendered 1249/3908, time remaining: 1m 29s
Rendered 1250/3908, time remaining: 1m 29s
Rendered 1251/3908, time remaining: 1m 29s
Rendered 1252/3908, time remaining: 1m 29s
Rendered 1253/3908, time remaining: 1m 29s
Rendered 1254/3908, time remaining: 1m 30s
Rendered 1255/3908, time remaining: 1m 30s
Rendered 1256/3908, time remaining: 1m 30s
Rendered 1257/3908, time remaining: 1m 30s
Rendered 1258/3908, time remaining: 1m 29s
Rendered 1259/3908, time remaining: 1m 28s
Rendered 1260/3908, time remaining: 1m 29s
Rendered 1261/3908, time remaining: 1m 30s
Rendered 1262/3908, time remaining: 1m 28s
Rendered 1263/3908, time remaining: 1m 28s
Rendered 1264/3908, time remaining: 1m 29s
Rendered 1265/3908, time remaining: 1m 31s
Rendered 1266/3908, time remaining: 1m 30s
Rendered 1267/3908, time remaining: 1m 29s
Rendered 1268/3908, time remaining: 1m 29s
Rendered 1269/3908, time remaining: 1m 28s
Rendered 1270/3908, time remaining: 1m 28s
Rendered 1271/3908, time remaining: 1m 27s
Rendered 1272/3908, time remaining: 1m 28s
Rendered 1273/3908, time remaining: 1m 29s
Rendered 1274/3908, time remaining: 1m 29s
Rendered 1275/3908, time remaining: 1m 30s
Rendered 1276/3908, time remaining: 1m 30s
Rendered 1277/3908, time remaining: 1m 27s
Rendered 1278/3908, time remaining: 1m 27s
Rendered 1279/3908, time remaining: 1m 27s
Rendered 1280/3908, time remaining: 1m 28s
Rendered 1281/3908, time remaining: 1m 28s
Rendered 1282/3908, time remaining: 1m 29s
Rendered 1283/3908, time remaining: 1m 29s
Rendered 1284/3908, time remaining: 1m 30s
Rendered 1285/3908, time remaining: 1m 28s
Rendered 1286/3908, time remaining: 1m 27s
Rendered 1287/3908, time remaining: 1m 27s
Rendered 1288/3908, time remaining: 1m 27s
Rendered 1289/3908, time remaining: 1m 27s
Rendered 1290/3908, time remaining: 1m 29s
Rendered 1291/3908, time remaining: 1m 28s
Rendered 1292/3908, time remaining: 1m 28s
Rendered 1293/3908, time remaining: 1m 28s
Rendered 1294/3908, time remaining: 1m 28s
Rendered 1295/3908, time remaining: 1m 29s
Rendered 1296/3908, time remaining: 1m 29s
Rendered 1297/3908, time remaining: 1m 28s
Rendered 1298/3908, time remaining: 1m 28s
Rendered 1299/3908, time remaining: 1m 28s
Rendered 1300/3908, time remaining: 1m 28s
Rendered 1301/3908, time remaining: 1m 28s
Rendered 1302/3908, time remaining: 1m 27s
Rendered 1303/3908, time remaining: 1m 27s
Rendered 1304/3908, time remaining: 1m 28s
Rendered 1305/3908, time remaining: 1m 28s
Rendered 1306/3908, time remaining: 1m 29s
Rendered 1307/3908, time remaining: 1m 28s
Rendered 1308/3908, time remaining: 1m 29s
Rendered 1309/3908, time remaining: 1m 28s
Rendered 1310/3908, time remaining: 1m 27s
Rendered 1311/3908, time remaining: 1m 27s
Rendered 1312/3908, time remaining: 1m 27s
Rendered 1313/3908, time remaining: 1m 27s
Rendered 1314/3908, time remaining: 1m 27s
Rendered 1315/3908, time remaining: 1m 27s
Rendered 1316/3908, time remaining: 1m 29s
Rendered 1317/3908, time remaining: 1m 29s
Rendered 1318/3908, time remaining: 1m 26s
Rendered 1319/3908, time remaining: 1m 27s
Rendered 1320/3908, time remaining: 1m 27s
Rendered 1321/3908, time remaining: 1m 26s
Rendered 1322/3908, time remaining: 1m 27s
Rendered 1323/3908, time remaining: 1m 28s
Rendered 1324/3908, time remaining: 1m 29s
Rendered 1325/3908, time remaining: 1m 26s
Rendered 1326/3908, time remaining: 1m 26s
Rendered 1327/3908, time remaining: 1m 27s
Rendered 1328/3908, time remaining: 1m 27s
Rendered 1329/3908, time remaining: 1m 27s
Rendered 1330/3908, time remaining: 1m 28s
Rendered 1331/3908, time remaining: 1m 28s
Rendered 1332/3908, time remaining: 1m 29s
Rendered 1333/3908, time remaining: 1m 26s
Rendered 1334/3908, time remaining: 1m 26s
Rendered 1335/3908, time remaining: 1m 26s
Rendered 1336/3908, time remaining: 1m 26s
Rendered 1337/3908, time remaining: 1m 26s
Rendered 1338/3908, time remaining: 1m 28s
Rendered 1339/3908, time remaining: 1m 28s
Rendered 1340/3908, time remaining: 1m 27s
Rendered 1341/3908, time remaining: 1m 26s
Rendered 1342/3908, time remaining: 1m 26s
Rendered 1343/3908, time remaining: 1m 26s
Rendered 1344/3908, time remaining: 1m 26s
Rendered 1345/3908, time remaining: 1m 25s
Rendered 1346/3908, time remaining: 1m 28s
Rendered 1347/3908, time remaining: 1m 28s
Rendered 1348/3908, time remaining: 1m 27s
Rendered 1349/3908, time remaining: 1m 27s
Rendered 1350/3908, time remaining: 1m 27s
Rendered 1351/3908, time remaining: 1m 27s
Rendered 1352/3908, time remaining: 1m 27s
Rendered 1353/3908, time remaining: 1m 25s
Rendered 1354/3908, time remaining: 1m 28s
Rendered 1355/3908, time remaining: 1m 28s
Rendered 1356/3908, time remaining: 1m 26s
Rendered 1357/3908, time remaining: 1m 26s
Rendered 1358/3908, time remaining: 1m 26s
Rendered 1359/3908, time remaining: 1m 26s
Rendered 1360/3908, time remaining: 1m 26s
Rendered 1361/3908, time remaining: 1m 27s
Rendered 1362/3908, time remaining: 1m 29s
Rendered 1363/3908, time remaining: 1m 30s
Rendered 1364/3908, time remaining: 1m 27s
Rendered 1365/3908, time remaining: 1m 26s
Rendered 1366/3908, time remaining: 1m 26s
Rendered 1367/3908, time remaining: 1m 26s
Rendered 1368/3908, time remaining: 1m 26s
Rendered 1369/3908, time remaining: 1m 26s
Rendered 1370/3908, time remaining: 1m 28s
Rendered 1371/3908, time remaining: 1m 29s
Rendered 1372/3908, time remaining: 1m 29s
Rendered 1373/3908, time remaining: 1m 26s
Rendered 1374/3908, time remaining: 1m 26s
Rendered 1375/3908, time remaining: 1m 26s
Rendered 1376/3908, time remaining: 1m 26s
Rendered 1377/3908, time remaining: 1m 26s
Rendered 1378/3908, time remaining: 1m 26s
Rendered 1379/3908, time remaining: 1m 29s
Rendered 1380/3908, time remaining: 1m 29s
Rendered 1381/3908, time remaining: 1m 27s
Rendered 1382/3908, time remaining: 1m 27s
Rendered 1383/3908, time remaining: 1m 27s
Rendered 1384/3908, time remaining: 1m 26s
Rendered 1385/3908, time remaining: 1m 26s
Rendered 1386/3908, time remaining: 1m 26s
Rendered 1387/3908, time remaining: 1m 29s
Rendered 1388/3908, time remaining: 1m 28s
Rendered 1389/3908, time remaining: 1m 28s
Rendered 1390/3908, time remaining: 1m 26s
Rendered 1391/3908, time remaining: 1m 26s
Rendered 1392/3908, time remaining: 1m 26s
Rendered 1393/3908, time remaining: 1m 26s
Rendered 1394/3908, time remaining: 1m 27s
Rendered 1395/3908, time remaining: 1m 28s
Rendered 1396/3908, time remaining: 1m 28s
Rendered 1397/3908, time remaining: 1m 27s
Rendered 1398/3908, time remaining: 1m 26s
Rendered 1399/3908, time remaining: 1m 26s
Rendered 1400/3908, time remaining: 1m 26s
Rendered 1401/3908, time remaining: 1m 26s
Rendered 1402/3908, time remaining: 1m 28s
Rendered 1403/3908, time remaining: 1m 27s
Rendered 1404/3908, time remaining: 1m 28s
Rendered 1405/3908, time remaining: 1m 27s
Rendered 1406/3908, time remaining: 1m 25s
Rendered 1407/3908, time remaining: 1m 26s
Rendered 1408/3908, time remaining: 1m 26s
Rendered 1409/3908, time remaining: 1m 26s
Rendered 1410/3908, time remaining: 1m 27s
Rendered 1411/3908, time remaining: 1m 25s
Rendered 1412/3908, time remaining: 1m 27s
Rendered 1413/3908, time remaining: 1m 27s
Rendered 1414/3908, time remaining: 1m 26s
Rendered 1415/3908, time remaining: 1m 24s
Rendered 1416/3908, time remaining: 1m 25s
Rendered 1417/3908, time remaining: 1m 25s
Rendered 1418/3908, time remaining: 1m 25s
Rendered 1419/3908, time remaining: 1m 26s
Rendered 1420/3908, time remaining: 1m 27s
Rendered 1421/3908, time remaining: 1m 27s
Rendered 1422/3908, time remaining: 1m 27s
Rendered 1423/3908, time remaining: 1m 25s
Rendered 1424/3908, time remaining: 1m 25s
Rendered 1425/3908, time remaining: 1m 24s
Rendered 1426/3908, time remaining: 1m 24s
Rendered 1427/3908, time remaining: 1m 24s
Rendered 1428/3908, time remaining: 1m 27s
Rendered 1429/3908, time remaining: 1m 27s
Rendered 1430/3908, time remaining: 1m 25s
Rendered 1431/3908, time remaining: 1m 26s
Rendered 1432/3908, time remaining: 1m 25s
Rendered 1433/3908, time remaining: 1m 25s
Rendered 1434/3908, time remaining: 1m 24s
Rendered 1435/3908, time remaining: 1m 24s
Rendered 1436/3908, time remaining: 1m 26s
Rendered 1437/3908, time remaining: 1m 27s
Rendered 1438/3908, time remaining: 1m 27s
Rendered 1439/3908, time remaining: 1m 27s
Rendered 1440/3908, time remaining: 1m 24s
Rendered 1441/3908, time remaining: 1m 24s
Rendered 1442/3908, time remaining: 1m 24s
Rendered 1443/3908, time remaining: 1m 23s
Rendered 1444/3908, time remaining: 1m 25s
Rendered 1445/3908, time remaining: 1m 25s
Rendered 1446/3908, time remaining: 1m 26s
Rendered 1447/3908, time remaining: 1m 26s
Rendered 1448/3908, time remaining: 1m 25s
Rendered 1449/3908, time remaining: 1m 25s
Rendered 1450/3908, time remaining: 1m 25s
Rendered 1451/3908, time remaining: 1m 25s
Rendered 1452/3908, time remaining: 1m 25s
Rendered 1453/3908, time remaining: 1m 25s
Rendered 1454/3908, time remaining: 1m 24s
Rendered 1455/3908, time remaining: 1m 26s
Rendered 1456/3908, time remaining: 1m 25s
Rendered 1457/3908, time remaining: 1m 26s
Rendered 1458/3908, time remaining: 1m 25s
Rendered 1459/3908, time remaining: 1m 24s
Rendered 1460/3908, time remaining: 1m 25s
Rendered 1461/3908, time remaining: 1m 25s
Rendered 1462/3908, time remaining: 1m 24s
Rendered 1463/3908, time remaining: 1m 26s
Rendered 1464/3908, time remaining: 1m 26s
Rendered 1465/3908, time remaining: 1m 26s
Rendered 1466/3908, time remaining: 1m 24s
Rendered 1467/3908, time remaining: 1m 24s
Rendered 1468/3908, time remaining: 1m 26s
Rendered 1469/3908, time remaining: 1m 26s
Rendered 1470/3908, time remaining: 1m 25s
Rendered 1471/3908, time remaining: 1m 25s
Rendered 1472/3908, time remaining: 1m 25s
Rendered 1473/3908, time remaining: 1m 25s
Rendered 1474/3908, time remaining: 1m 24s
Rendered 1475/3908, time remaining: 1m 23s
Rendered 1476/3908, time remaining: 1m 26s
Rendered 1477/3908, time remaining: 1m 25s
Rendered 1478/3908, time remaining: 1m 25s
Rendered 1479/3908, time remaining: 1m 24s
Rendered 1480/3908, time remaining: 1m 24s
Rendered 1481/3908, time remaining: 1m 24s
Rendered 1482/3908, time remaining: 1m 24s
Rendered 1483/3908, time remaining: 1m 23s
Rendered 1484/3908, time remaining: 1m 25s
Rendered 1485/3908, time remaining: 1m 25s
Rendered 1486/3908, time remaining: 1m 25s
Rendered 1487/3908, time remaining: 1m 25s
Rendered 1488/3908, time remaining: 1m 24s
Rendered 1489/3908, time remaining: 1m 24s
Rendered 1490/3908, time remaining: 1m 23s
Rendered 1491/3908, time remaining: 1m 23s
Rendered 1492/3908, time remaining: 1m 25s
Rendered 1493/3908, time remaining: 1m 25s
Rendered 1494/3908, time remaining: 1m 25s
Rendered 1495/3908, time remaining: 1m 24s
Rendered 1496/3908, time remaining: 1m 24s
Rendered 1497/3908, time remaining: 1m 24s
Rendered 1498/3908, time remaining: 1m 23s
Rendered 1499/3908, time remaining: 1m 23s
Rendered 1500/3908, time remaining: 1m 24s
Rendered 1501/3908, time remaining: 1m 24s
Rendered 1502/3908, time remaining: 1m 24s
Rendered 1503/3908, time remaining: 1m 25s
Rendered 1504/3908, time remaining: 1m 22s
Rendered 1505/3908, time remaining: 1m 22s
Rendered 1506/3908, time remaining: 1m 22s
Rendered 1507/3908, time remaining: 1m 24s
Rendered 1508/3908, time remaining: 1m 24s
Rendered 1509/3908, time remaining: 1m 25s
Rendered 1510/3908, time remaining: 1m 25s
Rendered 1511/3908, time remaining: 1m 23s
Rendered 1512/3908, time remaining: 1m 21s
Rendered 1513/3908, time remaining: 1m 22s
Rendered 1514/3908, time remaining: 1m 22s
Rendered 1515/3908, time remaining: 1m 22s
Rendered 1516/3908, time remaining: 1m 23s
Rendered 1517/3908, time remaining: 1m 23s
Rendered 1518/3908, time remaining: 1m 23s
Rendered 1519/3908, time remaining: 1m 24s
Rendered 1520/3908, time remaining: 1m 21s
Rendered 1521/3908, time remaining: 1m 22s
Rendered 1522/3908, time remaining: 1m 22s
Rendered 1523/3908, time remaining: 1m 22s
Rendered 1524/3908, time remaining: 1m 22s
Rendered 1525/3908, time remaining: 1m 23s
Rendered 1526/3908, time remaining: 1m 23s
Rendered 1527/3908, time remaining: 1m 22s
Rendered 1528/3908, time remaining: 1m 21s
Rendered 1529/3908, time remaining: 1m 22s
Rendered 1530/3908, time remaining: 1m 22s
Rendered 1531/3908, time remaining: 1m 22s
Rendered 1532/3908, time remaining: 1m 21s
Rendered 1533/3908, time remaining: 1m 22s
Rendered 1534/3908, time remaining: 1m 22s
Rendered 1535/3908, time remaining: 1m 22s
Rendered 1536/3908, time remaining: 1m 22s
Rendered 1537/3908, time remaining: 1m 21s
Rendered 1538/3908, time remaining: 1m 21s
Rendered 1539/3908, time remaining: 1m 21s
Rendered 1540/3908, time remaining: 1m 21s
Rendered 1541/3908, time remaining: 1m 22s
Rendered 1542/3908, time remaining: 1m 22s
Rendered 1543/3908, time remaining: 1m 23s
Rendered 1544/3908, time remaining: 1m 22s
Rendered 1545/3908, time remaining: 1m 21s
Rendered 1546/3908, time remaining: 1m 20s
Rendered 1547/3908, time remaining: 1m 21s
Rendered 1548/3908, time remaining: 1m 21s
Rendered 1549/3908, time remaining: 1m 21s
Rendered 1550/3908, time remaining: 1m 21s
Rendered 1551/3908, time remaining: 1m 23s
Rendered 1552/3908, time remaining: 1m 21s
Rendered 1553/3908, time remaining: 1m 21s
Rendered 1554/3908, time remaining: 1m 20s
Rendered 1555/3908, time remaining: 1m 20s
Rendered 1556/3908, time remaining: 1m 20s
Rendered 1557/3908, time remaining: 1m 20s
Rendered 1558/3908, time remaining: 1m 20s
Rendered 1559/3908, time remaining: 1m 22s
Rendered 1560/3908, time remaining: 1m 21s
Rendered 1561/3908, time remaining: 1m 21s
Rendered 1562/3908, time remaining: 1m 19s
Rendered 1563/3908, time remaining: 1m 21s
Rendered 1564/3908, time remaining: 1m 21s
Rendered 1565/3908, time remaining: 1m 21s
Rendered 1566/3908, time remaining: 1m 21s
Rendered 1567/3908, time remaining: 1m 22s
Rendered 1568/3908, time remaining: 1m 21s
Rendered 1569/3908, time remaining: 1m 20s
Rendered 1570/3908, time remaining: 1m 19s
Rendered 1571/3908, time remaining: 1m 19s
Rendered 1572/3908, time remaining: 1m 19s
Rendered 1573/3908, time remaining: 1m 19s
Rendered 1574/3908, time remaining: 1m 18s
Rendered 1575/3908, time remaining: 1m 19s
Rendered 1576/3908, time remaining: 1m 19s
Rendered 1577/3908, time remaining: 1m 19s
Rendered 1578/3908, time remaining: 1m 16s
Rendered 1579/3908, time remaining: 1m 16s
Rendered 1580/3908, time remaining: 1m 16s
Rendered 1581/3908, time remaining: 1m 16s
Rendered 1582/3908, time remaining: 1m 15s
Rendered 1583/3908, time remaining: 1m 15s
Rendered 1584/3908, time remaining: 1m 15s
Rendered 1585/3908, time remaining: 1m 15s
Rendered 1586/3908, time remaining: 1m 13s
Rendered 1587/3908, time remaining: 1m 13s
Rendered 1588/3908, time remaining: 1m 14s
Rendered 1589/3908, time remaining: 1m 14s
Rendered 1590/3908, time remaining: 1m 14s
Rendered 1591/3908, time remaining: 1m 15s
Rendered 1592/3908, time remaining: 1m 15s
Rendered 1593/3908, time remaining: 1m 15s
Rendered 1594/3908, time remaining: 1m 14s
Rendered 1595/3908, time remaining: 1m 13s
Rendered 1596/3908, time remaining: 1m 12s
Rendered 1597/3908, time remaining: 1m 12s
Rendered 1598/3908, time remaining: 1m 13s
Rendered 1599/3908, time remaining: 1m 14s
Rendered 1600/3908, time remaining: 1m 14s
Rendered 1601/3908, time remaining: 1m 14s
Rendered 1602/3908, time remaining: 1m 14s
Rendered 1603/3908, time remaining: 1m 14s
Rendered 1604/3908, time remaining: 1m 14s
Rendered 1605/3908, time remaining: 1m 12s
Rendered 1606/3908, time remaining: 1m 12s
Rendered 1607/3908, time remaining: 1m 13s
Rendered 1608/3908, time remaining: 1m 13s
Rendered 1609/3908, time remaining: 1m 14s
Rendered 1610/3908, time remaining: 1m 13s
Rendered 1611/3908, time remaining: 1m 13s
Rendered 1612/3908, time remaining: 1m 13s
Rendered 1613/3908, time remaining: 1m 12s
Rendered 1614/3908, time remaining: 1m 12s
Rendered 1615/3908, time remaining: 1m 14s
Rendered 1616/3908, time remaining: 1m 14s
Rendered 1617/3908, time remaining: 1m 14s
Rendered 1618/3908, time remaining: 1m 12s
Rendered 1619/3908, time remaining: 1m 12s
Rendered 1620/3908, time remaining: 1m 12s
Rendered 1621/3908, time remaining: 1m 13s
Rendered 1622/3908, time remaining: 1m 13s
Rendered 1623/3908, time remaining: 1m 14s
Rendered 1624/3908, time remaining: 1m 14s
Rendered 1625/3908, time remaining: 1m 14s
Rendered 1626/3908, time remaining: 1m 11s
Rendered 1627/3908, time remaining: 1m 12s
Rendered 1628/3908, time remaining: 1m 13s
Rendered 1629/3908, time remaining: 1m 12s
Rendered 1630/3908, time remaining: 1m 11s
Rendered 1631/3908, time remaining: 1m 13s
Rendered 1632/3908, time remaining: 1m 13s
Rendered 1633/3908, time remaining: 1m 14s
Rendered 1634/3908, time remaining: 1m 12s
Rendered 1635/3908, time remaining: 1m 12s
Rendered 1636/3908, time remaining: 1m 12s
Rendered 1637/3908, time remaining: 1m 12s
Rendered 1638/3908, time remaining: 1m 11s
Rendered 1639/3908, time remaining: 1m 11s
Rendered 1640/3908, time remaining: 1m 13s
Rendered 1641/3908, time remaining: 1m 14s
Rendered 1642/3908, time remaining: 1m 11s
Rendered 1643/3908, time remaining: 1m 11s
Rendered 1644/3908, time remaining: 1m 12s
Rendered 1645/3908, time remaining: 1m 12s
Rendered 1646/3908, time remaining: 1m 10s
Rendered 1647/3908, time remaining: 1m 10s
Rendered 1648/3908, time remaining: 1m 12s
Rendered 1649/3908, time remaining: 1m 12s
Rendered 1650/3908, time remaining: 1m 12s
Rendered 1651/3908, time remaining: 1m 12s
Rendered 1652/3908, time remaining: 1m 12s
Rendered 1653/3908, time remaining: 1m 11s
Rendered 1654/3908, time remaining: 1m 11s
Rendered 1655/3908, time remaining: 1m 12s
Rendered 1656/3908, time remaining: 1m 12s
Rendered 1657/3908, time remaining: 1m 10s
Rendered 1658/3908, time remaining: 1m 12s
Rendered 1659/3908, time remaining: 1m 12s
Rendered 1660/3908, time remaining: 1m 11s
Rendered 1661/3908, time remaining: 1m 11s
Rendered 1662/3908, time remaining: 1m 13s
Rendered 1663/3908, time remaining: 1m 11s
Rendered 1664/3908, time remaining: 1m 11s
Rendered 1665/3908, time remaining: 1m 10s
Rendered 1666/3908, time remaining: 1m 12s
Rendered 1667/3908, time remaining: 1m 12s
Rendered 1668/3908, time remaining: 1m 12s
Rendered 1669/3908, time remaining: 1m 12s
Rendered 1670/3908, time remaining: 1m 12s
Rendered 1671/3908, time remaining: 1m 11s
Rendered 1672/3908, time remaining: 1m 10s
Rendered 1673/3908, time remaining: 1m 10s
Rendered 1674/3908, time remaining: 1m 12s
Rendered 1675/3908, time remaining: 1m 11s
Rendered 1676/3908, time remaining: 1m 11s
Rendered 1677/3908, time remaining: 1m 11s
Rendered 1678/3908, time remaining: 1m 12s
Rendered 1679/3908, time remaining: 1m 9s
Rendered 1680/3908, time remaining: 1m 9s
Rendered 1681/3908, time remaining: 1m 11s
Rendered 1682/3908, time remaining: 1m 12s
Rendered 1683/3908, time remaining: 1m 11s
Rendered 1684/3908, time remaining: 1m 11s
Rendered 1685/3908, time remaining: 1m 11s
Rendered 1686/3908, time remaining: 1m 12s
Rendered 1687/3908, time remaining: 1m 10s
Rendered 1688/3908, time remaining: 1m 9s
Rendered 1689/3908, time remaining: 1m 11s
Rendered 1690/3908, time remaining: 1m 11s
Rendered 1691/3908, time remaining: 1m 11s
Rendered 1692/3908, time remaining: 1m 11s
Rendered 1693/3908, time remaining: 1m 10s
Rendered 1694/3908, time remaining: 1m 10s
Rendered 1695/3908, time remaining: 1m 10s
Rendered 1696/3908, time remaining: 1m 10s
Rendered 1697/3908, time remaining: 1m 9s
Rendered 1698/3908, time remaining: 1m 11s
Rendered 1699/3908, time remaining: 1m 11s
Rendered 1700/3908, time remaining: 1m 11s
Rendered 1701/3908, time remaining: 1m 9s
Rendered 1702/3908, time remaining: 1m 9s
Rendered 1703/3908, time remaining: 1m 9s
Rendered 1704/3908, time remaining: 1m 9s
Rendered 1705/3908, time remaining: 1m 12s
Rendered 1706/3908, time remaining: 1m 12s
Rendered 1707/3908, time remaining: 1m 11s
Rendered 1708/3908, time remaining: 1m 12s
Rendered 1709/3908, time remaining: 1m 10s
Rendered 1710/3908, time remaining: 1m 10s
Rendered 1711/3908, time remaining: 1m 9s
Rendered 1712/3908, time remaining: 1m 9s
Rendered 1713/3908, time remaining: 1m 8s
Rendered 1714/3908, time remaining: 1m 8s
Rendered 1715/3908, time remaining: 1m 10s
Rendered 1716/3908, time remaining: 1m 10s
Rendered 1717/3908, time remaining: 1m 9s
Rendered 1718/3908, time remaining: 1m 11s
Rendered 1719/3908, time remaining: 1m 11s
Rendered 1720/3908, time remaining: 1m 10s
Rendered 1721/3908, time remaining: 1m 11s
Rendered 1722/3908, time remaining: 1m 11s
Rendered 1723/3908, time remaining: 1m 11s
Rendered 1724/3908, time remaining: 1m 12s
Rendered 1725/3908, time remaining: 1m 12s
Rendered 1726/3908, time remaining: 1m 13s
Rendered 1727/3908, time remaining: 1m 13s
Rendered 1728/3908, time remaining: 1m 12s
Rendered 1729/3908, time remaining: 1m 13s
Rendered 1730/3908, time remaining: 1m 13s
Rendered 1731/3908, time remaining: 1m 13s
Rendered 1732/3908, time remaining: 1m 15s
Rendered 1733/3908, time remaining: 1m 14s
Rendered 1734/3908, time remaining: 1m 15s
Rendered 1735/3908, time remaining: 1m 15s
Rendered 1736/3908, time remaining: 1m 15s
Rendered 1737/3908, time remaining: 1m 15s
Rendered 1738/3908, time remaining: 1m 14s
Rendered 1739/3908, time remaining: 1m 14s
Rendered 1740/3908, time remaining: 1m 14s
Rendered 1741/3908, time remaining: 1m 14s
Rendered 1742/3908, time remaining: 1m 14s
Rendered 1743/3908, time remaining: 1m 15s
Rendered 1744/3908, time remaining: 1m 15s
Rendered 1745/3908, time remaining: 1m 14s
Rendered 1746/3908, time remaining: 1m 16s
Rendered 1747/3908, time remaining: 1m 15s
Rendered 1748/3908, time remaining: 1m 14s
Rendered 1749/3908, time remaining: 1m 13s
Rendered 1750/3908, time remaining: 1m 13s
Rendered 1751/3908, time remaining: 1m 14s
Rendered 1752/3908, time remaining: 1m 15s
Rendered 1753/3908, time remaining: 1m 14s
Rendered 1754/3908, time remaining: 1m 15s
Rendered 1755/3908, time remaining: 1m 15s
Rendered 1756/3908, time remaining: 1m 14s
Rendered 1757/3908, time remaining: 1m 12s
Rendered 1758/3908, time remaining: 1m 12s
Rendered 1759/3908, time remaining: 1m 13s
Rendered 1760/3908, time remaining: 1m 14s
Rendered 1761/3908, time remaining: 1m 14s
Rendered 1762/3908, time remaining: 1m 15s
Rendered 1763/3908, time remaining: 1m 14s
Rendered 1764/3908, time remaining: 1m 14s
Rendered 1765/3908, time remaining: 1m 13s
Rendered 1766/3908, time remaining: 1m 13s
Rendered 1767/3908, time remaining: 1m 13s
Rendered 1768/3908, time remaining: 1m 13s
Rendered 1769/3908, time remaining: 1m 13s
Rendered 1770/3908, time remaining: 1m 14s
Rendered 1771/3908, time remaining: 1m 13s
Rendered 1772/3908, time remaining: 1m 15s
Rendered 1773/3908, time remaining: 1m 14s
Rendered 1774/3908, time remaining: 1m 14s
Rendered 1775/3908, time remaining: 1m 13s
Rendered 1776/3908, time remaining: 1m 14s
Rendered 1777/3908, time remaining: 1m 15s
Rendered 1778/3908, time remaining: 1m 15s
Rendered 1779/3908, time remaining: 1m 15s
Rendered 1780/3908, time remaining: 1m 15s
Rendered 1781/3908, time remaining: 1m 14s
Rendered 1782/3908, time remaining: 1m 14s
Rendered 1783/3908, time remaining: 1m 15s
Rendered 1784/3908, time remaining: 1m 14s
Rendered 1785/3908, time remaining: 1m 16s
Rendered 1786/3908, time remaining: 1m 15s
Rendered 1787/3908, time remaining: 1m 15s
Rendered 1788/3908, time remaining: 1m 15s
Rendered 1789/3908, time remaining: 1m 15s
Rendered 1790/3908, time remaining: 1m 15s
Rendered 1791/3908, time remaining: 1m 14s
Rendered 1792/3908, time remaining: 1m 14s
Rendered 1793/3908, time remaining: 1m 15s
Rendered 1794/3908, time remaining: 1m 15s
Rendered 1795/3908, time remaining: 1m 15s
Rendered 1796/3908, time remaining: 1m 16s
Rendered 1797/3908, time remaining: 1m 16s
Rendered 1798/3908, time remaining: 1m 14s
Rendered 1799/3908, time remaining: 1m 15s
Rendered 1800/3908, time remaining: 1m 14s
Rendered 1801/3908, time remaining: 1m 14s
Rendered 1802/3908, time remaining: 1m 14s
Rendered 1803/3908, time remaining: 1m 14s
Rendered 1804/3908, time remaining: 1m 15s
Rendered 1805/3908, time remaining: 1m 14s
Rendered 1806/3908, time remaining: 1m 13s
Rendered 1807/3908, time remaining: 1m 16s
Rendered 1808/3908, time remaining: 1m 14s
Rendered 1809/3908, time remaining: 1m 13s
Rendered 1810/3908, time remaining: 1m 14s
Rendered 1811/3908, time remaining: 1m 14s
Rendered 1812/3908, time remaining: 1m 14s
Rendered 1813/3908, time remaining: 1m 14s
Rendered 1814/3908, time remaining: 1m 16s
Rendered 1815/3908, time remaining: 1m 16s
Rendered 1816/3908, time remaining: 1m 13s
Rendered 1817/3908, time remaining: 1m 14s
Rendered 1818/3908, time remaining: 1m 14s
Rendered 1819/3908, time remaining: 1m 14s
Rendered 1820/3908, time remaining: 1m 14s
Rendered 1821/3908, time remaining: 1m 14s
Rendered 1822/3908, time remaining: 1m 15s
Rendered 1823/3908, time remaining: 1m 15s
Rendered 1824/3908, time remaining: 1m 13s
Rendered 1825/3908, time remaining: 1m 13s
Rendered 1826/3908, time remaining: 1m 13s
Rendered 1827/3908, time remaining: 1m 14s
Rendered 1828/3908, time remaining: 1m 14s
Rendered 1829/3908, time remaining: 1m 14s
Rendered 1830/3908, time remaining: 1m 16s
Rendered 1831/3908, time remaining: 1m 14s
Rendered 1832/3908, time remaining: 1m 13s
Rendered 1833/3908, time remaining: 1m 13s
Rendered 1834/3908, time remaining: 1m 13s
Rendered 1835/3908, time remaining: 1m 13s
Rendered 1836/3908, time remaining: 1m 14s
Rendered 1837/3908, time remaining: 1m 14s
Rendered 1838/3908, time remaining: 1m 15s
Rendered 1839/3908, time remaining: 1m 14s
Rendered 1840/3908, time remaining: 1m 14s
Rendered 1841/3908, time remaining: 1m 13s
Rendered 1842/3908, time remaining: 1m 13s
Rendered 1843/3908, time remaining: 1m 13s
Rendered 1844/3908, time remaining: 1m 13s
Rendered 1845/3908, time remaining: 1m 14s
Rendered 1846/3908, time remaining: 1m 15s
Rendered 1847/3908, time remaining: 1m 15s
Rendered 1848/3908, time remaining: 1m 13s
Rendered 1849/3908, time remaining: 1m 13s
Rendered 1850/3908, time remaining: 1m 14s
Rendered 1851/3908, time remaining: 1m 14s
Rendered 1852/3908, time remaining: 1m 14s
Rendered 1853/3908, time remaining: 1m 15s
Rendered 1854/3908, time remaining: 1m 16s
Rendered 1855/3908, time remaining: 1m 13s
Rendered 1856/3908, time remaining: 1m 13s
Rendered 1857/3908, time remaining: 1m 13s
Rendered 1858/3908, time remaining: 1m 13s
Rendered 1859/3908, time remaining: 1m 13s
Rendered 1860/3908, time remaining: 1m 13s
Rendered 1861/3908, time remaining: 1m 14s
Rendered 1862/3908, time remaining: 1m 15s
Rendered 1863/3908, time remaining: 1m 15s
Rendered 1864/3908, time remaining: 1m 15s
Rendered 1865/3908, time remaining: 1m 13s
Rendered 1866/3908, time remaining: 1m 14s
Rendered 1867/3908, time remaining: 1m 13s
Rendered 1868/3908, time remaining: 1m 12s
Rendered 1869/3908, time remaining: 1m 14s
Rendered 1870/3908, time remaining: 1m 14s
Rendered 1871/3908, time remaining: 1m 13s
Rendered 1872/3908, time remaining: 1m 13s
Rendered 1873/3908, time remaining: 1m 14s
Rendered 1874/3908, time remaining: 1m 13s
Rendered 1875/3908, time remaining: 1m 13s
Rendered 1876/3908, time remaining: 1m 12s
Rendered 1877/3908, time remaining: 1m 13s
Rendered 1878/3908, time remaining: 1m 13s
Rendered 1879/3908, time remaining: 1m 13s
Rendered 1880/3908, time remaining: 1m 13s
Rendered 1881/3908, time remaining: 1m 14s
Rendered 1882/3908, time remaining: 1m 13s
Rendered 1883/3908, time remaining: 1m 13s
Rendered 1884/3908, time remaining: 1m 13s
Rendered 1885/3908, time remaining: 1m 13s
Rendered 1886/3908, time remaining: 1m 14s
Rendered 1887/3908, time remaining: 1m 14s
Rendered 1888/3908, time remaining: 1m 12s
Rendered 1889/3908, time remaining: 1m 14s
Rendered 1890/3908, time remaining: 1m 15s
Rendered 1891/3908, time remaining: 1m 14s
Rendered 1892/3908, time remaining: 1m 13s
Rendered 1893/3908, time remaining: 1m 12s
Rendered 1894/3908, time remaining: 1m 12s
Rendered 1895/3908, time remaining: 1m 13s
Rendered 1896/3908, time remaining: 1m 12s
Rendered 1897/3908, time remaining: 1m 12s
Rendered 1898/3908, time remaining: 1m 14s
Rendered 1899/3908, time remaining: 1m 14s
Rendered 1900/3908, time remaining: 1m 14s
Rendered 1901/3908, time remaining: 1m 13s
Rendered 1902/3908, time remaining: 1m 12s
Rendered 1903/3908, time remaining: 1m 13s
Rendered 1904/3908, time remaining: 1m 12s
Rendered 1905/3908, time remaining: 1m 13s
Rendered 1906/3908, time remaining: 1m 14s
Rendered 1907/3908, time remaining: 1m 14s
Rendered 1908/3908, time remaining: 1m 13s
Rendered 1909/3908, time remaining: 1m 13s
Rendered 1910/3908, time remaining: 1m 13s
Rendered 1911/3908, time remaining: 1m 13s
Rendered 1912/3908, time remaining: 1m 12s
Rendered 1913/3908, time remaining: 1m 13s
Rendered 1914/3908, time remaining: 1m 12s
Rendered 1915/3908, time remaining: 1m 11s
Rendered 1916/3908, time remaining: 1m 13s
Rendered 1917/3908, time remaining: 1m 14s
Rendered 1918/3908, time remaining: 1m 14s
Rendered 1919/3908, time remaining: 1m 14s
Rendered 1920/3908, time remaining: 1m 14s
Rendered 1921/3908, time remaining: 1m 14s
Rendered 1922/3908, time remaining: 1m 11s
Rendered 1923/3908, time remaining: 1m 11s
Rendered 1924/3908, time remaining: 1m 12s
Rendered 1925/3908, time remaining: 1m 13s
Rendered 1926/3908, time remaining: 1m 13s
Rendered 1927/3908, time remaining: 1m 11s
Rendered 1928/3908, time remaining: 1m 12s
Rendered 1929/3908, time remaining: 1m 12s
Rendered 1930/3908, time remaining: 1m 11s
Rendered 1931/3908, time remaining: 1m 11s
Rendered 1932/3908, time remaining: 1m 11s
Rendered 1933/3908, time remaining: 1m 10s
Rendered 1934/3908, time remaining: 1m 11s
Rendered 1935/3908, time remaining: 1m 10s
Rendered 1936/3908, time remaining: 1m 11s
Rendered 1937/3908, time remaining: 1m 11s
Rendered 1938/3908, time remaining: 1m 11s
Rendered 1939/3908, time remaining: 1m 11s
Rendered 1940/3908, time remaining: 1m 10s
Rendered 1941/3908, time remaining: 1m 10s
Rendered 1942/3908, time remaining: 1m 10s
Rendered 1943/3908, time remaining: 1m 10s
Rendered 1944/3908, time remaining: 1m 10s
Rendered 1945/3908, time remaining: 1m 10s
Rendered 1946/3908, time remaining: 1m 10s
Rendered 1947/3908, time remaining: 1m 11s
Rendered 1948/3908, time remaining: 1m 11s
Rendered 1949/3908, time remaining: 1m 10s
Rendered 1950/3908, time remaining: 1m 10s
Rendered 1951/3908, time remaining: 1m 10s
Rendered 1952/3908, time remaining: 1m 10s
Rendered 1953/3908, time remaining: 1m 11s
Rendered 1954/3908, time remaining: 1m 10s
Rendered 1955/3908, time remaining: 1m 12s
Rendered 1956/3908, time remaining: 1m 12s
Rendered 1957/3908, time remaining: 1m 10s
Rendered 1958/3908, time remaining: 1m 11s
Rendered 1959/3908, time remaining: 1m 10s
Rendered 1960/3908, time remaining: 1m 10s
Rendered 1961/3908, time remaining: 1m 11s
Rendered 1962/3908, time remaining: 1m 10s
Rendered 1963/3908, time remaining: 1m 10s
Rendered 1964/3908, time remaining: 1m 9s
Rendered 1965/3908, time remaining: 1m 10s
Rendered 1966/3908, time remaining: 1m 10s
Rendered 1967/3908, time remaining: 1m 9s
Rendered 1968/3908, time remaining: 1m 10s
Rendered 1969/3908, time remaining: 1m 10s
Rendered 1970/3908, time remaining: 1m 10s
Rendered 1971/3908, time remaining: 1m 10s
Rendered 1972/3908, time remaining: 1m 9s
Rendered 1973/3908, time remaining: 1m 9s
Rendered 1974/3908, time remaining: 1m 10s
Rendered 1975/3908, time remaining: 1m 9s
Rendered 1976/3908, time remaining: 1m 10s
Rendered 1977/3908, time remaining: 1m 10s
Rendered 1978/3908, time remaining: 1m 9s
Rendered 1979/3908, time remaining: 1m 10s
Rendered 1980/3908, time remaining: 1m 8s
Rendered 1981/3908, time remaining: 1m 8s
Rendered 1982/3908, time remaining: 1m 9s
Rendered 1983/3908, time remaining: 1m 9s
Rendered 1984/3908, time remaining: 1m 9s
Rendered 1985/3908, time remaining: 1m 10s
Rendered 1986/3908, time remaining: 1m 9s
Rendered 1987/3908, time remaining: 1m 9s
Rendered 1988/3908, time remaining: 1m 7s
Rendered 1989/3908, time remaining: 1m 8s
Rendered 1990/3908, time remaining: 1m 8s
Rendered 1991/3908, time remaining: 1m 8s
Rendered 1992/3908, time remaining: 1m 8s
Rendered 1993/3908, time remaining: 1m 9s
Rendered 1994/3908, time remaining: 1m 9s
Rendered 1995/3908, time remaining: 1m 8s
Rendered 1996/3908, time remaining: 1m 8s
Rendered 1997/3908, time remaining: 1m 8s
Rendered 1998/3908, time remaining: 1m 8s
Rendered 1999/3908, time remaining: 1m 8s
Rendered 2000/3908, time remaining: 1m 7s
Rendered 2001/3908, time remaining: 1m 8s
Rendered 2002/3908, time remaining: 1m 9s
Rendered 2003/3908, time remaining: 1m 8s
Rendered 2004/3908, time remaining: 1m 7s
Rendered 2005/3908, time remaining: 1m 7s
Rendered 2006/3908, time remaining: 1m 7s
Rendered 2007/3908, time remaining: 1m 7s
Rendered 2008/3908, time remaining: 1m 6s
Rendered 2009/3908, time remaining: 1m 9s
Rendered 2010/3908, time remaining: 1m 9s
Rendered 2011/3908, time remaining: 1m 7s
Rendered 2012/3908, time remaining: 1m 7s
Rendered 2013/3908, time remaining: 1m 6s
Rendered 2014/3908, time remaining: 1m 6s
Rendered 2015/3908, time remaining: 1m 6s
Rendered 2016/3908, time remaining: 1m 6s
Rendered 2017/3908, time remaining: 1m 8s
Rendered 2018/3908, time remaining: 1m 9s
Rendered 2019/3908, time remaining: 1m 8s
Rendered 2020/3908, time remaining: 1m 8s
Rendered 2021/3908, time remaining: 1m 7s
Rendered 2022/3908, time remaining: 1m 7s
Rendered 2023/3908, time remaining: 1m 6s
Rendered 2024/3908, time remaining: 1m 6s
Rendered 2025/3908, time remaining: 1m 9s
Rendered 2026/3908, time remaining: 1m 8s
Rendered 2027/3908, time remaining: 1m 8s
Rendered 2028/3908, time remaining: 1m 8s
Rendered 2029/3908, time remaining: 1m 7s
Rendered 2030/3908, time remaining: 1m 7s
Rendered 2031/3908, time remaining: 1m 6s
Rendered 2032/3908, time remaining: 1m 6s
Rendered 2033/3908, time remaining: 1m 7s
Rendered 2034/3908, time remaining: 1m 7s
Rendered 2035/3908, time remaining: 1m 8s
Rendered 2036/3908, time remaining: 1m 7s
Rendered 2037/3908, time remaining: 1m 7s
Rendered 2038/3908, time remaining: 1m 7s
Rendered 2039/3908, time remaining: 1m 6s
Rendered 2040/3908, time remaining: 1m 5s
Rendered 2041/3908, time remaining: 1m 6s
Rendered 2042/3908, time remaining: 1m 7s
Rendered 2043/3908, time remaining: 1m 7s
Rendered 2044/3908, time remaining: 1m 7s
Rendered 2045/3908, time remaining: 1m 6s
Rendered 2046/3908, time remaining: 1m 6s
Rendered 2047/3908, time remaining: 1m 6s
Rendered 2048/3908, time remaining: 1m 6s
Rendered 2049/3908, time remaining: 1m 6s
Rendered 2050/3908, time remaining: 1m 7s
Rendered 2051/3908, time remaining: 1m 6s
Rendered 2052/3908, time remaining: 1m 6s
Rendered 2053/3908, time remaining: 1m 5s
Rendered 2054/3908, time remaining: 1m 6s
Rendered 2055/3908, time remaining: 1m 5s
Rendered 2056/3908, time remaining: 1m 6s
Rendered 2057/3908, time remaining: 1m 7s
Rendered 2058/3908, time remaining: 1m 7s
Rendered 2059/3908, time remaining: 1m 5s
Rendered 2060/3908, time remaining: 1m 4s
Rendered 2061/3908, time remaining: 1m 5s
Rendered 2062/3908, time remaining: 1m 5s
Rendered 2063/3908, time remaining: 1m 5s
Rendered 2064/3908, time remaining: 1m 7s
Rendered 2065/3908, time remaining: 1m 7s
Rendered 2066/3908, time remaining: 1m 5s
Rendered 2067/3908, time remaining: 1m 5s
Rendered 2068/3908, time remaining: 1m 5s
Rendered 2069/3908, time remaining: 1m 4s
Rendered 2070/3908, time remaining: 1m 4s
Rendered 2071/3908, time remaining: 1m 4s
Rendered 2072/3908, time remaining: 1m 5s
Rendered 2073/3908, time remaining: 1m 5s
Rendered 2074/3908, time remaining: 1m 4s
Rendered 2075/3908, time remaining: 1m 4s
Rendered 2076/3908, time remaining: 1m 5s
Rendered 2077/3908, time remaining: 1m 5s
Rendered 2078/3908, time remaining: 1m 3s
Rendered 2079/3908, time remaining: 1m 3s
Rendered 2080/3908, time remaining: 1m 4s
Rendered 2081/3908, time remaining: 1m 4s
Rendered 2082/3908, time remaining: 1m 5s
Rendered 2083/3908, time remaining: 1m 5s
Rendered 2084/3908, time remaining: 1m 4s
Rendered 2085/3908, time remaining: 1m 4s
Rendered 2086/3908, time remaining: 1m 3s
Rendered 2087/3908, time remaining: 1m 4s
Rendered 2088/3908, time remaining: 1m 3s
Rendered 2089/3908, time remaining: 1m 3s
Rendered 2090/3908, time remaining: 1m 4s
Rendered 2091/3908, time remaining: 1m 4s
Rendered 2092/3908, time remaining: 1m 4s
Rendered 2093/3908, time remaining: 1m 3s
Rendered 2094/3908, time remaining: 1m 3s
Rendered 2095/3908, time remaining: 1m 4s
Rendered 2096/3908, time remaining: 1m 3s
Rendered 2097/3908, time remaining: 1m 3s
Rendered 2098/3908, time remaining: 1m 4s
Rendered 2099/3908, time remaining: 1m 4s
Rendered 2100/3908, time remaining: 1m 5s
Rendered 2101/3908, time remaining: 1m 4s
Rendered 2102/3908, time remaining: 1m 3s
Rendered 2103/3908, time remaining: 1m 3s
Rendered 2104/3908, time remaining: 1m 3s
Rendered 2105/3908, time remaining: 1m 3s
Rendered 2106/3908, time remaining: 1m 3s
Rendered 2107/3908, time remaining: 1m 3s
Rendered 2108/3908, time remaining: 1m 3s
Rendered 2109/3908, time remaining: 1m 3s
Rendered 2110/3908, time remaining: 1m 3s
Rendered 2111/3908, time remaining: 1m 2s
Rendered 2112/3908, time remaining: 1m 3s
Rendered 2113/3908, time remaining: 1m 3s
Rendered 2114/3908, time remaining: 1m 3s
Rendered 2115/3908, time remaining: 1m 2s
Rendered 2116/3908, time remaining: 1m 3s
Rendered 2117/3908, time remaining: 1m 3s
Rendered 2118/3908, time remaining: 1m 3s
Rendered 2119/3908, time remaining: 1m 2s
Rendered 2120/3908, time remaining: 1m 2s
Rendered 2121/3908, time remaining: 1m 2s
Rendered 2122/3908, time remaining: 1m 3s
Rendered 2123/3908, time remaining: 1m 3s
Rendered 2124/3908, time remaining: 1m 3s
Rendered 2125/3908, time remaining: 1m 2s
Rendered 2126/3908, time remaining: 1m 2s
Rendered 2127/3908, time remaining: 1m 2s
Rendered 2128/3908, time remaining: 1m 2s
Rendered 2129/3908, time remaining: 1m 2s
Rendered 2130/3908, time remaining: 1m 1s
Rendered 2131/3908, time remaining: 1m 3s
Rendered 2132/3908, time remaining: 1m 2s
Rendered 2133/3908, time remaining: 1m 2s
Rendered 2134/3908, time remaining: 1m 2s
Rendered 2135/3908, time remaining: 1m 1s
Rendered 2136/3908, time remaining: 1m 2s
Rendered 2137/3908, time remaining: 1m 1s
Rendered 2138/3908, time remaining: 1m 2s
Rendered 2139/3908, time remaining: 1m 3s
Rendered 2140/3908, time remaining: 1m 3s
Rendered 2141/3908, time remaining: 1m 3s
Rendered 2142/3908, time remaining: 1m 2s
Rendered 2143/3908, time remaining: 1m 1s
Rendered 2144/3908, time remaining: 1m 1s
Rendered 2145/3908, time remaining: 1m 1s
Rendered 2146/3908, time remaining: 1m 0s
Rendered 2147/3908, time remaining: 1m 1s
Rendered 2148/3908, time remaining: 1m 1s
Rendered 2149/3908, time remaining: 1m 2s
Rendered 2150/3908, time remaining: 1m 2s
Rendered 2151/3908, time remaining: 1m 1s
Rendered 2152/3908, time remaining: 1m 0s
Rendered 2153/3908, time remaining: 1m 0s
Rendered 2154/3908, time remaining: 1m 0s
Rendered 2155/3908, time remaining: 1m 1s
Rendered 2156/3908, time remaining: 1m 0s
Rendered 2157/3908, time remaining: 1m 2s
Rendered 2158/3908, time remaining: 1m 2s
Rendered 2159/3908, time remaining: 1m 0s
Rendered 2160/3908, time remaining: 1m 1s
Rendered 2161/3908, time remaining: 1m 1s
Rendered 2162/3908, time remaining: 1m 0s
Rendered 2163/3908, time remaining: 1m 1s
Rendered 2164/3908, time remaining: 1m 1s
Rendered 2165/3908, time remaining: 1m 2s
Rendered 2166/3908, time remaining: 1m 1s
Rendered 2167/3908, time remaining: 1m 0s
Rendered 2168/3908, time remaining: 59s
Rendered 2169/3908, time remaining: 59s
Rendered 2170/3908, time remaining: 1m 0s
Rendered 2171/3908, time remaining: 1m 0s
Rendered 2172/3908, time remaining: 1m 0s
Rendered 2173/3908, time remaining: 1m 0s
Rendered 2174/3908, time remaining: 1m 0s
Rendered 2175/3908, time remaining: 59s
Rendered 2176/3908, time remaining: 59s
Rendered 2177/3908, time remaining: 59s
Rendered 2178/3908, time remaining: 59s
Rendered 2179/3908, time remaining: 59s
Rendered 2180/3908, time remaining: 59s
Rendered 2181/3908, time remaining: 59s
Rendered 2182/3908, time remaining: 1m 0s
Rendered 2183/3908, time remaining: 58s
Rendered 2184/3908, time remaining: 58s
Rendered 2185/3908, time remaining: 58s
Rendered 2186/3908, time remaining: 1m 0s
Rendered 2187/3908, time remaining: 1m 0s
Rendered 2188/3908, time remaining: 59s
Rendered 2189/3908, time remaining: 59s
Rendered 2190/3908, time remaining: 59s
Rendered 2191/3908, time remaining: 58s
Rendered 2192/3908, time remaining: 58s
Rendered 2193/3908, time remaining: 58s
Rendered 2194/3908, time remaining: 1m 0s
Rendered 2195/3908, time remaining: 1m 0s
Rendered 2196/3908, time remaining: 1m 0s
Rendered 2197/3908, time remaining: 1m 0s
Rendered 2198/3908, time remaining: 59s
Rendered 2199/3908, time remaining: 59s
Rendered 2200/3908, time remaining: 58s
Rendered 2201/3908, time remaining: 58s
Rendered 2202/3908, time remaining: 58s
Rendered 2203/3908, time remaining: 58s
Rendered 2204/3908, time remaining: 59s
Rendered 2205/3908, time remaining: 59s
Rendered 2206/3908, time remaining: 58s
Rendered 2207/3908, time remaining: 59s
Rendered 2208/3908, time remaining: 58s
Rendered 2209/3908, time remaining: 59s
Rendered 2210/3908, time remaining: 59s
Rendered 2211/3908, time remaining: 59s
Rendered 2212/3908, time remaining: 58s
Rendered 2213/3908, time remaining: 58s
Rendered 2214/3908, time remaining: 57s
Rendered 2215/3908, time remaining: 59s
Rendered 2216/3908, time remaining: 59s
Rendered 2217/3908, time remaining: 58s
Rendered 2218/3908, time remaining: 58s
Rendered 2219/3908, time remaining: 58s
Rendered 2220/3908, time remaining: 58s
Rendered 2221/3908, time remaining: 58s
Rendered 2222/3908, time remaining: 57s
Rendered 2223/3908, time remaining: 59s
Rendered 2224/3908, time remaining: 59s
Rendered 2225/3908, time remaining: 58s
Rendered 2226/3908, time remaining: 57s
Rendered 2227/3908, time remaining: 58s
Rendered 2228/3908, time remaining: 58s
Rendered 2229/3908, time remaining: 58s
Rendered 2230/3908, time remaining: 57s
Rendered 2231/3908, time remaining: 59s
Rendered 2232/3908, time remaining: 58s
Rendered 2233/3908, time remaining: 58s
Rendered 2234/3908, time remaining: 58s
Rendered 2235/3908, time remaining: 58s
Rendered 2236/3908, time remaining: 58s
Rendered 2237/3908, time remaining: 57s
Rendered 2238/3908, time remaining: 57s
Rendered 2239/3908, time remaining: 59s
Rendered 2240/3908, time remaining: 59s
Rendered 2241/3908, time remaining: 58s
Rendered 2242/3908, time remaining: 58s
Rendered 2243/3908, time remaining: 58s
Rendered 2244/3908, time remaining: 58s
Rendered 2245/3908, time remaining: 57s
Rendered 2246/3908, time remaining: 58s
Rendered 2247/3908, time remaining: 57s
Rendered 2248/3908, time remaining: 58s
Rendered 2249/3908, time remaining: 58s
Rendered 2250/3908, time remaining: 57s
Rendered 2251/3908, time remaining: 57s
Rendered 2252/3908, time remaining: 57s
Rendered 2253/3908, time remaining: 57s
Rendered 2254/3908, time remaining: 57s
Rendered 2255/3908, time remaining: 58s
Rendered 2256/3908, time remaining: 58s
Rendered 2257/3908, time remaining: 58s
Rendered 2258/3908, time remaining: 57s
Rendered 2259/3908, time remaining: 57s
Rendered 2260/3908, time remaining: 58s
Rendered 2261/3908, time remaining: 57s
Rendered 2262/3908, time remaining: 57s
Rendered 2263/3908, time remaining: 58s
Rendered 2264/3908, time remaining: 58s
Rendered 2265/3908, time remaining: 58s
Rendered 2266/3908, time remaining: 57s
Rendered 2267/3908, time remaining: 58s
Rendered 2268/3908, time remaining: 57s
Rendered 2269/3908, time remaining: 57s
Rendered 2270/3908, time remaining: 58s
Rendered 2271/3908, time remaining: 58s
Rendered 2272/3908, time remaining: 57s
Rendered 2273/3908, time remaining: 58s
Rendered 2274/3908, time remaining: 57s
Rendered 2275/3908, time remaining: 57s
Rendered 2276/3908, time remaining: 57s
Rendered 2277/3908, time remaining: 58s
Rendered 2278/3908, time remaining: 58s
Rendered 2279/3908, time remaining: 58s
Rendered 2280/3908, time remaining: 58s
Rendered 2281/3908, time remaining: 56s
Rendered 2282/3908, time remaining: 56s
Rendered 2283/3908, time remaining: 56s
Rendered 2284/3908, time remaining: 57s
Rendered 2285/3908, time remaining: 58s
Rendered 2286/3908, time remaining: 58s
Rendered 2287/3908, time remaining: 58s
Rendered 2288/3908, time remaining: 57s
Rendered 2289/3908, time remaining: 56s
Rendered 2290/3908, time remaining: 57s
Rendered 2291/3908, time remaining: 57s
Rendered 2292/3908, time remaining: 57s
Rendered 2293/3908, time remaining: 57s
Rendered 2294/3908, time remaining: 58s
Rendered 2295/3908, time remaining: 58s
Rendered 2296/3908, time remaining: 58s
Rendered 2297/3908, time remaining: 57s
Rendered 2298/3908, time remaining: 57s
Rendered 2299/3908, time remaining: 56s
Rendered 2300/3908, time remaining: 58s
Rendered 2301/3908, time remaining: 57s
Rendered 2302/3908, time remaining: 57s
Rendered 2303/3908, time remaining: 58s
Rendered 2304/3908, time remaining: 58s
Rendered 2305/3908, time remaining: 57s
Rendered 2306/3908, time remaining: 57s
Rendered 2307/3908, time remaining: 56s
Rendered 2308/3908, time remaining: 57s
Rendered 2309/3908, time remaining: 57s
Rendered 2310/3908, time remaining: 56s
Rendered 2311/3908, time remaining: 57s
Rendered 2312/3908, time remaining: 57s
Rendered 2313/3908, time remaining: 56s
Rendered 2314/3908, time remaining: 56s
Rendered 2315/3908, time remaining: 56s
Rendered 2316/3908, time remaining: 56s
Rendered 2317/3908, time remaining: 56s
Rendered 2318/3908, time remaining: 57s
Rendered 2319/3908, time remaining: 57s
Rendered 2320/3908, time remaining: 57s
Rendered 2321/3908, time remaining: 57s
Rendered 2322/3908, time remaining: 56s
Rendered 2323/3908, time remaining: 57s
Rendered 2324/3908, time remaining: 57s
Rendered 2325/3908, time remaining: 56s
Rendered 2326/3908, time remaining: 56s
Rendered 2327/3908, time remaining: 57s
Rendered 2328/3908, time remaining: 56s
Rendered 2329/3908, time remaining: 57s
Rendered 2330/3908, time remaining: 57s
Rendered 2331/3908, time remaining: 57s
Rendered 2332/3908, time remaining: 56s
Rendered 2333/3908, time remaining: 56s
Rendered 2334/3908, time remaining: 58s
Rendered 2335/3908, time remaining: 57s
Rendered 2336/3908, time remaining: 55s
Rendered 2337/3908, time remaining: 55s
Rendered 2338/3908, time remaining: 55s
Rendered 2339/3908, time remaining: 56s
Rendered 2340/3908, time remaining: 56s
Rendered 2341/3908, time remaining: 56s
Rendered 2342/3908, time remaining: 57s
Rendered 2343/3908, time remaining: 58s
Rendered 2344/3908, time remaining: 55s
Rendered 2345/3908, time remaining: 55s
Rendered 2346/3908, time remaining: 55s
Rendered 2347/3908, time remaining: 55s
Rendered 2348/3908, time remaining: 55s
Rendered 2349/3908, time remaining: 56s
Rendered 2350/3908, time remaining: 55s
Rendered 2351/3908, time remaining: 56s
Rendered 2352/3908, time remaining: 56s
Rendered 2353/3908, time remaining: 56s
Rendered 2354/3908, time remaining: 55s
Rendered 2355/3908, time remaining: 56s
Rendered 2356/3908, time remaining: 56s
Rendered 2357/3908, time remaining: 55s
Rendered 2358/3908, time remaining: 56s
Rendered 2359/3908, time remaining: 55s
Rendered 2360/3908, time remaining: 55s
Rendered 2361/3908, time remaining: 55s
Rendered 2362/3908, time remaining: 56s
Rendered 2363/3908, time remaining: 56s
Rendered 2364/3908, time remaining: 55s
Rendered 2365/3908, time remaining: 54s
Rendered 2366/3908, time remaining: 54s
Rendered 2367/3908, time remaining: 54s
Rendered 2368/3908, time remaining: 54s
Rendered 2369/3908, time remaining: 55s
Rendered 2370/3908, time remaining: 56s
Rendered 2371/3908, time remaining: 56s
Rendered 2372/3908, time remaining: 56s
Rendered 2373/3908, time remaining: 54s
Rendered 2374/3908, time remaining: 54s
Rendered 2375/3908, time remaining: 54s
Rendered 2376/3908, time remaining: 55s
Rendered 2377/3908, time remaining: 54s
Rendered 2378/3908, time remaining: 55s
Rendered 2379/3908, time remaining: 55s
Rendered 2380/3908, time remaining: 55s
Rendered 2381/3908, time remaining: 53s
Rendered 2382/3908, time remaining: 54s
Rendered 2383/3908, time remaining: 54s
Rendered 2384/3908, time remaining: 54s
Rendered 2385/3908, time remaining: 54s
Rendered 2386/3908, time remaining: 54s
Rendered 2387/3908, time remaining: 55s
Rendered 2388/3908, time remaining: 55s
Rendered 2389/3908, time remaining: 54s
Rendered 2390/3908, time remaining: 53s
Rendered 2391/3908, time remaining: 54s
Rendered 2392/3908, time remaining: 54s
Rendered 2393/3908, time remaining: 54s
Rendered 2394/3908, time remaining: 53s
Rendered 2395/3908, time remaining: 54s
Rendered 2396/3908, time remaining: 53s
Rendered 2397/3908, time remaining: 54s
Rendered 2398/3908, time remaining: 53s
Rendered 2399/3908, time remaining: 53s
Rendered 2400/3908, time remaining: 53s
Rendered 2401/3908, time remaining: 53s
Rendered 2402/3908, time remaining: 53s
Rendered 2403/3908, time remaining: 53s
Rendered 2404/3908, time remaining: 53s
Rendered 2405/3908, time remaining: 51s
Rendered 2406/3908, time remaining: 53s
Rendered 2407/3908, time remaining: 53s
Rendered 2408/3908, time remaining: 53s
Rendered 2409/3908, time remaining: 53s
Rendered 2410/3908, time remaining: 53s
Rendered 2411/3908, time remaining: 53s
Rendered 2412/3908, time remaining: 53s
Rendered 2413/3908, time remaining: 52s
Rendered 2414/3908, time remaining: 52s
Rendered 2415/3908, time remaining: 52s
Rendered 2416/3908, time remaining: 52s
Rendered 2417/3908, time remaining: 51s
Rendered 2418/3908, time remaining: 51s
Rendered 2419/3908, time remaining: 53s
Rendered 2420/3908, time remaining: 52s
Rendered 2421/3908, time remaining: 52s
Rendered 2422/3908, time remaining: 52s
Rendered 2423/3908, time remaining: 52s
Rendered 2424/3908, time remaining: 52s
Rendered 2425/3908, time remaining: 52s
Rendered 2426/3908, time remaining: 51s
Rendered 2427/3908, time remaining: 52s
Rendered 2428/3908, time remaining: 52s
Rendered 2429/3908, time remaining: 52s
Rendered 2430/3908, time remaining: 52s
Rendered 2431/3908, time remaining: 52s
Rendered 2432/3908, time remaining: 52s
Rendered 2433/3908, time remaining: 52s
Rendered 2434/3908, time remaining: 51s
Rendered 2435/3908, time remaining: 52s
Rendered 2436/3908, time remaining: 51s
Rendered 2437/3908, time remaining: 51s
Rendered 2438/3908, time remaining: 51s
Rendered 2439/3908, time remaining: 51s
Rendered 2440/3908, time remaining: 51s
Rendered 2441/3908, time remaining: 52s
Rendered 2442/3908, time remaining: 52s
Rendered 2443/3908, time remaining: 51s
Rendered 2444/3908, time remaining: 50s
Rendered 2445/3908, time remaining: 50s
Rendered 2446/3908, time remaining: 50s
Rendered 2447/3908, time remaining: 51s
Rendered 2448/3908, time remaining: 51s
Rendered 2449/3908, time remaining: 52s
Rendered 2450/3908, time remaining: 50s
Rendered 2451/3908, time remaining: 50s
Rendered 2452/3908, time remaining: 50s
Rendered 2453/3908, time remaining: 50s
Rendered 2454/3908, time remaining: 51s
Rendered 2455/3908, time remaining: 50s
Rendered 2456/3908, time remaining: 50s
Rendered 2457/3908, time remaining: 50s
Rendered 2458/3908, time remaining: 50s
Rendered 2459/3908, time remaining: 49s
Rendered 2460/3908, time remaining: 50s
Rendered 2461/3908, time remaining: 51s
Rendered 2462/3908, time remaining: 51s
Rendered 2463/3908, time remaining: 50s
Rendered 2464/3908, time remaining: 50s
Rendered 2465/3908, time remaining: 50s
Rendered 2466/3908, time remaining: 50s
Rendered 2467/3908, time remaining: 50s
Rendered 2468/3908, time remaining: 49s
Rendered 2469/3908, time remaining: 50s
Rendered 2470/3908, time remaining: 50s
Rendered 2471/3908, time remaining: 50s
Rendered 2472/3908, time remaining: 50s
Rendered 2473/3908, time remaining: 49s
Rendered 2474/3908, time remaining: 49s
Rendered 2475/3908, time remaining: 49s
Rendered 2476/3908, time remaining: 49s
Rendered 2477/3908, time remaining: 49s
Rendered 2478/3908, time remaining: 49s
Rendered 2479/3908, time remaining: 49s
Rendered 2480/3908, time remaining: 49s
Rendered 2481/3908, time remaining: 50s
Rendered 2482/3908, time remaining: 50s
Rendered 2483/3908, time remaining: 50s
Rendered 2484/3908, time remaining: 49s
Rendered 2485/3908, time remaining: 49s
Rendered 2486/3908, time remaining: 49s
Rendered 2487/3908, time remaining: 48s
Rendered 2488/3908, time remaining: 48s
Rendered 2489/3908, time remaining: 49s
Rendered 2490/3908, time remaining: 49s
Rendered 2491/3908, time remaining: 50s
Rendered 2492/3908, time remaining: 48s
Rendered 2493/3908, time remaining: 48s
Rendered 2494/3908, time remaining: 48s
Rendered 2495/3908, time remaining: 48s
Rendered 2496/3908, time remaining: 48s
Rendered 2497/3908, time remaining: 49s
Rendered 2498/3908, time remaining: 48s
Rendered 2499/3908, time remaining: 48s
Rendered 2500/3908, time remaining: 48s
Rendered 2501/3908, time remaining: 48s
Rendered 2502/3908, time remaining: 48s
Rendered 2503/3908, time remaining: 48s
Rendered 2504/3908, time remaining: 48s
Rendered 2505/3908, time remaining: 47s
Rendered 2506/3908, time remaining: 47s
Rendered 2507/3908, time remaining: 48s
Rendered 2508/3908, time remaining: 47s
Rendered 2509/3908, time remaining: 48s
Rendered 2510/3908, time remaining: 48s
Rendered 2511/3908, time remaining: 48s
Rendered 2512/3908, time remaining: 47s
Rendered 2513/3908, time remaining: 47s
Rendered 2514/3908, time remaining: 47s
Rendered 2515/3908, time remaining: 48s
Rendered 2516/3908, time remaining: 48s
Rendered 2517/3908, time remaining: 48s
Rendered 2518/3908, time remaining: 48s
Rendered 2519/3908, time remaining: 47s
Rendered 2520/3908, time remaining: 46s
Rendered 2521/3908, time remaining: 46s
Rendered 2522/3908, time remaining: 48s
Rendered 2523/3908, time remaining: 48s
Rendered 2524/3908, time remaining: 47s
Rendered 2525/3908, time remaining: 47s
Rendered 2526/3908, time remaining: 47s
Rendered 2527/3908, time remaining: 47s
Rendered 2528/3908, time remaining: 46s
Rendered 2529/3908, time remaining: 46s
Rendered 2530/3908, time remaining: 47s
Rendered 2531/3908, time remaining: 47s
Rendered 2532/3908, time remaining: 47s
Rendered 2533/3908, time remaining: 47s
Rendered 2534/3908, time remaining: 47s
Rendered 2535/3908, time remaining: 47s
Rendered 2536/3908, time remaining: 46s
Rendered 2537/3908, time remaining: 46s
Rendered 2538/3908, time remaining: 46s
Rendered 2539/3908, time remaining: 46s
Rendered 2540/3908, time remaining: 47s
Rendered 2541/3908, time remaining: 47s
Rendered 2542/3908, time remaining: 47s
Rendered 2543/3908, time remaining: 47s
Rendered 2544/3908, time remaining: 47s
Rendered 2545/3908, time remaining: 47s
Rendered 2546/3908, time remaining: 47s
Rendered 2547/3908, time remaining: 46s
Rendered 2548/3908, time remaining: 46s
Rendered 2549/3908, time remaining: 47s
Rendered 2550/3908, time remaining: 47s
Rendered 2551/3908, time remaining: 47s
Rendered 2552/3908, time remaining: 47s
Rendered 2553/3908, time remaining: 47s
Rendered 2554/3908, time remaining: 47s
Rendered 2555/3908, time remaining: 47s
Rendered 2556/3908, time remaining: 46s
Rendered 2557/3908, time remaining: 47s
Rendered 2558/3908, time remaining: 46s
Rendered 2559/3908, time remaining: 46s
Rendered 2560/3908, time remaining: 47s
Rendered 2561/3908, time remaining: 46s
Rendered 2562/3908, time remaining: 46s
Rendered 2563/3908, time remaining: 46s
Rendered 2564/3908, time remaining: 46s
Rendered 2565/3908, time remaining: 47s
Rendered 2566/3908, time remaining: 47s
Rendered 2567/3908, time remaining: 47s
Rendered 2568/3908, time remaining: 47s
Rendered 2569/3908, time remaining: 45s
Rendered 2570/3908, time remaining: 45s
Rendered 2571/3908, time remaining: 46s
Rendered 2572/3908, time remaining: 46s
Rendered 2573/3908, time remaining: 47s
Rendered 2574/3908, time remaining: 47s
Rendered 2575/3908, time remaining: 47s
Rendered 2576/3908, time remaining: 47s
Rendered 2577/3908, time remaining: 45s
Rendered 2578/3908, time remaining: 45s
Rendered 2579/3908, time remaining: 46s
Rendered 2580/3908, time remaining: 46s
Rendered 2581/3908, time remaining: 46s
Rendered 2582/3908, time remaining: 46s
Rendered 2583/3908, time remaining: 46s
Rendered 2584/3908, time remaining: 46s
Rendered 2585/3908, time remaining: 45s
Rendered 2586/3908, time remaining: 46s
Rendered 2587/3908, time remaining: 46s
Rendered 2588/3908, time remaining: 47s
Rendered 2589/3908, time remaining: 46s
Rendered 2590/3908, time remaining: 46s
Rendered 2591/3908, time remaining: 45s
Rendered 2592/3908, time remaining: 45s
Rendered 2593/3908, time remaining: 46s
Rendered 2594/3908, time remaining: 46s
Rendered 2595/3908, time remaining: 47s
Rendered 2596/3908, time remaining: 46s
Rendered 2597/3908, time remaining: 46s
Rendered 2598/3908, time remaining: 46s
Rendered 2599/3908, time remaining: 45s
Rendered 2600/3908, time remaining: 45s
Rendered 2601/3908, time remaining: 46s
Rendered 2602/3908, time remaining: 47s
Rendered 2603/3908, time remaining: 46s
Rendered 2604/3908, time remaining: 45s
Rendered 2605/3908, time remaining: 46s
Rendered 2606/3908, time remaining: 47s
Rendered 2607/3908, time remaining: 46s
Rendered 2608/3908, time remaining: 46s
Rendered 2609/3908, time remaining: 46s
Rendered 2610/3908, time remaining: 45s
Rendered 2611/3908, time remaining: 45s
Rendered 2612/3908, time remaining: 45s
Rendered 2613/3908, time remaining: 46s
Rendered 2614/3908, time remaining: 46s
Rendered 2615/3908, time remaining: 46s
Rendered 2616/3908, time remaining: 46s
Rendered 2617/3908, time remaining: 46s
Rendered 2618/3908, time remaining: 45s
Rendered 2619/3908, time remaining: 45s
Rendered 2620/3908, time remaining: 45s
Rendered 2621/3908, time remaining: 46s
Rendered 2622/3908, time remaining: 46s
Rendered 2623/3908, time remaining: 46s
Rendered 2624/3908, time remaining: 46s
Rendered 2625/3908, time remaining: 46s
Rendered 2626/3908, time remaining: 46s
Rendered 2627/3908, time remaining: 46s
Rendered 2628/3908, time remaining: 46s
Rendered 2629/3908, time remaining: 45s
Rendered 2630/3908, time remaining: 45s
Rendered 2631/3908, time remaining: 45s
Rendered 2632/3908, time remaining: 45s
Rendered 2633/3908, time remaining: 45s
Rendered 2634/3908, time remaining: 45s
Rendered 2635/3908, time remaining: 45s
Rendered 2636/3908, time remaining: 45s
Rendered 2637/3908, time remaining: 46s
Rendered 2638/3908, time remaining: 46s
Rendered 2639/3908, time remaining: 45s
Rendered 2640/3908, time remaining: 45s
Rendered 2641/3908, time remaining: 45s
Rendered 2642/3908, time remaining: 45s
Rendered 2643/3908, time remaining: 45s
Rendered 2644/3908, time remaining: 45s
Rendered 2645/3908, time remaining: 45s
Rendered 2646/3908, time remaining: 46s
Rendered 2647/3908, time remaining: 45s
Rendered 2648/3908, time remaining: 45s
Rendered 2649/3908, time remaining: 46s
Rendered 2650/3908, time remaining: 46s
Rendered 2651/3908, time remaining: 44s
Rendered 2652/3908, time remaining: 44s
Rendered 2653/3908, time remaining: 46s
Rendered 2654/3908, time remaining: 46s
Rendered 2655/3908, time remaining: 45s
Rendered 2656/3908, time remaining: 45s
Rendered 2657/3908, time remaining: 45s
Rendered 2658/3908, time remaining: 45s
Rendered 2659/3908, time remaining: 44s
Rendered 2660/3908, time remaining: 45s
Rendered 2661/3908, time remaining: 45s
Rendered 2662/3908, time remaining: 45s
Rendered 2663/3908, time remaining: 45s
Rendered 2664/3908, time remaining: 45s
Rendered 2665/3908, time remaining: 44s
Rendered 2666/3908, time remaining: 44s
Rendered 2667/3908, time remaining: 44s
Rendered 2668/3908, time remaining: 45s
Rendered 2669/3908, time remaining: 45s
Rendered 2670/3908, time remaining: 45s
Rendered 2671/3908, time remaining: 45s
Rendered 2672/3908, time remaining: 44s
Rendered 2673/3908, time remaining: 45s
Rendered 2674/3908, time remaining: 44s
Rendered 2675/3908, time remaining: 44s
Rendered 2676/3908, time remaining: 45s
Rendered 2677/3908, time remaining: 44s
Rendered 2678/3908, time remaining: 44s
Rendered 2679/3908, time remaining: 44s
Rendered 2680/3908, time remaining: 44s
Rendered 2681/3908, time remaining: 44s
Rendered 2682/3908, time remaining: 44s
Rendered 2683/3908, time remaining: 44s
Rendered 2684/3908, time remaining: 44s
Rendered 2685/3908, time remaining: 44s
Rendered 2686/3908, time remaining: 44s
Rendered 2687/3908, time remaining: 44s
Rendered 2688/3908, time remaining: 45s
Rendered 2689/3908, time remaining: 45s
Rendered 2690/3908, time remaining: 44s
Rendered 2691/3908, time remaining: 44s
Rendered 2692/3908, time remaining: 44s
Rendered 2693/3908, time remaining: 44s
Rendered 2694/3908, time remaining: 44s
Rendered 2695/3908, time remaining: 43s
Rendered 2696/3908, time remaining: 44s
Rendered 2697/3908, time remaining: 44s
Rendered 2698/3908, time remaining: 44s
Rendered 2699/3908, time remaining: 44s
Rendered 2700/3908, time remaining: 44s
Rendered 2701/3908, time remaining: 44s
Rendered 2702/3908, time remaining: 44s
Rendered 2703/3908, time remaining: 43s
Rendered 2704/3908, time remaining: 43s
Rendered 2705/3908, time remaining: 43s
Rendered 2706/3908, time remaining: 43s
Rendered 2707/3908, time remaining: 42s
Rendered 2708/3908, time remaining: 44s
Rendered 2709/3908, time remaining: 44s
Rendered 2710/3908, time remaining: 43s
Rendered 2711/3908, time remaining: 43s
Rendered 2712/3908, time remaining: 44s
Rendered 2713/3908, time remaining: 43s
Rendered 2714/3908, time remaining: 43s
Rendered 2715/3908, time remaining: 42s
Rendered 2716/3908, time remaining: 43s
Rendered 2717/3908, time remaining: 43s
Rendered 2718/3908, time remaining: 43s
Rendered 2719/3908, time remaining: 43s
Rendered 2720/3908, time remaining: 43s
Rendered 2721/3908, time remaining: 42s
Rendered 2722/3908, time remaining: 42s
Rendered 2723/3908, time remaining: 42s
Rendered 2724/3908, time remaining: 43s
Rendered 2725/3908, time remaining: 43s
Rendered 2726/3908, time remaining: 43s
Rendered 2727/3908, time remaining: 44s
Rendered 2728/3908, time remaining: 43s
Rendered 2729/3908, time remaining: 43s
Rendered 2730/3908, time remaining: 42s
Rendered 2731/3908, time remaining: 42s
Rendered 2732/3908, time remaining: 42s
Rendered 2733/3908, time remaining: 43s
Rendered 2734/3908, time remaining: 43s
Rendered 2735/3908, time remaining: 43s
Rendered 2736/3908, time remaining: 42s
Rendered 2737/3908, time remaining: 42s
Rendered 2738/3908, time remaining: 41s
Rendered 2739/3908, time remaining: 42s
Rendered 2740/3908, time remaining: 42s
Rendered 2741/3908, time remaining: 42s
Rendered 2742/3908, time remaining: 42s
Rendered 2743/3908, time remaining: 42s
Rendered 2744/3908, time remaining: 42s
Rendered 2745/3908, time remaining: 41s
Rendered 2746/3908, time remaining: 42s
Rendered 2747/3908, time remaining: 42s
Rendered 2748/3908, time remaining: 42s
Rendered 2749/3908, time remaining: 42s
Rendered 2750/3908, time remaining: 42s
Rendered 2751/3908, time remaining: 41s
Rendered 2752/3908, time remaining: 41s
Rendered 2753/3908, time remaining: 41s
Rendered 2754/3908, time remaining: 41s
Rendered 2755/3908, time remaining: 41s
Rendered 2756/3908, time remaining: 41s
Rendered 2757/3908, time remaining: 41s
Rendered 2758/3908, time remaining: 41s
Rendered 2759/3908, time remaining: 41s
Rendered 2760/3908, time remaining: 41s
Rendered 2761/3908, time remaining: 42s
Rendered 2762/3908, time remaining: 41s
Rendered 2763/3908, time remaining: 40s
Rendered 2764/3908, time remaining: 41s
Rendered 2765/3908, time remaining: 41s
Rendered 2766/3908, time remaining: 40s
Rendered 2767/3908, time remaining: 40s
Rendered 2768/3908, time remaining: 41s
Rendered 2769/3908, time remaining: 42s
Rendered 2770/3908, time remaining: 41s
Rendered 2771/3908, time remaining: 40s
Rendered 2772/3908, time remaining: 40s
Rendered 2773/3908, time remaining: 40s
Rendered 2774/3908, time remaining: 40s
Rendered 2775/3908, time remaining: 40s
Rendered 2776/3908, time remaining: 39s
Rendered 2777/3908, time remaining: 40s
Rendered 2778/3908, time remaining: 41s
Rendered 2779/3908, time remaining: 40s
Rendered 2780/3908, time remaining: 40s
Rendered 2781/3908, time remaining: 39s
Rendered 2782/3908, time remaining: 40s
Rendered 2783/3908, time remaining: 40s
Rendered 2784/3908, time remaining: 39s
Rendered 2785/3908, time remaining: 40s
Rendered 2786/3908, time remaining: 41s
Rendered 2787/3908, time remaining: 40s
Rendered 2788/3908, time remaining: 40s
Rendered 2789/3908, time remaining: 40s
Rendered 2790/3908, time remaining: 39s
Rendered 2791/3908, time remaining: 39s
Rendered 2792/3908, time remaining: 39s
Rendered 2793/3908, time remaining: 39s
Rendered 2794/3908, time remaining: 40s
Rendered 2795/3908, time remaining: 40s
Rendered 2796/3908, time remaining: 39s
Rendered 2797/3908, time remaining: 39s
Rendered 2798/3908, time remaining: 39s
Rendered 2799/3908, time remaining: 39s
Rendered 2800/3908, time remaining: 39s
Rendered 2801/3908, time remaining: 39s
Rendered 2802/3908, time remaining: 40s
Rendered 2803/3908, time remaining: 39s
Rendered 2804/3908, time remaining: 39s
Rendered 2805/3908, time remaining: 39s
Rendered 2806/3908, time remaining: 39s
Rendered 2807/3908, time remaining: 39s
Rendered 2808/3908, time remaining: 39s
Rendered 2809/3908, time remaining: 39s
Rendered 2810/3908, time remaining: 39s
Rendered 2811/3908, time remaining: 39s
Rendered 2812/3908, time remaining: 39s
Rendered 2813/3908, time remaining: 38s
Rendered 2814/3908, time remaining: 38s
Rendered 2815/3908, time remaining: 39s
Rendered 2816/3908, time remaining: 39s
Rendered 2817/3908, time remaining: 38s
Rendered 2818/3908, time remaining: 38s
Rendered 2819/3908, time remaining: 38s
Rendered 2820/3908, time remaining: 38s
Rendered 2821/3908, time remaining: 38s
Rendered 2822/3908, time remaining: 39s
Rendered 2823/3908, time remaining: 38s
Rendered 2824/3908, time remaining: 38s
Rendered 2825/3908, time remaining: 38s
Rendered 2826/3908, time remaining: 37s
Rendered 2827/3908, time remaining: 37s
Rendered 2828/3908, time remaining: 38s
Rendered 2829/3908, time remaining: 38s
Rendered 2830/3908, time remaining: 38s
Rendered 2831/3908, time remaining: 38s
Rendered 2832/3908, time remaining: 38s
Rendered 2833/3908, time remaining: 38s
Rendered 2834/3908, time remaining: 38s
Rendered 2835/3908, time remaining: 38s
Rendered 2836/3908, time remaining: 37s
Rendered 2837/3908, time remaining: 37s
Rendered 2838/3908, time remaining: 36s
Rendered 2839/3908, time remaining: 37s
Rendered 2840/3908, time remaining: 37s
Rendered 2841/3908, time remaining: 37s
Rendered 2842/3908, time remaining: 37s
Rendered 2843/3908, time remaining: 37s
Rendered 2844/3908, time remaining: 37s
Rendered 2845/3908, time remaining: 37s
Rendered 2846/3908, time remaining: 37s
Rendered 2847/3908, time remaining: 37s
Rendered 2848/3908, time remaining: 37s
Rendered 2849/3908, time remaining: 36s
Rendered 2850/3908, time remaining: 37s
Rendered 2851/3908, time remaining: 36s
Rendered 2852/3908, time remaining: 37s
Rendered 2853/3908, time remaining: 37s
Rendered 2854/3908, time remaining: 37s
Rendered 2855/3908, time remaining: 37s
Rendered 2856/3908, time remaining: 37s
Rendered 2857/3908, time remaining: 37s
Rendered 2858/3908, time remaining: 35s
Rendered 2859/3908, time remaining: 35s
Rendered 2860/3908, time remaining: 35s
Rendered 2861/3908, time remaining: 35s
Rendered 2862/3908, time remaining: 35s
Rendered 2863/3908, time remaining: 35s
Rendered 2864/3908, time remaining: 35s
Rendered 2865/3908, time remaining: 35s
Rendered 2866/3908, time remaining: 34s
Rendered 2867/3908, time remaining: 34s
Rendered 2868/3908, time remaining: 33s
Rendered 2869/3908, time remaining: 33s
Rendered 2870/3908, time remaining: 34s
Rendered 2871/3908, time remaining: 34s
Rendered 2872/3908, time remaining: 34s
Rendered 2873/3908, time remaining: 33s
Rendered 2874/3908, time remaining: 33s
Rendered 2875/3908, time remaining: 33s
Rendered 2876/3908, time remaining: 33s
Rendered 2877/3908, time remaining: 33s
Rendered 2878/3908, time remaining: 33s
Rendered 2879/3908, time remaining: 33s
Rendered 2880/3908, time remaining: 33s
Rendered 2881/3908, time remaining: 33s
Rendered 2882/3908, time remaining: 34s
Rendered 2883/3908, time remaining: 33s
Rendered 2884/3908, time remaining: 33s
Rendered 2885/3908, time remaining: 32s
Rendered 2886/3908, time remaining: 32s
Rendered 2887/3908, time remaining: 32s
Rendered 2888/3908, time remaining: 33s
Rendered 2889/3908, time remaining: 32s
Rendered 2890/3908, time remaining: 33s
Rendered 2891/3908, time remaining: 33s
Rendered 2892/3908, time remaining: 33s
Rendered 2893/3908, time remaining: 32s
Rendered 2894/3908, time remaining: 33s
Rendered 2895/3908, time remaining: 32s
Rendered 2896/3908, time remaining: 32s
Rendered 2897/3908, time remaining: 32s
Rendered 2898/3908, time remaining: 32s
Rendered 2899/3908, time remaining: 32s
Rendered 2900/3908, time remaining: 33s
Rendered 2901/3908, time remaining: 32s
Rendered 2902/3908, time remaining: 32s
Rendered 2903/3908, time remaining: 32s
Rendered 2904/3908, time remaining: 32s
Rendered 2905/3908, time remaining: 32s
Rendered 2906/3908, time remaining: 32s
Rendered 2907/3908, time remaining: 33s
Rendered 2908/3908, time remaining: 32s
Rendered 2909/3908, time remaining: 32s
Rendered 2910/3908, time remaining: 32s
Rendered 2911/3908, time remaining: 31s
Rendered 2912/3908, time remaining: 32s
Rendered 2913/3908, time remaining: 32s
Rendered 2914/3908, time remaining: 31s
Rendered 2915/3908, time remaining: 32s
Rendered 2916/3908, time remaining: 32s
Rendered 2917/3908, time remaining: 32s
Rendered 2918/3908, time remaining: 31s
Rendered 2919/3908, time remaining: 31s
Rendered 2920/3908, time remaining: 31s
Rendered 2921/3908, time remaining: 31s
Rendered 2922/3908, time remaining: 32s
Rendered 2923/3908, time remaining: 32s
Rendered 2924/3908, time remaining: 32s
Rendered 2925/3908, time remaining: 32s
Rendered 2926/3908, time remaining: 32s
Rendered 2927/3908, time remaining: 31s
Rendered 2928/3908, time remaining: 31s
Rendered 2929/3908, time remaining: 31s
Rendered 2930/3908, time remaining: 32s
Rendered 2931/3908, time remaining: 32s
Rendered 2932/3908, time remaining: 31s
Rendered 2933/3908, time remaining: 31s
Rendered 2934/3908, time remaining: 32s
Rendered 2935/3908, time remaining: 31s
Rendered 2936/3908, time remaining: 30s
Rendered 2937/3908, time remaining: 30s
Rendered 2938/3908, time remaining: 31s
Rendered 2939/3908, time remaining: 31s
Rendered 2940/3908, time remaining: 31s
Rendered 2941/3908, time remaining: 31s
Rendered 2942/3908, time remaining: 32s
Rendered 2943/3908, time remaining: 31s
Rendered 2944/3908, time remaining: 30s
Rendered 2945/3908, time remaining: 30s
Rendered 2946/3908, time remaining: 30s
Rendered 2947/3908, time remaining: 31s
Rendered 2948/3908, time remaining: 31s
Rendered 2949/3908, time remaining: 31s
Rendered 2950/3908, time remaining: 31s
Rendered 2951/3908, time remaining: 31s
Rendered 2952/3908, time remaining: 30s
Rendered 2953/3908, time remaining: 30s
Rendered 2954/3908, time remaining: 30s
Rendered 2955/3908, time remaining: 31s
Rendered 2956/3908, time remaining: 30s
Rendered 2957/3908, time remaining: 30s
Rendered 2958/3908, time remaining: 30s
Rendered 2959/3908, time remaining: 30s
Rendered 2960/3908, time remaining: 31s
Rendered 2961/3908, time remaining: 30s
Rendered 2962/3908, time remaining: 30s
Rendered 2963/3908, time remaining: 30s
Rendered 2964/3908, time remaining: 30s
Rendered 2965/3908, time remaining: 30s
Rendered 2966/3908, time remaining: 30s
Rendered 2967/3908, time remaining: 30s
Rendered 2968/3908, time remaining: 31s
Rendered 2969/3908, time remaining: 30s
Rendered 2970/3908, time remaining: 30s
Rendered 2971/3908, time remaining: 30s
Rendered 2972/3908, time remaining: 29s
Rendered 2973/3908, time remaining: 29s
Rendered 2974/3908, time remaining: 30s
Rendered 2975/3908, time remaining: 30s
Rendered 2976/3908, time remaining: 30s
Rendered 2977/3908, time remaining: 30s
Rendered 2978/3908, time remaining: 30s
Rendered 2979/3908, time remaining: 30s
Rendered 2980/3908, time remaining: 29s
Rendered 2981/3908, time remaining: 29s
Rendered 2982/3908, time remaining: 30s
Rendered 2983/3908, time remaining: 29s
Rendered 2984/3908, time remaining: 30s
Rendered 2985/3908, time remaining: 30s
Rendered 2986/3908, time remaining: 30s
Rendered 2987/3908, time remaining: 30s
Rendered 2988/3908, time remaining: 30s
Rendered 2989/3908, time remaining: 30s
Rendered 2990/3908, time remaining: 30s
Rendered 2991/3908, time remaining: 29s
Rendered 2992/3908, time remaining: 30s
Rendered 2993/3908, time remaining: 30s
Rendered 2994/3908, time remaining: 29s
Rendered 2995/3908, time remaining: 29s
Rendered 2996/3908, time remaining: 29s
Rendered 2997/3908, time remaining: 29s
Rendered 2998/3908, time remaining: 29s
Rendered 2999/3908, time remaining: 30s
Rendered 3000/3908, time remaining: 29s
Rendered 3001/3908, time remaining: 29s
Rendered 3002/3908, time remaining: 29s
Rendered 3003/3908, time remaining: 29s
Rendered 3004/3908, time remaining: 29s
Rendered 3005/3908, time remaining: 29s
Rendered 3006/3908, time remaining: 30s
Rendered 3007/3908, time remaining: 30s
Rendered 3008/3908, time remaining: 30s
Rendered 3009/3908, time remaining: 30s
Rendered 3010/3908, time remaining: 30s
Rendered 3011/3908, time remaining: 31s
Rendered 3012/3908, time remaining: 31s
Rendered 3013/3908, time remaining: 30s
Rendered 3014/3908, time remaining: 31s
Rendered 3015/3908, time remaining: 31s
Rendered 3016/3908, time remaining: 31s
Rendered 3017/3908, time remaining: 31s
Rendered 3018/3908, time remaining: 31s
Rendered 3019/3908, time remaining: 31s
Rendered 3020/3908, time remaining: 31s
Rendered 3021/3908, time remaining: 32s
Rendered 3022/3908, time remaining: 32s
Rendered 3023/3908, time remaining: 32s
Rendered 3024/3908, time remaining: 31s
Rendered 3025/3908, time remaining: 31s
Rendered 3026/3908, time remaining: 31s
Rendered 3027/3908, time remaining: 31s
Rendered 3028/3908, time remaining: 31s
Rendered 3029/3908, time remaining: 31s
Rendered 3030/3908, time remaining: 32s
Rendered 3031/3908, time remaining: 31s
Rendered 3032/3908, time remaining: 31s
Rendered 3033/3908, time remaining: 31s
Rendered 3034/3908, time remaining: 31s
Rendered 3035/3908, time remaining: 31s
Rendered 3036/3908, time remaining: 32s
Rendered 3037/3908, time remaining: 31s
Rendered 3038/3908, time remaining: 31s
Rendered 3039/3908, time remaining: 31s
Rendered 3040/3908, time remaining: 30s
Rendered 3041/3908, time remaining: 31s
Rendered 3042/3908, time remaining: 31s
Rendered 3043/3908, time remaining: 31s
Rendered 3044/3908, time remaining: 31s
Rendered 3045/3908, time remaining: 31s
Rendered 3046/3908, time remaining: 31s
Rendered 3047/3908, time remaining: 31s
Rendered 3048/3908, time remaining: 31s
Rendered 3049/3908, time remaining: 30s
Rendered 3050/3908, time remaining: 30s
Rendered 3051/3908, time remaining: 31s
Rendered 3052/3908, time remaining: 31s
Rendered 3053/3908, time remaining: 31s
Rendered 3054/3908, time remaining: 30s
Rendered 3055/3908, time remaining: 30s
Rendered 3056/3908, time remaining: 30s
Rendered 3057/3908, time remaining: 30s
Rendered 3058/3908, time remaining: 30s
Rendered 3059/3908, time remaining: 30s
Rendered 3060/3908, time remaining: 31s
Rendered 3061/3908, time remaining: 31s
Rendered 3062/3908, time remaining: 30s
Rendered 3063/3908, time remaining: 30s
Rendered 3064/3908, time remaining: 30s
Rendered 3065/3908, time remaining: 30s
Rendered 3066/3908, time remaining: 30s
Rendered 3067/3908, time remaining: 30s
Rendered 3068/3908, time remaining: 30s
Rendered 3069/3908, time remaining: 30s
Rendered 3070/3908, time remaining: 30s
Rendered 3071/3908, time remaining: 30s
Rendered 3072/3908, time remaining: 30s
Rendered 3073/3908, time remaining: 30s
Rendered 3074/3908, time remaining: 30s
Rendered 3075/3908, time remaining: 30s
Rendered 3076/3908, time remaining: 30s
Rendered 3077/3908, time remaining: 30s
Rendered 3078/3908, time remaining: 30s
Rendered 3079/3908, time remaining: 30s
Rendered 3080/3908, time remaining: 30s
Rendered 3081/3908, time remaining: 29s
Rendered 3082/3908, time remaining: 29s
Rendered 3083/3908, time remaining: 30s
Rendered 3084/3908, time remaining: 29s
Rendered 3085/3908, time remaining: 30s
Rendered 3086/3908, time remaining: 30s
Rendered 3087/3908, time remaining: 30s
Rendered 3088/3908, time remaining: 30s
Rendered 3089/3908, time remaining: 30s
Rendered 3090/3908, time remaining: 30s
Rendered 3091/3908, time remaining: 29s
Rendered 3092/3908, time remaining: 29s
Rendered 3093/3908, time remaining: 29s
Rendered 3094/3908, time remaining: 29s
Rendered 3095/3908, time remaining: 29s
Rendered 3096/3908, time remaining: 29s
Rendered 3097/3908, time remaining: 29s
Rendered 3098/3908, time remaining: 29s
Rendered 3099/3908, time remaining: 29s
Rendered 3100/3908, time remaining: 29s
Rendered 3101/3908, time remaining: 29s
Rendered 3102/3908, time remaining: 29s
Rendered 3103/3908, time remaining: 29s
Rendered 3104/3908, time remaining: 29s
Rendered 3105/3908, time remaining: 29s
Rendered 3106/3908, time remaining: 29s
Rendered 3107/3908, time remaining: 29s
Rendered 3108/3908, time remaining: 29s
Rendered 3109/3908, time remaining: 29s
Rendered 3110/3908, time remaining: 29s
Rendered 3111/3908, time remaining: 29s
Rendered 3112/3908, time remaining: 29s
Rendered 3113/3908, time remaining: 29s
Rendered 3114/3908, time remaining: 28s
Rendered 3115/3908, time remaining: 28s
Rendered 3116/3908, time remaining: 29s
Rendered 3117/3908, time remaining: 29s
Rendered 3118/3908, time remaining: 28s
Rendered 3119/3908, time remaining: 28s
Rendered 3120/3908, time remaining: 28s
Rendered 3121/3908, time remaining: 28s
Rendered 3122/3908, time remaining: 28s
Rendered 3123/3908, time remaining: 28s
Rendered 3124/3908, time remaining: 28s
Rendered 3125/3908, time remaining: 28s
Rendered 3126/3908, time remaining: 28s
Rendered 3127/3908, time remaining: 28s
Rendered 3128/3908, time remaining: 28s
Rendered 3129/3908, time remaining: 28s
Rendered 3130/3908, time remaining: 28s
Rendered 3131/3908, time remaining: 28s
Rendered 3132/3908, time remaining: 28s
Rendered 3133/3908, time remaining: 28s
Rendered 3134/3908, time remaining: 28s
Rendered 3135/3908, time remaining: 28s
Rendered 3136/3908, time remaining: 28s
Rendered 3137/3908, time remaining: 28s
Rendered 3138/3908, time remaining: 28s
Rendered 3139/3908, time remaining: 27s
Rendered 3140/3908, time remaining: 28s
Rendered 3141/3908, time remaining: 28s
Rendered 3142/3908, time remaining: 27s
Rendered 3143/3908, time remaining: 27s
Rendered 3144/3908, time remaining: 27s
Rendered 3145/3908, time remaining: 27s
Rendered 3146/3908, time remaining: 28s
Rendered 3147/3908, time remaining: 28s
Rendered 3148/3908, time remaining: 27s
Rendered 3149/3908, time remaining: 27s
Rendered 3150/3908, time remaining: 27s
Rendered 3151/3908, time remaining: 27s
Rendered 3152/3908, time remaining: 27s
Rendered 3153/3908, time remaining: 27s
Rendered 3154/3908, time remaining: 27s
Rendered 3155/3908, time remaining: 27s
Rendered 3156/3908, time remaining: 27s
Rendered 3157/3908, time remaining: 26s
Rendered 3158/3908, time remaining: 27s
Rendered 3159/3908, time remaining: 26s
Rendered 3160/3908, time remaining: 26s
Rendered 3161/3908, time remaining: 26s
Rendered 3162/3908, time remaining: 26s
Rendered 3163/3908, time remaining: 26s
Rendered 3164/3908, time remaining: 26s
Rendered 3165/3908, time remaining: 25s
Rendered 3166/3908, time remaining: 26s
Rendered 3167/3908, time remaining: 26s
Rendered 3168/3908, time remaining: 26s
Rendered 3169/3908, time remaining: 26s
Rendered 3170/3908, time remaining: 26s
Rendered 3171/3908, time remaining: 25s
Rendered 3172/3908, time remaining: 25s
Rendered 3173/3908, time remaining: 25s
Rendered 3174/3908, time remaining: 26s
Rendered 3175/3908, time remaining: 26s
Rendered 3176/3908, time remaining: 25s
Rendered 3177/3908, time remaining: 26s
Rendered 3178/3908, time remaining: 25s
Rendered 3179/3908, time remaining: 25s
Rendered 3180/3908, time remaining: 25s
Rendered 3181/3908, time remaining: 25s
Rendered 3182/3908, time remaining: 25s
Rendered 3183/3908, time remaining: 25s
Rendered 3184/3908, time remaining: 25s
Rendered 3185/3908, time remaining: 25s
Rendered 3186/3908, time remaining: 25s
Rendered 3187/3908, time remaining: 25s
Rendered 3188/3908, time remaining: 25s
Rendered 3189/3908, time remaining: 25s
Rendered 3190/3908, time remaining: 25s
Rendered 3191/3908, time remaining: 25s
Rendered 3192/3908, time remaining: 25s
Rendered 3193/3908, time remaining: 25s
Rendered 3194/3908, time remaining: 25s
Rendered 3195/3908, time remaining: 25s
Rendered 3196/3908, time remaining: 25s
Rendered 3197/3908, time remaining: 25s
Rendered 3198/3908, time remaining: 25s
Rendered 3199/3908, time remaining: 25s
Rendered 3200/3908, time remaining: 25s
Rendered 3201/3908, time remaining: 24s
Rendered 3202/3908, time remaining: 24s
Rendered 3203/3908, time remaining: 24s
Rendered 3204/3908, time remaining: 24s
Rendered 3205/3908, time remaining: 24s
Rendered 3206/3908, time remaining: 24s
Rendered 3207/3908, time remaining: 24s
Rendered 3208/3908, time remaining: 24s
Rendered 3209/3908, time remaining: 24s
Rendered 3210/3908, time remaining: 24s
Rendered 3211/3908, time remaining: 24s
Rendered 3212/3908, time remaining: 24s
Rendered 3213/3908, time remaining: 24s
Rendered 3214/3908, time remaining: 24s
Rendered 3215/3908, time remaining: 23s
Rendered 3216/3908, time remaining: 23s
Rendered 3217/3908, time remaining: 23s
Rendered 3218/3908, time remaining: 24s
Rendered 3219/3908, time remaining: 24s
Rendered 3220/3908, time remaining: 23s
Rendered 3221/3908, time remaining: 23s
Rendered 3222/3908, time remaining: 24s
Rendered 3223/3908, time remaining: 23s
Rendered 3224/3908, time remaining: 23s
Rendered 3225/3908, time remaining: 23s
Rendered 3226/3908, time remaining: 23s
Rendered 3227/3908, time remaining: 23s
Rendered 3228/3908, time remaining: 23s
Rendered 3229/3908, time remaining: 24s
Rendered 3230/3908, time remaining: 23s
Rendered 3231/3908, time remaining: 23s
Rendered 3232/3908, time remaining: 23s
Rendered 3233/3908, time remaining: 23s
Rendered 3234/3908, time remaining: 23s
Rendered 3235/3908, time remaining: 23s
Rendered 3236/3908, time remaining: 23s
Rendered 3237/3908, time remaining: 23s
Rendered 3238/3908, time remaining: 23s
Rendered 3239/3908, time remaining: 23s
Rendered 3240/3908, time remaining: 23s
Rendered 3241/3908, time remaining: 23s
Rendered 3242/3908, time remaining: 23s
Rendered 3243/3908, time remaining: 23s
Rendered 3244/3908, time remaining: 22s
Rendered 3245/3908, time remaining: 23s
Rendered 3246/3908, time remaining: 23s
Rendered 3247/3908, time remaining: 23s
Rendered 3248/3908, time remaining: 23s
Rendered 3249/3908, time remaining: 22s
Rendered 3250/3908, time remaining: 22s
Rendered 3251/3908, time remaining: 22s
Rendered 3252/3908, time remaining: 22s
Rendered 3253/3908, time remaining: 23s
Rendered 3254/3908, time remaining: 23s
Rendered 3255/3908, time remaining: 22s
Rendered 3256/3908, time remaining: 22s
Rendered 3257/3908, time remaining: 22s
Rendered 3258/3908, time remaining: 22s
Rendered 3259/3908, time remaining: 22s
Rendered 3260/3908, time remaining: 22s
Rendered 3261/3908, time remaining: 22s
Rendered 3262/3908, time remaining: 22s
Rendered 3263/3908, time remaining: 22s
Rendered 3264/3908, time remaining: 22s
Rendered 3265/3908, time remaining: 22s
Rendered 3266/3908, time remaining: 21s
Rendered 3267/3908, time remaining: 21s
Rendered 3268/3908, time remaining: 22s
Rendered 3269/3908, time remaining: 22s
Rendered 3270/3908, time remaining: 22s
Rendered 3271/3908, time remaining: 22s
Rendered 3272/3908, time remaining: 22s
Rendered 3273/3908, time remaining: 22s
Rendered 3274/3908, time remaining: 21s
Rendered 3275/3908, time remaining: 21s
Rendered 3276/3908, time remaining: 22s
Rendered 3277/3908, time remaining: 22s
Rendered 3278/3908, time remaining: 21s
Rendered 3279/3908, time remaining: 21s
Rendered 3280/3908, time remaining: 21s
Rendered 3281/3908, time remaining: 21s
Rendered 3282/3908, time remaining: 21s
Rendered 3283/3908, time remaining: 21s
Rendered 3284/3908, time remaining: 21s
Rendered 3285/3908, time remaining: 21s
Rendered 3286/3908, time remaining: 21s
Rendered 3287/3908, time remaining: 21s
Rendered 3288/3908, time remaining: 21s
Rendered 3289/3908, time remaining: 21s
Rendered 3290/3908, time remaining: 21s
Rendered 3291/3908, time remaining: 20s
Rendered 3292/3908, time remaining: 21s
Rendered 3293/3908, time remaining: 21s
Rendered 3294/3908, time remaining: 21s
Rendered 3295/3908, time remaining: 21s
Rendered 3296/3908, time remaining: 20s
Rendered 3297/3908, time remaining: 20s
Rendered 3298/3908, time remaining: 20s
Rendered 3299/3908, time remaining: 20s
Rendered 3300/3908, time remaining: 20s
Rendered 3301/3908, time remaining: 21s
Rendered 3302/3908, time remaining: 21s
Rendered 3303/3908, time remaining: 20s
Rendered 3304/3908, time remaining: 20s
Rendered 3305/3908, time remaining: 20s
Rendered 3306/3908, time remaining: 20s
Rendered 3307/3908, time remaining: 20s
Rendered 3308/3908, time remaining: 20s
Rendered 3309/3908, time remaining: 20s
Rendered 3310/3908, time remaining: 20s
Rendered 3311/3908, time remaining: 20s
Rendered 3312/3908, time remaining: 20s
Rendered 3313/3908, time remaining: 20s
Rendered 3314/3908, time remaining: 20s
Rendered 3315/3908, time remaining: 20s
Rendered 3316/3908, time remaining: 20s
Rendered 3317/3908, time remaining: 20s
Rendered 3318/3908, time remaining: 20s
Rendered 3319/3908, time remaining: 20s
Rendered 3320/3908, time remaining: 20s
Rendered 3321/3908, time remaining: 20s
Rendered 3322/3908, time remaining: 20s
Rendered 3323/3908, time remaining: 20s
Rendered 3324/3908, time remaining: 20s
Rendered 3325/3908, time remaining: 20s
Rendered 3326/3908, time remaining: 20s
Rendered 3327/3908, time remaining: 19s
Rendered 3328/3908, time remaining: 19s
Rendered 3329/3908, time remaining: 20s
Rendered 3330/3908, time remaining: 20s
Rendered 3331/3908, time remaining: 20s
Rendered 3332/3908, time remaining: 20s
Rendered 3333/3908, time remaining: 20s
Rendered 3334/3908, time remaining: 20s
Rendered 3335/3908, time remaining: 19s
Rendered 3336/3908, time remaining: 19s
Rendered 3337/3908, time remaining: 20s
Rendered 3338/3908, time remaining: 20s
Rendered 3339/3908, time remaining: 20s
Rendered 3340/3908, time remaining: 19s
Rendered 3341/3908, time remaining: 19s
Rendered 3342/3908, time remaining: 19s
Rendered 3343/3908, time remaining: 19s
Rendered 3344/3908, time remaining: 19s
Rendered 3345/3908, time remaining: 19s
Rendered 3346/3908, time remaining: 19s
Rendered 3347/3908, time remaining: 19s
Rendered 3348/3908, time remaining: 19s
Rendered 3349/3908, time remaining: 19s
Rendered 3350/3908, time remaining: 19s
Rendered 3351/3908, time remaining: 19s
Rendered 3352/3908, time remaining: 19s
Rendered 3353/3908, time remaining: 19s
Rendered 3354/3908, time remaining: 19s
Rendered 3355/3908, time remaining: 19s
Rendered 3356/3908, time remaining: 19s
Rendered 3357/3908, time remaining: 19s
Rendered 3358/3908, time remaining: 19s
Rendered 3359/3908, time remaining: 19s
Rendered 3360/3908, time remaining: 18s
Rendered 3361/3908, time remaining: 19s
Rendered 3362/3908, time remaining: 19s
Rendered 3363/3908, time remaining: 19s
Rendered 3364/3908, time remaining: 19s
Rendered 3365/3908, time remaining: 19s
Rendered 3366/3908, time remaining: 19s
Rendered 3367/3908, time remaining: 19s
Rendered 3368/3908, time remaining: 18s
Rendered 3369/3908, time remaining: 19s
Rendered 3370/3908, time remaining: 19s
Rendered 3371/3908, time remaining: 19s
Rendered 3372/3908, time remaining: 18s
Rendered 3373/3908, time remaining: 18s
Rendered 3374/3908, time remaining: 18s
Rendered 3375/3908, time remaining: 18s
Rendered 3376/3908, time remaining: 18s
Rendered 3377/3908, time remaining: 18s
Rendered 3378/3908, time remaining: 18s
Rendered 3379/3908, time remaining: 18s
Rendered 3380/3908, time remaining: 18s
Rendered 3381/3908, time remaining: 18s
Rendered 3382/3908, time remaining: 18s
Rendered 3383/3908, time remaining: 18s
Rendered 3384/3908, time remaining: 18s
Rendered 3385/3908, time remaining: 18s
Rendered 3386/3908, time remaining: 18s
Rendered 3387/3908, time remaining: 18s
Rendered 3388/3908, time remaining: 18s
Rendered 3389/3908, time remaining: 18s
Rendered 3390/3908, time remaining: 18s
Rendered 3391/3908, time remaining: 17s
Rendered 3392/3908, time remaining: 17s
Rendered 3393/3908, time remaining: 18s
Rendered 3394/3908, time remaining: 18s
Rendered 3395/3908, time remaining: 17s
Rendered 3396/3908, time remaining: 18s
Rendered 3397/3908, time remaining: 17s
Rendered 3398/3908, time remaining: 17s
Rendered 3399/3908, time remaining: 17s
Rendered 3400/3908, time remaining: 17s
Rendered 3401/3908, time remaining: 17s
Rendered 3402/3908, time remaining: 17s
Rendered 3403/3908, time remaining: 17s
Rendered 3404/3908, time remaining: 17s
Rendered 3405/3908, time remaining: 17s
Rendered 3406/3908, time remaining: 17s
Rendered 3407/3908, time remaining: 17s
Rendered 3408/3908, time remaining: 17s
Rendered 3409/3908, time remaining: 17s
Rendered 3410/3908, time remaining: 17s
Rendered 3411/3908, time remaining: 17s
Rendered 3412/3908, time remaining: 17s
Rendered 3413/3908, time remaining: 17s
Rendered 3414/3908, time remaining: 17s
Rendered 3415/3908, time remaining: 17s
Rendered 3416/3908, time remaining: 17s
Rendered 3417/3908, time remaining: 17s
Rendered 3418/3908, time remaining: 16s
Rendered 3419/3908, time remaining: 17s
Rendered 3420/3908, time remaining: 17s
Rendered 3421/3908, time remaining: 17s
Rendered 3422/3908, time remaining: 17s
Rendered 3423/3908, time remaining: 17s
Rendered 3424/3908, time remaining: 17s
Rendered 3425/3908, time remaining: 17s
Rendered 3426/3908, time remaining: 16s
Rendered 3427/3908, time remaining: 17s
Rendered 3428/3908, time remaining: 17s
Rendered 3429/3908, time remaining: 16s
Rendered 3430/3908, time remaining: 16s
Rendered 3431/3908, time remaining: 16s
Rendered 3432/3908, time remaining: 16s
Rendered 3433/3908, time remaining: 16s
Rendered 3434/3908, time remaining: 16s
Rendered 3435/3908, time remaining: 16s
Rendered 3436/3908, time remaining: 16s
Rendered 3437/3908, time remaining: 16s
Rendered 3438/3908, time remaining: 16s
Rendered 3439/3908, time remaining: 16s
Rendered 3440/3908, time remaining: 16s
Rendered 3441/3908, time remaining: 16s
Rendered 3442/3908, time remaining: 16s
Rendered 3443/3908, time remaining: 16s
Rendered 3444/3908, time remaining: 16s
Rendered 3445/3908, time remaining: 16s
Rendered 3446/3908, time remaining: 16s
Rendered 3447/3908, time remaining: 16s
Rendered 3448/3908, time remaining: 16s
Rendered 3449/3908, time remaining: 16s
Rendered 3450/3908, time remaining: 16s
Rendered 3451/3908, time remaining: 16s
Rendered 3452/3908, time remaining: 16s
Rendered 3453/3908, time remaining: 16s
Rendered 3454/3908, time remaining: 16s
Rendered 3455/3908, time remaining: 16s
Rendered 3456/3908, time remaining: 15s
Rendered 3457/3908, time remaining: 15s
Rendered 3458/3908, time remaining: 15s
Rendered 3459/3908, time remaining: 15s
Rendered 3460/3908, time remaining: 16s
Rendered 3461/3908, time remaining: 16s
Rendered 3462/3908, time remaining: 16s
Rendered 3463/3908, time remaining: 16s
Rendered 3464/3908, time remaining: 15s
Rendered 3465/3908, time remaining: 15s
Rendered 3466/3908, time remaining: 15s
Rendered 3467/3908, time remaining: 15s
Rendered 3468/3908, time remaining: 15s
Rendered 3469/3908, time remaining: 15s
Rendered 3470/3908, time remaining: 15s
Rendered 3471/3908, time remaining: 15s
Rendered 3472/3908, time remaining: 15s
Rendered 3473/3908, time remaining: 15s
Rendered 3474/3908, time remaining: 15s
Rendered 3475/3908, time remaining: 15s
Rendered 3476/3908, time remaining: 15s
Rendered 3477/3908, time remaining: 15s
Rendered 3478/3908, time remaining: 15s
Rendered 3479/3908, time remaining: 15s
Rendered 3480/3908, time remaining: 15s
Rendered 3481/3908, time remaining: 15s
Rendered 3482/3908, time remaining: 15s
Rendered 3483/3908, time remaining: 15s
Rendered 3484/3908, time remaining: 15s
Rendered 3485/3908, time remaining: 15s
Rendered 3486/3908, time remaining: 15s
Rendered 3487/3908, time remaining: 14s
Rendered 3488/3908, time remaining: 14s
Rendered 3489/3908, time remaining: 15s
Rendered 3490/3908, time remaining: 14s
Rendered 3491/3908, time remaining: 14s
Rendered 3492/3908, time remaining: 14s
Rendered 3493/3908, time remaining: 14s
Rendered 3494/3908, time remaining: 14s
Rendered 3495/3908, time remaining: 14s
Rendered 3496/3908, time remaining: 14s
Rendered 3497/3908, time remaining: 14s
Rendered 3498/3908, time remaining: 14s
Rendered 3499/3908, time remaining: 14s
Rendered 3500/3908, time remaining: 14s
Rendered 3501/3908, time remaining: 14s
Rendered 3502/3908, time remaining: 14s
Rendered 3503/3908, time remaining: 14s
Rendered 3504/3908, time remaining: 14s
Rendered 3505/3908, time remaining: 14s
Rendered 3506/3908, time remaining: 14s
Rendered 3507/3908, time remaining: 14s
Rendered 3508/3908, time remaining: 14s
Rendered 3509/3908, time remaining: 14s
Rendered 3510/3908, time remaining: 14s
Rendered 3511/3908, time remaining: 14s
Rendered 3512/3908, time remaining: 14s
Rendered 3513/3908, time remaining: 13s
Rendered 3514/3908, time remaining: 14s
Rendered 3515/3908, time remaining: 14s
Rendered 3516/3908, time remaining: 14s
Rendered 3517/3908, time remaining: 14s
Rendered 3518/3908, time remaining: 13s
Rendered 3519/3908, time remaining: 13s
Rendered 3520/3908, time remaining: 13s
Rendered 3521/3908, time remaining: 13s
Rendered 3522/3908, time remaining: 13s
Rendered 3523/3908, time remaining: 13s
Rendered 3524/3908, time remaining: 13s
Rendered 3525/3908, time remaining: 13s
Rendered 3526/3908, time remaining: 13s
Rendered 3527/3908, time remaining: 13s
Rendered 3528/3908, time remaining: 13s
Rendered 3529/3908, time remaining: 13s
Rendered 3530/3908, time remaining: 13s
Rendered 3531/3908, time remaining: 13s
Rendered 3532/3908, time remaining: 13s
Rendered 3533/3908, time remaining: 13s
Rendered 3534/3908, time remaining: 13s
Rendered 3535/3908, time remaining: 13s
Rendered 3536/3908, time remaining: 12s
Rendered 3537/3908, time remaining: 13s
Rendered 3538/3908, time remaining: 13s
Rendered 3539/3908, time remaining: 13s
Rendered 3540/3908, time remaining: 13s
Rendered 3541/3908, time remaining: 13s
Rendered 3542/3908, time remaining: 13s
Rendered 3543/3908, time remaining: 12s
Rendered 3544/3908, time remaining: 12s
Rendered 3545/3908, time remaining: 12s
Rendered 3546/3908, time remaining: 12s
Rendered 3547/3908, time remaining: 12s
Rendered 3548/3908, time remaining: 12s
Rendered 3549/3908, time remaining: 12s
Rendered 3550/3908, time remaining: 12s
Rendered 3551/3908, time remaining: 12s
Rendered 3552/3908, time remaining: 12s
Rendered 3553/3908, time remaining: 12s
Rendered 3554/3908, time remaining: 12s
Rendered 3555/3908, time remaining: 12s
Rendered 3556/3908, time remaining: 12s
Rendered 3557/3908, time remaining: 12s
Rendered 3558/3908, time remaining: 12s
Rendered 3559/3908, time remaining: 12s
Rendered 3560/3908, time remaining: 12s
Rendered 3561/3908, time remaining: 12s
Rendered 3562/3908, time remaining: 12s
Rendered 3563/3908, time remaining: 12s
Rendered 3564/3908, time remaining: 12s
Rendered 3565/3908, time remaining: 12s
Rendered 3566/3908, time remaining: 12s
Rendered 3567/3908, time remaining: 12s
Rendered 3568/3908, time remaining: 12s
Rendered 3569/3908, time remaining: 11s
Rendered 3570/3908, time remaining: 11s
Rendered 3571/3908, time remaining: 11s
Rendered 3572/3908, time remaining: 11s
Rendered 3573/3908, time remaining: 11s
Rendered 3574/3908, time remaining: 11s
Rendered 3575/3908, time remaining: 11s
Rendered 3576/3908, time remaining: 11s
Rendered 3577/3908, time remaining: 11s
Rendered 3578/3908, time remaining: 11s
Rendered 3579/3908, time remaining: 11s
Rendered 3580/3908, time remaining: 11s
Rendered 3581/3908, time remaining: 11s
Rendered 3582/3908, time remaining: 11s
Rendered 3583/3908, time remaining: 11s
Rendered 3584/3908, time remaining: 11s
Rendered 3585/3908, time remaining: 11s
Rendered 3586/3908, time remaining: 11s
Rendered 3587/3908, time remaining: 11s
Rendered 3588/3908, time remaining: 11s
Rendered 3589/3908, time remaining: 11s
Rendered 3590/3908, time remaining: 11s
Rendered 3591/3908, time remaining: 11s
Rendered 3592/3908, time remaining: 11s
Rendered 3593/3908, time remaining: 11s
Rendered 3594/3908, time remaining: 11s
Rendered 3595/3908, time remaining: 10s
Rendered 3596/3908, time remaining: 11s
Rendered 3597/3908, time remaining: 11s
Rendered 3598/3908, time remaining: 10s
Rendered 3599/3908, time remaining: 10s
Rendered 3600/3908, time remaining: 10s
Rendered 3601/3908, time remaining: 10s
Rendered 3602/3908, time remaining: 10s
Rendered 3603/3908, time remaining: 10s
Rendered 3604/3908, time remaining: 10s
Rendered 3605/3908, time remaining: 10s
Rendered 3606/3908, time remaining: 10s
Rendered 3607/3908, time remaining: 10s
Rendered 3608/3908, time remaining: 10s
Rendered 3609/3908, time remaining: 10s
Rendered 3610/3908, time remaining: 10s
Rendered 3611/3908, time remaining: 10s
Rendered 3612/3908, time remaining: 10s
Rendered 3613/3908, time remaining: 10s
Rendered 3614/3908, time remaining: 10s
Rendered 3615/3908, time remaining: 10s
Rendered 3616/3908, time remaining: 10s
Rendered 3617/3908, time remaining: 10s
Rendered 3618/3908, time remaining: 10s
Rendered 3619/3908, time remaining: 10s
Rendered 3620/3908, time remaining: 10s
Rendered 3621/3908, time remaining: 10s
Rendered 3622/3908, time remaining: 10s
Rendered 3623/3908, time remaining: 10s
Rendered 3624/3908, time remaining: 10s
Rendered 3625/3908, time remaining: 10s
Rendered 3626/3908, time remaining: 9s
Rendered 3627/3908, time remaining: 9s
Rendered 3628/3908, time remaining: 9s
Rendered 3629/3908, time remaining: 9s
Rendered 3630/3908, time remaining: 9s
Rendered 3631/3908, time remaining: 9s
Rendered 3632/3908, time remaining: 9s
Rendered 3633/3908, time remaining: 9s
Rendered 3634/3908, time remaining: 9s
Rendered 3635/3908, time remaining: 9s
Rendered 3636/3908, time remaining: 9s
Rendered 3637/3908, time remaining: 9s
Rendered 3638/3908, time remaining: 9s
Rendered 3639/3908, time remaining: 9s
Rendered 3640/3908, time remaining: 9s
Rendered 3641/3908, time remaining: 9s
Rendered 3642/3908, time remaining: 9s
Rendered 3643/3908, time remaining: 9s
Rendered 3644/3908, time remaining: 9s
Rendered 3645/3908, time remaining: 9s
Rendered 3646/3908, time remaining: 9s
Rendered 3647/3908, time remaining: 9s
Rendered 3648/3908, time remaining: 9s
Rendered 3649/3908, time remaining: 9s
Rendered 3650/3908, time remaining: 9s
Rendered 3651/3908, time remaining: 9s
Rendered 3652/3908, time remaining: 9s
Rendered 3653/3908, time remaining: 8s
Rendered 3654/3908, time remaining: 8s
Rendered 3655/3908, time remaining: 8s
Rendered 3656/3908, time remaining: 8s
Rendered 3657/3908, time remaining: 8s
Rendered 3658/3908, time remaining: 8s
Rendered 3659/3908, time remaining: 8s
Rendered 3660/3908, time remaining: 8s
Rendered 3661/3908, time remaining: 8s
Rendered 3662/3908, time remaining: 8s
Rendered 3663/3908, time remaining: 8s
Rendered 3664/3908, time remaining: 8s
Rendered 3665/3908, time remaining: 8s
Rendered 3666/3908, time remaining: 8s
Rendered 3667/3908, time remaining: 8s
Rendered 3668/3908, time remaining: 8s
Rendered 3669/3908, time remaining: 8s
Rendered 3670/3908, time remaining: 8s
Rendered 3671/3908, time remaining: 8s
Rendered 3672/3908, time remaining: 8s
Rendered 3673/3908, time remaining: 8s
Rendered 3674/3908, time remaining: 8s
Rendered 3675/3908, time remaining: 8s
Rendered 3676/3908, time remaining: 8s
Rendered 3677/3908, time remaining: 8s
Rendered 3678/3908, time remaining: 8s
Rendered 3679/3908, time remaining: 8s
Rendered 3680/3908, time remaining: 7s
Rendered 3681/3908, time remaining: 7s
Rendered 3682/3908, time remaining: 7s
Rendered 3683/3908, time remaining: 7s
Rendered 3684/3908, time remaining: 7s
Rendered 3685/3908, time remaining: 7s
Rendered 3686/3908, time remaining: 7s
Rendered 3687/3908, time remaining: 7s
Rendered 3688/3908, time remaining: 7s
Rendered 3689/3908, time remaining: 7s
Rendered 3690/3908, time remaining: 7s
Rendered 3691/3908, time remaining: 7s
Rendered 3692/3908, time remaining: 7s
Rendered 3693/3908, time remaining: 7s
Rendered 3694/3908, time remaining: 7s
Rendered 3695/3908, time remaining: 7s
Rendered 3696/3908, time remaining: 7s
Rendered 3697/3908, time remaining: 7s
Rendered 3698/3908, time remaining: 7s
Rendered 3699/3908, time remaining: 7s
Rendered 3700/3908, time remaining: 7s
Rendered 3701/3908, time remaining: 7s
Rendered 3702/3908, time remaining: 7s
Rendered 3703/3908, time remaining: 7s
Rendered 3704/3908, time remaining: 7s
Rendered 3705/3908, time remaining: 7s
Rendered 3706/3908, time remaining: 7s
Rendered 3707/3908, time remaining: 7s
Rendered 3708/3908, time remaining: 7s
Rendered 3709/3908, time remaining: 7s
Rendered 3710/3908, time remaining: 7s
Rendered 3711/3908, time remaining: 7s
Rendered 3712/3908, time remaining: 7s
Rendered 3713/3908, time remaining: 6s
Rendered 3714/3908, time remaining: 6s
Rendered 3715/3908, time remaining: 6s
Rendered 3716/3908, time remaining: 6s
Rendered 3717/3908, time remaining: 6s
Rendered 3718/3908, time remaining: 6s
Rendered 3719/3908, time remaining: 6s
Rendered 3720/3908, time remaining: 6s
Rendered 3721/3908, time remaining: 6s
Rendered 3722/3908, time remaining: 6s
Rendered 3723/3908, time remaining: 6s
Rendered 3724/3908, time remaining: 6s
Rendered 3725/3908, time remaining: 6s
Rendered 3726/3908, time remaining: 6s
Rendered 3727/3908, time remaining: 6s
Rendered 3728/3908, time remaining: 6s
Rendered 3729/3908, time remaining: 6s
Rendered 3730/3908, time remaining: 6s
Rendered 3731/3908, time remaining: 6s
Rendered 3732/3908, time remaining: 6s
Rendered 3733/3908, time remaining: 6s
Rendered 3734/3908, time remaining: 6s
Rendered 3735/3908, time remaining: 6s
Rendered 3736/3908, time remaining: 6s
Rendered 3737/3908, time remaining: 6s
Rendered 3738/3908, time remaining: 5s
Rendered 3739/3908, time remaining: 5s
Rendered 3740/3908, time remaining: 5s
Rendered 3741/3908, time remaining: 5s
Rendered 3742/3908, time remaining: 5s
Rendered 3743/3908, time remaining: 5s
Rendered 3744/3908, time remaining: 5s
Rendered 3745/3908, time remaining: 5s
Rendered 3746/3908, time remaining: 5s
Rendered 3747/3908, time remaining: 5s
Rendered 3748/3908, time remaining: 5s
Rendered 3749/3908, time remaining: 5s
Rendered 3750/3908, time remaining: 5s
Rendered 3751/3908, time remaining: 5s
Rendered 3752/3908, time remaining: 5s
Rendered 3753/3908, time remaining: 5s
Rendered 3754/3908, time remaining: 5s
Rendered 3755/3908, time remaining: 5s
Rendered 3756/3908, time remaining: 5s
Rendered 3757/3908, time remaining: 5s
Rendered 3758/3908, time remaining: 5s
Rendered 3759/3908, time remaining: 5s
Rendered 3760/3908, time remaining: 5s
Rendered 3761/3908, time remaining: 5s
Rendered 3762/3908, time remaining: 5s
Rendered 3763/3908, time remaining: 5s
Rendered 3764/3908, time remaining: 5s
Rendered 3765/3908, time remaining: 5s
Rendered 3766/3908, time remaining: 5s
Rendered 3767/3908, time remaining: 5s
Rendered 3768/3908, time remaining: 5s
Rendered 3769/3908, time remaining: 4s
Rendered 3770/3908, time remaining: 4s
Rendered 3771/3908, time remaining: 4s
Rendered 3772/3908, time remaining: 4s
Rendered 3773/3908, time remaining: 4s
Rendered 3774/3908, time remaining: 4s
Rendered 3775/3908, time remaining: 4s
Rendered 3776/3908, time remaining: 4s
Rendered 3777/3908, time remaining: 4s
Rendered 3778/3908, time remaining: 4s
Rendered 3779/3908, time remaining: 4s
Rendered 3780/3908, time remaining: 4s
Rendered 3781/3908, time remaining: 4s
Rendered 3782/3908, time remaining: 4s
Rendered 3783/3908, time remaining: 4s
Rendered 3784/3908, time remaining: 4s
Rendered 3785/3908, time remaining: 4s
Rendered 3786/3908, time remaining: 4s
Rendered 3787/3908, time remaining: 4s
Rendered 3788/3908, time remaining: 4s
Rendered 3789/3908, time remaining: 4s
Rendered 3790/3908, time remaining: 4s
Rendered 3791/3908, time remaining: 4s
Rendered 3792/3908, time remaining: 4s
Rendered 3793/3908, time remaining: 4s
Rendered 3794/3908, time remaining: 4s
Rendered 3795/3908, time remaining: 3s
Rendered 3796/3908, time remaining: 3s
Rendered 3797/3908, time remaining: 3s
Rendered 3798/3908, time remaining: 3s
Rendered 3799/3908, time remaining: 3s
Rendered 3800/3908, time remaining: 3s
Rendered 3801/3908, time remaining: 3s
Rendered 3802/3908, time remaining: 3s
Rendered 3803/3908, time remaining: 3s
Rendered 3804/3908, time remaining: 3s
Rendered 3805/3908, time remaining: 3s
Rendered 3806/3908, time remaining: 3s
Rendered 3807/3908, time remaining: 3s
Rendered 3808/3908, time remaining: 3s
Rendered 3809/3908, time remaining: 3s
Rendered 3810/3908, time remaining: 3s
Rendered 3811/3908, time remaining: 3s
Rendered 3812/3908, time remaining: 3s
Rendered 3813/3908, time remaining: 3s
Rendered 3814/3908, time remaining: 3s
Rendered 3815/3908, time remaining: 3s
Rendered 3816/3908, time remaining: 3s
Rendered 3817/3908, time remaining: 3s
Rendered 3818/3908, time remaining: 3s
Rendered 3819/3908, time remaining: 3s
Rendered 3820/3908, time remaining: 3s
Rendered 3821/3908, time remaining: 3s
Rendered 3822/3908, time remaining: 3s
Rendered 3823/3908, time remaining: 3s
Rendered 3824/3908, time remaining: 2s
Rendered 3825/3908, time remaining: 2s
Rendered 3826/3908, time remaining: 2s
Rendered 3827/3908, time remaining: 2s
Rendered 3828/3908, time remaining: 2s
Rendered 3829/3908, time remaining: 2s
Rendered 3830/3908, time remaining: 2s
Rendered 3831/3908, time remaining: 2s
Rendered 3832/3908, time remaining: 2s
Rendered 3833/3908, time remaining: 2s
Rendered 3834/3908, time remaining: 2s
Rendered 3835/3908, time remaining: 2s
Rendered 3836/3908, time remaining: 2s
Rendered 3837/3908, time remaining: 2s
Rendered 3838/3908, time remaining: 2s
Rendered 3839/3908, time remaining: 2s
Rendered 3840/3908, time remaining: 2s
Rendered 3841/3908, time remaining: 2s
Rendered 3842/3908, time remaining: 2s
Rendered 3843/3908, time remaining: 2s
Rendered 3844/3908, time remaining: 2s
Rendered 3845/3908, time remaining: 2s
Rendered 3846/3908, time remaining: 2s
Rendered 3847/3908, time remaining: 2s
Rendered 3848/3908, time remaining: 2s
Rendered 3849/3908, time remaining: 2s
Rendered 3850/3908, time remaining: 2s
Rendered 3851/3908, time remaining: 1s
Rendered 3852/3908, time remaining: 1s
Rendered 3853/3908, time remaining: 1s
Rendered 3854/3908, time remaining: 1s
Rendered 3855/3908, time remaining: 1s
Rendered 3856/3908, time remaining: 1s
Rendered 3857/3908, time remaining: 1s
Rendered 3858/3908, time remaining: 1s
Rendered 3859/3908, time remaining: 1s
Rendered 3860/3908, time remaining: 1s
Rendered 3861/3908, time remaining: 1s
Rendered 3862/3908, time remaining: 1s
Rendered 3863/3908, time remaining: 1s
Rendered 3864/3908, time remaining: 1s
Rendered 3865/3908, time remaining: 1s
Rendered 3866/3908, time remaining: 1s
Rendered 3867/3908, time remaining: 1s
Rendered 3868/3908, time remaining: 1s
Rendered 3869/3908, time remaining: 1s
Rendered 3870/3908, time remaining: 1s
Rendered 3871/3908, time remaining: 1s
Rendered 3872/3908, time remaining: 1s
Rendered 3873/3908, time remaining: 1s
Rendered 3874/3908, time remaining: 1s
Rendered 3875/3908, time remaining: 1s
Rendered 3876/3908, time remaining: 1s
Rendered 3877/3908, time remaining: 1s
Rendered 3878/3908, time remaining: 1s
Rendered 3879/3908, time remaining: 1s
Rendered 3880/3908, time remaining: 0s
Rendered 3881/3908, time remaining: 0s
Rendered 3882/3908, time remaining: 0s
Rendered 3883/3908, time remaining: 0s
Rendered 3884/3908, time remaining: 0s
Rendered 3885/3908, time remaining: 0s
Rendered 3886/3908, time remaining: 0s
Rendered 3887/3908, time remaining: 0s
Rendered 3888/3908, time remaining: 0s
Rendered 3889/3908, time remaining: 0s
Rendered 3890/3908, time remaining: 0s
Rendered 3891/3908, time remaining: 0s
Rendered 3892/3908, time remaining: 0s
Rendered 3893/3908, time remaining: 0s
Rendered 3894/3908, time remaining: 0s
Rendered 3895/3908, time remaining: 0s
Rendered 3896/3908, time remaining: 0s
Rendered 3897/3908, time remaining: 0s
Rendered 3898/3908, time remaining: 0s
Rendered 3899/3908, time remaining: 0s
Rendered 3900/3908, time remaining: 0s
Rendered 3901/3908, time remaining: 0s
Rendered 3902/3908, time remaining: 0s
Rendered 3903/3908, time remaining: 0s
Rendered 3904/3908, time remaining: 0s
Rendered 3905/3908, time remaining: 0s
Rendered 3906/3908, time remaining: 0s
Rendered 3907/3908, time remaining: 0s
Rendered 3908/3908
Encoded 65/3908
Encoded 175/3908
Encoded 282/3908
Encoded 379/3908
Encoded 487/3908
Encoded 592/3908
Encoded 697/3908
Encoded 802/3908
Encoded 913/3908
Encoded 1026/3908
Encoded 1133/3908
Encoded 1243/3908
Encoded 1347/3908
Encoded 1460/3908
Encoded 1560/3908
Encoded 1658/3908
Encoded 1757/3908
Encoded 1859/3908
Encoded 1954/3908
Encoded 2067/3908
Encoded 2161/3908
Encoded 2246/3908
Encoded 2353/3908
Encoded 2474/3908
Encoded 2588/3908
Encoded 2692/3908
Encoded 2808/3908
Encoded 2908/3908
Encoded 2999/3908
Encoded 3075/3908
Encoded 3157/3908
Encoded 3234/3908
Encoded 3330/3908
Encoded 3440/3908
Encoded 3546/3908
Encoded 3649/3908
Encoded 3748/3908
Encoded 3841/3908
Encoded 3908/3908
+                    ../projects/import-china-india-te/renders/ch14.mp4 16.9 MB
Bundling 6%
Bundling 16%
Bundling 63%
Bundling 69%
Bundling 74%
Bundling 80%
Bundling 85%
Bundling 90%
Bundling 95%
Bundling 100%
Getting composition
Composition          Explainer
Codec                h264
Output               ../projects/import-china-india-te/renders/ch15.mp4
Concurrency          8x
Rendered 0/4399
Rendered 1/4399, time remaining: 1h 2m 5s
Rendered 2/4399, time remaining: 31m 13s
Rendered 3/4399, time remaining: 21m 1s
Rendered 4/4399, time remaining: 16m 32s
Rendered 5/4399, time remaining: 13m 16s
Rendered 6/4399, time remaining: 11m 4s
Rendered 7/4399, time remaining: 9m 30s
Rendered 8/4399, time remaining: 8m 27s
Rendered 9/4399, time remaining: 8m 58s
Rendered 10/4399, time remaining: 8m 11s
Rendered 11/4399, time remaining: 7m 35s
Rendered 12/4399, time remaining: 7m 25s
Rendered 13/4399, time remaining: 6m 51s
Rendered 14/4399, time remaining: 6m 21s
Rendered 15/4399, time remaining: 5m 56s
Rendered 16/4399, time remaining: 5m 34s
Rendered 17/4399, time remaining: 5m 47s
Rendered 18/4399, time remaining: 5m 49s
Rendered 19/4399, time remaining: 5m 31s
Rendered 20/4399, time remaining: 5m 17s
Rendered 21/4399, time remaining: 5m 3s
Rendered 22/4399, time remaining: 4m 52s
Rendered 23/4399, time remaining: 5m 5s
Rendered 24/4399, time remaining: 4m 52s
Rendered 25/4399, time remaining: 4m 52s
Rendered 26/4399, time remaining: 4m 41s
Rendered 27/4399, time remaining: 4m 30s
Rendered 28/4399, time remaining: 4m 22s
Rendered 29/4399, time remaining: 4m 26s
Rendered 30/4399, time remaining: 4m 18s
Rendered 31/4399, time remaining: 4m 10s
Rendered 32/4399, time remaining: 4m 14s
Rendered 33/4399, time remaining: 4m 10s
Rendered 34/4399, time remaining: 4m 4s
Rendered 35/4399, time remaining: 3m 59s
Rendered 36/4399, time remaining: 3m 59s
Rendered 37/4399, time remaining: 4m 0s
Rendered 38/4399, time remaining: 4m 4s
Rendered 39/4399, time remaining: 3m 58s
Rendered 40/4399, time remaining: 3m 52s
Rendered 41/4399, time remaining: 3m 48s
Rendered 42/4399, time remaining: 3m 50s
Rendered 43/4399, time remaining: 3m 45s
Rendered 44/4399, time remaining: 3m 47s
Rendered 45/4399, time remaining: 3m 43s
Rendered 46/4399, time remaining: 3m 41s
Rendered 47/4399, time remaining: 3m 44s
Rendered 48/4399, time remaining: 3m 40s
Rendered 49/4399, time remaining: 3m 35s
Rendered 50/4399, time remaining: 3m 38s
Rendered 51/4399, time remaining: 3m 34s
Rendered 52/4399, time remaining: 3m 29s
Rendered 53/4399, time remaining: 3m 26s
Rendered 54/4399, time remaining: 3m 36s
Rendered 55/4399, time remaining: 3m 32s
Rendered 56/4399, time remaining: 3m 33s
Rendered 57/4399, time remaining: 3m 29s
Rendered 58/4399, time remaining: 3m 26s
Rendered 59/4399, time remaining: 3m 22s
Rendered 60/4399, time remaining: 3m 25s
Rendered 61/4399, time remaining: 3m 22s
Rendered 62/4399, time remaining: 3m 26s
Rendered 63/4399, time remaining: 3m 24s
Rendered 64/4399, time remaining: 3m 21s
Rendered 65/4399, time remaining: 3m 23s
Rendered 66/4399, time remaining: 3m 23s
Rendered 67/4399, time remaining: 3m 20s
Rendered 68/4399, time remaining: 3m 17s
Rendered 69/4399, time remaining: 3m 19s
Rendered 70/4399, time remaining: 3m 16s
Rendered 71/4399, time remaining: 3m 14s
Rendered 72/4399, time remaining: 3m 11s
Rendered 73/4399, time remaining: 3m 15s
Rendered 74/4399, time remaining: 3m 16s
Rendered 75/4399, time remaining: 3m 14s
Rendered 76/4399, time remaining: 3m 14s
Rendered 77/4399, time remaining: 3m 12s
Rendered 78/4399, time remaining: 3m 9s
Rendered 79/4399, time remaining: 3m 10s
Rendered 80/4399, time remaining: 3m 8s
Rendered 81/4399, time remaining: 3m 11s
Rendered 82/4399, time remaining: 3m 12s
Rendered 83/4399, time remaining: 3m 10s
Rendered 84/4399, time remaining: 3m 11s
Rendered 85/4399, time remaining: 3m 8s
Rendered 86/4399, time remaining: 3m 6s
Rendered 87/4399, time remaining: 3m 4s
Rendered 88/4399, time remaining: 3m 4s
Rendered 89/4399, time remaining: 3m 3s
Rendered 90/4399, time remaining: 3m 8s
Rendered 91/4399, time remaining: 3m 6s
Rendered 92/4399, time remaining: 3m 5s
Rendered 93/4399, time remaining: 3m 6s
Rendered 94/4399, time remaining: 3m 4s
Rendered 95/4399, time remaining: 3m 2s
Rendered 96/4399, time remaining: 3m 0s
Rendered 97/4399, time remaining: 3m 3s
Rendered 98/4399, time remaining: 3m 2s
Rendered 99/4399, time remaining: 3m 2s
Rendered 100/4399, time remaining: 3m 1s
Rendered 101/4399, time remaining: 3m 4s
Rendered 102/4399, time remaining: 3m 2s
Rendered 103/4399, time remaining: 3m 1s
Rendered 104/4399, time remaining: 2m 59s
Rendered 105/4399, time remaining: 2m 58s
Rendered 106/4399, time remaining: 3m 0s
Rendered 107/4399, time remaining: 2m 59s
Rendered 108/4399, time remaining: 2m 57s
Rendered 109/4399, time remaining: 3m 1s
Rendered 110/4399, time remaining: 2m 59s
Rendered 111/4399, time remaining: 2m 58s
Rendered 112/4399, time remaining: 2m 59s
Rendered 113/4399, time remaining: 2m 57s
Rendered 114/4399, time remaining: 2m 55s
Rendered 115/4399, time remaining: 2m 54s
Rendered 116/4399, time remaining: 2m 56s
Rendered 117/4399, time remaining: 2m 57s
Rendered 118/4399, time remaining: 2m 56s
Rendered 119/4399, time remaining: 2m 56s
Rendered 120/4399, time remaining: 2m 55s
Rendered 121/4399, time remaining: 2m 54s
Rendered 122/4399, time remaining: 2m 53s
Rendered 123/4399, time remaining: 2m 52s
Rendered 124/4399, time remaining: 2m 53s
Rendered 125/4399, time remaining: 2m 54s
Rendered 126/4399, time remaining: 2m 53s
Rendered 127/4399, time remaining: 2m 56s
Rendered 128/4399, time remaining: 2m 54s
Rendered 129/4399, time remaining: 2m 53s
Rendered 130/4399, time remaining: 2m 52s
Rendered 131/4399, time remaining: 2m 51s
Rendered 132/4399, time remaining: 2m 50s
Rendered 133/4399, time remaining: 2m 49s
Rendered 134/4399, time remaining: 2m 50s
Rendered 135/4399, time remaining: 2m 54s
Rendered 136/4399, time remaining: 2m 53s
Rendered 137/4399, time remaining: 2m 52s
Rendered 138/4399, time remaining: 2m 52s
Rendered 139/4399, time remaining: 2m 51s
Rendered 140/4399, time remaining: 2m 50s
Rendered 141/4399, time remaining: 2m 49s
Rendered 142/4399, time remaining: 2m 48s
Rendered 143/4399, time remaining: 2m 51s
Rendered 144/4399, time remaining: 2m 50s
Rendered 145/4399, time remaining: 2m 49s
Rendered 146/4399, time remaining: 2m 50s
Rendered 147/4399, time remaining: 2m 49s
Rendered 148/4399, time remaining: 2m 48s
Rendered 149/4399, time remaining: 2m 50s
Rendered 150/4399, time remaining: 2m 49s
Rendered 151/4399, time remaining: 2m 25s
Rendered 152/4399, time remaining: 2m 26s
Rendered 153/4399, time remaining: 2m 27s
Rendered 154/4399, time remaining: 2m 26s
Rendered 155/4399, time remaining: 2m 27s
Rendered 156/4399, time remaining: 2m 27s
Rendered 157/4399, time remaining: 2m 30s
Rendered 158/4399, time remaining: 2m 30s
Rendered 159/4399, time remaining: 2m 25s
Rendered 160/4399, time remaining: 2m 25s
Rendered 161/4399, time remaining: 2m 26s
Rendered 162/4399, time remaining: 2m 24s
Rendered 163/4399, time remaining: 2m 28s
Rendered 164/4399, time remaining: 2m 28s
Rendered 165/4399, time remaining: 2m 28s
Rendered 166/4399, time remaining: 2m 29s
Rendered 167/4399, time remaining: 2m 26s
Rendered 168/4399, time remaining: 2m 24s
Rendered 169/4399, time remaining: 2m 24s
Rendered 170/4399, time remaining: 2m 24s
Rendered 171/4399, time remaining: 2m 29s
Rendered 172/4399, time remaining: 2m 29s
Rendered 173/4399, time remaining: 2m 25s
Rendered 174/4399, time remaining: 2m 27s
Rendered 175/4399, time remaining: 2m 25s
Rendered 176/4399, time remaining: 2m 25s
Rendered 177/4399, time remaining: 2m 25s
Rendered 178/4399, time remaining: 2m 30s
Rendered 179/4399, time remaining: 2m 27s
Rendered 180/4399, time remaining: 2m 27s
Rendered 181/4399, time remaining: 2m 27s
Rendered 182/4399, time remaining: 2m 27s
Rendered 183/4399, time remaining: 2m 26s
Rendered 184/4399, time remaining: 2m 25s
Rendered 185/4399, time remaining: 2m 28s
Rendered 186/4399, time remaining: 2m 29s
Rendered 187/4399, time remaining: 2m 27s
Rendered 188/4399, time remaining: 2m 24s
Rendered 189/4399, time remaining: 2m 25s
Rendered 190/4399, time remaining: 2m 25s
Rendered 191/4399, time remaining: 2m 25s
Rendered 192/4399, time remaining: 2m 25s
Rendered 193/4399, time remaining: 2m 29s
Rendered 194/4399, time remaining: 2m 27s
Rendered 195/4399, time remaining: 2m 27s
Rendered 196/4399, time remaining: 2m 26s
Rendered 197/4399, time remaining: 2m 24s
Rendered 198/4399, time remaining: 2m 24s
Rendered 199/4399, time remaining: 2m 27s
Rendered 200/4399, time remaining: 2m 25s
Rendered 201/4399, time remaining: 2m 28s
Rendered 202/4399, time remaining: 2m 29s
Rendered 203/4399, time remaining: 2m 29s
Rendered 204/4399, time remaining: 2m 24s
Rendered 205/4399, time remaining: 2m 25s
Rendered 206/4399, time remaining: 2m 23s
Rendered 207/4399, time remaining: 2m 26s
Rendered 208/4399, time remaining: 2m 26s
Rendered 209/4399, time remaining: 2m 30s
Rendered 210/4399, time remaining: 2m 28s
Rendered 211/4399, time remaining: 2m 28s
Rendered 212/4399, time remaining: 2m 26s
Rendered 213/4399, time remaining: 2m 26s
Rendered 214/4399, time remaining: 2m 26s
Rendered 215/4399, time remaining: 2m 24s
Rendered 216/4399, time remaining: 2m 26s
Rendered 217/4399, time remaining: 2m 29s
Rendered 218/4399, time remaining: 2m 29s
Rendered 219/4399, time remaining: 2m 27s
Rendered 220/4399, time remaining: 2m 27s
Rendered 221/4399, time remaining: 2m 31s
Rendered 222/4399, time remaining: 2m 31s
Rendered 223/4399, time remaining: 2m 27s
Rendered 224/4399, time remaining: 2m 26s
Rendered 225/4399, time remaining: 2m 25s
Rendered 226/4399, time remaining: 2m 27s
Rendered 227/4399, time remaining: 2m 26s
Rendered 228/4399, time remaining: 2m 28s
Rendered 229/4399, time remaining: 2m 28s
Rendered 230/4399, time remaining: 2m 30s
Rendered 231/4399, time remaining: 2m 27s
Rendered 232/4399, time remaining: 2m 25s
Rendered 233/4399, time remaining: 2m 27s
Rendered 234/4399, time remaining: 2m 25s
Rendered 235/4399, time remaining: 2m 25s
Rendered 236/4399, time remaining: 2m 26s
Rendered 237/4399, time remaining: 2m 28s
Rendered 238/4399, time remaining: 2m 27s
Rendered 239/4399, time remaining: 2m 27s
Rendered 240/4399, time remaining: 2m 25s
Rendered 241/4399, time remaining: 2m 25s
Rendered 242/4399, time remaining: 2m 27s
Rendered 243/4399, time remaining: 2m 25s
Rendered 244/4399, time remaining: 2m 25s
Rendered 245/4399, time remaining: 2m 29s
Rendered 246/4399, time remaining: 2m 29s
Rendered 247/4399, time remaining: 2m 26s
Rendered 248/4399, time remaining: 2m 26s
Rendered 249/4399, time remaining: 2m 25s
Rendered 250/4399, time remaining: 2m 26s
Rendered 251/4399, time remaining: 2m 23s
Rendered 252/4399, time remaining: 2m 23s
Rendered 253/4399, time remaining: 2m 28s
Rendered 254/4399, time remaining: 2m 28s
Rendered 255/4399, time remaining: 2m 28s
Rendered 256/4399, time remaining: 2m 25s
Rendered 257/4399, time remaining: 2m 25s
Rendered 258/4399, time remaining: 2m 27s
Rendered 259/4399, time remaining: 2m 23s
Rendered 260/4399, time remaining: 2m 23s
Rendered 261/4399, time remaining: 2m 27s
Rendered 262/4399, time remaining: 2m 25s
Rendered 263/4399, time remaining: 2m 26s
Rendered 264/4399, time remaining: 2m 26s
Rendered 265/4399, time remaining: 2m 26s
Rendered 266/4399, time remaining: 2m 28s
Rendered 267/4399, time remaining: 2m 26s
Rendered 268/4399, time remaining: 2m 26s
Rendered 269/4399, time remaining: 2m 26s
Rendered 270/4399, time remaining: 2m 26s
Rendered 271/4399, time remaining: 2m 25s
Rendered 272/4399, time remaining: 2m 25s
Rendered 273/4399, time remaining: 2m 25s
Rendered 274/4399, time remaining: 2m 26s
Rendered 275/4399, time remaining: 2m 24s
Rendered 276/4399, time remaining: 2m 26s
Rendered 277/4399, time remaining: 2m 25s
Rendered 278/4399, time remaining: 2m 26s
Rendered 279/4399, time remaining: 2m 26s
Rendered 280/4399, time remaining: 2m 26s
Rendered 281/4399, time remaining: 2m 26s
Rendered 282/4399, time remaining: 2m 26s
Rendered 283/4399, time remaining: 2m 26s
Rendered 284/4399, time remaining: 2m 27s
Rendered 285/4399, time remaining: 2m 22s
Rendered 286/4399, time remaining: 2m 26s
Rendered 287/4399, time remaining: 2m 26s
Rendered 288/4399, time remaining: 2m 26s
Rendered 289/4399, time remaining: 2m 25s
Rendered 290/4399, time remaining: 2m 26s
Rendered 291/4399, time remaining: 2m 26s
Rendered 292/4399, time remaining: 2m 27s
Rendered 293/4399, time remaining: 2m 23s
Rendered 294/4399, time remaining: 2m 27s
Rendered 295/4399, time remaining: 2m 27s
Rendered 296/4399, time remaining: 2m 27s
Rendered 297/4399, time remaining: 2m 27s
Rendered 298/4399, time remaining: 2m 27s
Rendered 299/4399, time remaining: 2m 24s
Rendered 300/4399, time remaining: 2m 24s
Rendered 301/4399, time remaining: 2m 26s
Rendered 302/4399, time remaining: 2m 28s
Rendered 303/4399, time remaining: 2m 27s
Rendered 304/4399, time remaining: 2m 28s
Rendered 305/4399, time remaining: 2m 27s
Rendered 306/4399, time remaining: 2m 26s
Rendered 307/4399, time remaining: 2m 24s
Rendered 308/4399, time remaining: 2m 24s
Rendered 309/4399, time remaining: 2m 25s
Rendered 310/4399, time remaining: 2m 29s
Rendered 311/4399, time remaining: 2m 27s
Rendered 312/4399, time remaining: 2m 27s
Rendered 313/4399, time remaining: 2m 25s
Rendered 314/4399, time remaining: 2m 25s
Rendered 315/4399, time remaining: 2m 25s
Rendered 316/4399, time remaining: 2m 24s
Rendered 317/4399, time remaining: 2m 28s
Rendered 318/4399, time remaining: 2m 28s
Rendered 319/4399, time remaining: 2m 28s
Rendered 320/4399, time remaining: 2m 28s
Rendered 321/4399, time remaining: 2m 25s
Rendered 322/4399, time remaining: 2m 26s
Rendered 323/4399, time remaining: 2m 26s
Rendered 324/4399, time remaining: 2m 24s
Rendered 325/4399, time remaining: 2m 26s
Rendered 326/4399, time remaining: 2m 26s
Rendered 327/4399, time remaining: 2m 26s
Rendered 328/4399, time remaining: 2m 24s
Rendered 329/4399, time remaining: 2m 25s
Rendered 330/4399, time remaining: 2m 25s
Rendered 331/4399, time remaining: 2m 26s
Rendered 332/4399, time remaining: 2m 24s
Rendered 333/4399, time remaining: 2m 26s
Rendered 334/4399, time remaining: 2m 26s
Rendered 335/4399, time remaining: 2m 23s
Rendered 336/4399, time remaining: 2m 24s
Rendered 337/4399, time remaining: 2m 26s
Rendered 338/4399, time remaining: 2m 26s
Rendered 339/4399, time remaining: 2m 25s
Rendered 340/4399, time remaining: 2m 25s
Rendered 341/4399, time remaining: 2m 27s
Rendered 342/4399, time remaining: 2m 26s
Rendered 343/4399, time remaining: 2m 23s
Rendered 344/4399, time remaining: 2m 22s
Rendered 345/4399, time remaining: 2m 24s
Rendered 346/4399, time remaining: 2m 23s
Rendered 347/4399, time remaining: 2m 26s
Rendered 348/4399, time remaining: 2m 25s
Rendered 349/4399, time remaining: 2m 23s
Rendered 350/4399, time remaining: 2m 25s
Rendered 351/4399, time remaining: 2m 22s
Rendered 352/4399, time remaining: 2m 21s
Rendered 353/4399, time remaining: 2m 22s
Rendered 354/4399, time remaining: 2m 22s
Rendered 355/4399, time remaining: 2m 25s
Rendered 356/4399, time remaining: 2m 25s
Rendered 357/4399, time remaining: 2m 23s
Rendered 358/4399, time remaining: 2m 24s
Rendered 359/4399, time remaining: 2m 20s
Rendered 360/4399, time remaining: 2m 20s
Rendered 361/4399, time remaining: 2m 22s
Rendered 362/4399, time remaining: 2m 20s
Rendered 363/4399, time remaining: 2m 22s
Rendered 364/4399, time remaining: 2m 24s
Rendered 365/4399, time remaining: 2m 24s
Rendered 366/4399, time remaining: 2m 22s
Rendered 367/4399, time remaining: 2m 19s
Rendered 368/4399, time remaining: 2m 19s
Rendered 369/4399, time remaining: 2m 19s
Rendered 370/4399, time remaining: 2m 18s
Rendered 371/4399, time remaining: 2m 20s
Rendered 372/4399, time remaining: 2m 20s
Rendered 373/4399, time remaining: 2m 20s
Rendered 374/4399, time remaining: 2m 20s
Rendered 375/4399, time remaining: 2m 21s
Rendered 376/4399, time remaining: 2m 19s
Rendered 377/4399, time remaining: 2m 19s
Rendered 378/4399, time remaining: 2m 18s
Rendered 379/4399, time remaining: 2m 16s
Rendered 380/4399, time remaining: 2m 14s
Rendered 381/4399, time remaining: 2m 15s
Rendered 382/4399, time remaining: 2m 15s
Rendered 383/4399, time remaining: 2m 13s
Rendered 384/4399, time remaining: 2m 14s
Rendered 385/4399, time remaining: 2m 14s
Rendered 386/4399, time remaining: 2m 14s
Rendered 387/4399, time remaining: 2m 11s
Rendered 388/4399, time remaining: 2m 11s
Rendered 389/4399, time remaining: 2m 11s
Rendered 390/4399, time remaining: 2m 10s
Rendered 391/4399, time remaining: 2m 10s
Rendered 392/4399, time remaining: 2m 8s
Rendered 393/4399, time remaining: 2m 11s
Rendered 394/4399, time remaining: 2m 12s
Rendered 395/4399, time remaining: 2m 9s
Rendered 396/4399, time remaining: 2m 9s
Rendered 397/4399, time remaining: 2m 9s
Rendered 398/4399, time remaining: 2m 9s
Rendered 399/4399, time remaining: 2m 11s
Rendered 400/4399, time remaining: 2m 9s
Rendered 401/4399, time remaining: 2m 12s
Rendered 402/4399, time remaining: 2m 12s
Rendered 403/4399, time remaining: 2m 8s
Rendered 404/4399, time remaining: 2m 8s
Rendered 405/4399, time remaining: 2m 9s
Rendered 406/4399, time remaining: 2m 10s
Rendered 407/4399, time remaining: 2m 10s
Rendered 408/4399, time remaining: 2m 8s
Rendered 409/4399, time remaining: 2m 9s
Rendered 410/4399, time remaining: 2m 9s
Rendered 411/4399, time remaining: 2m 8s
Rendered 412/4399, time remaining: 2m 7s
Rendered 413/4399, time remaining: 2m 10s
Rendered 414/4399, time remaining: 2m 9s
Rendered 415/4399, time remaining: 2m 11s
Rendered 416/4399, time remaining: 2m 7s
Rendered 417/4399, time remaining: 2m 7s
Rendered 418/4399, time remaining: 2m 8s
Rendered 419/4399, time remaining: 2m 7s
Rendered 420/4399, time remaining: 2m 8s
Rendered 421/4399, time remaining: 2m 8s
Rendered 422/4399, time remaining: 2m 9s
Rendered 423/4399, time remaining: 2m 11s
Rendered 424/4399, time remaining: 2m 8s
Rendered 425/4399, time remaining: 2m 10s
Rendered 426/4399, time remaining: 2m 8s
Rendered 427/4399, time remaining: 2m 6s
Rendered 428/4399, time remaining: 2m 5s
Rendered 429/4399, time remaining: 2m 6s
Rendered 430/4399, time remaining: 2m 7s
Rendered 431/4399, time remaining: 2m 10s
Rendered 432/4399, time remaining: 2m 10s
Rendered 433/4399, time remaining: 2m 10s
Rendered 434/4399, time remaining: 2m 9s
Rendered 435/4399, time remaining: 2m 9s
Rendered 436/4399, time remaining: 2m 5s
Rendered 437/4399, time remaining: 2m 5s
Rendered 438/4399, time remaining: 2m 5s
Rendered 439/4399, time remaining: 2m 7s
Rendered 440/4399, time remaining: 2m 7s
Rendered 441/4399, time remaining: 2m 10s
Rendered 442/4399, time remaining: 2m 9s
Rendered 443/4399, time remaining: 2m 9s
Rendered 444/4399, time remaining: 2m 5s
Rendered 445/4399, time remaining: 2m 6s
Rendered 446/4399, time remaining: 2m 5s
Rendered 447/4399, time remaining: 2m 5s
Rendered 448/4399, time remaining: 2m 5s
Rendered 449/4399, time remaining: 2m 8s
Rendered 450/4399, time remaining: 2m 10s
Rendered 451/4399, time remaining: 2m 8s
Rendered 452/4399, time remaining: 2m 4s
Rendered 453/4399, time remaining: 2m 6s
Rendered 454/4399, time remaining: 2m 5s
Rendered 455/4399, time remaining: 2m 5s
Rendered 456/4399, time remaining: 2m 6s
Rendered 457/4399, time remaining: 2m 9s
Rendered 458/4399, time remaining: 2m 8s
Rendered 459/4399, time remaining: 2m 7s
Rendered 460/4399, time remaining: 2m 3s
Rendered 461/4399, time remaining: 2m 4s
Rendered 462/4399, time remaining: 2m 4s
Rendered 463/4399, time remaining: 2m 2s
Rendered 464/4399, time remaining: 2m 6s
Rendered 465/4399, time remaining: 2m 7s
Rendered 466/4399, time remaining: 2m 7s
Rendered 467/4399, time remaining: 2m 4s
Rendered 468/4399, time remaining: 2m 4s
Rendered 469/4399, time remaining: 2m 4s
Rendered 470/4399, time remaining: 2m 4s
Rendered 471/4399, time remaining: 2m 3s
Rendered 472/4399, time remaining: 2m 2s
Rendered 473/4399, time remaining: 2m 7s
Rendered 474/4399, time remaining: 2m 7s
Rendered 475/4399, time remaining: 2m 5s
Rendered 476/4399, time remaining: 2m 5s
Rendered 477/4399, time remaining: 2m 6s
Rendered 478/4399, time remaining: 2m 4s
Rendered 479/4399, time remaining: 2m 3s
Rendered 480/4399, time remaining: 2m 3s
Rendered 481/4399, time remaining: 2m 6s
Rendered 482/4399, time remaining: 2m 8s
Rendered 483/4399, time remaining: 2m 6s
Rendered 484/4399, time remaining: 2m 6s
Rendered 485/4399, time remaining: 2m 7s
Rendered 486/4399, time remaining: 2m 4s
Rendered 487/4399, time remaining: 2m 2s
Rendered 488/4399, time remaining: 2m 2s
Rendered 489/4399, time remaining: 2m 5s
Rendered 490/4399, time remaining: 2m 7s
Rendered 491/4399, time remaining: 2m 4s
Rendered 492/4399, time remaining: 2m 4s
Rendered 493/4399, time remaining: 2m 4s
Rendered 494/4399, time remaining: 2m 5s
Rendered 495/4399, time remaining: 2m 6s
Rendered 496/4399, time remaining: 2m 6s
Rendered 497/4399, time remaining: 2m 4s
Rendered 498/4399, time remaining: 2m 4s
Rendered 499/4399, time remaining: 2m 5s
Rendered 500/4399, time remaining: 2m 3s
Rendered 501/4399, time remaining: 2m 3s
Rendered 502/4399, time remaining: 2m 6s
Rendered 503/4399, time remaining: 2m 5s
Rendered 504/4399, time remaining: 2m 6s
Rendered 505/4399, time remaining: 2m 4s
Rendered 506/4399, time remaining: 2m 4s
Rendered 507/4399, time remaining: 2m 5s
Rendered 508/4399, time remaining: 2m 4s
Rendered 509/4399, time remaining: 2m 4s
Rendered 510/4399, time remaining: 2m 6s
Rendered 511/4399, time remaining: 2m 4s
Rendered 512/4399, time remaining: 2m 4s
Rendered 513/4399, time remaining: 2m 4s
Rendered 514/4399, time remaining: 2m 5s
Rendered 515/4399, time remaining: 2m 5s
Rendered 516/4399, time remaining: 2m 4s
Rendered 517/4399, time remaining: 2m 4s
Rendered 518/4399, time remaining: 2m 4s
Rendered 519/4399, time remaining: 2m 5s
Rendered 520/4399, time remaining: 2m 5s
Rendered 521/4399, time remaining: 2m 3s
Rendered 522/4399, time remaining: 2m 3s
Rendered 523/4399, time remaining: 2m 4s
Rendered 524/4399, time remaining: 2m 4s
Rendered 525/4399, time remaining: 2m 6s
Rendered 526/4399, time remaining: 2m 6s
Rendered 527/4399, time remaining: 2m 6s
Rendered 528/4399, time remaining: 2m 8s
Rendered 529/4399, time remaining: 2m 8s
Rendered 530/4399, time remaining: 2m 7s
Rendered 531/4399, time remaining: 2m 10s
Rendered 532/4399, time remaining: 2m 9s
Rendered 533/4399, time remaining: 2m 11s
Rendered 534/4399, time remaining: 2m 11s
Rendered 535/4399, time remaining: 2m 11s
Rendered 536/4399, time remaining: 2m 13s
Rendered 537/4399, time remaining: 2m 12s
Rendered 538/4399, time remaining: 2m 12s
Rendered 539/4399, time remaining: 2m 13s
Rendered 540/4399, time remaining: 2m 13s
Rendered 541/4399, time remaining: 2m 13s
Rendered 542/4399, time remaining: 2m 13s
Rendered 543/4399, time remaining: 2m 13s
Rendered 544/4399, time remaining: 2m 15s
Rendered 545/4399, time remaining: 2m 14s
Rendered 546/4399, time remaining: 2m 14s
Rendered 547/4399, time remaining: 2m 15s
Rendered 548/4399, time remaining: 2m 14s
Rendered 549/4399, time remaining: 2m 12s
Rendered 550/4399, time remaining: 2m 12s
Rendered 551/4399, time remaining: 2m 12s
Rendered 552/4399, time remaining: 2m 12s
Rendered 553/4399, time remaining: 2m 12s
Rendered 554/4399, time remaining: 2m 14s
Rendered 555/4399, time remaining: 2m 15s
Rendered 556/4399, time remaining: 2m 13s
Rendered 557/4399, time remaining: 2m 13s
Rendered 558/4399, time remaining: 2m 13s
Rendered 559/4399, time remaining: 2m 15s
Rendered 560/4399, time remaining: 2m 15s
Rendered 561/4399, time remaining: 2m 14s
Rendered 562/4399, time remaining: 2m 14s
Rendered 563/4399, time remaining: 2m 13s
Rendered 564/4399, time remaining: 2m 13s
Rendered 565/4399, time remaining: 2m 11s
Rendered 566/4399, time remaining: 2m 11s
Rendered 567/4399, time remaining: 2m 15s
Rendered 568/4399, time remaining: 2m 15s
Rendered 569/4399, time remaining: 2m 14s
Rendered 570/4399, time remaining: 2m 14s
Rendered 571/4399, time remaining: 2m 14s
Rendered 572/4399, time remaining: 2m 12s
Rendered 573/4399, time remaining: 2m 12s
Rendered 574/4399, time remaining: 2m 12s
Rendered 575/4399, time remaining: 2m 13s
Rendered 576/4399, time remaining: 2m 13s
Rendered 577/4399, time remaining: 2m 13s
Rendered 578/4399, time remaining: 2m 15s
Rendered 579/4399, time remaining: 2m 14s
Rendered 580/4399, time remaining: 2m 12s
Rendered 581/4399, time remaining: 2m 12s
Rendered 582/4399, time remaining: 2m 11s
Rendered 583/4399, time remaining: 2m 11s
Rendered 584/4399, time remaining: 2m 10s
Rendered 585/4399, time remaining: 2m 10s
Rendered 586/4399, time remaining: 2m 14s
Rendered 587/4399, time remaining: 2m 14s
Rendered 588/4399, time remaining: 2m 14s
Rendered 589/4399, time remaining: 2m 12s
Rendered 590/4399, time remaining: 2m 12s
Rendered 591/4399, time remaining: 2m 10s
Rendered 592/4399, time remaining: 2m 9s
Rendered 593/4399, time remaining: 2m 10s
Rendered 594/4399, time remaining: 2m 11s
Rendered 595/4399, time remaining: 2m 9s
Rendered 596/4399, time remaining: 2m 9s
Rendered 597/4399, time remaining: 2m 12s
Rendered 598/4399, time remaining: 2m 13s
Rendered 599/4399, time remaining: 2m 10s
Rendered 600/4399, time remaining: 2m 9s
Rendered 601/4399, time remaining: 2m 8s
Rendered 602/4399, time remaining: 2m 12s
Rendered 603/4399, time remaining: 2m 10s
Rendered 604/4399, time remaining: 2m 11s
Rendered 605/4399, time remaining: 2m 11s
Rendered 606/4399, time remaining: 2m 10s
Rendered 607/4399, time remaining: 2m 8s
Rendered 608/4399, time remaining: 2m 9s
Rendered 609/4399, time remaining: 2m 9s
Rendered 610/4399, time remaining: 2m 12s
Rendered 611/4399, time remaining: 2m 12s
Rendered 612/4399, time remaining: 2m 11s
Rendered 613/4399, time remaining: 2m 12s
Rendered 614/4399, time remaining: 2m 8s
Rendered 615/4399, time remaining: 2m 8s
Rendered 616/4399, time remaining: 2m 9s
Rendered 617/4399, time remaining: 2m 8s
Rendered 618/4399, time remaining: 2m 11s
Rendered 619/4399, time remaining: 2m 11s
Rendered 620/4399, time remaining: 2m 11s
Rendered 621/4399, time remaining: 2m 10s
Rendered 622/4399, time remaining: 2m 13s
Rendered 623/4399, time remaining: 2m 9s
Rendered 624/4399, time remaining: 2m 9s
Rendered 625/4399, time remaining: 2m 8s
Rendered 626/4399, time remaining: 2m 8s
Rendered 627/4399, time remaining: 2m 8s
Rendered 628/4399, time remaining: 2m 11s
Rendered 629/4399, time remaining: 2m 10s
Rendered 630/4399, time remaining: 2m 12s
Rendered 631/4399, time remaining: 2m 9s
Rendered 632/4399, time remaining: 2m 6s
Rendered 633/4399, time remaining: 2m 6s
Rendered 634/4399, time remaining: 2m 7s
Rendered 635/4399, time remaining: 2m 8s
Rendered 636/4399, time remaining: 2m 10s
Rendered 637/4399, time remaining: 2m 10s
Rendered 638/4399, time remaining: 2m 11s
Rendered 639/4399, time remaining: 2m 10s
Rendered 640/4399, time remaining: 2m 8s
Rendered 641/4399, time remaining: 2m 8s
Rendered 642/4399, time remaining: 2m 7s
Rendered 643/4399, time remaining: 2m 10s
Rendered 644/4399, time remaining: 2m 10s
Rendered 645/4399, time remaining: 2m 8s
Rendered 646/4399, time remaining: 2m 8s
Rendered 647/4399, time remaining: 2m 10s
Rendered 648/4399, time remaining: 2m 9s
Rendered 649/4399, time remaining: 2m 9s
Rendered 650/4399, time remaining: 2m 8s
Rendered 651/4399, time remaining: 2m 11s
Rendered 652/4399, time remaining: 2m 8s
Rendered 653/4399, time remaining: 2m 9s
Rendered 654/4399, time remaining: 2m 8s
Rendered 655/4399, time remaining: 2m 8s
Rendered 656/4399, time remaining: 2m 8s
Rendered 657/4399, time remaining: 2m 8s
Rendered 658/4399, time remaining: 2m 8s
Rendered 659/4399, time remaining: 2m 10s
Rendered 660/4399, time remaining: 2m 8s
Rendered 661/4399, time remaining: 2m 9s
Rendered 662/4399, time remaining: 2m 8s
Rendered 663/4399, time remaining: 2m 6s
Rendered 664/4399, time remaining: 2m 7s
Rendered 665/4399, time remaining: 2m 7s
Rendered 666/4399, time remaining: 2m 9s
Rendered 667/4399, time remaining: 2m 9s
Rendered 668/4399, time remaining: 2m 9s
Rendered 669/4399, time remaining: 2m 9s
Rendered 670/4399, time remaining: 2m 10s
Rendered 671/4399, time remaining: 2m 7s
Rendered 672/4399, time remaining: 2m 10s
Rendered 673/4399, time remaining: 2m 9s
Rendered 674/4399, time remaining: 2m 10s
Rendered 675/4399, time remaining: 2m 7s
Rendered 676/4399, time remaining: 2m 7s
Rendered 677/4399, time remaining: 2m 7s
Rendered 678/4399, time remaining: 2m 5s
Rendered 679/4399, time remaining: 2m 7s
Rendered 680/4399, time remaining: 2m 10s
Rendered 681/4399, time remaining: 2m 7s
Rendered 682/4399, time remaining: 2m 9s
Rendered 683/4399, time remaining: 2m 7s
Rendered 684/4399, time remaining: 2m 7s
Rendered 685/4399, time remaining: 2m 7s
Rendered 686/4399, time remaining: 2m 7s
Rendered 687/4399, time remaining: 2m 7s
Rendered 688/4399, time remaining: 2m 9s
Rendered 689/4399, time remaining: 2m 8s
Rendered 690/4399, time remaining: 2m 7s
Rendered 691/4399, time remaining: 2m 7s
Rendered 692/4399, time remaining: 2m 8s
Rendered 693/4399, time remaining: 2m 7s
Rendered 694/4399, time remaining: 2m 4s
Rendered 695/4399, time remaining: 2m 5s
Rendered 696/4399, time remaining: 2m 8s
Rendered 697/4399, time remaining: 2m 7s
Rendered 698/4399, time remaining: 2m 9s
Rendered 699/4399, time remaining: 2m 9s
Rendered 700/4399, time remaining: 2m 8s
Rendered 701/4399, time remaining: 2m 6s
Rendered 702/4399, time remaining: 2m 6s
Rendered 703/4399, time remaining: 2m 6s
Rendered 704/4399, time remaining: 2m 8s
Rendered 705/4399, time remaining: 2m 6s
Rendered 706/4399, time remaining: 2m 7s
Rendered 707/4399, time remaining: 2m 7s
Rendered 708/4399, time remaining: 2m 7s
Rendered 709/4399, time remaining: 2m 6s
Rendered 710/4399, time remaining: 2m 6s
Rendered 711/4399, time remaining: 2m 4s
Rendered 712/4399, time remaining: 2m 5s
Rendered 713/4399, time remaining: 2m 3s
Rendered 714/4399, time remaining: 2m 7s
Rendered 715/4399, time remaining: 2m 7s
Rendered 716/4399, time remaining: 2m 7s
Rendered 717/4399, time remaining: 2m 5s
Rendered 718/4399, time remaining: 2m 4s
Rendered 719/4399, time remaining: 2m 5s
Rendered 720/4399, time remaining: 2m 5s
Rendered 721/4399, time remaining: 2m 5s
Rendered 722/4399, time remaining: 2m 9s
Rendered 723/4399, time remaining: 2m 7s
Rendered 724/4399, time remaining: 2m 7s
Rendered 725/4399, time remaining: 2m 6s
Rendered 726/4399, time remaining: 2m 6s
Rendered 727/4399, time remaining: 2m 5s
Rendered 728/4399, time remaining: 2m 4s
Rendered 729/4399, time remaining: 2m 7s
Rendered 730/4399, time remaining: 2m 7s
Rendered 731/4399, time remaining: 2m 5s
Rendered 732/4399, time remaining: 2m 5s
Rendered 733/4399, time remaining: 2m 8s
Rendered 734/4399, time remaining: 2m 8s
Rendered 735/4399, time remaining: 2m 8s
Rendered 736/4399, time remaining: 2m 4s
Rendered 737/4399, time remaining: 2m 5s
Rendered 738/4399, time remaining: 2m 4s
Rendered 739/4399, time remaining: 2m 4s
Rendered 740/4399, time remaining: 2m 7s
Rendered 741/4399, time remaining: 2m 7s
Rendered 742/4399, time remaining: 2m 7s
Rendered 743/4399, time remaining: 2m 6s
Rendered 744/4399, time remaining: 2m 5s
Rendered 745/4399, time remaining: 2m 6s
Rendered 746/4399, time remaining: 2m 6s
Rendered 747/4399, time remaining: 2m 4s
Rendered 748/4399, time remaining: 2m 7s
Rendered 749/4399, time remaining: 2m 7s
Rendered 750/4399, time remaining: 2m 6s
Rendered 751/4399, time remaining: 2m 7s
Rendered 752/4399, time remaining: 2m 4s
Rendered 753/4399, time remaining: 2m 4s
Rendered 754/4399, time remaining: 2m 4s
Rendered 755/4399, time remaining: 2m 4s
Rendered 756/4399, time remaining: 2m 6s
Rendered 757/4399, time remaining: 2m 7s
Rendered 758/4399, time remaining: 2m 6s
Rendered 759/4399, time remaining: 2m 6s
Rendered 760/4399, time remaining: 2m 4s
Rendered 761/4399, time remaining: 2m 4s
Rendered 762/4399, time remaining: 2m 4s
Rendered 763/4399, time remaining: 2m 3s
Rendered 764/4399, time remaining: 2m 5s
Rendered 765/4399, time remaining: 2m 8s
Rendered 766/4399, time remaining: 2m 6s
Rendered 767/4399, time remaining: 2m 6s
Rendered 768/4399, time remaining: 2m 5s
Rendered 769/4399, time remaining: 2m 5s
Rendered 770/4399, time remaining: 2m 5s
Rendered 771/4399, time remaining: 2m 4s
Rendered 772/4399, time remaining: 2m 4s
Rendered 773/4399, time remaining: 2m 4s
Rendered 774/4399, time remaining: 2m 6s
Rendered 775/4399, time remaining: 2m 6s
Rendered 776/4399, time remaining: 2m 7s
Rendered 777/4399, time remaining: 2m 7s
Rendered 778/4399, time remaining: 2m 3s
Rendered 779/4399, time remaining: 2m 3s
Rendered 780/4399, time remaining: 2m 2s
Rendered 781/4399, time remaining: 2m 5s
Rendered 782/4399, time remaining: 2m 5s
Rendered 783/4399, time remaining: 2m 5s
Rendered 784/4399, time remaining: 2m 7s
Rendered 785/4399, time remaining: 2m 5s
Rendered 786/4399, time remaining: 2m 4s
Rendered 787/4399, time remaining: 2m 4s
Rendered 788/4399, time remaining: 2m 4s
Rendered 789/4399, time remaining: 2m 4s
Rendered 790/4399, time remaining: 2m 4s
Rendered 791/4399, time remaining: 2m 4s
Rendered 792/4399, time remaining: 2m 5s
Rendered 793/4399, time remaining: 2m 2s
Rendered 794/4399, time remaining: 2m 4s
Rendered 795/4399, time remaining: 2m 2s
Rendered 796/4399, time remaining: 2m 2s
Rendered 797/4399, time remaining: 2m 3s
Rendered 798/4399, time remaining: 2m 4s
Rendered 799/4399, time remaining: 2m 4s
Rendered 800/4399, time remaining: 2m 4s
Rendered 801/4399, time remaining: 2m 1s
Rendered 802/4399, time remaining: 2m 3s
Rendered 803/4399, time remaining: 2m 3s
Rendered 804/4399, time remaining: 2m 4s
Rendered 805/4399, time remaining: 2m 5s
Rendered 806/4399, time remaining: 2m 4s
Rendered 807/4399, time remaining: 2m 3s
Rendered 808/4399, time remaining: 2m 3s
Rendered 809/4399, time remaining: 2m 2s
Rendered 810/4399, time remaining: 2m 4s
Rendered 811/4399, time remaining: 2m 4s
Rendered 812/4399, time remaining: 2m 4s
Rendered 813/4399, time remaining: 2m 5s
Rendered 814/4399, time remaining: 2m 3s
Rendered 815/4399, time remaining: 2m 3s
Rendered 816/4399, time remaining: 2m 1s
Rendered 817/4399, time remaining: 2m 2s
Rendered 818/4399, time remaining: 2m 3s
Rendered 819/4399, time remaining: 2m 4s
Rendered 820/4399, time remaining: 2m 3s
Rendered 821/4399, time remaining: 2m 3s
Rendered 822/4399, time remaining: 2m 2s
Rendered 823/4399, time remaining: 2m 2s
Rendered 824/4399, time remaining: 2m 1s
Rendered 825/4399, time remaining: 2m 1s
Rendered 826/4399, time remaining: 2m 2s
Rendered 827/4399, time remaining: 2m 5s
Rendered 828/4399, time remaining: 2m 4s
Rendered 829/4399, time remaining: 2m 3s
Rendered 830/4399, time remaining: 2m 1s
Rendered 831/4399, time remaining: 2m 1s
Rendered 832/4399, time remaining: 2m 1s
Rendered 833/4399, time remaining: 2m 1s
Rendered 834/4399, time remaining: 2m 1s
Rendered 835/4399, time remaining: 2m 3s
Rendered 836/4399, time remaining: 2m 0s
Rendered 837/4399, time remaining: 2m 3s
Rendered 838/4399, time remaining: 2m 1s
Rendered 839/4399, time remaining: 2m 1s
Rendered 840/4399, time remaining: 2m 3s
Rendered 841/4399, time remaining: 2m 3s
Rendered 842/4399, time remaining: 2m 2s
Rendered 843/4399, time remaining: 2m 3s
Rendered 844/4399, time remaining: 2m 3s
Rendered 845/4399, time remaining: 2m 2s
Rendered 846/4399, time remaining: 1m 59s
Rendered 847/4399, time remaining: 1m 59s
Rendered 848/4399, time remaining: 1m 59s
Rendered 849/4399, time remaining: 2m 2s
Rendered 850/4399, time remaining: 2m 1s
Rendered 851/4399, time remaining: 2m 3s
Rendered 852/4399, time remaining: 2m 4s
Rendered 853/4399, time remaining: 2m 3s
Rendered 854/4399, time remaining: 2m 0s
Rendered 855/4399, time remaining: 2m 0s
Rendered 856/4399, time remaining: 1m 59s
Rendered 857/4399, time remaining: 1m 59s
Rendered 858/4399, time remaining: 2m 2s
Rendered 859/4399, time remaining: 2m 2s
Rendered 860/4399, time remaining: 2m 2s
Rendered 861/4399, time remaining: 2m 1s
Rendered 862/4399, time remaining: 2m 3s
Rendered 863/4399, time remaining: 2m 3s
Rendered 864/4399, time remaining: 2m 0s
Rendered 865/4399, time remaining: 2m 0s
Rendered 866/4399, time remaining: 2m 0s
Rendered 867/4399, time remaining: 2m 0s
Rendered 868/4399, time remaining: 2m 0s
Rendered 869/4399, time remaining: 2m 1s
Rendered 870/4399, time remaining: 2m 1s
Rendered 871/4399, time remaining: 2m 2s
Rendered 872/4399, time remaining: 1m 58s
Rendered 873/4399, time remaining: 2m 0s
Rendered 874/4399, time remaining: 2m 1s
Rendered 875/4399, time remaining: 1m 59s
Rendered 876/4399, time remaining: 2m 0s
Rendered 877/4399, time remaining: 2m 0s
Rendered 878/4399, time remaining: 2m 2s
Rendered 879/4399, time remaining: 1m 59s
Rendered 880/4399, time remaining: 1m 59s
Rendered 881/4399, time remaining: 2m 1s
Rendered 882/4399, time remaining: 2m 2s
Rendered 883/4399, time remaining: 1m 59s
Rendered 884/4399, time remaining: 1m 59s
Rendered 885/4399, time remaining: 1m 59s
Rendered 886/4399, time remaining: 2m 1s
Rendered 887/4399, time remaining: 1m 59s
Rendered 888/4399, time remaining: 1m 59s
Rendered 889/4399, time remaining: 2m 2s
Rendered 890/4399, time remaining: 2m 0s
Rendered 891/4399, time remaining: 1m 59s
Rendered 892/4399, time remaining: 2m 0s
Rendered 893/4399, time remaining: 1m 59s
Rendered 894/4399, time remaining: 2m 0s
Rendered 895/4399, time remaining: 1m 59s
Rendered 896/4399, time remaining: 1m 59s
Rendered 897/4399, time remaining: 2m 1s
Rendered 898/4399, time remaining: 1m 58s
Rendered 899/4399, time remaining: 1m 59s
Rendered 900/4399, time remaining: 1m 59s
Rendered 901/4399, time remaining: 1m 59s
Rendered 902/4399, time remaining: 2m 0s
Rendered 903/4399, time remaining: 2m 0s
Rendered 904/4399, time remaining: 2m 0s
Rendered 905/4399, time remaining: 2m 1s
Rendered 906/4399, time remaining: 2m 1s
Rendered 907/4399, time remaining: 1m 59s
Rendered 908/4399, time remaining: 1m 59s
Rendered 909/4399, time remaining: 2m 1s
Rendered 910/4399, time remaining: 2m 1s
Rendered 911/4399, time remaining: 2m 0s
Rendered 912/4399, time remaining: 1m 59s
Rendered 913/4399, time remaining: 2m 1s
Rendered 914/4399, time remaining: 2m 0s
Rendered 915/4399, time remaining: 1m 58s
Rendered 916/4399, time remaining: 1m 58s
Rendered 917/4399, time remaining: 2m 0s
Rendered 918/4399, time remaining: 1m 58s
Rendered 919/4399, time remaining: 1m 58s
Rendered 920/4399, time remaining: 1m 58s
Rendered 921/4399, time remaining: 2m 0s
Rendered 922/4399, time remaining: 1m 59s
Rendered 923/4399, time remaining: 1m 59s
Rendered 924/4399, time remaining: 1m 58s
Rendered 925/4399, time remaining: 1m 59s
Rendered 926/4399, time remaining: 1m 58s
Rendered 927/4399, time remaining: 1m 58s
Rendered 928/4399, time remaining: 1m 58s
Rendered 929/4399, time remaining: 2m 1s
Rendered 930/4399, time remaining: 2m 1s
Rendered 931/4399, time remaining: 1m 58s
Rendered 932/4399, time remaining: 1m 59s
Rendered 933/4399, time remaining: 1m 59s
Rendered 934/4399, time remaining: 1m 58s
Rendered 935/4399, time remaining: 1m 58s
Rendered 936/4399, time remaining: 1m 56s
Rendered 937/4399, time remaining: 1m 57s
Rendered 938/4399, time remaining: 2m 1s
Rendered 939/4399, time remaining: 1m 58s
Rendered 940/4399, time remaining: 1m 59s
Rendered 941/4399, time remaining: 1m 59s
Rendered 942/4399, time remaining: 1m 59s
Rendered 943/4399, time remaining: 1m 58s
Rendered 944/4399, time remaining: 1m 57s
Rendered 945/4399, time remaining: 2m 1s
Rendered 946/4399, time remaining: 2m 1s
Rendered 947/4399, time remaining: 1m 59s
Rendered 948/4399, time remaining: 1m 58s
Rendered 949/4399, time remaining: 1m 58s
Rendered 950/4399, time remaining: 1m 58s
Rendered 951/4399, time remaining: 1m 58s
Rendered 952/4399, time remaining: 1m 58s
Rendered 953/4399, time remaining: 1m 57s
Rendered 954/4399, time remaining: 1m 58s
Rendered 955/4399, time remaining: 1m 57s
Rendered 956/4399, time remaining: 1m 57s
Rendered 957/4399, time remaining: 1m 58s
Rendered 958/4399, time remaining: 2m 0s
Rendered 959/4399, time remaining: 2m 0s
Rendered 960/4399, time remaining: 1m 59s
Rendered 961/4399, time remaining: 1m 58s
Rendered 962/4399, time remaining: 2m 0s
Rendered 963/4399, time remaining: 1m 58s
Rendered 964/4399, time remaining: 1m 58s
Rendered 965/4399, time remaining: 1m 59s
Rendered 966/4399, time remaining: 1m 59s
Rendered 967/4399, time remaining: 1m 58s
Rendered 968/4399, time remaining: 1m 58s
Rendered 969/4399, time remaining: 1m 57s
Rendered 970/4399, time remaining: 1m 58s
Rendered 971/4399, time remaining: 1m 58s
Rendered 972/4399, time remaining: 1m 57s
Rendered 973/4399, time remaining: 1m 58s
Rendered 974/4399, time remaining: 1m 59s
Rendered 975/4399, time remaining: 1m 59s
Rendered 976/4399, time remaining: 1m 58s
Rendered 977/4399, time remaining: 1m 56s
Rendered 978/4399, time remaining: 1m 56s
Rendered 979/4399, time remaining: 1m 57s
Rendered 980/4399, time remaining: 1m 57s
Rendered 981/4399, time remaining: 1m 57s
Rendered 982/4399, time remaining: 1m 57s
Rendered 983/4399, time remaining: 1m 58s
Rendered 984/4399, time remaining: 1m 59s
Rendered 985/4399, time remaining: 1m 58s
Rendered 986/4399, time remaining: 1m 58s
Rendered 987/4399, time remaining: 1m 57s
Rendered 988/4399, time remaining: 1m 58s
Rendered 989/4399, time remaining: 1m 58s
Rendered 990/4399, time remaining: 1m 57s
Rendered 991/4399, time remaining: 1m 57s
Rendered 992/4399, time remaining: 1m 56s
Rendered 993/4399, time remaining: 1m 56s
Rendered 994/4399, time remaining: 1m 56s
Rendered 995/4399, time remaining: 1m 56s
Rendered 996/4399, time remaining: 1m 59s
Rendered 997/4399, time remaining: 1m 59s
Rendered 998/4399, time remaining: 1m 59s
Rendered 999/4399, time remaining: 1m 56s
Rendered 1000/4399, time remaining: 1m 57s
Rendered 1001/4399, time remaining: 1m 56s
Rendered 1002/4399, time remaining: 1m 56s
Rendered 1003/4399, time remaining: 1m 57s
Rendered 1004/4399, time remaining: 1m 56s
Rendered 1005/4399, time remaining: 1m 57s
Rendered 1006/4399, time remaining: 1m 59s
Rendered 1007/4399, time remaining: 1m 59s
Rendered 1008/4399, time remaining: 1m 56s
Rendered 1009/4399, time remaining: 1m 56s
Rendered 1010/4399, time remaining: 1m 56s
Rendered 1011/4399, time remaining: 1m 56s
Rendered 1012/4399, time remaining: 1m 53s
Rendered 1013/4399, time remaining: 1m 54s
Rendered 1014/4399, time remaining: 1m 58s
Rendered 1015/4399, time remaining: 1m 58s
Rendered 1016/4399, time remaining: 1m 58s
Rendered 1017/4399, time remaining: 1m 58s
Rendered 1018/4399, time remaining: 1m 58s
Rendered 1019/4399, time remaining: 1m 56s
Rendered 1020/4399, time remaining: 1m 56s
Rendered 1021/4399, time remaining: 1m 55s
Rendered 1022/4399, time remaining: 2m 0s
Rendered 1023/4399, time remaining: 1m 57s
Rendered 1024/4399, time remaining: 1m 57s
Rendered 1025/4399, time remaining: 1m 57s
Rendered 1026/4399, time remaining: 1m 56s
Rendered 1027/4399, time remaining: 1m 57s
Rendered 1028/4399, time remaining: 1m 56s
Rendered 1029/4399, time remaining: 1m 55s
Rendered 1030/4399, time remaining: 1m 59s
Rendered 1031/4399, time remaining: 1m 57s
Rendered 1032/4399, time remaining: 1m 56s
Rendered 1033/4399, time remaining: 1m 57s
Rendered 1034/4399, time remaining: 1m 57s
Rendered 1035/4399, time remaining: 1m 57s
Rendered 1036/4399, time remaining: 1m 55s
Rendered 1037/4399, time remaining: 1m 55s
Rendered 1038/4399, time remaining: 1m 58s
Rendered 1039/4399, time remaining: 1m 57s
Rendered 1040/4399, time remaining: 1m 57s
Rendered 1041/4399, time remaining: 1m 57s
Rendered 1042/4399, time remaining: 1m 58s
Rendered 1043/4399, time remaining: 1m 58s
Rendered 1044/4399, time remaining: 1m 57s
Rendered 1045/4399, time remaining: 1m 57s
Rendered 1046/4399, time remaining: 1m 57s
Rendered 1047/4399, time remaining: 1m 58s
Rendered 1048/4399, time remaining: 1m 57s
Rendered 1049/4399, time remaining: 1m 57s
Rendered 1050/4399, time remaining: 1m 56s
Rendered 1051/4399, time remaining: 1m 56s
Rendered 1052/4399, time remaining: 1m 57s
Rendered 1053/4399, time remaining: 1m 57s
Rendered 1054/4399, time remaining: 1m 57s
Rendered 1055/4399, time remaining: 1m 57s
Rendered 1056/4399, time remaining: 1m 56s
Rendered 1057/4399, time remaining: 1m 56s
Rendered 1058/4399, time remaining: 1m 57s
Rendered 1059/4399, time remaining: 1m 55s
Rendered 1060/4399, time remaining: 1m 55s
Rendered 1061/4399, time remaining: 1m 55s
Rendered 1062/4399, time remaining: 1m 56s
Rendered 1063/4399, time remaining: 1m 57s
Rendered 1064/4399, time remaining: 1m 57s
Rendered 1065/4399, time remaining: 1m 56s
Rendered 1066/4399, time remaining: 1m 58s
Rendered 1067/4399, time remaining: 1m 56s
Rendered 1068/4399, time remaining: 1m 56s
Rendered 1069/4399, time remaining: 1m 55s
Rendered 1070/4399, time remaining: 1m 59s
Rendered 1071/4399, time remaining: 1m 57s
Rendered 1072/4399, time remaining: 1m 56s
Rendered 1073/4399, time remaining: 1m 57s
Rendered 1074/4399, time remaining: 1m 56s
Rendered 1075/4399, time remaining: 1m 55s
Rendered 1076/4399, time remaining: 1m 55s
Rendered 1077/4399, time remaining: 1m 56s
Rendered 1078/4399, time remaining: 1m 58s
Rendered 1079/4399, time remaining: 1m 55s
Rendered 1080/4399, time remaining: 1m 55s
Rendered 1081/4399, time remaining: 1m 58s
Rendered 1082/4399, time remaining: 1m 57s
Rendered 1083/4399, time remaining: 1m 58s
Rendered 1084/4399, time remaining: 1m 57s
Rendered 1085/4399, time remaining: 1m 57s
Rendered 1086/4399, time remaining: 1m 58s
Rendered 1087/4399, time remaining: 1m 57s
Rendered 1088/4399, time remaining: 1m 53s
Rendered 1089/4399, time remaining: 1m 57s
Rendered 1090/4399, time remaining: 1m 55s
Rendered 1091/4399, time remaining: 1m 55s
Rendered 1092/4399, time remaining: 1m 57s
Rendered 1093/4399, time remaining: 1m 57s
Rendered 1094/4399, time remaining: 1m 57s
Rendered 1095/4399, time remaining: 1m 55s
Rendered 1096/4399, time remaining: 1m 55s
Rendered 1097/4399, time remaining: 1m 55s
Rendered 1098/4399, time remaining: 1m 55s
Rendered 1099/4399, time remaining: 1m 57s
Rendered 1100/4399, time remaining: 1m 57s
Rendered 1101/4399, time remaining: 1m 56s
Rendered 1102/4399, time remaining: 1m 54s
Rendered 1103/4399, time remaining: 1m 55s
Rendered 1104/4399, time remaining: 1m 56s
Rendered 1105/4399, time remaining: 1m 57s
Rendered 1106/4399, time remaining: 1m 57s
Rendered 1107/4399, time remaining: 1m 56s
Rendered 1108/4399, time remaining: 1m 54s
Rendered 1109/4399, time remaining: 1m 54s
Rendered 1110/4399, time remaining: 1m 53s
Rendered 1111/4399, time remaining: 1m 56s
Rendered 1112/4399, time remaining: 1m 55s
Rendered 1113/4399, time remaining: 1m 57s
Rendered 1114/4399, time remaining: 1m 57s
Rendered 1115/4399, time remaining: 1m 55s
Rendered 1116/4399, time remaining: 1m 55s
Rendered 1117/4399, time remaining: 1m 54s
Rendered 1118/4399, time remaining: 1m 53s
Rendered 1119/4399, time remaining: 1m 54s
Rendered 1120/4399, time remaining: 1m 53s
Rendered 1121/4399, time remaining: 1m 56s
Rendered 1122/4399, time remaining: 1m 57s
Rendered 1123/4399, time remaining: 1m 55s
Rendered 1124/4399, time remaining: 1m 54s
Rendered 1125/4399, time remaining: 1m 54s
Rendered 1126/4399, time remaining: 1m 56s
Rendered 1127/4399, time remaining: 1m 55s
Rendered 1128/4399, time remaining: 1m 55s
Rendered 1129/4399, time remaining: 1m 57s
Rendered 1130/4399, time remaining: 1m 57s
Rendered 1131/4399, time remaining: 1m 57s
Rendered 1132/4399, time remaining: 1m 55s
Rendered 1133/4399, time remaining: 1m 55s
Rendered 1134/4399, time remaining: 1m 54s
Rendered 1135/4399, time remaining: 1m 53s
Rendered 1136/4399, time remaining: 1m 53s
Rendered 1137/4399, time remaining: 1m 56s
Rendered 1138/4399, time remaining: 1m 56s
Rendered 1139/4399, time remaining: 1m 55s
Rendered 1140/4399, time remaining: 1m 56s
Rendered 1141/4399, time remaining: 1m 56s
Rendered 1142/4399, time remaining: 1m 56s
Rendered 1143/4399, time remaining: 1m 54s
Rendered 1144/4399, time remaining: 1m 55s
Rendered 1145/4399, time remaining: 1m 58s
Rendered 1146/4399, time remaining: 1m 55s
Rendered 1147/4399, time remaining: 1m 56s
Rendered 1148/4399, time remaining: 1m 56s
Rendered 1149/4399, time remaining: 1m 56s
Rendered 1150/4399, time remaining: 1m 56s
Rendered 1151/4399, time remaining: 1m 55s
Rendered 1152/4399, time remaining: 1m 53s
Rendered 1153/4399, time remaining: 1m 55s
Rendered 1154/4399, time remaining: 1m 55s
Rendered 1155/4399, time remaining: 1m 56s
Rendered 1156/4399, time remaining: 1m 54s
Rendered 1157/4399, time remaining: 1m 54s
Rendered 1158/4399, time remaining: 1m 54s
Rendered 1159/4399, time remaining: 1m 54s
Rendered 1160/4399, time remaining: 1m 54s
Rendered 1161/4399, time remaining: 1m 57s
Rendered 1162/4399, time remaining: 1m 57s
Rendered 1163/4399, time remaining: 1m 57s
Rendered 1164/4399, time remaining: 1m 53s
Rendered 1165/4399, time remaining: 1m 54s
Rendered 1166/4399, time remaining: 1m 53s
Rendered 1167/4399, time remaining: 1m 53s
Rendered 1168/4399, time remaining: 1m 54s
Rendered 1169/4399, time remaining: 1m 56s
Rendered 1170/4399, time remaining: 1m 56s
Rendered 1171/4399, time remaining: 1m 57s
Rendered 1172/4399, time remaining: 1m 52s
Rendered 1173/4399, time remaining: 1m 52s
Rendered 1174/4399, time remaining: 1m 52s
Rendered 1175/4399, time remaining: 1m 52s
Rendered 1176/4399, time remaining: 1m 56s
Rendered 1177/4399, time remaining: 1m 55s
Rendered 1178/4399, time remaining: 1m 54s
Rendered 1179/4399, time remaining: 1m 56s
Rendered 1180/4399, time remaining: 1m 52s
Rendered 1181/4399, time remaining: 1m 52s
Rendered 1182/4399, time remaining: 1m 52s
Rendered 1183/4399, time remaining: 1m 53s
Rendered 1184/4399, time remaining: 1m 54s
Rendered 1185/4399, time remaining: 1m 54s
Rendered 1186/4399, time remaining: 1m 55s
Rendered 1187/4399, time remaining: 1m 56s
Rendered 1188/4399, time remaining: 1m 53s
Rendered 1189/4399, time remaining: 1m 51s
Rendered 1190/4399, time remaining: 1m 52s
Rendered 1191/4399, time remaining: 1m 52s
Rendered 1192/4399, time remaining: 1m 52s
Rendered 1193/4399, time remaining: 1m 52s
Rendered 1194/4399, time remaining: 1m 52s
Rendered 1195/4399, time remaining: 1m 55s
Rendered 1196/4399, time remaining: 1m 55s
Rendered 1197/4399, time remaining: 1m 51s
Rendered 1198/4399, time remaining: 1m 52s
Rendered 1199/4399, time remaining: 1m 51s
Rendered 1200/4399, time remaining: 1m 52s
Rendered 1201/4399, time remaining: 1m 53s
Rendered 1202/4399, time remaining: 1m 51s
Rendered 1203/4399, time remaining: 1m 54s
Rendered 1204/4399, time remaining: 1m 54s
Rendered 1205/4399, time remaining: 1m 51s
Rendered 1206/4399, time remaining: 1m 52s
Rendered 1207/4399, time remaining: 1m 52s
Rendered 1208/4399, time remaining: 1m 51s
Rendered 1209/4399, time remaining: 1m 51s
Rendered 1210/4399, time remaining: 1m 53s
Rendered 1211/4399, time remaining: 1m 53s
Rendered 1212/4399, time remaining: 1m 53s
Rendered 1213/4399, time remaining: 1m 51s
Rendered 1214/4399, time remaining: 1m 51s
Rendered 1215/4399, time remaining: 1m 51s
Rendered 1216/4399, time remaining: 1m 52s
Rendered 1217/4399, time remaining: 1m 53s
Rendered 1218/4399, time remaining: 1m 53s
Rendered 1219/4399, time remaining: 1m 53s
Rendered 1220/4399, time remaining: 1m 49s
Rendered 1221/4399, time remaining: 1m 50s
Rendered 1222/4399, time remaining: 1m 51s
Rendered 1223/4399, time remaining: 1m 49s
Rendered 1224/4399, time remaining: 1m 52s
Rendered 1225/4399, time remaining: 1m 52s
Rendered 1226/4399, time remaining: 1m 53s
Rendered 1227/4399, time remaining: 1m 52s
Rendered 1228/4399, time remaining: 1m 51s
Rendered 1229/4399, time remaining: 1m 51s
Rendered 1230/4399, time remaining: 1m 50s
Rendered 1231/4399, time remaining: 1m 48s
Rendered 1232/4399, time remaining: 1m 50s
Rendered 1233/4399, time remaining: 1m 50s
Rendered 1234/4399, time remaining: 1m 51s
Rendered 1235/4399, time remaining: 1m 51s
Rendered 1236/4399, time remaining: 1m 50s
Rendered 1237/4399, time remaining: 1m 50s
Rendered 1238/4399, time remaining: 1m 50s
Rendered 1239/4399, time remaining: 1m 49s
Rendered 1240/4399, time remaining: 1m 50s
Rendered 1241/4399, time remaining: 1m 52s
Rendered 1242/4399, time remaining: 1m 51s
Rendered 1243/4399, time remaining: 1m 51s
Rendered 1244/4399, time remaining: 1m 52s
Rendered 1245/4399, time remaining: 1m 50s
Rendered 1246/4399, time remaining: 1m 50s
Rendered 1247/4399, time remaining: 1m 49s
Rendered 1248/4399, time remaining: 1m 50s
Rendered 1249/4399, time remaining: 1m 50s
Rendered 1250/4399, time remaining: 1m 52s
Rendered 1251/4399, time remaining: 1m 52s
Rendered 1252/4399, time remaining: 1m 52s
Rendered 1253/4399, time remaining: 1m 51s
Rendered 1254/4399, time remaining: 1m 48s
Rendered 1255/4399, time remaining: 1m 49s
Rendered 1256/4399, time remaining: 1m 49s
Rendered 1257/4399, time remaining: 1m 50s
Rendered 1258/4399, time remaining: 1m 51s
Rendered 1259/4399, time remaining: 1m 51s
Rendered 1260/4399, time remaining: 1m 51s
Rendered 1261/4399, time remaining: 1m 48s
Rendered 1262/4399, time remaining: 1m 50s
Rendered 1263/4399, time remaining: 1m 48s
Rendered 1264/4399, time remaining: 1m 48s
Rendered 1265/4399, time remaining: 1m 50s
Rendered 1266/4399, time remaining: 1m 52s
Rendered 1267/4399, time remaining: 1m 52s
Rendered 1268/4399, time remaining: 1m 52s
Rendered 1269/4399, time remaining: 1m 51s
Rendered 1270/4399, time remaining: 1m 51s
Rendered 1271/4399, time remaining: 1m 48s
Rendered 1272/4399, time remaining: 1m 47s
Rendered 1273/4399, time remaining: 1m 50s
Rendered 1274/4399, time remaining: 1m 51s
Rendered 1275/4399, time remaining: 1m 50s
Rendered 1276/4399, time remaining: 1m 49s
Rendered 1277/4399, time remaining: 1m 49s
Rendered 1278/4399, time remaining: 1m 51s
Rendered 1279/4399, time remaining: 1m 48s
Rendered 1280/4399, time remaining: 1m 48s
Rendered 1281/4399, time remaining: 1m 48s
Rendered 1282/4399, time remaining: 1m 49s
Rendered 1283/4399, time remaining: 1m 50s
Rendered 1284/4399, time remaining: 1m 51s
Rendered 1285/4399, time remaining: 1m 51s
Rendered 1286/4399, time remaining: 1m 51s
Rendered 1287/4399, time remaining: 1m 48s
Rendered 1288/4399, time remaining: 1m 48s
Rendered 1289/4399, time remaining: 1m 48s
Rendered 1290/4399, time remaining: 1m 47s
Rendered 1291/4399, time remaining: 1m 47s
Rendered 1292/4399, time remaining: 1m 49s
Rendered 1293/4399, time remaining: 1m 48s
Rendered 1294/4399, time remaining: 1m 50s
Rendered 1295/4399, time remaining: 1m 48s
Rendered 1296/4399, time remaining: 1m 48s
Rendered 1297/4399, time remaining: 1m 47s
Rendered 1298/4399, time remaining: 1m 46s
Rendered 1299/4399, time remaining: 1m 46s
Rendered 1300/4399, time remaining: 1m 47s
Rendered 1301/4399, time remaining: 1m 46s
Rendered 1302/4399, time remaining: 1m 50s
Rendered 1303/4399, time remaining: 1m 49s
Rendered 1304/4399, time remaining: 1m 48s
Rendered 1305/4399, time remaining: 1m 47s
Rendered 1306/4399, time remaining: 1m 47s
Rendered 1307/4399, time remaining: 1m 47s
Rendered 1308/4399, time remaining: 1m 46s
Rendered 1309/4399, time remaining: 1m 46s
Rendered 1310/4399, time remaining: 1m 48s
Rendered 1311/4399, time remaining: 1m 46s
Rendered 1312/4399, time remaining: 1m 47s
Rendered 1313/4399, time remaining: 1m 49s
Rendered 1314/4399, time remaining: 1m 48s
Rendered 1315/4399, time remaining: 1m 47s
Rendered 1316/4399, time remaining: 1m 47s
Rendered 1317/4399, time remaining: 1m 47s
Rendered 1318/4399, time remaining: 1m 48s
Rendered 1319/4399, time remaining: 1m 46s
Rendered 1320/4399, time remaining: 1m 46s
Rendered 1321/4399, time remaining: 1m 48s
Rendered 1322/4399, time remaining: 1m 48s
Rendered 1323/4399, time remaining: 1m 48s
Rendered 1324/4399, time remaining: 1m 48s
Rendered 1325/4399, time remaining: 1m 48s
Rendered 1326/4399, time remaining: 1m 47s
Rendered 1327/4399, time remaining: 1m 46s
Rendered 1328/4399, time remaining: 1m 46s
Rendered 1329/4399, time remaining: 1m 48s
Rendered 1330/4399, time remaining: 1m 49s
Rendered 1331/4399, time remaining: 1m 49s
Rendered 1332/4399, time remaining: 1m 49s
Rendered 1333/4399, time remaining: 1m 47s
Rendered 1334/4399, time remaining: 1m 46s
Rendered 1335/4399, time remaining: 1m 46s
Rendered 1336/4399, time remaining: 1m 46s
Rendered 1337/4399, time remaining: 1m 45s
Rendered 1338/4399, time remaining: 1m 49s
Rendered 1339/4399, time remaining: 1m 49s
Rendered 1340/4399, time remaining: 1m 49s
Rendered 1341/4399, time remaining: 1m 48s
Rendered 1342/4399, time remaining: 1m 47s
Rendered 1343/4399, time remaining: 1m 47s
Rendered 1344/4399, time remaining: 1m 49s
Rendered 1345/4399, time remaining: 1m 46s
Rendered 1346/4399, time remaining: 1m 48s
Rendered 1347/4399, time remaining: 1m 48s
Rendered 1348/4399, time remaining: 1m 49s
Rendered 1349/4399, time remaining: 1m 49s
Rendered 1350/4399, time remaining: 1m 49s
Rendered 1351/4399, time remaining: 1m 47s
Rendered 1352/4399, time remaining: 1m 49s
Rendered 1353/4399, time remaining: 1m 46s
Rendered 1354/4399, time remaining: 1m 48s
Rendered 1355/4399, time remaining: 1m 48s
Rendered 1356/4399, time remaining: 1m 46s
Rendered 1357/4399, time remaining: 1m 48s
Rendered 1358/4399, time remaining: 1m 47s
Rendered 1359/4399, time remaining: 1m 49s
Rendered 1360/4399, time remaining: 1m 48s
Rendered 1361/4399, time remaining: 1m 48s
Rendered 1362/4399, time remaining: 1m 48s
Rendered 1363/4399, time remaining: 1m 47s
Rendered 1364/4399, time remaining: 1m 47s
Rendered 1365/4399, time remaining: 1m 49s
Rendered 1366/4399, time remaining: 1m 46s
Rendered 1367/4399, time remaining: 1m 46s
Rendered 1368/4399, time remaining: 1m 46s
Rendered 1369/4399, time remaining: 1m 46s
Rendered 1370/4399, time remaining: 1m 49s
Rendered 1371/4399, time remaining: 1m 48s
Rendered 1372/4399, time remaining: 1m 47s
Rendered 1373/4399, time remaining: 1m 48s
Rendered 1374/4399, time remaining: 1m 46s
Rendered 1375/4399, time remaining: 1m 46s
Rendered 1376/4399, time remaining: 1m 46s
Rendered 1377/4399, time remaining: 1m 46s
Rendered 1378/4399, time remaining: 1m 48s
Rendered 1379/4399, time remaining: 1m 48s
Rendered 1380/4399, time remaining: 1m 48s
Rendered 1381/4399, time remaining: 1m 47s
Rendered 1382/4399, time remaining: 1m 45s
Rendered 1383/4399, time remaining: 1m 44s
Rendered 1384/4399, time remaining: 1m 46s
Rendered 1385/4399, time remaining: 1m 45s
Rendered 1386/4399, time remaining: 1m 48s
Rendered 1387/4399, time remaining: 1m 47s
Rendered 1388/4399, time remaining: 1m 47s
Rendered 1389/4399, time remaining: 1m 48s
Rendered 1390/4399, time remaining: 1m 47s
Rendered 1391/4399, time remaining: 1m 45s
Rendered 1392/4399, time remaining: 1m 44s
Rendered 1393/4399, time remaining: 1m 46s
Rendered 1394/4399, time remaining: 1m 45s
Rendered 1395/4399, time remaining: 1m 45s
Rendered 1396/4399, time remaining: 1m 46s
Rendered 1397/4399, time remaining: 1m 47s
Rendered 1398/4399, time remaining: 1m 46s
Rendered 1399/4399, time remaining: 1m 44s
Rendered 1400/4399, time remaining: 1m 44s
Rendered 1401/4399, time remaining: 1m 46s
Rendered 1402/4399, time remaining: 1m 46s
Rendered 1403/4399, time remaining: 1m 46s
Rendered 1404/4399, time remaining: 1m 45s
Rendered 1405/4399, time remaining: 1m 44s
Rendered 1406/4399, time remaining: 1m 44s
Rendered 1407/4399, time remaining: 1m 45s
Rendered 1408/4399, time remaining: 1m 44s
Rendered 1409/4399, time remaining: 1m 45s
Rendered 1410/4399, time remaining: 1m 46s
Rendered 1411/4399, time remaining: 1m 45s
Rendered 1412/4399, time remaining: 1m 43s
Rendered 1413/4399, time remaining: 1m 44s
Rendered 1414/4399, time remaining: 1m 45s
Rendered 1415/4399, time remaining: 1m 43s
Rendered 1416/4399, time remaining: 1m 41s
Rendered 1417/4399, time remaining: 1m 44s
Rendered 1418/4399, time remaining: 1m 45s
Rendered 1419/4399, time remaining: 1m 44s
Rendered 1420/4399, time remaining: 1m 44s
Rendered 1421/4399, time remaining: 1m 44s
Rendered 1422/4399, time remaining: 1m 45s
Rendered 1423/4399, time remaining: 1m 42s
Rendered 1424/4399, time remaining: 1m 42s
Rendered 1425/4399, time remaining: 1m 45s
Rendered 1426/4399, time remaining: 1m 45s
Rendered 1427/4399, time remaining: 1m 45s
Rendered 1428/4399, time remaining: 1m 43s
Rendered 1429/4399, time remaining: 1m 44s
Rendered 1430/4399, time remaining: 1m 44s
Rendered 1431/4399, time remaining: 1m 44s
Rendered 1432/4399, time remaining: 1m 42s
Rendered 1433/4399, time remaining: 1m 43s
Rendered 1434/4399, time remaining: 1m 44s
Rendered 1435/4399, time remaining: 1m 44s
Rendered 1436/4399, time remaining: 1m 44s
Rendered 1437/4399, time remaining: 1m 44s
Rendered 1438/4399, time remaining: 1m 43s
Rendered 1439/4399, time remaining: 1m 43s
Rendered 1440/4399, time remaining: 1m 43s
Rendered 1441/4399, time remaining: 1m 45s
Rendered 1442/4399, time remaining: 1m 45s
Rendered 1443/4399, time remaining: 1m 45s
Rendered 1444/4399, time remaining: 1m 43s
Rendered 1445/4399, time remaining: 1m 43s
Rendered 1446/4399, time remaining: 1m 43s
Rendered 1447/4399, time remaining: 1m 43s
Rendered 1448/4399, time remaining: 1m 43s
Rendered 1449/4399, time remaining: 1m 45s
Rendered 1450/4399, time remaining: 1m 46s
Rendered 1451/4399, time remaining: 1m 46s
Rendered 1452/4399, time remaining: 1m 42s
Rendered 1453/4399, time remaining: 1m 44s
Rendered 1454/4399, time remaining: 1m 43s
Rendered 1455/4399, time remaining: 1m 42s
Rendered 1456/4399, time remaining: 1m 43s
Rendered 1457/4399, time remaining: 1m 44s
Rendered 1458/4399, time remaining: 1m 46s
Rendered 1459/4399, time remaining: 1m 46s
Rendered 1460/4399, time remaining: 1m 44s
Rendered 1461/4399, time remaining: 1m 45s
Rendered 1462/4399, time remaining: 1m 43s
Rendered 1463/4399, time remaining: 1m 41s
Rendered 1464/4399, time remaining: 1m 41s
Rendered 1465/4399, time remaining: 1m 43s
Rendered 1466/4399, time remaining: 1m 45s
Rendered 1467/4399, time remaining: 1m 45s
Rendered 1468/4399, time remaining: 1m 43s
Rendered 1469/4399, time remaining: 1m 43s
Rendered 1470/4399, time remaining: 1m 44s
Rendered 1471/4399, time remaining: 1m 41s
Rendered 1472/4399, time remaining: 1m 41s
Rendered 1473/4399, time remaining: 1m 44s
Rendered 1474/4399, time remaining: 1m 44s
Rendered 1475/4399, time remaining: 1m 43s
Rendered 1476/4399, time remaining: 1m 43s
Rendered 1477/4399, time remaining: 1m 43s
Rendered 1478/4399, time remaining: 1m 43s
Rendered 1479/4399, time remaining: 1m 40s
Rendered 1480/4399, time remaining: 1m 39s
Rendered 1481/4399, time remaining: 1m 42s
Rendered 1482/4399, time remaining: 1m 42s
Rendered 1483/4399, time remaining: 1m 42s
Rendered 1484/4399, time remaining: 1m 42s
Rendered 1485/4399, time remaining: 1m 43s
Rendered 1486/4399, time remaining: 1m 43s
Rendered 1487/4399, time remaining: 1m 42s
Rendered 1488/4399, time remaining: 1m 39s
Rendered 1489/4399, time remaining: 1m 40s
Rendered 1490/4399, time remaining: 1m 39s
Rendered 1491/4399, time remaining: 1m 40s
Rendered 1492/4399, time remaining: 1m 41s
Rendered 1493/4399, time remaining: 1m 42s
Rendered 1494/4399, time remaining: 1m 41s
Rendered 1495/4399, time remaining: 1m 41s
Rendered 1496/4399, time remaining: 1m 39s
Rendered 1497/4399, time remaining: 1m 41s
Rendered 1498/4399, time remaining: 1m 40s
Rendered 1499/4399, time remaining: 1m 40s
Rendered 1500/4399, time remaining: 1m 40s
Rendered 1501/4399, time remaining: 1m 40s
Rendered 1502/4399, time remaining: 1m 38s
Rendered 1503/4399, time remaining: 1m 39s
Rendered 1504/4399, time remaining: 1m 38s
Rendered 1505/4399, time remaining: 1m 41s
Rendered 1506/4399, time remaining: 1m 42s
Rendered 1507/4399, time remaining: 1m 40s
Rendered 1508/4399, time remaining: 1m 40s
Rendered 1509/4399, time remaining: 1m 38s
Rendered 1510/4399, time remaining: 1m 38s
Rendered 1511/4399, time remaining: 1m 39s
Rendered 1512/4399, time remaining: 1m 37s
Rendered 1513/4399, time remaining: 1m 38s
Rendered 1514/4399, time remaining: 1m 42s
Rendered 1515/4399, time remaining: 1m 40s
Rendered 1516/4399, time remaining: 1m 41s
Rendered 1517/4399, time remaining: 1m 40s
Rendered 1518/4399, time remaining: 1m 40s
Rendered 1519/4399, time remaining: 1m 41s
Rendered 1520/4399, time remaining: 1m 39s
Rendered 1521/4399, time remaining: 1m 39s
Rendered 1522/4399, time remaining: 1m 40s
Rendered 1523/4399, time remaining: 1m 39s
Rendered 1524/4399, time remaining: 1m 39s
Rendered 1525/4399, time remaining: 1m 39s
Rendered 1526/4399, time remaining: 1m 40s
Rendered 1527/4399, time remaining: 1m 40s
Rendered 1528/4399, time remaining: 1m 39s
Rendered 1529/4399, time remaining: 1m 39s
Rendered 1530/4399, time remaining: 1m 39s
Rendered 1531/4399, time remaining: 1m 39s
Rendered 1532/4399, time remaining: 1m 40s
Rendered 1533/4399, time remaining: 1m 41s
Rendered 1534/4399, time remaining: 1m 40s
Rendered 1535/4399, time remaining: 1m 40s
Rendered 1536/4399, time remaining: 1m 38s
Rendered 1537/4399, time remaining: 1m 39s
Rendered 1538/4399, time remaining: 1m 39s
Rendered 1539/4399, time remaining: 1m 37s
Rendered 1540/4399, time remaining: 1m 40s
Rendered 1541/4399, time remaining: 1m 40s
Rendered 1542/4399, time remaining: 1m 40s
Rendered 1543/4399, time remaining: 1m 39s
Rendered 1544/4399, time remaining: 1m 39s
Rendered 1545/4399, time remaining: 1m 39s
Rendered 1546/4399, time remaining: 1m 38s
Rendered 1547/4399, time remaining: 1m 38s
Rendered 1548/4399, time remaining: 1m 39s
Rendered 1549/4399, time remaining: 1m 42s
Rendered 1550/4399, time remaining: 1m 40s
Rendered 1551/4399, time remaining: 1m 39s
Rendered 1552/4399, time remaining: 1m 39s
Rendered 1553/4399, time remaining: 1m 39s
Rendered 1554/4399, time remaining: 1m 39s
Rendered 1555/4399, time remaining: 1m 41s
Rendered 1556/4399, time remaining: 1m 41s
Rendered 1557/4399, time remaining: 1m 40s
Rendered 1558/4399, time remaining: 1m 40s
Rendered 1559/4399, time remaining: 1m 39s
Rendered 1560/4399, time remaining: 1m 40s
Rendered 1561/4399, time remaining: 1m 40s
Rendered 1562/4399, time remaining: 1m 40s
Rendered 1563/4399, time remaining: 1m 40s
Rendered 1564/4399, time remaining: 1m 39s
Rendered 1565/4399, time remaining: 1m 41s
Rendered 1566/4399, time remaining: 1m 41s
Rendered 1567/4399, time remaining: 1m 38s
Rendered 1568/4399, time remaining: 1m 39s
Rendered 1569/4399, time remaining: 1m 39s
Rendered 1570/4399, time remaining: 1m 40s
Rendered 1571/4399, time remaining: 1m 40s
Rendered 1572/4399, time remaining: 1m 39s
Rendered 1573/4399, time remaining: 1m 41s
Rendered 1574/4399, time remaining: 1m 41s
Rendered 1575/4399, time remaining: 1m 39s
Rendered 1576/4399, time remaining: 1m 39s
Rendered 1577/4399, time remaining: 1m 39s
Rendered 1578/4399, time remaining: 1m 39s
Rendered 1579/4399, time remaining: 1m 40s
Rendered 1580/4399, time remaining: 1m 41s
Rendered 1581/4399, time remaining: 1m 40s
Rendered 1582/4399, time remaining: 1m 40s
Rendered 1583/4399, time remaining: 1m 38s
Rendered 1584/4399, time remaining: 1m 38s
Rendered 1585/4399, time remaining: 1m 38s
Rendered 1586/4399, time remaining: 1m 39s
Rendered 1587/4399, time remaining: 1m 38s
Rendered 1588/4399, time remaining: 1m 39s
Rendered 1589/4399, time remaining: 1m 39s
Rendered 1590/4399, time remaining: 1m 39s
Rendered 1591/4399, time remaining: 1m 37s
Rendered 1592/4399, time remaining: 1m 38s
Rendered 1593/4399, time remaining: 1m 39s
Rendered 1594/4399, time remaining: 1m 39s
Rendered 1595/4399, time remaining: 1m 38s
Rendered 1596/4399, time remaining: 1m 38s
Rendered 1597/4399, time remaining: 1m 39s
Rendered 1598/4399, time remaining: 1m 39s
Rendered 1599/4399, time remaining: 1m 37s
Rendered 1600/4399, time remaining: 1m 38s
Rendered 1601/4399, time remaining: 1m 38s
Rendered 1602/4399, time remaining: 1m 39s
Rendered 1603/4399, time remaining: 1m 38s
Rendered 1604/4399, time remaining: 1m 38s
Rendered 1605/4399, time remaining: 1m 38s
Rendered 1606/4399, time remaining: 1m 37s
Rendered 1607/4399, time remaining: 1m 39s
Rendered 1608/4399, time remaining: 1m 36s
Rendered 1609/4399, time remaining: 1m 36s
Rendered 1610/4399, time remaining: 1m 37s
Rendered 1611/4399, time remaining: 1m 39s
Rendered 1612/4399, time remaining: 1m 39s
Rendered 1613/4399, time remaining: 1m 39s
Rendered 1614/4399, time remaining: 1m 39s
Rendered 1615/4399, time remaining: 1m 37s
Rendered 1616/4399, time remaining: 1m 36s
Rendered 1617/4399, time remaining: 1m 36s
Rendered 1618/4399, time remaining: 1m 36s
Rendered 1619/4399, time remaining: 1m 40s
Rendered 1620/4399, time remaining: 1m 39s
Rendered 1621/4399, time remaining: 1m 40s
Rendered 1622/4399, time remaining: 1m 40s
Rendered 1623/4399, time remaining: 1m 36s
Rendered 1624/4399, time remaining: 1m 36s
Rendered 1625/4399, time remaining: 1m 38s
Rendered 1626/4399, time remaining: 1m 37s
Rendered 1627/4399, time remaining: 1m 38s
Rendered 1628/4399, time remaining: 1m 39s
Rendered 1629/4399, time remaining: 1m 39s
Rendered 1630/4399, time remaining: 1m 39s
Rendered 1631/4399, time remaining: 1m 36s
Rendered 1632/4399, time remaining: 1m 36s
Rendered 1633/4399, time remaining: 1m 37s
Rendered 1634/4399, time remaining: 1m 40s
Rendered 1635/4399, time remaining: 1m 39s
Rendered 1636/4399, time remaining: 1m 39s
Rendered 1637/4399, time remaining: 1m 39s
Rendered 1638/4399, time remaining: 1m 37s
Rendered 1639/4399, time remaining: 1m 37s
Rendered 1640/4399, time remaining: 1m 39s
Rendered 1641/4399, time remaining: 1m 39s
Rendered 1642/4399, time remaining: 1m 39s
Rendered 1643/4399, time remaining: 1m 38s
Rendered 1644/4399, time remaining: 1m 37s
Rendered 1645/4399, time remaining: 1m 38s
Rendered 1646/4399, time remaining: 1m 38s
Rendered 1647/4399, time remaining: 1m 36s
Rendered 1648/4399, time remaining: 1m 39s
Rendered 1649/4399, time remaining: 1m 38s
Rendered 1650/4399, time remaining: 1m 38s
Rendered 1651/4399, time remaining: 1m 38s
Rendered 1652/4399, time remaining: 1m 38s
Rendered 1653/4399, time remaining: 1m 39s
Rendered 1654/4399, time remaining: 1m 38s
Rendered 1655/4399, time remaining: 1m 37s
Rendered 1656/4399, time remaining: 1m 37s
Rendered 1657/4399, time remaining: 1m 37s
Rendered 1658/4399, time remaining: 1m 36s
Rendered 1659/4399, time remaining: 1m 39s
Rendered 1660/4399, time remaining: 1m 38s
Rendered 1661/4399, time remaining: 1m 39s
Rendered 1662/4399, time remaining: 1m 39s
Rendered 1663/4399, time remaining: 1m 40s
Rendered 1664/4399, time remaining: 1m 37s
Rendered 1665/4399, time remaining: 1m 36s
Rendered 1666/4399, time remaining: 1m 37s
Rendered 1667/4399, time remaining: 1m 37s
Rendered 1668/4399, time remaining: 1m 37s
Rendered 1669/4399, time remaining: 1m 38s
Rendered 1670/4399, time remaining: 1m 38s
Rendered 1671/4399, time remaining: 1m 37s
Rendered 1672/4399, time remaining: 1m 39s
Rendered 1673/4399, time remaining: 1m 38s
Rendered 1674/4399, time remaining: 1m 38s
Rendered 1675/4399, time remaining: 1m 38s
Rendered 1676/4399, time remaining: 1m 37s
Rendered 1677/4399, time remaining: 1m 37s
Rendered 1678/4399, time remaining: 1m 36s
Rendered 1679/4399, time remaining: 1m 37s
Rendered 1680/4399, time remaining: 1m 39s
Rendered 1681/4399, time remaining: 1m 39s
Rendered 1682/4399, time remaining: 1m 37s
Rendered 1683/4399, time remaining: 1m 37s
Rendered 1684/4399, time remaining: 1m 37s
Rendered 1685/4399, time remaining: 1m 37s
Rendered 1686/4399, time remaining: 1m 37s
Rendered 1687/4399, time remaining: 1m 37s
Rendered 1688/4399, time remaining: 1m 39s
Rendered 1689/4399, time remaining: 1m 38s
Rendered 1690/4399, time remaining: 1m 36s
Rendered 1691/4399, time remaining: 1m 36s
Rendered 1692/4399, time remaining: 1m 36s
Rendered 1693/4399, time remaining: 1m 36s
Rendered 1694/4399, time remaining: 1m 36s
Rendered 1695/4399, time remaining: 1m 37s
Rendered 1696/4399, time remaining: 1m 38s
Rendered 1697/4399, time remaining: 1m 38s
Rendered 1698/4399, time remaining: 1m 37s
Rendered 1699/4399, time remaining: 1m 35s
Rendered 1700/4399, time remaining: 1m 35s
Rendered 1701/4399, time remaining: 1m 35s
Rendered 1702/4399, time remaining: 1m 35s
Rendered 1703/4399, time remaining: 1m 35s
Rendered 1704/4399, time remaining: 1m 36s
Rendered 1705/4399, time remaining: 1m 36s
Rendered 1706/4399, time remaining: 1m 36s
Rendered 1707/4399, time remaining: 1m 35s
Rendered 1708/4399, time remaining: 1m 35s
Rendered 1709/4399, time remaining: 1m 35s
Rendered 1710/4399, time remaining: 1m 34s
Rendered 1711/4399, time remaining: 1m 36s
Rendered 1712/4399, time remaining: 1m 36s
Rendered 1713/4399, time remaining: 1m 36s
Rendered 1714/4399, time remaining: 1m 36s
Rendered 1715/4399, time remaining: 1m 35s
Rendered 1716/4399, time remaining: 1m 35s
Rendered 1717/4399, time remaining: 1m 35s
Rendered 1718/4399, time remaining: 1m 33s
Rendered 1719/4399, time remaining: 1m 35s
Rendered 1720/4399, time remaining: 1m 34s
Rendered 1721/4399, time remaining: 1m 34s
Rendered 1722/4399, time remaining: 1m 36s
Rendered 1723/4399, time remaining: 1m 35s
Rendered 1724/4399, time remaining: 1m 35s
Rendered 1725/4399, time remaining: 1m 34s
Rendered 1726/4399, time remaining: 1m 35s
Rendered 1727/4399, time remaining: 1m 35s
Rendered 1728/4399, time remaining: 1m 34s
Rendered 1729/4399, time remaining: 1m 33s
Rendered 1730/4399, time remaining: 1m 33s
Rendered 1731/4399, time remaining: 1m 33s
Rendered 1732/4399, time remaining: 1m 34s
Rendered 1733/4399, time remaining: 1m 35s
Rendered 1734/4399, time remaining: 1m 35s
Rendered 1735/4399, time remaining: 1m 35s
Rendered 1736/4399, time remaining: 1m 34s
Rendered 1737/4399, time remaining: 1m 35s
Rendered 1738/4399, time remaining: 1m 34s
Rendered 1739/4399, time remaining: 1m 34s
Rendered 1740/4399, time remaining: 1m 35s
Rendered 1741/4399, time remaining: 1m 35s
Rendered 1742/4399, time remaining: 1m 33s
Rendered 1743/4399, time remaining: 1m 34s
Rendered 1744/4399, time remaining: 1m 33s
Rendered 1745/4399, time remaining: 1m 34s
Rendered 1746/4399, time remaining: 1m 35s
Rendered 1747/4399, time remaining: 1m 34s
Rendered 1748/4399, time remaining: 1m 36s
Rendered 1749/4399, time remaining: 1m 35s
Rendered 1750/4399, time remaining: 1m 33s
Rendered 1751/4399, time remaining: 1m 33s
Rendered 1752/4399, time remaining: 1m 33s
Rendered 1753/4399, time remaining: 1m 33s
Rendered 1754/4399, time remaining: 1m 33s
Rendered 1755/4399, time remaining: 1m 33s
Rendered 1756/4399, time remaining: 1m 35s
Rendered 1757/4399, time remaining: 1m 33s
Rendered 1758/4399, time remaining: 1m 33s
Rendered 1759/4399, time remaining: 1m 33s
Rendered 1760/4399, time remaining: 1m 35s
Rendered 1761/4399, time remaining: 1m 33s
Rendered 1762/4399, time remaining: 1m 33s
Rendered 1763/4399, time remaining: 1m 33s
Rendered 1764/4399, time remaining: 1m 34s
Rendered 1765/4399, time remaining: 1m 33s
Rendered 1766/4399, time remaining: 1m 33s
Rendered 1767/4399, time remaining: 1m 34s
Rendered 1768/4399, time remaining: 1m 36s
Rendered 1769/4399, time remaining: 1m 32s
Rendered 1770/4399, time remaining: 1m 33s
Rendered 1771/4399, time remaining: 1m 32s
Rendered 1772/4399, time remaining: 1m 32s
Rendered 1773/4399, time remaining: 1m 32s
Rendered 1774/4399, time remaining: 1m 33s
Rendered 1775/4399, time remaining: 1m 34s
Rendered 1776/4399, time remaining: 1m 33s
Rendered 1777/4399, time remaining: 1m 32s
Rendered 1778/4399, time remaining: 1m 32s
Rendered 1779/4399, time remaining: 1m 32s
Rendered 1780/4399, time remaining: 1m 32s
Rendered 1781/4399, time remaining: 1m 34s
Rendered 1782/4399, time remaining: 1m 34s
Rendered 1783/4399, time remaining: 1m 32s
Rendered 1784/4399, time remaining: 1m 32s
Rendered 1785/4399, time remaining: 1m 33s
Rendered 1786/4399, time remaining: 1m 33s
Rendered 1787/4399, time remaining: 1m 33s
Rendered 1788/4399, time remaining: 1m 33s
Rendered 1789/4399, time remaining: 1m 34s
Rendered 1790/4399, time remaining: 1m 32s
Rendered 1791/4399, time remaining: 1m 31s
Rendered 1792/4399, time remaining: 1m 32s
Rendered 1793/4399, time remaining: 1m 32s
Rendered 1794/4399, time remaining: 1m 32s
Rendered 1795/4399, time remaining: 1m 31s
Rendered 1796/4399, time remaining: 1m 32s
Rendered 1797/4399, time remaining: 1m 34s
Rendered 1798/4399, time remaining: 1m 31s
Rendered 1799/4399, time remaining: 1m 32s
Rendered 1800/4399, time remaining: 1m 32s
Rendered 1801/4399, time remaining: 1m 32s
Rendered 1802/4399, time remaining: 1m 32s
Rendered 1803/4399, time remaining: 1m 33s
Rendered 1804/4399, time remaining: 1m 33s
Rendered 1805/4399, time remaining: 1m 33s
Rendered 1806/4399, time remaining: 1m 32s
Rendered 1807/4399, time remaining: 1m 32s
Rendered 1808/4399, time remaining: 1m 32s
Rendered 1809/4399, time remaining: 1m 32s
Rendered 1810/4399, time remaining: 1m 32s
Rendered 1811/4399, time remaining: 1m 31s
Rendered 1812/4399, time remaining: 1m 31s
Rendered 1813/4399, time remaining: 1m 31s
Rendered 1814/4399, time remaining: 1m 31s
Rendered 1815/4399, time remaining: 1m 32s
Rendered 1816/4399, time remaining: 1m 32s
Rendered 1817/4399, time remaining: 1m 31s
Rendered 1818/4399, time remaining: 1m 31s
Rendered 1819/4399, time remaining: 1m 30s
Rendered 1820/4399, time remaining: 1m 30s
Rendered 1821/4399, time remaining: 1m 33s
Rendered 1822/4399, time remaining: 1m 31s
Rendered 1823/4399, time remaining: 1m 31s
Rendered 1824/4399, time remaining: 1m 31s
Rendered 1825/4399, time remaining: 1m 32s
Rendered 1826/4399, time remaining: 1m 31s
Rendered 1827/4399, time remaining: 1m 31s
Rendered 1828/4399, time remaining: 1m 31s
Rendered 1829/4399, time remaining: 1m 31s
Rendered 1830/4399, time remaining: 1m 29s
Rendered 1831/4399, time remaining: 1m 29s
Rendered 1832/4399, time remaining: 1m 31s
Rendered 1833/4399, time remaining: 1m 31s
Rendered 1834/4399, time remaining: 1m 31s
Rendered 1835/4399, time remaining: 1m 31s
Rendered 1836/4399, time remaining: 1m 31s
Rendered 1837/4399, time remaining: 1m 30s
Rendered 1838/4399, time remaining: 1m 29s
Rendered 1839/4399, time remaining: 1m 30s
Rendered 1840/4399, time remaining: 1m 31s
Rendered 1841/4399, time remaining: 1m 30s
Rendered 1842/4399, time remaining: 1m 30s
Rendered 1843/4399, time remaining: 1m 30s
Rendered 1844/4399, time remaining: 1m 31s
Rendered 1845/4399, time remaining: 1m 30s
Rendered 1846/4399, time remaining: 1m 29s
Rendered 1847/4399, time remaining: 1m 30s
Rendered 1848/4399, time remaining: 1m 30s
Rendered 1849/4399, time remaining: 1m 30s
Rendered 1850/4399, time remaining: 1m 30s
Rendered 1851/4399, time remaining: 1m 30s
Rendered 1852/4399, time remaining: 1m 30s
Rendered 1853/4399, time remaining: 1m 31s
Rendered 1854/4399, time remaining: 1m 31s
Rendered 1855/4399, time remaining: 1m 29s
Rendered 1856/4399, time remaining: 1m 29s
Rendered 1857/4399, time remaining: 1m 29s
Rendered 1858/4399, time remaining: 1m 29s
Rendered 1859/4399, time remaining: 1m 29s
Rendered 1860/4399, time remaining: 1m 29s
Rendered 1861/4399, time remaining: 1m 30s
Rendered 1862/4399, time remaining: 1m 30s
Rendered 1863/4399, time remaining: 1m 30s
Rendered 1864/4399, time remaining: 1m 29s
Rendered 1865/4399, time remaining: 1m 30s
Rendered 1866/4399, time remaining: 1m 30s
Rendered 1867/4399, time remaining: 1m 30s
Rendered 1868/4399, time remaining: 1m 30s
Rendered 1869/4399, time remaining: 1m 29s
Rendered 1870/4399, time remaining: 1m 29s
Rendered 1871/4399, time remaining: 1m 28s
Rendered 1872/4399, time remaining: 1m 27s
Rendered 1873/4399, time remaining: 1m 29s
Rendered 1874/4399, time remaining: 1m 29s
Rendered 1875/4399, time remaining: 1m 29s
Rendered 1876/4399, time remaining: 1m 28s
Rendered 1877/4399, time remaining: 1m 29s
Rendered 1878/4399, time remaining: 1m 29s
Rendered 1879/4399, time remaining: 1m 28s
Rendered 1880/4399, time remaining: 1m 29s
Rendered 1881/4399, time remaining: 1m 30s
Rendered 1882/4399, time remaining: 1m 30s
Rendered 1883/4399, time remaining: 1m 29s
Rendered 1884/4399, time remaining: 1m 28s
Rendered 1885/4399, time remaining: 1m 30s
Rendered 1886/4399, time remaining: 1m 29s
Rendered 1887/4399, time remaining: 1m 28s
Rendered 1888/4399, time remaining: 1m 28s
Rendered 1889/4399, time remaining: 1m 28s
Rendered 1890/4399, time remaining: 1m 28s
Rendered 1891/4399, time remaining: 1m 28s
Rendered 1892/4399, time remaining: 1m 28s
Rendered 1893/4399, time remaining: 1m 27s
Rendered 1894/4399, time remaining: 1m 29s
Rendered 1895/4399, time remaining: 1m 29s
Rendered 1896/4399, time remaining: 1m 28s
Rendered 1897/4399, time remaining: 1m 27s
Rendered 1898/4399, time remaining: 1m 27s
Rendered 1899/4399, time remaining: 1m 27s
Rendered 1900/4399, time remaining: 1m 27s
Rendered 1901/4399, time remaining: 1m 29s
Rendered 1902/4399, time remaining: 1m 30s
Rendered 1903/4399, time remaining: 1m 28s
Rendered 1904/4399, time remaining: 1m 28s
Rendered 1905/4399, time remaining: 1m 29s
Rendered 1906/4399, time remaining: 1m 27s
Rendered 1907/4399, time remaining: 1m 27s
Rendered 1908/4399, time remaining: 1m 28s
Rendered 1909/4399, time remaining: 1m 29s
Rendered 1910/4399, time remaining: 1m 27s
Rendered 1911/4399, time remaining: 1m 26s
Rendered 1912/4399, time remaining: 1m 29s
Rendered 1913/4399, time remaining: 1m 29s
Rendered 1914/4399, time remaining: 1m 28s
Rendered 1915/4399, time remaining: 1m 28s
Rendered 1916/4399, time remaining: 1m 28s
Rendered 1917/4399, time remaining: 1m 29s
Rendered 1918/4399, time remaining: 1m 26s
Rendered 1919/4399, time remaining: 1m 26s
Rendered 1920/4399, time remaining: 1m 28s
Rendered 1921/4399, time remaining: 1m 27s
Rendered 1922/4399, time remaining: 1m 28s
Rendered 1923/4399, time remaining: 1m 28s
Rendered 1924/4399, time remaining: 1m 28s
Rendered 1925/4399, time remaining: 1m 26s
Rendered 1926/4399, time remaining: 1m 26s
Rendered 1927/4399, time remaining: 1m 27s
Rendered 1928/4399, time remaining: 1m 26s
Rendered 1929/4399, time remaining: 1m 26s
Rendered 1930/4399, time remaining: 1m 29s
Rendered 1931/4399, time remaining: 1m 27s
Rendered 1932/4399, time remaining: 1m 27s
Rendered 1933/4399, time remaining: 1m 27s
Rendered 1934/4399, time remaining: 1m 25s
Rendered 1935/4399, time remaining: 1m 25s
Rendered 1936/4399, time remaining: 1m 27s
Rendered 1937/4399, time remaining: 1m 27s
Rendered 1938/4399, time remaining: 1m 28s
Rendered 1939/4399, time remaining: 1m 27s
Rendered 1940/4399, time remaining: 1m 26s
Rendered 1941/4399, time remaining: 1m 28s
Rendered 1942/4399, time remaining: 1m 26s
Rendered 1943/4399, time remaining: 1m 26s
Rendered 1944/4399, time remaining: 1m 28s
Rendered 1945/4399, time remaining: 1m 28s
Rendered 1946/4399, time remaining: 1m 28s
Rendered 1947/4399, time remaining: 1m 26s
Rendered 1948/4399, time remaining: 1m 26s
Rendered 1949/4399, time remaining: 1m 26s
Rendered 1950/4399, time remaining: 1m 25s
Rendered 1951/4399, time remaining: 1m 26s
Rendered 1952/4399, time remaining: 1m 29s
Rendered 1953/4399, time remaining: 1m 28s
Rendered 1954/4399, time remaining: 1m 28s
Rendered 1955/4399, time remaining: 1m 26s
Rendered 1956/4399, time remaining: 1m 26s
Rendered 1957/4399, time remaining: 1m 26s
Rendered 1958/4399, time remaining: 1m 26s
Rendered 1959/4399, time remaining: 1m 26s
Rendered 1960/4399, time remaining: 1m 28s
Rendered 1961/4399, time remaining: 1m 28s
Rendered 1962/4399, time remaining: 1m 28s
Rendered 1963/4399, time remaining: 1m 27s
Rendered 1964/4399, time remaining: 1m 28s
Rendered 1965/4399, time remaining: 1m 27s
Rendered 1966/4399, time remaining: 1m 26s
Rendered 1967/4399, time remaining: 1m 28s
Rendered 1968/4399, time remaining: 1m 28s
Rendered 1969/4399, time remaining: 1m 28s
Rendered 1970/4399, time remaining: 1m 28s
Rendered 1971/4399, time remaining: 1m 25s
Rendered 1972/4399, time remaining: 1m 27s
Rendered 1973/4399, time remaining: 1m 27s
Rendered 1974/4399, time remaining: 1m 27s
Rendered 1975/4399, time remaining: 1m 27s
Rendered 1976/4399, time remaining: 1m 27s
Rendered 1977/4399, time remaining: 1m 27s
Rendered 1978/4399, time remaining: 1m 27s
Rendered 1979/4399, time remaining: 1m 27s
Rendered 1980/4399, time remaining: 1m 28s
Rendered 1981/4399, time remaining: 1m 28s
Rendered 1982/4399, time remaining: 1m 26s
Rendered 1983/4399, time remaining: 1m 26s
Rendered 1984/4399, time remaining: 1m 26s
Rendered 1985/4399, time remaining: 1m 26s
Rendered 1986/4399, time remaining: 1m 27s
Rendered 1987/4399, time remaining: 1m 27s
Rendered 1988/4399, time remaining: 1m 27s
Rendered 1989/4399, time remaining: 1m 26s
Rendered 1990/4399, time remaining: 1m 25s
Rendered 1991/4399, time remaining: 1m 25s
Rendered 1992/4399, time remaining: 1m 26s
Rendered 1993/4399, time remaining: 1m 26s
Rendered 1994/4399, time remaining: 1m 27s
Rendered 1995/4399, time remaining: 1m 28s
Rendered 1996/4399, time remaining: 1m 27s
Rendered 1997/4399, time remaining: 1m 26s
Rendered 1998/4399, time remaining: 1m 26s
Rendered 1999/4399, time remaining: 1m 26s
Rendered 2000/4399, time remaining: 1m 26s
Rendered 2001/4399, time remaining: 1m 26s
Rendered 2002/4399, time remaining: 1m 27s
Rendered 2003/4399, time remaining: 1m 26s
Rendered 2004/4399, time remaining: 1m 27s
Rendered 2005/4399, time remaining: 1m 27s
Rendered 2006/4399, time remaining: 1m 27s
Rendered 2007/4399, time remaining: 1m 27s
Rendered 2008/4399, time remaining: 1m 26s
Rendered 2009/4399, time remaining: 1m 26s
Rendered 2010/4399, time remaining: 1m 26s
Rendered 2011/4399, time remaining: 1m 24s
Rendered 2012/4399, time remaining: 1m 27s
Rendered 2013/4399, time remaining: 1m 27s
Rendered 2014/4399, time remaining: 1m 27s
Rendered 2015/4399, time remaining: 1m 25s
Rendered 2016/4399, time remaining: 1m 25s
Rendered 2017/4399, time remaining: 1m 25s
Rendered 2018/4399, time remaining: 1m 25s
Rendered 2019/4399, time remaining: 1m 25s
Rendered 2020/4399, time remaining: 1m 28s
Rendered 2021/4399, time remaining: 1m 28s
Rendered 2022/4399, time remaining: 1m 28s
Rendered 2023/4399, time remaining: 1m 25s
Rendered 2024/4399, time remaining: 1m 26s
Rendered 2025/4399, time remaining: 1m 26s
Rendered 2026/4399, time remaining: 1m 26s
Rendered 2027/4399, time remaining: 1m 24s
Rendered 2028/4399, time remaining: 1m 27s
Rendered 2029/4399, time remaining: 1m 27s
Rendered 2030/4399, time remaining: 1m 28s
Rendered 2031/4399, time remaining: 1m 26s
Rendered 2032/4399, time remaining: 1m 26s
Rendered 2033/4399, time remaining: 1m 25s
Rendered 2034/4399, time remaining: 1m 25s
Rendered 2035/4399, time remaining: 1m 24s
Rendered 2036/4399, time remaining: 1m 25s
Rendered 2037/4399, time remaining: 1m 25s
Rendered 2038/4399, time remaining: 1m 27s
Rendered 2039/4399, time remaining: 1m 27s
Rendered 2040/4399, time remaining: 1m 26s
Rendered 2041/4399, time remaining: 1m 27s
Rendered 2042/4399, time remaining: 1m 27s
Rendered 2043/4399, time remaining: 1m 26s
Rendered 2044/4399, time remaining: 1m 24s
Rendered 2045/4399, time remaining: 1m 24s
Rendered 2046/4399, time remaining: 1m 27s
Rendered 2047/4399, time remaining: 1m 27s
Rendered 2048/4399, time remaining: 1m 26s
Rendered 2049/4399, time remaining: 1m 26s
Rendered 2050/4399, time remaining: 1m 26s
Rendered 2051/4399, time remaining: 1m 24s
Rendered 2052/4399, time remaining: 1m 23s
Rendered 2053/4399, time remaining: 1m 24s
Rendered 2054/4399, time remaining: 1m 24s
Rendered 2055/4399, time remaining: 1m 23s
Rendered 2056/4399, time remaining: 1m 23s
Rendered 2057/4399, time remaining: 1m 23s
Rendered 2058/4399, time remaining: 1m 22s
Rendered 2059/4399, time remaining: 1m 21s
Rendered 2060/4399, time remaining: 1m 21s
Rendered 2061/4399, time remaining: 1m 21s
Rendered 2062/4399, time remaining: 1m 19s
Rendered 2063/4399, time remaining: 1m 19s
Rendered 2064/4399, time remaining: 1m 19s
Rendered 2065/4399, time remaining: 1m 19s
Rendered 2066/4399, time remaining: 1m 20s
Rendered 2067/4399, time remaining: 1m 19s
Rendered 2068/4399, time remaining: 1m 19s
Rendered 2069/4399, time remaining: 1m 19s
Rendered 2070/4399, time remaining: 1m 19s
Rendered 2071/4399, time remaining: 1m 19s
Rendered 2072/4399, time remaining: 1m 19s
Rendered 2073/4399, time remaining: 1m 19s
Rendered 2074/4399, time remaining: 1m 18s
Rendered 2075/4399, time remaining: 1m 19s
Rendered 2076/4399, time remaining: 1m 19s
Rendered 2077/4399, time remaining: 1m 18s
Rendered 2078/4399, time remaining: 1m 19s
Rendered 2079/4399, time remaining: 1m 19s
Rendered 2080/4399, time remaining: 1m 18s
Rendered 2081/4399, time remaining: 1m 18s
Rendered 2082/4399, time remaining: 1m 17s
Rendered 2083/4399, time remaining: 1m 19s
Rendered 2084/4399, time remaining: 1m 19s
Rendered 2085/4399, time remaining: 1m 19s
Rendered 2086/4399, time remaining: 1m 17s
Rendered 2087/4399, time remaining: 1m 17s
Rendered 2088/4399, time remaining: 1m 17s
Rendered 2089/4399, time remaining: 1m 17s
Rendered 2090/4399, time remaining: 1m 18s
Rendered 2091/4399, time remaining: 1m 17s
Rendered 2092/4399, time remaining: 1m 17s
Rendered 2093/4399, time remaining: 1m 19s
Rendered 2094/4399, time remaining: 1m 17s
Rendered 2095/4399, time remaining: 1m 18s
Rendered 2096/4399, time remaining: 1m 16s
Rendered 2097/4399, time remaining: 1m 16s
Rendered 2098/4399, time remaining: 1m 16s
Rendered 2099/4399, time remaining: 1m 16s
Rendered 2100/4399, time remaining: 1m 18s
Rendered 2101/4399, time remaining: 1m 18s
Rendered 2102/4399, time remaining: 1m 15s
Rendered 2103/4399, time remaining: 1m 15s
Rendered 2104/4399, time remaining: 1m 15s
Rendered 2105/4399, time remaining: 1m 17s
Rendered 2106/4399, time remaining: 1m 17s
Rendered 2107/4399, time remaining: 1m 17s
Rendered 2108/4399, time remaining: 1m 16s
Rendered 2109/4399, time remaining: 1m 16s
Rendered 2110/4399, time remaining: 1m 15s
Rendered 2111/4399, time remaining: 1m 15s
Rendered 2112/4399, time remaining: 1m 15s
Rendered 2113/4399, time remaining: 1m 14s
Rendered 2114/4399, time remaining: 1m 14s
Rendered 2115/4399, time remaining: 1m 14s
Rendered 2116/4399, time remaining: 1m 16s
Rendered 2117/4399, time remaining: 1m 15s
Rendered 2118/4399, time remaining: 1m 15s
Rendered 2119/4399, time remaining: 1m 14s
Rendered 2120/4399, time remaining: 1m 14s
Rendered 2121/4399, time remaining: 1m 14s
Rendered 2122/4399, time remaining: 1m 14s
Rendered 2123/4399, time remaining: 1m 14s
Rendered 2124/4399, time remaining: 1m 14s
Rendered 2125/4399, time remaining: 1m 15s
Rendered 2126/4399, time remaining: 1m 14s
Rendered 2127/4399, time remaining: 1m 14s
Rendered 2128/4399, time remaining: 1m 15s
Rendered 2129/4399, time remaining: 1m 13s
Rendered 2130/4399, time remaining: 1m 14s
Rendered 2131/4399, time remaining: 1m 13s
Rendered 2132/4399, time remaining: 1m 14s
Rendered 2133/4399, time remaining: 1m 14s
Rendered 2134/4399, time remaining: 1m 14s
Rendered 2135/4399, time remaining: 1m 15s
Rendered 2136/4399, time remaining: 1m 14s
Rendered 2137/4399, time remaining: 1m 13s
Rendered 2138/4399, time remaining: 1m 13s
Rendered 2139/4399, time remaining: 1m 14s
Rendered 2140/4399, time remaining: 1m 15s
Rendered 2141/4399, time remaining: 1m 15s
Rendered 2142/4399, time remaining: 1m 14s
Rendered 2143/4399, time remaining: 1m 15s
Rendered 2144/4399, time remaining: 1m 13s
Rendered 2145/4399, time remaining: 1m 12s
Rendered 2146/4399, time remaining: 1m 12s
Rendered 2147/4399, time remaining: 1m 12s
Rendered 2148/4399, time remaining: 1m 12s
Rendered 2149/4399, time remaining: 1m 14s
Rendered 2150/4399, time remaining: 1m 14s
Rendered 2151/4399, time remaining: 1m 14s
Rendered 2152/4399, time remaining: 1m 13s
Rendered 2153/4399, time remaining: 1m 13s
Rendered 2154/4399, time remaining: 1m 12s
Rendered 2155/4399, time remaining: 1m 11s
Rendered 2156/4399, time remaining: 1m 13s
Rendered 2157/4399, time remaining: 1m 13s
Rendered 2158/4399, time remaining: 1m 13s
Rendered 2159/4399, time remaining: 1m 14s
Rendered 2160/4399, time remaining: 1m 14s
Rendered 2161/4399, time remaining: 1m 13s
Rendered 2162/4399, time remaining: 1m 12s
Rendered 2163/4399, time remaining: 1m 11s
Rendered 2164/4399, time remaining: 1m 12s
Rendered 2165/4399, time remaining: 1m 12s
Rendered 2166/4399, time remaining: 1m 12s
Rendered 2167/4399, time remaining: 1m 13s
Rendered 2168/4399, time remaining: 1m 13s
Rendered 2169/4399, time remaining: 1m 14s
Rendered 2170/4399, time remaining: 1m 11s
Rendered 2171/4399, time remaining: 1m 11s
Rendered 2172/4399, time remaining: 1m 12s
Rendered 2173/4399, time remaining: 1m 12s
Rendered 2174/4399, time remaining: 1m 11s
Rendered 2175/4399, time remaining: 1m 12s
Rendered 2176/4399, time remaining: 1m 12s
Rendered 2177/4399, time remaining: 1m 13s
Rendered 2178/4399, time remaining: 1m 11s
Rendered 2179/4399, time remaining: 1m 12s
Rendered 2180/4399, time remaining: 1m 10s
Rendered 2181/4399, time remaining: 1m 10s
Rendered 2182/4399, time remaining: 1m 11s
Rendered 2183/4399, time remaining: 1m 11s
Rendered 2184/4399, time remaining: 1m 12s
Rendered 2185/4399, time remaining: 1m 12s
Rendered 2186/4399, time remaining: 1m 10s
Rendered 2187/4399, time remaining: 1m 12s
Rendered 2188/4399, time remaining: 1m 10s
Rendered 2189/4399, time remaining: 1m 11s
Rendered 2190/4399, time remaining: 1m 11s
Rendered 2191/4399, time remaining: 1m 10s
Rendered 2192/4399, time remaining: 1m 10s
Rendered 2193/4399, time remaining: 1m 11s
Rendered 2194/4399, time remaining: 1m 11s
Rendered 2195/4399, time remaining: 1m 11s
Rendered 2196/4399, time remaining: 1m 9s
Rendered 2197/4399, time remaining: 1m 9s
Rendered 2198/4399, time remaining: 1m 9s
Rendered 2199/4399, time remaining: 1m 10s
Rendered 2200/4399, time remaining: 1m 10s
Rendered 2201/4399, time remaining: 1m 12s
Rendered 2202/4399, time remaining: 1m 11s
Rendered 2203/4399, time remaining: 1m 12s
Rendered 2204/4399, time remaining: 1m 12s
Rendered 2205/4399, time remaining: 1m 12s
Rendered 2206/4399, time remaining: 1m 13s
Rendered 2207/4399, time remaining: 1m 13s
Rendered 2208/4399, time remaining: 1m 14s
Rendered 2209/4399, time remaining: 1m 14s
Rendered 2210/4399, time remaining: 1m 15s
Rendered 2211/4399, time remaining: 1m 14s
Rendered 2212/4399, time remaining: 1m 15s
Rendered 2213/4399, time remaining: 1m 15s
Rendered 2214/4399, time remaining: 1m 15s
Rendered 2215/4399, time remaining: 1m 15s
Rendered 2216/4399, time remaining: 1m 15s
Rendered 2217/4399, time remaining: 1m 14s
Rendered 2218/4399, time remaining: 1m 15s
Rendered 2219/4399, time remaining: 1m 15s
Rendered 2220/4399, time remaining: 1m 14s
Rendered 2221/4399, time remaining: 1m 15s
Rendered 2222/4399, time remaining: 1m 15s
Rendered 2223/4399, time remaining: 1m 15s
Rendered 2224/4399, time remaining: 1m 15s
Rendered 2225/4399, time remaining: 1m 15s
Rendered 2226/4399, time remaining: 1m 15s
Rendered 2227/4399, time remaining: 1m 15s
Rendered 2228/4399, time remaining: 1m 15s
Rendered 2229/4399, time remaining: 1m 15s
Rendered 2230/4399, time remaining: 1m 14s
Rendered 2231/4399, time remaining: 1m 14s
Rendered 2232/4399, time remaining: 1m 14s
Rendered 2233/4399, time remaining: 1m 15s
Rendered 2234/4399, time remaining: 1m 14s
Rendered 2235/4399, time remaining: 1m 14s
Rendered 2236/4399, time remaining: 1m 15s
Rendered 2237/4399, time remaining: 1m 15s
Rendered 2238/4399, time remaining: 1m 14s
Rendered 2239/4399, time remaining: 1m 14s
Rendered 2240/4399, time remaining: 1m 13s
Rendered 2241/4399, time remaining: 1m 14s
Rendered 2242/4399, time remaining: 1m 15s
Rendered 2243/4399, time remaining: 1m 13s
Rendered 2244/4399, time remaining: 1m 13s
Rendered 2245/4399, time remaining: 1m 13s
Rendered 2246/4399, time remaining: 1m 14s
Rendered 2247/4399, time remaining: 1m 14s
Rendered 2248/4399, time remaining: 1m 15s
Rendered 2249/4399, time remaining: 1m 15s
Rendered 2250/4399, time remaining: 1m 13s
Rendered 2251/4399, time remaining: 1m 13s
Rendered 2252/4399, time remaining: 1m 13s
Rendered 2253/4399, time remaining: 1m 15s
Rendered 2254/4399, time remaining: 1m 15s
Rendered 2255/4399, time remaining: 1m 13s
Rendered 2256/4399, time remaining: 1m 13s
Rendered 2257/4399, time remaining: 1m 14s
Rendered 2258/4399, time remaining: 1m 14s
Rendered 2259/4399, time remaining: 1m 13s
Rendered 2260/4399, time remaining: 1m 13s
Rendered 2261/4399, time remaining: 1m 14s
Rendered 2262/4399, time remaining: 1m 14s
Rendered 2263/4399, time remaining: 1m 15s
Rendered 2264/4399, time remaining: 1m 14s
Rendered 2265/4399, time remaining: 1m 14s
Rendered 2266/4399, time remaining: 1m 12s
Rendered 2267/4399, time remaining: 1m 12s
Rendered 2268/4399, time remaining: 1m 14s
Rendered 2269/4399, time remaining: 1m 14s
Rendered 2270/4399, time remaining: 1m 14s
Rendered 2271/4399, time remaining: 1m 14s
Rendered 2272/4399, time remaining: 1m 13s
Rendered 2273/4399, time remaining: 1m 13s
Rendered 2274/4399, time remaining: 1m 14s
Rendered 2275/4399, time remaining: 1m 13s
Rendered 2276/4399, time remaining: 1m 13s
Rendered 2277/4399, time remaining: 1m 13s
Rendered 2278/4399, time remaining: 1m 13s
Rendered 2279/4399, time remaining: 1m 13s
Rendered 2280/4399, time remaining: 1m 12s
Rendered 2281/4399, time remaining: 1m 12s
Rendered 2282/4399, time remaining: 1m 13s
Rendered 2283/4399, time remaining: 1m 13s
Rendered 2284/4399, time remaining: 1m 13s
Rendered 2285/4399, time remaining: 1m 13s
Rendered 2286/4399, time remaining: 1m 13s
Rendered 2287/4399, time remaining: 1m 13s
Rendered 2288/4399, time remaining: 1m 13s
Rendered 2289/4399, time remaining: 1m 11s
Rendered 2290/4399, time remaining: 1m 12s
Rendered 2291/4399, time remaining: 1m 12s
Rendered 2292/4399, time remaining: 1m 12s
Rendered 2293/4399, time remaining: 1m 12s
Rendered 2294/4399, time remaining: 1m 12s
Rendered 2295/4399, time remaining: 1m 12s
Rendered 2296/4399, time remaining: 1m 12s
Rendered 2297/4399, time remaining: 1m 13s
Rendered 2298/4399, time remaining: 1m 14s
Rendered 2299/4399, time remaining: 1m 11s
Rendered 2300/4399, time remaining: 1m 11s
Rendered 2301/4399, time remaining: 1m 12s
Rendered 2302/4399, time remaining: 1m 11s
Rendered 2303/4399, time remaining: 1m 11s
Rendered 2304/4399, time remaining: 1m 13s
Rendered 2305/4399, time remaining: 1m 14s
Rendered 2306/4399, time remaining: 1m 12s
Rendered 2307/4399, time remaining: 1m 11s
Rendered 2308/4399, time remaining: 1m 12s
Rendered 2309/4399, time remaining: 1m 12s
Rendered 2310/4399, time remaining: 1m 12s
Rendered 2311/4399, time remaining: 1m 12s
Rendered 2312/4399, time remaining: 1m 12s
Rendered 2313/4399, time remaining: 1m 12s
Rendered 2314/4399, time remaining: 1m 12s
Rendered 2315/4399, time remaining: 1m 11s
Rendered 2316/4399, time remaining: 1m 11s
Rendered 2317/4399, time remaining: 1m 11s
Rendered 2318/4399, time remaining: 1m 11s
Rendered 2319/4399, time remaining: 1m 11s
Rendered 2320/4399, time remaining: 1m 12s
Rendered 2321/4399, time remaining: 1m 12s
Rendered 2322/4399, time remaining: 1m 11s
Rendered 2323/4399, time remaining: 1m 11s
Rendered 2324/4399, time remaining: 1m 11s
Rendered 2325/4399, time remaining: 1m 10s
Rendered 2326/4399, time remaining: 1m 12s
Rendered 2327/4399, time remaining: 1m 11s
Rendered 2328/4399, time remaining: 1m 11s
Rendered 2329/4399, time remaining: 1m 11s
Rendered 2330/4399, time remaining: 1m 12s
Rendered 2331/4399, time remaining: 1m 12s
Rendered 2332/4399, time remaining: 1m 11s
Rendered 2333/4399, time remaining: 1m 11s
Rendered 2334/4399, time remaining: 1m 11s
Rendered 2335/4399, time remaining: 1m 11s
Rendered 2336/4399, time remaining: 1m 11s
Rendered 2337/4399, time remaining: 1m 10s
Rendered 2338/4399, time remaining: 1m 11s
Rendered 2339/4399, time remaining: 1m 9s
Rendered 2340/4399, time remaining: 1m 10s
Rendered 2341/4399, time remaining: 1m 11s
Rendered 2342/4399, time remaining: 1m 11s
Rendered 2343/4399, time remaining: 1m 11s
Rendered 2344/4399, time remaining: 1m 11s
Rendered 2345/4399, time remaining: 1m 10s
Rendered 2346/4399, time remaining: 1m 11s
Rendered 2347/4399, time remaining: 1m 11s
Rendered 2348/4399, time remaining: 1m 12s
Rendered 2349/4399, time remaining: 1m 10s
Rendered 2350/4399, time remaining: 1m 10s
Rendered 2351/4399, time remaining: 1m 11s
Rendered 2352/4399, time remaining: 1m 11s
Rendered 2353/4399, time remaining: 1m 11s
Rendered 2354/4399, time remaining: 1m 11s
Rendered 2355/4399, time remaining: 1m 11s
Rendered 2356/4399, time remaining: 1m 10s
Rendered 2357/4399, time remaining: 1m 9s
Rendered 2358/4399, time remaining: 1m 10s
Rendered 2359/4399, time remaining: 1m 10s
Rendered 2360/4399, time remaining: 1m 9s
Rendered 2361/4399, time remaining: 1m 10s
Rendered 2362/4399, time remaining: 1m 10s
Rendered 2363/4399, time remaining: 1m 11s
Rendered 2364/4399, time remaining: 1m 10s
Rendered 2365/4399, time remaining: 1m 10s
Rendered 2366/4399, time remaining: 1m 11s
Rendered 2367/4399, time remaining: 1m 11s
Rendered 2368/4399, time remaining: 1m 10s
Rendered 2369/4399, time remaining: 1m 10s
Rendered 2370/4399, time remaining: 1m 10s
Rendered 2371/4399, time remaining: 1m 10s
Rendered 2372/4399, time remaining: 1m 8s
Rendered 2373/4399, time remaining: 1m 8s
Rendered 2374/4399, time remaining: 1m 10s
Rendered 2375/4399, time remaining: 1m 10s
Rendered 2376/4399, time remaining: 1m 10s
Rendered 2377/4399, time remaining: 1m 9s
Rendered 2378/4399, time remaining: 1m 9s
Rendered 2379/4399, time remaining: 1m 8s
Rendered 2380/4399, time remaining: 1m 9s
Rendered 2381/4399, time remaining: 1m 8s
Rendered 2382/4399, time remaining: 1m 10s
Rendered 2383/4399, time remaining: 1m 10s
Rendered 2384/4399, time remaining: 1m 10s
Rendered 2385/4399, time remaining: 1m 10s
Rendered 2386/4399, time remaining: 1m 9s
Rendered 2387/4399, time remaining: 1m 9s
Rendered 2388/4399, time remaining: 1m 9s
Rendered 2389/4399, time remaining: 1m 9s
Rendered 2390/4399, time remaining: 1m 10s
Rendered 2391/4399, time remaining: 1m 9s
Rendered 2392/4399, time remaining: 1m 9s
Rendered 2393/4399, time remaining: 1m 9s
Rendered 2394/4399, time remaining: 1m 9s
Rendered 2395/4399, time remaining: 1m 8s
Rendered 2396/4399, time remaining: 1m 10s
Rendered 2397/4399, time remaining: 1m 10s
Rendered 2398/4399, time remaining: 1m 9s
Rendered 2399/4399, time remaining: 1m 10s
Rendered 2400/4399, time remaining: 1m 10s
Rendered 2401/4399, time remaining: 1m 9s
Rendered 2402/4399, time remaining: 1m 9s
Rendered 2403/4399, time remaining: 1m 8s
Rendered 2404/4399, time remaining: 1m 8s
Rendered 2405/4399, time remaining: 1m 8s
Rendered 2406/4399, time remaining: 1m 9s
Rendered 2407/4399, time remaining: 1m 9s
Rendered 2408/4399, time remaining: 1m 9s
Rendered 2409/4399, time remaining: 1m 10s
Rendered 2410/4399, time remaining: 1m 9s
Rendered 2411/4399, time remaining: 1m 8s
Rendered 2412/4399, time remaining: 1m 8s
Rendered 2413/4399, time remaining: 1m 8s
Rendered 2414/4399, time remaining: 1m 8s
Rendered 2415/4399, time remaining: 1m 8s
Rendered 2416/4399, time remaining: 1m 9s
Rendered 2417/4399, time remaining: 1m 9s
Rendered 2418/4399, time remaining: 1m 8s
Rendered 2419/4399, time remaining: 1m 8s
Rendered 2420/4399, time remaining: 1m 8s
Rendered 2421/4399, time remaining: 1m 8s
Rendered 2422/4399, time remaining: 1m 8s
Rendered 2423/4399, time remaining: 1m 9s
Rendered 2424/4399, time remaining: 1m 8s
Rendered 2425/4399, time remaining: 1m 8s
Rendered 2426/4399, time remaining: 1m 8s
Rendered 2427/4399, time remaining: 1m 8s
Rendered 2428/4399, time remaining: 1m 8s
Rendered 2429/4399, time remaining: 1m 8s
Rendered 2430/4399, time remaining: 1m 8s
Rendered 2431/4399, time remaining: 1m 10s
Rendered 2432/4399, time remaining: 1m 8s
Rendered 2433/4399, time remaining: 1m 8s
Rendered 2434/4399, time remaining: 1m 8s
Rendered 2435/4399, time remaining: 1m 7s
Rendered 2436/4399, time remaining: 1m 6s
Rendered 2437/4399, time remaining: 1m 7s
Rendered 2438/4399, time remaining: 1m 7s
Rendered 2439/4399, time remaining: 1m 9s
Rendered 2440/4399, time remaining: 1m 8s
Rendered 2441/4399, time remaining: 1m 8s
Rendered 2442/4399, time remaining: 1m 8s
Rendered 2443/4399, time remaining: 1m 7s
Rendered 2444/4399, time remaining: 1m 8s
Rendered 2445/4399, time remaining: 1m 8s
Rendered 2446/4399, time remaining: 1m 9s
Rendered 2447/4399, time remaining: 1m 8s
Rendered 2448/4399, time remaining: 1m 7s
Rendered 2449/4399, time remaining: 1m 8s
Rendered 2450/4399, time remaining: 1m 8s
Rendered 2451/4399, time remaining: 1m 7s
Rendered 2452/4399, time remaining: 1m 8s
Rendered 2453/4399, time remaining: 1m 8s
Rendered 2454/4399, time remaining: 1m 7s
Rendered 2455/4399, time remaining: 1m 6s
Rendered 2456/4399, time remaining: 1m 6s
Rendered 2457/4399, time remaining: 1m 7s
Rendered 2458/4399, time remaining: 1m 7s
Rendered 2459/4399, time remaining: 1m 8s
Rendered 2460/4399, time remaining: 1m 8s
Rendered 2461/4399, time remaining: 1m 8s
Rendered 2462/4399, time remaining: 1m 7s
Rendered 2463/4399, time remaining: 1m 6s
Rendered 2464/4399, time remaining: 1m 6s
Rendered 2465/4399, time remaining: 1m 6s
Rendered 2466/4399, time remaining: 1m 6s
Rendered 2467/4399, time remaining: 1m 8s
Rendered 2468/4399, time remaining: 1m 8s
Rendered 2469/4399, time remaining: 1m 7s
Rendered 2470/4399, time remaining: 1m 6s
Rendered 2471/4399, time remaining: 1m 7s
Rendered 2472/4399, time remaining: 1m 7s
Rendered 2473/4399, time remaining: 1m 7s
Rendered 2474/4399, time remaining: 1m 6s
Rendered 2475/4399, time remaining: 1m 8s
Rendered 2476/4399, time remaining: 1m 7s
Rendered 2477/4399, time remaining: 1m 7s
Rendered 2478/4399, time remaining: 1m 6s
Rendered 2479/4399, time remaining: 1m 7s
Rendered 2480/4399, time remaining: 1m 6s
Rendered 2481/4399, time remaining: 1m 6s
Rendered 2482/4399, time remaining: 1m 7s
Rendered 2483/4399, time remaining: 1m 7s
Rendered 2484/4399, time remaining: 1m 6s
Rendered 2485/4399, time remaining: 1m 6s
Rendered 2486/4399, time remaining: 1m 6s
Rendered 2487/4399, time remaining: 1m 6s
Rendered 2488/4399, time remaining: 1m 6s
Rendered 2489/4399, time remaining: 1m 6s
Rendered 2490/4399, time remaining: 1m 7s
Rendered 2491/4399, time remaining: 1m 6s
Rendered 2492/4399, time remaining: 1m 7s
Rendered 2493/4399, time remaining: 1m 6s
Rendered 2494/4399, time remaining: 1m 6s
Rendered 2495/4399, time remaining: 1m 6s
Rendered 2496/4399, time remaining: 1m 5s
Rendered 2497/4399, time remaining: 1m 6s
Rendered 2498/4399, time remaining: 1m 5s
Rendered 2499/4399, time remaining: 1m 7s
Rendered 2500/4399, time remaining: 1m 7s
Rendered 2501/4399, time remaining: 1m 6s
Rendered 2502/4399, time remaining: 1m 5s
Rendered 2503/4399, time remaining: 1m 5s
Rendered 2504/4399, time remaining: 1m 5s
Rendered 2505/4399, time remaining: 1m 5s
Rendered 2506/4399, time remaining: 1m 5s
Rendered 2507/4399, time remaining: 1m 6s
Rendered 2508/4399, time remaining: 1m 6s
Rendered 2509/4399, time remaining: 1m 6s
Rendered 2510/4399, time remaining: 1m 6s
Rendered 2511/4399, time remaining: 1m 6s
Rendered 2512/4399, time remaining: 1m 5s
Rendered 2513/4399, time remaining: 1m 4s
Rendered 2514/4399, time remaining: 1m 5s
Rendered 2515/4399, time remaining: 1m 6s
Rendered 2516/4399, time remaining: 1m 4s
Rendered 2517/4399, time remaining: 1m 5s
Rendered 2518/4399, time remaining: 1m 5s
Rendered 2519/4399, time remaining: 1m 5s
Rendered 2520/4399, time remaining: 1m 5s
Rendered 2521/4399, time remaining: 1m 5s
Rendered 2522/4399, time remaining: 1m 5s
Rendered 2523/4399, time remaining: 1m 7s
Rendered 2524/4399, time remaining: 1m 5s
Rendered 2525/4399, time remaining: 1m 4s
Rendered 2526/4399, time remaining: 1m 4s
Rendered 2527/4399, time remaining: 1m 6s
Rendered 2528/4399, time remaining: 1m 6s
Rendered 2529/4399, time remaining: 1m 5s
Rendered 2530/4399, time remaining: 1m 5s
Rendered 2531/4399, time remaining: 1m 6s
Rendered 2532/4399, time remaining: 1m 5s
Rendered 2533/4399, time remaining: 1m 5s
Rendered 2534/4399, time remaining: 1m 5s
Rendered 2535/4399, time remaining: 1m 4s
Rendered 2536/4399, time remaining: 1m 4s
Rendered 2537/4399, time remaining: 1m 5s
Rendered 2538/4399, time remaining: 1m 5s
Rendered 2539/4399, time remaining: 1m 5s
Rendered 2540/4399, time remaining: 1m 4s
Rendered 2541/4399, time remaining: 1m 4s
Rendered 2542/4399, time remaining: 1m 4s
Rendered 2543/4399, time remaining: 1m 4s
Rendered 2544/4399, time remaining: 1m 5s
Rendered 2545/4399, time remaining: 1m 6s
Rendered 2546/4399, time remaining: 1m 4s
Rendered 2547/4399, time remaining: 1m 4s
Rendered 2548/4399, time remaining: 1m 4s
Rendered 2549/4399, time remaining: 1m 3s
Rendered 2550/4399, time remaining: 1m 2s
Rendered 2551/4399, time remaining: 1m 3s
Rendered 2552/4399, time remaining: 1m 4s
Rendered 2553/4399, time remaining: 1m 4s
Rendered 2554/4399, time remaining: 1m 4s
Rendered 2555/4399, time remaining: 1m 4s
Rendered 2556/4399, time remaining: 1m 4s
Rendered 2557/4399, time remaining: 1m 3s
Rendered 2558/4399, time remaining: 1m 3s
Rendered 2559/4399, time remaining: 1m 2s
Rendered 2560/4399, time remaining: 1m 2s
Rendered 2561/4399, time remaining: 1m 5s
Rendered 2562/4399, time remaining: 1m 4s
Rendered 2563/4399, time remaining: 1m 4s
Rendered 2564/4399, time remaining: 1m 4s
Rendered 2565/4399, time remaining: 1m 4s
Rendered 2566/4399, time remaining: 1m 4s
Rendered 2567/4399, time remaining: 1m 2s
Rendered 2568/4399, time remaining: 1m 3s
Rendered 2569/4399, time remaining: 1m 3s
Rendered 2570/4399, time remaining: 1m 3s
Rendered 2571/4399, time remaining: 1m 4s
Rendered 2572/4399, time remaining: 1m 4s
Rendered 2573/4399, time remaining: 1m 3s
Rendered 2574/4399, time remaining: 1m 3s
Rendered 2575/4399, time remaining: 1m 3s
Rendered 2576/4399, time remaining: 1m 3s
Rendered 2577/4399, time remaining: 1m 4s
Rendered 2578/4399, time remaining: 1m 3s
Rendered 2579/4399, time remaining: 1m 4s
Rendered 2580/4399, time remaining: 1m 4s
Rendered 2581/4399, time remaining: 1m 3s
Rendered 2582/4399, time remaining: 1m 3s
Rendered 2583/4399, time remaining: 1m 3s
Rendered 2584/4399, time remaining: 1m 3s
Rendered 2585/4399, time remaining: 1m 3s
Rendered 2586/4399, time remaining: 1m 3s
Rendered 2587/4399, time remaining: 1m 3s
Rendered 2588/4399, time remaining: 1m 3s
Rendered 2589/4399, time remaining: 1m 3s
Rendered 2590/4399, time remaining: 1m 3s
Rendered 2591/4399, time remaining: 1m 3s
Rendered 2592/4399, time remaining: 1m 3s
Rendered 2593/4399, time remaining: 1m 3s
Rendered 2594/4399, time remaining: 1m 3s
Rendered 2595/4399, time remaining: 1m 3s
Rendered 2596/4399, time remaining: 1m 1s
Rendered 2597/4399, time remaining: 1m 2s
Rendered 2598/4399, time remaining: 1m 2s
Rendered 2599/4399, time remaining: 1m 2s
Rendered 2600/4399, time remaining: 1m 3s
Rendered 2601/4399, time remaining: 1m 2s
Rendered 2602/4399, time remaining: 1m 1s
Rendered 2603/4399, time remaining: 1m 1s
Rendered 2604/4399, time remaining: 1m 2s
Rendered 2605/4399, time remaining: 1m 3s
Rendered 2606/4399, time remaining: 1m 3s
Rendered 2607/4399, time remaining: 1m 2s
Rendered 2608/4399, time remaining: 1m 3s
Rendered 2609/4399, time remaining: 1m 1s
Rendered 2610/4399, time remaining: 1m 1s
Rendered 2611/4399, time remaining: 1m 2s
Rendered 2612/4399, time remaining: 1m 2s
Rendered 2613/4399, time remaining: 1m 2s
Rendered 2614/4399, time remaining: 1m 2s
Rendered 2615/4399, time remaining: 1m 3s
Rendered 2616/4399, time remaining: 1m 2s
Rendered 2617/4399, time remaining: 1m 0s
Rendered 2618/4399, time remaining: 1m 1s
Rendered 2619/4399, time remaining: 1m 2s
Rendered 2620/4399, time remaining: 1m 2s
Rendered 2621/4399, time remaining: 1m 1s
Rendered 2622/4399, time remaining: 1m 1s
Rendered 2623/4399, time remaining: 1m 2s
Rendered 2624/4399, time remaining: 1m 2s
Rendered 2625/4399, time remaining: 1m 0s
Rendered 2626/4399, time remaining: 1m 1s
Rendered 2627/4399, time remaining: 1m 1s
Rendered 2628/4399, time remaining: 1m 1s
Rendered 2629/4399, time remaining: 1m 1s
Rendered 2630/4399, time remaining: 1m 1s
Rendered 2631/4399, time remaining: 1m 2s
Rendered 2632/4399, time remaining: 1m 0s
Rendered 2633/4399, time remaining: 1m 1s
Rendered 2634/4399, time remaining: 1m 1s
Rendered 2635/4399, time remaining: 1m 1s
Rendered 2636/4399, time remaining: 1m 1s
Rendered 2637/4399, time remaining: 1m 1s
Rendered 2638/4399, time remaining: 1m 1s
Rendered 2639/4399, time remaining: 1m 1s
Rendered 2640/4399, time remaining: 1m 0s
Rendered 2641/4399, time remaining: 1m 1s
Rendered 2642/4399, time remaining: 1m 1s
Rendered 2643/4399, time remaining: 1m 1s
Rendered 2644/4399, time remaining: 1m 1s
Rendered 2645/4399, time remaining: 1m 1s
Rendered 2646/4399, time remaining: 1m 2s
Rendered 2647/4399, time remaining: 1m 0s
Rendered 2648/4399, time remaining: 1m 0s
Rendered 2649/4399, time remaining: 1m 0s
Rendered 2650/4399, time remaining: 1m 1s
Rendered 2651/4399, time remaining: 1m 0s
Rendered 2652/4399, time remaining: 1m 0s
Rendered 2653/4399, time remaining: 1m 1s
Rendered 2654/4399, time remaining: 1m 1s
Rendered 2655/4399, time remaining: 1m 1s
Rendered 2656/4399, time remaining: 1m 2s
Rendered 2657/4399, time remaining: 1m 1s
Rendered 2658/4399, time remaining: 1m 0s
Rendered 2659/4399, time remaining: 59s
Rendered 2660/4399, time remaining: 59s
Rendered 2661/4399, time remaining: 1m 1s
Rendered 2662/4399, time remaining: 1m 1s
Rendered 2663/4399, time remaining: 1m 1s
Rendered 2664/4399, time remaining: 1m 0s
Rendered 2665/4399, time remaining: 59s
Rendered 2666/4399, time remaining: 59s
Rendered 2667/4399, time remaining: 59s
Rendered 2668/4399, time remaining: 59s
Rendered 2669/4399, time remaining: 1m 1s
Rendered 2670/4399, time remaining: 1m 0s
Rendered 2671/4399, time remaining: 1m 0s
Rendered 2672/4399, time remaining: 1m 0s
Rendered 2673/4399, time remaining: 1m 0s
Rendered 2674/4399, time remaining: 59s
Rendered 2675/4399, time remaining: 59s
Rendered 2676/4399, time remaining: 1m 0s
Rendered 2677/4399, time remaining: 59s
Rendered 2678/4399, time remaining: 59s
Rendered 2679/4399, time remaining: 59s
Rendered 2680/4399, time remaining: 1m 0s
Rendered 2681/4399, time remaining: 59s
Rendered 2682/4399, time remaining: 1m 0s
Rendered 2683/4399, time remaining: 58s
Rendered 2684/4399, time remaining: 59s
Rendered 2685/4399, time remaining: 59s
Rendered 2686/4399, time remaining: 59s
Rendered 2687/4399, time remaining: 58s
Rendered 2688/4399, time remaining: 59s
Rendered 2689/4399, time remaining: 59s
Rendered 2690/4399, time remaining: 1m 0s
Rendered 2691/4399, time remaining: 59s
Rendered 2692/4399, time remaining: 59s
Rendered 2693/4399, time remaining: 1m 0s
Rendered 2694/4399, time remaining: 58s
Rendered 2695/4399, time remaining: 57s
Rendered 2696/4399, time remaining: 57s
Rendered 2697/4399, time remaining: 57s
Rendered 2698/4399, time remaining: 59s
Rendered 2699/4399, time remaining: 59s
Rendered 2700/4399, time remaining: 59s
Rendered 2701/4399, time remaining: 59s
Rendered 2702/4399, time remaining: 58s
Rendered 2703/4399, time remaining: 57s
Rendered 2704/4399, time remaining: 58s
Rendered 2705/4399, time remaining: 58s
Rendered 2706/4399, time remaining: 59s
Rendered 2707/4399, time remaining: 59s
Rendered 2708/4399, time remaining: 59s
Rendered 2709/4399, time remaining: 59s
Rendered 2710/4399, time remaining: 59s
Rendered 2711/4399, time remaining: 57s
Rendered 2712/4399, time remaining: 57s
Rendered 2713/4399, time remaining: 57s
Rendered 2714/4399, time remaining: 58s
Rendered 2715/4399, time remaining: 58s
Rendered 2716/4399, time remaining: 58s
Rendered 2717/4399, time remaining: 58s
Rendered 2718/4399, time remaining: 58s
Rendered 2719/4399, time remaining: 58s
Rendered 2720/4399, time remaining: 59s
Rendered 2721/4399, time remaining: 57s
Rendered 2722/4399, time remaining: 57s
Rendered 2723/4399, time remaining: 58s
Rendered 2724/4399, time remaining: 57s
Rendered 2725/4399, time remaining: 57s
Rendered 2726/4399, time remaining: 58s
Rendered 2727/4399, time remaining: 57s
Rendered 2728/4399, time remaining: 57s
Rendered 2729/4399, time remaining: 57s
Rendered 2730/4399, time remaining: 57s
Rendered 2731/4399, time remaining: 57s
Rendered 2732/4399, time remaining: 57s
Rendered 2733/4399, time remaining: 57s
Rendered 2734/4399, time remaining: 57s
Rendered 2735/4399, time remaining: 58s
Rendered 2736/4399, time remaining: 57s
Rendered 2737/4399, time remaining: 58s
Rendered 2738/4399, time remaining: 58s
Rendered 2739/4399, time remaining: 57s
Rendered 2740/4399, time remaining: 57s
Rendered 2741/4399, time remaining: 57s
Rendered 2742/4399, time remaining: 57s
Rendered 2743/4399, time remaining: 57s
Rendered 2744/4399, time remaining: 57s
Rendered 2745/4399, time remaining: 57s
Rendered 2746/4399, time remaining: 57s
Rendered 2747/4399, time remaining: 56s
Rendered 2748/4399, time remaining: 57s
Rendered 2749/4399, time remaining: 57s
Rendered 2750/4399, time remaining: 57s
Rendered 2751/4399, time remaining: 57s
Rendered 2752/4399, time remaining: 57s
Rendered 2753/4399, time remaining: 57s
Rendered 2754/4399, time remaining: 56s
Rendered 2755/4399, time remaining: 57s
Rendered 2756/4399, time remaining: 57s
Rendered 2757/4399, time remaining: 57s
Rendered 2758/4399, time remaining: 56s
Rendered 2759/4399, time remaining: 56s
Rendered 2760/4399, time remaining: 56s
Rendered 2761/4399, time remaining: 56s
Rendered 2762/4399, time remaining: 56s
Rendered 2763/4399, time remaining: 57s
Rendered 2764/4399, time remaining: 57s
Rendered 2765/4399, time remaining: 56s
Rendered 2766/4399, time remaining: 56s
Rendered 2767/4399, time remaining: 56s
Rendered 2768/4399, time remaining: 56s
Rendered 2769/4399, time remaining: 55s
Rendered 2770/4399, time remaining: 56s
Rendered 2771/4399, time remaining: 57s
Rendered 2772/4399, time remaining: 57s
Rendered 2773/4399, time remaining: 56s
Rendered 2774/4399, time remaining: 56s
Rendered 2775/4399, time remaining: 57s
Rendered 2776/4399, time remaining: 56s
Rendered 2777/4399, time remaining: 55s
Rendered 2778/4399, time remaining: 57s
Rendered 2779/4399, time remaining: 56s
Rendered 2780/4399, time remaining: 57s
Rendered 2781/4399, time remaining: 56s
Rendered 2782/4399, time remaining: 56s
Rendered 2783/4399, time remaining: 56s
Rendered 2784/4399, time remaining: 56s
Rendered 2785/4399, time remaining: 55s
Rendered 2786/4399, time remaining: 56s
Rendered 2787/4399, time remaining: 56s
Rendered 2788/4399, time remaining: 56s
Rendered 2789/4399, time remaining: 56s
Rendered 2790/4399, time remaining: 56s
Rendered 2791/4399, time remaining: 56s
Rendered 2792/4399, time remaining: 55s
Rendered 2793/4399, time remaining: 55s
Rendered 2794/4399, time remaining: 56s
Rendered 2795/4399, time remaining: 56s
Rendered 2796/4399, time remaining: 56s
Rendered 2797/4399, time remaining: 56s
Rendered 2798/4399, time remaining: 56s
Rendered 2799/4399, time remaining: 55s
Rendered 2800/4399, time remaining: 54s
Rendered 2801/4399, time remaining: 55s
Rendered 2802/4399, time remaining: 56s
Rendered 2803/4399, time remaining: 55s
Rendered 2804/4399, time remaining: 55s
Rendered 2805/4399, time remaining: 56s
Rendered 2806/4399, time remaining: 55s
Rendered 2807/4399, time remaining: 55s
Rendered 2808/4399, time remaining: 54s
Rendered 2809/4399, time remaining: 55s
Rendered 2810/4399, time remaining: 55s
Rendered 2811/4399, time remaining: 55s
Rendered 2812/4399, time remaining: 54s
Rendered 2813/4399, time remaining: 56s
Rendered 2814/4399, time remaining: 56s
Rendered 2815/4399, time remaining: 56s
Rendered 2816/4399, time remaining: 55s
Rendered 2817/4399, time remaining: 55s
Rendered 2818/4399, time remaining: 56s
Rendered 2819/4399, time remaining: 55s
Rendered 2820/4399, time remaining: 55s
Rendered 2821/4399, time remaining: 55s
Rendered 2822/4399, time remaining: 54s
Rendered 2823/4399, time remaining: 54s
Rendered 2824/4399, time remaining: 54s
Rendered 2825/4399, time remaining: 55s
Rendered 2826/4399, time remaining: 55s
Rendered 2827/4399, time remaining: 54s
Rendered 2828/4399, time remaining: 56s
Rendered 2829/4399, time remaining: 56s
Rendered 2830/4399, time remaining: 54s
Rendered 2831/4399, time remaining: 54s
Rendered 2832/4399, time remaining: 54s
Rendered 2833/4399, time remaining: 54s
Rendered 2834/4399, time remaining: 54s
Rendered 2835/4399, time remaining: 54s
Rendered 2836/4399, time remaining: 55s
Rendered 2837/4399, time remaining: 55s
Rendered 2838/4399, time remaining: 55s
Rendered 2839/4399, time remaining: 55s
Rendered 2840/4399, time remaining: 54s
Rendered 2841/4399, time remaining: 54s
Rendered 2842/4399, time remaining: 54s
Rendered 2843/4399, time remaining: 54s
Rendered 2844/4399, time remaining: 55s
Rendered 2845/4399, time remaining: 55s
Rendered 2846/4399, time remaining: 55s
Rendered 2847/4399, time remaining: 55s
Rendered 2848/4399, time remaining: 53s
Rendered 2849/4399, time remaining: 55s
Rendered 2850/4399, time remaining: 55s
Rendered 2851/4399, time remaining: 54s
Rendered 2852/4399, time remaining: 54s
Rendered 2853/4399, time remaining: 55s
Rendered 2854/4399, time remaining: 54s
Rendered 2855/4399, time remaining: 54s
Rendered 2856/4399, time remaining: 52s
Rendered 2857/4399, time remaining: 54s
Rendered 2858/4399, time remaining: 54s
Rendered 2859/4399, time remaining: 53s
Rendered 2860/4399, time remaining: 54s
Rendered 2861/4399, time remaining: 54s
Rendered 2862/4399, time remaining: 54s
Rendered 2863/4399, time remaining: 53s
Rendered 2864/4399, time remaining: 53s
Rendered 2865/4399, time remaining: 54s
Rendered 2866/4399, time remaining: 54s
Rendered 2867/4399, time remaining: 54s
Rendered 2868/4399, time remaining: 53s
Rendered 2869/4399, time remaining: 55s
Rendered 2870/4399, time remaining: 54s
Rendered 2871/4399, time remaining: 53s
Rendered 2872/4399, time remaining: 53s
Rendered 2873/4399, time remaining: 53s
Rendered 2874/4399, time remaining: 53s
Rendered 2875/4399, time remaining: 53s
Rendered 2876/4399, time remaining: 53s
Rendered 2877/4399, time remaining: 54s
Rendered 2878/4399, time remaining: 54s
Rendered 2879/4399, time remaining: 53s
Rendered 2880/4399, time remaining: 53s
Rendered 2881/4399, time remaining: 53s
Rendered 2882/4399, time remaining: 53s
Rendered 2883/4399, time remaining: 53s
Rendered 2884/4399, time remaining: 53s
Rendered 2885/4399, time remaining: 54s
Rendered 2886/4399, time remaining: 53s
Rendered 2887/4399, time remaining: 53s
Rendered 2888/4399, time remaining: 53s
Rendered 2889/4399, time remaining: 53s
Rendered 2890/4399, time remaining: 52s
Rendered 2891/4399, time remaining: 52s
Rendered 2892/4399, time remaining: 53s
Rendered 2893/4399, time remaining: 54s
Rendered 2894/4399, time remaining: 53s
Rendered 2895/4399, time remaining: 53s
Rendered 2896/4399, time remaining: 53s
Rendered 2897/4399, time remaining: 53s
Rendered 2898/4399, time remaining: 52s
Rendered 2899/4399, time remaining: 52s
Rendered 2900/4399, time remaining: 53s
Rendered 2901/4399, time remaining: 54s
Rendered 2902/4399, time remaining: 53s
Rendered 2903/4399, time remaining: 53s
Rendered 2904/4399, time remaining: 53s
Rendered 2905/4399, time remaining: 52s
Rendered 2906/4399, time remaining: 52s
Rendered 2907/4399, time remaining: 53s
Rendered 2908/4399, time remaining: 53s
Rendered 2909/4399, time remaining: 53s
Rendered 2910/4399, time remaining: 53s
Rendered 2911/4399, time remaining: 52s
Rendered 2912/4399, time remaining: 52s
Rendered 2913/4399, time remaining: 51s
Rendered 2914/4399, time remaining: 51s
Rendered 2915/4399, time remaining: 53s
Rendered 2916/4399, time remaining: 53s
Rendered 2917/4399, time remaining: 53s
Rendered 2918/4399, time remaining: 52s
Rendered 2919/4399, time remaining: 52s
Rendered 2920/4399, time remaining: 51s
Rendered 2921/4399, time remaining: 51s
Rendered 2922/4399, time remaining: 51s
Rendered 2923/4399, time remaining: 53s
Rendered 2924/4399, time remaining: 53s
Rendered 2925/4399, time remaining: 52s
Rendered 2926/4399, time remaining: 52s
Rendered 2927/4399, time remaining: 52s
Rendered 2928/4399, time remaining: 52s
Rendered 2929/4399, time remaining: 51s
Rendered 2930/4399, time remaining: 51s
Rendered 2931/4399, time remaining: 52s
Rendered 2932/4399, time remaining: 52s
Rendered 2933/4399, time remaining: 51s
Rendered 2934/4399, time remaining: 52s
Rendered 2935/4399, time remaining: 52s
Rendered 2936/4399, time remaining: 51s
Rendered 2937/4399, time remaining: 51s
Rendered 2938/4399, time remaining: 51s
Rendered 2939/4399, time remaining: 51s
Rendered 2940/4399, time remaining: 52s
Rendered 2941/4399, time remaining: 51s
Rendered 2942/4399, time remaining: 51s
Rendered 2943/4399, time remaining: 52s
Rendered 2944/4399, time remaining: 51s
Rendered 2945/4399, time remaining: 51s
Rendered 2946/4399, time remaining: 51s
Rendered 2947/4399, time remaining: 51s
Rendered 2948/4399, time remaining: 51s
Rendered 2949/4399, time remaining: 52s
Rendered 2950/4399, time remaining: 52s
Rendered 2951/4399, time remaining: 52s
Rendered 2952/4399, time remaining: 51s
Rendered 2953/4399, time remaining: 51s
Rendered 2954/4399, time remaining: 51s
Rendered 2955/4399, time remaining: 51s
Rendered 2956/4399, time remaining: 51s
Rendered 2957/4399, time remaining: 51s
Rendered 2958/4399, time remaining: 51s
Rendered 2959/4399, time remaining: 51s
Rendered 2960/4399, time remaining: 51s
Rendered 2961/4399, time remaining: 51s
Rendered 2962/4399, time remaining: 51s
Rendered 2963/4399, time remaining: 50s
Rendered 2964/4399, time remaining: 51s
Rendered 2965/4399, time remaining: 51s
Rendered 2966/4399, time remaining: 51s
Rendered 2967/4399, time remaining: 50s
Rendered 2968/4399, time remaining: 50s
Rendered 2969/4399, time remaining: 51s
Rendered 2970/4399, time remaining: 52s
Rendered 2971/4399, time remaining: 51s
Rendered 2972/4399, time remaining: 51s
Rendered 2973/4399, time remaining: 51s
Rendered 2974/4399, time remaining: 50s
Rendered 2975/4399, time remaining: 50s
Rendered 2976/4399, time remaining: 51s
Rendered 2977/4399, time remaining: 51s
Rendered 2978/4399, time remaining: 51s
Rendered 2979/4399, time remaining: 51s
Rendered 2980/4399, time remaining: 51s
Rendered 2981/4399, time remaining: 50s
Rendered 2982/4399, time remaining: 50s
Rendered 2983/4399, time remaining: 51s
Rendered 2984/4399, time remaining: 51s
Rendered 2985/4399, time remaining: 51s
Rendered 2986/4399, time remaining: 50s
Rendered 2987/4399, time remaining: 50s
Rendered 2988/4399, time remaining: 50s
Rendered 2989/4399, time remaining: 50s
Rendered 2990/4399, time remaining: 51s
Rendered 2991/4399, time remaining: 51s
Rendered 2992/4399, time remaining: 51s
Rendered 2993/4399, time remaining: 51s
Rendered 2994/4399, time remaining: 50s
Rendered 2995/4399, time remaining: 50s
Rendered 2996/4399, time remaining: 49s
Rendered 2997/4399, time remaining: 50s
Rendered 2998/4399, time remaining: 51s
Rendered 2999/4399, time remaining: 49s
Rendered 3000/4399, time remaining: 50s
Rendered 3001/4399, time remaining: 50s
Rendered 3002/4399, time remaining: 50s
Rendered 3003/4399, time remaining: 50s
Rendered 3004/4399, time remaining: 51s
Rendered 3005/4399, time remaining: 51s
Rendered 3006/4399, time remaining: 51s
Rendered 3007/4399, time remaining: 49s
Rendered 3008/4399, time remaining: 50s
Rendered 3009/4399, time remaining: 50s
Rendered 3010/4399, time remaining: 50s
Rendered 3011/4399, time remaining: 50s
Rendered 3012/4399, time remaining: 50s
Rendered 3013/4399, time remaining: 50s
Rendered 3014/4399, time remaining: 49s
Rendered 3015/4399, time remaining: 49s
Rendered 3016/4399, time remaining: 49s
Rendered 3017/4399, time remaining: 50s
Rendered 3018/4399, time remaining: 50s
Rendered 3019/4399, time remaining: 49s
Rendered 3020/4399, time remaining: 50s
Rendered 3021/4399, time remaining: 50s
Rendered 3022/4399, time remaining: 50s
Rendered 3023/4399, time remaining: 50s
Rendered 3024/4399, time remaining: 50s
Rendered 3025/4399, time remaining: 50s
Rendered 3026/4399, time remaining: 49s
Rendered 3027/4399, time remaining: 49s
Rendered 3028/4399, time remaining: 49s
Rendered 3029/4399, time remaining: 49s
Rendered 3030/4399, time remaining: 50s
Rendered 3031/4399, time remaining: 50s
Rendered 3032/4399, time remaining: 50s
Rendered 3033/4399, time remaining: 50s
Rendered 3034/4399, time remaining: 50s
Rendered 3035/4399, time remaining: 49s
Rendered 3036/4399, time remaining: 49s
Rendered 3037/4399, time remaining: 49s
Rendered 3038/4399, time remaining: 49s
Rendered 3039/4399, time remaining: 50s
Rendered 3040/4399, time remaining: 49s
Rendered 3041/4399, time remaining: 49s
Rendered 3042/4399, time remaining: 49s
Rendered 3043/4399, time remaining: 48s
Rendered 3044/4399, time remaining: 49s
Rendered 3045/4399, time remaining: 49s
Rendered 3046/4399, time remaining: 49s
Rendered 3047/4399, time remaining: 48s
Rendered 3048/4399, time remaining: 49s
Rendered 3049/4399, time remaining: 49s
Rendered 3050/4399, time remaining: 49s
Rendered 3051/4399, time remaining: 48s
Rendered 3052/4399, time remaining: 49s
Rendered 3053/4399, time remaining: 49s
Rendered 3054/4399, time remaining: 49s
Rendered 3055/4399, time remaining: 49s
Rendered 3056/4399, time remaining: 50s
Rendered 3057/4399, time remaining: 48s
Rendered 3058/4399, time remaining: 48s
Rendered 3059/4399, time remaining: 49s
Rendered 3060/4399, time remaining: 49s
Rendered 3061/4399, time remaining: 49s
Rendered 3062/4399, time remaining: 48s
Rendered 3063/4399, time remaining: 48s
Rendered 3064/4399, time remaining: 49s
Rendered 3065/4399, time remaining: 48s
Rendered 3066/4399, time remaining: 47s
Rendered 3067/4399, time remaining: 48s
Rendered 3068/4399, time remaining: 48s
Rendered 3069/4399, time remaining: 48s
Rendered 3070/4399, time remaining: 48s
Rendered 3071/4399, time remaining: 48s
Rendered 3072/4399, time remaining: 49s
Rendered 3073/4399, time remaining: 47s
Rendered 3074/4399, time remaining: 47s
Rendered 3075/4399, time remaining: 47s
Rendered 3076/4399, time remaining: 48s
Rendered 3077/4399, time remaining: 48s
Rendered 3078/4399, time remaining: 47s
Rendered 3079/4399, time remaining: 48s
Rendered 3080/4399, time remaining: 49s
Rendered 3081/4399, time remaining: 47s
Rendered 3082/4399, time remaining: 47s
Rendered 3083/4399, time remaining: 48s
Rendered 3084/4399, time remaining: 47s
Rendered 3085/4399, time remaining: 47s
Rendered 3086/4399, time remaining: 47s
Rendered 3087/4399, time remaining: 47s
Rendered 3088/4399, time remaining: 48s
Rendered 3089/4399, time remaining: 48s
Rendered 3090/4399, time remaining: 47s
Rendered 3091/4399, time remaining: 47s
Rendered 3092/4399, time remaining: 48s
Rendered 3093/4399, time remaining: 47s
Rendered 3094/4399, time remaining: 46s
Rendered 3095/4399, time remaining: 47s
Rendered 3096/4399, time remaining: 47s
Rendered 3097/4399, time remaining: 47s
Rendered 3098/4399, time remaining: 47s
Rendered 3099/4399, time remaining: 46s
Rendered 3100/4399, time remaining: 47s
Rendered 3101/4399, time remaining: 47s
Rendered 3102/4399, time remaining: 47s
Rendered 3103/4399, time remaining: 46s
Rendered 3104/4399, time remaining: 47s
Rendered 3105/4399, time remaining: 47s
Rendered 3106/4399, time remaining: 47s
Rendered 3107/4399, time remaining: 47s
Rendered 3108/4399, time remaining: 47s
Rendered 3109/4399, time remaining: 47s
Rendered 3110/4399, time remaining: 47s
Rendered 3111/4399, time remaining: 47s
Rendered 3112/4399, time remaining: 47s
Rendered 3113/4399, time remaining: 46s
Rendered 3114/4399, time remaining: 46s
Rendered 3115/4399, time remaining: 47s
Rendered 3116/4399, time remaining: 47s
Rendered 3117/4399, time remaining: 47s
Rendered 3118/4399, time remaining: 46s
Rendered 3119/4399, time remaining: 46s
Rendered 3120/4399, time remaining: 46s
Rendered 3121/4399, time remaining: 46s
Rendered 3122/4399, time remaining: 46s
Rendered 3123/4399, time remaining: 46s
Rendered 3124/4399, time remaining: 47s
Rendered 3125/4399, time remaining: 47s
Rendered 3126/4399, time remaining: 45s
Rendered 3127/4399, time remaining: 45s
Rendered 3128/4399, time remaining: 45s
Rendered 3129/4399, time remaining: 45s
Rendered 3130/4399, time remaining: 45s
Rendered 3131/4399, time remaining: 45s
Rendered 3132/4399, time remaining: 46s
Rendered 3133/4399, time remaining: 46s
Rendered 3134/4399, time remaining: 45s
Rendered 3135/4399, time remaining: 45s
Rendered 3136/4399, time remaining: 45s
Rendered 3137/4399, time remaining: 45s
Rendered 3138/4399, time remaining: 45s
Rendered 3139/4399, time remaining: 45s
Rendered 3140/4399, time remaining: 45s
Rendered 3141/4399, time remaining: 46s
Rendered 3142/4399, time remaining: 45s
Rendered 3143/4399, time remaining: 45s
Rendered 3144/4399, time remaining: 45s
Rendered 3145/4399, time remaining: 45s
Rendered 3146/4399, time remaining: 46s
Rendered 3147/4399, time remaining: 46s
Rendered 3148/4399, time remaining: 45s
Rendered 3149/4399, time remaining: 45s
Rendered 3150/4399, time remaining: 44s
Rendered 3151/4399, time remaining: 44s
Rendered 3152/4399, time remaining: 44s
Rendered 3153/4399, time remaining: 45s
Rendered 3154/4399, time remaining: 45s
Rendered 3155/4399, time remaining: 45s
Rendered 3156/4399, time remaining: 45s
Rendered 3157/4399, time remaining: 45s
Rendered 3158/4399, time remaining: 45s
Rendered 3159/4399, time remaining: 45s
Rendered 3160/4399, time remaining: 44s
Rendered 3161/4399, time remaining: 45s
Rendered 3162/4399, time remaining: 45s
Rendered 3163/4399, time remaining: 45s
Rendered 3164/4399, time remaining: 45s
Rendered 3165/4399, time remaining: 45s
Rendered 3166/4399, time remaining: 45s
Rendered 3167/4399, time remaining: 44s
Rendered 3168/4399, time remaining: 44s
Rendered 3169/4399, time remaining: 44s
Rendered 3170/4399, time remaining: 44s
Rendered 3171/4399, time remaining: 44s
Rendered 3172/4399, time remaining: 44s
Rendered 3173/4399, time remaining: 44s
Rendered 3174/4399, time remaining: 44s
Rendered 3175/4399, time remaining: 44s
Rendered 3176/4399, time remaining: 44s
Rendered 3177/4399, time remaining: 44s
Rendered 3178/4399, time remaining: 43s
Rendered 3179/4399, time remaining: 43s
Rendered 3180/4399, time remaining: 43s
Rendered 3181/4399, time remaining: 43s
Rendered 3182/4399, time remaining: 44s
Rendered 3183/4399, time remaining: 44s
Rendered 3184/4399, time remaining: 44s
Rendered 3185/4399, time remaining: 44s
Rendered 3186/4399, time remaining: 44s
Rendered 3187/4399, time remaining: 43s
Rendered 3188/4399, time remaining: 44s
Rendered 3189/4399, time remaining: 43s
Rendered 3190/4399, time remaining: 43s
Rendered 3191/4399, time remaining: 44s
Rendered 3192/4399, time remaining: 43s
Rendered 3193/4399, time remaining: 43s
Rendered 3194/4399, time remaining: 43s
Rendered 3195/4399, time remaining: 43s
Rendered 3196/4399, time remaining: 43s
Rendered 3197/4399, time remaining: 44s
Rendered 3198/4399, time remaining: 43s
Rendered 3199/4399, time remaining: 43s
Rendered 3200/4399, time remaining: 42s
Rendered 3201/4399, time remaining: 42s
Rendered 3202/4399, time remaining: 41s
Rendered 3203/4399, time remaining: 43s
Rendered 3204/4399, time remaining: 43s
Rendered 3205/4399, time remaining: 43s
Rendered 3206/4399, time remaining: 42s
Rendered 3207/4399, time remaining: 42s
Rendered 3208/4399, time remaining: 42s
Rendered 3209/4399, time remaining: 42s
Rendered 3210/4399, time remaining: 42s
Rendered 3211/4399, time remaining: 43s
Rendered 3212/4399, time remaining: 43s
Rendered 3213/4399, time remaining: 43s
Rendered 3214/4399, time remaining: 42s
Rendered 3215/4399, time remaining: 42s
Rendered 3216/4399, time remaining: 43s
Rendered 3217/4399, time remaining: 42s
Rendered 3218/4399, time remaining: 42s
Rendered 3219/4399, time remaining: 43s
Rendered 3220/4399, time remaining: 42s
Rendered 3221/4399, time remaining: 42s
Rendered 3222/4399, time remaining: 41s
Rendered 3223/4399, time remaining: 41s
Rendered 3224/4399, time remaining: 42s
Rendered 3225/4399, time remaining: 42s
Rendered 3226/4399, time remaining: 42s
Rendered 3227/4399, time remaining: 42s
Rendered 3228/4399, time remaining: 42s
Rendered 3229/4399, time remaining: 42s
Rendered 3230/4399, time remaining: 41s
Rendered 3231/4399, time remaining: 41s
Rendered 3232/4399, time remaining: 41s
Rendered 3233/4399, time remaining: 41s
Rendered 3234/4399, time remaining: 42s
Rendered 3235/4399, time remaining: 42s
Rendered 3236/4399, time remaining: 42s
Rendered 3237/4399, time remaining: 42s
Rendered 3238/4399, time remaining: 41s
Rendered 3239/4399, time remaining: 41s
Rendered 3240/4399, time remaining: 41s
Rendered 3241/4399, time remaining: 41s
Rendered 3242/4399, time remaining: 40s
Rendered 3243/4399, time remaining: 41s
Rendered 3244/4399, time remaining: 41s
Rendered 3245/4399, time remaining: 41s
Rendered 3246/4399, time remaining: 41s
Rendered 3247/4399, time remaining: 42s
Rendered 3248/4399, time remaining: 42s
Rendered 3249/4399, time remaining: 42s
Rendered 3250/4399, time remaining: 40s
Rendered 3251/4399, time remaining: 40s
Rendered 3252/4399, time remaining: 41s
Rendered 3253/4399, time remaining: 41s
Rendered 3254/4399, time remaining: 39s
Rendered 3255/4399, time remaining: 41s
Rendered 3256/4399, time remaining: 41s
Rendered 3257/4399, time remaining: 41s
Rendered 3258/4399, time remaining: 41s
Rendered 3259/4399, time remaining: 40s
Rendered 3260/4399, time remaining: 40s
Rendered 3261/4399, time remaining: 40s
Rendered 3262/4399, time remaining: 40s
Rendered 3263/4399, time remaining: 41s
Rendered 3264/4399, time remaining: 41s
Rendered 3265/4399, time remaining: 40s
Rendered 3266/4399, time remaining: 40s
Rendered 3267/4399, time remaining: 40s
Rendered 3268/4399, time remaining: 40s
Rendered 3269/4399, time remaining: 40s
Rendered 3270/4399, time remaining: 40s
Rendered 3271/4399, time remaining: 40s
Rendered 3272/4399, time remaining: 40s
Rendered 3273/4399, time remaining: 40s
Rendered 3274/4399, time remaining: 39s
Rendered 3275/4399, time remaining: 39s
Rendered 3276/4399, time remaining: 39s
Rendered 3277/4399, time remaining: 40s
Rendered 3278/4399, time remaining: 40s
Rendered 3279/4399, time remaining: 40s
Rendered 3280/4399, time remaining: 40s
Rendered 3281/4399, time remaining: 40s
Rendered 3282/4399, time remaining: 39s
Rendered 3283/4399, time remaining: 39s
Rendered 3284/4399, time remaining: 39s
Rendered 3285/4399, time remaining: 40s
Rendered 3286/4399, time remaining: 40s
Rendered 3287/4399, time remaining: 40s
Rendered 3288/4399, time remaining: 40s
Rendered 3289/4399, time remaining: 40s
Rendered 3290/4399, time remaining: 39s
Rendered 3291/4399, time remaining: 38s
Rendered 3292/4399, time remaining: 39s
Rendered 3293/4399, time remaining: 39s
Rendered 3294/4399, time remaining: 39s
Rendered 3295/4399, time remaining: 40s
Rendered 3296/4399, time remaining: 39s
Rendered 3297/4399, time remaining: 39s
Rendered 3298/4399, time remaining: 39s
Rendered 3299/4399, time remaining: 39s
Rendered 3300/4399, time remaining: 39s
Rendered 3301/4399, time remaining: 39s
Rendered 3302/4399, time remaining: 39s
Rendered 3303/4399, time remaining: 39s
Rendered 3304/4399, time remaining: 38s
Rendered 3305/4399, time remaining: 38s
Rendered 3306/4399, time remaining: 38s
Rendered 3307/4399, time remaining: 38s
Rendered 3308/4399, time remaining: 38s
Rendered 3309/4399, time remaining: 38s
Rendered 3310/4399, time remaining: 38s
Rendered 3311/4399, time remaining: 38s
Rendered 3312/4399, time remaining: 38s
Rendered 3313/4399, time remaining: 38s
Rendered 3314/4399, time remaining: 37s
Rendered 3315/4399, time remaining: 38s
Rendered 3316/4399, time remaining: 38s
Rendered 3317/4399, time remaining: 38s
Rendered 3318/4399, time remaining: 38s
Rendered 3319/4399, time remaining: 38s
Rendered 3320/4399, time remaining: 38s
Rendered 3321/4399, time remaining: 37s
Rendered 3322/4399, time remaining: 37s
Rendered 3323/4399, time remaining: 37s
Rendered 3324/4399, time remaining: 37s
Rendered 3325/4399, time remaining: 36s
Rendered 3326/4399, time remaining: 36s
Rendered 3327/4399, time remaining: 36s
Rendered 3328/4399, time remaining: 36s
Rendered 3329/4399, time remaining: 36s
Rendered 3330/4399, time remaining: 36s
Rendered 3331/4399, time remaining: 36s
Rendered 3332/4399, time remaining: 35s
Rendered 3333/4399, time remaining: 35s
Rendered 3334/4399, time remaining: 35s
Rendered 3335/4399, time remaining: 34s
Rendered 3336/4399, time remaining: 35s
Rendered 3337/4399, time remaining: 34s
Rendered 3338/4399, time remaining: 34s
Rendered 3339/4399, time remaining: 34s
Rendered 3340/4399, time remaining: 34s
Rendered 3341/4399, time remaining: 33s
Rendered 3342/4399, time remaining: 33s
Rendered 3343/4399, time remaining: 35s
Rendered 3344/4399, time remaining: 34s
Rendered 3345/4399, time remaining: 34s
Rendered 3346/4399, time remaining: 34s
Rendered 3347/4399, time remaining: 33s
Rendered 3348/4399, time remaining: 33s
Rendered 3349/4399, time remaining: 34s
Rendered 3350/4399, time remaining: 34s
Rendered 3351/4399, time remaining: 34s
Rendered 3352/4399, time remaining: 34s
Rendered 3353/4399, time remaining: 33s
Rendered 3354/4399, time remaining: 33s
Rendered 3355/4399, time remaining: 33s
Rendered 3356/4399, time remaining: 33s
Rendered 3357/4399, time remaining: 33s
Rendered 3358/4399, time remaining: 34s
Rendered 3359/4399, time remaining: 34s
Rendered 3360/4399, time remaining: 34s
Rendered 3361/4399, time remaining: 33s
Rendered 3362/4399, time remaining: 32s
Rendered 3363/4399, time remaining: 33s
Rendered 3364/4399, time remaining: 33s
Rendered 3365/4399, time remaining: 33s
Rendered 3366/4399, time remaining: 33s
Rendered 3367/4399, time remaining: 34s
Rendered 3368/4399, time remaining: 34s
Rendered 3369/4399, time remaining: 33s
Rendered 3370/4399, time remaining: 33s
Rendered 3371/4399, time remaining: 33s
Rendered 3372/4399, time remaining: 33s
Rendered 3373/4399, time remaining: 33s
Rendered 3374/4399, time remaining: 33s
Rendered 3375/4399, time remaining: 33s
Rendered 3376/4399, time remaining: 33s
Rendered 3377/4399, time remaining: 33s
Rendered 3378/4399, time remaining: 33s
Rendered 3379/4399, time remaining: 33s
Rendered 3380/4399, time remaining: 33s
Rendered 3381/4399, time remaining: 33s
Rendered 3382/4399, time remaining: 33s
Rendered 3383/4399, time remaining: 33s
Rendered 3384/4399, time remaining: 32s
Rendered 3385/4399, time remaining: 32s
Rendered 3386/4399, time remaining: 32s
Rendered 3387/4399, time remaining: 32s
Rendered 3388/4399, time remaining: 32s
Rendered 3389/4399, time remaining: 32s
Rendered 3390/4399, time remaining: 32s
Rendered 3391/4399, time remaining: 33s
Rendered 3392/4399, time remaining: 33s
Rendered 3393/4399, time remaining: 33s
Rendered 3394/4399, time remaining: 32s
Rendered 3395/4399, time remaining: 32s
Rendered 3396/4399, time remaining: 32s
Rendered 3397/4399, time remaining: 32s
Rendered 3398/4399, time remaining: 32s
Rendered 3399/4399, time remaining: 32s
Rendered 3400/4399, time remaining: 33s
Rendered 3401/4399, time remaining: 33s
Rendered 3402/4399, time remaining: 32s
Rendered 3403/4399, time remaining: 33s
Rendered 3404/4399, time remaining: 33s
Rendered 3405/4399, time remaining: 32s
Rendered 3406/4399, time remaining: 32s
Rendered 3407/4399, time remaining: 32s
Rendered 3408/4399, time remaining: 32s
Rendered 3409/4399, time remaining: 32s
Rendered 3410/4399, time remaining: 32s
Rendered 3411/4399, time remaining: 33s
Rendered 3412/4399, time remaining: 33s
Rendered 3413/4399, time remaining: 31s
Rendered 3414/4399, time remaining: 32s
Rendered 3415/4399, time remaining: 32s
Rendered 3416/4399, time remaining: 32s
Rendered 3417/4399, time remaining: 32s
Rendered 3418/4399, time remaining: 32s
Rendered 3419/4399, time remaining: 32s
Rendered 3420/4399, time remaining: 32s
Rendered 3421/4399, time remaining: 32s
Rendered 3422/4399, time remaining: 32s
Rendered 3423/4399, time remaining: 32s
Rendered 3424/4399, time remaining: 32s
Rendered 3425/4399, time remaining: 32s
Rendered 3426/4399, time remaining: 32s
Rendered 3427/4399, time remaining: 31s
Rendered 3428/4399, time remaining: 31s
Rendered 3429/4399, time remaining: 31s
Rendered 3430/4399, time remaining: 31s
Rendered 3431/4399, time remaining: 32s
Rendered 3432/4399, time remaining: 32s
Rendered 3433/4399, time remaining: 32s
Rendered 3434/4399, time remaining: 32s
Rendered 3435/4399, time remaining: 31s
Rendered 3436/4399, time remaining: 31s
Rendered 3437/4399, time remaining: 31s
Rendered 3438/4399, time remaining: 31s
Rendered 3439/4399, time remaining: 31s
Rendered 3440/4399, time remaining: 31s
Rendered 3441/4399, time remaining: 31s
Rendered 3442/4399, time remaining: 31s
Rendered 3443/4399, time remaining: 31s
Rendered 3444/4399, time remaining: 32s
Rendered 3445/4399, time remaining: 31s
Rendered 3446/4399, time remaining: 31s
Rendered 3447/4399, time remaining: 31s
Rendered 3448/4399, time remaining: 31s
Rendered 3449/4399, time remaining: 31s
Rendered 3450/4399, time remaining: 31s
Rendered 3451/4399, time remaining: 30s
Rendered 3452/4399, time remaining: 31s
Rendered 3453/4399, time remaining: 30s
Rendered 3454/4399, time remaining: 30s
Rendered 3455/4399, time remaining: 31s
Rendered 3456/4399, time remaining: 31s
Rendered 3457/4399, time remaining: 31s
Rendered 3458/4399, time remaining: 31s
Rendered 3459/4399, time remaining: 30s
Rendered 3460/4399, time remaining: 31s
Rendered 3461/4399, time remaining: 31s
Rendered 3462/4399, time remaining: 31s
Rendered 3463/4399, time remaining: 31s
Rendered 3464/4399, time remaining: 31s
Rendered 3465/4399, time remaining: 30s
Rendered 3466/4399, time remaining: 30s
Rendered 3467/4399, time remaining: 30s
Rendered 3468/4399, time remaining: 30s
Rendered 3469/4399, time remaining: 30s
Rendered 3470/4399, time remaining: 31s
Rendered 3471/4399, time remaining: 31s
Rendered 3472/4399, time remaining: 31s
Rendered 3473/4399, time remaining: 31s
Rendered 3474/4399, time remaining: 31s
Rendered 3475/4399, time remaining: 31s
Rendered 3476/4399, time remaining: 31s
Rendered 3477/4399, time remaining: 31s
Rendered 3478/4399, time remaining: 32s
Rendered 3479/4399, time remaining: 32s
Rendered 3480/4399, time remaining: 32s
Rendered 3481/4399, time remaining: 32s
Rendered 3482/4399, time remaining: 32s
Rendered 3483/4399, time remaining: 32s
Rendered 3484/4399, time remaining: 32s
Rendered 3485/4399, time remaining: 32s
Rendered 3486/4399, time remaining: 32s
Rendered 3487/4399, time remaining: 32s
Rendered 3488/4399, time remaining: 33s
Rendered 3489/4399, time remaining: 33s
Rendered 3490/4399, time remaining: 33s
Rendered 3491/4399, time remaining: 32s
Rendered 3492/4399, time remaining: 32s
Rendered 3493/4399, time remaining: 32s
Rendered 3494/4399, time remaining: 32s
Rendered 3495/4399, time remaining: 32s
Rendered 3496/4399, time remaining: 32s
Rendered 3497/4399, time remaining: 32s
Rendered 3498/4399, time remaining: 32s
Rendered 3499/4399, time remaining: 32s
Rendered 3500/4399, time remaining: 32s
Rendered 3501/4399, time remaining: 32s
Rendered 3502/4399, time remaining: 32s
Rendered 3503/4399, time remaining: 32s
Rendered 3504/4399, time remaining: 32s
Rendered 3505/4399, time remaining: 32s
Rendered 3506/4399, time remaining: 32s
Rendered 3507/4399, time remaining: 33s
Rendered 3508/4399, time remaining: 32s
Rendered 3509/4399, time remaining: 32s
Rendered 3510/4399, time remaining: 32s
Rendered 3511/4399, time remaining: 32s
Rendered 3512/4399, time remaining: 32s
Rendered 3513/4399, time remaining: 32s
Rendered 3514/4399, time remaining: 32s
Rendered 3515/4399, time remaining: 32s
Rendered 3516/4399, time remaining: 31s
Rendered 3517/4399, time remaining: 31s
Rendered 3518/4399, time remaining: 31s
Rendered 3519/4399, time remaining: 31s
Rendered 3520/4399, time remaining: 32s
Rendered 3521/4399, time remaining: 32s
Rendered 3522/4399, time remaining: 31s
Rendered 3523/4399, time remaining: 31s
Rendered 3524/4399, time remaining: 31s
Rendered 3525/4399, time remaining: 31s
Rendered 3526/4399, time remaining: 32s
Rendered 3527/4399, time remaining: 32s
Rendered 3528/4399, time remaining: 31s
Rendered 3529/4399, time remaining: 31s
Rendered 3530/4399, time remaining: 31s
Rendered 3531/4399, time remaining: 31s
Rendered 3532/4399, time remaining: 31s
Rendered 3533/4399, time remaining: 31s
Rendered 3534/4399, time remaining: 31s
Rendered 3535/4399, time remaining: 32s
Rendered 3536/4399, time remaining: 31s
Rendered 3537/4399, time remaining: 31s
Rendered 3538/4399, time remaining: 31s
Rendered 3539/4399, time remaining: 31s
Rendered 3540/4399, time remaining: 31s
Rendered 3541/4399, time remaining: 31s
Rendered 3542/4399, time remaining: 31s
Rendered 3543/4399, time remaining: 31s
Rendered 3544/4399, time remaining: 31s
Rendered 3545/4399, time remaining: 31s
Rendered 3546/4399, time remaining: 31s
Rendered 3547/4399, time remaining: 30s
Rendered 3548/4399, time remaining: 30s
Rendered 3549/4399, time remaining: 31s
Rendered 3550/4399, time remaining: 30s
Rendered 3551/4399, time remaining: 30s
Rendered 3552/4399, time remaining: 30s
Rendered 3553/4399, time remaining: 30s
Rendered 3554/4399, time remaining: 31s
Rendered 3555/4399, time remaining: 30s
Rendered 3556/4399, time remaining: 31s
Rendered 3557/4399, time remaining: 30s
Rendered 3558/4399, time remaining: 30s
Rendered 3559/4399, time remaining: 30s
Rendered 3560/4399, time remaining: 30s
Rendered 3561/4399, time remaining: 29s
Rendered 3562/4399, time remaining: 30s
Rendered 3563/4399, time remaining: 30s
Rendered 3564/4399, time remaining: 30s
Rendered 3565/4399, time remaining: 30s
Rendered 3566/4399, time remaining: 30s
Rendered 3567/4399, time remaining: 30s
Rendered 3568/4399, time remaining: 29s
Rendered 3569/4399, time remaining: 29s
Rendered 3570/4399, time remaining: 29s
Rendered 3571/4399, time remaining: 30s
Rendered 3572/4399, time remaining: 30s
Rendered 3573/4399, time remaining: 30s
Rendered 3574/4399, time remaining: 29s
Rendered 3575/4399, time remaining: 29s
Rendered 3576/4399, time remaining: 29s
Rendered 3577/4399, time remaining: 29s
Rendered 3578/4399, time remaining: 29s
Rendered 3579/4399, time remaining: 29s
Rendered 3580/4399, time remaining: 30s
Rendered 3581/4399, time remaining: 29s
Rendered 3582/4399, time remaining: 29s
Rendered 3583/4399, time remaining: 29s
Rendered 3584/4399, time remaining: 29s
Rendered 3585/4399, time remaining: 29s
Rendered 3586/4399, time remaining: 29s
Rendered 3587/4399, time remaining: 29s
Rendered 3588/4399, time remaining: 29s
Rendered 3589/4399, time remaining: 28s
Rendered 3590/4399, time remaining: 29s
Rendered 3591/4399, time remaining: 29s
Rendered 3592/4399, time remaining: 29s
Rendered 3593/4399, time remaining: 28s
Rendered 3594/4399, time remaining: 28s
Rendered 3595/4399, time remaining: 29s
Rendered 3596/4399, time remaining: 28s
Rendered 3597/4399, time remaining: 28s
Rendered 3598/4399, time remaining: 29s
Rendered 3599/4399, time remaining: 28s
Rendered 3600/4399, time remaining: 28s
Rendered 3601/4399, time remaining: 28s
Rendered 3602/4399, time remaining: 28s
Rendered 3603/4399, time remaining: 28s
Rendered 3604/4399, time remaining: 28s
Rendered 3605/4399, time remaining: 28s
Rendered 3606/4399, time remaining: 28s
Rendered 3607/4399, time remaining: 28s
Rendered 3608/4399, time remaining: 28s
Rendered 3609/4399, time remaining: 28s
Rendered 3610/4399, time remaining: 28s
Rendered 3611/4399, time remaining: 27s
Rendered 3612/4399, time remaining: 28s
Rendered 3613/4399, time remaining: 28s
Rendered 3614/4399, time remaining: 28s
Rendered 3615/4399, time remaining: 28s
Rendered 3616/4399, time remaining: 28s
Rendered 3617/4399, time remaining: 28s
Rendered 3618/4399, time remaining: 28s
Rendered 3619/4399, time remaining: 28s
Rendered 3620/4399, time remaining: 28s
Rendered 3621/4399, time remaining: 28s
Rendered 3622/4399, time remaining: 28s
Rendered 3623/4399, time remaining: 27s
Rendered 3624/4399, time remaining: 27s
Rendered 3625/4399, time remaining: 27s
Rendered 3626/4399, time remaining: 27s
Rendered 3627/4399, time remaining: 28s
Rendered 3628/4399, time remaining: 27s
Rendered 3629/4399, time remaining: 27s
Rendered 3630/4399, time remaining: 27s
Rendered 3631/4399, time remaining: 27s
Rendered 3632/4399, time remaining: 27s
Rendered 3633/4399, time remaining: 27s
Rendered 3634/4399, time remaining: 27s
Rendered 3635/4399, time remaining: 27s
Rendered 3636/4399, time remaining: 27s
Rendered 3637/4399, time remaining: 27s
Rendered 3638/4399, time remaining: 27s
Rendered 3639/4399, time remaining: 27s
Rendered 3640/4399, time remaining: 27s
Rendered 3641/4399, time remaining: 27s
Rendered 3642/4399, time remaining: 28s
Rendered 3643/4399, time remaining: 27s
Rendered 3644/4399, time remaining: 27s
Rendered 3645/4399, time remaining: 27s
Rendered 3646/4399, time remaining: 27s
Rendered 3647/4399, time remaining: 27s
Rendered 3648/4399, time remaining: 27s
Rendered 3649/4399, time remaining: 26s
Rendered 3650/4399, time remaining: 26s
Rendered 3651/4399, time remaining: 27s
Rendered 3652/4399, time remaining: 27s
Rendered 3653/4399, time remaining: 27s
Rendered 3654/4399, time remaining: 26s
Rendered 3655/4399, time remaining: 26s
Rendered 3656/4399, time remaining: 27s
Rendered 3657/4399, time remaining: 26s
Rendered 3658/4399, time remaining: 26s
Rendered 3659/4399, time remaining: 26s
Rendered 3660/4399, time remaining: 26s
Rendered 3661/4399, time remaining: 26s
Rendered 3662/4399, time remaining: 26s
Rendered 3663/4399, time remaining: 26s
Rendered 3664/4399, time remaining: 26s
Rendered 3665/4399, time remaining: 26s
Rendered 3666/4399, time remaining: 26s
Rendered 3667/4399, time remaining: 26s
Rendered 3668/4399, time remaining: 26s
Rendered 3669/4399, time remaining: 26s
Rendered 3670/4399, time remaining: 25s
Rendered 3671/4399, time remaining: 26s
Rendered 3672/4399, time remaining: 26s
Rendered 3673/4399, time remaining: 26s
Rendered 3674/4399, time remaining: 25s
Rendered 3675/4399, time remaining: 26s
Rendered 3676/4399, time remaining: 25s
Rendered 3677/4399, time remaining: 25s
Rendered 3678/4399, time remaining: 25s
Rendered 3679/4399, time remaining: 25s
Rendered 3680/4399, time remaining: 26s
Rendered 3681/4399, time remaining: 25s
Rendered 3682/4399, time remaining: 25s
Rendered 3683/4399, time remaining: 25s
Rendered 3684/4399, time remaining: 25s
Rendered 3685/4399, time remaining: 25s
Rendered 3686/4399, time remaining: 25s
Rendered 3687/4399, time remaining: 25s
Rendered 3688/4399, time remaining: 25s
Rendered 3689/4399, time remaining: 25s
Rendered 3690/4399, time remaining: 25s
Rendered 3691/4399, time remaining: 25s
Rendered 3692/4399, time remaining: 25s
Rendered 3693/4399, time remaining: 25s
Rendered 3694/4399, time remaining: 25s
Rendered 3695/4399, time remaining: 25s
Rendered 3696/4399, time remaining: 25s
Rendered 3697/4399, time remaining: 25s
Rendered 3698/4399, time remaining: 25s
Rendered 3699/4399, time remaining: 25s
Rendered 3700/4399, time remaining: 25s
Rendered 3701/4399, time remaining: 25s
Rendered 3702/4399, time remaining: 25s
Rendered 3703/4399, time remaining: 25s
Rendered 3704/4399, time remaining: 24s
Rendered 3705/4399, time remaining: 25s
Rendered 3706/4399, time remaining: 24s
Rendered 3707/4399, time remaining: 24s
Rendered 3708/4399, time remaining: 24s
Rendered 3709/4399, time remaining: 24s
Rendered 3710/4399, time remaining: 24s
Rendered 3711/4399, time remaining: 25s
Rendered 3712/4399, time remaining: 24s
Rendered 3713/4399, time remaining: 24s
Rendered 3714/4399, time remaining: 24s
Rendered 3715/4399, time remaining: 24s
Rendered 3716/4399, time remaining: 24s
Rendered 3717/4399, time remaining: 24s
Rendered 3718/4399, time remaining: 24s
Rendered 3719/4399, time remaining: 24s
Rendered 3720/4399, time remaining: 24s
Rendered 3721/4399, time remaining: 24s
Rendered 3722/4399, time remaining: 24s
Rendered 3723/4399, time remaining: 24s
Rendered 3724/4399, time remaining: 24s
Rendered 3725/4399, time remaining: 24s
Rendered 3726/4399, time remaining: 24s
Rendered 3727/4399, time remaining: 24s
Rendered 3728/4399, time remaining: 24s
Rendered 3729/4399, time remaining: 24s
Rendered 3730/4399, time remaining: 24s
Rendered 3731/4399, time remaining: 24s
Rendered 3732/4399, time remaining: 23s
Rendered 3733/4399, time remaining: 24s
Rendered 3734/4399, time remaining: 23s
Rendered 3735/4399, time remaining: 24s
Rendered 3736/4399, time remaining: 23s
Rendered 3737/4399, time remaining: 23s
Rendered 3738/4399, time remaining: 24s
Rendered 3739/4399, time remaining: 24s
Rendered 3740/4399, time remaining: 23s
Rendered 3741/4399, time remaining: 23s
Rendered 3742/4399, time remaining: 23s
Rendered 3743/4399, time remaining: 23s
Rendered 3744/4399, time remaining: 23s
Rendered 3745/4399, time remaining: 23s
Rendered 3746/4399, time remaining: 23s
Rendered 3747/4399, time remaining: 23s
Rendered 3748/4399, time remaining: 23s
Rendered 3749/4399, time remaining: 23s
Rendered 3750/4399, time remaining: 23s
Rendered 3751/4399, time remaining: 23s
Rendered 3752/4399, time remaining: 23s
Rendered 3753/4399, time remaining: 23s
Rendered 3754/4399, time remaining: 23s
Rendered 3755/4399, time remaining: 23s
Rendered 3756/4399, time remaining: 23s
Rendered 3757/4399, time remaining: 23s
Rendered 3758/4399, time remaining: 23s
Rendered 3759/4399, time remaining: 23s
Rendered 3760/4399, time remaining: 23s
Rendered 3761/4399, time remaining: 23s
Rendered 3762/4399, time remaining: 23s
Rendered 3763/4399, time remaining: 23s
Rendered 3764/4399, time remaining: 22s
Rendered 3765/4399, time remaining: 23s
Rendered 3766/4399, time remaining: 23s
Rendered 3767/4399, time remaining: 22s
Rendered 3768/4399, time remaining: 22s
Rendered 3769/4399, time remaining: 22s
Rendered 3770/4399, time remaining: 23s
Rendered 3771/4399, time remaining: 23s
Rendered 3772/4399, time remaining: 22s
Rendered 3773/4399, time remaining: 22s
Rendered 3774/4399, time remaining: 22s
Rendered 3775/4399, time remaining: 22s
Rendered 3776/4399, time remaining: 22s
Rendered 3777/4399, time remaining: 22s
Rendered 3778/4399, time remaining: 22s
Rendered 3779/4399, time remaining: 22s
Rendered 3780/4399, time remaining: 22s
Rendered 3781/4399, time remaining: 22s
Rendered 3782/4399, time remaining: 22s
Rendered 3783/4399, time remaining: 22s
Rendered 3784/4399, time remaining: 21s
Rendered 3785/4399, time remaining: 22s
Rendered 3786/4399, time remaining: 22s
Rendered 3787/4399, time remaining: 22s
Rendered 3788/4399, time remaining: 22s
Rendered 3789/4399, time remaining: 22s
Rendered 3790/4399, time remaining: 22s
Rendered 3791/4399, time remaining: 22s
Rendered 3792/4399, time remaining: 21s
Rendered 3793/4399, time remaining: 21s
Rendered 3794/4399, time remaining: 22s
Rendered 3795/4399, time remaining: 22s
Rendered 3796/4399, time remaining: 22s
Rendered 3797/4399, time remaining: 21s
Rendered 3798/4399, time remaining: 21s
Rendered 3799/4399, time remaining: 21s
Rendered 3800/4399, time remaining: 21s
Rendered 3801/4399, time remaining: 21s
Rendered 3802/4399, time remaining: 22s
Rendered 3803/4399, time remaining: 22s
Rendered 3804/4399, time remaining: 21s
Rendered 3805/4399, time remaining: 21s
Rendered 3806/4399, time remaining: 21s
Rendered 3807/4399, time remaining: 21s
Rendered 3808/4399, time remaining: 21s
Rendered 3809/4399, time remaining: 21s
Rendered 3810/4399, time remaining: 21s
Rendered 3811/4399, time remaining: 21s
Rendered 3812/4399, time remaining: 21s
Rendered 3813/4399, time remaining: 21s
Rendered 3814/4399, time remaining: 21s
Rendered 3815/4399, time remaining: 21s
Rendered 3816/4399, time remaining: 20s
Rendered 3817/4399, time remaining: 20s
Rendered 3818/4399, time remaining: 21s
Rendered 3819/4399, time remaining: 21s
Rendered 3820/4399, time remaining: 21s
Rendered 3821/4399, time remaining: 21s
Rendered 3822/4399, time remaining: 20s
Rendered 3823/4399, time remaining: 20s
Rendered 3824/4399, time remaining: 20s
Rendered 3825/4399, time remaining: 20s
Rendered 3826/4399, time remaining: 21s
Rendered 3827/4399, time remaining: 21s
Rendered 3828/4399, time remaining: 20s
Rendered 3829/4399, time remaining: 21s
Rendered 3830/4399, time remaining: 20s
Rendered 3831/4399, time remaining: 20s
Rendered 3832/4399, time remaining: 20s
Rendered 3833/4399, time remaining: 20s
Rendered 3834/4399, time remaining: 20s
Rendered 3835/4399, time remaining: 20s
Rendered 3836/4399, time remaining: 20s
Rendered 3837/4399, time remaining: 20s
Rendered 3838/4399, time remaining: 20s
Rendered 3839/4399, time remaining: 20s
Rendered 3840/4399, time remaining: 20s
Rendered 3841/4399, time remaining: 20s
Rendered 3842/4399, time remaining: 20s
Rendered 3843/4399, time remaining: 20s
Rendered 3844/4399, time remaining: 20s
Rendered 3845/4399, time remaining: 20s
Rendered 3846/4399, time remaining: 20s
Rendered 3847/4399, time remaining: 20s
Rendered 3848/4399, time remaining: 20s
Rendered 3849/4399, time remaining: 19s
Rendered 3850/4399, time remaining: 19s
Rendered 3851/4399, time remaining: 19s
Rendered 3852/4399, time remaining: 20s
Rendered 3853/4399, time remaining: 20s
Rendered 3854/4399, time remaining: 20s
Rendered 3855/4399, time remaining: 19s
Rendered 3856/4399, time remaining: 19s
Rendered 3857/4399, time remaining: 19s
Rendered 3858/4399, time remaining: 19s
Rendered 3859/4399, time remaining: 19s
Rendered 3860/4399, time remaining: 19s
Rendered 3861/4399, time remaining: 19s
Rendered 3862/4399, time remaining: 19s
Rendered 3863/4399, time remaining: 19s
Rendered 3864/4399, time remaining: 19s
Rendered 3865/4399, time remaining: 19s
Rendered 3866/4399, time remaining: 19s
Rendered 3867/4399, time remaining: 19s
Rendered 3868/4399, time remaining: 19s
Rendered 3869/4399, time remaining: 18s
Rendered 3870/4399, time remaining: 19s
Rendered 3871/4399, time remaining: 18s
Rendered 3872/4399, time remaining: 19s
Rendered 3873/4399, time remaining: 19s
Rendered 3874/4399, time remaining: 19s
Rendered 3875/4399, time remaining: 19s
Rendered 3876/4399, time remaining: 19s
Rendered 3877/4399, time remaining: 18s
Rendered 3878/4399, time remaining: 18s
Rendered 3879/4399, time remaining: 18s
Rendered 3880/4399, time remaining: 18s
Rendered 3881/4399, time remaining: 18s
Rendered 3882/4399, time remaining: 18s
Rendered 3883/4399, time remaining: 18s
Rendered 3884/4399, time remaining: 18s
Rendered 3885/4399, time remaining: 18s
Rendered 3886/4399, time remaining: 18s
Rendered 3887/4399, time remaining: 18s
Rendered 3888/4399, time remaining: 18s
Rendered 3889/4399, time remaining: 18s
Rendered 3890/4399, time remaining: 18s
Rendered 3891/4399, time remaining: 18s
Rendered 3892/4399, time remaining: 18s
Rendered 3893/4399, time remaining: 18s
Rendered 3894/4399, time remaining: 18s
Rendered 3895/4399, time remaining: 17s
Rendered 3896/4399, time remaining: 17s
Rendered 3897/4399, time remaining: 18s
Rendered 3898/4399, time remaining: 18s
Rendered 3899/4399, time remaining: 18s
Rendered 3900/4399, time remaining: 17s
Rendered 3901/4399, time remaining: 17s
Rendered 3902/4399, time remaining: 18s
Rendered 3903/4399, time remaining: 17s
Rendered 3904/4399, time remaining: 18s
Rendered 3905/4399, time remaining: 17s
Rendered 3906/4399, time remaining: 17s
Rendered 3907/4399, time remaining: 17s
Rendered 3908/4399, time remaining: 17s
Rendered 3909/4399, time remaining: 17s
Rendered 3910/4399, time remaining: 17s
Rendered 3911/4399, time remaining: 17s
Rendered 3912/4399, time remaining: 17s
Rendered 3913/4399, time remaining: 17s
Rendered 3914/4399, time remaining: 17s
Rendered 3915/4399, time remaining: 17s
Rendered 3916/4399, time remaining: 17s
Rendered 3917/4399, time remaining: 17s
Rendered 3918/4399, time remaining: 17s
Rendered 3919/4399, time remaining: 17s
Rendered 3920/4399, time remaining: 16s
Rendered 3921/4399, time remaining: 16s
Rendered 3922/4399, time remaining: 17s
Rendered 3923/4399, time remaining: 16s
Rendered 3924/4399, time remaining: 17s
Rendered 3925/4399, time remaining: 17s
Rendered 3926/4399, time remaining: 17s
Rendered 3927/4399, time remaining: 17s
Rendered 3928/4399, time remaining: 16s
Rendered 3929/4399, time remaining: 16s
Rendered 3930/4399, time remaining: 16s
Rendered 3931/4399, time remaining: 16s
Rendered 3932/4399, time remaining: 16s
Rendered 3933/4399, time remaining: 17s
Rendered 3934/4399, time remaining: 17s
Rendered 3935/4399, time remaining: 16s
Rendered 3936/4399, time remaining: 16s
Rendered 3937/4399, time remaining: 16s
Rendered 3938/4399, time remaining: 16s
Rendered 3939/4399, time remaining: 16s
Rendered 3940/4399, time remaining: 16s
Rendered 3941/4399, time remaining: 16s
Rendered 3942/4399, time remaining: 16s
Rendered 3943/4399, time remaining: 16s
Rendered 3944/4399, time remaining: 15s
Rendered 3945/4399, time remaining: 15s
Rendered 3946/4399, time remaining: 15s
Rendered 3947/4399, time remaining: 16s
Rendered 3948/4399, time remaining: 16s
Rendered 3949/4399, time remaining: 16s
Rendered 3950/4399, time remaining: 16s
Rendered 3951/4399, time remaining: 16s
Rendered 3952/4399, time remaining: 15s
Rendered 3953/4399, time remaining: 15s
Rendered 3954/4399, time remaining: 15s
Rendered 3955/4399, time remaining: 15s
Rendered 3956/4399, time remaining: 15s
Rendered 3957/4399, time remaining: 15s
Rendered 3958/4399, time remaining: 15s
Rendered 3959/4399, time remaining: 15s
Rendered 3960/4399, time remaining: 15s
Rendered 3961/4399, time remaining: 15s
Rendered 3962/4399, time remaining: 15s
Rendered 3963/4399, time remaining: 15s
Rendered 3964/4399, time remaining: 15s
Rendered 3965/4399, time remaining: 15s
Rendered 3966/4399, time remaining: 15s
Rendered 3967/4399, time remaining: 15s
Rendered 3968/4399, time remaining: 15s
Rendered 3969/4399, time remaining: 15s
Rendered 3970/4399, time remaining: 15s
Rendered 3971/4399, time remaining: 15s
Rendered 3972/4399, time remaining: 15s
Rendered 3973/4399, time remaining: 15s
Rendered 3974/4399, time remaining: 15s
Rendered 3975/4399, time remaining: 15s
Rendered 3976/4399, time remaining: 14s
Rendered 3977/4399, time remaining: 14s
Rendered 3978/4399, time remaining: 14s
Rendered 3979/4399, time remaining: 15s
Rendered 3980/4399, time remaining: 14s
Rendered 3981/4399, time remaining: 15s
Rendered 3982/4399, time remaining: 15s
Rendered 3983/4399, time remaining: 14s
Rendered 3984/4399, time remaining: 14s
Rendered 3985/4399, time remaining: 14s
Rendered 3986/4399, time remaining: 14s
Rendered 3987/4399, time remaining: 14s
Rendered 3988/4399, time remaining: 14s
Rendered 3989/4399, time remaining: 14s
Rendered 3990/4399, time remaining: 14s
Rendered 3991/4399, time remaining: 14s
Rendered 3992/4399, time remaining: 14s
Rendered 3993/4399, time remaining: 14s
Rendered 3994/4399, time remaining: 14s
Rendered 3995/4399, time remaining: 14s
Rendered 3996/4399, time remaining: 14s
Rendered 3997/4399, time remaining: 14s
Rendered 3998/4399, time remaining: 14s
Rendered 3999/4399, time remaining: 14s
Rendered 4000/4399, time remaining: 14s
Rendered 4001/4399, time remaining: 14s
Rendered 4002/4399, time remaining: 13s
Rendered 4003/4399, time remaining: 14s
Rendered 4004/4399, time remaining: 14s
Rendered 4005/4399, time remaining: 14s
Rendered 4006/4399, time remaining: 14s
Rendered 4007/4399, time remaining: 14s
Rendered 4008/4399, time remaining: 14s
Rendered 4009/4399, time remaining: 13s
Rendered 4010/4399, time remaining: 13s
Rendered 4011/4399, time remaining: 13s
Rendered 4012/4399, time remaining: 13s
Rendered 4013/4399, time remaining: 13s
Rendered 4014/4399, time remaining: 13s
Rendered 4015/4399, time remaining: 13s
Rendered 4016/4399, time remaining: 13s
Rendered 4017/4399, time remaining: 13s
Rendered 4018/4399, time remaining: 13s
Rendered 4019/4399, time remaining: 13s
Rendered 4020/4399, time remaining: 13s
Rendered 4021/4399, time remaining: 13s
Rendered 4022/4399, time remaining: 13s
Rendered 4023/4399, time remaining: 13s
Rendered 4024/4399, time remaining: 13s
Rendered 4025/4399, time remaining: 13s
Rendered 4026/4399, time remaining: 13s
Rendered 4027/4399, time remaining: 13s
Rendered 4028/4399, time remaining: 13s
Rendered 4029/4399, time remaining: 13s
Rendered 4030/4399, time remaining: 13s
Rendered 4031/4399, time remaining: 13s
Rendered 4032/4399, time remaining: 13s
Rendered 4033/4399, time remaining: 13s
Rendered 4034/4399, time remaining: 12s
Rendered 4035/4399, time remaining: 12s
Rendered 4036/4399, time remaining: 12s
Rendered 4037/4399, time remaining: 12s
Rendered 4038/4399, time remaining: 12s
Rendered 4039/4399, time remaining: 12s
Rendered 4040/4399, time remaining: 12s
Rendered 4041/4399, time remaining: 12s
Rendered 4042/4399, time remaining: 12s
Rendered 4043/4399, time remaining: 12s
Rendered 4044/4399, time remaining: 12s
Rendered 4045/4399, time remaining: 12s
Rendered 4046/4399, time remaining: 12s
Rendered 4047/4399, time remaining: 12s
Rendered 4048/4399, time remaining: 12s
Rendered 4049/4399, time remaining: 12s
Rendered 4050/4399, time remaining: 12s
Rendered 4051/4399, time remaining: 12s
Rendered 4052/4399, time remaining: 12s
Rendered 4053/4399, time remaining: 12s
Rendered 4054/4399, time remaining: 12s
Rendered 4055/4399, time remaining: 12s
Rendered 4056/4399, time remaining: 12s
Rendered 4057/4399, time remaining: 12s
Rendered 4058/4399, time remaining: 12s
Rendered 4059/4399, time remaining: 12s
Rendered 4060/4399, time remaining: 12s
Rendered 4061/4399, time remaining: 11s
Rendered 4062/4399, time remaining: 12s
Rendered 4063/4399, time remaining: 12s
Rendered 4064/4399, time remaining: 12s
Rendered 4065/4399, time remaining: 11s
Rendered 4066/4399, time remaining: 11s
Rendered 4067/4399, time remaining: 11s
Rendered 4068/4399, time remaining: 11s
Rendered 4069/4399, time remaining: 11s
Rendered 4070/4399, time remaining: 11s
Rendered 4071/4399, time remaining: 11s
Rendered 4072/4399, time remaining: 11s
Rendered 4073/4399, time remaining: 11s
Rendered 4074/4399, time remaining: 11s
Rendered 4075/4399, time remaining: 11s
Rendered 4076/4399, time remaining: 11s
Rendered 4077/4399, time remaining: 11s
Rendered 4078/4399, time remaining: 11s
Rendered 4079/4399, time remaining: 11s
Rendered 4080/4399, time remaining: 11s
Rendered 4081/4399, time remaining: 11s
Rendered 4082/4399, time remaining: 11s
Rendered 4083/4399, time remaining: 11s
Rendered 4084/4399, time remaining: 11s
Rendered 4085/4399, time remaining: 11s
Rendered 4086/4399, time remaining: 11s
Rendered 4087/4399, time remaining: 11s
Rendered 4088/4399, time remaining: 11s
Rendered 4089/4399, time remaining: 10s
Rendered 4090/4399, time remaining: 11s
Rendered 4091/4399, time remaining: 11s
Rendered 4092/4399, time remaining: 11s
Rendered 4093/4399, time remaining: 11s
Rendered 4094/4399, time remaining: 11s
Rendered 4095/4399, time remaining: 11s
Rendered 4096/4399, time remaining: 10s
Rendered 4097/4399, time remaining: 10s
Rendered 4098/4399, time remaining: 10s
Rendered 4099/4399, time remaining: 10s
Rendered 4100/4399, time remaining: 10s
Rendered 4101/4399, time remaining: 10s
Rendered 4102/4399, time remaining: 10s
Rendered 4103/4399, time remaining: 10s
Rendered 4104/4399, time remaining: 10s
Rendered 4105/4399, time remaining: 10s
Rendered 4106/4399, time remaining: 10s
Rendered 4107/4399, time remaining: 10s
Rendered 4108/4399, time remaining: 10s
Rendered 4109/4399, time remaining: 10s
Rendered 4110/4399, time remaining: 10s
Rendered 4111/4399, time remaining: 10s
Rendered 4112/4399, time remaining: 10s
Rendered 4113/4399, time remaining: 10s
Rendered 4114/4399, time remaining: 10s
Rendered 4115/4399, time remaining: 10s
Rendered 4116/4399, time remaining: 10s
Rendered 4117/4399, time remaining: 10s
Rendered 4118/4399, time remaining: 10s
Rendered 4119/4399, time remaining: 10s
Rendered 4120/4399, time remaining: 10s
Rendered 4121/4399, time remaining: 10s
Rendered 4122/4399, time remaining: 9s
Rendered 4123/4399, time remaining: 9s
Rendered 4124/4399, time remaining: 9s
Rendered 4125/4399, time remaining: 9s
Rendered 4126/4399, time remaining: 9s
Rendered 4127/4399, time remaining: 9s
Rendered 4128/4399, time remaining: 9s
Rendered 4129/4399, time remaining: 9s
Rendered 4130/4399, time remaining: 9s
Rendered 4131/4399, time remaining: 9s
Rendered 4132/4399, time remaining: 9s
Rendered 4133/4399, time remaining: 9s
Rendered 4134/4399, time remaining: 9s
Rendered 4135/4399, time remaining: 9s
Rendered 4136/4399, time remaining: 9s
Rendered 4137/4399, time remaining: 9s
Rendered 4138/4399, time remaining: 9s
Rendered 4139/4399, time remaining: 9s
Rendered 4140/4399, time remaining: 9s
Rendered 4141/4399, time remaining: 9s
Rendered 4142/4399, time remaining: 9s
Rendered 4143/4399, time remaining: 9s
Rendered 4144/4399, time remaining: 9s
Rendered 4145/4399, time remaining: 9s
Rendered 4146/4399, time remaining: 9s
Rendered 4147/4399, time remaining: 9s
Rendered 4148/4399, time remaining: 8s
Rendered 4149/4399, time remaining: 8s
Rendered 4150/4399, time remaining: 8s
Rendered 4151/4399, time remaining: 8s
Rendered 4152/4399, time remaining: 8s
Rendered 4153/4399, time remaining: 8s
Rendered 4154/4399, time remaining: 8s
Rendered 4155/4399, time remaining: 8s
Rendered 4156/4399, time remaining: 8s
Rendered 4157/4399, time remaining: 8s
Rendered 4158/4399, time remaining: 8s
Rendered 4159/4399, time remaining: 8s
Rendered 4160/4399, time remaining: 8s
Rendered 4161/4399, time remaining: 8s
Rendered 4162/4399, time remaining: 8s
Rendered 4163/4399, time remaining: 8s
Rendered 4164/4399, time remaining: 8s
Rendered 4165/4399, time remaining: 8s
Rendered 4166/4399, time remaining: 8s
Rendered 4167/4399, time remaining: 8s
Rendered 4168/4399, time remaining: 8s
Rendered 4169/4399, time remaining: 8s
Rendered 4170/4399, time remaining: 8s
Rendered 4171/4399, time remaining: 8s
Rendered 4172/4399, time remaining: 8s
Rendered 4173/4399, time remaining: 8s
Rendered 4174/4399, time remaining: 8s
Rendered 4175/4399, time remaining: 8s
Rendered 4176/4399, time remaining: 7s
Rendered 4177/4399, time remaining: 7s
Rendered 4178/4399, time remaining: 7s
Rendered 4179/4399, time remaining: 7s
Rendered 4180/4399, time remaining: 7s
Rendered 4181/4399, time remaining: 7s
Rendered 4182/4399, time remaining: 7s
Rendered 4183/4399, time remaining: 7s
Rendered 4184/4399, time remaining: 7s
Rendered 4185/4399, time remaining: 7s
Rendered 4186/4399, time remaining: 7s
Rendered 4187/4399, time remaining: 7s
Rendered 4188/4399, time remaining: 7s
Rendered 4189/4399, time remaining: 7s
Rendered 4190/4399, time remaining: 7s
Rendered 4191/4399, time remaining: 7s
Rendered 4192/4399, time remaining: 7s
Rendered 4193/4399, time remaining: 7s
Rendered 4194/4399, time remaining: 7s
Rendered 4195/4399, time remaining: 7s
Rendered 4196/4399, time remaining: 7s
Rendered 4197/4399, time remaining: 7s
Rendered 4198/4399, time remaining: 7s
Rendered 4199/4399, time remaining: 7s
Rendered 4200/4399, time remaining: 7s
Rendered 4201/4399, time remaining: 7s
Rendered 4202/4399, time remaining: 7s
Rendered 4203/4399, time remaining: 7s
Rendered 4204/4399, time remaining: 7s
Rendered 4205/4399, time remaining: 6s
Rendered 4206/4399, time remaining: 6s
Rendered 4207/4399, time remaining: 7s
Rendered 4208/4399, time remaining: 6s
Rendered 4209/4399, time remaining: 6s
Rendered 4210/4399, time remaining: 6s
Rendered 4211/4399, time remaining: 6s
Rendered 4212/4399, time remaining: 6s
Rendered 4213/4399, time remaining: 6s
Rendered 4214/4399, time remaining: 6s
Rendered 4215/4399, time remaining: 6s
Rendered 4216/4399, time remaining: 6s
Rendered 4217/4399, time remaining: 6s
Rendered 4218/4399, time remaining: 6s
Rendered 4219/4399, time remaining: 6s
Rendered 4220/4399, time remaining: 6s
Rendered 4221/4399, time remaining: 6s
Rendered 4222/4399, time remaining: 6s
Rendered 4223/4399, time remaining: 6s
Rendered 4224/4399, time remaining: 6s
Rendered 4225/4399, time remaining: 6s
Rendered 4226/4399, time remaining: 6s
Rendered 4227/4399, time remaining: 6s
Rendered 4228/4399, time remaining: 6s
Rendered 4229/4399, time remaining: 6s
Rendered 4230/4399, time remaining: 6s
Rendered 4231/4399, time remaining: 6s
Rendered 4232/4399, time remaining: 5s
Rendered 4233/4399, time remaining: 6s
Rendered 4234/4399, time remaining: 6s
Rendered 4235/4399, time remaining: 5s
Rendered 4236/4399, time remaining: 5s
Rendered 4237/4399, time remaining: 5s
Rendered 4238/4399, time remaining: 5s
Rendered 4239/4399, time remaining: 5s
Rendered 4240/4399, time remaining: 5s
Rendered 4241/4399, time remaining: 5s
Rendered 4242/4399, time remaining: 5s
Rendered 4243/4399, time remaining: 5s
Rendered 4244/4399, time remaining: 5s
Rendered 4245/4399, time remaining: 5s
Rendered 4246/4399, time remaining: 5s
Rendered 4247/4399, time remaining: 5s
Rendered 4248/4399, time remaining: 5s
Rendered 4249/4399, time remaining: 5s
Rendered 4250/4399, time remaining: 5s
Rendered 4251/4399, time remaining: 5s
Rendered 4252/4399, time remaining: 5s
Rendered 4253/4399, time remaining: 5s
Rendered 4254/4399, time remaining: 5s
Rendered 4255/4399, time remaining: 5s
Rendered 4256/4399, time remaining: 5s
Rendered 4257/4399, time remaining: 5s
Rendered 4258/4399, time remaining: 5s
Rendered 4259/4399, time remaining: 5s
Rendered 4260/4399, time remaining: 5s
Rendered 4261/4399, time remaining: 5s
Rendered 4262/4399, time remaining: 5s
Rendered 4263/4399, time remaining: 5s
Rendered 4264/4399, time remaining: 4s
Rendered 4265/4399, time remaining: 4s
Rendered 4266/4399, time remaining: 4s
Rendered 4267/4399, time remaining: 4s
Rendered 4268/4399, time remaining: 4s
Rendered 4269/4399, time remaining: 4s
Rendered 4270/4399, time remaining: 4s
Rendered 4271/4399, time remaining: 4s
Rendered 4272/4399, time remaining: 4s
Rendered 4273/4399, time remaining: 4s
Rendered 4274/4399, time remaining: 4s
Rendered 4275/4399, time remaining: 4s
Rendered 4276/4399, time remaining: 4s
Rendered 4277/4399, time remaining: 4s
Rendered 4278/4399, time remaining: 4s
Rendered 4279/4399, time remaining: 4s
Rendered 4280/4399, time remaining: 4s
Rendered 4281/4399, time remaining: 4s
Rendered 4282/4399, time remaining: 4s
Rendered 4283/4399, time remaining: 4s
Rendered 4284/4399, time remaining: 4s
Rendered 4285/4399, time remaining: 4s
Rendered 4286/4399, time remaining: 4s
Rendered 4287/4399, time remaining: 4s
Rendered 4288/4399, time remaining: 4s
Rendered 4289/4399, time remaining: 4s
Rendered 4290/4399, time remaining: 4s
Rendered 4291/4399, time remaining: 3s
Rendered 4292/4399, time remaining: 3s
Rendered 4293/4399, time remaining: 3s
Rendered 4294/4399, time remaining: 3s
Rendered 4295/4399, time remaining: 3s
Rendered 4296/4399, time remaining: 3s
Rendered 4297/4399, time remaining: 3s
Rendered 4298/4399, time remaining: 3s
Rendered 4299/4399, time remaining: 3s
Rendered 4300/4399, time remaining: 3s
Rendered 4301/4399, time remaining: 3s
Rendered 4302/4399, time remaining: 3s
Rendered 4303/4399, time remaining: 3s
Rendered 4304/4399, time remaining: 3s
Rendered 4305/4399, time remaining: 3s
Rendered 4306/4399, time remaining: 3s
Rendered 4307/4399, time remaining: 3s
Rendered 4308/4399, time remaining: 3s
Rendered 4309/4399, time remaining: 3s
Rendered 4310/4399, time remaining: 3s
Rendered 4311/4399, time remaining: 3s
Rendered 4312/4399, time remaining: 3s
Rendered 4313/4399, time remaining: 3s
Rendered 4314/4399, time remaining: 3s
Rendered 4315/4399, time remaining: 3s
Rendered 4316/4399, time remaining: 3s
Rendered 4317/4399, time remaining: 3s
Rendered 4318/4399, time remaining: 3s
Rendered 4319/4399, time remaining: 3s
Rendered 4320/4399, time remaining: 2s
Rendered 4321/4399, time remaining: 2s
Rendered 4322/4399, time remaining: 2s
Rendered 4323/4399, time remaining: 2s
Rendered 4324/4399, time remaining: 2s
Rendered 4325/4399, time remaining: 2s
Rendered 4326/4399, time remaining: 2s
Rendered 4327/4399, time remaining: 2s
Rendered 4328/4399, time remaining: 2s
Rendered 4329/4399, time remaining: 2s
Rendered 4330/4399, time remaining: 2s
Rendered 4331/4399, time remaining: 2s
Rendered 4332/4399, time remaining: 2s
Rendered 4333/4399, time remaining: 2s
Rendered 4334/4399, time remaining: 2s
Rendered 4335/4399, time remaining: 2s
Rendered 4336/4399, time remaining: 2s
Rendered 4337/4399, time remaining: 2s
Rendered 4338/4399, time remaining: 2s
Rendered 4339/4399, time remaining: 2s
Rendered 4340/4399, time remaining: 2s
Rendered 4341/4399, time remaining: 2s
Rendered 4342/4399, time remaining: 2s
Rendered 4343/4399, time remaining: 2s
Rendered 4344/4399, time remaining: 2s
Rendered 4345/4399, time remaining: 2s
Rendered 4346/4399, time remaining: 1s
Rendered 4347/4399, time remaining: 1s
Rendered 4348/4399, time remaining: 1s
Rendered 4349/4399, time remaining: 1s
Rendered 4350/4399, time remaining: 1s
Rendered 4351/4399, time remaining: 1s
Rendered 4352/4399, time remaining: 1s
Rendered 4353/4399, time remaining: 1s
Rendered 4354/4399, time remaining: 1s
Rendered 4355/4399, time remaining: 1s
Rendered 4356/4399, time remaining: 1s
Rendered 4357/4399, time remaining: 1s
Rendered 4358/4399, time remaining: 1s
Rendered 4359/4399, time remaining: 1s
Rendered 4360/4399, time remaining: 1s
Rendered 4361/4399, time remaining: 1s
Rendered 4362/4399, time remaining: 1s
Rendered 4363/4399, time remaining: 1s
Rendered 4364/4399, time remaining: 1s
Rendered 4365/4399, time remaining: 1s
Rendered 4366/4399, time remaining: 1s
Rendered 4367/4399, time remaining: 1s
Rendered 4368/4399, time remaining: 1s
Rendered 4369/4399, time remaining: 1s
Rendered 4370/4399, time remaining: 1s
Rendered 4371/4399, time remaining: 0s
Rendered 4372/4399, time remaining: 0s
Rendered 4373/4399, time remaining: 0s
Rendered 4374/4399, time remaining: 0s
Rendered 4375/4399, time remaining: 0s
Rendered 4376/4399, time remaining: 0s
Rendered 4377/4399, time remaining: 0s
Rendered 4378/4399, time remaining: 0s
Rendered 4379/4399, time remaining: 0s
Rendered 4380/4399, time remaining: 0s
Rendered 4381/4399, time remaining: 0s
Rendered 4382/4399, time remaining: 0s
Rendered 4383/4399, time remaining: 0s
Rendered 4384/4399, time remaining: 0s
Rendered 4385/4399, time remaining: 0s
Rendered 4386/4399, time remaining: 0s
Rendered 4387/4399, time remaining: 0s
Rendered 4388/4399, time remaining: 0s
Rendered 4389/4399, time remaining: 0s
Rendered 4390/4399, time remaining: 0s
Rendered 4391/4399, time remaining: 0s
Rendered 4392/4399, time remaining: 0s
Rendered 4393/4399, time remaining: 0s
Rendered 4394/4399, time remaining: 0s
Rendered 4395/4399, time remaining: 0s
Rendered 4396/4399, time remaining: 0s
Rendered 4397/4399, time remaining: 0s
Rendered 4398/4399, time remaining: 0s
Rendered 4399/4399
Encoded 75/4399
Encoded 176/4399
Encoded 263/4399
Encoded 365/4399
Encoded 475/4399
Encoded 575/4399
Encoded 673/4399
Encoded 779/4399
Encoded 880/4399
Encoded 983/4399
Encoded 1086/4399
Encoded 1193/4399
Encoded 1308/4399
Encoded 1387/4399
Encoded 1503/4399
Encoded 1614/4399
Encoded 1707/4399
Encoded 1806/4399
Encoded 1911/4399
Encoded 2018/4399
Encoded 2114/4399
Encoded 2225/4399
Encoded 2336/4399
Encoded 2432/4399
Encoded 2550/4399
Encoded 2665/4399
Encoded 2775/4399
Encoded 2876/4399
Encoded 2977/4399
Encoded 3078/4399
Encoded 3184/4399
Encoded 3292/4399
Encoded 3382/4399
Encoded 3477/4399
Encoded 3569/4399
Encoded 3663/4399
Encoded 3765/4399
Encoded 3860/4399
Encoded 3966/4399
Encoded 4074/4399
Encoded 4180/4399
Encoded 4284/4399
Encoded 4399/4399
+                    ../projects/import-china-india-te/renders/ch15.mp4 17.9 MB
Bundling 6%
Bundling 16%
Bundling 63%
Bundling 69%
Bundling 74%
Bundling 80%
Bundling 85%
Bundling 90%
Bundling 95%
Bundling 100%
Getting composition
Composition          Explainer
Codec                h264
Output               ../projects/import-china-india-te/renders/ch16.mp4
Concurrency          8x
Rendered 0/4563
Rendered 1/4563, time remaining: 1h 7m 12s
Rendered 2/4563, time remaining: 33m 45s
Rendered 3/4563, time remaining: 22m 29s
Rendered 4/4563, time remaining: 16m 53s
Rendered 5/4563, time remaining: 14m 44s
Rendered 6/4563, time remaining: 12m 20s
Rendered 7/4563, time remaining: 10m 35s
Rendered 8/4563, time remaining: 9m 34s
Rendered 9/4563, time remaining: 9m 21s
Rendered 10/4563, time remaining: 8m 25s
Rendered 11/4563, time remaining: 8m 15s
Rendered 12/4563, time remaining: 7m 35s
Rendered 13/4563, time remaining: 7m 26s
Rendered 14/4563, time remaining: 6m 54s
Rendered 15/4563, time remaining: 6m 27s
Rendered 16/4563, time remaining: 6m 3s
Rendered 17/4563, time remaining: 6m 6s
Rendered 18/4563, time remaining: 5m 57s
Rendered 19/4563, time remaining: 5m 49s
Rendered 20/4563, time remaining: 5m 32s
Rendered 21/4563, time remaining: 5m 29s
Rendered 22/4563, time remaining: 5m 14s
Rendered 23/4563, time remaining: 5m 1s
Rendered 24/4563, time remaining: 5m 3s
Rendered 25/4563, time remaining: 4m 54s
Rendered 26/4563, time remaining: 5m 0s
Rendered 27/4563, time remaining: 4m 49s
Rendered 28/4563, time remaining: 4m 41s
Rendered 29/4563, time remaining: 4m 43s
Rendered 30/4563, time remaining: 4m 35s
Rendered 31/4563, time remaining: 4m 26s
Rendered 32/4563, time remaining: 4m 27s
Rendered 33/4563, time remaining: 4m 19s
Rendered 34/4563, time remaining: 4m 26s
Rendered 35/4563, time remaining: 4m 18s
Rendered 36/4563, time remaining: 4m 21s
Rendered 37/4563, time remaining: 4m 14s
Rendered 38/4563, time remaining: 4m 16s
Rendered 39/4563, time remaining: 4m 9s
Rendered 40/4563, time remaining: 4m 4s
Rendered 41/4563, time remaining: 3m 58s
Rendered 42/4563, time remaining: 4m 0s
Rendered 43/4563, time remaining: 3m 57s
Rendered 44/4563, time remaining: 4m 3s
Rendered 45/4563, time remaining: 3m 57s
Rendered 46/4563, time remaining: 3m 52s
Rendered 47/4563, time remaining: 3m 58s
Rendered 48/4563, time remaining: 3m 55s
Rendered 49/4563, time remaining: 3m 51s
Rendered 50/4563, time remaining: 3m 48s
Rendered 51/4563, time remaining: 3m 48s
Rendered 52/4563, time remaining: 3m 44s
Rendered 53/4563, time remaining: 3m 39s
Rendered 54/4563, time remaining: 3m 36s
Rendered 55/4563, time remaining: 3m 44s
Rendered 56/4563, time remaining: 3m 40s
Rendered 57/4563, time remaining: 3m 44s
Rendered 58/4563, time remaining: 3m 40s
Rendered 59/4563, time remaining: 3m 42s
Rendered 60/4563, time remaining: 3m 39s
Rendered 61/4563, time remaining: 3m 35s
Rendered 62/4563, time remaining: 3m 32s
Rendered 63/4563, time remaining: 3m 36s
Rendered 64/4563, time remaining: 3m 33s
Rendered 65/4563, time remaining: 3m 30s
Rendered 66/4563, time remaining: 3m 33s
Rendered 67/4563, time remaining: 3m 34s
Rendered 68/4563, time remaining: 3m 31s
Rendered 69/4563, time remaining: 3m 28s
Rendered 70/4563, time remaining: 3m 26s
Rendered 71/4563, time remaining: 3m 29s
Rendered 72/4563, time remaining: 3m 31s
Rendered 73/4563, time remaining: 3m 28s
Rendered 74/4563, time remaining: 3m 28s
Rendered 75/4563, time remaining: 3m 27s
Rendered 76/4563, time remaining: 3m 24s
Rendered 77/4563, time remaining: 3m 22s
Rendered 78/4563, time remaining: 3m 20s
Rendered 79/4563, time remaining: 3m 22s
Rendered 80/4563, time remaining: 3m 26s
Rendered 81/4563, time remaining: 3m 26s
Rendered 82/4563, time remaining: 3m 24s
Rendered 83/4563, time remaining: 3m 21s
Rendered 84/4563, time remaining: 3m 19s
Rendered 85/4563, time remaining: 3m 18s
Rendered 86/4563, time remaining: 3m 16s
Rendered 87/4563, time remaining: 3m 15s
Rendered 88/4563, time remaining: 3m 22s
Rendered 89/4563, time remaining: 3m 20s
Rendered 90/4563, time remaining: 3m 19s
Rendered 91/4563, time remaining: 3m 17s
Rendered 92/4563, time remaining: 3m 16s
Rendered 93/4563, time remaining: 3m 15s
Rendered 94/4563, time remaining: 3m 14s
Rendered 95/4563, time remaining: 3m 12s
Rendered 96/4563, time remaining: 3m 18s
Rendered 97/4563, time remaining: 3m 16s
Rendered 98/4563, time remaining: 3m 15s
Rendered 99/4563, time remaining: 3m 13s
Rendered 100/4563, time remaining: 3m 13s
Rendered 101/4563, time remaining: 3m 11s
Rendered 102/4563, time remaining: 3m 11s
Rendered 103/4563, time remaining: 3m 13s
Rendered 104/4563, time remaining: 3m 13s
Rendered 105/4563, time remaining: 3m 12s
Rendered 106/4563, time remaining: 3m 12s
Rendered 107/4563, time remaining: 3m 12s
Rendered 108/4563, time remaining: 3m 11s
Rendered 109/4563, time remaining: 3m 9s
Rendered 110/4563, time remaining: 3m 7s
Rendered 111/4563, time remaining: 3m 9s
Rendered 112/4563, time remaining: 3m 9s
Rendered 113/4563, time remaining: 3m 10s
Rendered 114/4563, time remaining: 3m 8s
Rendered 115/4563, time remaining: 3m 7s
Rendered 116/4563, time remaining: 3m 8s
Rendered 117/4563, time remaining: 3m 7s
Rendered 118/4563, time remaining: 3m 5s
Rendered 119/4563, time remaining: 3m 8s
Rendered 120/4563, time remaining: 3m 7s
Rendered 121/4563, time remaining: 3m 6s
Rendered 122/4563, time remaining: 3m 4s
Rendered 123/4563, time remaining: 3m 3s
Rendered 124/4563, time remaining: 3m 3s
Rendered 125/4563, time remaining: 3m 2s
Rendered 126/4563, time remaining: 3m 1s
Rendered 127/4563, time remaining: 3m 4s
Rendered 128/4563, time remaining: 3m 5s
Rendered 129/4563, time remaining: 3m 5s
Rendered 130/4563, time remaining: 3m 4s
Rendered 131/4563, time remaining: 3m 3s
Rendered 132/4563, time remaining: 3m 2s
Rendered 133/4563, time remaining: 3m 0s
Rendered 134/4563, time remaining: 3m 0s
Rendered 135/4563, time remaining: 3m 4s
Rendered 136/4563, time remaining: 3m 3s
Rendered 137/4563, time remaining: 3m 3s
Rendered 138/4563, time remaining: 3m 2s
Rendered 139/4563, time remaining: 3m 1s
Rendered 140/4563, time remaining: 3m 2s
Rendered 141/4563, time remaining: 3m 1s
Rendered 142/4563, time remaining: 3m 0s
Rendered 143/4563, time remaining: 3m 1s
Rendered 144/4563, time remaining: 2m 59s
Rendered 145/4563, time remaining: 3m 0s
Rendered 146/4563, time remaining: 3m 0s
Rendered 147/4563, time remaining: 2m 59s
Rendered 148/4563, time remaining: 3m 0s
Rendered 149/4563, time remaining: 2m 59s
Rendered 150/4563, time remaining: 3m 0s
Rendered 151/4563, time remaining: 2m 34s
Rendered 152/4563, time remaining: 2m 35s
Rendered 153/4563, time remaining: 2m 35s
Rendered 154/4563, time remaining: 2m 38s
Rendered 155/4563, time remaining: 2m 36s
Rendered 156/4563, time remaining: 2m 38s
Rendered 157/4563, time remaining: 2m 38s
Rendered 158/4563, time remaining: 2m 37s
Rendered 159/4563, time remaining: 2m 34s
Rendered 160/4563, time remaining: 2m 37s
Rendered 161/4563, time remaining: 2m 34s
Rendered 162/4563, time remaining: 2m 34s
Rendered 163/4563, time remaining: 2m 35s
Rendered 164/4563, time remaining: 2m 36s
Rendered 165/4563, time remaining: 2m 36s
Rendered 166/4563, time remaining: 2m 38s
Rendered 167/4563, time remaining: 2m 35s
Rendered 168/4563, time remaining: 2m 36s
Rendered 169/4563, time remaining: 2m 34s
Rendered 170/4563, time remaining: 2m 37s
Rendered 171/4563, time remaining: 2m 35s
Rendered 172/4563, time remaining: 2m 35s
Rendered 173/4563, time remaining: 2m 36s
Rendered 174/4563, time remaining: 2m 34s
Rendered 175/4563, time remaining: 2m 38s
Rendered 176/4563, time remaining: 2m 35s
Rendered 177/4563, time remaining: 2m 36s
Rendered 178/4563, time remaining: 2m 37s
Rendered 179/4563, time remaining: 2m 35s
Rendered 180/4563, time remaining: 2m 34s
Rendered 181/4563, time remaining: 2m 34s
Rendered 182/4563, time remaining: 2m 35s
Rendered 183/4563, time remaining: 2m 35s
Rendered 184/4563, time remaining: 2m 32s
Rendered 185/4563, time remaining: 2m 36s
Rendered 186/4563, time remaining: 2m 35s
Rendered 187/4563, time remaining: 2m 35s
Rendered 188/4563, time remaining: 2m 33s
Rendered 189/4563, time remaining: 2m 33s
Rendered 190/4563, time remaining: 2m 35s
Rendered 191/4563, time remaining: 2m 35s
Rendered 192/4563, time remaining: 2m 34s
Rendered 193/4563, time remaining: 2m 34s
Rendered 194/4563, time remaining: 2m 35s
Rendered 195/4563, time remaining: 2m 35s
Rendered 196/4563, time remaining: 2m 35s
Rendered 197/4563, time remaining: 2m 32s
Rendered 198/4563, time remaining: 2m 33s
Rendered 199/4563, time remaining: 2m 32s
Rendered 200/4563, time remaining: 2m 32s
Rendered 201/4563, time remaining: 2m 34s
Rendered 202/4563, time remaining: 2m 34s
Rendered 203/4563, time remaining: 2m 37s
Rendered 204/4563, time remaining: 2m 37s
Rendered 205/4563, time remaining: 2m 32s
Rendered 206/4563, time remaining: 2m 32s
Rendered 207/4563, time remaining: 2m 30s
Rendered 208/4563, time remaining: 2m 34s
Rendered 209/4563, time remaining: 2m 32s
Rendered 210/4563, time remaining: 2m 33s
Rendered 211/4563, time remaining: 2m 33s
Rendered 212/4563, time remaining: 2m 34s
Rendered 213/4563, time remaining: 2m 32s
Rendered 214/4563, time remaining: 2m 32s
Rendered 215/4563, time remaining: 2m 35s
Rendered 216/4563, time remaining: 2m 32s
Rendered 217/4563, time remaining: 2m 31s
Rendered 218/4563, time remaining: 2m 34s
Rendered 219/4563, time remaining: 2m 34s
Rendered 220/4563, time remaining: 2m 33s
Rendered 221/4563, time remaining: 2m 31s
Rendered 222/4563, time remaining: 2m 30s
Rendered 223/4563, time remaining: 2m 31s
Rendered 224/4563, time remaining: 2m 31s
Rendered 225/4563, time remaining: 2m 32s
Rendered 226/4563, time remaining: 2m 32s
Rendered 227/4563, time remaining: 2m 32s
Rendered 228/4563, time remaining: 2m 32s
Rendered 229/4563, time remaining: 2m 33s
Rendered 230/4563, time remaining: 2m 30s
Rendered 231/4563, time remaining: 2m 30s
Rendered 232/4563, time remaining: 2m 30s
Rendered 233/4563, time remaining: 2m 31s
Rendered 234/4563, time remaining: 2m 31s
Rendered 235/4563, time remaining: 2m 30s
Rendered 236/4563, time remaining: 2m 32s
Rendered 237/4563, time remaining: 2m 36s
Rendered 238/4563, time remaining: 2m 31s
Rendered 239/4563, time remaining: 2m 31s
Rendered 240/4563, time remaining: 2m 31s
Rendered 241/4563, time remaining: 2m 31s
Rendered 242/4563, time remaining: 2m 31s
Rendered 243/4563, time remaining: 2m 30s
Rendered 244/4563, time remaining: 2m 32s
Rendered 245/4563, time remaining: 2m 36s
Rendered 246/4563, time remaining: 2m 31s
Rendered 247/4563, time remaining: 2m 31s
Rendered 248/4563, time remaining: 2m 32s
Rendered 249/4563, time remaining: 2m 32s
Rendered 250/4563, time remaining: 2m 31s
Rendered 251/4563, time remaining: 2m 33s
Rendered 252/4563, time remaining: 2m 32s
Rendered 253/4563, time remaining: 2m 32s
Rendered 254/4563, time remaining: 2m 33s
Rendered 255/4563, time remaining: 2m 32s
Rendered 256/4563, time remaining: 2m 32s
Rendered 257/4563, time remaining: 2m 30s
Rendered 258/4563, time remaining: 2m 32s
Rendered 259/4563, time remaining: 2m 32s
Rendered 260/4563, time remaining: 2m 32s
Rendered 261/4563, time remaining: 2m 33s
Rendered 262/4563, time remaining: 2m 33s
Rendered 263/4563, time remaining: 2m 33s
Rendered 264/4563, time remaining: 2m 33s
Rendered 265/4563, time remaining: 2m 33s
Rendered 266/4563, time remaining: 2m 30s
Rendered 267/4563, time remaining: 2m 30s
Rendered 268/4563, time remaining: 2m 32s
Rendered 269/4563, time remaining: 2m 30s
Rendered 270/4563, time remaining: 2m 29s
Rendered 271/4563, time remaining: 2m 33s
Rendered 272/4563, time remaining: 2m 34s
Rendered 273/4563, time remaining: 2m 34s
Rendered 274/4563, time remaining: 2m 33s
Rendered 275/4563, time remaining: 2m 33s
Rendered 276/4563, time remaining: 2m 34s
Rendered 277/4563, time remaining: 2m 31s
Rendered 278/4563, time remaining: 2m 29s
Rendered 279/4563, time remaining: 2m 31s
Rendered 280/4563, time remaining: 2m 33s
Rendered 281/4563, time remaining: 2m 33s
Rendered 282/4563, time remaining: 2m 33s
Rendered 283/4563, time remaining: 2m 32s
Rendered 284/4563, time remaining: 2m 34s
Rendered 285/4563, time remaining: 2m 29s
Rendered 286/4563, time remaining: 2m 29s
Rendered 287/4563, time remaining: 2m 32s
Rendered 288/4563, time remaining: 2m 32s
Rendered 289/4563, time remaining: 2m 32s
Rendered 290/4563, time remaining: 2m 30s
Rendered 291/4563, time remaining: 2m 31s
Rendered 292/4563, time remaining: 2m 33s
Rendered 293/4563, time remaining: 2m 31s
Rendered 294/4563, time remaining: 2m 31s
Rendered 295/4563, time remaining: 2m 32s
Rendered 296/4563, time remaining: 2m 31s
Rendered 297/4563, time remaining: 2m 33s
Rendered 298/4563, time remaining: 2m 30s
Rendered 299/4563, time remaining: 2m 30s
Rendered 300/4563, time remaining: 2m 30s
Rendered 301/4563, time remaining: 2m 30s
Rendered 302/4563, time remaining: 2m 31s
Rendered 303/4563, time remaining: 2m 31s
Rendered 304/4563, time remaining: 2m 29s
Rendered 305/4563, time remaining: 2m 29s
Rendered 306/4563, time remaining: 2m 27s
Rendered 307/4563, time remaining: 2m 29s
Rendered 308/4563, time remaining: 2m 31s
Rendered 309/4563, time remaining: 2m 32s
Rendered 310/4563, time remaining: 2m 30s
Rendered 311/4563, time remaining: 2m 30s
Rendered 312/4563, time remaining: 2m 32s
Rendered 313/4563, time remaining: 2m 31s
Rendered 314/4563, time remaining: 2m 30s
Rendered 315/4563, time remaining: 2m 33s
Rendered 316/4563, time remaining: 2m 31s
Rendered 317/4563, time remaining: 2m 31s
Rendered 318/4563, time remaining: 2m 29s
Rendered 319/4563, time remaining: 2m 29s
Rendered 320/4563, time remaining: 2m 27s
Rendered 321/4563, time remaining: 2m 30s
Rendered 322/4563, time remaining: 2m 32s
Rendered 323/4563, time remaining: 2m 31s
Rendered 324/4563, time remaining: 2m 31s
Rendered 325/4563, time remaining: 2m 30s
Rendered 326/4563, time remaining: 2m 31s
Rendered 327/4563, time remaining: 2m 30s
Rendered 328/4563, time remaining: 2m 28s
Rendered 329/4563, time remaining: 2m 29s
Rendered 330/4563, time remaining: 2m 33s
Rendered 331/4563, time remaining: 2m 33s
Rendered 332/4563, time remaining: 2m 31s
Rendered 333/4563, time remaining: 2m 31s
Rendered 334/4563, time remaining: 2m 32s
Rendered 335/4563, time remaining: 2m 29s
Rendered 336/4563, time remaining: 2m 27s
Rendered 337/4563, time remaining: 2m 27s
Rendered 338/4563, time remaining: 2m 33s
Rendered 339/4563, time remaining: 2m 33s
Rendered 340/4563, time remaining: 2m 31s
Rendered 341/4563, time remaining: 2m 31s
Rendered 342/4563, time remaining: 2m 32s
Rendered 343/4563, time remaining: 2m 31s
Rendered 344/4563, time remaining: 2m 28s
Rendered 345/4563, time remaining: 2m 32s
Rendered 346/4563, time remaining: 2m 32s
Rendered 347/4563, time remaining: 2m 32s
Rendered 348/4563, time remaining: 2m 32s
Rendered 349/4563, time remaining: 2m 32s
Rendered 350/4563, time remaining: 2m 33s
Rendered 351/4563, time remaining: 2m 29s
Rendered 352/4563, time remaining: 2m 29s
Rendered 353/4563, time remaining: 2m 31s
Rendered 354/4563, time remaining: 2m 31s
Rendered 355/4563, time remaining: 2m 33s
Rendered 356/4563, time remaining: 2m 33s
Rendered 357/4563, time remaining: 2m 33s
Rendered 358/4563, time remaining: 2m 33s
Rendered 359/4563, time remaining: 2m 33s
Rendered 360/4563, time remaining: 2m 31s
Rendered 361/4563, time remaining: 2m 31s
Rendered 362/4563, time remaining: 2m 31s
Rendered 363/4563, time remaining: 2m 31s
Rendered 364/4563, time remaining: 2m 31s
Rendered 365/4563, time remaining: 2m 35s
Rendered 366/4563, time remaining: 2m 35s
Rendered 367/4563, time remaining: 2m 35s
Rendered 368/4563, time remaining: 2m 32s
Rendered 369/4563, time remaining: 2m 34s
Rendered 370/4563, time remaining: 2m 34s
Rendered 371/4563, time remaining: 2m 33s
Rendered 372/4563, time remaining: 2m 33s
Rendered 373/4563, time remaining: 2m 37s
Rendered 374/4563, time remaining: 2m 36s
Rendered 375/4563, time remaining: 2m 33s
Rendered 376/4563, time remaining: 2m 33s
Rendered 377/4563, time remaining: 2m 38s
Rendered 378/4563, time remaining: 2m 38s
Rendered 379/4563, time remaining: 2m 37s
Rendered 380/4563, time remaining: 2m 37s
Rendered 381/4563, time remaining: 2m 37s
Rendered 382/4563, time remaining: 2m 37s
Rendered 383/4563, time remaining: 2m 36s
Rendered 384/4563, time remaining: 2m 36s
Rendered 385/4563, time remaining: 2m 41s
Rendered 386/4563, time remaining: 2m 38s
Rendered 387/4563, time remaining: 2m 34s
Rendered 388/4563, time remaining: 2m 35s
Rendered 389/4563, time remaining: 2m 35s
Rendered 390/4563, time remaining: 2m 38s
Rendered 391/4563, time remaining: 2m 38s
Rendered 392/4563, time remaining: 2m 38s
Rendered 393/4563, time remaining: 2m 37s
Rendered 394/4563, time remaining: 2m 35s
Rendered 395/4563, time remaining: 2m 34s
Rendered 396/4563, time remaining: 2m 38s
Rendered 397/4563, time remaining: 2m 38s
Rendered 398/4563, time remaining: 2m 37s
Rendered 399/4563, time remaining: 2m 37s
Rendered 400/4563, time remaining: 2m 37s
Rendered 401/4563, time remaining: 2m 34s
Rendered 402/4563, time remaining: 2m 35s
Rendered 403/4563, time remaining: 2m 33s
Rendered 404/4563, time remaining: 2m 38s
Rendered 405/4563, time remaining: 2m 38s
Rendered 406/4563, time remaining: 2m 39s
Rendered 407/4563, time remaining: 2m 38s
Rendered 408/4563, time remaining: 2m 36s
Rendered 409/4563, time remaining: 2m 36s
Rendered 410/4563, time remaining: 2m 38s
Rendered 411/4563, time remaining: 2m 35s
Rendered 412/4563, time remaining: 2m 35s
Rendered 413/4563, time remaining: 2m 34s
Rendered 414/4563, time remaining: 2m 38s
Rendered 415/4563, time remaining: 2m 38s
Rendered 416/4563, time remaining: 2m 38s
Rendered 417/4563, time remaining: 2m 40s
Rendered 418/4563, time remaining: 2m 38s
Rendered 419/4563, time remaining: 2m 37s
Rendered 420/4563, time remaining: 2m 38s
Rendered 421/4563, time remaining: 2m 37s
Rendered 422/4563, time remaining: 2m 36s
Rendered 423/4563, time remaining: 2m 36s
Rendered 424/4563, time remaining: 2m 36s
Rendered 425/4563, time remaining: 2m 40s
Rendered 426/4563, time remaining: 2m 39s
Rendered 427/4563, time remaining: 2m 39s
Rendered 428/4563, time remaining: 2m 39s
Rendered 429/4563, time remaining: 2m 36s
Rendered 430/4563, time remaining: 2m 34s
Rendered 431/4563, time remaining: 2m 37s
Rendered 432/4563, time remaining: 2m 37s
Rendered 433/4563, time remaining: 2m 39s
Rendered 434/4563, time remaining: 2m 38s
Rendered 435/4563, time remaining: 2m 39s
Rendered 436/4563, time remaining: 2m 39s
Rendered 437/4563, time remaining: 2m 36s
Rendered 438/4563, time remaining: 2m 36s
Rendered 439/4563, time remaining: 2m 36s
Rendered 440/4563, time remaining: 2m 35s
Rendered 441/4563, time remaining: 2m 39s
Rendered 442/4563, time remaining: 2m 37s
Rendered 443/4563, time remaining: 2m 38s
Rendered 444/4563, time remaining: 2m 38s
Rendered 445/4563, time remaining: 2m 35s
Rendered 446/4563, time remaining: 2m 35s
Rendered 447/4563, time remaining: 2m 34s
Rendered 448/4563, time remaining: 2m 35s
Rendered 449/4563, time remaining: 2m 40s
Rendered 450/4563, time remaining: 2m 38s
Rendered 451/4563, time remaining: 2m 38s
Rendered 452/4563, time remaining: 2m 36s
Rendered 453/4563, time remaining: 2m 36s
Rendered 454/4563, time remaining: 2m 36s
Rendered 455/4563, time remaining: 2m 36s
Rendered 456/4563, time remaining: 2m 41s
Rendered 457/4563, time remaining: 2m 40s
Rendered 458/4563, time remaining: 2m 39s
Rendered 459/4563, time remaining: 2m 37s
Rendered 460/4563, time remaining: 2m 38s
Rendered 461/4563, time remaining: 2m 38s
Rendered 462/4563, time remaining: 2m 36s
Rendered 463/4563, time remaining: 2m 37s
Rendered 464/4563, time remaining: 2m 40s
Rendered 465/4563, time remaining: 2m 38s
Rendered 466/4563, time remaining: 2m 39s
Rendered 467/4563, time remaining: 2m 39s
Rendered 468/4563, time remaining: 2m 39s
Rendered 469/4563, time remaining: 2m 39s
Rendered 470/4563, time remaining: 2m 39s
Rendered 471/4563, time remaining: 2m 37s
Rendered 472/4563, time remaining: 2m 35s
Rendered 473/4563, time remaining: 2m 35s
Rendered 474/4563, time remaining: 2m 36s
Rendered 475/4563, time remaining: 2m 33s
Rendered 476/4563, time remaining: 2m 32s
Rendered 477/4563, time remaining: 2m 33s
Rendered 478/4563, time remaining: 2m 33s
Rendered 479/4563, time remaining: 2m 33s
Rendered 480/4563, time remaining: 2m 29s
Rendered 481/4563, time remaining: 2m 29s
Rendered 482/4563, time remaining: 2m 29s
Rendered 483/4563, time remaining: 2m 29s
Rendered 484/4563, time remaining: 2m 28s
Rendered 485/4563, time remaining: 2m 29s
Rendered 486/4563, time remaining: 2m 29s
Rendered 487/4563, time remaining: 2m 29s
Rendered 488/4563, time remaining: 2m 23s
Rendered 489/4563, time remaining: 2m 24s
Rendered 490/4563, time remaining: 2m 29s
Rendered 491/4563, time remaining: 2m 29s
Rendered 492/4563, time remaining: 2m 26s
Rendered 493/4563, time remaining: 2m 28s
Rendered 494/4563, time remaining: 2m 28s
Rendered 495/4563, time remaining: 2m 23s
Rendered 496/4563, time remaining: 2m 23s
Rendered 497/4563, time remaining: 2m 24s
Rendered 498/4563, time remaining: 2m 26s
Rendered 499/4563, time remaining: 2m 26s
Rendered 500/4563, time remaining: 2m 25s
Rendered 501/4563, time remaining: 2m 27s
Rendered 502/4563, time remaining: 2m 27s
Rendered 503/4563, time remaining: 2m 23s
Rendered 504/4563, time remaining: 2m 23s
Rendered 505/4563, time remaining: 2m 23s
Rendered 506/4563, time remaining: 2m 24s
Rendered 507/4563, time remaining: 2m 25s
Rendered 508/4563, time remaining: 2m 23s
Rendered 509/4563, time remaining: 2m 23s
Rendered 510/4563, time remaining: 2m 25s
Rendered 511/4563, time remaining: 2m 25s
Rendered 512/4563, time remaining: 2m 24s
Rendered 513/4563, time remaining: 2m 24s
Rendered 514/4563, time remaining: 2m 25s
Rendered 515/4563, time remaining: 2m 19s
Rendered 516/4563, time remaining: 2m 21s
Rendered 517/4563, time remaining: 2m 21s
Rendered 518/4563, time remaining: 2m 22s
Rendered 519/4563, time remaining: 2m 20s
Rendered 520/4563, time remaining: 2m 20s
Rendered 521/4563, time remaining: 2m 20s
Rendered 522/4563, time remaining: 2m 22s
Rendered 523/4563, time remaining: 2m 18s
Rendered 524/4563, time remaining: 2m 20s
Rendered 525/4563, time remaining: 2m 22s
Rendered 526/4563, time remaining: 2m 22s
Rendered 527/4563, time remaining: 2m 17s
Rendered 528/4563, time remaining: 2m 17s
Rendered 529/4563, time remaining: 2m 18s
Rendered 530/4563, time remaining: 2m 18s
Rendered 531/4563, time remaining: 2m 16s
Rendered 532/4563, time remaining: 2m 19s
Rendered 533/4563, time remaining: 2m 21s
Rendered 534/4563, time remaining: 2m 21s
Rendered 535/4563, time remaining: 2m 16s
Rendered 536/4563, time remaining: 2m 16s
Rendered 537/4563, time remaining: 2m 17s
Rendered 538/4563, time remaining: 2m 16s
Rendered 539/4563, time remaining: 2m 19s
Rendered 540/4563, time remaining: 2m 17s
Rendered 541/4563, time remaining: 2m 18s
Rendered 542/4563, time remaining: 2m 18s
Rendered 543/4563, time remaining: 2m 18s
Rendered 544/4563, time remaining: 2m 18s
Rendered 545/4563, time remaining: 2m 17s
Rendered 546/4563, time remaining: 2m 13s
Rendered 547/4563, time remaining: 2m 12s
Rendered 548/4563, time remaining: 2m 17s
Rendered 549/4563, time remaining: 2m 17s
Rendered 550/4563, time remaining: 2m 17s
Rendered 551/4563, time remaining: 2m 17s
Rendered 552/4563, time remaining: 2m 18s
Rendered 553/4563, time remaining: 2m 18s
Rendered 554/4563, time remaining: 2m 11s
Rendered 555/4563, time remaining: 2m 14s
Rendered 556/4563, time remaining: 2m 13s
Rendered 557/4563, time remaining: 2m 15s
Rendered 558/4563, time remaining: 2m 15s
Rendered 559/4563, time remaining: 2m 15s
Rendered 560/4563, time remaining: 2m 16s
Rendered 561/4563, time remaining: 2m 15s
Rendered 562/4563, time remaining: 2m 15s
Rendered 563/4563, time remaining: 2m 16s
Rendered 564/4563, time remaining: 2m 12s
Rendered 565/4563, time remaining: 2m 12s
Rendered 566/4563, time remaining: 2m 12s
Rendered 567/4563, time remaining: 2m 12s
Rendered 568/4563, time remaining: 2m 16s
Rendered 569/4563, time remaining: 2m 15s
Rendered 570/4563, time remaining: 2m 15s
Rendered 571/4563, time remaining: 2m 14s
Rendered 572/4563, time remaining: 2m 13s
Rendered 573/4563, time remaining: 2m 15s
Rendered 574/4563, time remaining: 2m 16s
Rendered 575/4563, time remaining: 2m 12s
Rendered 576/4563, time remaining: 2m 10s
Rendered 577/4563, time remaining: 2m 10s
Rendered 578/4563, time remaining: 2m 12s
Rendered 579/4563, time remaining: 2m 15s
Rendered 580/4563, time remaining: 2m 15s
Rendered 581/4563, time remaining: 2m 13s
Rendered 582/4563, time remaining: 2m 13s
Rendered 583/4563, time remaining: 2m 11s
Rendered 584/4563, time remaining: 2m 10s
Rendered 585/4563, time remaining: 2m 11s
Rendered 586/4563, time remaining: 2m 11s
Rendered 587/4563, time remaining: 2m 14s
Rendered 588/4563, time remaining: 2m 14s
Rendered 589/4563, time remaining: 2m 14s
Rendered 590/4563, time remaining: 2m 14s
Rendered 591/4563, time remaining: 2m 10s
Rendered 592/4563, time remaining: 2m 12s
Rendered 593/4563, time remaining: 2m 11s
Rendered 594/4563, time remaining: 2m 11s
Rendered 595/4563, time remaining: 2m 15s
Rendered 596/4563, time remaining: 2m 15s
Rendered 597/4563, time remaining: 2m 15s
Rendered 598/4563, time remaining: 2m 14s
Rendered 599/4563, time remaining: 2m 10s
Rendered 600/4563, time remaining: 2m 10s
Rendered 601/4563, time remaining: 2m 11s
Rendered 602/4563, time remaining: 2m 11s
Rendered 603/4563, time remaining: 2m 14s
Rendered 604/4563, time remaining: 2m 15s
Rendered 605/4563, time remaining: 2m 15s
Rendered 606/4563, time remaining: 2m 10s
Rendered 607/4563, time remaining: 2m 9s
Rendered 608/4563, time remaining: 2m 11s
Rendered 609/4563, time remaining: 2m 10s
Rendered 610/4563, time remaining: 2m 10s
Rendered 611/4563, time remaining: 2m 14s
Rendered 612/4563, time remaining: 2m 14s
Rendered 613/4563, time remaining: 2m 11s
Rendered 614/4563, time remaining: 2m 9s
Rendered 615/4563, time remaining: 2m 10s
Rendered 616/4563, time remaining: 2m 8s
Rendered 617/4563, time remaining: 2m 8s
Rendered 618/4563, time remaining: 2m 9s
Rendered 619/4563, time remaining: 2m 11s
Rendered 620/4563, time remaining: 2m 13s
Rendered 621/4563, time remaining: 2m 12s
Rendered 622/4563, time remaining: 2m 12s
Rendered 623/4563, time remaining: 2m 14s
Rendered 624/4563, time remaining: 2m 14s
Rendered 625/4563, time remaining: 2m 14s
Rendered 626/4563, time remaining: 2m 13s
Rendered 627/4563, time remaining: 2m 15s
Rendered 628/4563, time remaining: 2m 15s
Rendered 629/4563, time remaining: 2m 14s
Rendered 630/4563, time remaining: 2m 14s
Rendered 631/4563, time remaining: 2m 19s
Rendered 632/4563, time remaining: 2m 19s
Rendered 633/4563, time remaining: 2m 18s
Rendered 634/4563, time remaining: 2m 18s
Rendered 635/4563, time remaining: 2m 18s
Rendered 636/4563, time remaining: 2m 20s
Rendered 637/4563, time remaining: 2m 19s
Rendered 638/4563, time remaining: 2m 19s
Rendered 639/4563, time remaining: 2m 23s
Rendered 640/4563, time remaining: 2m 18s
Rendered 641/4563, time remaining: 2m 18s
Rendered 642/4563, time remaining: 2m 18s
Rendered 643/4563, time remaining: 2m 18s
Rendered 644/4563, time remaining: 2m 18s
Rendered 645/4563, time remaining: 2m 18s
Rendered 646/4563, time remaining: 2m 18s
Rendered 647/4563, time remaining: 2m 22s
Rendered 648/4563, time remaining: 2m 19s
Rendered 649/4563, time remaining: 2m 19s
Rendered 650/4563, time remaining: 2m 19s
Rendered 651/4563, time remaining: 2m 19s
Rendered 652/4563, time remaining: 2m 19s
Rendered 653/4563, time remaining: 2m 19s
Rendered 654/4563, time remaining: 2m 19s
Rendered 655/4563, time remaining: 2m 21s
Rendered 656/4563, time remaining: 2m 20s
Rendered 657/4563, time remaining: 2m 19s
Rendered 658/4563, time remaining: 2m 17s
Rendered 659/4563, time remaining: 2m 19s
Rendered 660/4563, time remaining: 2m 17s
Rendered 661/4563, time remaining: 2m 17s
Rendered 662/4563, time remaining: 2m 20s
Rendered 663/4563, time remaining: 2m 21s
Rendered 664/4563, time remaining: 2m 20s
Rendered 665/4563, time remaining: 2m 19s
Rendered 666/4563, time remaining: 2m 17s
Rendered 667/4563, time remaining: 2m 19s
Rendered 668/4563, time remaining: 2m 17s
Rendered 669/4563, time remaining: 2m 20s
Rendered 670/4563, time remaining: 2m 20s
Rendered 671/4563, time remaining: 2m 22s
Rendered 672/4563, time remaining: 2m 19s
Rendered 673/4563, time remaining: 2m 19s
Rendered 674/4563, time remaining: 2m 17s
Rendered 675/4563, time remaining: 2m 16s
Rendered 676/4563, time remaining: 2m 19s
Rendered 677/4563, time remaining: 2m 18s
Rendered 678/4563, time remaining: 2m 19s
Rendered 679/4563, time remaining: 2m 18s
Rendered 680/4563, time remaining: 2m 18s
Rendered 681/4563, time remaining: 2m 18s
Rendered 682/4563, time remaining: 2m 15s
Rendered 683/4563, time remaining: 2m 16s
Rendered 684/4563, time remaining: 2m 16s
Rendered 685/4563, time remaining: 2m 19s
Rendered 686/4563, time remaining: 2m 20s
Rendered 687/4563, time remaining: 2m 19s
Rendered 688/4563, time remaining: 2m 19s
Rendered 689/4563, time remaining: 2m 16s
Rendered 690/4563, time remaining: 2m 17s
Rendered 691/4563, time remaining: 2m 16s
Rendered 692/4563, time remaining: 2m 16s
Rendered 693/4563, time remaining: 2m 18s
Rendered 694/4563, time remaining: 2m 18s
Rendered 695/4563, time remaining: 2m 18s
Rendered 696/4563, time remaining: 2m 18s
Rendered 697/4563, time remaining: 2m 19s
Rendered 698/4563, time remaining: 2m 15s
Rendered 699/4563, time remaining: 2m 17s
Rendered 700/4563, time remaining: 2m 17s
Rendered 701/4563, time remaining: 2m 17s
Rendered 702/4563, time remaining: 2m 16s
Rendered 703/4563, time remaining: 2m 16s
Rendered 704/4563, time remaining: 2m 20s
Rendered 705/4563, time remaining: 2m 18s
Rendered 706/4563, time remaining: 2m 18s
Rendered 707/4563, time remaining: 2m 17s
Rendered 708/4563, time remaining: 2m 17s
Rendered 709/4563, time remaining: 2m 17s
Rendered 710/4563, time remaining: 2m 14s
Rendered 711/4563, time remaining: 2m 17s
Rendered 712/4563, time remaining: 2m 18s
Rendered 713/4563, time remaining: 2m 17s
Rendered 714/4563, time remaining: 2m 18s
Rendered 715/4563, time remaining: 2m 18s
Rendered 716/4563, time remaining: 2m 17s
Rendered 717/4563, time remaining: 2m 16s
Rendered 718/4563, time remaining: 2m 14s
Rendered 719/4563, time remaining: 2m 16s
Rendered 720/4563, time remaining: 2m 17s
Rendered 721/4563, time remaining: 2m 16s
Rendered 722/4563, time remaining: 2m 16s
Rendered 723/4563, time remaining: 2m 15s
Rendered 724/4563, time remaining: 2m 15s
Rendered 725/4563, time remaining: 2m 17s
Rendered 726/4563, time remaining: 2m 17s
Rendered 727/4563, time remaining: 2m 18s
Rendered 728/4563, time remaining: 2m 16s
Rendered 729/4563, time remaining: 2m 13s
Rendered 730/4563, time remaining: 2m 15s
Rendered 731/4563, time remaining: 2m 15s
Rendered 732/4563, time remaining: 2m 14s
Rendered 733/4563, time remaining: 2m 15s
Rendered 734/4563, time remaining: 2m 16s
Rendered 735/4563, time remaining: 2m 14s
Rendered 736/4563, time remaining: 2m 16s
Rendered 737/4563, time remaining: 2m 13s
Rendered 738/4563, time remaining: 2m 14s
Rendered 739/4563, time remaining: 2m 14s
Rendered 740/4563, time remaining: 2m 13s
Rendered 741/4563, time remaining: 2m 13s
Rendered 742/4563, time remaining: 2m 12s
Rendered 743/4563, time remaining: 2m 12s
Rendered 744/4563, time remaining: 2m 13s
Rendered 745/4563, time remaining: 2m 14s
Rendered 746/4563, time remaining: 2m 13s
Rendered 747/4563, time remaining: 2m 13s
Rendered 748/4563, time remaining: 2m 13s
Rendered 749/4563, time remaining: 2m 14s
Rendered 750/4563, time remaining: 2m 14s
Rendered 751/4563, time remaining: 2m 13s
Rendered 752/4563, time remaining: 2m 13s
Rendered 753/4563, time remaining: 2m 14s
Rendered 754/4563, time remaining: 2m 12s
Rendered 755/4563, time remaining: 2m 13s
Rendered 756/4563, time remaining: 2m 13s
Rendered 757/4563, time remaining: 2m 13s
Rendered 758/4563, time remaining: 2m 12s
Rendered 759/4563, time remaining: 2m 12s
Rendered 760/4563, time remaining: 2m 13s
Rendered 761/4563, time remaining: 2m 13s
Rendered 762/4563, time remaining: 2m 14s
Rendered 763/4563, time remaining: 2m 13s
Rendered 764/4563, time remaining: 2m 13s
Rendered 765/4563, time remaining: 2m 12s
Rendered 766/4563, time remaining: 2m 12s
Rendered 767/4563, time remaining: 2m 12s
Rendered 768/4563, time remaining: 2m 14s
Rendered 769/4563, time remaining: 2m 12s
Rendered 770/4563, time remaining: 2m 14s
Rendered 771/4563, time remaining: 2m 14s
Rendered 772/4563, time remaining: 2m 14s
Rendered 773/4563, time remaining: 2m 11s
Rendered 774/4563, time remaining: 2m 11s
Rendered 775/4563, time remaining: 2m 11s
Rendered 776/4563, time remaining: 2m 11s
Rendered 777/4563, time remaining: 2m 11s
Rendered 778/4563, time remaining: 2m 16s
Rendered 779/4563, time remaining: 2m 16s
Rendered 780/4563, time remaining: 2m 16s
Rendered 781/4563, time remaining: 2m 11s
Rendered 782/4563, time remaining: 2m 11s
Rendered 783/4563, time remaining: 2m 13s
Rendered 784/4563, time remaining: 2m 13s
Rendered 785/4563, time remaining: 2m 13s
Rendered 786/4563, time remaining: 2m 14s
Rendered 787/4563, time remaining: 2m 14s
Rendered 788/4563, time remaining: 2m 15s
Rendered 789/4563, time remaining: 2m 11s
Rendered 790/4563, time remaining: 2m 11s
Rendered 791/4563, time remaining: 2m 11s
Rendered 792/4563, time remaining: 2m 13s
Rendered 793/4563, time remaining: 2m 11s
Rendered 794/4563, time remaining: 2m 14s
Rendered 795/4563, time remaining: 2m 16s
Rendered 796/4563, time remaining: 2m 15s
Rendered 797/4563, time remaining: 2m 11s
Rendered 798/4563, time remaining: 2m 11s
Rendered 799/4563, time remaining: 2m 12s
Rendered 800/4563, time remaining: 2m 12s
Rendered 801/4563, time remaining: 2m 13s
Rendered 802/4563, time remaining: 2m 13s
Rendered 803/4563, time remaining: 2m 14s
Rendered 804/4563, time remaining: 2m 14s
Rendered 805/4563, time remaining: 2m 9s
Rendered 806/4563, time remaining: 2m 10s
Rendered 807/4563, time remaining: 2m 14s
Rendered 808/4563, time remaining: 2m 14s
Rendered 809/4563, time remaining: 2m 12s
Rendered 810/4563, time remaining: 2m 12s
Rendered 811/4563, time remaining: 2m 14s
Rendered 812/4563, time remaining: 2m 12s
Rendered 813/4563, time remaining: 2m 10s
Rendered 814/4563, time remaining: 2m 11s
Rendered 815/4563, time remaining: 2m 12s
Rendered 816/4563, time remaining: 2m 12s
Rendered 817/4563, time remaining: 2m 11s
Rendered 818/4563, time remaining: 2m 12s
Rendered 819/4563, time remaining: 2m 10s
Rendered 820/4563, time remaining: 2m 13s
Rendered 821/4563, time remaining: 2m 10s
Rendered 822/4563, time remaining: 2m 11s
Rendered 823/4563, time remaining: 2m 11s
Rendered 824/4563, time remaining: 2m 13s
Rendered 825/4563, time remaining: 2m 13s
Rendered 826/4563, time remaining: 2m 11s
Rendered 827/4563, time remaining: 2m 11s
Rendered 828/4563, time remaining: 2m 12s
Rendered 829/4563, time remaining: 2m 10s
Rendered 830/4563, time remaining: 2m 11s
Rendered 831/4563, time remaining: 2m 14s
Rendered 832/4563, time remaining: 2m 14s
Rendered 833/4563, time remaining: 2m 11s
Rendered 834/4563, time remaining: 2m 11s
Rendered 835/4563, time remaining: 2m 11s
Rendered 836/4563, time remaining: 2m 9s
Rendered 837/4563, time remaining: 2m 9s
Rendered 838/4563, time remaining: 2m 11s
Rendered 839/4563, time remaining: 2m 13s
Rendered 840/4563, time remaining: 2m 11s
Rendered 841/4563, time remaining: 2m 11s
Rendered 842/4563, time remaining: 2m 11s
Rendered 843/4563, time remaining: 2m 9s
Rendered 844/4563, time remaining: 2m 12s
Rendered 845/4563, time remaining: 2m 11s
Rendered 846/4563, time remaining: 2m 10s
Rendered 847/4563, time remaining: 2m 10s
Rendered 848/4563, time remaining: 2m 10s
Rendered 849/4563, time remaining: 2m 8s
Rendered 850/4563, time remaining: 2m 8s
Rendered 851/4563, time remaining: 2m 13s
Rendered 852/4563, time remaining: 2m 12s
Rendered 853/4563, time remaining: 2m 12s
Rendered 854/4563, time remaining: 2m 10s
Rendered 855/4563, time remaining: 2m 9s
Rendered 856/4563, time remaining: 2m 9s
Rendered 857/4563, time remaining: 2m 8s
Rendered 858/4563, time remaining: 2m 8s
Rendered 859/4563, time remaining: 2m 13s
Rendered 860/4563, time remaining: 2m 13s
Rendered 861/4563, time remaining: 2m 10s
Rendered 862/4563, time remaining: 2m 10s
Rendered 863/4563, time remaining: 2m 10s
Rendered 864/4563, time remaining: 2m 8s
Rendered 865/4563, time remaining: 2m 8s
Rendered 866/4563, time remaining: 2m 9s
Rendered 867/4563, time remaining: 2m 13s
Rendered 868/4563, time remaining: 2m 11s
Rendered 869/4563, time remaining: 2m 9s
Rendered 870/4563, time remaining: 2m 10s
Rendered 871/4563, time remaining: 2m 9s
Rendered 872/4563, time remaining: 2m 9s
Rendered 873/4563, time remaining: 2m 9s
Rendered 874/4563, time remaining: 2m 11s
Rendered 875/4563, time remaining: 2m 10s
Rendered 876/4563, time remaining: 2m 10s
Rendered 877/4563, time remaining: 2m 9s
Rendered 878/4563, time remaining: 2m 11s
Rendered 879/4563, time remaining: 2m 10s
Rendered 880/4563, time remaining: 2m 7s
Rendered 881/4563, time remaining: 2m 8s
Rendered 882/4563, time remaining: 2m 9s
Rendered 883/4563, time remaining: 2m 10s
Rendered 884/4563, time remaining: 2m 11s
Rendered 885/4563, time remaining: 2m 10s
Rendered 886/4563, time remaining: 2m 9s
Rendered 887/4563, time remaining: 2m 7s
Rendered 888/4563, time remaining: 2m 9s
Rendered 889/4563, time remaining: 2m 9s
Rendered 890/4563, time remaining: 2m 10s
Rendered 891/4563, time remaining: 2m 10s
Rendered 892/4563, time remaining: 2m 11s
Rendered 893/4563, time remaining: 2m 11s
Rendered 894/4563, time remaining: 2m 11s
Rendered 895/4563, time remaining: 2m 9s
Rendered 896/4563, time remaining: 2m 9s
Rendered 897/4563, time remaining: 2m 9s
Rendered 898/4563, time remaining: 2m 8s
Rendered 899/4563, time remaining: 2m 7s
Rendered 900/4563, time remaining: 2m 9s
Rendered 901/4563, time remaining: 2m 9s
Rendered 902/4563, time remaining: 2m 11s
Rendered 903/4563, time remaining: 2m 8s
Rendered 904/4563, time remaining: 2m 9s
Rendered 905/4563, time remaining: 2m 8s
Rendered 906/4563, time remaining: 2m 8s
Rendered 907/4563, time remaining: 2m 8s
Rendered 908/4563, time remaining: 2m 10s
Rendered 909/4563, time remaining: 2m 10s
Rendered 910/4563, time remaining: 2m 9s
Rendered 911/4563, time remaining: 2m 7s
Rendered 912/4563, time remaining: 2m 6s
Rendered 913/4563, time remaining: 2m 6s
Rendered 914/4563, time remaining: 2m 6s
Rendered 915/4563, time remaining: 2m 9s
Rendered 916/4563, time remaining: 2m 10s
Rendered 917/4563, time remaining: 2m 10s
Rendered 918/4563, time remaining: 2m 8s
Rendered 919/4563, time remaining: 2m 8s
Rendered 920/4563, time remaining: 2m 4s
Rendered 921/4563, time remaining: 2m 6s
Rendered 922/4563, time remaining: 2m 6s
Rendered 923/4563, time remaining: 2m 8s
Rendered 924/4563, time remaining: 2m 8s
Rendered 925/4563, time remaining: 2m 8s
Rendered 926/4563, time remaining: 2m 8s
Rendered 927/4563, time remaining: 2m 7s
Rendered 928/4563, time remaining: 2m 3s
Rendered 929/4563, time remaining: 2m 5s
Rendered 930/4563, time remaining: 2m 5s
Rendered 931/4563, time remaining: 2m 8s
Rendered 932/4563, time remaining: 2m 8s
Rendered 933/4563, time remaining: 2m 5s
Rendered 934/4563, time remaining: 2m 6s
Rendered 935/4563, time remaining: 2m 6s
Rendered 936/4563, time remaining: 2m 6s
Rendered 937/4563, time remaining: 2m 6s
Rendered 938/4563, time remaining: 2m 7s
Rendered 939/4563, time remaining: 2m 8s
Rendered 940/4563, time remaining: 2m 8s
Rendered 941/4563, time remaining: 2m 7s
Rendered 942/4563, time remaining: 2m 5s
Rendered 943/4563, time remaining: 2m 7s
Rendered 944/4563, time remaining: 2m 5s
Rendered 945/4563, time remaining: 2m 3s
Rendered 946/4563, time remaining: 2m 6s
Rendered 947/4563, time remaining: 2m 6s
Rendered 948/4563, time remaining: 2m 7s
Rendered 949/4563, time remaining: 2m 5s
Rendered 950/4563, time remaining: 2m 5s
Rendered 951/4563, time remaining: 2m 3s
Rendered 952/4563, time remaining: 2m 6s
Rendered 953/4563, time remaining: 2m 6s
Rendered 954/4563, time remaining: 2m 7s
Rendered 955/4563, time remaining: 2m 7s
Rendered 956/4563, time remaining: 2m 6s
Rendered 957/4563, time remaining: 2m 2s
Rendered 958/4563, time remaining: 2m 3s
Rendered 959/4563, time remaining: 2m 6s
Rendered 960/4563, time remaining: 2m 6s
Rendered 961/4563, time remaining: 2m 4s
Rendered 962/4563, time remaining: 2m 7s
Rendered 963/4563, time remaining: 2m 6s
Rendered 964/4563, time remaining: 2m 5s
Rendered 965/4563, time remaining: 2m 4s
Rendered 966/4563, time remaining: 2m 4s
Rendered 967/4563, time remaining: 2m 4s
Rendered 968/4563, time remaining: 2m 7s
Rendered 969/4563, time remaining: 2m 7s
Rendered 970/4563, time remaining: 2m 4s
Rendered 971/4563, time remaining: 2m 4s
Rendered 972/4563, time remaining: 2m 4s
Rendered 973/4563, time remaining: 2m 4s
Rendered 974/4563, time remaining: 2m 2s
Rendered 975/4563, time remaining: 2m 4s
Rendered 976/4563, time remaining: 2m 7s
Rendered 977/4563, time remaining: 2m 7s
Rendered 978/4563, time remaining: 2m 5s
Rendered 979/4563, time remaining: 2m 5s
Rendered 980/4563, time remaining: 2m 6s
Rendered 981/4563, time remaining: 2m 3s
Rendered 982/4563, time remaining: 2m 3s
Rendered 983/4563, time remaining: 2m 5s
Rendered 984/4563, time remaining: 2m 7s
Rendered 985/4563, time remaining: 2m 5s
Rendered 986/4563, time remaining: 2m 5s
Rendered 987/4563, time remaining: 2m 5s
Rendered 988/4563, time remaining: 2m 5s
Rendered 989/4563, time remaining: 2m 3s
Rendered 990/4563, time remaining: 2m 2s
Rendered 991/4563, time remaining: 2m 6s
Rendered 992/4563, time remaining: 2m 5s
Rendered 993/4563, time remaining: 2m 6s
Rendered 994/4563, time remaining: 2m 3s
Rendered 995/4563, time remaining: 2m 5s
Rendered 996/4563, time remaining: 2m 5s
Rendered 997/4563, time remaining: 2m 4s
Rendered 998/4563, time remaining: 2m 4s
Rendered 999/4563, time remaining: 2m 4s
Rendered 1000/4563, time remaining: 2m 5s
Rendered 1001/4563, time remaining: 2m 3s
Rendered 1002/4563, time remaining: 2m 3s
Rendered 1003/4563, time remaining: 2m 5s
Rendered 1004/4563, time remaining: 2m 3s
Rendered 1005/4563, time remaining: 2m 3s
Rendered 1006/4563, time remaining: 2m 3s
Rendered 1007/4563, time remaining: 2m 5s
Rendered 1008/4563, time remaining: 2m 6s
Rendered 1009/4563, time remaining: 2m 4s
Rendered 1010/4563, time remaining: 2m 4s
Rendered 1011/4563, time remaining: 2m 4s
Rendered 1012/4563, time remaining: 2m 3s
Rendered 1013/4563, time remaining: 2m 3s
Rendered 1014/4563, time remaining: 2m 3s
Rendered 1015/4563, time remaining: 2m 5s
Rendered 1016/4563, time remaining: 2m 7s
Rendered 1017/4563, time remaining: 2m 5s
Rendered 1018/4563, time remaining: 2m 4s
Rendered 1019/4563, time remaining: 2m 4s
Rendered 1020/4563, time remaining: 2m 3s
Rendered 1021/4563, time remaining: 2m 3s
Rendered 1022/4563, time remaining: 2m 5s
Rendered 1023/4563, time remaining: 2m 5s
Rendered 1024/4563, time remaining: 2m 5s
Rendered 1025/4563, time remaining: 2m 4s
Rendered 1026/4563, time remaining: 2m 4s
Rendered 1027/4563, time remaining: 2m 4s
Rendered 1028/4563, time remaining: 2m 3s
Rendered 1029/4563, time remaining: 2m 3s
Rendered 1030/4563, time remaining: 2m 5s
Rendered 1031/4563, time remaining: 2m 5s
Rendered 1032/4563, time remaining: 2m 4s
Rendered 1033/4563, time remaining: 2m 7s
Rendered 1034/4563, time remaining: 2m 4s
Rendered 1035/4563, time remaining: 2m 4s
Rendered 1036/4563, time remaining: 2m 4s
Rendered 1037/4563, time remaining: 2m 6s
Rendered 1038/4563, time remaining: 2m 3s
Rendered 1039/4563, time remaining: 2m 3s
Rendered 1040/4563, time remaining: 2m 3s
Rendered 1041/4563, time remaining: 2m 6s
Rendered 1042/4563, time remaining: 2m 4s
Rendered 1043/4563, time remaining: 2m 5s
Rendered 1044/4563, time remaining: 2m 4s
Rendered 1045/4563, time remaining: 2m 3s
Rendered 1046/4563, time remaining: 2m 3s
Rendered 1047/4563, time remaining: 2m 3s
Rendered 1048/4563, time remaining: 2m 3s
Rendered 1049/4563, time remaining: 2m 6s
Rendered 1050/4563, time remaining: 2m 4s
Rendered 1051/4563, time remaining: 2m 5s
Rendered 1052/4563, time remaining: 2m 4s
Rendered 1053/4563, time remaining: 2m 3s
Rendered 1054/4563, time remaining: 2m 2s
Rendered 1055/4563, time remaining: 2m 3s
Rendered 1056/4563, time remaining: 2m 5s
Rendered 1057/4563, time remaining: 2m 5s
Rendered 1058/4563, time remaining: 2m 3s
Rendered 1059/4563, time remaining: 2m 3s
Rendered 1060/4563, time remaining: 2m 4s
Rendered 1061/4563, time remaining: 2m 2s
Rendered 1062/4563, time remaining: 2m 2s
Rendered 1063/4563, time remaining: 2m 5s
Rendered 1064/4563, time remaining: 2m 5s
Rendered 1065/4563, time remaining: 2m 2s
Rendered 1066/4563, time remaining: 2m 3s
Rendered 1067/4563, time remaining: 2m 3s
Rendered 1068/4563, time remaining: 2m 3s
Rendered 1069/4563, time remaining: 2m 2s
Rendered 1070/4563, time remaining: 2m 5s
Rendered 1071/4563, time remaining: 2m 3s
Rendered 1072/4563, time remaining: 2m 4s
Rendered 1073/4563, time remaining: 2m 2s
Rendered 1074/4563, time remaining: 2m 3s
Rendered 1075/4563, time remaining: 2m 3s
Rendered 1076/4563, time remaining: 2m 3s
Rendered 1077/4563, time remaining: 2m 4s
Rendered 1078/4563, time remaining: 2m 4s
Rendered 1079/4563, time remaining: 2m 3s
Rendered 1080/4563, time remaining: 2m 3s
Rendered 1081/4563, time remaining: 2m 1s
Rendered 1082/4563, time remaining: 2m 1s
Rendered 1083/4563, time remaining: 2m 2s
Rendered 1084/4563, time remaining: 2m 1s
Rendered 1085/4563, time remaining: 2m 4s
Rendered 1086/4563, time remaining: 2m 1s
Rendered 1087/4563, time remaining: 2m 3s
Rendered 1088/4563, time remaining: 2m 1s
Rendered 1089/4563, time remaining: 2m 1s
Rendered 1090/4563, time remaining: 2m 1s
Rendered 1091/4563, time remaining: 2m 1s
Rendered 1092/4563, time remaining: 2m 1s
Rendered 1093/4563, time remaining: 2m 3s
Rendered 1094/4563, time remaining: 2m 3s
Rendered 1095/4563, time remaining: 2m 4s
Rendered 1096/4563, time remaining: 2m 1s
Rendered 1097/4563, time remaining: 2m 1s
Rendered 1098/4563, time remaining: 2m 1s
Rendered 1099/4563, time remaining: 2m 0s
Rendered 1100/4563, time remaining: 2m 4s
Rendered 1101/4563, time remaining: 2m 4s
Rendered 1102/4563, time remaining: 2m 1s
Rendered 1103/4563, time remaining: 2m 2s
Rendered 1104/4563, time remaining: 2m 1s
Rendered 1105/4563, time remaining: 2m 1s
Rendered 1106/4563, time remaining: 2m 1s
Rendered 1107/4563, time remaining: 2m 3s
Rendered 1108/4563, time remaining: 2m 5s
Rendered 1109/4563, time remaining: 2m 1s
Rendered 1110/4563, time remaining: 2m 1s
Rendered 1111/4563, time remaining: 2m 3s
Rendered 1112/4563, time remaining: 2m 0s
Rendered 1113/4563, time remaining: 2m 0s
Rendered 1114/4563, time remaining: 2m 0s
Rendered 1115/4563, time remaining: 2m 3s
Rendered 1116/4563, time remaining: 2m 4s
Rendered 1117/4563, time remaining: 2m 4s
Rendered 1118/4563, time remaining: 2m 0s
Rendered 1119/4563, time remaining: 2m 0s
Rendered 1120/4563, time remaining: 2m 0s
Rendered 1121/4563, time remaining: 2m 0s
Rendered 1122/4563, time remaining: 2m 4s
Rendered 1123/4563, time remaining: 2m 4s
Rendered 1124/4563, time remaining: 2m 5s
Rendered 1125/4563, time remaining: 2m 2s
Rendered 1126/4563, time remaining: 1m 59s
Rendered 1127/4563, time remaining: 1m 59s
Rendered 1128/4563, time remaining: 2m 0s
Rendered 1129/4563, time remaining: 2m 0s
Rendered 1130/4563, time remaining: 2m 1s
Rendered 1131/4563, time remaining: 2m 3s
Rendered 1132/4563, time remaining: 2m 4s
Rendered 1133/4563, time remaining: 2m 2s
Rendered 1134/4563, time remaining: 2m 0s
Rendered 1135/4563, time remaining: 2m 1s
Rendered 1136/4563, time remaining: 2m 1s
Rendered 1137/4563, time remaining: 2m 1s
Rendered 1138/4563, time remaining: 2m 2s
Rendered 1139/4563, time remaining: 2m 2s
Rendered 1140/4563, time remaining: 2m 4s
Rendered 1141/4563, time remaining: 2m 3s
Rendered 1142/4563, time remaining: 2m 3s
Rendered 1143/4563, time remaining: 2m 1s
Rendered 1144/4563, time remaining: 2m 1s
Rendered 1145/4563, time remaining: 1m 59s
Rendered 1146/4563, time remaining: 2m 1s
Rendered 1147/4563, time remaining: 2m 1s
Rendered 1148/4563, time remaining: 2m 2s
Rendered 1149/4563, time remaining: 2m 4s
Rendered 1150/4563, time remaining: 2m 4s
Rendered 1151/4563, time remaining: 2m 3s
Rendered 1152/4563, time remaining: 2m 3s
Rendered 1153/4563, time remaining: 2m 0s
Rendered 1154/4563, time remaining: 2m 0s
Rendered 1155/4563, time remaining: 2m 1s
Rendered 1156/4563, time remaining: 2m 1s
Rendered 1157/4563, time remaining: 2m 2s
Rendered 1158/4563, time remaining: 2m 2s
Rendered 1159/4563, time remaining: 2m 1s
Rendered 1160/4563, time remaining: 2m 0s
Rendered 1161/4563, time remaining: 2m 1s
Rendered 1162/4563, time remaining: 2m 1s
Rendered 1163/4563, time remaining: 2m 2s
Rendered 1164/4563, time remaining: 2m 2s
Rendered 1165/4563, time remaining: 1m 59s
Rendered 1166/4563, time remaining: 2m 0s
Rendered 1167/4563, time remaining: 2m 0s
Rendered 1168/4563, time remaining: 2m 0s
Rendered 1169/4563, time remaining: 2m 0s
Rendered 1170/4563, time remaining: 2m 0s
Rendered 1171/4563, time remaining: 2m 0s
Rendered 1172/4563, time remaining: 2m 0s
Rendered 1173/4563, time remaining: 2m 0s
Rendered 1174/4563, time remaining: 2m 0s
Rendered 1175/4563, time remaining: 1m 59s
Rendered 1176/4563, time remaining: 2m 0s
Rendered 1177/4563, time remaining: 2m 0s
Rendered 1178/4563, time remaining: 2m 0s
Rendered 1179/4563, time remaining: 2m 3s
Rendered 1180/4563, time remaining: 2m 1s
Rendered 1181/4563, time remaining: 2m 2s
Rendered 1182/4563, time remaining: 2m 2s
Rendered 1183/4563, time remaining: 1m 59s
Rendered 1184/4563, time remaining: 1m 59s
Rendered 1185/4563, time remaining: 1m 59s
Rendered 1186/4563, time remaining: 1m 59s
Rendered 1187/4563, time remaining: 2m 0s
Rendered 1188/4563, time remaining: 2m 2s
Rendered 1189/4563, time remaining: 2m 2s
Rendered 1190/4563, time remaining: 2m 2s
Rendered 1191/4563, time remaining: 2m 1s
Rendered 1192/4563, time remaining: 2m 0s
Rendered 1193/4563, time remaining: 2m 0s
Rendered 1194/4563, time remaining: 1m 59s
Rendered 1195/4563, time remaining: 1m 59s
Rendered 1196/4563, time remaining: 2m 1s
Rendered 1197/4563, time remaining: 2m 0s
Rendered 1198/4563, time remaining: 2m 0s
Rendered 1199/4563, time remaining: 2m 1s
Rendered 1200/4563, time remaining: 2m 1s
Rendered 1201/4563, time remaining: 2m 0s
Rendered 1202/4563, time remaining: 1m 59s
Rendered 1203/4563, time remaining: 2m 0s
Rendered 1204/4563, time remaining: 2m 0s
Rendered 1205/4563, time remaining: 1m 59s
Rendered 1206/4563, time remaining: 1m 57s
Rendered 1207/4563, time remaining: 2m 1s
Rendered 1208/4563, time remaining: 2m 1s
Rendered 1209/4563, time remaining: 2m 1s
Rendered 1210/4563, time remaining: 2m 0s
Rendered 1211/4563, time remaining: 2m 0s
Rendered 1212/4563, time remaining: 2m 0s
Rendered 1213/4563, time remaining: 1m 58s
Rendered 1214/4563, time remaining: 1m 59s
Rendered 1215/4563, time remaining: 2m 2s
Rendered 1216/4563, time remaining: 2m 0s
Rendered 1217/4563, time remaining: 2m 0s
Rendered 1218/4563, time remaining: 2m 0s
Rendered 1219/4563, time remaining: 2m 3s
Rendered 1220/4563, time remaining: 2m 0s
Rendered 1221/4563, time remaining: 2m 0s
Rendered 1222/4563, time remaining: 2m 0s
Rendered 1223/4563, time remaining: 1m 59s
Rendered 1224/4563, time remaining: 1m 59s
Rendered 1225/4563, time remaining: 1m 59s
Rendered 1226/4563, time remaining: 1m 59s
Rendered 1227/4563, time remaining: 2m 2s
Rendered 1228/4563, time remaining: 2m 2s
Rendered 1229/4563, time remaining: 2m 0s
Rendered 1230/4563, time remaining: 2m 1s
Rendered 1231/4563, time remaining: 2m 1s
Rendered 1232/4563, time remaining: 2m 1s
Rendered 1233/4563, time remaining: 2m 0s
Rendered 1234/4563, time remaining: 2m 0s
Rendered 1235/4563, time remaining: 1m 59s
Rendered 1236/4563, time remaining: 2m 2s
Rendered 1237/4563, time remaining: 2m 1s
Rendered 1238/4563, time remaining: 2m 1s
Rendered 1239/4563, time remaining: 2m 1s
Rendered 1240/4563, time remaining: 2m 0s
Rendered 1241/4563, time remaining: 2m 1s
Rendered 1242/4563, time remaining: 2m 3s
Rendered 1243/4563, time remaining: 1m 59s
Rendered 1244/4563, time remaining: 2m 1s
Rendered 1245/4563, time remaining: 2m 2s
Rendered 1246/4563, time remaining: 2m 2s
Rendered 1247/4563, time remaining: 2m 1s
Rendered 1248/4563, time remaining: 2m 1s
Rendered 1249/4563, time remaining: 2m 1s
Rendered 1250/4563, time remaining: 1m 59s
Rendered 1251/4563, time remaining: 1m 59s
Rendered 1252/4563, time remaining: 2m 1s
Rendered 1253/4563, time remaining: 2m 0s
Rendered 1254/4563, time remaining: 2m 0s
Rendered 1255/4563, time remaining: 2m 1s
Rendered 1256/4563, time remaining: 2m 1s
Rendered 1257/4563, time remaining: 1m 59s
Rendered 1258/4563, time remaining: 1m 58s
Rendered 1259/4563, time remaining: 1m 58s
Rendered 1260/4563, time remaining: 2m 0s
Rendered 1261/4563, time remaining: 2m 0s
Rendered 1262/4563, time remaining: 2m 0s
Rendered 1263/4563, time remaining: 2m 1s
Rendered 1264/4563, time remaining: 2m 2s
Rendered 1265/4563, time remaining: 1m 59s
Rendered 1266/4563, time remaining: 1m 57s
Rendered 1267/4563, time remaining: 1m 57s
Rendered 1268/4563, time remaining: 2m 0s
Rendered 1269/4563, time remaining: 2m 1s
Rendered 1270/4563, time remaining: 2m 2s
Rendered 1271/4563, time remaining: 2m 1s
Rendered 1272/4563, time remaining: 1m 58s
Rendered 1273/4563, time remaining: 1m 58s
Rendered 1274/4563, time remaining: 2m 0s
Rendered 1275/4563, time remaining: 2m 0s
Rendered 1276/4563, time remaining: 1m 59s
Rendered 1277/4563, time remaining: 1m 59s
Rendered 1278/4563, time remaining: 2m 0s
Rendered 1279/4563, time remaining: 2m 0s
Rendered 1280/4563, time remaining: 1m 58s
Rendered 1281/4563, time remaining: 1m 56s
Rendered 1282/4563, time remaining: 1m 57s
Rendered 1283/4563, time remaining: 1m 57s
Rendered 1284/4563, time remaining: 1m 57s
Rendered 1285/4563, time remaining: 1m 59s
Rendered 1286/4563, time remaining: 1m 59s
Rendered 1287/4563, time remaining: 2m 0s
Rendered 1288/4563, time remaining: 1m 57s
Rendered 1289/4563, time remaining: 1m 57s
Rendered 1290/4563, time remaining: 1m 56s
Rendered 1291/4563, time remaining: 1m 55s
Rendered 1292/4563, time remaining: 1m 55s
Rendered 1293/4563, time remaining: 1m 58s
Rendered 1294/4563, time remaining: 1m 58s
Rendered 1295/4563, time remaining: 1m 59s
Rendered 1296/4563, time remaining: 1m 57s
Rendered 1297/4563, time remaining: 1m 58s
Rendered 1298/4563, time remaining: 1m 56s
Rendered 1299/4563, time remaining: 1m 54s
Rendered 1300/4563, time remaining: 1m 55s
Rendered 1301/4563, time remaining: 1m 57s
Rendered 1302/4563, time remaining: 1m 58s
Rendered 1303/4563, time remaining: 1m 58s
Rendered 1304/4563, time remaining: 1m 58s
Rendered 1305/4563, time remaining: 1m 58s
Rendered 1306/4563, time remaining: 1m 58s
Rendered 1307/4563, time remaining: 1m 57s
Rendered 1308/4563, time remaining: 1m 58s
Rendered 1309/4563, time remaining: 1m 57s
Rendered 1310/4563, time remaining: 1m 57s
Rendered 1311/4563, time remaining: 1m 57s
Rendered 1312/4563, time remaining: 1m 58s
Rendered 1313/4563, time remaining: 1m 57s
Rendered 1314/4563, time remaining: 1m 57s
Rendered 1315/4563, time remaining: 1m 57s
Rendered 1316/4563, time remaining: 1m 56s
Rendered 1317/4563, time remaining: 1m 55s
Rendered 1318/4563, time remaining: 1m 57s
Rendered 1319/4563, time remaining: 1m 57s
Rendered 1320/4563, time remaining: 1m 57s
Rendered 1321/4563, time remaining: 1m 58s
Rendered 1322/4563, time remaining: 1m 56s
Rendered 1323/4563, time remaining: 1m 56s
Rendered 1324/4563, time remaining: 1m 57s
Rendered 1325/4563, time remaining: 1m 57s
Rendered 1326/4563, time remaining: 1m 57s
Rendered 1327/4563, time remaining: 1m 57s
Rendered 1328/4563, time remaining: 1m 57s
Rendered 1329/4563, time remaining: 1m 54s
Rendered 1330/4563, time remaining: 1m 54s
Rendered 1331/4563, time remaining: 1m 55s
Rendered 1332/4563, time remaining: 1m 55s
Rendered 1333/4563, time remaining: 1m 54s
Rendered 1334/4563, time remaining: 1m 57s
Rendered 1335/4563, time remaining: 1m 57s
Rendered 1336/4563, time remaining: 1m 58s
Rendered 1337/4563, time remaining: 1m 56s
Rendered 1338/4563, time remaining: 1m 54s
Rendered 1339/4563, time remaining: 1m 54s
Rendered 1340/4563, time remaining: 1m 56s
Rendered 1341/4563, time remaining: 1m 54s
Rendered 1342/4563, time remaining: 1m 55s
Rendered 1343/4563, time remaining: 1m 56s
Rendered 1344/4563, time remaining: 1m 56s
Rendered 1345/4563, time remaining: 1m 57s
Rendered 1346/4563, time remaining: 1m 55s
Rendered 1347/4563, time remaining: 1m 55s
Rendered 1348/4563, time remaining: 1m 57s
Rendered 1349/4563, time remaining: 1m 53s
Rendered 1350/4563, time remaining: 1m 56s
Rendered 1351/4563, time remaining: 1m 56s
Rendered 1352/4563, time remaining: 1m 56s
Rendered 1353/4563, time remaining: 1m 57s
Rendered 1354/4563, time remaining: 1m 57s
Rendered 1355/4563, time remaining: 1m 57s
Rendered 1356/4563, time remaining: 1m 57s
Rendered 1357/4563, time remaining: 1m 55s
Rendered 1358/4563, time remaining: 1m 55s
Rendered 1359/4563, time remaining: 1m 54s
Rendered 1360/4563, time remaining: 1m 54s
Rendered 1361/4563, time remaining: 1m 58s
Rendered 1362/4563, time remaining: 1m 58s
Rendered 1363/4563, time remaining: 1m 57s
Rendered 1364/4563, time remaining: 1m 56s
Rendered 1365/4563, time remaining: 1m 54s
Rendered 1366/4563, time remaining: 1m 54s
Rendered 1367/4563, time remaining: 1m 54s
Rendered 1368/4563, time remaining: 1m 56s
Rendered 1369/4563, time remaining: 1m 55s
Rendered 1370/4563, time remaining: 1m 55s
Rendered 1371/4563, time remaining: 1m 56s
Rendered 1372/4563, time remaining: 1m 56s
Rendered 1373/4563, time remaining: 1m 56s
Rendered 1374/4563, time remaining: 1m 54s
Rendered 1375/4563, time remaining: 1m 56s
Rendered 1376/4563, time remaining: 1m 57s
Rendered 1377/4563, time remaining: 1m 55s
Rendered 1378/4563, time remaining: 1m 54s
Rendered 1379/4563, time remaining: 1m 53s
Rendered 1380/4563, time remaining: 1m 53s
Rendered 1381/4563, time remaining: 1m 54s
Rendered 1382/4563, time remaining: 1m 54s
Rendered 1383/4563, time remaining: 1m 57s
Rendered 1384/4563, time remaining: 1m 57s
Rendered 1385/4563, time remaining: 1m 55s
Rendered 1386/4563, time remaining: 1m 53s
Rendered 1387/4563, time remaining: 1m 52s
Rendered 1388/4563, time remaining: 1m 53s
Rendered 1389/4563, time remaining: 1m 53s
Rendered 1390/4563, time remaining: 1m 53s
Rendered 1391/4563, time remaining: 1m 56s
Rendered 1392/4563, time remaining: 1m 54s
Rendered 1393/4563, time remaining: 1m 54s
Rendered 1394/4563, time remaining: 1m 52s
Rendered 1395/4563, time remaining: 1m 52s
Rendered 1396/4563, time remaining: 1m 53s
Rendered 1397/4563, time remaining: 1m 53s
Rendered 1398/4563, time remaining: 1m 53s
Rendered 1399/4563, time remaining: 1m 54s
Rendered 1400/4563, time remaining: 1m 54s
Rendered 1401/4563, time remaining: 1m 54s
Rendered 1402/4563, time remaining: 1m 53s
Rendered 1403/4563, time remaining: 1m 52s
Rendered 1404/4563, time remaining: 1m 53s
Rendered 1405/4563, time remaining: 1m 52s
Rendered 1406/4563, time remaining: 1m 52s
Rendered 1407/4563, time remaining: 1m 55s
Rendered 1408/4563, time remaining: 1m 54s
Rendered 1409/4563, time remaining: 1m 54s
Rendered 1410/4563, time remaining: 1m 53s
Rendered 1411/4563, time remaining: 1m 51s
Rendered 1412/4563, time remaining: 1m 51s
Rendered 1413/4563, time remaining: 1m 52s
Rendered 1414/4563, time remaining: 1m 53s
Rendered 1415/4563, time remaining: 1m 53s
Rendered 1416/4563, time remaining: 1m 54s
Rendered 1417/4563, time remaining: 1m 54s
Rendered 1418/4563, time remaining: 1m 52s
Rendered 1419/4563, time remaining: 1m 52s
Rendered 1420/4563, time remaining: 1m 51s
Rendered 1421/4563, time remaining: 1m 51s
Rendered 1422/4563, time remaining: 1m 53s
Rendered 1423/4563, time remaining: 1m 53s
Rendered 1424/4563, time remaining: 1m 52s
Rendered 1425/4563, time remaining: 1m 52s
Rendered 1426/4563, time remaining: 1m 52s
Rendered 1427/4563, time remaining: 1m 52s
Rendered 1428/4563, time remaining: 1m 53s
Rendered 1429/4563, time remaining: 1m 52s
Rendered 1430/4563, time remaining: 1m 52s
Rendered 1431/4563, time remaining: 1m 55s
Rendered 1432/4563, time remaining: 1m 53s
Rendered 1433/4563, time remaining: 1m 53s
Rendered 1434/4563, time remaining: 1m 54s
Rendered 1435/4563, time remaining: 1m 53s
Rendered 1436/4563, time remaining: 1m 53s
Rendered 1437/4563, time remaining: 1m 51s
Rendered 1438/4563, time remaining: 1m 52s
Rendered 1439/4563, time remaining: 1m 53s
Rendered 1440/4563, time remaining: 1m 53s
Rendered 1441/4563, time remaining: 1m 52s
Rendered 1442/4563, time remaining: 1m 54s
Rendered 1443/4563, time remaining: 1m 51s
Rendered 1444/4563, time remaining: 1m 52s
Rendered 1445/4563, time remaining: 1m 53s
Rendered 1446/4563, time remaining: 1m 52s
Rendered 1447/4563, time remaining: 1m 53s
Rendered 1448/4563, time remaining: 1m 53s
Rendered 1449/4563, time remaining: 1m 53s
Rendered 1450/4563, time remaining: 1m 55s
Rendered 1451/4563, time remaining: 1m 52s
Rendered 1452/4563, time remaining: 1m 51s
Rendered 1453/4563, time remaining: 1m 51s
Rendered 1454/4563, time remaining: 1m 51s
Rendered 1455/4563, time remaining: 1m 52s
Rendered 1456/4563, time remaining: 1m 52s
Rendered 1457/4563, time remaining: 1m 50s
Rendered 1458/4563, time remaining: 1m 53s
Rendered 1459/4563, time remaining: 1m 52s
Rendered 1460/4563, time remaining: 1m 51s
Rendered 1461/4563, time remaining: 1m 52s
Rendered 1462/4563, time remaining: 1m 50s
Rendered 1463/4563, time remaining: 1m 52s
Rendered 1464/4563, time remaining: 1m 53s
Rendered 1465/4563, time remaining: 1m 53s
Rendered 1466/4563, time remaining: 1m 52s
Rendered 1467/4563, time remaining: 1m 53s
Rendered 1468/4563, time remaining: 1m 51s
Rendered 1469/4563, time remaining: 1m 52s
Rendered 1470/4563, time remaining: 1m 52s
Rendered 1471/4563, time remaining: 1m 51s
Rendered 1472/4563, time remaining: 1m 52s
Rendered 1473/4563, time remaining: 1m 52s
Rendered 1474/4563, time remaining: 1m 53s
Rendered 1475/4563, time remaining: 1m 53s
Rendered 1476/4563, time remaining: 1m 51s
Rendered 1477/4563, time remaining: 1m 51s
Rendered 1478/4563, time remaining: 1m 52s
Rendered 1479/4563, time remaining: 1m 52s
Rendered 1480/4563, time remaining: 1m 52s
Rendered 1481/4563, time remaining: 1m 50s
Rendered 1482/4563, time remaining: 1m 52s
Rendered 1483/4563, time remaining: 1m 52s
Rendered 1484/4563, time remaining: 1m 52s
Rendered 1485/4563, time remaining: 1m 51s
Rendered 1486/4563, time remaining: 1m 50s
Rendered 1487/4563, time remaining: 1m 52s
Rendered 1488/4563, time remaining: 1m 52s
Rendered 1489/4563, time remaining: 1m 52s
Rendered 1490/4563, time remaining: 1m 51s
Rendered 1491/4563, time remaining: 1m 51s
Rendered 1492/4563, time remaining: 1m 53s
Rendered 1493/4563, time remaining: 1m 51s
Rendered 1494/4563, time remaining: 1m 51s
Rendered 1495/4563, time remaining: 1m 52s
Rendered 1496/4563, time remaining: 1m 52s
Rendered 1497/4563, time remaining: 1m 52s
Rendered 1498/4563, time remaining: 1m 50s
Rendered 1499/4563, time remaining: 1m 53s
Rendered 1500/4563, time remaining: 1m 51s
Rendered 1501/4563, time remaining: 1m 51s
Rendered 1502/4563, time remaining: 1m 52s
Rendered 1503/4563, time remaining: 1m 50s
Rendered 1504/4563, time remaining: 1m 50s
Rendered 1505/4563, time remaining: 1m 50s
Rendered 1506/4563, time remaining: 1m 50s
Rendered 1507/4563, time remaining: 1m 51s
Rendered 1508/4563, time remaining: 1m 51s
Rendered 1509/4563, time remaining: 1m 53s
Rendered 1510/4563, time remaining: 1m 54s
Rendered 1511/4563, time remaining: 1m 50s
Rendered 1512/4563, time remaining: 1m 50s
Rendered 1513/4563, time remaining: 1m 51s
Rendered 1514/4563, time remaining: 1m 52s
Rendered 1515/4563, time remaining: 1m 51s
Rendered 1516/4563, time remaining: 1m 51s
Rendered 1517/4563, time remaining: 1m 51s
Rendered 1518/4563, time remaining: 1m 52s
Rendered 1519/4563, time remaining: 1m 51s
Rendered 1520/4563, time remaining: 1m 52s
Rendered 1521/4563, time remaining: 1m 50s
Rendered 1522/4563, time remaining: 1m 50s
Rendered 1523/4563, time remaining: 1m 50s
Rendered 1524/4563, time remaining: 1m 50s
Rendered 1525/4563, time remaining: 1m 49s
Rendered 1526/4563, time remaining: 1m 52s
Rendered 1527/4563, time remaining: 1m 51s
Rendered 1528/4563, time remaining: 1m 51s
Rendered 1529/4563, time remaining: 1m 51s
Rendered 1530/4563, time remaining: 1m 51s
Rendered 1531/4563, time remaining: 1m 50s
Rendered 1532/4563, time remaining: 1m 50s
Rendered 1533/4563, time remaining: 1m 48s
Rendered 1534/4563, time remaining: 1m 51s
Rendered 1535/4563, time remaining: 1m 51s
Rendered 1536/4563, time remaining: 1m 51s
Rendered 1537/4563, time remaining: 1m 51s
Rendered 1538/4563, time remaining: 1m 52s
Rendered 1539/4563, time remaining: 1m 51s
Rendered 1540/4563, time remaining: 1m 51s
Rendered 1541/4563, time remaining: 1m 48s
Rendered 1542/4563, time remaining: 1m 52s
Rendered 1543/4563, time remaining: 1m 51s
Rendered 1544/4563, time remaining: 1m 52s
Rendered 1545/4563, time remaining: 1m 52s
Rendered 1546/4563, time remaining: 1m 51s
Rendered 1547/4563, time remaining: 1m 51s
Rendered 1548/4563, time remaining: 1m 51s
Rendered 1549/4563, time remaining: 1m 51s
Rendered 1550/4563, time remaining: 1m 51s
Rendered 1551/4563, time remaining: 1m 52s
Rendered 1552/4563, time remaining: 1m 51s
Rendered 1553/4563, time remaining: 1m 51s
Rendered 1554/4563, time remaining: 1m 50s
Rendered 1555/4563, time remaining: 1m 52s
Rendered 1556/4563, time remaining: 1m 52s
Rendered 1557/4563, time remaining: 1m 49s
Rendered 1558/4563, time remaining: 1m 49s
Rendered 1559/4563, time remaining: 1m 51s
Rendered 1560/4563, time remaining: 1m 51s
Rendered 1561/4563, time remaining: 1m 51s
Rendered 1562/4563, time remaining: 1m 53s
Rendered 1563/4563, time remaining: 1m 51s
Rendered 1564/4563, time remaining: 1m 49s
Rendered 1565/4563, time remaining: 1m 49s
Rendered 1566/4563, time remaining: 1m 49s
Rendered 1567/4563, time remaining: 1m 49s
Rendered 1568/4563, time remaining: 1m 52s
Rendered 1569/4563, time remaining: 1m 51s
Rendered 1570/4563, time remaining: 1m 51s
Rendered 1571/4563, time remaining: 1m 51s
Rendered 1572/4563, time remaining: 1m 50s
Rendered 1573/4563, time remaining: 1m 50s
Rendered 1574/4563, time remaining: 1m 48s
Rendered 1575/4563, time remaining: 1m 48s
Rendered 1576/4563, time remaining: 1m 51s
Rendered 1577/4563, time remaining: 1m 52s
Rendered 1578/4563, time remaining: 1m 51s
Rendered 1579/4563, time remaining: 1m 50s
Rendered 1580/4563, time remaining: 1m 52s
Rendered 1581/4563, time remaining: 1m 49s
Rendered 1582/4563, time remaining: 1m 49s
Rendered 1583/4563, time remaining: 1m 48s
Rendered 1584/4563, time remaining: 1m 50s
Rendered 1585/4563, time remaining: 1m 49s
Rendered 1586/4563, time remaining: 1m 50s
Rendered 1587/4563, time remaining: 1m 50s
Rendered 1588/4563, time remaining: 1m 49s
Rendered 1589/4563, time remaining: 1m 50s
Rendered 1590/4563, time remaining: 1m 51s
Rendered 1591/4563, time remaining: 1m 51s
Rendered 1592/4563, time remaining: 1m 50s
Rendered 1593/4563, time remaining: 1m 50s
Rendered 1594/4563, time remaining: 1m 50s
Rendered 1595/4563, time remaining: 1m 48s
Rendered 1596/4563, time remaining: 1m 48s
Rendered 1597/4563, time remaining: 1m 50s
Rendered 1598/4563, time remaining: 1m 51s
Rendered 1599/4563, time remaining: 1m 50s
Rendered 1600/4563, time remaining: 1m 49s
Rendered 1601/4563, time remaining: 1m 49s
Rendered 1602/4563, time remaining: 1m 49s
Rendered 1603/4563, time remaining: 1m 49s
Rendered 1604/4563, time remaining: 1m 48s
Rendered 1605/4563, time remaining: 1m 50s
Rendered 1606/4563, time remaining: 1m 51s
Rendered 1607/4563, time remaining: 1m 51s
Rendered 1608/4563, time remaining: 1m 48s
Rendered 1609/4563, time remaining: 1m 48s
Rendered 1610/4563, time remaining: 1m 48s
Rendered 1611/4563, time remaining: 1m 48s
Rendered 1612/4563, time remaining: 1m 50s
Rendered 1613/4563, time remaining: 1m 50s
Rendered 1614/4563, time remaining: 1m 50s
Rendered 1615/4563, time remaining: 1m 50s
Rendered 1616/4563, time remaining: 1m 49s
Rendered 1617/4563, time remaining: 1m 48s
Rendered 1618/4563, time remaining: 1m 48s
Rendered 1619/4563, time remaining: 1m 48s
Rendered 1620/4563, time remaining: 1m 50s
Rendered 1621/4563, time remaining: 1m 50s
Rendered 1622/4563, time remaining: 1m 50s
Rendered 1623/4563, time remaining: 1m 51s
Rendered 1624/4563, time remaining: 1m 48s
Rendered 1625/4563, time remaining: 1m 48s
Rendered 1626/4563, time remaining: 1m 48s
Rendered 1627/4563, time remaining: 1m 49s
Rendered 1628/4563, time remaining: 1m 49s
Rendered 1629/4563, time remaining: 1m 51s
Rendered 1630/4563, time remaining: 1m 51s
Rendered 1631/4563, time remaining: 1m 51s
Rendered 1632/4563, time remaining: 1m 50s
Rendered 1633/4563, time remaining: 1m 50s
Rendered 1634/4563, time remaining: 1m 48s
Rendered 1635/4563, time remaining: 1m 48s
Rendered 1636/4563, time remaining: 1m 49s
Rendered 1637/4563, time remaining: 1m 47s
Rendered 1638/4563, time remaining: 1m 49s
Rendered 1639/4563, time remaining: 1m 50s
Rendered 1640/4563, time remaining: 1m 49s
Rendered 1641/4563, time remaining: 1m 49s
Rendered 1642/4563, time remaining: 1m 46s
Rendered 1643/4563, time remaining: 1m 47s
Rendered 1644/4563, time remaining: 1m 47s
Rendered 1645/4563, time remaining: 1m 46s
Rendered 1646/4563, time remaining: 1m 49s
Rendered 1647/4563, time remaining: 1m 50s
Rendered 1648/4563, time remaining: 1m 50s
Rendered 1649/4563, time remaining: 1m 48s
Rendered 1650/4563, time remaining: 1m 46s
Rendered 1651/4563, time remaining: 1m 46s
Rendered 1652/4563, time remaining: 1m 46s
Rendered 1653/4563, time remaining: 1m 45s
Rendered 1654/4563, time remaining: 1m 46s
Rendered 1655/4563, time remaining: 1m 48s
Rendered 1656/4563, time remaining: 1m 48s
Rendered 1657/4563, time remaining: 1m 48s
Rendered 1658/4563, time remaining: 1m 48s
Rendered 1659/4563, time remaining: 1m 45s
Rendered 1660/4563, time remaining: 1m 45s
Rendered 1661/4563, time remaining: 1m 45s
Rendered 1662/4563, time remaining: 1m 46s
Rendered 1663/4563, time remaining: 1m 46s
Rendered 1664/4563, time remaining: 1m 45s
Rendered 1665/4563, time remaining: 1m 47s
Rendered 1666/4563, time remaining: 1m 46s
Rendered 1667/4563, time remaining: 1m 46s
Rendered 1668/4563, time remaining: 1m 46s
Rendered 1669/4563, time remaining: 1m 46s
Rendered 1670/4563, time remaining: 1m 45s
Rendered 1671/4563, time remaining: 1m 45s
Rendered 1672/4563, time remaining: 1m 47s
Rendered 1673/4563, time remaining: 1m 47s
Rendered 1674/4563, time remaining: 1m 46s
Rendered 1675/4563, time remaining: 1m 45s
Rendered 1676/4563, time remaining: 1m 46s
Rendered 1677/4563, time remaining: 1m 46s
Rendered 1678/4563, time remaining: 1m 46s
Rendered 1679/4563, time remaining: 1m 46s
Rendered 1680/4563, time remaining: 1m 46s
Rendered 1681/4563, time remaining: 1m 47s
Rendered 1682/4563, time remaining: 1m 47s
Rendered 1683/4563, time remaining: 1m 47s
Rendered 1684/4563, time remaining: 1m 44s
Rendered 1685/4563, time remaining: 1m 46s
Rendered 1686/4563, time remaining: 1m 46s
Rendered 1687/4563, time remaining: 1m 45s
Rendered 1688/4563, time remaining: 1m 45s
Rendered 1689/4563, time remaining: 1m 45s
Rendered 1690/4563, time remaining: 1m 45s
Rendered 1691/4563, time remaining: 1m 45s
Rendered 1692/4563, time remaining: 1m 44s
Rendered 1693/4563, time remaining: 1m 45s
Rendered 1694/4563, time remaining: 1m 45s
Rendered 1695/4563, time remaining: 1m 45s
Rendered 1696/4563, time remaining: 1m 45s
Rendered 1697/4563, time remaining: 1m 45s
Rendered 1698/4563, time remaining: 1m 45s
Rendered 1699/4563, time remaining: 1m 45s
Rendered 1700/4563, time remaining: 1m 46s
Rendered 1701/4563, time remaining: 1m 44s
Rendered 1702/4563, time remaining: 1m 45s
Rendered 1703/4563, time remaining: 1m 45s
Rendered 1704/4563, time remaining: 1m 45s
Rendered 1705/4563, time remaining: 1m 44s
Rendered 1706/4563, time remaining: 1m 44s
Rendered 1707/4563, time remaining: 1m 45s
Rendered 1708/4563, time remaining: 1m 47s
Rendered 1709/4563, time remaining: 1m 45s
Rendered 1710/4563, time remaining: 1m 46s
Rendered 1711/4563, time remaining: 1m 45s
Rendered 1712/4563, time remaining: 1m 44s
Rendered 1713/4563, time remaining: 1m 43s
Rendered 1714/4563, time remaining: 1m 43s
Rendered 1715/4563, time remaining: 1m 45s
Rendered 1716/4563, time remaining: 1m 46s
Rendered 1717/4563, time remaining: 1m 46s
Rendered 1718/4563, time remaining: 1m 43s
Rendered 1719/4563, time remaining: 1m 45s
Rendered 1720/4563, time remaining: 1m 45s
Rendered 1721/4563, time remaining: 1m 45s
Rendered 1722/4563, time remaining: 1m 44s
Rendered 1723/4563, time remaining: 1m 44s
Rendered 1724/4563, time remaining: 1m 45s
Rendered 1725/4563, time remaining: 1m 45s
Rendered 1726/4563, time remaining: 1m 44s
Rendered 1727/4563, time remaining: 1m 43s
Rendered 1728/4563, time remaining: 1m 44s
Rendered 1729/4563, time remaining: 1m 44s
Rendered 1730/4563, time remaining: 1m 43s
Rendered 1731/4563, time remaining: 1m 43s
Rendered 1732/4563, time remaining: 1m 45s
Rendered 1733/4563, time remaining: 1m 45s
Rendered 1734/4563, time remaining: 1m 44s
Rendered 1735/4563, time remaining: 1m 44s
Rendered 1736/4563, time remaining: 1m 43s
Rendered 1737/4563, time remaining: 1m 43s
Rendered 1738/4563, time remaining: 1m 44s
Rendered 1739/4563, time remaining: 1m 42s
Rendered 1740/4563, time remaining: 1m 41s
Rendered 1741/4563, time remaining: 1m 42s
Rendered 1742/4563, time remaining: 1m 43s
Rendered 1743/4563, time remaining: 1m 43s
Rendered 1744/4563, time remaining: 1m 44s
Rendered 1745/4563, time remaining: 1m 44s
Rendered 1746/4563, time remaining: 1m 44s
Rendered 1747/4563, time remaining: 1m 40s
Rendered 1748/4563, time remaining: 1m 40s
Rendered 1749/4563, time remaining: 1m 42s
Rendered 1750/4563, time remaining: 1m 41s
Rendered 1751/4563, time remaining: 1m 41s
Rendered 1752/4563, time remaining: 1m 44s
Rendered 1753/4563, time remaining: 1m 44s
Rendered 1754/4563, time remaining: 1m 44s
Rendered 1755/4563, time remaining: 1m 41s
Rendered 1756/4563, time remaining: 1m 40s
Rendered 1757/4563, time remaining: 1m 41s
Rendered 1758/4563, time remaining: 1m 41s
Rendered 1759/4563, time remaining: 1m 41s
Rendered 1760/4563, time remaining: 1m 44s
Rendered 1761/4563, time remaining: 1m 44s
Rendered 1762/4563, time remaining: 1m 43s
Rendered 1763/4563, time remaining: 1m 41s
Rendered 1764/4563, time remaining: 1m 40s
Rendered 1765/4563, time remaining: 1m 41s
Rendered 1766/4563, time remaining: 1m 41s
Rendered 1767/4563, time remaining: 1m 41s
Rendered 1768/4563, time remaining: 1m 40s
Rendered 1769/4563, time remaining: 1m 42s
Rendered 1770/4563, time remaining: 1m 41s
Rendered 1771/4563, time remaining: 1m 41s
Rendered 1772/4563, time remaining: 1m 40s
Rendered 1773/4563, time remaining: 1m 40s
Rendered 1774/4563, time remaining: 1m 40s
Rendered 1775/4563, time remaining: 1m 40s
Rendered 1776/4563, time remaining: 1m 40s
Rendered 1777/4563, time remaining: 1m 43s
Rendered 1778/4563, time remaining: 1m 41s
Rendered 1779/4563, time remaining: 1m 40s
Rendered 1780/4563, time remaining: 1m 40s
Rendered 1781/4563, time remaining: 1m 40s
Rendered 1782/4563, time remaining: 1m 38s
Rendered 1783/4563, time remaining: 1m 38s
Rendered 1784/4563, time remaining: 1m 39s
Rendered 1785/4563, time remaining: 1m 43s
Rendered 1786/4563, time remaining: 1m 41s
Rendered 1787/4563, time remaining: 1m 42s
Rendered 1788/4563, time remaining: 1m 40s
Rendered 1789/4563, time remaining: 1m 39s
Rendered 1790/4563, time remaining: 1m 39s
Rendered 1791/4563, time remaining: 1m 39s
Rendered 1792/4563, time remaining: 1m 39s
Rendered 1793/4563, time remaining: 1m 42s
Rendered 1794/4563, time remaining: 1m 42s
Rendered 1795/4563, time remaining: 1m 43s
Rendered 1796/4563, time remaining: 1m 40s
Rendered 1797/4563, time remaining: 1m 39s
Rendered 1798/4563, time remaining: 1m 39s
Rendered 1799/4563, time remaining: 1m 39s
Rendered 1800/4563, time remaining: 1m 40s
Rendered 1801/4563, time remaining: 1m 42s
Rendered 1802/4563, time remaining: 1m 42s
Rendered 1803/4563, time remaining: 1m 42s
Rendered 1804/4563, time remaining: 1m 42s
Rendered 1805/4563, time remaining: 1m 40s
Rendered 1806/4563, time remaining: 1m 40s
Rendered 1807/4563, time remaining: 1m 39s
Rendered 1808/4563, time remaining: 1m 39s
Rendered 1809/4563, time remaining: 1m 39s
Rendered 1810/4563, time remaining: 1m 41s
Rendered 1811/4563, time remaining: 1m 41s
Rendered 1812/4563, time remaining: 1m 41s
Rendered 1813/4563, time remaining: 1m 41s
Rendered 1814/4563, time remaining: 1m 41s
Rendered 1815/4563, time remaining: 1m 39s
Rendered 1816/4563, time remaining: 1m 40s
Rendered 1817/4563, time remaining: 1m 41s
Rendered 1818/4563, time remaining: 1m 39s
Rendered 1819/4563, time remaining: 1m 39s
Rendered 1820/4563, time remaining: 1m 40s
Rendered 1821/4563, time remaining: 1m 40s
Rendered 1822/4563, time remaining: 1m 38s
Rendered 1823/4563, time remaining: 1m 38s
Rendered 1824/4563, time remaining: 1m 40s
Rendered 1825/4563, time remaining: 1m 40s
Rendered 1826/4563, time remaining: 1m 39s
Rendered 1827/4563, time remaining: 1m 39s
Rendered 1828/4563, time remaining: 1m 39s
Rendered 1829/4563, time remaining: 1m 39s
Rendered 1830/4563, time remaining: 1m 39s
Rendered 1831/4563, time remaining: 1m 38s
Rendered 1832/4563, time remaining: 1m 39s
Rendered 1833/4563, time remaining: 1m 39s
Rendered 1834/4563, time remaining: 1m 40s
Rendered 1835/4563, time remaining: 1m 39s
Rendered 1836/4563, time remaining: 1m 39s
Rendered 1837/4563, time remaining: 1m 39s
Rendered 1838/4563, time remaining: 1m 39s
Rendered 1839/4563, time remaining: 1m 39s
Rendered 1840/4563, time remaining: 1m 40s
Rendered 1841/4563, time remaining: 1m 40s
Rendered 1842/4563, time remaining: 1m 38s
Rendered 1843/4563, time remaining: 1m 39s
Rendered 1844/4563, time remaining: 1m 39s
Rendered 1845/4563, time remaining: 1m 39s
Rendered 1846/4563, time remaining: 1m 38s
Rendered 1847/4563, time remaining: 1m 37s
Rendered 1848/4563, time remaining: 1m 39s
Rendered 1849/4563, time remaining: 1m 38s
Rendered 1850/4563, time remaining: 1m 36s
Rendered 1851/4563, time remaining: 1m 39s
Rendered 1852/4563, time remaining: 1m 39s
Rendered 1853/4563, time remaining: 1m 38s
Rendered 1854/4563, time remaining: 1m 38s
Rendered 1855/4563, time remaining: 1m 38s
Rendered 1856/4563, time remaining: 1m 39s
Rendered 1857/4563, time remaining: 1m 38s
Rendered 1858/4563, time remaining: 1m 36s
Rendered 1859/4563, time remaining: 1m 39s
Rendered 1860/4563, time remaining: 1m 38s
Rendered 1861/4563, time remaining: 1m 38s
Rendered 1862/4563, time remaining: 1m 38s
Rendered 1863/4563, time remaining: 1m 39s
Rendered 1864/4563, time remaining: 1m 39s
Rendered 1865/4563, time remaining: 1m 37s
Rendered 1866/4563, time remaining: 1m 36s
Rendered 1867/4563, time remaining: 1m 38s
Rendered 1868/4563, time remaining: 1m 39s
Rendered 1869/4563, time remaining: 1m 37s
Rendered 1870/4563, time remaining: 1m 37s
Rendered 1871/4563, time remaining: 1m 37s
Rendered 1872/4563, time remaining: 1m 37s
Rendered 1873/4563, time remaining: 1m 37s
Rendered 1874/4563, time remaining: 1m 39s
Rendered 1875/4563, time remaining: 1m 39s
Rendered 1876/4563, time remaining: 1m 38s
Rendered 1877/4563, time remaining: 1m 38s
Rendered 1878/4563, time remaining: 1m 37s
Rendered 1879/4563, time remaining: 1m 38s
Rendered 1880/4563, time remaining: 1m 38s
Rendered 1881/4563, time remaining: 1m 38s
Rendered 1882/4563, time remaining: 1m 37s
Rendered 1883/4563, time remaining: 1m 40s
Rendered 1884/4563, time remaining: 1m 37s
Rendered 1885/4563, time remaining: 1m 37s
Rendered 1886/4563, time remaining: 1m 37s
Rendered 1887/4563, time remaining: 1m 37s
Rendered 1888/4563, time remaining: 1m 38s
Rendered 1889/4563, time remaining: 1m 38s
Rendered 1890/4563, time remaining: 1m 39s
Rendered 1891/4563, time remaining: 1m 39s
Rendered 1892/4563, time remaining: 1m 36s
Rendered 1893/4563, time remaining: 1m 38s
Rendered 1894/4563, time remaining: 1m 37s
Rendered 1895/4563, time remaining: 1m 38s
Rendered 1896/4563, time remaining: 1m 39s
Rendered 1897/4563, time remaining: 1m 39s
Rendered 1898/4563, time remaining: 1m 39s
Rendered 1899/4563, time remaining: 1m 38s
Rendered 1900/4563, time remaining: 1m 37s
Rendered 1901/4563, time remaining: 1m 37s
Rendered 1902/4563, time remaining: 1m 35s
Rendered 1903/4563, time remaining: 1m 38s
Rendered 1904/4563, time remaining: 1m 38s
Rendered 1905/4563, time remaining: 1m 37s
Rendered 1906/4563, time remaining: 1m 38s
Rendered 1907/4563, time remaining: 1m 37s
Rendered 1908/4563, time remaining: 1m 38s
Rendered 1909/4563, time remaining: 1m 38s
Rendered 1910/4563, time remaining: 1m 36s
Rendered 1911/4563, time remaining: 1m 38s
Rendered 1912/4563, time remaining: 1m 37s
Rendered 1913/4563, time remaining: 1m 37s
Rendered 1914/4563, time remaining: 1m 36s
Rendered 1915/4563, time remaining: 1m 36s
Rendered 1916/4563, time remaining: 1m 38s
Rendered 1917/4563, time remaining: 1m 39s
Rendered 1918/4563, time remaining: 1m 39s
Rendered 1919/4563, time remaining: 1m 38s
Rendered 1920/4563, time remaining: 1m 36s
Rendered 1921/4563, time remaining: 1m 36s
Rendered 1922/4563, time remaining: 1m 36s
Rendered 1923/4563, time remaining: 1m 38s
Rendered 1924/4563, time remaining: 1m 38s
Rendered 1925/4563, time remaining: 1m 38s
Rendered 1926/4563, time remaining: 1m 38s
Rendered 1927/4563, time remaining: 1m 37s
Rendered 1928/4563, time remaining: 1m 37s
Rendered 1929/4563, time remaining: 1m 37s
Rendered 1930/4563, time remaining: 1m 37s
Rendered 1931/4563, time remaining: 1m 37s
Rendered 1932/4563, time remaining: 1m 38s
Rendered 1933/4563, time remaining: 1m 38s
Rendered 1934/4563, time remaining: 1m 38s
Rendered 1935/4563, time remaining: 1m 37s
Rendered 1936/4563, time remaining: 1m 37s
Rendered 1937/4563, time remaining: 1m 37s
Rendered 1938/4563, time remaining: 1m 36s
Rendered 1939/4563, time remaining: 1m 37s
Rendered 1940/4563, time remaining: 1m 37s
Rendered 1941/4563, time remaining: 1m 37s
Rendered 1942/4563, time remaining: 1m 37s
Rendered 1943/4563, time remaining: 1m 37s
Rendered 1944/4563, time remaining: 1m 36s
Rendered 1945/4563, time remaining: 1m 36s
Rendered 1946/4563, time remaining: 1m 37s
Rendered 1947/4563, time remaining: 1m 37s
Rendered 1948/4563, time remaining: 1m 37s
Rendered 1949/4563, time remaining: 1m 37s
Rendered 1950/4563, time remaining: 1m 37s
Rendered 1951/4563, time remaining: 1m 36s
Rendered 1952/4563, time remaining: 1m 36s
Rendered 1953/4563, time remaining: 1m 37s
Rendered 1954/4563, time remaining: 1m 36s
Rendered 1955/4563, time remaining: 1m 36s
Rendered 1956/4563, time remaining: 1m 36s
Rendered 1957/4563, time remaining: 1m 36s
Rendered 1958/4563, time remaining: 1m 37s
Rendered 1959/4563, time remaining: 1m 38s
Rendered 1960/4563, time remaining: 1m 36s
Rendered 1961/4563, time remaining: 1m 37s
Rendered 1962/4563, time remaining: 1m 36s
Rendered 1963/4563, time remaining: 1m 36s
Rendered 1964/4563, time remaining: 1m 36s
Rendered 1965/4563, time remaining: 1m 36s
Rendered 1966/4563, time remaining: 1m 35s
Rendered 1967/4563, time remaining: 1m 38s
Rendered 1968/4563, time remaining: 1m 36s
Rendered 1969/4563, time remaining: 1m 36s
Rendered 1970/4563, time remaining: 1m 35s
Rendered 1971/4563, time remaining: 1m 36s
Rendered 1972/4563, time remaining: 1m 37s
Rendered 1973/4563, time remaining: 1m 37s
Rendered 1974/4563, time remaining: 1m 35s
Rendered 1975/4563, time remaining: 1m 36s
Rendered 1976/4563, time remaining: 1m 33s
Rendered 1977/4563, time remaining: 1m 33s
Rendered 1978/4563, time remaining: 1m 33s
Rendered 1979/4563, time remaining: 1m 33s
Rendered 1980/4563, time remaining: 1m 33s
Rendered 1981/4563, time remaining: 1m 33s
Rendered 1982/4563, time remaining: 1m 32s
Rendered 1983/4563, time remaining: 1m 32s
Rendered 1984/4563, time remaining: 1m 30s
Rendered 1985/4563, time remaining: 1m 29s
Rendered 1986/4563, time remaining: 1m 29s
Rendered 1987/4563, time remaining: 1m 29s
Rendered 1988/4563, time remaining: 1m 29s
Rendered 1989/4563, time remaining: 1m 29s
Rendered 1990/4563, time remaining: 1m 30s
Rendered 1991/4563, time remaining: 1m 29s
Rendered 1992/4563, time remaining: 1m 28s
Rendered 1993/4563, time remaining: 1m 28s
Rendered 1994/4563, time remaining: 1m 28s
Rendered 1995/4563, time remaining: 1m 29s
Rendered 1996/4563, time remaining: 1m 28s
Rendered 1997/4563, time remaining: 1m 29s
Rendered 1998/4563, time remaining: 1m 28s
Rendered 1999/4563, time remaining: 1m 29s
Rendered 2000/4563, time remaining: 1m 30s
Rendered 2001/4563, time remaining: 1m 27s
Rendered 2002/4563, time remaining: 1m 27s
Rendered 2003/4563, time remaining: 1m 27s
Rendered 2004/4563, time remaining: 1m 27s
Rendered 2005/4563, time remaining: 1m 28s
Rendered 2006/4563, time remaining: 1m 27s
Rendered 2007/4563, time remaining: 1m 29s
Rendered 2008/4563, time remaining: 1m 29s
Rendered 2009/4563, time remaining: 1m 26s
Rendered 2010/4563, time remaining: 1m 27s
Rendered 2011/4563, time remaining: 1m 28s
Rendered 2012/4563, time remaining: 1m 28s
Rendered 2013/4563, time remaining: 1m 27s
Rendered 2014/4563, time remaining: 1m 27s
Rendered 2015/4563, time remaining: 1m 28s
Rendered 2016/4563, time remaining: 1m 28s
Rendered 2017/4563, time remaining: 1m 26s
Rendered 2018/4563, time remaining: 1m 26s
Rendered 2019/4563, time remaining: 1m 26s
Rendered 2020/4563, time remaining: 1m 26s
Rendered 2021/4563, time remaining: 1m 26s
Rendered 2022/4563, time remaining: 1m 26s
Rendered 2023/4563, time remaining: 1m 27s
Rendered 2024/4563, time remaining: 1m 26s
Rendered 2025/4563, time remaining: 1m 25s
Rendered 2026/4563, time remaining: 1m 25s
Rendered 2027/4563, time remaining: 1m 26s
Rendered 2028/4563, time remaining: 1m 26s
Rendered 2029/4563, time remaining: 1m 24s
Rendered 2030/4563, time remaining: 1m 24s
Rendered 2031/4563, time remaining: 1m 26s
Rendered 2032/4563, time remaining: 1m 26s
Rendered 2033/4563, time remaining: 1m 25s
Rendered 2034/4563, time remaining: 1m 25s
Rendered 2035/4563, time remaining: 1m 25s
Rendered 2036/4563, time remaining: 1m 27s
Rendered 2037/4563, time remaining: 1m 26s
Rendered 2038/4563, time remaining: 1m 25s
Rendered 2039/4563, time remaining: 1m 25s
Rendered 2040/4563, time remaining: 1m 27s
Rendered 2041/4563, time remaining: 1m 26s
Rendered 2042/4563, time remaining: 1m 26s
Rendered 2043/4563, time remaining: 1m 25s
Rendered 2044/4563, time remaining: 1m 26s
Rendered 2045/4563, time remaining: 1m 24s
Rendered 2046/4563, time remaining: 1m 24s
Rendered 2047/4563, time remaining: 1m 24s
Rendered 2048/4563, time remaining: 1m 27s
Rendered 2049/4563, time remaining: 1m 26s
Rendered 2050/4563, time remaining: 1m 26s
Rendered 2051/4563, time remaining: 1m 27s
Rendered 2052/4563, time remaining: 1m 27s
Rendered 2053/4563, time remaining: 1m 24s
Rendered 2054/4563, time remaining: 1m 25s
Rendered 2055/4563, time remaining: 1m 25s
Rendered 2056/4563, time remaining: 1m 27s
Rendered 2057/4563, time remaining: 1m 26s
Rendered 2058/4563, time remaining: 1m 26s
Rendered 2059/4563, time remaining: 1m 27s
Rendered 2060/4563, time remaining: 1m 25s
Rendered 2061/4563, time remaining: 1m 23s
Rendered 2062/4563, time remaining: 1m 25s
Rendered 2063/4563, time remaining: 1m 25s
Rendered 2064/4563, time remaining: 1m 25s
Rendered 2065/4563, time remaining: 1m 25s
Rendered 2066/4563, time remaining: 1m 23s
Rendered 2067/4563, time remaining: 1m 23s
Rendered 2068/4563, time remaining: 1m 23s
Rendered 2069/4563, time remaining: 1m 23s
Rendered 2070/4563, time remaining: 1m 26s
Rendered 2071/4563, time remaining: 1m 26s
Rendered 2072/4563, time remaining: 1m 25s
Rendered 2073/4563, time remaining: 1m 23s
Rendered 2074/4563, time remaining: 1m 24s
Rendered 2075/4563, time remaining: 1m 24s
Rendered 2076/4563, time remaining: 1m 24s
Rendered 2077/4563, time remaining: 1m 23s
Rendered 2078/4563, time remaining: 1m 24s
Rendered 2079/4563, time remaining: 1m 25s
Rendered 2080/4563, time remaining: 1m 24s
Rendered 2081/4563, time remaining: 1m 25s
Rendered 2082/4563, time remaining: 1m 24s
Rendered 2083/4563, time remaining: 1m 25s
Rendered 2084/4563, time remaining: 1m 25s
Rendered 2085/4563, time remaining: 1m 22s
Rendered 2086/4563, time remaining: 1m 22s
Rendered 2087/4563, time remaining: 1m 24s
Rendered 2088/4563, time remaining: 1m 24s
Rendered 2089/4563, time remaining: 1m 24s
Rendered 2090/4563, time remaining: 1m 25s
Rendered 2091/4563, time remaining: 1m 25s
Rendered 2092/4563, time remaining: 1m 25s
Rendered 2093/4563, time remaining: 1m 22s
Rendered 2094/4563, time remaining: 1m 23s
Rendered 2095/4563, time remaining: 1m 22s
Rendered 2096/4563, time remaining: 1m 23s
Rendered 2097/4563, time remaining: 1m 24s
Rendered 2098/4563, time remaining: 1m 25s
Rendered 2099/4563, time remaining: 1m 25s
Rendered 2100/4563, time remaining: 1m 23s
Rendered 2101/4563, time remaining: 1m 23s
Rendered 2102/4563, time remaining: 1m 22s
Rendered 2103/4563, time remaining: 1m 22s
Rendered 2104/4563, time remaining: 1m 22s
Rendered 2105/4563, time remaining: 1m 24s
Rendered 2106/4563, time remaining: 1m 25s
Rendered 2107/4563, time remaining: 1m 24s
Rendered 2108/4563, time remaining: 1m 24s
Rendered 2109/4563, time remaining: 1m 22s
Rendered 2110/4563, time remaining: 1m 22s
Rendered 2111/4563, time remaining: 1m 21s
Rendered 2112/4563, time remaining: 1m 21s
Rendered 2113/4563, time remaining: 1m 24s
Rendered 2114/4563, time remaining: 1m 24s
Rendered 2115/4563, time remaining: 1m 23s
Rendered 2116/4563, time remaining: 1m 24s
Rendered 2117/4563, time remaining: 1m 20s
Rendered 2118/4563, time remaining: 1m 22s
Rendered 2119/4563, time remaining: 1m 22s
Rendered 2120/4563, time remaining: 1m 22s
Rendered 2121/4563, time remaining: 1m 23s
Rendered 2122/4563, time remaining: 1m 22s
Rendered 2123/4563, time remaining: 1m 23s
Rendered 2124/4563, time remaining: 1m 24s
Rendered 2125/4563, time remaining: 1m 24s
Rendered 2126/4563, time remaining: 1m 24s
Rendered 2127/4563, time remaining: 1m 24s
Rendered 2128/4563, time remaining: 1m 24s
Rendered 2129/4563, time remaining: 1m 25s
Rendered 2130/4563, time remaining: 1m 24s
Rendered 2131/4563, time remaining: 1m 24s
Rendered 2132/4563, time remaining: 1m 26s
Rendered 2133/4563, time remaining: 1m 26s
Rendered 2134/4563, time remaining: 1m 26s
Rendered 2135/4563, time remaining: 1m 27s
Rendered 2136/4563, time remaining: 1m 28s
Rendered 2137/4563, time remaining: 1m 28s
Rendered 2138/4563, time remaining: 1m 27s
Rendered 2139/4563, time remaining: 1m 28s
Rendered 2140/4563, time remaining: 1m 27s
Rendered 2141/4563, time remaining: 1m 29s
Rendered 2142/4563, time remaining: 1m 28s
Rendered 2143/4563, time remaining: 1m 27s
Rendered 2144/4563, time remaining: 1m 28s
Rendered 2145/4563, time remaining: 1m 28s
Rendered 2146/4563, time remaining: 1m 28s
Rendered 2147/4563, time remaining: 1m 28s
Rendered 2148/4563, time remaining: 1m 30s
Rendered 2149/4563, time remaining: 1m 28s
Rendered 2150/4563, time remaining: 1m 27s
Rendered 2151/4563, time remaining: 1m 27s
Rendered 2152/4563, time remaining: 1m 28s
Rendered 2153/4563, time remaining: 1m 28s
Rendered 2154/4563, time remaining: 1m 27s
Rendered 2155/4563, time remaining: 1m 26s
Rendered 2156/4563, time remaining: 1m 30s
Rendered 2157/4563, time remaining: 1m 27s
Rendered 2158/4563, time remaining: 1m 27s
Rendered 2159/4563, time remaining: 1m 27s
Rendered 2160/4563, time remaining: 1m 28s
Rendered 2161/4563, time remaining: 1m 27s
Rendered 2162/4563, time remaining: 1m 27s
Rendered 2163/4563, time remaining: 1m 27s
Rendered 2164/4563, time remaining: 1m 29s
Rendered 2165/4563, time remaining: 1m 28s
Rendered 2166/4563, time remaining: 1m 27s
Rendered 2167/4563, time remaining: 1m 27s
Rendered 2168/4563, time remaining: 1m 27s
Rendered 2169/4563, time remaining: 1m 27s
Rendered 2170/4563, time remaining: 1m 27s
Rendered 2171/4563, time remaining: 1m 27s
Rendered 2172/4563, time remaining: 1m 30s
Rendered 2173/4563, time remaining: 1m 29s
Rendered 2174/4563, time remaining: 1m 27s
Rendered 2175/4563, time remaining: 1m 27s
Rendered 2176/4563, time remaining: 1m 27s
Rendered 2177/4563, time remaining: 1m 26s
Rendered 2178/4563, time remaining: 1m 26s
Rendered 2179/4563, time remaining: 1m 28s
Rendered 2180/4563, time remaining: 1m 30s
Rendered 2181/4563, time remaining: 1m 28s
Rendered 2182/4563, time remaining: 1m 28s
Rendered 2183/4563, time remaining: 1m 27s
Rendered 2184/4563, time remaining: 1m 27s
Rendered 2185/4563, time remaining: 1m 28s
Rendered 2186/4563, time remaining: 1m 26s
Rendered 2187/4563, time remaining: 1m 26s
Rendered 2188/4563, time remaining: 1m 27s
Rendered 2189/4563, time remaining: 1m 27s
Rendered 2190/4563, time remaining: 1m 26s
Rendered 2191/4563, time remaining: 1m 26s
Rendered 2192/4563, time remaining: 1m 26s
Rendered 2193/4563, time remaining: 1m 27s
Rendered 2194/4563, time remaining: 1m 26s
Rendered 2195/4563, time remaining: 1m 26s
Rendered 2196/4563, time remaining: 1m 29s
Rendered 2197/4563, time remaining: 1m 29s
Rendered 2198/4563, time remaining: 1m 25s
Rendered 2199/4563, time remaining: 1m 25s
Rendered 2200/4563, time remaining: 1m 25s
Rendered 2201/4563, time remaining: 1m 26s
Rendered 2202/4563, time remaining: 1m 26s
Rendered 2203/4563, time remaining: 1m 26s
Rendered 2204/4563, time remaining: 1m 26s
Rendered 2205/4563, time remaining: 1m 26s
Rendered 2206/4563, time remaining: 1m 25s
Rendered 2207/4563, time remaining: 1m 26s
Rendered 2208/4563, time remaining: 1m 26s
Rendered 2209/4563, time remaining: 1m 26s
Rendered 2210/4563, time remaining: 1m 26s
Rendered 2211/4563, time remaining: 1m 26s
Rendered 2212/4563, time remaining: 1m 25s
Rendered 2213/4563, time remaining: 1m 25s
Rendered 2214/4563, time remaining: 1m 25s
Rendered 2215/4563, time remaining: 1m 26s
Rendered 2216/4563, time remaining: 1m 26s
Rendered 2217/4563, time remaining: 1m 26s
Rendered 2218/4563, time remaining: 1m 26s
Rendered 2219/4563, time remaining: 1m 25s
Rendered 2220/4563, time remaining: 1m 23s
Rendered 2221/4563, time remaining: 1m 23s
Rendered 2222/4563, time remaining: 1m 26s
Rendered 2223/4563, time remaining: 1m 26s
Rendered 2224/4563, time remaining: 1m 25s
Rendered 2225/4563, time remaining: 1m 25s
Rendered 2226/4563, time remaining: 1m 25s
Rendered 2227/4563, time remaining: 1m 24s
Rendered 2228/4563, time remaining: 1m 23s
Rendered 2229/4563, time remaining: 1m 23s
Rendered 2230/4563, time remaining: 1m 25s
Rendered 2231/4563, time remaining: 1m 25s
Rendered 2232/4563, time remaining: 1m 25s
Rendered 2233/4563, time remaining: 1m 24s
Rendered 2234/4563, time remaining: 1m 24s
Rendered 2235/4563, time remaining: 1m 24s
Rendered 2236/4563, time remaining: 1m 25s
Rendered 2237/4563, time remaining: 1m 24s
Rendered 2238/4563, time remaining: 1m 25s
Rendered 2239/4563, time remaining: 1m 24s
Rendered 2240/4563, time remaining: 1m 23s
Rendered 2241/4563, time remaining: 1m 24s
Rendered 2242/4563, time remaining: 1m 24s
Rendered 2243/4563, time remaining: 1m 24s
Rendered 2244/4563, time remaining: 1m 24s
Rendered 2245/4563, time remaining: 1m 24s
Rendered 2246/4563, time remaining: 1m 23s
Rendered 2247/4563, time remaining: 1m 23s
Rendered 2248/4563, time remaining: 1m 23s
Rendered 2249/4563, time remaining: 1m 23s
Rendered 2250/4563, time remaining: 1m 24s
Rendered 2251/4563, time remaining: 1m 24s
Rendered 2252/4563, time remaining: 1m 24s
Rendered 2253/4563, time remaining: 1m 23s
Rendered 2254/4563, time remaining: 1m 23s
Rendered 2255/4563, time remaining: 1m 23s
Rendered 2256/4563, time remaining: 1m 22s
Rendered 2257/4563, time remaining: 1m 23s
Rendered 2258/4563, time remaining: 1m 23s
Rendered 2259/4563, time remaining: 1m 24s
Rendered 2260/4563, time remaining: 1m 23s
Rendered 2261/4563, time remaining: 1m 23s
Rendered 2262/4563, time remaining: 1m 25s
Rendered 2263/4563, time remaining: 1m 22s
Rendered 2264/4563, time remaining: 1m 22s
Rendered 2265/4563, time remaining: 1m 23s
Rendered 2266/4563, time remaining: 1m 23s
Rendered 2267/4563, time remaining: 1m 23s
Rendered 2268/4563, time remaining: 1m 23s
Rendered 2269/4563, time remaining: 1m 23s
Rendered 2270/4563, time remaining: 1m 23s
Rendered 2271/4563, time remaining: 1m 22s
Rendered 2272/4563, time remaining: 1m 23s
Rendered 2273/4563, time remaining: 1m 24s
Rendered 2274/4563, time remaining: 1m 23s
Rendered 2275/4563, time remaining: 1m 21s
Rendered 2276/4563, time remaining: 1m 22s
Rendered 2277/4563, time remaining: 1m 21s
Rendered 2278/4563, time remaining: 1m 22s
Rendered 2279/4563, time remaining: 1m 21s
Rendered 2280/4563, time remaining: 1m 23s
Rendered 2281/4563, time remaining: 1m 24s
Rendered 2282/4563, time remaining: 1m 22s
Rendered 2283/4563, time remaining: 1m 22s
Rendered 2284/4563, time remaining: 1m 22s
Rendered 2285/4563, time remaining: 1m 21s
Rendered 2286/4563, time remaining: 1m 22s
Rendered 2287/4563, time remaining: 1m 22s
Rendered 2288/4563, time remaining: 1m 22s
Rendered 2289/4563, time remaining: 1m 22s
Rendered 2290/4563, time remaining: 1m 21s
Rendered 2291/4563, time remaining: 1m 21s
Rendered 2292/4563, time remaining: 1m 22s
Rendered 2293/4563, time remaining: 1m 23s
Rendered 2294/4563, time remaining: 1m 21s
Rendered 2295/4563, time remaining: 1m 21s
Rendered 2296/4563, time remaining: 1m 23s
Rendered 2297/4563, time remaining: 1m 23s
Rendered 2298/4563, time remaining: 1m 20s
Rendered 2299/4563, time remaining: 1m 20s
Rendered 2300/4563, time remaining: 1m 20s
Rendered 2301/4563, time remaining: 1m 20s
Rendered 2302/4563, time remaining: 1m 21s
Rendered 2303/4563, time remaining: 1m 22s
Rendered 2304/4563, time remaining: 1m 23s
Rendered 2305/4563, time remaining: 1m 23s
Rendered 2306/4563, time remaining: 1m 21s
Rendered 2307/4563, time remaining: 1m 21s
Rendered 2308/4563, time remaining: 1m 21s
Rendered 2309/4563, time remaining: 1m 21s
Rendered 2310/4563, time remaining: 1m 20s
Rendered 2311/4563, time remaining: 1m 22s
Rendered 2312/4563, time remaining: 1m 22s
Rendered 2313/4563, time remaining: 1m 22s
Rendered 2314/4563, time remaining: 1m 20s
Rendered 2315/4563, time remaining: 1m 20s
Rendered 2316/4563, time remaining: 1m 20s
Rendered 2317/4563, time remaining: 1m 20s
Rendered 2318/4563, time remaining: 1m 20s
Rendered 2319/4563, time remaining: 1m 21s
Rendered 2320/4563, time remaining: 1m 23s
Rendered 2321/4563, time remaining: 1m 23s
Rendered 2322/4563, time remaining: 1m 20s
Rendered 2323/4563, time remaining: 1m 21s
Rendered 2324/4563, time remaining: 1m 21s
Rendered 2325/4563, time remaining: 1m 21s
Rendered 2326/4563, time remaining: 1m 21s
Rendered 2327/4563, time remaining: 1m 20s
Rendered 2328/4563, time remaining: 1m 23s
Rendered 2329/4563, time remaining: 1m 22s
Rendered 2330/4563, time remaining: 1m 21s
Rendered 2331/4563, time remaining: 1m 21s
Rendered 2332/4563, time remaining: 1m 20s
Rendered 2333/4563, time remaining: 1m 20s
Rendered 2334/4563, time remaining: 1m 20s
Rendered 2335/4563, time remaining: 1m 20s
Rendered 2336/4563, time remaining: 1m 22s
Rendered 2337/4563, time remaining: 1m 22s
Rendered 2338/4563, time remaining: 1m 21s
Rendered 2339/4563, time remaining: 1m 20s
Rendered 2340/4563, time remaining: 1m 19s
Rendered 2341/4563, time remaining: 1m 21s
Rendered 2342/4563, time remaining: 1m 21s
Rendered 2343/4563, time remaining: 1m 20s
Rendered 2344/4563, time remaining: 1m 21s
Rendered 2345/4563, time remaining: 1m 22s
Rendered 2346/4563, time remaining: 1m 20s
Rendered 2347/4563, time remaining: 1m 20s
Rendered 2348/4563, time remaining: 1m 20s
Rendered 2349/4563, time remaining: 1m 20s
Rendered 2350/4563, time remaining: 1m 20s
Rendered 2351/4563, time remaining: 1m 19s
Rendered 2352/4563, time remaining: 1m 22s
Rendered 2353/4563, time remaining: 1m 21s
Rendered 2354/4563, time remaining: 1m 20s
Rendered 2355/4563, time remaining: 1m 20s
Rendered 2356/4563, time remaining: 1m 20s
Rendered 2357/4563, time remaining: 1m 19s
Rendered 2358/4563, time remaining: 1m 19s
Rendered 2359/4563, time remaining: 1m 19s
Rendered 2360/4563, time remaining: 1m 21s
Rendered 2361/4563, time remaining: 1m 21s
Rendered 2362/4563, time remaining: 1m 20s
Rendered 2363/4563, time remaining: 1m 21s
Rendered 2364/4563, time remaining: 1m 21s
Rendered 2365/4563, time remaining: 1m 19s
Rendered 2366/4563, time remaining: 1m 20s
Rendered 2367/4563, time remaining: 1m 19s
Rendered 2368/4563, time remaining: 1m 20s
Rendered 2369/4563, time remaining: 1m 21s
Rendered 2370/4563, time remaining: 1m 21s
Rendered 2371/4563, time remaining: 1m 21s
Rendered 2372/4563, time remaining: 1m 19s
Rendered 2373/4563, time remaining: 1m 19s
Rendered 2374/4563, time remaining: 1m 19s
Rendered 2375/4563, time remaining: 1m 19s
Rendered 2376/4563, time remaining: 1m 20s
Rendered 2377/4563, time remaining: 1m 20s
Rendered 2378/4563, time remaining: 1m 21s
Rendered 2379/4563, time remaining: 1m 21s
Rendered 2380/4563, time remaining: 1m 18s
Rendered 2381/4563, time remaining: 1m 19s
Rendered 2382/4563, time remaining: 1m 20s
Rendered 2383/4563, time remaining: 1m 20s
Rendered 2384/4563, time remaining: 1m 20s
Rendered 2385/4563, time remaining: 1m 20s
Rendered 2386/4563, time remaining: 1m 19s
Rendered 2387/4563, time remaining: 1m 19s
Rendered 2388/4563, time remaining: 1m 19s
Rendered 2389/4563, time remaining: 1m 19s
Rendered 2390/4563, time remaining: 1m 20s
Rendered 2391/4563, time remaining: 1m 19s
Rendered 2392/4563, time remaining: 1m 18s
Rendered 2393/4563, time remaining: 1m 19s
Rendered 2394/4563, time remaining: 1m 19s
Rendered 2395/4563, time remaining: 1m 19s
Rendered 2396/4563, time remaining: 1m 19s
Rendered 2397/4563, time remaining: 1m 18s
Rendered 2398/4563, time remaining: 1m 20s
Rendered 2399/4563, time remaining: 1m 20s
Rendered 2400/4563, time remaining: 1m 18s
Rendered 2401/4563, time remaining: 1m 18s
Rendered 2402/4563, time remaining: 1m 19s
Rendered 2403/4563, time remaining: 1m 19s
Rendered 2404/4563, time remaining: 1m 19s
Rendered 2405/4563, time remaining: 1m 18s
Rendered 2406/4563, time remaining: 1m 20s
Rendered 2407/4563, time remaining: 1m 18s
Rendered 2408/4563, time remaining: 1m 19s
Rendered 2409/4563, time remaining: 1m 18s
Rendered 2410/4563, time remaining: 1m 18s
Rendered 2411/4563, time remaining: 1m 18s
Rendered 2412/4563, time remaining: 1m 17s
Rendered 2413/4563, time remaining: 1m 18s
Rendered 2414/4563, time remaining: 1m 20s
Rendered 2415/4563, time remaining: 1m 18s
Rendered 2416/4563, time remaining: 1m 18s
Rendered 2417/4563, time remaining: 1m 18s
Rendered 2418/4563, time remaining: 1m 17s
Rendered 2419/4563, time remaining: 1m 17s
Rendered 2420/4563, time remaining: 1m 17s
Rendered 2421/4563, time remaining: 1m 18s
Rendered 2422/4563, time remaining: 1m 18s
Rendered 2423/4563, time remaining: 1m 18s
Rendered 2424/4563, time remaining: 1m 18s
Rendered 2425/4563, time remaining: 1m 19s
Rendered 2426/4563, time remaining: 1m 20s
Rendered 2427/4563, time remaining: 1m 19s
Rendered 2428/4563, time remaining: 1m 19s
Rendered 2429/4563, time remaining: 1m 19s
Rendered 2430/4563, time remaining: 1m 19s
Rendered 2431/4563, time remaining: 1m 18s
Rendered 2432/4563, time remaining: 1m 18s
Rendered 2433/4563, time remaining: 1m 18s
Rendered 2434/4563, time remaining: 1m 19s
Rendered 2435/4563, time remaining: 1m 19s
Rendered 2436/4563, time remaining: 1m 18s
Rendered 2437/4563, time remaining: 1m 18s
Rendered 2438/4563, time remaining: 1m 19s
Rendered 2439/4563, time remaining: 1m 19s
Rendered 2440/4563, time remaining: 1m 18s
Rendered 2441/4563, time remaining: 1m 17s
Rendered 2442/4563, time remaining: 1m 18s
Rendered 2443/4563, time remaining: 1m 18s
Rendered 2444/4563, time remaining: 1m 18s
Rendered 2445/4563, time remaining: 1m 18s
Rendered 2446/4563, time remaining: 1m 18s
Rendered 2447/4563, time remaining: 1m 18s
Rendered 2448/4563, time remaining: 1m 18s
Rendered 2449/4563, time remaining: 1m 18s
Rendered 2450/4563, time remaining: 1m 18s
Rendered 2451/4563, time remaining: 1m 20s
Rendered 2452/4563, time remaining: 1m 19s
Rendered 2453/4563, time remaining: 1m 17s
Rendered 2454/4563, time remaining: 1m 18s
Rendered 2455/4563, time remaining: 1m 18s
Rendered 2456/4563, time remaining: 1m 17s
Rendered 2457/4563, time remaining: 1m 17s
Rendered 2458/4563, time remaining: 1m 17s
Rendered 2459/4563, time remaining: 1m 19s
Rendered 2460/4563, time remaining: 1m 19s
Rendered 2461/4563, time remaining: 1m 17s
Rendered 2462/4563, time remaining: 1m 18s
Rendered 2463/4563, time remaining: 1m 18s
Rendered 2464/4563, time remaining: 1m 17s
Rendered 2465/4563, time remaining: 1m 18s
Rendered 2466/4563, time remaining: 1m 18s
Rendered 2467/4563, time remaining: 1m 19s
Rendered 2468/4563, time remaining: 1m 18s
Rendered 2469/4563, time remaining: 1m 19s
Rendered 2470/4563, time remaining: 1m 17s
Rendered 2471/4563, time remaining: 1m 17s
Rendered 2472/4563, time remaining: 1m 16s
Rendered 2473/4563, time remaining: 1m 16s
Rendered 2474/4563, time remaining: 1m 17s
Rendered 2475/4563, time remaining: 1m 17s
Rendered 2476/4563, time remaining: 1m 18s
Rendered 2477/4563, time remaining: 1m 19s
Rendered 2478/4563, time remaining: 1m 16s
Rendered 2479/4563, time remaining: 1m 16s
Rendered 2480/4563, time remaining: 1m 16s
Rendered 2481/4563, time remaining: 1m 16s
Rendered 2482/4563, time remaining: 1m 18s
Rendered 2483/4563, time remaining: 1m 18s
Rendered 2484/4563, time remaining: 1m 17s
Rendered 2485/4563, time remaining: 1m 17s
Rendered 2486/4563, time remaining: 1m 15s
Rendered 2487/4563, time remaining: 1m 15s
Rendered 2488/4563, time remaining: 1m 16s
Rendered 2489/4563, time remaining: 1m 16s
Rendered 2490/4563, time remaining: 1m 18s
Rendered 2491/4563, time remaining: 1m 16s
Rendered 2492/4563, time remaining: 1m 16s
Rendered 2493/4563, time remaining: 1m 16s
Rendered 2494/4563, time remaining: 1m 16s
Rendered 2495/4563, time remaining: 1m 15s
Rendered 2496/4563, time remaining: 1m 15s
Rendered 2497/4563, time remaining: 1m 16s
Rendered 2498/4563, time remaining: 1m 16s
Rendered 2499/4563, time remaining: 1m 16s
Rendered 2500/4563, time remaining: 1m 16s
Rendered 2501/4563, time remaining: 1m 18s
Rendered 2502/4563, time remaining: 1m 15s
Rendered 2503/4563, time remaining: 1m 16s
Rendered 2504/4563, time remaining: 1m 16s
Rendered 2505/4563, time remaining: 1m 15s
Rendered 2506/4563, time remaining: 1m 15s
Rendered 2507/4563, time remaining: 1m 16s
Rendered 2508/4563, time remaining: 1m 18s
Rendered 2509/4563, time remaining: 1m 16s
Rendered 2510/4563, time remaining: 1m 14s
Rendered 2511/4563, time remaining: 1m 15s
Rendered 2512/4563, time remaining: 1m 15s
Rendered 2513/4563, time remaining: 1m 15s
Rendered 2514/4563, time remaining: 1m 15s
Rendered 2515/4563, time remaining: 1m 16s
Rendered 2516/4563, time remaining: 1m 16s
Rendered 2517/4563, time remaining: 1m 16s
Rendered 2518/4563, time remaining: 1m 14s
Rendered 2519/4563, time remaining: 1m 14s
Rendered 2520/4563, time remaining: 1m 14s
Rendered 2521/4563, time remaining: 1m 14s
Rendered 2522/4563, time remaining: 1m 14s
Rendered 2523/4563, time remaining: 1m 16s
Rendered 2524/4563, time remaining: 1m 16s
Rendered 2525/4563, time remaining: 1m 15s
Rendered 2526/4563, time remaining: 1m 14s
Rendered 2527/4563, time remaining: 1m 14s
Rendered 2528/4563, time remaining: 1m 13s
Rendered 2529/4563, time remaining: 1m 13s
Rendered 2530/4563, time remaining: 1m 13s
Rendered 2531/4563, time remaining: 1m 15s
Rendered 2532/4563, time remaining: 1m 14s
Rendered 2533/4563, time remaining: 1m 14s
Rendered 2534/4563, time remaining: 1m 14s
Rendered 2535/4563, time remaining: 1m 14s
Rendered 2536/4563, time remaining: 1m 14s
Rendered 2537/4563, time remaining: 1m 14s
Rendered 2538/4563, time remaining: 1m 13s
Rendered 2539/4563, time remaining: 1m 15s
Rendered 2540/4563, time remaining: 1m 14s
Rendered 2541/4563, time remaining: 1m 14s
Rendered 2542/4563, time remaining: 1m 14s
Rendered 2543/4563, time remaining: 1m 14s
Rendered 2544/4563, time remaining: 1m 13s
Rendered 2545/4563, time remaining: 1m 13s
Rendered 2546/4563, time remaining: 1m 13s
Rendered 2547/4563, time remaining: 1m 14s
Rendered 2548/4563, time remaining: 1m 13s
Rendered 2549/4563, time remaining: 1m 14s
Rendered 2550/4563, time remaining: 1m 14s
Rendered 2551/4563, time remaining: 1m 14s
Rendered 2552/4563, time remaining: 1m 14s
Rendered 2553/4563, time remaining: 1m 14s
Rendered 2554/4563, time remaining: 1m 13s
Rendered 2555/4563, time remaining: 1m 14s
Rendered 2556/4563, time remaining: 1m 12s
Rendered 2557/4563, time remaining: 1m 13s
Rendered 2558/4563, time remaining: 1m 12s
Rendered 2559/4563, time remaining: 1m 13s
Rendered 2560/4563, time remaining: 1m 13s
Rendered 2561/4563, time remaining: 1m 13s
Rendered 2562/4563, time remaining: 1m 12s
Rendered 2563/4563, time remaining: 1m 14s
Rendered 2564/4563, time remaining: 1m 12s
Rendered 2565/4563, time remaining: 1m 12s
Rendered 2566/4563, time remaining: 1m 12s
Rendered 2567/4563, time remaining: 1m 13s
Rendered 2568/4563, time remaining: 1m 13s
Rendered 2569/4563, time remaining: 1m 13s
Rendered 2570/4563, time remaining: 1m 14s
Rendered 2571/4563, time remaining: 1m 14s
Rendered 2572/4563, time remaining: 1m 12s
Rendered 2573/4563, time remaining: 1m 12s
Rendered 2574/4563, time remaining: 1m 12s
Rendered 2575/4563, time remaining: 1m 12s
Rendered 2576/4563, time remaining: 1m 11s
Rendered 2577/4563, time remaining: 1m 12s
Rendered 2578/4563, time remaining: 1m 12s
Rendered 2579/4563, time remaining: 1m 13s
Rendered 2580/4563, time remaining: 1m 11s
Rendered 2581/4563, time remaining: 1m 11s
Rendered 2582/4563, time remaining: 1m 11s
Rendered 2583/4563, time remaining: 1m 12s
Rendered 2584/4563, time remaining: 1m 12s
Rendered 2585/4563, time remaining: 1m 11s
Rendered 2586/4563, time remaining: 1m 11s
Rendered 2587/4563, time remaining: 1m 11s
Rendered 2588/4563, time remaining: 1m 10s
Rendered 2589/4563, time remaining: 1m 11s
Rendered 2590/4563, time remaining: 1m 11s
Rendered 2591/4563, time remaining: 1m 11s
Rendered 2592/4563, time remaining: 1m 12s
Rendered 2593/4563, time remaining: 1m 10s
Rendered 2594/4563, time remaining: 1m 12s
Rendered 2595/4563, time remaining: 1m 11s
Rendered 2596/4563, time remaining: 1m 10s
Rendered 2597/4563, time remaining: 1m 11s
Rendered 2598/4563, time remaining: 1m 11s
Rendered 2599/4563, time remaining: 1m 10s
Rendered 2600/4563, time remaining: 1m 12s
Rendered 2601/4563, time remaining: 1m 10s
Rendered 2602/4563, time remaining: 1m 11s
Rendered 2603/4563, time remaining: 1m 11s
Rendered 2604/4563, time remaining: 1m 10s
Rendered 2605/4563, time remaining: 1m 11s
Rendered 2606/4563, time remaining: 1m 11s
Rendered 2607/4563, time remaining: 1m 11s
Rendered 2608/4563, time remaining: 1m 11s
Rendered 2609/4563, time remaining: 1m 9s
Rendered 2610/4563, time remaining: 1m 9s
Rendered 2611/4563, time remaining: 1m 9s
Rendered 2612/4563, time remaining: 1m 9s
Rendered 2613/4563, time remaining: 1m 10s
Rendered 2614/4563, time remaining: 1m 11s
Rendered 2615/4563, time remaining: 1m 10s
Rendered 2616/4563, time remaining: 1m 10s
Rendered 2617/4563, time remaining: 1m 9s
Rendered 2618/4563, time remaining: 1m 9s
Rendered 2619/4563, time remaining: 1m 9s
Rendered 2620/4563, time remaining: 1m 8s
Rendered 2621/4563, time remaining: 1m 10s
Rendered 2622/4563, time remaining: 1m 10s
Rendered 2623/4563, time remaining: 1m 10s
Rendered 2624/4563, time remaining: 1m 9s
Rendered 2625/4563, time remaining: 1m 9s
Rendered 2626/4563, time remaining: 1m 9s
Rendered 2627/4563, time remaining: 1m 9s
Rendered 2628/4563, time remaining: 1m 9s
Rendered 2629/4563, time remaining: 1m 9s
Rendered 2630/4563, time remaining: 1m 9s
Rendered 2631/4563, time remaining: 1m 10s
Rendered 2632/4563, time remaining: 1m 8s
Rendered 2633/4563, time remaining: 1m 8s
Rendered 2634/4563, time remaining: 1m 8s
Rendered 2635/4563, time remaining: 1m 8s
Rendered 2636/4563, time remaining: 1m 8s
Rendered 2637/4563, time remaining: 1m 8s
Rendered 2638/4563, time remaining: 1m 7s
Rendered 2639/4563, time remaining: 1m 10s
Rendered 2640/4563, time remaining: 1m 8s
Rendered 2641/4563, time remaining: 1m 8s
Rendered 2642/4563, time remaining: 1m 8s
Rendered 2643/4563, time remaining: 1m 8s
Rendered 2644/4563, time remaining: 1m 8s
Rendered 2645/4563, time remaining: 1m 8s
Rendered 2646/4563, time remaining: 1m 8s
Rendered 2647/4563, time remaining: 1m 8s
Rendered 2648/4563, time remaining: 1m 8s
Rendered 2649/4563, time remaining: 1m 9s
Rendered 2650/4563, time remaining: 1m 9s
Rendered 2651/4563, time remaining: 1m 6s
Rendered 2652/4563, time remaining: 1m 7s
Rendered 2653/4563, time remaining: 1m 7s
Rendered 2654/4563, time remaining: 1m 7s
Rendered 2655/4563, time remaining: 1m 8s
Rendered 2656/4563, time remaining: 1m 9s
Rendered 2657/4563, time remaining: 1m 8s
Rendered 2658/4563, time remaining: 1m 7s
Rendered 2659/4563, time remaining: 1m 7s
Rendered 2660/4563, time remaining: 1m 7s
Rendered 2661/4563, time remaining: 1m 7s
Rendered 2662/4563, time remaining: 1m 7s
Rendered 2663/4563, time remaining: 1m 8s
Rendered 2664/4563, time remaining: 1m 9s
Rendered 2665/4563, time remaining: 1m 7s
Rendered 2666/4563, time remaining: 1m 7s
Rendered 2667/4563, time remaining: 1m 8s
Rendered 2668/4563, time remaining: 1m 8s
Rendered 2669/4563, time remaining: 1m 8s
Rendered 2670/4563, time remaining: 1m 7s
Rendered 2671/4563, time remaining: 1m 7s
Rendered 2672/4563, time remaining: 1m 8s
Rendered 2673/4563, time remaining: 1m 6s
Rendered 2674/4563, time remaining: 1m 7s
Rendered 2675/4563, time remaining: 1m 8s
Rendered 2676/4563, time remaining: 1m 7s
Rendered 2677/4563, time remaining: 1m 7s
Rendered 2678/4563, time remaining: 1m 8s
Rendered 2679/4563, time remaining: 1m 8s
Rendered 2680/4563, time remaining: 1m 7s
Rendered 2681/4563, time remaining: 1m 6s
Rendered 2682/4563, time remaining: 1m 6s
Rendered 2683/4563, time remaining: 1m 6s
Rendered 2684/4563, time remaining: 1m 6s
Rendered 2685/4563, time remaining: 1m 7s
Rendered 2686/4563, time remaining: 1m 8s
Rendered 2687/4563, time remaining: 1m 8s
Rendered 2688/4563, time remaining: 1m 8s
Rendered 2689/4563, time remaining: 1m 6s
Rendered 2690/4563, time remaining: 1m 6s
Rendered 2691/4563, time remaining: 1m 6s
Rendered 2692/4563, time remaining: 1m 7s
Rendered 2693/4563, time remaining: 1m 7s
Rendered 2694/4563, time remaining: 1m 7s
Rendered 2695/4563, time remaining: 1m 7s
Rendered 2696/4563, time remaining: 1m 7s
Rendered 2697/4563, time remaining: 1m 6s
Rendered 2698/4563, time remaining: 1m 6s
Rendered 2699/4563, time remaining: 1m 5s
Rendered 2700/4563, time remaining: 1m 6s
Rendered 2701/4563, time remaining: 1m 7s
Rendered 2702/4563, time remaining: 1m 6s
Rendered 2703/4563, time remaining: 1m 7s
Rendered 2704/4563, time remaining: 1m 7s
Rendered 2705/4563, time remaining: 1m 6s
Rendered 2706/4563, time remaining: 1m 6s
Rendered 2707/4563, time remaining: 1m 6s
Rendered 2708/4563, time remaining: 1m 6s
Rendered 2709/4563, time remaining: 1m 6s
Rendered 2710/4563, time remaining: 1m 6s
Rendered 2711/4563, time remaining: 1m 6s
Rendered 2712/4563, time remaining: 1m 6s
Rendered 2713/4563, time remaining: 1m 6s
Rendered 2714/4563, time remaining: 1m 5s
Rendered 2715/4563, time remaining: 1m 7s
Rendered 2716/4563, time remaining: 1m 7s
Rendered 2717/4563, time remaining: 1m 6s
Rendered 2718/4563, time remaining: 1m 6s
Rendered 2719/4563, time remaining: 1m 6s
Rendered 2720/4563, time remaining: 1m 6s
Rendered 2721/4563, time remaining: 1m 4s
Rendered 2722/4563, time remaining: 1m 4s
Rendered 2723/4563, time remaining: 1m 6s
Rendered 2724/4563, time remaining: 1m 6s
Rendered 2725/4563, time remaining: 1m 6s
Rendered 2726/4563, time remaining: 1m 5s
Rendered 2727/4563, time remaining: 1m 5s
Rendered 2728/4563, time remaining: 1m 5s
Rendered 2729/4563, time remaining: 1m 5s
Rendered 2730/4563, time remaining: 1m 5s
Rendered 2731/4563, time remaining: 1m 6s
Rendered 2732/4563, time remaining: 1m 6s
Rendered 2733/4563, time remaining: 1m 5s
Rendered 2734/4563, time remaining: 1m 4s
Rendered 2735/4563, time remaining: 1m 5s
Rendered 2736/4563, time remaining: 1m 5s
Rendered 2737/4563, time remaining: 1m 5s
Rendered 2738/4563, time remaining: 1m 5s
Rendered 2739/4563, time remaining: 1m 5s
Rendered 2740/4563, time remaining: 1m 5s
Rendered 2741/4563, time remaining: 1m 6s
Rendered 2742/4563, time remaining: 1m 4s
Rendered 2743/4563, time remaining: 1m 5s
Rendered 2744/4563, time remaining: 1m 4s
Rendered 2745/4563, time remaining: 1m 4s
Rendered 2746/4563, time remaining: 1m 4s
Rendered 2747/4563, time remaining: 1m 4s
Rendered 2748/4563, time remaining: 1m 4s
Rendered 2749/4563, time remaining: 1m 5s
Rendered 2750/4563, time remaining: 1m 4s
Rendered 2751/4563, time remaining: 1m 5s
Rendered 2752/4563, time remaining: 1m 4s
Rendered 2753/4563, time remaining: 1m 3s
Rendered 2754/4563, time remaining: 1m 3s
Rendered 2755/4563, time remaining: 1m 3s
Rendered 2756/4563, time remaining: 1m 4s
Rendered 2757/4563, time remaining: 1m 4s
Rendered 2758/4563, time remaining: 1m 4s
Rendered 2759/4563, time remaining: 1m 4s
Rendered 2760/4563, time remaining: 1m 4s
Rendered 2761/4563, time remaining: 1m 5s
Rendered 2762/4563, time remaining: 1m 4s
Rendered 2763/4563, time remaining: 1m 4s
Rendered 2764/4563, time remaining: 1m 4s
Rendered 2765/4563, time remaining: 1m 3s
Rendered 2766/4563, time remaining: 1m 3s
Rendered 2767/4563, time remaining: 1m 4s
Rendered 2768/4563, time remaining: 1m 4s
Rendered 2769/4563, time remaining: 1m 3s
Rendered 2770/4563, time remaining: 1m 3s
Rendered 2771/4563, time remaining: 1m 3s
Rendered 2772/4563, time remaining: 1m 4s
Rendered 2773/4563, time remaining: 1m 4s
Rendered 2774/4563, time remaining: 1m 3s
Rendered 2775/4563, time remaining: 1m 3s
Rendered 2776/4563, time remaining: 1m 4s
Rendered 2777/4563, time remaining: 1m 3s
Rendered 2778/4563, time remaining: 1m 3s
Rendered 2779/4563, time remaining: 1m 4s
Rendered 2780/4563, time remaining: 1m 4s
Rendered 2781/4563, time remaining: 1m 2s
Rendered 2782/4563, time remaining: 1m 3s
Rendered 2783/4563, time remaining: 1m 4s
Rendered 2784/4563, time remaining: 1m 4s
Rendered 2785/4563, time remaining: 1m 4s
Rendered 2786/4563, time remaining: 1m 4s
Rendered 2787/4563, time remaining: 1m 4s
Rendered 2788/4563, time remaining: 1m 4s
Rendered 2789/4563, time remaining: 1m 2s
Rendered 2790/4563, time remaining: 1m 2s
Rendered 2791/4563, time remaining: 1m 3s
Rendered 2792/4563, time remaining: 1m 3s
Rendered 2793/4563, time remaining: 1m 3s
Rendered 2794/4563, time remaining: 1m 4s
Rendered 2795/4563, time remaining: 1m 3s
Rendered 2796/4563, time remaining: 1m 3s
Rendered 2797/4563, time remaining: 1m 2s
Rendered 2798/4563, time remaining: 1m 2s
Rendered 2799/4563, time remaining: 1m 3s
Rendered 2800/4563, time remaining: 1m 3s
Rendered 2801/4563, time remaining: 1m 3s
Rendered 2802/4563, time remaining: 1m 3s
Rendered 2803/4563, time remaining: 1m 2s
Rendered 2804/4563, time remaining: 1m 2s
Rendered 2805/4563, time remaining: 1m 2s
Rendered 2806/4563, time remaining: 1m 2s
Rendered 2807/4563, time remaining: 1m 3s
Rendered 2808/4563, time remaining: 1m 3s
Rendered 2809/4563, time remaining: 1m 2s
Rendered 2810/4563, time remaining: 1m 3s
Rendered 2811/4563, time remaining: 1m 3s
Rendered 2812/4563, time remaining: 1m 3s
Rendered 2813/4563, time remaining: 1m 1s
Rendered 2814/4563, time remaining: 1m 2s
Rendered 2815/4563, time remaining: 1m 2s
Rendered 2816/4563, time remaining: 1m 2s
Rendered 2817/4563, time remaining: 1m 2s
Rendered 2818/4563, time remaining: 1m 2s
Rendered 2819/4563, time remaining: 1m 1s
Rendered 2820/4563, time remaining: 1m 2s
Rendered 2821/4563, time remaining: 1m 2s
Rendered 2822/4563, time remaining: 1m 1s
Rendered 2823/4563, time remaining: 1m 2s
Rendered 2824/4563, time remaining: 1m 2s
Rendered 2825/4563, time remaining: 1m 2s
Rendered 2826/4563, time remaining: 1m 2s
Rendered 2827/4563, time remaining: 1m 2s
Rendered 2828/4563, time remaining: 1m 1s
Rendered 2829/4563, time remaining: 1m 1s
Rendered 2830/4563, time remaining: 1m 1s
Rendered 2831/4563, time remaining: 1m 1s
Rendered 2832/4563, time remaining: 1m 2s
Rendered 2833/4563, time remaining: 1m 2s
Rendered 2834/4563, time remaining: 1m 2s
Rendered 2835/4563, time remaining: 1m 1s
Rendered 2836/4563, time remaining: 1m 0s
Rendered 2837/4563, time remaining: 1m 0s
Rendered 2838/4563, time remaining: 1m 1s
Rendered 2839/4563, time remaining: 1m 2s
Rendered 2840/4563, time remaining: 1m 2s
Rendered 2841/4563, time remaining: 1m 2s
Rendered 2842/4563, time remaining: 1m 1s
Rendered 2843/4563, time remaining: 1m 1s
Rendered 2844/4563, time remaining: 1m 0s
Rendered 2845/4563, time remaining: 1m 1s
Rendered 2846/4563, time remaining: 1m 1s
Rendered 2847/4563, time remaining: 1m 2s
Rendered 2848/4563, time remaining: 1m 2s
Rendered 2849/4563, time remaining: 1m 2s
Rendered 2850/4563, time remaining: 1m 1s
Rendered 2851/4563, time remaining: 1m 0s
Rendered 2852/4563, time remaining: 1m 0s
Rendered 2853/4563, time remaining: 1m 0s
Rendered 2854/4563, time remaining: 1m 0s
Rendered 2855/4563, time remaining: 1m 1s
Rendered 2856/4563, time remaining: 1m 2s
Rendered 2857/4563, time remaining: 1m 1s
Rendered 2858/4563, time remaining: 1m 1s
Rendered 2859/4563, time remaining: 1m 0s
Rendered 2860/4563, time remaining: 1m 0s
Rendered 2861/4563, time remaining: 1m 0s
Rendered 2862/4563, time remaining: 1m 1s
Rendered 2863/4563, time remaining: 1m 0s
Rendered 2864/4563, time remaining: 1m 1s
Rendered 2865/4563, time remaining: 1m 0s
Rendered 2866/4563, time remaining: 1m 0s
Rendered 2867/4563, time remaining: 1m 1s
Rendered 2868/4563, time remaining: 1m 1s
Rendered 2869/4563, time remaining: 1m 0s
Rendered 2870/4563, time remaining: 1m 1s
Rendered 2871/4563, time remaining: 1m 1s
Rendered 2872/4563, time remaining: 1m 1s
Rendered 2873/4563, time remaining: 59s
Rendered 2874/4563, time remaining: 59s
Rendered 2875/4563, time remaining: 1m 1s
Rendered 2876/4563, time remaining: 1m 0s
Rendered 2877/4563, time remaining: 1m 0s
Rendered 2878/4563, time remaining: 1m 0s
Rendered 2879/4563, time remaining: 59s
Rendered 2880/4563, time remaining: 1m 1s
Rendered 2881/4563, time remaining: 59s
Rendered 2882/4563, time remaining: 59s
Rendered 2883/4563, time remaining: 1m 0s
Rendered 2884/4563, time remaining: 1m 0s
Rendered 2885/4563, time remaining: 59s
Rendered 2886/4563, time remaining: 58s
Rendered 2887/4563, time remaining: 59s
Rendered 2888/4563, time remaining: 1m 1s
Rendered 2889/4563, time remaining: 1m 0s
Rendered 2890/4563, time remaining: 1m 0s
Rendered 2891/4563, time remaining: 59s
Rendered 2892/4563, time remaining: 59s
Rendered 2893/4563, time remaining: 59s
Rendered 2894/4563, time remaining: 59s
Rendered 2895/4563, time remaining: 1m 0s
Rendered 2896/4563, time remaining: 1m 1s
Rendered 2897/4563, time remaining: 1m 0s
Rendered 2898/4563, time remaining: 1m 0s
Rendered 2899/4563, time remaining: 59s
Rendered 2900/4563, time remaining: 59s
Rendered 2901/4563, time remaining: 59s
Rendered 2902/4563, time remaining: 59s
Rendered 2903/4563, time remaining: 1m 0s
Rendered 2904/4563, time remaining: 1m 0s
Rendered 2905/4563, time remaining: 59s
Rendered 2906/4563, time remaining: 59s
Rendered 2907/4563, time remaining: 59s
Rendered 2908/4563, time remaining: 59s
Rendered 2909/4563, time remaining: 59s
Rendered 2910/4563, time remaining: 1m 0s
Rendered 2911/4563, time remaining: 59s
Rendered 2912/4563, time remaining: 59s
Rendered 2913/4563, time remaining: 59s
Rendered 2914/4563, time remaining: 59s
Rendered 2915/4563, time remaining: 59s
Rendered 2916/4563, time remaining: 59s
Rendered 2917/4563, time remaining: 59s
Rendered 2918/4563, time remaining: 1m 0s
Rendered 2919/4563, time remaining: 1m 0s
Rendered 2920/4563, time remaining: 1m 0s
Rendered 2921/4563, time remaining: 59s
Rendered 2922/4563, time remaining: 59s
Rendered 2923/4563, time remaining: 58s
Rendered 2924/4563, time remaining: 58s
Rendered 2925/4563, time remaining: 59s
Rendered 2926/4563, time remaining: 58s
Rendered 2927/4563, time remaining: 1m 0s
Rendered 2928/4563, time remaining: 1m 0s
Rendered 2929/4563, time remaining: 59s
Rendered 2930/4563, time remaining: 58s
Rendered 2931/4563, time remaining: 59s
Rendered 2932/4563, time remaining: 59s
Rendered 2933/4563, time remaining: 57s
Rendered 2934/4563, time remaining: 57s
Rendered 2935/4563, time remaining: 59s
Rendered 2936/4563, time remaining: 58s
Rendered 2937/4563, time remaining: 59s
Rendered 2938/4563, time remaining: 59s
Rendered 2939/4563, time remaining: 59s
Rendered 2940/4563, time remaining: 58s
Rendered 2941/4563, time remaining: 57s
Rendered 2942/4563, time remaining: 57s
Rendered 2943/4563, time remaining: 58s
Rendered 2944/4563, time remaining: 57s
Rendered 2945/4563, time remaining: 57s
Rendered 2946/4563, time remaining: 59s
Rendered 2947/4563, time remaining: 58s
Rendered 2948/4563, time remaining: 59s
Rendered 2949/4563, time remaining: 57s
Rendered 2950/4563, time remaining: 57s
Rendered 2951/4563, time remaining: 58s
Rendered 2952/4563, time remaining: 57s
Rendered 2953/4563, time remaining: 57s
Rendered 2954/4563, time remaining: 58s
Rendered 2955/4563, time remaining: 58s
Rendered 2956/4563, time remaining: 58s
Rendered 2957/4563, time remaining: 57s
Rendered 2958/4563, time remaining: 57s
Rendered 2959/4563, time remaining: 57s
Rendered 2960/4563, time remaining: 57s
Rendered 2961/4563, time remaining: 56s
Rendered 2962/4563, time remaining: 58s
Rendered 2963/4563, time remaining: 58s
Rendered 2964/4563, time remaining: 58s
Rendered 2965/4563, time remaining: 57s
Rendered 2966/4563, time remaining: 57s
Rendered 2967/4563, time remaining: 56s
Rendered 2968/4563, time remaining: 56s
Rendered 2969/4563, time remaining: 57s
Rendered 2970/4563, time remaining: 57s
Rendered 2971/4563, time remaining: 57s
Rendered 2972/4563, time remaining: 58s
Rendered 2973/4563, time remaining: 57s
Rendered 2974/4563, time remaining: 57s
Rendered 2975/4563, time remaining: 55s
Rendered 2976/4563, time remaining: 56s
Rendered 2977/4563, time remaining: 56s
Rendered 2978/4563, time remaining: 57s
Rendered 2979/4563, time remaining: 58s
Rendered 2980/4563, time remaining: 58s
Rendered 2981/4563, time remaining: 57s
Rendered 2982/4563, time remaining: 56s
Rendered 2983/4563, time remaining: 56s
Rendered 2984/4563, time remaining: 56s
Rendered 2985/4563, time remaining: 57s
Rendered 2986/4563, time remaining: 57s
Rendered 2987/4563, time remaining: 57s
Rendered 2988/4563, time remaining: 57s
Rendered 2989/4563, time remaining: 56s
Rendered 2990/4563, time remaining: 55s
Rendered 2991/4563, time remaining: 55s
Rendered 2992/4563, time remaining: 55s
Rendered 2993/4563, time remaining: 56s
Rendered 2994/4563, time remaining: 56s
Rendered 2995/4563, time remaining: 56s
Rendered 2996/4563, time remaining: 56s
Rendered 2997/4563, time remaining: 56s
Rendered 2998/4563, time remaining: 55s
Rendered 2999/4563, time remaining: 55s
Rendered 3000/4563, time remaining: 55s
Rendered 3001/4563, time remaining: 56s
Rendered 3002/4563, time remaining: 56s
Rendered 3003/4563, time remaining: 56s
Rendered 3004/4563, time remaining: 56s
Rendered 3005/4563, time remaining: 57s
Rendered 3006/4563, time remaining: 55s
Rendered 3007/4563, time remaining: 55s
Rendered 3008/4563, time remaining: 55s
Rendered 3009/4563, time remaining: 55s
Rendered 3010/4563, time remaining: 56s
Rendered 3011/4563, time remaining: 56s
Rendered 3012/4563, time remaining: 55s
Rendered 3013/4563, time remaining: 56s
Rendered 3014/4563, time remaining: 55s
Rendered 3015/4563, time remaining: 55s
Rendered 3016/4563, time remaining: 55s
Rendered 3017/4563, time remaining: 55s
Rendered 3018/4563, time remaining: 56s
Rendered 3019/4563, time remaining: 56s
Rendered 3020/4563, time remaining: 55s
Rendered 3021/4563, time remaining: 55s
Rendered 3022/4563, time remaining: 55s
Rendered 3023/4563, time remaining: 55s
Rendered 3024/4563, time remaining: 56s
Rendered 3025/4563, time remaining: 54s
Rendered 3026/4563, time remaining: 54s
Rendered 3027/4563, time remaining: 54s
Rendered 3028/4563, time remaining: 56s
Rendered 3029/4563, time remaining: 56s
Rendered 3030/4563, time remaining: 54s
Rendered 3031/4563, time remaining: 54s
Rendered 3032/4563, time remaining: 54s
Rendered 3033/4563, time remaining: 54s
Rendered 3034/4563, time remaining: 54s
Rendered 3035/4563, time remaining: 54s
Rendered 3036/4563, time remaining: 56s
Rendered 3037/4563, time remaining: 55s
Rendered 3038/4563, time remaining: 54s
Rendered 3039/4563, time remaining: 54s
Rendered 3040/4563, time remaining: 54s
Rendered 3041/4563, time remaining: 54s
Rendered 3042/4563, time remaining: 54s
Rendered 3043/4563, time remaining: 54s
Rendered 3044/4563, time remaining: 55s
Rendered 3045/4563, time remaining: 55s
Rendered 3046/4563, time remaining: 53s
Rendered 3047/4563, time remaining: 53s
Rendered 3048/4563, time remaining: 54s
Rendered 3049/4563, time remaining: 54s
Rendered 3050/4563, time remaining: 54s
Rendered 3051/4563, time remaining: 53s
Rendered 3052/4563, time remaining: 55s
Rendered 3053/4563, time remaining: 54s
Rendered 3054/4563, time remaining: 53s
Rendered 3055/4563, time remaining: 53s
Rendered 3056/4563, time remaining: 53s
Rendered 3057/4563, time remaining: 53s
Rendered 3058/4563, time remaining: 53s
Rendered 3059/4563, time remaining: 54s
Rendered 3060/4563, time remaining: 53s
Rendered 3061/4563, time remaining: 54s
Rendered 3062/4563, time remaining: 53s
Rendered 3063/4563, time remaining: 53s
Rendered 3064/4563, time remaining: 53s
Rendered 3065/4563, time remaining: 53s
Rendered 3066/4563, time remaining: 53s
Rendered 3067/4563, time remaining: 53s
Rendered 3068/4563, time remaining: 52s
Rendered 3069/4563, time remaining: 52s
Rendered 3070/4563, time remaining: 52s
Rendered 3071/4563, time remaining: 53s
Rendered 3072/4563, time remaining: 53s
Rendered 3073/4563, time remaining: 53s
Rendered 3074/4563, time remaining: 53s
Rendered 3075/4563, time remaining: 52s
Rendered 3076/4563, time remaining: 53s
Rendered 3077/4563, time remaining: 52s
Rendered 3078/4563, time remaining: 52s
Rendered 3079/4563, time remaining: 53s
Rendered 3080/4563, time remaining: 53s
Rendered 3081/4563, time remaining: 53s
Rendered 3082/4563, time remaining: 52s
Rendered 3083/4563, time remaining: 53s
Rendered 3084/4563, time remaining: 53s
Rendered 3085/4563, time remaining: 52s
Rendered 3086/4563, time remaining: 51s
Rendered 3087/4563, time remaining: 52s
Rendered 3088/4563, time remaining: 53s
Rendered 3089/4563, time remaining: 53s
Rendered 3090/4563, time remaining: 52s
Rendered 3091/4563, time remaining: 52s
Rendered 3092/4563, time remaining: 53s
Rendered 3093/4563, time remaining: 52s
Rendered 3094/4563, time remaining: 52s
Rendered 3095/4563, time remaining: 53s
Rendered 3096/4563, time remaining: 52s
Rendered 3097/4563, time remaining: 52s
Rendered 3098/4563, time remaining: 52s
Rendered 3099/4563, time remaining: 52s
Rendered 3100/4563, time remaining: 52s
Rendered 3101/4563, time remaining: 52s
Rendered 3102/4563, time remaining: 52s
Rendered 3103/4563, time remaining: 52s
Rendered 3104/4563, time remaining: 52s
Rendered 3105/4563, time remaining: 52s
Rendered 3106/4563, time remaining: 51s
Rendered 3107/4563, time remaining: 51s
Rendered 3108/4563, time remaining: 52s
Rendered 3109/4563, time remaining: 52s
Rendered 3110/4563, time remaining: 52s
Rendered 3111/4563, time remaining: 52s
Rendered 3112/4563, time remaining: 52s
Rendered 3113/4563, time remaining: 52s
Rendered 3114/4563, time remaining: 51s
Rendered 3115/4563, time remaining: 51s
Rendered 3116/4563, time remaining: 51s
Rendered 3117/4563, time remaining: 52s
Rendered 3118/4563, time remaining: 52s
Rendered 3119/4563, time remaining: 51s
Rendered 3120/4563, time remaining: 51s
Rendered 3121/4563, time remaining: 51s
Rendered 3122/4563, time remaining: 51s
Rendered 3123/4563, time remaining: 51s
Rendered 3124/4563, time remaining: 51s
Rendered 3125/4563, time remaining: 51s
Rendered 3126/4563, time remaining: 51s
Rendered 3127/4563, time remaining: 50s
Rendered 3128/4563, time remaining: 51s
Rendered 3129/4563, time remaining: 51s
Rendered 3130/4563, time remaining: 51s
Rendered 3131/4563, time remaining: 51s
Rendered 3132/4563, time remaining: 51s
Rendered 3133/4563, time remaining: 51s
Rendered 3134/4563, time remaining: 50s
Rendered 3135/4563, time remaining: 49s
Rendered 3136/4563, time remaining: 50s
Rendered 3137/4563, time remaining: 50s
Rendered 3138/4563, time remaining: 50s
Rendered 3139/4563, time remaining: 51s
Rendered 3140/4563, time remaining: 51s
Rendered 3141/4563, time remaining: 51s
Rendered 3142/4563, time remaining: 51s
Rendered 3143/4563, time remaining: 50s
Rendered 3144/4563, time remaining: 50s
Rendered 3145/4563, time remaining: 49s
Rendered 3146/4563, time remaining: 50s
Rendered 3147/4563, time remaining: 50s
Rendered 3148/4563, time remaining: 50s
Rendered 3149/4563, time remaining: 50s
Rendered 3150/4563, time remaining: 51s
Rendered 3151/4563, time remaining: 50s
Rendered 3152/4563, time remaining: 50s
Rendered 3153/4563, time remaining: 50s
Rendered 3154/4563, time remaining: 49s
Rendered 3155/4563, time remaining: 49s
Rendered 3156/4563, time remaining: 50s
Rendered 3157/4563, time remaining: 49s
Rendered 3158/4563, time remaining: 51s
Rendered 3159/4563, time remaining: 50s
Rendered 3160/4563, time remaining: 49s
Rendered 3161/4563, time remaining: 49s
Rendered 3162/4563, time remaining: 49s
Rendered 3163/4563, time remaining: 49s
Rendered 3164/4563, time remaining: 49s
Rendered 3165/4563, time remaining: 49s
Rendered 3166/4563, time remaining: 50s
Rendered 3167/4563, time remaining: 49s
Rendered 3168/4563, time remaining: 49s
Rendered 3169/4563, time remaining: 49s
Rendered 3170/4563, time remaining: 49s
Rendered 3171/4563, time remaining: 49s
Rendered 3172/4563, time remaining: 48s
Rendered 3173/4563, time remaining: 49s
Rendered 3174/4563, time remaining: 48s
Rendered 3175/4563, time remaining: 49s
Rendered 3176/4563, time remaining: 49s
Rendered 3177/4563, time remaining: 50s
Rendered 3178/4563, time remaining: 48s
Rendered 3179/4563, time remaining: 48s
Rendered 3180/4563, time remaining: 48s
Rendered 3181/4563, time remaining: 49s
Rendered 3182/4563, time remaining: 49s
Rendered 3183/4563, time remaining: 48s
Rendered 3184/4563, time remaining: 49s
Rendered 3185/4563, time remaining: 50s
Rendered 3186/4563, time remaining: 48s
Rendered 3187/4563, time remaining: 48s
Rendered 3188/4563, time remaining: 48s
Rendered 3189/4563, time remaining: 48s
Rendered 3190/4563, time remaining: 48s
Rendered 3191/4563, time remaining: 49s
Rendered 3192/4563, time remaining: 49s
Rendered 3193/4563, time remaining: 50s
Rendered 3194/4563, time remaining: 48s
Rendered 3195/4563, time remaining: 48s
Rendered 3196/4563, time remaining: 48s
Rendered 3197/4563, time remaining: 48s
Rendered 3198/4563, time remaining: 48s
Rendered 3199/4563, time remaining: 48s
Rendered 3200/4563, time remaining: 48s
Rendered 3201/4563, time remaining: 50s
Rendered 3202/4563, time remaining: 48s
Rendered 3203/4563, time remaining: 48s
Rendered 3204/4563, time remaining: 48s
Rendered 3205/4563, time remaining: 48s
Rendered 3206/4563, time remaining: 48s
Rendered 3207/4563, time remaining: 48s
Rendered 3208/4563, time remaining: 48s
Rendered 3209/4563, time remaining: 48s
Rendered 3210/4563, time remaining: 49s
Rendered 3211/4563, time remaining: 48s
Rendered 3212/4563, time remaining: 48s
Rendered 3213/4563, time remaining: 47s
Rendered 3214/4563, time remaining: 47s
Rendered 3215/4563, time remaining: 47s
Rendered 3216/4563, time remaining: 47s
Rendered 3217/4563, time remaining: 48s
Rendered 3218/4563, time remaining: 48s
Rendered 3219/4563, time remaining: 48s
Rendered 3220/4563, time remaining: 49s
Rendered 3221/4563, time remaining: 47s
Rendered 3222/4563, time remaining: 47s
Rendered 3223/4563, time remaining: 47s
Rendered 3224/4563, time remaining: 48s
Rendered 3225/4563, time remaining: 48s
Rendered 3226/4563, time remaining: 47s
Rendered 3227/4563, time remaining: 48s
Rendered 3228/4563, time remaining: 48s
Rendered 3229/4563, time remaining: 47s
Rendered 3230/4563, time remaining: 47s
Rendered 3231/4563, time remaining: 47s
Rendered 3232/4563, time remaining: 48s
Rendered 3233/4563, time remaining: 47s
Rendered 3234/4563, time remaining: 47s
Rendered 3235/4563, time remaining: 47s
Rendered 3236/4563, time remaining: 48s
Rendered 3237/4563, time remaining: 47s
Rendered 3238/4563, time remaining: 46s
Rendered 3239/4563, time remaining: 46s
Rendered 3240/4563, time remaining: 47s
Rendered 3241/4563, time remaining: 47s
Rendered 3242/4563, time remaining: 47s
Rendered 3243/4563, time remaining: 47s
Rendered 3244/4563, time remaining: 47s
Rendered 3245/4563, time remaining: 46s
Rendered 3246/4563, time remaining: 46s
Rendered 3247/4563, time remaining: 47s
Rendered 3248/4563, time remaining: 47s
Rendered 3249/4563, time remaining: 47s
Rendered 3250/4563, time remaining: 46s
Rendered 3251/4563, time remaining: 47s
Rendered 3252/4563, time remaining: 47s
Rendered 3253/4563, time remaining: 47s
Rendered 3254/4563, time remaining: 46s
Rendered 3255/4563, time remaining: 46s
Rendered 3256/4563, time remaining: 46s
Rendered 3257/4563, time remaining: 46s
Rendered 3258/4563, time remaining: 46s
Rendered 3259/4563, time remaining: 47s
Rendered 3260/4563, time remaining: 47s
Rendered 3261/4563, time remaining: 46s
Rendered 3262/4563, time remaining: 45s
Rendered 3263/4563, time remaining: 45s
Rendered 3264/4563, time remaining: 45s
Rendered 3265/4563, time remaining: 45s
Rendered 3266/4563, time remaining: 45s
Rendered 3267/4563, time remaining: 45s
Rendered 3268/4563, time remaining: 45s
Rendered 3269/4563, time remaining: 45s
Rendered 3270/4563, time remaining: 44s
Rendered 3271/4563, time remaining: 43s
Rendered 3272/4563, time remaining: 43s
Rendered 3273/4563, time remaining: 43s
Rendered 3274/4563, time remaining: 43s
Rendered 3275/4563, time remaining: 43s
Rendered 3276/4563, time remaining: 43s
Rendered 3277/4563, time remaining: 43s
Rendered 3278/4563, time remaining: 42s
Rendered 3279/4563, time remaining: 42s
Rendered 3280/4563, time remaining: 42s
Rendered 3281/4563, time remaining: 42s
Rendered 3282/4563, time remaining: 42s
Rendered 3283/4563, time remaining: 43s
Rendered 3284/4563, time remaining: 43s
Rendered 3285/4563, time remaining: 43s
Rendered 3286/4563, time remaining: 42s
Rendered 3287/4563, time remaining: 41s
Rendered 3288/4563, time remaining: 42s
Rendered 3289/4563, time remaining: 41s
Rendered 3290/4563, time remaining: 42s
Rendered 3291/4563, time remaining: 42s
Rendered 3292/4563, time remaining: 42s
Rendered 3293/4563, time remaining: 42s
Rendered 3294/4563, time remaining: 42s
Rendered 3295/4563, time remaining: 42s
Rendered 3296/4563, time remaining: 41s
Rendered 3297/4563, time remaining: 40s
Rendered 3298/4563, time remaining: 42s
Rendered 3299/4563, time remaining: 42s
Rendered 3300/4563, time remaining: 41s
Rendered 3301/4563, time remaining: 41s
Rendered 3302/4563, time remaining: 41s
Rendered 3303/4563, time remaining: 41s
Rendered 3304/4563, time remaining: 41s
Rendered 3305/4563, time remaining: 40s
Rendered 3306/4563, time remaining: 40s
Rendered 3307/4563, time remaining: 42s
Rendered 3308/4563, time remaining: 41s
Rendered 3309/4563, time remaining: 41s
Rendered 3310/4563, time remaining: 41s
Rendered 3311/4563, time remaining: 41s
Rendered 3312/4563, time remaining: 41s
Rendered 3313/4563, time remaining: 40s
Rendered 3314/4563, time remaining: 40s
Rendered 3315/4563, time remaining: 41s
Rendered 3316/4563, time remaining: 41s
Rendered 3317/4563, time remaining: 41s
Rendered 3318/4563, time remaining: 41s
Rendered 3319/4563, time remaining: 41s
Rendered 3320/4563, time remaining: 41s
Rendered 3321/4563, time remaining: 40s
Rendered 3322/4563, time remaining: 41s
Rendered 3323/4563, time remaining: 41s
Rendered 3324/4563, time remaining: 41s
Rendered 3325/4563, time remaining: 40s
Rendered 3326/4563, time remaining: 40s
Rendered 3327/4563, time remaining: 40s
Rendered 3328/4563, time remaining: 40s
Rendered 3329/4563, time remaining: 41s
Rendered 3330/4563, time remaining: 40s
Rendered 3331/4563, time remaining: 40s
Rendered 3332/4563, time remaining: 40s
Rendered 3333/4563, time remaining: 40s
Rendered 3334/4563, time remaining: 41s
Rendered 3335/4563, time remaining: 40s
Rendered 3336/4563, time remaining: 40s
Rendered 3337/4563, time remaining: 40s
Rendered 3338/4563, time remaining: 40s
Rendered 3339/4563, time remaining: 40s
Rendered 3340/4563, time remaining: 40s
Rendered 3341/4563, time remaining: 40s
Rendered 3342/4563, time remaining: 40s
Rendered 3343/4563, time remaining: 39s
Rendered 3344/4563, time remaining: 39s
Rendered 3345/4563, time remaining: 39s
Rendered 3346/4563, time remaining: 39s
Rendered 3347/4563, time remaining: 40s
Rendered 3348/4563, time remaining: 39s
Rendered 3349/4563, time remaining: 40s
Rendered 3350/4563, time remaining: 40s
Rendered 3351/4563, time remaining: 39s
Rendered 3352/4563, time remaining: 39s
Rendered 3353/4563, time remaining: 39s
Rendered 3354/4563, time remaining: 39s
Rendered 3355/4563, time remaining: 39s
Rendered 3356/4563, time remaining: 40s
Rendered 3357/4563, time remaining: 40s
Rendered 3358/4563, time remaining: 39s
Rendered 3359/4563, time remaining: 38s
Rendered 3360/4563, time remaining: 38s
Rendered 3361/4563, time remaining: 39s
Rendered 3362/4563, time remaining: 39s
Rendered 3363/4563, time remaining: 39s
Rendered 3364/4563, time remaining: 39s
Rendered 3365/4563, time remaining: 39s
Rendered 3366/4563, time remaining: 39s
Rendered 3367/4563, time remaining: 39s
Rendered 3368/4563, time remaining: 38s
Rendered 3369/4563, time remaining: 38s
Rendered 3370/4563, time remaining: 39s
Rendered 3371/4563, time remaining: 39s
Rendered 3372/4563, time remaining: 38s
Rendered 3373/4563, time remaining: 38s
Rendered 3374/4563, time remaining: 38s
Rendered 3375/4563, time remaining: 38s
Rendered 3376/4563, time remaining: 38s
Rendered 3377/4563, time remaining: 38s
Rendered 3378/4563, time remaining: 38s
Rendered 3379/4563, time remaining: 38s
Rendered 3380/4563, time remaining: 38s
Rendered 3381/4563, time remaining: 38s
Rendered 3382/4563, time remaining: 37s
Rendered 3383/4563, time remaining: 38s
Rendered 3384/4563, time remaining: 38s
Rendered 3385/4563, time remaining: 38s
Rendered 3386/4563, time remaining: 38s
Rendered 3387/4563, time remaining: 38s
Rendered 3388/4563, time remaining: 38s
Rendered 3389/4563, time remaining: 38s
Rendered 3390/4563, time remaining: 37s
Rendered 3391/4563, time remaining: 37s
Rendered 3392/4563, time remaining: 37s
Rendered 3393/4563, time remaining: 38s
Rendered 3394/4563, time remaining: 38s
Rendered 3395/4563, time remaining: 38s
Rendered 3396/4563, time remaining: 38s
Rendered 3397/4563, time remaining: 37s
Rendered 3398/4563, time remaining: 37s
Rendered 3399/4563, time remaining: 37s
Rendered 3400/4563, time remaining: 37s
Rendered 3401/4563, time remaining: 37s
Rendered 3402/4563, time remaining: 37s
Rendered 3403/4563, time remaining: 37s
Rendered 3404/4563, time remaining: 37s
Rendered 3405/4563, time remaining: 37s
Rendered 3406/4563, time remaining: 37s
Rendered 3407/4563, time remaining: 37s
Rendered 3408/4563, time remaining: 37s
Rendered 3409/4563, time remaining: 36s
Rendered 3410/4563, time remaining: 36s
Rendered 3411/4563, time remaining: 37s
Rendered 3412/4563, time remaining: 37s
Rendered 3413/4563, time remaining: 37s
Rendered 3414/4563, time remaining: 37s
Rendered 3415/4563, time remaining: 38s
Rendered 3416/4563, time remaining: 37s
Rendered 3417/4563, time remaining: 37s
Rendered 3418/4563, time remaining: 37s
Rendered 3419/4563, time remaining: 38s
Rendered 3420/4563, time remaining: 38s
Rendered 3421/4563, time remaining: 38s
Rendered 3422/4563, time remaining: 39s
Rendered 3423/4563, time remaining: 39s
Rendered 3424/4563, time remaining: 39s
Rendered 3425/4563, time remaining: 39s
Rendered 3426/4563, time remaining: 39s
Rendered 3427/4563, time remaining: 39s
Rendered 3428/4563, time remaining: 39s
Rendered 3429/4563, time remaining: 39s
Rendered 3430/4563, time remaining: 39s
Rendered 3431/4563, time remaining: 39s
Rendered 3432/4563, time remaining: 39s
Rendered 3433/4563, time remaining: 39s
Rendered 3434/4563, time remaining: 39s
Rendered 3435/4563, time remaining: 39s
Rendered 3436/4563, time remaining: 39s
Rendered 3437/4563, time remaining: 39s
Rendered 3438/4563, time remaining: 39s
Rendered 3439/4563, time remaining: 40s
Rendered 3440/4563, time remaining: 39s
Rendered 3441/4563, time remaining: 38s
Rendered 3442/4563, time remaining: 38s
Rendered 3443/4563, time remaining: 39s
Rendered 3444/4563, time remaining: 39s
Rendered 3445/4563, time remaining: 39s
Rendered 3446/4563, time remaining: 39s
Rendered 3447/4563, time remaining: 39s
Rendered 3448/4563, time remaining: 38s
Rendered 3449/4563, time remaining: 38s
Rendered 3450/4563, time remaining: 38s
Rendered 3451/4563, time remaining: 38s
Rendered 3452/4563, time remaining: 39s
Rendered 3453/4563, time remaining: 39s
Rendered 3454/4563, time remaining: 39s
Rendered 3455/4563, time remaining: 39s
Rendered 3456/4563, time remaining: 39s
Rendered 3457/4563, time remaining: 37s
Rendered 3458/4563, time remaining: 37s
Rendered 3459/4563, time remaining: 37s
Rendered 3460/4563, time remaining: 38s
Rendered 3461/4563, time remaining: 39s
Rendered 3462/4563, time remaining: 39s
Rendered 3463/4563, time remaining: 39s
Rendered 3464/4563, time remaining: 39s
Rendered 3465/4563, time remaining: 38s
Rendered 3466/4563, time remaining: 37s
Rendered 3467/4563, time remaining: 37s
Rendered 3468/4563, time remaining: 38s
Rendered 3469/4563, time remaining: 38s
Rendered 3470/4563, time remaining: 38s
Rendered 3471/4563, time remaining: 39s
Rendered 3472/4563, time remaining: 38s
Rendered 3473/4563, time remaining: 38s
Rendered 3474/4563, time remaining: 38s
Rendered 3475/4563, time remaining: 38s
Rendered 3476/4563, time remaining: 38s
Rendered 3477/4563, time remaining: 37s
Rendered 3478/4563, time remaining: 37s
Rendered 3479/4563, time remaining: 37s
Rendered 3480/4563, time remaining: 38s
Rendered 3481/4563, time remaining: 38s
Rendered 3482/4563, time remaining: 38s
Rendered 3483/4563, time remaining: 38s
Rendered 3484/4563, time remaining: 37s
Rendered 3485/4563, time remaining: 37s
Rendered 3486/4563, time remaining: 37s
Rendered 3487/4563, time remaining: 37s
Rendered 3488/4563, time remaining: 37s
Rendered 3489/4563, time remaining: 37s
Rendered 3490/4563, time remaining: 37s
Rendered 3491/4563, time remaining: 37s
Rendered 3492/4563, time remaining: 37s
Rendered 3493/4563, time remaining: 37s
Rendered 3494/4563, time remaining: 37s
Rendered 3495/4563, time remaining: 37s
Rendered 3496/4563, time remaining: 37s
Rendered 3497/4563, time remaining: 37s
Rendered 3498/4563, time remaining: 37s
Rendered 3499/4563, time remaining: 37s
Rendered 3500/4563, time remaining: 37s
Rendered 3501/4563, time remaining: 37s
Rendered 3502/4563, time remaining: 37s
Rendered 3503/4563, time remaining: 37s
Rendered 3504/4563, time remaining: 37s
Rendered 3505/4563, time remaining: 37s
Rendered 3506/4563, time remaining: 36s
Rendered 3507/4563, time remaining: 37s
Rendered 3508/4563, time remaining: 37s
Rendered 3509/4563, time remaining: 36s
Rendered 3510/4563, time remaining: 37s
Rendered 3511/4563, time remaining: 36s
Rendered 3512/4563, time remaining: 36s
Rendered 3513/4563, time remaining: 36s
Rendered 3514/4563, time remaining: 36s
Rendered 3515/4563, time remaining: 36s
Rendered 3516/4563, time remaining: 36s
Rendered 3517/4563, time remaining: 36s
Rendered 3518/4563, time remaining: 36s
Rendered 3519/4563, time remaining: 36s
Rendered 3520/4563, time remaining: 35s
Rendered 3521/4563, time remaining: 36s
Rendered 3522/4563, time remaining: 36s
Rendered 3523/4563, time remaining: 36s
Rendered 3524/4563, time remaining: 37s
Rendered 3525/4563, time remaining: 36s
Rendered 3526/4563, time remaining: 36s
Rendered 3527/4563, time remaining: 35s
Rendered 3528/4563, time remaining: 35s
Rendered 3529/4563, time remaining: 36s
Rendered 3530/4563, time remaining: 36s
Rendered 3531/4563, time remaining: 36s
Rendered 3532/4563, time remaining: 36s
Rendered 3533/4563, time remaining: 36s
Rendered 3534/4563, time remaining: 36s
Rendered 3535/4563, time remaining: 35s
Rendered 3536/4563, time remaining: 36s
Rendered 3537/4563, time remaining: 36s
Rendered 3538/4563, time remaining: 35s
Rendered 3539/4563, time remaining: 36s
Rendered 3540/4563, time remaining: 36s
Rendered 3541/4563, time remaining: 36s
Rendered 3542/4563, time remaining: 36s
Rendered 3543/4563, time remaining: 35s
Rendered 3544/4563, time remaining: 35s
Rendered 3545/4563, time remaining: 35s
Rendered 3546/4563, time remaining: 35s
Rendered 3547/4563, time remaining: 36s
Rendered 3548/4563, time remaining: 36s
Rendered 3549/4563, time remaining: 36s
Rendered 3550/4563, time remaining: 36s
Rendered 3551/4563, time remaining: 35s
Rendered 3552/4563, time remaining: 35s
Rendered 3553/4563, time remaining: 35s
Rendered 3554/4563, time remaining: 35s
Rendered 3555/4563, time remaining: 35s
Rendered 3556/4563, time remaining: 36s
Rendered 3557/4563, time remaining: 36s
Rendered 3558/4563, time remaining: 35s
Rendered 3559/4563, time remaining: 35s
Rendered 3560/4563, time remaining: 35s
Rendered 3561/4563, time remaining: 35s
Rendered 3562/4563, time remaining: 34s
Rendered 3563/4563, time remaining: 35s
Rendered 3564/4563, time remaining: 35s
Rendered 3565/4563, time remaining: 35s
Rendered 3566/4563, time remaining: 35s
Rendered 3567/4563, time remaining: 35s
Rendered 3568/4563, time remaining: 35s
Rendered 3569/4563, time remaining: 34s
Rendered 3570/4563, time remaining: 34s
Rendered 3571/4563, time remaining: 35s
Rendered 3572/4563, time remaining: 34s
Rendered 3573/4563, time remaining: 34s
Rendered 3574/4563, time remaining: 34s
Rendered 3575/4563, time remaining: 34s
Rendered 3576/4563, time remaining: 34s
Rendered 3577/4563, time remaining: 34s
Rendered 3578/4563, time remaining: 34s
Rendered 3579/4563, time remaining: 34s
Rendered 3580/4563, time remaining: 34s
Rendered 3581/4563, time remaining: 34s
Rendered 3582/4563, time remaining: 33s
Rendered 3583/4563, time remaining: 34s
Rendered 3584/4563, time remaining: 34s
Rendered 3585/4563, time remaining: 34s
Rendered 3586/4563, time remaining: 34s
Rendered 3587/4563, time remaining: 35s
Rendered 3588/4563, time remaining: 34s
Rendered 3589/4563, time remaining: 33s
Rendered 3590/4563, time remaining: 33s
Rendered 3591/4563, time remaining: 34s
Rendered 3592/4563, time remaining: 33s
Rendered 3593/4563, time remaining: 34s
Rendered 3594/4563, time remaining: 33s
Rendered 3595/4563, time remaining: 34s
Rendered 3596/4563, time remaining: 34s
Rendered 3597/4563, time remaining: 33s
Rendered 3598/4563, time remaining: 33s
Rendered 3599/4563, time remaining: 33s
Rendered 3600/4563, time remaining: 33s
Rendered 3601/4563, time remaining: 34s
Rendered 3602/4563, time remaining: 34s
Rendered 3603/4563, time remaining: 33s
Rendered 3604/4563, time remaining: 33s
Rendered 3605/4563, time remaining: 33s
Rendered 3606/4563, time remaining: 33s
Rendered 3607/4563, time remaining: 33s
Rendered 3608/4563, time remaining: 34s
Rendered 3609/4563, time remaining: 34s
Rendered 3610/4563, time remaining: 33s
Rendered 3611/4563, time remaining: 33s
Rendered 3612/4563, time remaining: 33s
Rendered 3613/4563, time remaining: 33s
Rendered 3614/4563, time remaining: 33s
Rendered 3615/4563, time remaining: 33s
Rendered 3616/4563, time remaining: 33s
Rendered 3617/4563, time remaining: 33s
Rendered 3618/4563, time remaining: 33s
Rendered 3619/4563, time remaining: 33s
Rendered 3620/4563, time remaining: 32s
Rendered 3621/4563, time remaining: 32s
Rendered 3622/4563, time remaining: 33s
Rendered 3623/4563, time remaining: 33s
Rendered 3624/4563, time remaining: 32s
Rendered 3625/4563, time remaining: 32s
Rendered 3626/4563, time remaining: 32s
Rendered 3627/4563, time remaining: 33s
Rendered 3628/4563, time remaining: 33s
Rendered 3629/4563, time remaining: 33s
Rendered 3630/4563, time remaining: 32s
Rendered 3631/4563, time remaining: 32s
Rendered 3632/4563, time remaining: 32s
Rendered 3633/4563, time remaining: 32s
Rendered 3634/4563, time remaining: 32s
Rendered 3635/4563, time remaining: 32s
Rendered 3636/4563, time remaining: 32s
Rendered 3637/4563, time remaining: 32s
Rendered 3638/4563, time remaining: 32s
Rendered 3639/4563, time remaining: 32s
Rendered 3640/4563, time remaining: 32s
Rendered 3641/4563, time remaining: 32s
Rendered 3642/4563, time remaining: 32s
Rendered 3643/4563, time remaining: 32s
Rendered 3644/4563, time remaining: 32s
Rendered 3645/4563, time remaining: 32s
Rendered 3646/4563, time remaining: 32s
Rendered 3647/4563, time remaining: 32s
Rendered 3648/4563, time remaining: 31s
Rendered 3649/4563, time remaining: 32s
Rendered 3650/4563, time remaining: 32s
Rendered 3651/4563, time remaining: 32s
Rendered 3652/4563, time remaining: 32s
Rendered 3653/4563, time remaining: 32s
Rendered 3654/4563, time remaining: 32s
Rendered 3655/4563, time remaining: 32s
Rendered 3656/4563, time remaining: 31s
Rendered 3657/4563, time remaining: 32s
Rendered 3658/4563, time remaining: 32s
Rendered 3659/4563, time remaining: 32s
Rendered 3660/4563, time remaining: 32s
Rendered 3661/4563, time remaining: 31s
Rendered 3662/4563, time remaining: 31s
Rendered 3663/4563, time remaining: 32s
Rendered 3664/4563, time remaining: 32s
Rendered 3665/4563, time remaining: 31s
Rendered 3666/4563, time remaining: 32s
Rendered 3667/4563, time remaining: 32s
Rendered 3668/4563, time remaining: 31s
Rendered 3669/4563, time remaining: 31s
Rendered 3670/4563, time remaining: 31s
Rendered 3671/4563, time remaining: 31s
Rendered 3672/4563, time remaining: 31s
Rendered 3673/4563, time remaining: 31s
Rendered 3674/4563, time remaining: 31s
Rendered 3675/4563, time remaining: 31s
Rendered 3676/4563, time remaining: 31s
Rendered 3677/4563, time remaining: 31s
Rendered 3678/4563, time remaining: 31s
Rendered 3679/4563, time remaining: 30s
Rendered 3680/4563, time remaining: 31s
Rendered 3681/4563, time remaining: 31s
Rendered 3682/4563, time remaining: 31s
Rendered 3683/4563, time remaining: 31s
Rendered 3684/4563, time remaining: 32s
Rendered 3685/4563, time remaining: 31s
Rendered 3686/4563, time remaining: 31s
Rendered 3687/4563, time remaining: 31s
Rendered 3688/4563, time remaining: 31s
Rendered 3689/4563, time remaining: 31s
Rendered 3690/4563, time remaining: 30s
Rendered 3691/4563, time remaining: 31s
Rendered 3692/4563, time remaining: 31s
Rendered 3693/4563, time remaining: 31s
Rendered 3694/4563, time remaining: 30s
Rendered 3695/4563, time remaining: 31s
Rendered 3696/4563, time remaining: 31s
Rendered 3697/4563, time remaining: 30s
Rendered 3698/4563, time remaining: 30s
Rendered 3699/4563, time remaining: 30s
Rendered 3700/4563, time remaining: 30s
Rendered 3701/4563, time remaining: 30s
Rendered 3702/4563, time remaining: 30s
Rendered 3703/4563, time remaining: 31s
Rendered 3704/4563, time remaining: 31s
Rendered 3705/4563, time remaining: 30s
Rendered 3706/4563, time remaining: 30s
Rendered 3707/4563, time remaining: 30s
Rendered 3708/4563, time remaining: 30s
Rendered 3709/4563, time remaining: 30s
Rendered 3710/4563, time remaining: 30s
Rendered 3711/4563, time remaining: 30s
Rendered 3712/4563, time remaining: 30s
Rendered 3713/4563, time remaining: 30s
Rendered 3714/4563, time remaining: 30s
Rendered 3715/4563, time remaining: 30s
Rendered 3716/4563, time remaining: 29s
Rendered 3717/4563, time remaining: 30s
Rendered 3718/4563, time remaining: 30s
Rendered 3719/4563, time remaining: 30s
Rendered 3720/4563, time remaining: 30s
Rendered 3721/4563, time remaining: 30s
Rendered 3722/4563, time remaining: 30s
Rendered 3723/4563, time remaining: 30s
Rendered 3724/4563, time remaining: 29s
Rendered 3725/4563, time remaining: 30s
Rendered 3726/4563, time remaining: 30s
Rendered 3727/4563, time remaining: 30s
Rendered 3728/4563, time remaining: 30s
Rendered 3729/4563, time remaining: 30s
Rendered 3730/4563, time remaining: 30s
Rendered 3731/4563, time remaining: 30s
Rendered 3732/4563, time remaining: 30s
Rendered 3733/4563, time remaining: 30s
Rendered 3734/4563, time remaining: 30s
Rendered 3735/4563, time remaining: 29s
Rendered 3736/4563, time remaining: 29s
Rendered 3737/4563, time remaining: 29s
Rendered 3738/4563, time remaining: 29s
Rendered 3739/4563, time remaining: 29s
Rendered 3740/4563, time remaining: 30s
Rendered 3741/4563, time remaining: 30s
Rendered 3742/4563, time remaining: 30s
Rendered 3743/4563, time remaining: 29s
Rendered 3744/4563, time remaining: 29s
Rendered 3745/4563, time remaining: 28s
Rendered 3746/4563, time remaining: 28s
Rendered 3747/4563, time remaining: 28s
Rendered 3748/4563, time remaining: 29s
Rendered 3749/4563, time remaining: 29s
Rendered 3750/4563, time remaining: 29s
Rendered 3751/4563, time remaining: 29s
Rendered 3752/4563, time remaining: 29s
Rendered 3753/4563, time remaining: 28s
Rendered 3754/4563, time remaining: 28s
Rendered 3755/4563, time remaining: 29s
Rendered 3756/4563, time remaining: 29s
Rendered 3757/4563, time remaining: 29s
Rendered 3758/4563, time remaining: 29s
Rendered 3759/4563, time remaining: 28s
Rendered 3760/4563, time remaining: 28s
Rendered 3761/4563, time remaining: 28s
Rendered 3762/4563, time remaining: 28s
Rendered 3763/4563, time remaining: 29s
Rendered 3764/4563, time remaining: 29s
Rendered 3765/4563, time remaining: 28s
Rendered 3766/4563, time remaining: 28s
Rendered 3767/4563, time remaining: 28s
Rendered 3768/4563, time remaining: 28s
Rendered 3769/4563, time remaining: 28s
Rendered 3770/4563, time remaining: 28s
Rendered 3771/4563, time remaining: 29s
Rendered 3772/4563, time remaining: 28s
Rendered 3773/4563, time remaining: 28s
Rendered 3774/4563, time remaining: 28s
Rendered 3775/4563, time remaining: 28s
Rendered 3776/4563, time remaining: 28s
Rendered 3777/4563, time remaining: 27s
Rendered 3778/4563, time remaining: 27s
Rendered 3779/4563, time remaining: 28s
Rendered 3780/4563, time remaining: 28s
Rendered 3781/4563, time remaining: 28s
Rendered 3782/4563, time remaining: 28s
Rendered 3783/4563, time remaining: 28s
Rendered 3784/4563, time remaining: 28s
Rendered 3785/4563, time remaining: 27s
Rendered 3786/4563, time remaining: 28s
Rendered 3787/4563, time remaining: 28s
Rendered 3788/4563, time remaining: 27s
Rendered 3789/4563, time remaining: 27s
Rendered 3790/4563, time remaining: 28s
Rendered 3791/4563, time remaining: 27s
Rendered 3792/4563, time remaining: 27s
Rendered 3793/4563, time remaining: 27s
Rendered 3794/4563, time remaining: 27s
Rendered 3795/4563, time remaining: 28s
Rendered 3796/4563, time remaining: 28s
Rendered 3797/4563, time remaining: 27s
Rendered 3798/4563, time remaining: 28s
Rendered 3799/4563, time remaining: 27s
Rendered 3800/4563, time remaining: 27s
Rendered 3801/4563, time remaining: 27s
Rendered 3802/4563, time remaining: 28s
Rendered 3803/4563, time remaining: 27s
Rendered 3804/4563, time remaining: 27s
Rendered 3805/4563, time remaining: 27s
Rendered 3806/4563, time remaining: 27s
Rendered 3807/4563, time remaining: 27s
Rendered 3808/4563, time remaining: 26s
Rendered 3809/4563, time remaining: 26s
Rendered 3810/4563, time remaining: 27s
Rendered 3811/4563, time remaining: 27s
Rendered 3812/4563, time remaining: 27s
Rendered 3813/4563, time remaining: 26s
Rendered 3814/4563, time remaining: 27s
Rendered 3815/4563, time remaining: 26s
Rendered 3816/4563, time remaining: 26s
Rendered 3817/4563, time remaining: 26s
Rendered 3818/4563, time remaining: 27s
Rendered 3819/4563, time remaining: 26s
Rendered 3820/4563, time remaining: 26s
Rendered 3821/4563, time remaining: 26s
Rendered 3822/4563, time remaining: 27s
Rendered 3823/4563, time remaining: 27s
Rendered 3824/4563, time remaining: 26s
Rendered 3825/4563, time remaining: 26s
Rendered 3826/4563, time remaining: 26s
Rendered 3827/4563, time remaining: 26s
Rendered 3828/4563, time remaining: 26s
Rendered 3829/4563, time remaining: 26s
Rendered 3830/4563, time remaining: 26s
Rendered 3831/4563, time remaining: 26s
Rendered 3832/4563, time remaining: 26s
Rendered 3833/4563, time remaining: 25s
Rendered 3834/4563, time remaining: 26s
Rendered 3835/4563, time remaining: 26s
Rendered 3836/4563, time remaining: 26s
Rendered 3837/4563, time remaining: 26s
Rendered 3838/4563, time remaining: 25s
Rendered 3839/4563, time remaining: 25s
Rendered 3840/4563, time remaining: 26s
Rendered 3841/4563, time remaining: 25s
Rendered 3842/4563, time remaining: 26s
Rendered 3843/4563, time remaining: 26s
Rendered 3844/4563, time remaining: 26s
Rendered 3845/4563, time remaining: 25s
Rendered 3846/4563, time remaining: 25s
Rendered 3847/4563, time remaining: 25s
Rendered 3848/4563, time remaining: 25s
Rendered 3849/4563, time remaining: 25s
Rendered 3850/4563, time remaining: 25s
Rendered 3851/4563, time remaining: 25s
Rendered 3852/4563, time remaining: 25s
Rendered 3853/4563, time remaining: 25s
Rendered 3854/4563, time remaining: 25s
Rendered 3855/4563, time remaining: 25s
Rendered 3856/4563, time remaining: 25s
Rendered 3857/4563, time remaining: 25s
Rendered 3858/4563, time remaining: 25s
Rendered 3859/4563, time remaining: 25s
Rendered 3860/4563, time remaining: 25s
Rendered 3861/4563, time remaining: 25s
Rendered 3862/4563, time remaining: 25s
Rendered 3863/4563, time remaining: 25s
Rendered 3864/4563, time remaining: 25s
Rendered 3865/4563, time remaining: 25s
Rendered 3866/4563, time remaining: 25s
Rendered 3867/4563, time remaining: 25s
Rendered 3868/4563, time remaining: 25s
Rendered 3869/4563, time remaining: 25s
Rendered 3870/4563, time remaining: 24s
Rendered 3871/4563, time remaining: 24s
Rendered 3872/4563, time remaining: 24s
Rendered 3873/4563, time remaining: 24s
Rendered 3874/4563, time remaining: 25s
Rendered 3875/4563, time remaining: 25s
Rendered 3876/4563, time remaining: 25s
Rendered 3877/4563, time remaining: 24s
Rendered 3878/4563, time remaining: 24s
Rendered 3879/4563, time remaining: 24s
Rendered 3880/4563, time remaining: 24s
Rendered 3881/4563, time remaining: 24s
Rendered 3882/4563, time remaining: 24s
Rendered 3883/4563, time remaining: 24s
Rendered 3884/4563, time remaining: 24s
Rendered 3885/4563, time remaining: 24s
Rendered 3886/4563, time remaining: 24s
Rendered 3887/4563, time remaining: 24s
Rendered 3888/4563, time remaining: 24s
Rendered 3889/4563, time remaining: 24s
Rendered 3890/4563, time remaining: 24s
Rendered 3891/4563, time remaining: 24s
Rendered 3892/4563, time remaining: 24s
Rendered 3893/4563, time remaining: 24s
Rendered 3894/4563, time remaining: 24s
Rendered 3895/4563, time remaining: 24s
Rendered 3896/4563, time remaining: 24s
Rendered 3897/4563, time remaining: 24s
Rendered 3898/4563, time remaining: 23s
Rendered 3899/4563, time remaining: 23s
Rendered 3900/4563, time remaining: 23s
Rendered 3901/4563, time remaining: 24s
Rendered 3902/4563, time remaining: 23s
Rendered 3903/4563, time remaining: 23s
Rendered 3904/4563, time remaining: 24s
Rendered 3905/4563, time remaining: 23s
Rendered 3906/4563, time remaining: 23s
Rendered 3907/4563, time remaining: 23s
Rendered 3908/4563, time remaining: 23s
Rendered 3909/4563, time remaining: 23s
Rendered 3910/4563, time remaining: 23s
Rendered 3911/4563, time remaining: 23s
Rendered 3912/4563, time remaining: 23s
Rendered 3913/4563, time remaining: 22s
Rendered 3914/4563, time remaining: 23s
Rendered 3915/4563, time remaining: 23s
Rendered 3916/4563, time remaining: 23s
Rendered 3917/4563, time remaining: 23s
Rendered 3918/4563, time remaining: 23s
Rendered 3919/4563, time remaining: 23s
Rendered 3920/4563, time remaining: 23s
Rendered 3921/4563, time remaining: 22s
Rendered 3922/4563, time remaining: 22s
Rendered 3923/4563, time remaining: 22s
Rendered 3924/4563, time remaining: 23s
Rendered 3925/4563, time remaining: 23s
Rendered 3926/4563, time remaining: 23s
Rendered 3927/4563, time remaining: 23s
Rendered 3928/4563, time remaining: 23s
Rendered 3929/4563, time remaining: 22s
Rendered 3930/4563, time remaining: 22s
Rendered 3931/4563, time remaining: 22s
Rendered 3932/4563, time remaining: 22s
Rendered 3933/4563, time remaining: 22s
Rendered 3934/4563, time remaining: 22s
Rendered 3935/4563, time remaining: 22s
Rendered 3936/4563, time remaining: 22s
Rendered 3937/4563, time remaining: 22s
Rendered 3938/4563, time remaining: 22s
Rendered 3939/4563, time remaining: 22s
Rendered 3940/4563, time remaining: 22s
Rendered 3941/4563, time remaining: 22s
Rendered 3942/4563, time remaining: 22s
Rendered 3943/4563, time remaining: 22s
Rendered 3944/4563, time remaining: 22s
Rendered 3945/4563, time remaining: 21s
Rendered 3946/4563, time remaining: 21s
Rendered 3947/4563, time remaining: 22s
Rendered 3948/4563, time remaining: 22s
Rendered 3949/4563, time remaining: 22s
Rendered 3950/4563, time remaining: 22s
Rendered 3951/4563, time remaining: 22s
Rendered 3952/4563, time remaining: 21s
Rendered 3953/4563, time remaining: 21s
Rendered 3954/4563, time remaining: 21s
Rendered 3955/4563, time remaining: 22s
Rendered 3956/4563, time remaining: 21s
Rendered 3957/4563, time remaining: 21s
Rendered 3958/4563, time remaining: 21s
Rendered 3959/4563, time remaining: 21s
Rendered 3960/4563, time remaining: 21s
Rendered 3961/4563, time remaining: 21s
Rendered 3962/4563, time remaining: 21s
Rendered 3963/4563, time remaining: 21s
Rendered 3964/4563, time remaining: 21s
Rendered 3965/4563, time remaining: 21s
Rendered 3966/4563, time remaining: 21s
Rendered 3967/4563, time remaining: 21s
Rendered 3968/4563, time remaining: 21s
Rendered 3969/4563, time remaining: 21s
Rendered 3970/4563, time remaining: 21s
Rendered 3971/4563, time remaining: 21s
Rendered 3972/4563, time remaining: 21s
Rendered 3973/4563, time remaining: 21s
Rendered 3974/4563, time remaining: 21s
Rendered 3975/4563, time remaining: 20s
Rendered 3976/4563, time remaining: 20s
Rendered 3977/4563, time remaining: 20s
Rendered 3978/4563, time remaining: 21s
Rendered 3979/4563, time remaining: 21s
Rendered 3980/4563, time remaining: 20s
Rendered 3981/4563, time remaining: 20s
Rendered 3982/4563, time remaining: 20s
Rendered 3983/4563, time remaining: 20s
Rendered 3984/4563, time remaining: 20s
Rendered 3985/4563, time remaining: 20s
Rendered 3986/4563, time remaining: 20s
Rendered 3987/4563, time remaining: 20s
Rendered 3988/4563, time remaining: 20s
Rendered 3989/4563, time remaining: 20s
Rendered 3990/4563, time remaining: 20s
Rendered 3991/4563, time remaining: 20s
Rendered 3992/4563, time remaining: 20s
Rendered 3993/4563, time remaining: 20s
Rendered 3994/4563, time remaining: 20s
Rendered 3995/4563, time remaining: 19s
Rendered 3996/4563, time remaining: 19s
Rendered 3997/4563, time remaining: 19s
Rendered 3998/4563, time remaining: 19s
Rendered 3999/4563, time remaining: 19s
Rendered 4000/4563, time remaining: 20s
Rendered 4001/4563, time remaining: 20s
Rendered 4002/4563, time remaining: 20s
Rendered 4003/4563, time remaining: 19s
Rendered 4004/4563, time remaining: 19s
Rendered 4005/4563, time remaining: 19s
Rendered 4006/4563, time remaining: 19s
Rendered 4007/4563, time remaining: 19s
Rendered 4008/4563, time remaining: 19s
Rendered 4009/4563, time remaining: 19s
Rendered 4010/4563, time remaining: 19s
Rendered 4011/4563, time remaining: 19s
Rendered 4012/4563, time remaining: 19s
Rendered 4013/4563, time remaining: 19s
Rendered 4014/4563, time remaining: 19s
Rendered 4015/4563, time remaining: 19s
Rendered 4016/4563, time remaining: 19s
Rendered 4017/4563, time remaining: 19s
Rendered 4018/4563, time remaining: 19s
Rendered 4019/4563, time remaining: 19s
Rendered 4020/4563, time remaining: 19s
Rendered 4021/4563, time remaining: 19s
Rendered 4022/4563, time remaining: 19s
Rendered 4023/4563, time remaining: 19s
Rendered 4024/4563, time remaining: 18s
Rendered 4025/4563, time remaining: 18s
Rendered 4026/4563, time remaining: 18s
Rendered 4027/4563, time remaining: 18s
Rendered 4028/4563, time remaining: 18s
Rendered 4029/4563, time remaining: 19s
Rendered 4030/4563, time remaining: 19s
Rendered 4031/4563, time remaining: 19s
Rendered 4032/4563, time remaining: 18s
Rendered 4033/4563, time remaining: 18s
Rendered 4034/4563, time remaining: 18s
Rendered 4035/4563, time remaining: 18s
Rendered 4036/4563, time remaining: 18s
Rendered 4037/4563, time remaining: 18s
Rendered 4038/4563, time remaining: 18s
Rendered 4039/4563, time remaining: 18s
Rendered 4040/4563, time remaining: 18s
Rendered 4041/4563, time remaining: 18s
Rendered 4042/4563, time remaining: 18s
Rendered 4043/4563, time remaining: 18s
Rendered 4044/4563, time remaining: 18s
Rendered 4045/4563, time remaining: 18s
Rendered 4046/4563, time remaining: 18s
Rendered 4047/4563, time remaining: 18s
Rendered 4048/4563, time remaining: 18s
Rendered 4049/4563, time remaining: 18s
Rendered 4050/4563, time remaining: 18s
Rendered 4051/4563, time remaining: 18s
Rendered 4052/4563, time remaining: 18s
Rendered 4053/4563, time remaining: 18s
Rendered 4054/4563, time remaining: 18s
Rendered 4055/4563, time remaining: 18s
Rendered 4056/4563, time remaining: 17s
Rendered 4057/4563, time remaining: 18s
Rendered 4058/4563, time remaining: 17s
Rendered 4059/4563, time remaining: 17s
Rendered 4060/4563, time remaining: 17s
Rendered 4061/4563, time remaining: 18s
Rendered 4062/4563, time remaining: 17s
Rendered 4063/4563, time remaining: 17s
Rendered 4064/4563, time remaining: 17s
Rendered 4065/4563, time remaining: 17s
Rendered 4066/4563, time remaining: 17s
Rendered 4067/4563, time remaining: 17s
Rendered 4068/4563, time remaining: 17s
Rendered 4069/4563, time remaining: 17s
Rendered 4070/4563, time remaining: 17s
Rendered 4071/4563, time remaining: 17s
Rendered 4072/4563, time remaining: 17s
Rendered 4073/4563, time remaining: 17s
Rendered 4074/4563, time remaining: 17s
Rendered 4075/4563, time remaining: 17s
Rendered 4076/4563, time remaining: 17s
Rendered 4077/4563, time remaining: 17s
Rendered 4078/4563, time remaining: 17s
Rendered 4079/4563, time remaining: 17s
Rendered 4080/4563, time remaining: 17s
Rendered 4081/4563, time remaining: 17s
Rendered 4082/4563, time remaining: 17s
Rendered 4083/4563, time remaining: 17s
Rendered 4084/4563, time remaining: 17s
Rendered 4085/4563, time remaining: 17s
Rendered 4086/4563, time remaining: 16s
Rendered 4087/4563, time remaining: 17s
Rendered 4088/4563, time remaining: 16s
Rendered 4089/4563, time remaining: 17s
Rendered 4090/4563, time remaining: 16s
Rendered 4091/4563, time remaining: 16s
Rendered 4092/4563, time remaining: 16s
Rendered 4093/4563, time remaining: 16s
Rendered 4094/4563, time remaining: 16s
Rendered 4095/4563, time remaining: 16s
Rendered 4096/4563, time remaining: 16s
Rendered 4097/4563, time remaining: 17s
Rendered 4098/4563, time remaining: 16s
Rendered 4099/4563, time remaining: 16s
Rendered 4100/4563, time remaining: 16s
Rendered 4101/4563, time remaining: 16s
Rendered 4102/4563, time remaining: 16s
Rendered 4103/4563, time remaining: 16s
Rendered 4104/4563, time remaining: 16s
Rendered 4105/4563, time remaining: 16s
Rendered 4106/4563, time remaining: 16s
Rendered 4107/4563, time remaining: 16s
Rendered 4108/4563, time remaining: 16s
Rendered 4109/4563, time remaining: 16s
Rendered 4110/4563, time remaining: 16s
Rendered 4111/4563, time remaining: 16s
Rendered 4112/4563, time remaining: 16s
Rendered 4113/4563, time remaining: 16s
Rendered 4114/4563, time remaining: 16s
Rendered 4115/4563, time remaining: 16s
Rendered 4116/4563, time remaining: 16s
Rendered 4117/4563, time remaining: 16s
Rendered 4118/4563, time remaining: 16s
Rendered 4119/4563, time remaining: 16s
Rendered 4120/4563, time remaining: 16s
Rendered 4121/4563, time remaining: 16s
Rendered 4122/4563, time remaining: 16s
Rendered 4123/4563, time remaining: 16s
Rendered 4124/4563, time remaining: 15s
Rendered 4125/4563, time remaining: 15s
Rendered 4126/4563, time remaining: 16s
Rendered 4127/4563, time remaining: 15s
Rendered 4128/4563, time remaining: 15s
Rendered 4129/4563, time remaining: 16s
Rendered 4130/4563, time remaining: 16s
Rendered 4131/4563, time remaining: 16s
Rendered 4132/4563, time remaining: 15s
Rendered 4133/4563, time remaining: 15s
Rendered 4134/4563, time remaining: 15s
Rendered 4135/4563, time remaining: 15s
Rendered 4136/4563, time remaining: 15s
Rendered 4137/4563, time remaining: 15s
Rendered 4138/4563, time remaining: 15s
Rendered 4139/4563, time remaining: 15s
Rendered 4140/4563, time remaining: 15s
Rendered 4141/4563, time remaining: 15s
Rendered 4142/4563, time remaining: 15s
Rendered 4143/4563, time remaining: 15s
Rendered 4144/4563, time remaining: 15s
Rendered 4145/4563, time remaining: 15s
Rendered 4146/4563, time remaining: 15s
Rendered 4147/4563, time remaining: 15s
Rendered 4148/4563, time remaining: 15s
Rendered 4149/4563, time remaining: 15s
Rendered 4150/4563, time remaining: 15s
Rendered 4151/4563, time remaining: 15s
Rendered 4152/4563, time remaining: 15s
Rendered 4153/4563, time remaining: 15s
Rendered 4154/4563, time remaining: 15s
Rendered 4155/4563, time remaining: 15s
Rendered 4156/4563, time remaining: 15s
Rendered 4157/4563, time remaining: 15s
Rendered 4158/4563, time remaining: 15s
Rendered 4159/4563, time remaining: 14s
Rendered 4160/4563, time remaining: 14s
Rendered 4161/4563, time remaining: 14s
Rendered 4162/4563, time remaining: 14s
Rendered 4163/4563, time remaining: 14s
Rendered 4164/4563, time remaining: 14s
Rendered 4165/4563, time remaining: 14s
Rendered 4166/4563, time remaining: 14s
Rendered 4167/4563, time remaining: 14s
Rendered 4168/4563, time remaining: 14s
Rendered 4169/4563, time remaining: 14s
Rendered 4170/4563, time remaining: 14s
Rendered 4171/4563, time remaining: 14s
Rendered 4172/4563, time remaining: 14s
Rendered 4173/4563, time remaining: 14s
Rendered 4174/4563, time remaining: 14s
Rendered 4175/4563, time remaining: 14s
Rendered 4176/4563, time remaining: 14s
Rendered 4177/4563, time remaining: 14s
Rendered 4178/4563, time remaining: 14s
Rendered 4179/4563, time remaining: 14s
Rendered 4180/4563, time remaining: 13s
Rendered 4181/4563, time remaining: 13s
Rendered 4182/4563, time remaining: 14s
Rendered 4183/4563, time remaining: 14s
Rendered 4184/4563, time remaining: 13s
Rendered 4185/4563, time remaining: 13s
Rendered 4186/4563, time remaining: 13s
Rendered 4187/4563, time remaining: 13s
Rendered 4188/4563, time remaining: 13s
Rendered 4189/4563, time remaining: 13s
Rendered 4190/4563, time remaining: 13s
Rendered 4191/4563, time remaining: 13s
Rendered 4192/4563, time remaining: 13s
Rendered 4193/4563, time remaining: 13s
Rendered 4194/4563, time remaining: 13s
Rendered 4195/4563, time remaining: 13s
Rendered 4196/4563, time remaining: 13s
Rendered 4197/4563, time remaining: 13s
Rendered 4198/4563, time remaining: 13s
Rendered 4199/4563, time remaining: 13s
Rendered 4200/4563, time remaining: 13s
Rendered 4201/4563, time remaining: 13s
Rendered 4202/4563, time remaining: 13s
Rendered 4203/4563, time remaining: 13s
Rendered 4204/4563, time remaining: 13s
Rendered 4205/4563, time remaining: 13s
Rendered 4206/4563, time remaining: 13s
Rendered 4207/4563, time remaining: 13s
Rendered 4208/4563, time remaining: 13s
Rendered 4209/4563, time remaining: 12s
Rendered 4210/4563, time remaining: 13s
Rendered 4211/4563, time remaining: 12s
Rendered 4212/4563, time remaining: 12s
Rendered 4213/4563, time remaining: 12s
Rendered 4214/4563, time remaining: 12s
Rendered 4215/4563, time remaining: 12s
Rendered 4216/4563, time remaining: 12s
Rendered 4217/4563, time remaining: 12s
Rendered 4218/4563, time remaining: 12s
Rendered 4219/4563, time remaining: 12s
Rendered 4220/4563, time remaining: 12s
Rendered 4221/4563, time remaining: 12s
Rendered 4222/4563, time remaining: 12s
Rendered 4223/4563, time remaining: 12s
Rendered 4224/4563, time remaining: 12s
Rendered 4225/4563, time remaining: 12s
Rendered 4226/4563, time remaining: 12s
Rendered 4227/4563, time remaining: 12s
Rendered 4228/4563, time remaining: 12s
Rendered 4229/4563, time remaining: 12s
Rendered 4230/4563, time remaining: 12s
Rendered 4231/4563, time remaining: 11s
Rendered 4232/4563, time remaining: 11s
Rendered 4233/4563, time remaining: 11s
Rendered 4234/4563, time remaining: 11s
Rendered 4235/4563, time remaining: 12s
Rendered 4236/4563, time remaining: 12s
Rendered 4237/4563, time remaining: 11s
Rendered 4238/4563, time remaining: 11s
Rendered 4239/4563, time remaining: 11s
Rendered 4240/4563, time remaining: 11s
Rendered 4241/4563, time remaining: 11s
Rendered 4242/4563, time remaining: 11s
Rendered 4243/4563, time remaining: 11s
Rendered 4244/4563, time remaining: 11s
Rendered 4245/4563, time remaining: 11s
Rendered 4246/4563, time remaining: 11s
Rendered 4247/4563, time remaining: 11s
Rendered 4248/4563, time remaining: 11s
Rendered 4249/4563, time remaining: 11s
Rendered 4250/4563, time remaining: 11s
Rendered 4251/4563, time remaining: 11s
Rendered 4252/4563, time remaining: 10s
Rendered 4253/4563, time remaining: 11s
Rendered 4254/4563, time remaining: 11s
Rendered 4255/4563, time remaining: 11s
Rendered 4256/4563, time remaining: 11s
Rendered 4257/4563, time remaining: 11s
Rendered 4258/4563, time remaining: 11s
Rendered 4259/4563, time remaining: 10s
Rendered 4260/4563, time remaining: 10s
Rendered 4261/4563, time remaining: 10s
Rendered 4262/4563, time remaining: 10s
Rendered 4263/4563, time remaining: 10s
Rendered 4264/4563, time remaining: 10s
Rendered 4265/4563, time remaining: 10s
Rendered 4266/4563, time remaining: 10s
Rendered 4267/4563, time remaining: 10s
Rendered 4268/4563, time remaining: 10s
Rendered 4269/4563, time remaining: 10s
Rendered 4270/4563, time remaining: 10s
Rendered 4271/4563, time remaining: 10s
Rendered 4272/4563, time remaining: 10s
Rendered 4273/4563, time remaining: 10s
Rendered 4274/4563, time remaining: 10s
Rendered 4275/4563, time remaining: 10s
Rendered 4276/4563, time remaining: 10s
Rendered 4277/4563, time remaining: 10s
Rendered 4278/4563, time remaining: 10s
Rendered 4279/4563, time remaining: 10s
Rendered 4280/4563, time remaining: 9s
Rendered 4281/4563, time remaining: 9s
Rendered 4282/4563, time remaining: 9s
Rendered 4283/4563, time remaining: 9s
Rendered 4284/4563, time remaining: 9s
Rendered 4285/4563, time remaining: 9s
Rendered 4286/4563, time remaining: 9s
Rendered 4287/4563, time remaining: 9s
Rendered 4288/4563, time remaining: 9s
Rendered 4289/4563, time remaining: 9s
Rendered 4290/4563, time remaining: 9s
Rendered 4291/4563, time remaining: 9s
Rendered 4292/4563, time remaining: 9s
Rendered 4293/4563, time remaining: 9s
Rendered 4294/4563, time remaining: 9s
Rendered 4295/4563, time remaining: 9s
Rendered 4296/4563, time remaining: 9s
Rendered 4297/4563, time remaining: 9s
Rendered 4298/4563, time remaining: 9s
Rendered 4299/4563, time remaining: 9s
Rendered 4300/4563, time remaining: 9s
Rendered 4301/4563, time remaining: 9s
Rendered 4302/4563, time remaining: 9s
Rendered 4303/4563, time remaining: 9s
Rendered 4304/4563, time remaining: 9s
Rendered 4305/4563, time remaining: 8s
Rendered 4306/4563, time remaining: 8s
Rendered 4307/4563, time remaining: 8s
Rendered 4308/4563, time remaining: 9s
Rendered 4309/4563, time remaining: 8s
Rendered 4310/4563, time remaining: 8s
Rendered 4311/4563, time remaining: 8s
Rendered 4312/4563, time remaining: 8s
Rendered 4313/4563, time remaining: 8s
Rendered 4314/4563, time remaining: 8s
Rendered 4315/4563, time remaining: 8s
Rendered 4316/4563, time remaining: 8s
Rendered 4317/4563, time remaining: 8s
Rendered 4318/4563, time remaining: 8s
Rendered 4319/4563, time remaining: 8s
Rendered 4320/4563, time remaining: 8s
Rendered 4321/4563, time remaining: 8s
Rendered 4322/4563, time remaining: 8s
Rendered 4323/4563, time remaining: 8s
Rendered 4324/4563, time remaining: 8s
Rendered 4325/4563, time remaining: 8s
Rendered 4326/4563, time remaining: 8s
Rendered 4327/4563, time remaining: 8s
Rendered 4328/4563, time remaining: 8s
Rendered 4329/4563, time remaining: 8s
Rendered 4330/4563, time remaining: 8s
Rendered 4331/4563, time remaining: 8s
Rendered 4332/4563, time remaining: 8s
Rendered 4333/4563, time remaining: 8s
Rendered 4334/4563, time remaining: 8s
Rendered 4335/4563, time remaining: 8s
Rendered 4336/4563, time remaining: 7s
Rendered 4337/4563, time remaining: 7s
Rendered 4338/4563, time remaining: 7s
Rendered 4339/4563, time remaining: 7s
Rendered 4340/4563, time remaining: 7s
Rendered 4341/4563, time remaining: 7s
Rendered 4342/4563, time remaining: 7s
Rendered 4343/4563, time remaining: 7s
Rendered 4344/4563, time remaining: 7s
Rendered 4345/4563, time remaining: 7s
Rendered 4346/4563, time remaining: 7s
Rendered 4347/4563, time remaining: 7s
Rendered 4348/4563, time remaining: 7s
Rendered 4349/4563, time remaining: 7s
Rendered 4350/4563, time remaining: 7s
Rendered 4351/4563, time remaining: 7s
Rendered 4352/4563, time remaining: 7s
Rendered 4353/4563, time remaining: 7s
Rendered 4354/4563, time remaining: 7s
Rendered 4355/4563, time remaining: 7s
Rendered 4356/4563, time remaining: 7s
Rendered 4357/4563, time remaining: 7s
Rendered 4358/4563, time remaining: 7s
Rendered 4359/4563, time remaining: 7s
Rendered 4360/4563, time remaining: 7s
Rendered 4361/4563, time remaining: 7s
Rendered 4362/4563, time remaining: 7s
Rendered 4363/4563, time remaining: 6s
Rendered 4364/4563, time remaining: 6s
Rendered 4365/4563, time remaining: 6s
Rendered 4366/4563, time remaining: 7s
Rendered 4367/4563, time remaining: 6s
Rendered 4368/4563, time remaining: 6s
Rendered 4369/4563, time remaining: 6s
Rendered 4370/4563, time remaining: 6s
Rendered 4371/4563, time remaining: 6s
Rendered 4372/4563, time remaining: 6s
Rendered 4373/4563, time remaining: 6s
Rendered 4374/4563, time remaining: 6s
Rendered 4375/4563, time remaining: 6s
Rendered 4376/4563, time remaining: 6s
Rendered 4377/4563, time remaining: 6s
Rendered 4378/4563, time remaining: 6s
Rendered 4379/4563, time remaining: 6s
Rendered 4380/4563, time remaining: 6s
Rendered 4381/4563, time remaining: 6s
Rendered 4382/4563, time remaining: 6s
Rendered 4383/4563, time remaining: 6s
Rendered 4384/4563, time remaining: 6s
Rendered 4385/4563, time remaining: 6s
Rendered 4386/4563, time remaining: 6s
Rendered 4387/4563, time remaining: 6s
Rendered 4388/4563, time remaining: 6s
Rendered 4389/4563, time remaining: 6s
Rendered 4390/4563, time remaining: 6s
Rendered 4391/4563, time remaining: 6s
Rendered 4392/4563, time remaining: 6s
Rendered 4393/4563, time remaining: 6s
Rendered 4394/4563, time remaining: 6s
Rendered 4395/4563, time remaining: 5s
Rendered 4396/4563, time remaining: 5s
Rendered 4397/4563, time remaining: 5s
Rendered 4398/4563, time remaining: 5s
Rendered 4399/4563, time remaining: 5s
Rendered 4400/4563, time remaining: 5s
Rendered 4401/4563, time remaining: 5s
Rendered 4402/4563, time remaining: 5s
Rendered 4403/4563, time remaining: 5s
Rendered 4404/4563, time remaining: 5s
Rendered 4405/4563, time remaining: 5s
Rendered 4406/4563, time remaining: 5s
Rendered 4407/4563, time remaining: 5s
Rendered 4408/4563, time remaining: 5s
Rendered 4409/4563, time remaining: 5s
Rendered 4410/4563, time remaining: 5s
Rendered 4411/4563, time remaining: 5s
Rendered 4412/4563, time remaining: 5s
Rendered 4413/4563, time remaining: 5s
Rendered 4414/4563, time remaining: 5s
Rendered 4415/4563, time remaining: 5s
Rendered 4416/4563, time remaining: 5s
Rendered 4417/4563, time remaining: 5s
Rendered 4418/4563, time remaining: 5s
Rendered 4419/4563, time remaining: 5s
Rendered 4420/4563, time remaining: 5s
Rendered 4421/4563, time remaining: 5s
Rendered 4422/4563, time remaining: 5s
Rendered 4423/4563, time remaining: 5s
Rendered 4424/4563, time remaining: 5s
Rendered 4425/4563, time remaining: 4s
Rendered 4426/4563, time remaining: 4s
Rendered 4427/4563, time remaining: 4s
Rendered 4428/4563, time remaining: 4s
Rendered 4429/4563, time remaining: 4s
Rendered 4430/4563, time remaining: 4s
Rendered 4431/4563, time remaining: 4s
Rendered 4432/4563, time remaining: 4s
Rendered 4433/4563, time remaining: 4s
Rendered 4434/4563, time remaining: 4s
Rendered 4435/4563, time remaining: 4s
Rendered 4436/4563, time remaining: 4s
Rendered 4437/4563, time remaining: 4s
Rendered 4438/4563, time remaining: 4s
Rendered 4439/4563, time remaining: 4s
Rendered 4440/4563, time remaining: 4s
Rendered 4441/4563, time remaining: 4s
Rendered 4442/4563, time remaining: 4s
Rendered 4443/4563, time remaining: 4s
Rendered 4444/4563, time remaining: 4s
Rendered 4445/4563, time remaining: 4s
Rendered 4446/4563, time remaining: 4s
Rendered 4447/4563, time remaining: 4s
Rendered 4448/4563, time remaining: 4s
Rendered 4449/4563, time remaining: 4s
Rendered 4450/4563, time remaining: 4s
Rendered 4451/4563, time remaining: 4s
Rendered 4452/4563, time remaining: 3s
Rendered 4453/4563, time remaining: 3s
Rendered 4454/4563, time remaining: 3s
Rendered 4455/4563, time remaining: 3s
Rendered 4456/4563, time remaining: 3s
Rendered 4457/4563, time remaining: 3s
Rendered 4458/4563, time remaining: 3s
Rendered 4459/4563, time remaining: 3s
Rendered 4460/4563, time remaining: 3s
Rendered 4461/4563, time remaining: 3s
Rendered 4462/4563, time remaining: 3s
Rendered 4463/4563, time remaining: 3s
Rendered 4464/4563, time remaining: 3s
Rendered 4465/4563, time remaining: 3s
Rendered 4466/4563, time remaining: 3s
Rendered 4467/4563, time remaining: 3s
Rendered 4468/4563, time remaining: 3s
Rendered 4469/4563, time remaining: 3s
Rendered 4470/4563, time remaining: 3s
Rendered 4471/4563, time remaining: 3s
Rendered 4472/4563, time remaining: 3s
Rendered 4473/4563, time remaining: 3s
Rendered 4474/4563, time remaining: 3s
Rendered 4475/4563, time remaining: 3s
Rendered 4476/4563, time remaining: 3s
Rendered 4477/4563, time remaining: 3s
Rendered 4478/4563, time remaining: 3s
Rendered 4479/4563, time remaining: 2s
Rendered 4480/4563, time remaining: 2s
Rendered 4481/4563, time remaining: 2s
Rendered 4482/4563, time remaining: 2s
Rendered 4483/4563, time remaining: 2s
Rendered 4484/4563, time remaining: 2s
Rendered 4485/4563, time remaining: 2s
Rendered 4486/4563, time remaining: 2s
Rendered 4487/4563, time remaining: 2s
Rendered 4488/4563, time remaining: 2s
Rendered 4489/4563, time remaining: 2s
Rendered 4490/4563, time remaining: 2s
Rendered 4491/4563, time remaining: 2s
Rendered 4492/4563, time remaining: 2s
Rendered 4493/4563, time remaining: 2s
Rendered 4494/4563, time remaining: 2s
Rendered 4495/4563, time remaining: 2s
Rendered 4496/4563, time remaining: 2s
Rendered 4497/4563, time remaining: 2s
Rendered 4498/4563, time remaining: 2s
Rendered 4499/4563, time remaining: 2s
Rendered 4500/4563, time remaining: 2s
Rendered 4501/4563, time remaining: 2s
Rendered 4502/4563, time remaining: 2s
Rendered 4503/4563, time remaining: 2s
Rendered 4504/4563, time remaining: 2s
Rendered 4505/4563, time remaining: 2s
Rendered 4506/4563, time remaining: 2s
Rendered 4507/4563, time remaining: 2s
Rendered 4508/4563, time remaining: 1s
Rendered 4509/4563, time remaining: 1s
Rendered 4510/4563, time remaining: 1s
Rendered 4511/4563, time remaining: 1s
Rendered 4512/4563, time remaining: 1s
Rendered 4513/4563, time remaining: 1s
Rendered 4514/4563, time remaining: 1s
Rendered 4515/4563, time remaining: 1s
Rendered 4516/4563, time remaining: 1s
Rendered 4517/4563, time remaining: 1s
Rendered 4518/4563, time remaining: 1s
Rendered 4519/4563, time remaining: 1s
Rendered 4520/4563, time remaining: 1s
Rendered 4521/4563, time remaining: 1s
Rendered 4522/4563, time remaining: 1s
Rendered 4523/4563, time remaining: 1s
Rendered 4524/4563, time remaining: 1s
Rendered 4525/4563, time remaining: 1s
Rendered 4526/4563, time remaining: 1s
Rendered 4527/4563, time remaining: 1s
Rendered 4528/4563, time remaining: 1s
Rendered 4529/4563, time remaining: 1s
Rendered 4530/4563, time remaining: 1s
Rendered 4531/4563, time remaining: 1s
Rendered 4532/4563, time remaining: 1s
Rendered 4533/4563, time remaining: 1s
Rendered 4534/4563, time remaining: 1s
Rendered 4535/4563, time remaining: 0s
Rendered 4536/4563, time remaining: 0s
Rendered 4537/4563, time remaining: 0s
Rendered 4538/4563, time remaining: 0s
Rendered 4539/4563, time remaining: 0s
Rendered 4540/4563, time remaining: 0s
Rendered 4541/4563, time remaining: 0s
Rendered 4542/4563, time remaining: 0s
Rendered 4543/4563, time remaining: 0s
Rendered 4544/4563, time remaining: 0s
Rendered 4545/4563, time remaining: 0s
Rendered 4546/4563, time remaining: 0s
Rendered 4547/4563, time remaining: 0s
Rendered 4548/4563, time remaining: 0s
Rendered 4549/4563, time remaining: 0s
Rendered 4550/4563, time remaining: 0s
Rendered 4551/4563, time remaining: 0s
Rendered 4552/4563, time remaining: 0s
Rendered 4553/4563, time remaining: 0s
Rendered 4554/4563, time remaining: 0s
Rendered 4555/4563, time remaining: 0s
Rendered 4556/4563, time remaining: 0s
Rendered 4557/4563, time remaining: 0s
Rendered 4558/4563, time remaining: 0s
Rendered 4559/4563, time remaining: 0s
Rendered 4560/4563, time remaining: 0s
Rendered 4561/4563, time remaining: 0s
Rendered 4562/4563, time remaining: 0s
Rendered 4563/4563
Encoded 62/4563
Encoded 169/4563
Encoded 276/4563
Encoded 376/4563
Encoded 489/4563
Encoded 590/4563
Encoded 688/4563
Encoded 781/4563
Encoded 881/4563
Encoded 977/4563
Encoded 1089/4563
Encoded 1180/4563
Encoded 1283/4563
Encoded 1397/4563
Encoded 1506/4563
Encoded 1591/4563
Encoded 1688/4563
Encoded 1775/4563
Encoded 1871/4563
Encoded 1960/4563
Encoded 2052/4563
Encoded 2145/4563
Encoded 2216/4563
Encoded 2317/4563
Encoded 2414/4563
Encoded 2521/4563
Encoded 2618/4563
Encoded 2727/4563
Encoded 2841/4563
Encoded 2963/4563
Encoded 3080/4563
Encoded 3187/4563
Encoded 3290/4563
Encoded 3382/4563
Encoded 3470/4563
Encoded 3557/4563
Encoded 3657/4563
Encoded 3750/4563
Encoded 3857/4563
Encoded 3953/4563
Encoded 4060/4563
Encoded 4171/4563
Encoded 4267/4563
Encoded 4367/4563
Encoded 4464/4563
Encoded 4563/4563
+                    ../projects/import-china-india-te/renders/ch16.mp4 19.4 MB
Bundling 6%
Bundling 16%
Bundling 63%
Bundling 69%
Bundling 74%
Bundling 80%
Bundling 85%
Bundling 90%
Bundling 95%
Bundling 100%
Getting composition
Composition          Explainer
Codec                h264
Output               ../projects/import-china-india-te/renders/ch17.mp4
Concurrency          8x
Rendered 0/3363
Rendered 1/3363, time remaining: 45m 53s
Rendered 2/3363, time remaining: 24m 18s
Rendered 3/3363, time remaining: 16m 13s
Rendered 4/3363, time remaining: 12m 10s
Rendered 5/3363, time remaining: 9m 44s
Rendered 6/3363, time remaining: 8m 45s
Rendered 7/3363, time remaining: 7m 38s
Rendered 8/3363, time remaining: 6m 41s
Rendered 9/3363, time remaining: 7m 0s
Rendered 10/3363, time remaining: 6m 19s
Rendered 11/3363, time remaining: 5m 46s
Rendered 12/3363, time remaining: 5m 19s
Rendered 13/3363, time remaining: 5m 13s
Rendered 14/3363, time remaining: 4m 51s
Rendered 15/3363, time remaining: 4m 31s
Rendered 16/3363, time remaining: 4m 15s
Rendered 17/3363, time remaining: 4m 36s
Rendered 18/3363, time remaining: 4m 22s
Rendered 19/3363, time remaining: 4m 10s
Rendered 20/3363, time remaining: 4m 6s
Rendered 21/3363, time remaining: 3m 54s
Rendered 22/3363, time remaining: 3m 43s
Rendered 23/3363, time remaining: 3m 34s
Rendered 24/3363, time remaining: 3m 36s
Rendered 25/3363, time remaining: 3m 47s
Rendered 26/3363, time remaining: 3m 38s
Rendered 27/3363, time remaining: 3m 37s
Rendered 28/3363, time remaining: 3m 29s
Rendered 29/3363, time remaining: 3m 22s
Rendered 30/3363, time remaining: 3m 16s
Rendered 31/3363, time remaining: 3m 11s
Rendered 32/3363, time remaining: 3m 7s
Rendered 33/3363, time remaining: 3m 13s
Rendered 34/3363, time remaining: 3m 15s
Rendered 35/3363, time remaining: 3m 17s
Rendered 36/3363, time remaining: 3m 11s
Rendered 37/3363, time remaining: 3m 6s
Rendered 38/3363, time remaining: 3m 2s
Rendered 39/3363, time remaining: 2m 58s
Rendered 40/3363, time remaining: 3m 0s
Rendered 41/3363, time remaining: 3m 0s
Rendered 42/3363, time remaining: 2m 56s
Rendered 43/3363, time remaining: 2m 55s
Rendered 44/3363, time remaining: 2m 53s
Rendered 45/3363, time remaining: 2m 51s
Rendered 46/3363, time remaining: 2m 52s
Rendered 47/3363, time remaining: 2m 52s
Rendered 48/3363, time remaining: 2m 54s
Rendered 49/3363, time remaining: 2m 50s
Rendered 50/3363, time remaining: 2m 51s
Rendered 51/3363, time remaining: 2m 48s
Rendered 52/3363, time remaining: 2m 45s
Rendered 53/3363, time remaining: 2m 41s
Rendered 54/3363, time remaining: 2m 40s
Rendered 55/3363, time remaining: 2m 43s
Rendered 56/3363, time remaining: 2m 45s
Rendered 57/3363, time remaining: 2m 42s
Rendered 58/3363, time remaining: 2m 42s
Rendered 59/3363, time remaining: 2m 41s
Rendered 60/3363, time remaining: 2m 38s
Rendered 61/3363, time remaining: 2m 35s
Rendered 62/3363, time remaining: 2m 38s
Rendered 63/3363, time remaining: 2m 38s
Rendered 64/3363, time remaining: 2m 38s
Rendered 65/3363, time remaining: 2m 36s
Rendered 66/3363, time remaining: 2m 34s
Rendered 67/3363, time remaining: 2m 34s
Rendered 68/3363, time remaining: 2m 32s
Rendered 69/3363, time remaining: 2m 30s
Rendered 70/3363, time remaining: 2m 33s
Rendered 71/3363, time remaining: 2m 31s
Rendered 72/3363, time remaining: 2m 29s
Rendered 73/3363, time remaining: 2m 28s
Rendered 74/3363, time remaining: 2m 33s
Rendered 75/3363, time remaining: 2m 31s
Rendered 76/3363, time remaining: 2m 29s
Rendered 77/3363, time remaining: 2m 27s
Rendered 78/3363, time remaining: 2m 26s
Rendered 79/3363, time remaining: 2m 26s
Rendered 80/3363, time remaining: 2m 26s
Rendered 81/3363, time remaining: 2m 24s
Rendered 82/3363, time remaining: 2m 27s
Rendered 83/3363, time remaining: 2m 27s
Rendered 84/3363, time remaining: 2m 26s
Rendered 85/3363, time remaining: 2m 24s
Rendered 86/3363, time remaining: 2m 23s
Rendered 87/3363, time remaining: 2m 25s
Rendered 88/3363, time remaining: 2m 23s
Rendered 89/3363, time remaining: 2m 21s
Rendered 90/3363, time remaining: 2m 22s
Rendered 91/3363, time remaining: 2m 24s
Rendered 92/3363, time remaining: 2m 22s
Rendered 93/3363, time remaining: 2m 22s
Rendered 94/3363, time remaining: 2m 21s
Rendered 95/3363, time remaining: 2m 20s
Rendered 96/3363, time remaining: 2m 19s
Rendered 97/3363, time remaining: 2m 18s
Rendered 98/3363, time remaining: 2m 22s
Rendered 99/3363, time remaining: 2m 21s
Rendered 100/3363, time remaining: 2m 21s
Rendered 101/3363, time remaining: 2m 19s
Rendered 102/3363, time remaining: 2m 18s
Rendered 103/3363, time remaining: 2m 17s
Rendered 104/3363, time remaining: 2m 16s
Rendered 105/3363, time remaining: 2m 16s
Rendered 106/3363, time remaining: 2m 20s
Rendered 107/3363, time remaining: 2m 19s
Rendered 108/3363, time remaining: 2m 18s
Rendered 109/3363, time remaining: 2m 17s
Rendered 110/3363, time remaining: 2m 16s
Rendered 111/3363, time remaining: 2m 15s
Rendered 112/3363, time remaining: 2m 15s
Rendered 113/3363, time remaining: 2m 14s
Rendered 114/3363, time remaining: 2m 18s
Rendered 115/3363, time remaining: 2m 17s
Rendered 116/3363, time remaining: 2m 16s
Rendered 117/3363, time remaining: 2m 15s
Rendered 118/3363, time remaining: 2m 14s
Rendered 119/3363, time remaining: 2m 13s
Rendered 120/3363, time remaining: 2m 13s
Rendered 121/3363, time remaining: 2m 13s
Rendered 122/3363, time remaining: 2m 14s
Rendered 123/3363, time remaining: 2m 13s
Rendered 124/3363, time remaining: 2m 13s
Rendered 125/3363, time remaining: 2m 12s
Rendered 126/3363, time remaining: 2m 13s
Rendered 127/3363, time remaining: 2m 13s
Rendered 128/3363, time remaining: 2m 12s
Rendered 129/3363, time remaining: 2m 11s
Rendered 130/3363, time remaining: 2m 13s
Rendered 131/3363, time remaining: 2m 13s
Rendered 132/3363, time remaining: 2m 12s
Rendered 133/3363, time remaining: 2m 11s
Rendered 134/3363, time remaining: 2m 11s
Rendered 135/3363, time remaining: 2m 10s
Rendered 136/3363, time remaining: 2m 10s
Rendered 137/3363, time remaining: 2m 9s
Rendered 138/3363, time remaining: 2m 11s
Rendered 139/3363, time remaining: 2m 11s
Rendered 140/3363, time remaining: 2m 10s
Rendered 141/3363, time remaining: 2m 10s
Rendered 142/3363, time remaining: 2m 10s
Rendered 143/3363, time remaining: 2m 9s
Rendered 144/3363, time remaining: 2m 8s
Rendered 145/3363, time remaining: 2m 8s
Rendered 146/3363, time remaining: 2m 10s
Rendered 147/3363, time remaining: 2m 9s
Rendered 148/3363, time remaining: 2m 9s
Rendered 149/3363, time remaining: 2m 10s
Rendered 150/3363, time remaining: 2m 9s
Rendered 151/3363, time remaining: 1m 52s
Rendered 152/3363, time remaining: 1m 51s
Rendered 153/3363, time remaining: 1m 51s
Rendered 154/3363, time remaining: 1m 53s
Rendered 155/3363, time remaining: 1m 53s
Rendered 156/3363, time remaining: 1m 51s
Rendered 157/3363, time remaining: 1m 54s
Rendered 158/3363, time remaining: 1m 54s
Rendered 159/3363, time remaining: 1m 51s
Rendered 160/3363, time remaining: 1m 51s
Rendered 161/3363, time remaining: 1m 52s
Rendered 162/3363, time remaining: 1m 52s
Rendered 163/3363, time remaining: 1m 51s
Rendered 164/3363, time remaining: 1m 53s
Rendered 165/3363, time remaining: 1m 54s
Rendered 166/3363, time remaining: 1m 54s
Rendered 167/3363, time remaining: 1m 51s
Rendered 168/3363, time remaining: 1m 51s
Rendered 169/3363, time remaining: 1m 51s
Rendered 170/3363, time remaining: 1m 50s
Rendered 171/3363, time remaining: 1m 52s
Rendered 172/3363, time remaining: 1m 52s
Rendered 173/3363, time remaining: 1m 54s
Rendered 174/3363, time remaining: 1m 53s
Rendered 175/3363, time remaining: 1m 50s
Rendered 176/3363, time remaining: 1m 50s
Rendered 177/3363, time remaining: 1m 49s
Rendered 178/3363, time remaining: 1m 51s
Rendered 179/3363, time remaining: 1m 53s
Rendered 180/3363, time remaining: 1m 53s
Rendered 181/3363, time remaining: 1m 54s
Rendered 182/3363, time remaining: 1m 54s
Rendered 183/3363, time remaining: 1m 51s
Rendered 184/3363, time remaining: 1m 49s
Rendered 185/3363, time remaining: 1m 50s
Rendered 186/3363, time remaining: 1m 51s
Rendered 187/3363, time remaining: 1m 51s
Rendered 188/3363, time remaining: 1m 52s
Rendered 189/3363, time remaining: 1m 52s
Rendered 190/3363, time remaining: 1m 50s
Rendered 191/3363, time remaining: 1m 49s
Rendered 192/3363, time remaining: 1m 51s
Rendered 193/3363, time remaining: 1m 51s
Rendered 194/3363, time remaining: 1m 51s
Rendered 195/3363, time remaining: 1m 52s
Rendered 196/3363, time remaining: 1m 52s
Rendered 197/3363, time remaining: 1m 51s
Rendered 198/3363, time remaining: 1m 49s
Rendered 199/3363, time remaining: 1m 49s
Rendered 200/3363, time remaining: 1m 49s
Rendered 201/3363, time remaining: 1m 49s
Rendered 202/3363, time remaining: 1m 52s
Rendered 203/3363, time remaining: 1m 51s
Rendered 204/3363, time remaining: 1m 52s
Rendered 205/3363, time remaining: 1m 51s
Rendered 206/3363, time remaining: 1m 50s
Rendered 207/3363, time remaining: 1m 50s
Rendered 208/3363, time remaining: 1m 49s
Rendered 209/3363, time remaining: 1m 49s
Rendered 210/3363, time remaining: 1m 49s
Rendered 211/3363, time remaining: 1m 50s
Rendered 212/3363, time remaining: 1m 48s
Rendered 213/3363, time remaining: 1m 50s
Rendered 214/3363, time remaining: 1m 49s
Rendered 215/3363, time remaining: 1m 49s
Rendered 216/3363, time remaining: 1m 49s
Rendered 217/3363, time remaining: 1m 49s
Rendered 218/3363, time remaining: 1m 49s
Rendered 219/3363, time remaining: 1m 49s
Rendered 220/3363, time remaining: 1m 49s
Rendered 221/3363, time remaining: 1m 49s
Rendered 222/3363, time remaining: 1m 51s
Rendered 223/3363, time remaining: 1m 50s
Rendered 224/3363, time remaining: 1m 47s
Rendered 225/3363, time remaining: 1m 49s
Rendered 226/3363, time remaining: 1m 49s
Rendered 227/3363, time remaining: 1m 49s
Rendered 228/3363, time remaining: 1m 50s
Rendered 229/3363, time remaining: 1m 50s
Rendered 230/3363, time remaining: 1m 49s
Rendered 231/3363, time remaining: 1m 50s
Rendered 232/3363, time remaining: 1m 48s
Rendered 233/3363, time remaining: 1m 47s
Rendered 234/3363, time remaining: 1m 49s
Rendered 235/3363, time remaining: 1m 49s
Rendered 236/3363, time remaining: 1m 50s
Rendered 237/3363, time remaining: 1m 48s
Rendered 238/3363, time remaining: 1m 48s
Rendered 239/3363, time remaining: 1m 49s
Rendered 240/3363, time remaining: 1m 48s
Rendered 241/3363, time remaining: 1m 46s
Rendered 242/3363, time remaining: 1m 49s
Rendered 243/3363, time remaining: 1m 48s
Rendered 244/3363, time remaining: 1m 48s
Rendered 245/3363, time remaining: 1m 49s
Rendered 246/3363, time remaining: 1m 48s
Rendered 247/3363, time remaining: 1m 51s
Rendered 248/3363, time remaining: 1m 48s
Rendered 249/3363, time remaining: 1m 48s
Rendered 250/3363, time remaining: 1m 48s
Rendered 251/3363, time remaining: 1m 48s
Rendered 252/3363, time remaining: 1m 48s
Rendered 253/3363, time remaining: 1m 48s
Rendered 254/3363, time remaining: 1m 49s
Rendered 255/3363, time remaining: 1m 51s
Rendered 256/3363, time remaining: 1m 47s
Rendered 257/3363, time remaining: 1m 48s
Rendered 258/3363, time remaining: 1m 47s
Rendered 259/3363, time remaining: 1m 47s
Rendered 260/3363, time remaining: 1m 47s
Rendered 261/3363, time remaining: 1m 47s
Rendered 262/3363, time remaining: 1m 47s
Rendered 263/3363, time remaining: 1m 51s
Rendered 264/3363, time remaining: 1m 48s
Rendered 265/3363, time remaining: 1m 48s
Rendered 266/3363, time remaining: 1m 47s
Rendered 267/3363, time remaining: 1m 47s
Rendered 268/3363, time remaining: 1m 48s
Rendered 269/3363, time remaining: 1m 47s
Rendered 270/3363, time remaining: 1m 48s
Rendered 271/3363, time remaining: 1m 51s
Rendered 272/3363, time remaining: 1m 50s
Rendered 273/3363, time remaining: 1m 50s
Rendered 274/3363, time remaining: 1m 49s
Rendered 275/3363, time remaining: 1m 49s
Rendered 276/3363, time remaining: 1m 48s
Rendered 277/3363, time remaining: 1m 47s
Rendered 278/3363, time remaining: 1m 47s
Rendered 279/3363, time remaining: 1m 51s
Rendered 280/3363, time remaining: 1m 49s
Rendered 281/3363, time remaining: 1m 49s
Rendered 282/3363, time remaining: 1m 49s
Rendered 283/3363, time remaining: 1m 49s
Rendered 284/3363, time remaining: 1m 48s
Rendered 285/3363, time remaining: 1m 50s
Rendered 286/3363, time remaining: 1m 49s
Rendered 287/3363, time remaining: 1m 51s
Rendered 288/3363, time remaining: 1m 49s
Rendered 289/3363, time remaining: 1m 49s
Rendered 290/3363, time remaining: 1m 49s
Rendered 291/3363, time remaining: 1m 48s
Rendered 292/3363, time remaining: 1m 48s
Rendered 293/3363, time remaining: 1m 50s
Rendered 294/3363, time remaining: 1m 50s
Rendered 295/3363, time remaining: 1m 51s
Rendered 296/3363, time remaining: 1m 49s
Rendered 297/3363, time remaining: 1m 49s
Rendered 298/3363, time remaining: 1m 49s
Rendered 299/3363, time remaining: 1m 47s
Rendered 300/3363, time remaining: 1m 47s
Rendered 301/3363, time remaining: 1m 49s
Rendered 302/3363, time remaining: 1m 49s
Rendered 303/3363, time remaining: 1m 50s
Rendered 304/3363, time remaining: 1m 49s
Rendered 305/3363, time remaining: 1m 49s
Rendered 306/3363, time remaining: 1m 49s
Rendered 307/3363, time remaining: 1m 47s
Rendered 308/3363, time remaining: 1m 47s
Rendered 309/3363, time remaining: 1m 47s
Rendered 310/3363, time remaining: 1m 49s
Rendered 311/3363, time remaining: 1m 49s
Rendered 312/3363, time remaining: 1m 49s
Rendered 313/3363, time remaining: 1m 49s
Rendered 314/3363, time remaining: 1m 46s
Rendered 315/3363, time remaining: 1m 46s
Rendered 316/3363, time remaining: 1m 46s
Rendered 317/3363, time remaining: 1m 46s
Rendered 318/3363, time remaining: 1m 48s
Rendered 319/3363, time remaining: 1m 48s
Rendered 320/3363, time remaining: 1m 50s
Rendered 321/3363, time remaining: 1m 48s
Rendered 322/3363, time remaining: 1m 49s
Rendered 323/3363, time remaining: 1m 47s
Rendered 324/3363, time remaining: 1m 47s
Rendered 325/3363, time remaining: 1m 46s
Rendered 326/3363, time remaining: 1m 47s
Rendered 327/3363, time remaining: 1m 49s
Rendered 328/3363, time remaining: 1m 49s
Rendered 329/3363, time remaining: 1m 47s
Rendered 330/3363, time remaining: 1m 47s
Rendered 331/3363, time remaining: 1m 46s
Rendered 332/3363, time remaining: 1m 45s
Rendered 333/3363, time remaining: 1m 46s
Rendered 334/3363, time remaining: 1m 46s
Rendered 335/3363, time remaining: 1m 45s
Rendered 336/3363, time remaining: 1m 43s
Rendered 337/3363, time remaining: 1m 43s
Rendered 338/3363, time remaining: 1m 43s
Rendered 339/3363, time remaining: 1m 43s
Rendered 340/3363, time remaining: 1m 43s
Rendered 341/3363, time remaining: 1m 43s
Rendered 342/3363, time remaining: 1m 41s
Rendered 343/3363, time remaining: 1m 40s
Rendered 344/3363, time remaining: 1m 41s
Rendered 345/3363, time remaining: 1m 40s
Rendered 346/3363, time remaining: 1m 38s
Rendered 347/3363, time remaining: 1m 39s
Rendered 348/3363, time remaining: 1m 39s
Rendered 349/3363, time remaining: 1m 39s
Rendered 350/3363, time remaining: 1m 37s
Rendered 351/3363, time remaining: 1m 38s
Rendered 352/3363, time remaining: 1m 39s
Rendered 353/3363, time remaining: 1m 40s
Rendered 354/3363, time remaining: 1m 39s
Rendered 355/3363, time remaining: 1m 39s
Rendered 356/3363, time remaining: 1m 38s
Rendered 357/3363, time remaining: 1m 38s
Rendered 358/3363, time remaining: 1m 38s
Rendered 359/3363, time remaining: 1m 38s
Rendered 360/3363, time remaining: 1m 39s
Rendered 361/3363, time remaining: 1m 38s
Rendered 362/3363, time remaining: 1m 39s
Rendered 363/3363, time remaining: 1m 39s
Rendered 364/3363, time remaining: 1m 39s
Rendered 365/3363, time remaining: 1m 38s
Rendered 366/3363, time remaining: 1m 38s
Rendered 367/3363, time remaining: 1m 38s
Rendered 368/3363, time remaining: 1m 38s
Rendered 369/3363, time remaining: 1m 38s
Rendered 370/3363, time remaining: 1m 36s
Rendered 371/3363, time remaining: 1m 39s
Rendered 372/3363, time remaining: 1m 38s
Rendered 373/3363, time remaining: 1m 39s
Rendered 374/3363, time remaining: 1m 39s
Rendered 375/3363, time remaining: 1m 37s
Rendered 376/3363, time remaining: 1m 37s
Rendered 377/3363, time remaining: 1m 37s
Rendered 378/3363, time remaining: 1m 36s
Rendered 379/3363, time remaining: 1m 39s
Rendered 380/3363, time remaining: 1m 38s
Rendered 381/3363, time remaining: 1m 39s
Rendered 382/3363, time remaining: 1m 39s
Rendered 383/3363, time remaining: 1m 39s
Rendered 384/3363, time remaining: 1m 38s
Rendered 385/3363, time remaining: 1m 38s
Rendered 386/3363, time remaining: 1m 37s
Rendered 387/3363, time remaining: 1m 37s
Rendered 388/3363, time remaining: 1m 39s
Rendered 389/3363, time remaining: 1m 40s
Rendered 390/3363, time remaining: 1m 39s
Rendered 391/3363, time remaining: 1m 40s
Rendered 392/3363, time remaining: 1m 37s
Rendered 393/3363, time remaining: 1m 38s
Rendered 394/3363, time remaining: 1m 38s
Rendered 395/3363, time remaining: 1m 37s
Rendered 396/3363, time remaining: 1m 38s
Rendered 397/3363, time remaining: 1m 38s
Rendered 398/3363, time remaining: 1m 38s
Rendered 399/3363, time remaining: 1m 38s
Rendered 400/3363, time remaining: 1m 37s
Rendered 401/3363, time remaining: 1m 38s
Rendered 402/3363, time remaining: 1m 38s
Rendered 403/3363, time remaining: 1m 39s
Rendered 404/3363, time remaining: 1m 38s
Rendered 405/3363, time remaining: 1m 37s
Rendered 406/3363, time remaining: 1m 37s
Rendered 407/3363, time remaining: 1m 36s
Rendered 408/3363, time remaining: 1m 37s
Rendered 409/3363, time remaining: 1m 37s
Rendered 410/3363, time remaining: 1m 37s
Rendered 411/3363, time remaining: 1m 39s
Rendered 412/3363, time remaining: 1m 39s
Rendered 413/3363, time remaining: 1m 36s
Rendered 414/3363, time remaining: 1m 36s
Rendered 415/3363, time remaining: 1m 36s
Rendered 416/3363, time remaining: 1m 38s
Rendered 417/3363, time remaining: 1m 37s
Rendered 418/3363, time remaining: 1m 37s
Rendered 419/3363, time remaining: 1m 37s
Rendered 420/3363, time remaining: 1m 36s
Rendered 421/3363, time remaining: 1m 34s
Rendered 422/3363, time remaining: 1m 33s
Rendered 423/3363, time remaining: 1m 36s
Rendered 424/3363, time remaining: 1m 36s
Rendered 425/3363, time remaining: 1m 36s
Rendered 426/3363, time remaining: 1m 36s
Rendered 427/3363, time remaining: 1m 37s
Rendered 428/3363, time remaining: 1m 36s
Rendered 429/3363, time remaining: 1m 33s
Rendered 430/3363, time remaining: 1m 32s
Rendered 431/3363, time remaining: 1m 36s
Rendered 432/3363, time remaining: 1m 36s
Rendered 433/3363, time remaining: 1m 36s
Rendered 434/3363, time remaining: 1m 36s
Rendered 435/3363, time remaining: 1m 35s
Rendered 436/3363, time remaining: 1m 35s
Rendered 437/3363, time remaining: 1m 33s
Rendered 438/3363, time remaining: 1m 33s
Rendered 439/3363, time remaining: 1m 36s
Rendered 440/3363, time remaining: 1m 35s
Rendered 441/3363, time remaining: 1m 36s
Rendered 442/3363, time remaining: 1m 36s
Rendered 443/3363, time remaining: 1m 34s
Rendered 444/3363, time remaining: 1m 34s
Rendered 445/3363, time remaining: 1m 33s
Rendered 446/3363, time remaining: 1m 33s
Rendered 447/3363, time remaining: 1m 36s
Rendered 448/3363, time remaining: 1m 36s
Rendered 449/3363, time remaining: 1m 36s
Rendered 450/3363, time remaining: 1m 36s
Rendered 451/3363, time remaining: 1m 33s
Rendered 452/3363, time remaining: 1m 33s
Rendered 453/3363, time remaining: 1m 32s
Rendered 454/3363, time remaining: 1m 33s
Rendered 455/3363, time remaining: 1m 35s
Rendered 456/3363, time remaining: 1m 35s
Rendered 457/3363, time remaining: 1m 35s
Rendered 458/3363, time remaining: 1m 37s
Rendered 459/3363, time remaining: 1m 35s
Rendered 460/3363, time remaining: 1m 34s
Rendered 461/3363, time remaining: 1m 35s
Rendered 462/3363, time remaining: 1m 34s
Rendered 463/3363, time remaining: 1m 36s
Rendered 464/3363, time remaining: 1m 36s
Rendered 465/3363, time remaining: 1m 36s
Rendered 466/3363, time remaining: 1m 36s
Rendered 467/3363, time remaining: 1m 36s
Rendered 468/3363, time remaining: 1m 34s
Rendered 469/3363, time remaining: 1m 35s
Rendered 470/3363, time remaining: 1m 34s
Rendered 471/3363, time remaining: 1m 34s
Rendered 472/3363, time remaining: 1m 34s
Rendered 473/3363, time remaining: 1m 34s
Rendered 474/3363, time remaining: 1m 34s
Rendered 475/3363, time remaining: 1m 36s
Rendered 476/3363, time remaining: 1m 34s
Rendered 477/3363, time remaining: 1m 35s
Rendered 478/3363, time remaining: 1m 33s
Rendered 479/3363, time remaining: 1m 34s
Rendered 480/3363, time remaining: 1m 34s
Rendered 481/3363, time remaining: 1m 34s
Rendered 482/3363, time remaining: 1m 34s
Rendered 483/3363, time remaining: 1m 35s
Rendered 484/3363, time remaining: 1m 35s
Rendered 485/3363, time remaining: 1m 37s
Rendered 486/3363, time remaining: 1m 36s
Rendered 487/3363, time remaining: 1m 36s
Rendered 488/3363, time remaining: 1m 37s
Rendered 489/3363, time remaining: 1m 37s
Rendered 490/3363, time remaining: 1m 37s
Rendered 491/3363, time remaining: 1m 37s
Rendered 492/3363, time remaining: 1m 39s
Rendered 493/3363, time remaining: 1m 40s
Rendered 494/3363, time remaining: 1m 40s
Rendered 495/3363, time remaining: 1m 40s
Rendered 496/3363, time remaining: 1m 40s
Rendered 497/3363, time remaining: 1m 39s
Rendered 498/3363, time remaining: 1m 39s
Rendered 499/3363, time remaining: 1m 39s
Rendered 500/3363, time remaining: 1m 41s
Rendered 501/3363, time remaining: 1m 40s
Rendered 502/3363, time remaining: 1m 39s
Rendered 503/3363, time remaining: 1m 40s
Rendered 504/3363, time remaining: 1m 40s
Rendered 505/3363, time remaining: 1m 39s
Rendered 506/3363, time remaining: 1m 39s
Rendered 507/3363, time remaining: 1m 39s
Rendered 508/3363, time remaining: 1m 41s
Rendered 509/3363, time remaining: 1m 40s
Rendered 510/3363, time remaining: 1m 41s
Rendered 511/3363, time remaining: 1m 41s
Rendered 512/3363, time remaining: 1m 41s
Rendered 513/3363, time remaining: 1m 39s
Rendered 514/3363, time remaining: 1m 39s
Rendered 515/3363, time remaining: 1m 39s
Rendered 516/3363, time remaining: 1m 39s
Rendered 517/3363, time remaining: 1m 40s
Rendered 518/3363, time remaining: 1m 40s
Rendered 519/3363, time remaining: 1m 42s
Rendered 520/3363, time remaining: 1m 42s
Rendered 521/3363, time remaining: 1m 39s
Rendered 522/3363, time remaining: 1m 39s
Rendered 523/3363, time remaining: 1m 38s
Rendered 524/3363, time remaining: 1m 38s
Rendered 525/3363, time remaining: 1m 40s
Rendered 526/3363, time remaining: 1m 39s
Rendered 527/3363, time remaining: 1m 42s
Rendered 528/3363, time remaining: 1m 42s
Rendered 529/3363, time remaining: 1m 39s
Rendered 530/3363, time remaining: 1m 40s
Rendered 531/3363, time remaining: 1m 38s
Rendered 532/3363, time remaining: 1m 38s
Rendered 533/3363, time remaining: 1m 38s
Rendered 534/3363, time remaining: 1m 39s
Rendered 535/3363, time remaining: 1m 41s
Rendered 536/3363, time remaining: 1m 40s
Rendered 537/3363, time remaining: 1m 42s
Rendered 538/3363, time remaining: 1m 39s
Rendered 539/3363, time remaining: 1m 38s
Rendered 540/3363, time remaining: 1m 37s
Rendered 541/3363, time remaining: 1m 37s
Rendered 542/3363, time remaining: 1m 39s
Rendered 543/3363, time remaining: 1m 39s
Rendered 544/3363, time remaining: 1m 40s
Rendered 545/3363, time remaining: 1m 40s
Rendered 546/3363, time remaining: 1m 40s
Rendered 547/3363, time remaining: 1m 37s
Rendered 548/3363, time remaining: 1m 37s
Rendered 549/3363, time remaining: 1m 37s
Rendered 550/3363, time remaining: 1m 40s
Rendered 551/3363, time remaining: 1m 40s
Rendered 552/3363, time remaining: 1m 39s
Rendered 553/3363, time remaining: 1m 38s
Rendered 554/3363, time remaining: 1m 38s
Rendered 555/3363, time remaining: 1m 37s
Rendered 556/3363, time remaining: 1m 37s
Rendered 557/3363, time remaining: 1m 39s
Rendered 558/3363, time remaining: 1m 40s
Rendered 559/3363, time remaining: 1m 40s
Rendered 560/3363, time remaining: 1m 40s
Rendered 561/3363, time remaining: 1m 38s
Rendered 562/3363, time remaining: 1m 39s
Rendered 563/3363, time remaining: 1m 38s
Rendered 564/3363, time remaining: 1m 38s
Rendered 565/3363, time remaining: 1m 37s
Rendered 566/3363, time remaining: 1m 39s
Rendered 567/3363, time remaining: 1m 39s
Rendered 568/3363, time remaining: 1m 39s
Rendered 569/3363, time remaining: 1m 40s
Rendered 570/3363, time remaining: 1m 40s
Rendered 571/3363, time remaining: 1m 38s
Rendered 572/3363, time remaining: 1m 39s
Rendered 573/3363, time remaining: 1m 36s
Rendered 574/3363, time remaining: 1m 39s
Rendered 575/3363, time remaining: 1m 39s
Rendered 576/3363, time remaining: 1m 39s
Rendered 577/3363, time remaining: 1m 38s
Rendered 578/3363, time remaining: 1m 38s
Rendered 579/3363, time remaining: 1m 39s
Rendered 580/3363, time remaining: 1m 39s
Rendered 581/3363, time remaining: 1m 38s
Rendered 582/3363, time remaining: 1m 38s
Rendered 583/3363, time remaining: 1m 38s
Rendered 584/3363, time remaining: 1m 38s
Rendered 585/3363, time remaining: 1m 37s
Rendered 586/3363, time remaining: 1m 37s
Rendered 587/3363, time remaining: 1m 38s
Rendered 588/3363, time remaining: 1m 39s
Rendered 589/3363, time remaining: 1m 37s
Rendered 590/3363, time remaining: 1m 37s
Rendered 591/3363, time remaining: 1m 37s
Rendered 592/3363, time remaining: 1m 37s
Rendered 593/3363, time remaining: 1m 38s
Rendered 594/3363, time remaining: 1m 37s
Rendered 595/3363, time remaining: 1m 38s
Rendered 596/3363, time remaining: 1m 37s
Rendered 597/3363, time remaining: 1m 36s
Rendered 598/3363, time remaining: 1m 36s
Rendered 599/3363, time remaining: 1m 37s
Rendered 600/3363, time remaining: 1m 36s
Rendered 601/3363, time remaining: 1m 36s
Rendered 602/3363, time remaining: 1m 37s
Rendered 603/3363, time remaining: 1m 38s
Rendered 604/3363, time remaining: 1m 38s
Rendered 605/3363, time remaining: 1m 36s
Rendered 606/3363, time remaining: 1m 37s
Rendered 607/3363, time remaining: 1m 37s
Rendered 608/3363, time remaining: 1m 35s
Rendered 609/3363, time remaining: 1m 35s
Rendered 610/3363, time remaining: 1m 36s
Rendered 611/3363, time remaining: 1m 35s
Rendered 612/3363, time remaining: 1m 35s
Rendered 613/3363, time remaining: 1m 36s
Rendered 614/3363, time remaining: 1m 37s
Rendered 615/3363, time remaining: 1m 36s
Rendered 616/3363, time remaining: 1m 36s
Rendered 617/3363, time remaining: 1m 36s
Rendered 618/3363, time remaining: 1m 36s
Rendered 619/3363, time remaining: 1m 34s
Rendered 620/3363, time remaining: 1m 34s
Rendered 621/3363, time remaining: 1m 35s
Rendered 622/3363, time remaining: 1m 38s
Rendered 623/3363, time remaining: 1m 38s
Rendered 624/3363, time remaining: 1m 38s
Rendered 625/3363, time remaining: 1m 36s
Rendered 626/3363, time remaining: 1m 36s
Rendered 627/3363, time remaining: 1m 34s
Rendered 628/3363, time remaining: 1m 34s
Rendered 629/3363, time remaining: 1m 34s
Rendered 630/3363, time remaining: 1m 38s
Rendered 631/3363, time remaining: 1m 39s
Rendered 632/3363, time remaining: 1m 38s
Rendered 633/3363, time remaining: 1m 37s
Rendered 634/3363, time remaining: 1m 37s
Rendered 635/3363, time remaining: 1m 36s
Rendered 636/3363, time remaining: 1m 36s
Rendered 637/3363, time remaining: 1m 36s
Rendered 638/3363, time remaining: 1m 38s
Rendered 639/3363, time remaining: 1m 38s
Rendered 640/3363, time remaining: 1m 39s
Rendered 641/3363, time remaining: 1m 40s
Rendered 642/3363, time remaining: 1m 37s
Rendered 643/3363, time remaining: 1m 37s
Rendered 644/3363, time remaining: 1m 36s
Rendered 645/3363, time remaining: 1m 36s
Rendered 646/3363, time remaining: 1m 38s
Rendered 647/3363, time remaining: 1m 39s
Rendered 648/3363, time remaining: 1m 39s
Rendered 649/3363, time remaining: 1m 40s
Rendered 650/3363, time remaining: 1m 39s
Rendered 651/3363, time remaining: 1m 38s
Rendered 652/3363, time remaining: 1m 37s
Rendered 653/3363, time remaining: 1m 35s
Rendered 654/3363, time remaining: 1m 36s
Rendered 655/3363, time remaining: 1m 36s
Rendered 656/3363, time remaining: 1m 36s
Rendered 657/3363, time remaining: 1m 40s
Rendered 658/3363, time remaining: 1m 38s
Rendered 659/3363, time remaining: 1m 39s
Rendered 660/3363, time remaining: 1m 37s
Rendered 661/3363, time remaining: 1m 37s
Rendered 662/3363, time remaining: 1m 35s
Rendered 663/3363, time remaining: 1m 35s
Rendered 664/3363, time remaining: 1m 36s
Rendered 665/3363, time remaining: 1m 39s
Rendered 666/3363, time remaining: 1m 39s
Rendered 667/3363, time remaining: 1m 39s
Rendered 668/3363, time remaining: 1m 39s
Rendered 669/3363, time remaining: 1m 37s
Rendered 670/3363, time remaining: 1m 37s
Rendered 671/3363, time remaining: 1m 37s
Rendered 672/3363, time remaining: 1m 38s
Rendered 673/3363, time remaining: 1m 38s
Rendered 674/3363, time remaining: 1m 38s
Rendered 675/3363, time remaining: 1m 39s
Rendered 676/3363, time remaining: 1m 39s
Rendered 677/3363, time remaining: 1m 37s
Rendered 678/3363, time remaining: 1m 37s
Rendered 679/3363, time remaining: 1m 37s
Rendered 680/3363, time remaining: 1m 36s
Rendered 681/3363, time remaining: 1m 36s
Rendered 682/3363, time remaining: 1m 37s
Rendered 683/3363, time remaining: 1m 37s
Rendered 684/3363, time remaining: 1m 37s
Rendered 685/3363, time remaining: 1m 36s
Rendered 686/3363, time remaining: 1m 36s
Rendered 687/3363, time remaining: 1m 36s
Rendered 688/3363, time remaining: 1m 36s
Rendered 689/3363, time remaining: 1m 36s
Rendered 690/3363, time remaining: 1m 36s
Rendered 691/3363, time remaining: 1m 38s
Rendered 692/3363, time remaining: 1m 38s
Rendered 693/3363, time remaining: 1m 37s
Rendered 694/3363, time remaining: 1m 35s
Rendered 695/3363, time remaining: 1m 35s
Rendered 696/3363, time remaining: 1m 36s
Rendered 697/3363, time remaining: 1m 37s
Rendered 698/3363, time remaining: 1m 37s
Rendered 699/3363, time remaining: 1m 38s
Rendered 700/3363, time remaining: 1m 36s
Rendered 701/3363, time remaining: 1m 36s
Rendered 702/3363, time remaining: 1m 35s
Rendered 703/3363, time remaining: 1m 35s
Rendered 704/3363, time remaining: 1m 35s
Rendered 705/3363, time remaining: 1m 37s
Rendered 706/3363, time remaining: 1m 36s
Rendered 707/3363, time remaining: 1m 37s
Rendered 708/3363, time remaining: 1m 35s
Rendered 709/3363, time remaining: 1m 35s
Rendered 710/3363, time remaining: 1m 35s
Rendered 711/3363, time remaining: 1m 35s
Rendered 712/3363, time remaining: 1m 35s
Rendered 713/3363, time remaining: 1m 36s
Rendered 714/3363, time remaining: 1m 36s
Rendered 715/3363, time remaining: 1m 37s
Rendered 716/3363, time remaining: 1m 34s
Rendered 717/3363, time remaining: 1m 34s
Rendered 718/3363, time remaining: 1m 34s
Rendered 719/3363, time remaining: 1m 34s
Rendered 720/3363, time remaining: 1m 34s
Rendered 721/3363, time remaining: 1m 36s
Rendered 722/3363, time remaining: 1m 36s
Rendered 723/3363, time remaining: 1m 36s
Rendered 724/3363, time remaining: 1m 35s
Rendered 725/3363, time remaining: 1m 35s
Rendered 726/3363, time remaining: 1m 35s
Rendered 727/3363, time remaining: 1m 34s
Rendered 728/3363, time remaining: 1m 34s
Rendered 729/3363, time remaining: 1m 34s
Rendered 730/3363, time remaining: 1m 34s
Rendered 731/3363, time remaining: 1m 33s
Rendered 732/3363, time remaining: 1m 35s
Rendered 733/3363, time remaining: 1m 35s
Rendered 734/3363, time remaining: 1m 35s
Rendered 735/3363, time remaining: 1m 36s
Rendered 736/3363, time remaining: 1m 35s
Rendered 737/3363, time remaining: 1m 35s
Rendered 738/3363, time remaining: 1m 34s
Rendered 739/3363, time remaining: 1m 32s
Rendered 740/3363, time remaining: 1m 33s
Rendered 741/3363, time remaining: 1m 33s
Rendered 742/3363, time remaining: 1m 36s
Rendered 743/3363, time remaining: 1m 35s
Rendered 744/3363, time remaining: 1m 35s
Rendered 745/3363, time remaining: 1m 34s
Rendered 746/3363, time remaining: 1m 34s
Rendered 747/3363, time remaining: 1m 33s
Rendered 748/3363, time remaining: 1m 35s
Rendered 749/3363, time remaining: 1m 35s
Rendered 750/3363, time remaining: 1m 35s
Rendered 751/3363, time remaining: 1m 35s
Rendered 752/3363, time remaining: 1m 35s
Rendered 753/3363, time remaining: 1m 34s
Rendered 754/3363, time remaining: 1m 33s
Rendered 755/3363, time remaining: 1m 33s
Rendered 756/3363, time remaining: 1m 35s
Rendered 757/3363, time remaining: 1m 35s
Rendered 758/3363, time remaining: 1m 34s
Rendered 759/3363, time remaining: 1m 35s
Rendered 760/3363, time remaining: 1m 34s
Rendered 761/3363, time remaining: 1m 36s
Rendered 762/3363, time remaining: 1m 37s
Rendered 763/3363, time remaining: 1m 34s
Rendered 764/3363, time remaining: 1m 33s
Rendered 765/3363, time remaining: 1m 33s
Rendered 766/3363, time remaining: 1m 33s
Rendered 767/3363, time remaining: 1m 33s
Rendered 768/3363, time remaining: 1m 33s
Rendered 769/3363, time remaining: 1m 36s
Rendered 770/3363, time remaining: 1m 36s
Rendered 771/3363, time remaining: 1m 35s
Rendered 772/3363, time remaining: 1m 32s
Rendered 773/3363, time remaining: 1m 32s
Rendered 774/3363, time remaining: 1m 32s
Rendered 775/3363, time remaining: 1m 33s
Rendered 776/3363, time remaining: 1m 33s
Rendered 777/3363, time remaining: 1m 34s
Rendered 778/3363, time remaining: 1m 35s
Rendered 779/3363, time remaining: 1m 35s
Rendered 780/3363, time remaining: 1m 31s
Rendered 781/3363, time remaining: 1m 31s
Rendered 782/3363, time remaining: 1m 32s
Rendered 783/3363, time remaining: 1m 32s
Rendered 784/3363, time remaining: 1m 31s
Rendered 785/3363, time remaining: 1m 32s
Rendered 786/3363, time remaining: 1m 34s
Rendered 787/3363, time remaining: 1m 34s
Rendered 788/3363, time remaining: 1m 30s
Rendered 789/3363, time remaining: 1m 30s
Rendered 790/3363, time remaining: 1m 31s
Rendered 791/3363, time remaining: 1m 30s
Rendered 792/3363, time remaining: 1m 30s
Rendered 793/3363, time remaining: 1m 30s
Rendered 794/3363, time remaining: 1m 33s
Rendered 795/3363, time remaining: 1m 32s
Rendered 796/3363, time remaining: 1m 30s
Rendered 797/3363, time remaining: 1m 30s
Rendered 798/3363, time remaining: 1m 30s
Rendered 799/3363, time remaining: 1m 29s
Rendered 800/3363, time remaining: 1m 29s
Rendered 801/3363, time remaining: 1m 30s
Rendered 802/3363, time remaining: 1m 30s
Rendered 803/3363, time remaining: 1m 32s
Rendered 804/3363, time remaining: 1m 31s
Rendered 805/3363, time remaining: 1m 32s
Rendered 806/3363, time remaining: 1m 32s
Rendered 807/3363, time remaining: 1m 28s
Rendered 808/3363, time remaining: 1m 28s
Rendered 809/3363, time remaining: 1m 29s
Rendered 810/3363, time remaining: 1m 30s
Rendered 811/3363, time remaining: 1m 30s
Rendered 812/3363, time remaining: 1m 31s
Rendered 813/3363, time remaining: 1m 31s
Rendered 814/3363, time remaining: 1m 31s
Rendered 815/3363, time remaining: 1m 29s
Rendered 816/3363, time remaining: 1m 29s
Rendered 817/3363, time remaining: 1m 28s
Rendered 818/3363, time remaining: 1m 29s
Rendered 819/3363, time remaining: 1m 29s
Rendered 820/3363, time remaining: 1m 29s
Rendered 821/3363, time remaining: 1m 30s
Rendered 822/3363, time remaining: 1m 28s
Rendered 823/3363, time remaining: 1m 29s
Rendered 824/3363, time remaining: 1m 29s
Rendered 825/3363, time remaining: 1m 28s
Rendered 826/3363, time remaining: 1m 29s
Rendered 827/3363, time remaining: 1m 29s
Rendered 828/3363, time remaining: 1m 28s
Rendered 829/3363, time remaining: 1m 29s
Rendered 830/3363, time remaining: 1m 29s
Rendered 831/3363, time remaining: 1m 29s
Rendered 832/3363, time remaining: 1m 28s
Rendered 833/3363, time remaining: 1m 30s
Rendered 834/3363, time remaining: 1m 28s
Rendered 835/3363, time remaining: 1m 28s
Rendered 836/3363, time remaining: 1m 28s
Rendered 837/3363, time remaining: 1m 28s
Rendered 838/3363, time remaining: 1m 28s
Rendered 839/3363, time remaining: 1m 28s
Rendered 840/3363, time remaining: 1m 28s
Rendered 841/3363, time remaining: 1m 29s
Rendered 842/3363, time remaining: 1m 28s
Rendered 843/3363, time remaining: 1m 28s
Rendered 844/3363, time remaining: 1m 28s
Rendered 845/3363, time remaining: 1m 28s
Rendered 846/3363, time remaining: 1m 28s
Rendered 847/3363, time remaining: 1m 27s
Rendered 848/3363, time remaining: 1m 29s
Rendered 849/3363, time remaining: 1m 29s
Rendered 850/3363, time remaining: 1m 28s
Rendered 851/3363, time remaining: 1m 28s
Rendered 852/3363, time remaining: 1m 28s
Rendered 853/3363, time remaining: 1m 28s
Rendered 854/3363, time remaining: 1m 28s
Rendered 855/3363, time remaining: 1m 27s
Rendered 856/3363, time remaining: 1m 28s
Rendered 857/3363, time remaining: 1m 27s
Rendered 858/3363, time remaining: 1m 28s
Rendered 859/3363, time remaining: 1m 28s
Rendered 860/3363, time remaining: 1m 28s
Rendered 861/3363, time remaining: 1m 28s
Rendered 862/3363, time remaining: 1m 28s
Rendered 863/3363, time remaining: 1m 26s
Rendered 864/3363, time remaining: 1m 28s
Rendered 865/3363, time remaining: 1m 27s
Rendered 866/3363, time remaining: 1m 29s
Rendered 867/3363, time remaining: 1m 29s
Rendered 868/3363, time remaining: 1m 28s
Rendered 869/3363, time remaining: 1m 28s
Rendered 870/3363, time remaining: 1m 28s
Rendered 871/3363, time remaining: 1m 27s
Rendered 872/3363, time remaining: 1m 26s
Rendered 873/3363, time remaining: 1m 26s
Rendered 874/3363, time remaining: 1m 27s
Rendered 875/3363, time remaining: 1m 27s
Rendered 876/3363, time remaining: 1m 28s
Rendered 877/3363, time remaining: 1m 28s
Rendered 878/3363, time remaining: 1m 28s
Rendered 879/3363, time remaining: 1m 28s
Rendered 880/3363, time remaining: 1m 27s
Rendered 881/3363, time remaining: 1m 27s
Rendered 882/3363, time remaining: 1m 28s
Rendered 883/3363, time remaining: 1m 27s
Rendered 884/3363, time remaining: 1m 27s
Rendered 885/3363, time remaining: 1m 27s
Rendered 886/3363, time remaining: 1m 27s
Rendered 887/3363, time remaining: 1m 27s
Rendered 888/3363, time remaining: 1m 27s
Rendered 889/3363, time remaining: 1m 28s
Rendered 890/3363, time remaining: 1m 28s
Rendered 891/3363, time remaining: 1m 28s
Rendered 892/3363, time remaining: 1m 25s
Rendered 893/3363, time remaining: 1m 26s
Rendered 894/3363, time remaining: 1m 26s
Rendered 895/3363, time remaining: 1m 26s
Rendered 896/3363, time remaining: 1m 26s
Rendered 897/3363, time remaining: 1m 26s
Rendered 898/3363, time remaining: 1m 26s
Rendered 899/3363, time remaining: 1m 26s
Rendered 900/3363, time remaining: 1m 27s
Rendered 901/3363, time remaining: 1m 26s
Rendered 902/3363, time remaining: 1m 25s
Rendered 903/3363, time remaining: 1m 26s
Rendered 904/3363, time remaining: 1m 26s
Rendered 905/3363, time remaining: 1m 26s
Rendered 906/3363, time remaining: 1m 26s
Rendered 907/3363, time remaining: 1m 26s
Rendered 908/3363, time remaining: 1m 26s
Rendered 909/3363, time remaining: 1m 26s
Rendered 910/3363, time remaining: 1m 27s
Rendered 911/3363, time remaining: 1m 25s
Rendered 912/3363, time remaining: 1m 24s
Rendered 913/3363, time remaining: 1m 26s
Rendered 914/3363, time remaining: 1m 28s
Rendered 915/3363, time remaining: 1m 28s
Rendered 916/3363, time remaining: 1m 27s
Rendered 917/3363, time remaining: 1m 27s
Rendered 918/3363, time remaining: 1m 28s
Rendered 919/3363, time remaining: 1m 25s
Rendered 920/3363, time remaining: 1m 25s
Rendered 921/3363, time remaining: 1m 26s
Rendered 922/3363, time remaining: 1m 26s
Rendered 923/3363, time remaining: 1m 26s
Rendered 924/3363, time remaining: 1m 27s
Rendered 925/3363, time remaining: 1m 25s
Rendered 926/3363, time remaining: 1m 25s
Rendered 927/3363, time remaining: 1m 24s
Rendered 928/3363, time remaining: 1m 26s
Rendered 929/3363, time remaining: 1m 26s
Rendered 930/3363, time remaining: 1m 26s
Rendered 931/3363, time remaining: 1m 26s
Rendered 932/3363, time remaining: 1m 25s
Rendered 933/3363, time remaining: 1m 25s
Rendered 934/3363, time remaining: 1m 25s
Rendered 935/3363, time remaining: 1m 24s
Rendered 936/3363, time remaining: 1m 25s
Rendered 937/3363, time remaining: 1m 25s
Rendered 938/3363, time remaining: 1m 25s
Rendered 939/3363, time remaining: 1m 25s
Rendered 940/3363, time remaining: 1m 25s
Rendered 941/3363, time remaining: 1m 26s
Rendered 942/3363, time remaining: 1m 26s
Rendered 943/3363, time remaining: 1m 26s
Rendered 944/3363, time remaining: 1m 24s
Rendered 945/3363, time remaining: 1m 24s
Rendered 946/3363, time remaining: 1m 24s
Rendered 947/3363, time remaining: 1m 23s
Rendered 948/3363, time remaining: 1m 26s
Rendered 949/3363, time remaining: 1m 26s
Rendered 950/3363, time remaining: 1m 26s
Rendered 951/3363, time remaining: 1m 25s
Rendered 952/3363, time remaining: 1m 25s
Rendered 953/3363, time remaining: 1m 24s
Rendered 954/3363, time remaining: 1m 24s
Rendered 955/3363, time remaining: 1m 23s
Rendered 956/3363, time remaining: 1m 26s
Rendered 957/3363, time remaining: 1m 26s
Rendered 958/3363, time remaining: 1m 26s
Rendered 959/3363, time remaining: 1m 25s
Rendered 960/3363, time remaining: 1m 24s
Rendered 961/3363, time remaining: 1m 24s
Rendered 962/3363, time remaining: 1m 24s
Rendered 963/3363, time remaining: 1m 23s
Rendered 964/3363, time remaining: 1m 25s
Rendered 965/3363, time remaining: 1m 25s
Rendered 966/3363, time remaining: 1m 25s
Rendered 967/3363, time remaining: 1m 25s
Rendered 968/3363, time remaining: 1m 25s
Rendered 969/3363, time remaining: 1m 25s
Rendered 970/3363, time remaining: 1m 25s
Rendered 971/3363, time remaining: 1m 24s
Rendered 972/3363, time remaining: 1m 24s
Rendered 973/3363, time remaining: 1m 24s
Rendered 974/3363, time remaining: 1m 23s
Rendered 975/3363, time remaining: 1m 23s
Rendered 976/3363, time remaining: 1m 24s
Rendered 977/3363, time remaining: 1m 24s
Rendered 978/3363, time remaining: 1m 24s
Rendered 979/3363, time remaining: 1m 24s
Rendered 980/3363, time remaining: 1m 24s
Rendered 981/3363, time remaining: 1m 24s
Rendered 982/3363, time remaining: 1m 24s
Rendered 983/3363, time remaining: 1m 22s
Rendered 984/3363, time remaining: 1m 25s
Rendered 985/3363, time remaining: 1m 24s
Rendered 986/3363, time remaining: 1m 24s
Rendered 987/3363, time remaining: 1m 24s
Rendered 988/3363, time remaining: 1m 25s
Rendered 989/3363, time remaining: 1m 25s
Rendered 990/3363, time remaining: 1m 24s
Rendered 991/3363, time remaining: 1m 22s
Rendered 992/3363, time remaining: 1m 23s
Rendered 993/3363, time remaining: 1m 23s
Rendered 994/3363, time remaining: 1m 23s
Rendered 995/3363, time remaining: 1m 24s
Rendered 996/3363, time remaining: 1m 24s
Rendered 997/3363, time remaining: 1m 25s
Rendered 998/3363, time remaining: 1m 23s
Rendered 999/3363, time remaining: 1m 22s
Rendered 1000/3363, time remaining: 1m 22s
Rendered 1001/3363, time remaining: 1m 22s
Rendered 1002/3363, time remaining: 1m 22s
Rendered 1003/3363, time remaining: 1m 24s
Rendered 1004/3363, time remaining: 1m 24s
Rendered 1005/3363, time remaining: 1m 24s
Rendered 1006/3363, time remaining: 1m 24s
Rendered 1007/3363, time remaining: 1m 23s
Rendered 1008/3363, time remaining: 1m 21s
Rendered 1009/3363, time remaining: 1m 21s
Rendered 1010/3363, time remaining: 1m 22s
Rendered 1011/3363, time remaining: 1m 23s
Rendered 1012/3363, time remaining: 1m 24s
Rendered 1013/3363, time remaining: 1m 24s
Rendered 1014/3363, time remaining: 1m 22s
Rendered 1015/3363, time remaining: 1m 22s
Rendered 1016/3363, time remaining: 1m 21s
Rendered 1017/3363, time remaining: 1m 21s
Rendered 1018/3363, time remaining: 1m 23s
Rendered 1019/3363, time remaining: 1m 23s
Rendered 1020/3363, time remaining: 1m 23s
Rendered 1021/3363, time remaining: 1m 23s
Rendered 1022/3363, time remaining: 1m 23s
Rendered 1023/3363, time remaining: 1m 23s
Rendered 1024/3363, time remaining: 1m 21s
Rendered 1025/3363, time remaining: 1m 21s
Rendered 1026/3363, time remaining: 1m 22s
Rendered 1027/3363, time remaining: 1m 22s
Rendered 1028/3363, time remaining: 1m 22s
Rendered 1029/3363, time remaining: 1m 23s
Rendered 1030/3363, time remaining: 1m 22s
Rendered 1031/3363, time remaining: 1m 22s
Rendered 1032/3363, time remaining: 1m 20s
Rendered 1033/3363, time remaining: 1m 21s
Rendered 1034/3363, time remaining: 1m 22s
Rendered 1035/3363, time remaining: 1m 22s
Rendered 1036/3363, time remaining: 1m 22s
Rendered 1037/3363, time remaining: 1m 23s
Rendered 1038/3363, time remaining: 1m 22s
Rendered 1039/3363, time remaining: 1m 21s
Rendered 1040/3363, time remaining: 1m 20s
Rendered 1041/3363, time remaining: 1m 20s
Rendered 1042/3363, time remaining: 1m 22s
Rendered 1043/3363, time remaining: 1m 21s
Rendered 1044/3363, time remaining: 1m 21s
Rendered 1045/3363, time remaining: 1m 22s
Rendered 1046/3363, time remaining: 1m 22s
Rendered 1047/3363, time remaining: 1m 22s
Rendered 1048/3363, time remaining: 1m 20s
Rendered 1049/3363, time remaining: 1m 20s
Rendered 1050/3363, time remaining: 1m 20s
Rendered 1051/3363, time remaining: 1m 20s
Rendered 1052/3363, time remaining: 1m 20s
Rendered 1053/3363, time remaining: 1m 21s
Rendered 1054/3363, time remaining: 1m 21s
Rendered 1055/3363, time remaining: 1m 21s
Rendered 1056/3363, time remaining: 1m 20s
Rendered 1057/3363, time remaining: 1m 20s
Rendered 1058/3363, time remaining: 1m 20s
Rendered 1059/3363, time remaining: 1m 20s
Rendered 1060/3363, time remaining: 1m 20s
Rendered 1061/3363, time remaining: 1m 20s
Rendered 1062/3363, time remaining: 1m 20s
Rendered 1063/3363, time remaining: 1m 19s
Rendered 1064/3363, time remaining: 1m 19s
Rendered 1065/3363, time remaining: 1m 19s
Rendered 1066/3363, time remaining: 1m 19s
Rendered 1067/3363, time remaining: 1m 19s
Rendered 1068/3363, time remaining: 1m 19s
Rendered 1069/3363, time remaining: 1m 19s
Rendered 1070/3363, time remaining: 1m 19s
Rendered 1071/3363, time remaining: 1m 18s
Rendered 1072/3363, time remaining: 1m 20s
Rendered 1073/3363, time remaining: 1m 20s
Rendered 1074/3363, time remaining: 1m 19s
Rendered 1075/3363, time remaining: 1m 20s
Rendered 1076/3363, time remaining: 1m 20s
Rendered 1077/3363, time remaining: 1m 20s
Rendered 1078/3363, time remaining: 1m 18s
Rendered 1079/3363, time remaining: 1m 19s
Rendered 1080/3363, time remaining: 1m 18s
Rendered 1081/3363, time remaining: 1m 19s
Rendered 1082/3363, time remaining: 1m 19s
Rendered 1083/3363, time remaining: 1m 19s
Rendered 1084/3363, time remaining: 1m 19s
Rendered 1085/3363, time remaining: 1m 20s
Rendered 1086/3363, time remaining: 1m 18s
Rendered 1087/3363, time remaining: 1m 19s
Rendered 1088/3363, time remaining: 1m 19s
Rendered 1089/3363, time remaining: 1m 19s
Rendered 1090/3363, time remaining: 1m 18s
Rendered 1091/3363, time remaining: 1m 18s
Rendered 1092/3363, time remaining: 1m 18s
Rendered 1093/3363, time remaining: 1m 19s
Rendered 1094/3363, time remaining: 1m 18s
Rendered 1095/3363, time remaining: 1m 19s
Rendered 1096/3363, time remaining: 1m 20s
Rendered 1097/3363, time remaining: 1m 20s
Rendered 1098/3363, time remaining: 1m 17s
Rendered 1099/3363, time remaining: 1m 17s
Rendered 1100/3363, time remaining: 1m 17s
Rendered 1101/3363, time remaining: 1m 17s
Rendered 1102/3363, time remaining: 1m 17s
Rendered 1103/3363, time remaining: 1m 18s
Rendered 1104/3363, time remaining: 1m 19s
Rendered 1105/3363, time remaining: 1m 20s
Rendered 1106/3363, time remaining: 1m 17s
Rendered 1107/3363, time remaining: 1m 17s
Rendered 1108/3363, time remaining: 1m 17s
Rendered 1109/3363, time remaining: 1m 17s
Rendered 1110/3363, time remaining: 1m 17s
Rendered 1111/3363, time remaining: 1m 18s
Rendered 1112/3363, time remaining: 1m 18s
Rendered 1113/3363, time remaining: 1m 18s
Rendered 1114/3363, time remaining: 1m 17s
Rendered 1115/3363, time remaining: 1m 17s
Rendered 1116/3363, time remaining: 1m 17s
Rendered 1117/3363, time remaining: 1m 17s
Rendered 1118/3363, time remaining: 1m 16s
Rendered 1119/3363, time remaining: 1m 16s
Rendered 1120/3363, time remaining: 1m 18s
Rendered 1121/3363, time remaining: 1m 18s
Rendered 1122/3363, time remaining: 1m 18s
Rendered 1123/3363, time remaining: 1m 18s
Rendered 1124/3363, time remaining: 1m 18s
Rendered 1125/3363, time remaining: 1m 17s
Rendered 1126/3363, time remaining: 1m 15s
Rendered 1127/3363, time remaining: 1m 15s
Rendered 1128/3363, time remaining: 1m 16s
Rendered 1129/3363, time remaining: 1m 18s
Rendered 1130/3363, time remaining: 1m 18s
Rendered 1131/3363, time remaining: 1m 18s
Rendered 1132/3363, time remaining: 1m 18s
Rendered 1133/3363, time remaining: 1m 18s
Rendered 1134/3363, time remaining: 1m 15s
Rendered 1135/3363, time remaining: 1m 15s
Rendered 1136/3363, time remaining: 1m 15s
Rendered 1137/3363, time remaining: 1m 17s
Rendered 1138/3363, time remaining: 1m 17s
Rendered 1139/3363, time remaining: 1m 18s
Rendered 1140/3363, time remaining: 1m 17s
Rendered 1141/3363, time remaining: 1m 17s
Rendered 1142/3363, time remaining: 1m 16s
Rendered 1143/3363, time remaining: 1m 16s
Rendered 1144/3363, time remaining: 1m 16s
Rendered 1145/3363, time remaining: 1m 17s
Rendered 1146/3363, time remaining: 1m 17s
Rendered 1147/3363, time remaining: 1m 16s
Rendered 1148/3363, time remaining: 1m 16s
Rendered 1149/3363, time remaining: 1m 16s
Rendered 1150/3363, time remaining: 1m 15s
Rendered 1151/3363, time remaining: 1m 16s
Rendered 1152/3363, time remaining: 1m 16s
Rendered 1153/3363, time remaining: 1m 16s
Rendered 1154/3363, time remaining: 1m 17s
Rendered 1155/3363, time remaining: 1m 17s
Rendered 1156/3363, time remaining: 1m 17s
Rendered 1157/3363, time remaining: 1m 17s
Rendered 1158/3363, time remaining: 1m 17s
Rendered 1159/3363, time remaining: 1m 17s
Rendered 1160/3363, time remaining: 1m 15s
Rendered 1161/3363, time remaining: 1m 15s
Rendered 1162/3363, time remaining: 1m 16s
Rendered 1163/3363, time remaining: 1m 16s
Rendered 1164/3363, time remaining: 1m 16s
Rendered 1165/3363, time remaining: 1m 16s
Rendered 1166/3363, time remaining: 1m 16s
Rendered 1167/3363, time remaining: 1m 16s
Rendered 1168/3363, time remaining: 1m 14s
Rendered 1169/3363, time remaining: 1m 16s
Rendered 1170/3363, time remaining: 1m 16s
Rendered 1171/3363, time remaining: 1m 16s
Rendered 1172/3363, time remaining: 1m 16s
Rendered 1173/3363, time remaining: 1m 16s
Rendered 1174/3363, time remaining: 1m 15s
Rendered 1175/3363, time remaining: 1m 15s
Rendered 1176/3363, time remaining: 1m 16s
Rendered 1177/3363, time remaining: 1m 16s
Rendered 1178/3363, time remaining: 1m 15s
Rendered 1179/3363, time remaining: 1m 15s
Rendered 1180/3363, time remaining: 1m 15s
Rendered 1181/3363, time remaining: 1m 16s
Rendered 1182/3363, time remaining: 1m 16s
Rendered 1183/3363, time remaining: 1m 15s
Rendered 1184/3363, time remaining: 1m 14s
Rendered 1185/3363, time remaining: 1m 16s
Rendered 1186/3363, time remaining: 1m 15s
Rendered 1187/3363, time remaining: 1m 15s
Rendered 1188/3363, time remaining: 1m 15s
Rendered 1189/3363, time remaining: 1m 15s
Rendered 1190/3363, time remaining: 1m 15s
Rendered 1191/3363, time remaining: 1m 14s
Rendered 1192/3363, time remaining: 1m 14s
Rendered 1193/3363, time remaining: 1m 16s
Rendered 1194/3363, time remaining: 1m 16s
Rendered 1195/3363, time remaining: 1m 15s
Rendered 1196/3363, time remaining: 1m 16s
Rendered 1197/3363, time remaining: 1m 16s
Rendered 1198/3363, time remaining: 1m 15s
Rendered 1199/3363, time remaining: 1m 15s
Rendered 1200/3363, time remaining: 1m 14s
Rendered 1201/3363, time remaining: 1m 14s
Rendered 1202/3363, time remaining: 1m 14s
Rendered 1203/3363, time remaining: 1m 13s
Rendered 1204/3363, time remaining: 1m 15s
Rendered 1205/3363, time remaining: 1m 15s
Rendered 1206/3363, time remaining: 1m 14s
Rendered 1207/3363, time remaining: 1m 15s
Rendered 1208/3363, time remaining: 1m 15s
Rendered 1209/3363, time remaining: 1m 15s
Rendered 1210/3363, time remaining: 1m 13s
Rendered 1211/3363, time remaining: 1m 14s
Rendered 1212/3363, time remaining: 1m 16s
Rendered 1213/3363, time remaining: 1m 15s
Rendered 1214/3363, time remaining: 1m 14s
Rendered 1215/3363, time remaining: 1m 14s
Rendered 1216/3363, time remaining: 1m 14s
Rendered 1217/3363, time remaining: 1m 14s
Rendered 1218/3363, time remaining: 1m 15s
Rendered 1219/3363, time remaining: 1m 14s
Rendered 1220/3363, time remaining: 1m 16s
Rendered 1221/3363, time remaining: 1m 16s
Rendered 1222/3363, time remaining: 1m 14s
Rendered 1223/3363, time remaining: 1m 14s
Rendered 1224/3363, time remaining: 1m 14s
Rendered 1225/3363, time remaining: 1m 14s
Rendered 1226/3363, time remaining: 1m 14s
Rendered 1227/3363, time remaining: 1m 14s
Rendered 1228/3363, time remaining: 1m 15s
Rendered 1229/3363, time remaining: 1m 14s
Rendered 1230/3363, time remaining: 1m 14s
Rendered 1231/3363, time remaining: 1m 15s
Rendered 1232/3363, time remaining: 1m 14s
Rendered 1233/3363, time remaining: 1m 14s
Rendered 1234/3363, time remaining: 1m 14s
Rendered 1235/3363, time remaining: 1m 14s
Rendered 1236/3363, time remaining: 1m 15s
Rendered 1237/3363, time remaining: 1m 14s
Rendered 1238/3363, time remaining: 1m 14s
Rendered 1239/3363, time remaining: 1m 14s
Rendered 1240/3363, time remaining: 1m 15s
Rendered 1241/3363, time remaining: 1m 14s
Rendered 1242/3363, time remaining: 1m 14s
Rendered 1243/3363, time remaining: 1m 14s
Rendered 1244/3363, time remaining: 1m 15s
Rendered 1245/3363, time remaining: 1m 13s
Rendered 1246/3363, time remaining: 1m 13s
Rendered 1247/3363, time remaining: 1m 12s
Rendered 1248/3363, time remaining: 1m 14s
Rendered 1249/3363, time remaining: 1m 14s
Rendered 1250/3363, time remaining: 1m 15s
Rendered 1251/3363, time remaining: 1m 15s
Rendered 1252/3363, time remaining: 1m 14s
Rendered 1253/3363, time remaining: 1m 14s
Rendered 1254/3363, time remaining: 1m 13s
Rendered 1255/3363, time remaining: 1m 12s
Rendered 1256/3363, time remaining: 1m 14s
Rendered 1257/3363, time remaining: 1m 14s
Rendered 1258/3363, time remaining: 1m 14s
Rendered 1259/3363, time remaining: 1m 14s
Rendered 1260/3363, time remaining: 1m 14s
Rendered 1261/3363, time remaining: 1m 13s
Rendered 1262/3363, time remaining: 1m 12s
Rendered 1263/3363, time remaining: 1m 12s
Rendered 1264/3363, time remaining: 1m 14s
Rendered 1265/3363, time remaining: 1m 14s
Rendered 1266/3363, time remaining: 1m 14s
Rendered 1267/3363, time remaining: 1m 14s
Rendered 1268/3363, time remaining: 1m 14s
Rendered 1269/3363, time remaining: 1m 13s
Rendered 1270/3363, time remaining: 1m 12s
Rendered 1271/3363, time remaining: 1m 12s
Rendered 1272/3363, time remaining: 1m 12s
Rendered 1273/3363, time remaining: 1m 14s
Rendered 1274/3363, time remaining: 1m 14s
Rendered 1275/3363, time remaining: 1m 14s
Rendered 1276/3363, time remaining: 1m 15s
Rendered 1277/3363, time remaining: 1m 15s
Rendered 1278/3363, time remaining: 1m 14s
Rendered 1279/3363, time remaining: 1m 12s
Rendered 1280/3363, time remaining: 1m 12s
Rendered 1281/3363, time remaining: 1m 12s
Rendered 1282/3363, time remaining: 1m 12s
Rendered 1283/3363, time remaining: 1m 13s
Rendered 1284/3363, time remaining: 1m 13s
Rendered 1285/3363, time remaining: 1m 14s
Rendered 1286/3363, time remaining: 1m 14s
Rendered 1287/3363, time remaining: 1m 12s
Rendered 1288/3363, time remaining: 1m 12s
Rendered 1289/3363, time remaining: 1m 12s
Rendered 1290/3363, time remaining: 1m 13s
Rendered 1291/3363, time remaining: 1m 13s
Rendered 1292/3363, time remaining: 1m 14s
Rendered 1293/3363, time remaining: 1m 14s
Rendered 1294/3363, time remaining: 1m 13s
Rendered 1295/3363, time remaining: 1m 12s
Rendered 1296/3363, time remaining: 1m 12s
Rendered 1297/3363, time remaining: 1m 12s
Rendered 1298/3363, time remaining: 1m 12s
Rendered 1299/3363, time remaining: 1m 12s
Rendered 1300/3363, time remaining: 1m 14s
Rendered 1301/3363, time remaining: 1m 13s
Rendered 1302/3363, time remaining: 1m 13s
Rendered 1303/3363, time remaining: 1m 12s
Rendered 1304/3363, time remaining: 1m 12s
Rendered 1305/3363, time remaining: 1m 12s
Rendered 1306/3363, time remaining: 1m 11s
Rendered 1307/3363, time remaining: 1m 11s
Rendered 1308/3363, time remaining: 1m 12s
Rendered 1309/3363, time remaining: 1m 12s
Rendered 1310/3363, time remaining: 1m 12s
Rendered 1311/3363, time remaining: 1m 12s
Rendered 1312/3363, time remaining: 1m 11s
Rendered 1313/3363, time remaining: 1m 11s
Rendered 1314/3363, time remaining: 1m 12s
Rendered 1315/3363, time remaining: 1m 12s
Rendered 1316/3363, time remaining: 1m 13s
Rendered 1317/3363, time remaining: 1m 13s
Rendered 1318/3363, time remaining: 1m 13s
Rendered 1319/3363, time remaining: 1m 12s
Rendered 1320/3363, time remaining: 1m 11s
Rendered 1321/3363, time remaining: 1m 11s
Rendered 1322/3363, time remaining: 1m 11s
Rendered 1323/3363, time remaining: 1m 11s
Rendered 1324/3363, time remaining: 1m 13s
Rendered 1325/3363, time remaining: 1m 12s
Rendered 1326/3363, time remaining: 1m 11s
Rendered 1327/3363, time remaining: 1m 11s
Rendered 1328/3363, time remaining: 1m 11s
Rendered 1329/3363, time remaining: 1m 11s
Rendered 1330/3363, time remaining: 1m 11s
Rendered 1331/3363, time remaining: 1m 12s
Rendered 1332/3363, time remaining: 1m 12s
Rendered 1333/3363, time remaining: 1m 13s
Rendered 1334/3363, time remaining: 1m 13s
Rendered 1335/3363, time remaining: 1m 11s
Rendered 1336/3363, time remaining: 1m 11s
Rendered 1337/3363, time remaining: 1m 11s
Rendered 1338/3363, time remaining: 1m 11s
Rendered 1339/3363, time remaining: 1m 11s
Rendered 1340/3363, time remaining: 1m 12s
Rendered 1341/3363, time remaining: 1m 13s
Rendered 1342/3363, time remaining: 1m 12s
Rendered 1343/3363, time remaining: 1m 10s
Rendered 1344/3363, time remaining: 1m 11s
Rendered 1345/3363, time remaining: 1m 11s
Rendered 1346/3363, time remaining: 1m 10s
Rendered 1347/3363, time remaining: 1m 11s
Rendered 1348/3363, time remaining: 1m 11s
Rendered 1349/3363, time remaining: 1m 12s
Rendered 1350/3363, time remaining: 1m 12s
Rendered 1351/3363, time remaining: 1m 11s
Rendered 1352/3363, time remaining: 1m 12s
Rendered 1353/3363, time remaining: 1m 13s
Rendered 1354/3363, time remaining: 1m 11s
Rendered 1355/3363, time remaining: 1m 11s
Rendered 1356/3363, time remaining: 1m 11s
Rendered 1357/3363, time remaining: 1m 11s
Rendered 1358/3363, time remaining: 1m 11s
Rendered 1359/3363, time remaining: 1m 11s
Rendered 1360/3363, time remaining: 1m 11s
Rendered 1361/3363, time remaining: 1m 12s
Rendered 1362/3363, time remaining: 1m 9s
Rendered 1363/3363, time remaining: 1m 9s
Rendered 1364/3363, time remaining: 1m 11s
Rendered 1365/3363, time remaining: 1m 12s
Rendered 1366/3363, time remaining: 1m 12s
Rendered 1367/3363, time remaining: 1m 12s
Rendered 1368/3363, time remaining: 1m 11s
Rendered 1369/3363, time remaining: 1m 11s
Rendered 1370/3363, time remaining: 1m 10s
Rendered 1371/3363, time remaining: 1m 10s
Rendered 1372/3363, time remaining: 1m 10s
Rendered 1373/3363, time remaining: 1m 11s
Rendered 1374/3363, time remaining: 1m 11s
Rendered 1375/3363, time remaining: 1m 11s
Rendered 1376/3363, time remaining: 1m 11s
Rendered 1377/3363, time remaining: 1m 11s
Rendered 1378/3363, time remaining: 1m 10s
Rendered 1379/3363, time remaining: 1m 10s
Rendered 1380/3363, time remaining: 1m 10s
Rendered 1381/3363, time remaining: 1m 11s
Rendered 1382/3363, time remaining: 1m 11s
Rendered 1383/3363, time remaining: 1m 11s
Rendered 1384/3363, time remaining: 1m 11s
Rendered 1385/3363, time remaining: 1m 11s
Rendered 1386/3363, time remaining: 1m 10s
Rendered 1387/3363, time remaining: 1m 10s
Rendered 1388/3363, time remaining: 1m 9s
Rendered 1389/3363, time remaining: 1m 11s
Rendered 1390/3363, time remaining: 1m 10s
Rendered 1391/3363, time remaining: 1m 10s
Rendered 1392/3363, time remaining: 1m 10s
Rendered 1393/3363, time remaining: 1m 10s
Rendered 1394/3363, time remaining: 1m 9s
Rendered 1395/3363, time remaining: 1m 9s
Rendered 1396/3363, time remaining: 1m 10s
Rendered 1397/3363, time remaining: 1m 12s
Rendered 1398/3363, time remaining: 1m 11s
Rendered 1399/3363, time remaining: 1m 10s
Rendered 1400/3363, time remaining: 1m 10s
Rendered 1401/3363, time remaining: 1m 10s
Rendered 1402/3363, time remaining: 1m 10s
Rendered 1403/3363, time remaining: 1m 11s
Rendered 1404/3363, time remaining: 1m 10s
Rendered 1405/3363, time remaining: 1m 12s
Rendered 1406/3363, time remaining: 1m 10s
Rendered 1407/3363, time remaining: 1m 10s
Rendered 1408/3363, time remaining: 1m 11s
Rendered 1409/3363, time remaining: 1m 11s
Rendered 1410/3363, time remaining: 1m 10s
Rendered 1411/3363, time remaining: 1m 10s
Rendered 1412/3363, time remaining: 1m 10s
Rendered 1413/3363, time remaining: 1m 10s
Rendered 1414/3363, time remaining: 1m 8s
Rendered 1415/3363, time remaining: 1m 10s
Rendered 1416/3363, time remaining: 1m 10s
Rendered 1417/3363, time remaining: 1m 10s
Rendered 1418/3363, time remaining: 1m 10s
Rendered 1419/3363, time remaining: 1m 10s
Rendered 1420/3363, time remaining: 1m 10s
Rendered 1421/3363, time remaining: 1m 10s
Rendered 1422/3363, time remaining: 1m 9s
Rendered 1423/3363, time remaining: 1m 9s
Rendered 1424/3363, time remaining: 1m 10s
Rendered 1425/3363, time remaining: 1m 10s
Rendered 1426/3363, time remaining: 1m 10s
Rendered 1427/3363, time remaining: 1m 10s
Rendered 1428/3363, time remaining: 1m 10s
Rendered 1429/3363, time remaining: 1m 10s
Rendered 1430/3363, time remaining: 1m 10s
Rendered 1431/3363, time remaining: 1m 9s
Rendered 1432/3363, time remaining: 1m 11s
Rendered 1433/3363, time remaining: 1m 10s
Rendered 1434/3363, time remaining: 1m 10s
Rendered 1435/3363, time remaining: 1m 9s
Rendered 1436/3363, time remaining: 1m 9s
Rendered 1437/3363, time remaining: 1m 9s
Rendered 1438/3363, time remaining: 1m 9s
Rendered 1439/3363, time remaining: 1m 9s
Rendered 1440/3363, time remaining: 1m 9s
Rendered 1441/3363, time remaining: 1m 9s
Rendered 1442/3363, time remaining: 1m 10s
Rendered 1443/3363, time remaining: 1m 9s
Rendered 1444/3363, time remaining: 1m 9s
Rendered 1445/3363, time remaining: 1m 9s
Rendered 1446/3363, time remaining: 1m 8s
Rendered 1447/3363, time remaining: 1m 8s
Rendered 1448/3363, time remaining: 1m 8s
Rendered 1449/3363, time remaining: 1m 10s
Rendered 1450/3363, time remaining: 1m 9s
Rendered 1451/3363, time remaining: 1m 9s
Rendered 1452/3363, time remaining: 1m 9s
Rendered 1453/3363, time remaining: 1m 9s
Rendered 1454/3363, time remaining: 1m 8s
Rendered 1455/3363, time remaining: 1m 7s
Rendered 1456/3363, time remaining: 1m 7s
Rendered 1457/3363, time remaining: 1m 9s
Rendered 1458/3363, time remaining: 1m 8s
Rendered 1459/3363, time remaining: 1m 9s
Rendered 1460/3363, time remaining: 1m 9s
Rendered 1461/3363, time remaining: 1m 8s
Rendered 1462/3363, time remaining: 1m 8s
Rendered 1463/3363, time remaining: 1m 8s
Rendered 1464/3363, time remaining: 1m 7s
Rendered 1465/3363, time remaining: 1m 7s
Rendered 1466/3363, time remaining: 1m 8s
Rendered 1467/3363, time remaining: 1m 8s
Rendered 1468/3363, time remaining: 1m 8s
Rendered 1469/3363, time remaining: 1m 8s
Rendered 1470/3363, time remaining: 1m 8s
Rendered 1471/3363, time remaining: 1m 8s
Rendered 1472/3363, time remaining: 1m 8s
Rendered 1473/3363, time remaining: 1m 8s
Rendered 1474/3363, time remaining: 1m 6s
Rendered 1475/3363, time remaining: 1m 7s
Rendered 1476/3363, time remaining: 1m 8s
Rendered 1477/3363, time remaining: 1m 8s
Rendered 1478/3363, time remaining: 1m 8s
Rendered 1479/3363, time remaining: 1m 8s
Rendered 1480/3363, time remaining: 1m 8s
Rendered 1481/3363, time remaining: 1m 7s
Rendered 1482/3363, time remaining: 1m 7s
Rendered 1483/3363, time remaining: 1m 7s
Rendered 1484/3363, time remaining: 1m 7s
Rendered 1485/3363, time remaining: 1m 7s
Rendered 1486/3363, time remaining: 1m 7s
Rendered 1487/3363, time remaining: 1m 8s
Rendered 1488/3363, time remaining: 1m 8s
Rendered 1489/3363, time remaining: 1m 7s
Rendered 1490/3363, time remaining: 1m 7s
Rendered 1491/3363, time remaining: 1m 7s
Rendered 1492/3363, time remaining: 1m 7s
Rendered 1493/3363, time remaining: 1m 7s
Rendered 1494/3363, time remaining: 1m 6s
Rendered 1495/3363, time remaining: 1m 6s
Rendered 1496/3363, time remaining: 1m 7s
Rendered 1497/3363, time remaining: 1m 7s
Rendered 1498/3363, time remaining: 1m 7s
Rendered 1499/3363, time remaining: 1m 6s
Rendered 1500/3363, time remaining: 1m 6s
Rendered 1501/3363, time remaining: 1m 6s
Rendered 1502/3363, time remaining: 1m 6s
Rendered 1503/3363, time remaining: 1m 6s
Rendered 1504/3363, time remaining: 1m 6s
Rendered 1505/3363, time remaining: 1m 7s
Rendered 1506/3363, time remaining: 1m 6s
Rendered 1507/3363, time remaining: 1m 5s
Rendered 1508/3363, time remaining: 1m 5s
Rendered 1509/3363, time remaining: 1m 6s
Rendered 1510/3363, time remaining: 1m 6s
Rendered 1511/3363, time remaining: 1m 7s
Rendered 1512/3363, time remaining: 1m 7s
Rendered 1513/3363, time remaining: 1m 7s
Rendered 1514/3363, time remaining: 1m 6s
Rendered 1515/3363, time remaining: 1m 5s
Rendered 1516/3363, time remaining: 1m 5s
Rendered 1517/3363, time remaining: 1m 4s
Rendered 1518/3363, time remaining: 1m 6s
Rendered 1519/3363, time remaining: 1m 7s
Rendered 1520/3363, time remaining: 1m 6s
Rendered 1521/3363, time remaining: 1m 7s
Rendered 1522/3363, time remaining: 1m 6s
Rendered 1523/3363, time remaining: 1m 6s
Rendered 1524/3363, time remaining: 1m 5s
Rendered 1525/3363, time remaining: 1m 5s
Rendered 1526/3363, time remaining: 1m 5s
Rendered 1527/3363, time remaining: 1m 6s
Rendered 1528/3363, time remaining: 1m 3s
Rendered 1529/3363, time remaining: 1m 6s
Rendered 1530/3363, time remaining: 1m 6s
Rendered 1531/3363, time remaining: 1m 5s
Rendered 1532/3363, time remaining: 1m 5s
Rendered 1533/3363, time remaining: 1m 5s
Rendered 1534/3363, time remaining: 1m 5s
Rendered 1535/3363, time remaining: 1m 4s
Rendered 1536/3363, time remaining: 1m 4s
Rendered 1537/3363, time remaining: 1m 6s
Rendered 1538/3363, time remaining: 1m 6s
Rendered 1539/3363, time remaining: 1m 4s
Rendered 1540/3363, time remaining: 1m 4s
Rendered 1541/3363, time remaining: 1m 5s
Rendered 1542/3363, time remaining: 1m 5s
Rendered 1543/3363, time remaining: 1m 5s
Rendered 1544/3363, time remaining: 1m 5s
Rendered 1545/3363, time remaining: 1m 6s
Rendered 1546/3363, time remaining: 1m 5s
Rendered 1547/3363, time remaining: 1m 4s
Rendered 1548/3363, time remaining: 1m 3s
Rendered 1549/3363, time remaining: 1m 3s
Rendered 1550/3363, time remaining: 1m 4s
Rendered 1551/3363, time remaining: 1m 4s
Rendered 1552/3363, time remaining: 1m 4s
Rendered 1553/3363, time remaining: 1m 4s
Rendered 1554/3363, time remaining: 1m 4s
Rendered 1555/3363, time remaining: 1m 2s
Rendered 1556/3363, time remaining: 1m 4s
Rendered 1557/3363, time remaining: 1m 3s
Rendered 1558/3363, time remaining: 1m 3s
Rendered 1559/3363, time remaining: 1m 3s
Rendered 1560/3363, time remaining: 1m 3s
Rendered 1561/3363, time remaining: 1m 3s
Rendered 1562/3363, time remaining: 1m 3s
Rendered 1563/3363, time remaining: 1m 4s
Rendered 1564/3363, time remaining: 1m 4s
Rendered 1565/3363, time remaining: 1m 3s
Rendered 1566/3363, time remaining: 1m 2s
Rendered 1567/3363, time remaining: 1m 2s
Rendered 1568/3363, time remaining: 1m 2s
Rendered 1569/3363, time remaining: 1m 2s
Rendered 1570/3363, time remaining: 1m 3s
Rendered 1571/3363, time remaining: 1m 3s
Rendered 1572/3363, time remaining: 1m 3s
Rendered 1573/3363, time remaining: 1m 2s
Rendered 1574/3363, time remaining: 1m 1s
Rendered 1575/3363, time remaining: 1m 1s
Rendered 1576/3363, time remaining: 1m 1s
Rendered 1577/3363, time remaining: 1m 1s
Rendered 1578/3363, time remaining: 1m 1s
Rendered 1579/3363, time remaining: 1m 1s
Rendered 1580/3363, time remaining: 1m 1s
Rendered 1581/3363, time remaining: 1m 1s
Rendered 1582/3363, time remaining: 59s
Rendered 1583/3363, time remaining: 59s
Rendered 1584/3363, time remaining: 59s
Rendered 1585/3363, time remaining: 58s
Rendered 1586/3363, time remaining: 58s
Rendered 1587/3363, time remaining: 58s
Rendered 1588/3363, time remaining: 58s
Rendered 1589/3363, time remaining: 57s
Rendered 1590/3363, time remaining: 59s
Rendered 1591/3363, time remaining: 59s
Rendered 1592/3363, time remaining: 57s
Rendered 1593/3363, time remaining: 57s
Rendered 1594/3363, time remaining: 58s
Rendered 1595/3363, time remaining: 59s
Rendered 1596/3363, time remaining: 59s
Rendered 1597/3363, time remaining: 58s
Rendered 1598/3363, time remaining: 58s
Rendered 1599/3363, time remaining: 56s
Rendered 1600/3363, time remaining: 57s
Rendered 1601/3363, time remaining: 58s
Rendered 1602/3363, time remaining: 58s
Rendered 1603/3363, time remaining: 58s
Rendered 1604/3363, time remaining: 58s
Rendered 1605/3363, time remaining: 58s
Rendered 1606/3363, time remaining: 59s
Rendered 1607/3363, time remaining: 58s
Rendered 1608/3363, time remaining: 57s
Rendered 1609/3363, time remaining: 57s
Rendered 1610/3363, time remaining: 57s
Rendered 1611/3363, time remaining: 57s
Rendered 1612/3363, time remaining: 57s
Rendered 1613/3363, time remaining: 57s
Rendered 1614/3363, time remaining: 57s
Rendered 1615/3363, time remaining: 57s
Rendered 1616/3363, time remaining: 55s
Rendered 1617/3363, time remaining: 57s
Rendered 1618/3363, time remaining: 57s
Rendered 1619/3363, time remaining: 57s
Rendered 1620/3363, time remaining: 57s
Rendered 1621/3363, time remaining: 57s
Rendered 1622/3363, time remaining: 57s
Rendered 1623/3363, time remaining: 56s
Rendered 1624/3363, time remaining: 57s
Rendered 1625/3363, time remaining: 58s
Rendered 1626/3363, time remaining: 56s
Rendered 1627/3363, time remaining: 56s
Rendered 1628/3363, time remaining: 57s
Rendered 1629/3363, time remaining: 56s
Rendered 1630/3363, time remaining: 56s
Rendered 1631/3363, time remaining: 56s
Rendered 1632/3363, time remaining: 57s
Rendered 1633/3363, time remaining: 56s
Rendered 1634/3363, time remaining: 56s
Rendered 1635/3363, time remaining: 56s
Rendered 1636/3363, time remaining: 56s
Rendered 1637/3363, time remaining: 55s
Rendered 1638/3363, time remaining: 55s
Rendered 1639/3363, time remaining: 55s
Rendered 1640/3363, time remaining: 56s
Rendered 1641/3363, time remaining: 56s
Rendered 1642/3363, time remaining: 56s
Rendered 1643/3363, time remaining: 56s
Rendered 1644/3363, time remaining: 56s
Rendered 1645/3363, time remaining: 56s
Rendered 1646/3363, time remaining: 54s
Rendered 1647/3363, time remaining: 55s
Rendered 1648/3363, time remaining: 56s
Rendered 1649/3363, time remaining: 56s
Rendered 1650/3363, time remaining: 56s
Rendered 1651/3363, time remaining: 56s
Rendered 1652/3363, time remaining: 56s
Rendered 1653/3363, time remaining: 56s
Rendered 1654/3363, time remaining: 55s
Rendered 1655/3363, time remaining: 54s
Rendered 1656/3363, time remaining: 56s
Rendered 1657/3363, time remaining: 57s
Rendered 1658/3363, time remaining: 57s
Rendered 1659/3363, time remaining: 57s
Rendered 1660/3363, time remaining: 56s
Rendered 1661/3363, time remaining: 55s
Rendered 1662/3363, time remaining: 55s
Rendered 1663/3363, time remaining: 55s
Rendered 1664/3363, time remaining: 56s
Rendered 1665/3363, time remaining: 56s
Rendered 1666/3363, time remaining: 56s
Rendered 1667/3363, time remaining: 57s
Rendered 1668/3363, time remaining: 56s
Rendered 1669/3363, time remaining: 55s
Rendered 1670/3363, time remaining: 55s
Rendered 1671/3363, time remaining: 54s
Rendered 1672/3363, time remaining: 56s
Rendered 1673/3363, time remaining: 56s
Rendered 1674/3363, time remaining: 56s
Rendered 1675/3363, time remaining: 56s
Rendered 1676/3363, time remaining: 56s
Rendered 1677/3363, time remaining: 56s
Rendered 1678/3363, time remaining: 56s
Rendered 1679/3363, time remaining: 54s
Rendered 1680/3363, time remaining: 55s
Rendered 1681/3363, time remaining: 55s
Rendered 1682/3363, time remaining: 56s
Rendered 1683/3363, time remaining: 55s
Rendered 1684/3363, time remaining: 55s
Rendered 1685/3363, time remaining: 57s
Rendered 1686/3363, time remaining: 57s
Rendered 1687/3363, time remaining: 55s
Rendered 1688/3363, time remaining: 54s
Rendered 1689/3363, time remaining: 54s
Rendered 1690/3363, time remaining: 55s
Rendered 1691/3363, time remaining: 54s
Rendered 1692/3363, time remaining: 54s
Rendered 1693/3363, time remaining: 56s
Rendered 1694/3363, time remaining: 56s
Rendered 1695/3363, time remaining: 55s
Rendered 1696/3363, time remaining: 54s
Rendered 1697/3363, time remaining: 54s
Rendered 1698/3363, time remaining: 55s
Rendered 1699/3363, time remaining: 55s
Rendered 1700/3363, time remaining: 54s
Rendered 1701/3363, time remaining: 55s
Rendered 1702/3363, time remaining: 55s
Rendered 1703/3363, time remaining: 54s
Rendered 1704/3363, time remaining: 55s
Rendered 1705/3363, time remaining: 55s
Rendered 1706/3363, time remaining: 53s
Rendered 1707/3363, time remaining: 53s
Rendered 1708/3363, time remaining: 53s
Rendered 1709/3363, time remaining: 55s
Rendered 1710/3363, time remaining: 55s
Rendered 1711/3363, time remaining: 55s
Rendered 1712/3363, time remaining: 56s
Rendered 1713/3363, time remaining: 55s
Rendered 1714/3363, time remaining: 54s
Rendered 1715/3363, time remaining: 53s
Rendered 1716/3363, time remaining: 53s
Rendered 1717/3363, time remaining: 54s
Rendered 1718/3363, time remaining: 55s
Rendered 1719/3363, time remaining: 55s
Rendered 1720/3363, time remaining: 54s
Rendered 1721/3363, time remaining: 54s
Rendered 1722/3363, time remaining: 54s
Rendered 1723/3363, time remaining: 54s
Rendered 1724/3363, time remaining: 54s
Rendered 1725/3363, time remaining: 55s
Rendered 1726/3363, time remaining: 55s
Rendered 1727/3363, time remaining: 55s
Rendered 1728/3363, time remaining: 56s
Rendered 1729/3363, time remaining: 55s
Rendered 1730/3363, time remaining: 55s
Rendered 1731/3363, time remaining: 55s
Rendered 1732/3363, time remaining: 55s
Rendered 1733/3363, time remaining: 56s
Rendered 1734/3363, time remaining: 56s
Rendered 1735/3363, time remaining: 57s
Rendered 1736/3363, time remaining: 57s
Rendered 1737/3363, time remaining: 57s
Rendered 1738/3363, time remaining: 57s
Rendered 1739/3363, time remaining: 57s
Rendered 1740/3363, time remaining: 56s
Rendered 1741/3363, time remaining: 57s
Rendered 1742/3363, time remaining: 57s
Rendered 1743/3363, time remaining: 57s
Rendered 1744/3363, time remaining: 57s
Rendered 1745/3363, time remaining: 56s
Rendered 1746/3363, time remaining: 56s
Rendered 1747/3363, time remaining: 57s
Rendered 1748/3363, time remaining: 57s
Rendered 1749/3363, time remaining: 58s
Rendered 1750/3363, time remaining: 57s
Rendered 1751/3363, time remaining: 57s
Rendered 1752/3363, time remaining: 57s
Rendered 1753/3363, time remaining: 57s
Rendered 1754/3363, time remaining: 57s
Rendered 1755/3363, time remaining: 57s
Rendered 1756/3363, time remaining: 57s
Rendered 1757/3363, time remaining: 57s
Rendered 1758/3363, time remaining: 57s
Rendered 1759/3363, time remaining: 57s
Rendered 1760/3363, time remaining: 57s
Rendered 1761/3363, time remaining: 57s
Rendered 1762/3363, time remaining: 57s
Rendered 1763/3363, time remaining: 57s
Rendered 1764/3363, time remaining: 57s
Rendered 1765/3363, time remaining: 58s
Rendered 1766/3363, time remaining: 57s
Rendered 1767/3363, time remaining: 56s
Rendered 1768/3363, time remaining: 56s
Rendered 1769/3363, time remaining: 57s
Rendered 1770/3363, time remaining: 57s
Rendered 1771/3363, time remaining: 57s
Rendered 1772/3363, time remaining: 57s
Rendered 1773/3363, time remaining: 57s
Rendered 1774/3363, time remaining: 56s
Rendered 1775/3363, time remaining: 56s
Rendered 1776/3363, time remaining: 56s
Rendered 1777/3363, time remaining: 56s
Rendered 1778/3363, time remaining: 56s
Rendered 1779/3363, time remaining: 56s
Rendered 1780/3363, time remaining: 57s
Rendered 1781/3363, time remaining: 57s
Rendered 1782/3363, time remaining: 56s
Rendered 1783/3363, time remaining: 56s
Rendered 1784/3363, time remaining: 56s
Rendered 1785/3363, time remaining: 57s
Rendered 1786/3363, time remaining: 57s
Rendered 1787/3363, time remaining: 57s
Rendered 1788/3363, time remaining: 57s
Rendered 1789/3363, time remaining: 57s
Rendered 1790/3363, time remaining: 55s
Rendered 1791/3363, time remaining: 55s
Rendered 1792/3363, time remaining: 55s
Rendered 1793/3363, time remaining: 55s
Rendered 1794/3363, time remaining: 56s
Rendered 1795/3363, time remaining: 55s
Rendered 1796/3363, time remaining: 57s
Rendered 1797/3363, time remaining: 57s
Rendered 1798/3363, time remaining: 55s
Rendered 1799/3363, time remaining: 55s
Rendered 1800/3363, time remaining: 55s
Rendered 1801/3363, time remaining: 55s
Rendered 1802/3363, time remaining: 55s
Rendered 1803/3363, time remaining: 55s
Rendered 1804/3363, time remaining: 55s
Rendered 1805/3363, time remaining: 57s
Rendered 1806/3363, time remaining: 55s
Rendered 1807/3363, time remaining: 55s
Rendered 1808/3363, time remaining: 55s
Rendered 1809/3363, time remaining: 55s
Rendered 1810/3363, time remaining: 55s
Rendered 1811/3363, time remaining: 55s
Rendered 1812/3363, time remaining: 56s
Rendered 1813/3363, time remaining: 56s
Rendered 1814/3363, time remaining: 54s
Rendered 1815/3363, time remaining: 55s
Rendered 1816/3363, time remaining: 55s
Rendered 1817/3363, time remaining: 55s
Rendered 1818/3363, time remaining: 55s
Rendered 1819/3363, time remaining: 54s
Rendered 1820/3363, time remaining: 54s
Rendered 1821/3363, time remaining: 54s
Rendered 1822/3363, time remaining: 53s
Rendered 1823/3363, time remaining: 55s
Rendered 1824/3363, time remaining: 54s
Rendered 1825/3363, time remaining: 54s
Rendered 1826/3363, time remaining: 54s
Rendered 1827/3363, time remaining: 54s
Rendered 1828/3363, time remaining: 54s
Rendered 1829/3363, time remaining: 54s
Rendered 1830/3363, time remaining: 53s
Rendered 1831/3363, time remaining: 55s
Rendered 1832/3363, time remaining: 54s
Rendered 1833/3363, time remaining: 54s
Rendered 1834/3363, time remaining: 54s
Rendered 1835/3363, time remaining: 53s
Rendered 1836/3363, time remaining: 53s
Rendered 1837/3363, time remaining: 53s
Rendered 1838/3363, time remaining: 54s
Rendered 1839/3363, time remaining: 55s
Rendered 1840/3363, time remaining: 55s
Rendered 1841/3363, time remaining: 55s
Rendered 1842/3363, time remaining: 55s
Rendered 1843/3363, time remaining: 54s
Rendered 1844/3363, time remaining: 54s
Rendered 1845/3363, time remaining: 53s
Rendered 1846/3363, time remaining: 54s
Rendered 1847/3363, time remaining: 54s
Rendered 1848/3363, time remaining: 54s
Rendered 1849/3363, time remaining: 55s
Rendered 1850/3363, time remaining: 55s
Rendered 1851/3363, time remaining: 53s
Rendered 1852/3363, time remaining: 53s
Rendered 1853/3363, time remaining: 53s
Rendered 1854/3363, time remaining: 53s
Rendered 1855/3363, time remaining: 53s
Rendered 1856/3363, time remaining: 55s
Rendered 1857/3363, time remaining: 55s
Rendered 1858/3363, time remaining: 55s
Rendered 1859/3363, time remaining: 53s
Rendered 1860/3363, time remaining: 53s
Rendered 1861/3363, time remaining: 54s
Rendered 1862/3363, time remaining: 53s
Rendered 1863/3363, time remaining: 53s
Rendered 1864/3363, time remaining: 54s
Rendered 1865/3363, time remaining: 55s
Rendered 1866/3363, time remaining: 55s
Rendered 1867/3363, time remaining: 54s
Rendered 1868/3363, time remaining: 53s
Rendered 1869/3363, time remaining: 53s
Rendered 1870/3363, time remaining: 53s
Rendered 1871/3363, time remaining: 53s
Rendered 1872/3363, time remaining: 53s
Rendered 1873/3363, time remaining: 55s
Rendered 1874/3363, time remaining: 54s
Rendered 1875/3363, time remaining: 53s
Rendered 1876/3363, time remaining: 53s
Rendered 1877/3363, time remaining: 53s
Rendered 1878/3363, time remaining: 53s
Rendered 1879/3363, time remaining: 53s
Rendered 1880/3363, time remaining: 53s
Rendered 1881/3363, time remaining: 54s
Rendered 1882/3363, time remaining: 54s
Rendered 1883/3363, time remaining: 53s
Rendered 1884/3363, time remaining: 53s
Rendered 1885/3363, time remaining: 53s
Rendered 1886/3363, time remaining: 53s
Rendered 1887/3363, time remaining: 53s
Rendered 1888/3363, time remaining: 53s
Rendered 1889/3363, time remaining: 53s
Rendered 1890/3363, time remaining: 53s
Rendered 1891/3363, time remaining: 52s
Rendered 1892/3363, time remaining: 52s
Rendered 1893/3363, time remaining: 53s
Rendered 1894/3363, time remaining: 53s
Rendered 1895/3363, time remaining: 53s
Rendered 1896/3363, time remaining: 53s
Rendered 1897/3363, time remaining: 52s
Rendered 1898/3363, time remaining: 52s
Rendered 1899/3363, time remaining: 52s
Rendered 1900/3363, time remaining: 52s
Rendered 1901/3363, time remaining: 51s
Rendered 1902/3363, time remaining: 52s
Rendered 1903/3363, time remaining: 52s
Rendered 1904/3363, time remaining: 52s
Rendered 1905/3363, time remaining: 52s
Rendered 1906/3363, time remaining: 53s
Rendered 1907/3363, time remaining: 52s
Rendered 1908/3363, time remaining: 52s
Rendered 1909/3363, time remaining: 51s
Rendered 1910/3363, time remaining: 51s
Rendered 1911/3363, time remaining: 51s
Rendered 1912/3363, time remaining: 51s
Rendered 1913/3363, time remaining: 52s
Rendered 1914/3363, time remaining: 52s
Rendered 1915/3363, time remaining: 52s
Rendered 1916/3363, time remaining: 52s
Rendered 1917/3363, time remaining: 52s
Rendered 1918/3363, time remaining: 51s
Rendered 1919/3363, time remaining: 50s
Rendered 1920/3363, time remaining: 51s
Rendered 1921/3363, time remaining: 50s
Rendered 1922/3363, time remaining: 52s
Rendered 1923/3363, time remaining: 52s
Rendered 1924/3363, time remaining: 52s
Rendered 1925/3363, time remaining: 51s
Rendered 1926/3363, time remaining: 51s
Rendered 1927/3363, time remaining: 51s
Rendered 1928/3363, time remaining: 50s
Rendered 1929/3363, time remaining: 51s
Rendered 1930/3363, time remaining: 50s
Rendered 1931/3363, time remaining: 51s
Rendered 1932/3363, time remaining: 51s
Rendered 1933/3363, time remaining: 51s
Rendered 1934/3363, time remaining: 51s
Rendered 1935/3363, time remaining: 51s
Rendered 1936/3363, time remaining: 51s
Rendered 1937/3363, time remaining: 51s
Rendered 1938/3363, time remaining: 50s
Rendered 1939/3363, time remaining: 51s
Rendered 1940/3363, time remaining: 51s
Rendered 1941/3363, time remaining: 51s
Rendered 1942/3363, time remaining: 51s
Rendered 1943/3363, time remaining: 51s
Rendered 1944/3363, time remaining: 51s
Rendered 1945/3363, time remaining: 51s
Rendered 1946/3363, time remaining: 50s
Rendered 1947/3363, time remaining: 51s
Rendered 1948/3363, time remaining: 50s
Rendered 1949/3363, time remaining: 51s
Rendered 1950/3363, time remaining: 50s
Rendered 1951/3363, time remaining: 50s
Rendered 1952/3363, time remaining: 51s
Rendered 1953/3363, time remaining: 51s
Rendered 1954/3363, time remaining: 51s
Rendered 1955/3363, time remaining: 50s
Rendered 1956/3363, time remaining: 50s
Rendered 1957/3363, time remaining: 50s
Rendered 1958/3363, time remaining: 50s
Rendered 1959/3363, time remaining: 50s
Rendered 1960/3363, time remaining: 50s
Rendered 1961/3363, time remaining: 50s
Rendered 1962/3363, time remaining: 49s
Rendered 1963/3363, time remaining: 50s
Rendered 1964/3363, time remaining: 50s
Rendered 1965/3363, time remaining: 49s
Rendered 1966/3363, time remaining: 49s
Rendered 1967/3363, time remaining: 50s
Rendered 1968/3363, time remaining: 50s
Rendered 1969/3363, time remaining: 50s
Rendered 1970/3363, time remaining: 50s
Rendered 1971/3363, time remaining: 51s
Rendered 1972/3363, time remaining: 51s
Rendered 1973/3363, time remaining: 49s
Rendered 1974/3363, time remaining: 49s
Rendered 1975/3363, time remaining: 49s
Rendered 1976/3363, time remaining: 49s
Rendered 1977/3363, time remaining: 49s
Rendered 1978/3363, time remaining: 49s
Rendered 1979/3363, time remaining: 51s
Rendered 1980/3363, time remaining: 50s
Rendered 1981/3363, time remaining: 49s
Rendered 1982/3363, time remaining: 49s
Rendered 1983/3363, time remaining: 50s
Rendered 1984/3363, time remaining: 49s
Rendered 1985/3363, time remaining: 49s
Rendered 1986/3363, time remaining: 49s
Rendered 1987/3363, time remaining: 49s
Rendered 1988/3363, time remaining: 49s
Rendered 1989/3363, time remaining: 49s
Rendered 1990/3363, time remaining: 48s
Rendered 1991/3363, time remaining: 48s
Rendered 1992/3363, time remaining: 49s
Rendered 1993/3363, time remaining: 49s
Rendered 1994/3363, time remaining: 49s
Rendered 1995/3363, time remaining: 49s
Rendered 1996/3363, time remaining: 49s
Rendered 1997/3363, time remaining: 49s
Rendered 1998/3363, time remaining: 48s
Rendered 1999/3363, time remaining: 47s
Rendered 2000/3363, time remaining: 48s
Rendered 2001/3363, time remaining: 48s
Rendered 2002/3363, time remaining: 48s
Rendered 2003/3363, time remaining: 48s
Rendered 2004/3363, time remaining: 49s
Rendered 2005/3363, time remaining: 49s
Rendered 2006/3363, time remaining: 47s
Rendered 2007/3363, time remaining: 48s
Rendered 2008/3363, time remaining: 48s
Rendered 2009/3363, time remaining: 47s
Rendered 2010/3363, time remaining: 48s
Rendered 2011/3363, time remaining: 48s
Rendered 2012/3363, time remaining: 48s
Rendered 2013/3363, time remaining: 48s
Rendered 2014/3363, time remaining: 48s
Rendered 2015/3363, time remaining: 47s
Rendered 2016/3363, time remaining: 48s
Rendered 2017/3363, time remaining: 47s
Rendered 2018/3363, time remaining: 47s
Rendered 2019/3363, time remaining: 48s
Rendered 2020/3363, time remaining: 48s
Rendered 2021/3363, time remaining: 48s
Rendered 2022/3363, time remaining: 49s
Rendered 2023/3363, time remaining: 47s
Rendered 2024/3363, time remaining: 47s
Rendered 2025/3363, time remaining: 47s
Rendered 2026/3363, time remaining: 47s
Rendered 2027/3363, time remaining: 48s
Rendered 2028/3363, time remaining: 48s
Rendered 2029/3363, time remaining: 48s
Rendered 2030/3363, time remaining: 48s
Rendered 2031/3363, time remaining: 47s
Rendered 2032/3363, time remaining: 47s
Rendered 2033/3363, time remaining: 47s
Rendered 2034/3363, time remaining: 47s
Rendered 2035/3363, time remaining: 47s
Rendered 2036/3363, time remaining: 47s
Rendered 2037/3363, time remaining: 47s
Rendered 2038/3363, time remaining: 48s
Rendered 2039/3363, time remaining: 47s
Rendered 2040/3363, time remaining: 47s
Rendered 2041/3363, time remaining: 47s
Rendered 2042/3363, time remaining: 47s
Rendered 2043/3363, time remaining: 47s
Rendered 2044/3363, time remaining: 47s
Rendered 2045/3363, time remaining: 47s
Rendered 2046/3363, time remaining: 47s
Rendered 2047/3363, time remaining: 47s
Rendered 2048/3363, time remaining: 47s
Rendered 2049/3363, time remaining: 46s
Rendered 2050/3363, time remaining: 46s
Rendered 2051/3363, time remaining: 47s
Rendered 2052/3363, time remaining: 46s
Rendered 2053/3363, time remaining: 47s
Rendered 2054/3363, time remaining: 46s
Rendered 2055/3363, time remaining: 46s
Rendered 2056/3363, time remaining: 46s
Rendered 2057/3363, time remaining: 46s
Rendered 2058/3363, time remaining: 47s
Rendered 2059/3363, time remaining: 47s
Rendered 2060/3363, time remaining: 47s
Rendered 2061/3363, time remaining: 46s
Rendered 2062/3363, time remaining: 46s
Rendered 2063/3363, time remaining: 46s
Rendered 2064/3363, time remaining: 46s
Rendered 2065/3363, time remaining: 46s
Rendered 2066/3363, time remaining: 46s
Rendered 2067/3363, time remaining: 46s
Rendered 2068/3363, time remaining: 47s
Rendered 2069/3363, time remaining: 47s
Rendered 2070/3363, time remaining: 47s
Rendered 2071/3363, time remaining: 47s
Rendered 2072/3363, time remaining: 45s
Rendered 2073/3363, time remaining: 45s
Rendered 2074/3363, time remaining: 45s
Rendered 2075/3363, time remaining: 46s
Rendered 2076/3363, time remaining: 47s
Rendered 2077/3363, time remaining: 47s
Rendered 2078/3363, time remaining: 47s
Rendered 2079/3363, time remaining: 46s
Rendered 2080/3363, time remaining: 46s
Rendered 2081/3363, time remaining: 45s
Rendered 2082/3363, time remaining: 45s
Rendered 2083/3363, time remaining: 45s
Rendered 2084/3363, time remaining: 47s
Rendered 2085/3363, time remaining: 47s
Rendered 2086/3363, time remaining: 46s
Rendered 2087/3363, time remaining: 47s
Rendered 2088/3363, time remaining: 47s
Rendered 2089/3363, time remaining: 45s
Rendered 2090/3363, time remaining: 45s
Rendered 2091/3363, time remaining: 45s
Rendered 2092/3363, time remaining: 46s
Rendered 2093/3363, time remaining: 45s
Rendered 2094/3363, time remaining: 47s
Rendered 2095/3363, time remaining: 47s
Rendered 2096/3363, time remaining: 46s
Rendered 2097/3363, time remaining: 45s
Rendered 2098/3363, time remaining: 45s
Rendered 2099/3363, time remaining: 45s
Rendered 2100/3363, time remaining: 45s
Rendered 2101/3363, time remaining: 45s
Rendered 2102/3363, time remaining: 45s
Rendered 2103/3363, time remaining: 46s
Rendered 2104/3363, time remaining: 46s
Rendered 2105/3363, time remaining: 45s
Rendered 2106/3363, time remaining: 45s
Rendered 2107/3363, time remaining: 45s
Rendered 2108/3363, time remaining: 45s
Rendered 2109/3363, time remaining: 45s
Rendered 2110/3363, time remaining: 45s
Rendered 2111/3363, time remaining: 46s
Rendered 2112/3363, time remaining: 46s
Rendered 2113/3363, time remaining: 45s
Rendered 2114/3363, time remaining: 45s
Rendered 2115/3363, time remaining: 44s
Rendered 2116/3363, time remaining: 45s
Rendered 2117/3363, time remaining: 45s
Rendered 2118/3363, time remaining: 44s
Rendered 2119/3363, time remaining: 45s
Rendered 2120/3363, time remaining: 45s
Rendered 2121/3363, time remaining: 44s
Rendered 2122/3363, time remaining: 44s
Rendered 2123/3363, time remaining: 44s
Rendered 2124/3363, time remaining: 44s
Rendered 2125/3363, time remaining: 44s
Rendered 2126/3363, time remaining: 44s
Rendered 2127/3363, time remaining: 45s
Rendered 2128/3363, time remaining: 45s
Rendered 2129/3363, time remaining: 44s
Rendered 2130/3363, time remaining: 44s
Rendered 2131/3363, time remaining: 44s
Rendered 2132/3363, time remaining: 44s
Rendered 2133/3363, time remaining: 43s
Rendered 2134/3363, time remaining: 44s
Rendered 2135/3363, time remaining: 44s
Rendered 2136/3363, time remaining: 44s
Rendered 2137/3363, time remaining: 44s
Rendered 2138/3363, time remaining: 44s
Rendered 2139/3363, time remaining: 43s
Rendered 2140/3363, time remaining: 43s
Rendered 2141/3363, time remaining: 43s
Rendered 2142/3363, time remaining: 43s
Rendered 2143/3363, time remaining: 43s
Rendered 2144/3363, time remaining: 43s
Rendered 2145/3363, time remaining: 44s
Rendered 2146/3363, time remaining: 43s
Rendered 2147/3363, time remaining: 43s
Rendered 2148/3363, time remaining: 44s
Rendered 2149/3363, time remaining: 44s
Rendered 2150/3363, time remaining: 43s
Rendered 2151/3363, time remaining: 43s
Rendered 2152/3363, time remaining: 44s
Rendered 2153/3363, time remaining: 43s
Rendered 2154/3363, time remaining: 42s
Rendered 2155/3363, time remaining: 43s
Rendered 2156/3363, time remaining: 43s
Rendered 2157/3363, time remaining: 43s
Rendered 2158/3363, time remaining: 43s
Rendered 2159/3363, time remaining: 43s
Rendered 2160/3363, time remaining: 43s
Rendered 2161/3363, time remaining: 42s
Rendered 2162/3363, time remaining: 42s
Rendered 2163/3363, time remaining: 43s
Rendered 2164/3363, time remaining: 43s
Rendered 2165/3363, time remaining: 44s
Rendered 2166/3363, time remaining: 43s
Rendered 2167/3363, time remaining: 43s
Rendered 2168/3363, time remaining: 43s
Rendered 2169/3363, time remaining: 42s
Rendered 2170/3363, time remaining: 42s
Rendered 2171/3363, time remaining: 42s
Rendered 2172/3363, time remaining: 42s
Rendered 2173/3363, time remaining: 43s
Rendered 2174/3363, time remaining: 43s
Rendered 2175/3363, time remaining: 43s
Rendered 2176/3363, time remaining: 43s
Rendered 2177/3363, time remaining: 42s
Rendered 2178/3363, time remaining: 42s
Rendered 2179/3363, time remaining: 42s
Rendered 2180/3363, time remaining: 42s
Rendered 2181/3363, time remaining: 43s
Rendered 2182/3363, time remaining: 43s
Rendered 2183/3363, time remaining: 43s
Rendered 2184/3363, time remaining: 43s
Rendered 2185/3363, time remaining: 42s
Rendered 2186/3363, time remaining: 42s
Rendered 2187/3363, time remaining: 42s
Rendered 2188/3363, time remaining: 42s
Rendered 2189/3363, time remaining: 43s
Rendered 2190/3363, time remaining: 43s
Rendered 2191/3363, time remaining: 42s
Rendered 2192/3363, time remaining: 42s
Rendered 2193/3363, time remaining: 42s
Rendered 2194/3363, time remaining: 42s
Rendered 2195/3363, time remaining: 42s
Rendered 2196/3363, time remaining: 41s
Rendered 2197/3363, time remaining: 42s
Rendered 2198/3363, time remaining: 43s
Rendered 2199/3363, time remaining: 42s
Rendered 2200/3363, time remaining: 43s
Rendered 2201/3363, time remaining: 42s
Rendered 2202/3363, time remaining: 42s
Rendered 2203/3363, time remaining: 42s
Rendered 2204/3363, time remaining: 42s
Rendered 2205/3363, time remaining: 42s
Rendered 2206/3363, time remaining: 42s
Rendered 2207/3363, time remaining: 42s
Rendered 2208/3363, time remaining: 42s
Rendered 2209/3363, time remaining: 42s
Rendered 2210/3363, time remaining: 41s
Rendered 2211/3363, time remaining: 41s
Rendered 2212/3363, time remaining: 42s
Rendered 2213/3363, time remaining: 42s
Rendered 2214/3363, time remaining: 42s
Rendered 2215/3363, time remaining: 42s
Rendered 2216/3363, time remaining: 42s
Rendered 2217/3363, time remaining: 42s
Rendered 2218/3363, time remaining: 41s
Rendered 2219/3363, time remaining: 41s
Rendered 2220/3363, time remaining: 42s
Rendered 2221/3363, time remaining: 42s
Rendered 2222/3363, time remaining: 42s
Rendered 2223/3363, time remaining: 42s
Rendered 2224/3363, time remaining: 42s
Rendered 2225/3363, time remaining: 41s
Rendered 2226/3363, time remaining: 40s
Rendered 2227/3363, time remaining: 41s
Rendered 2228/3363, time remaining: 41s
Rendered 2229/3363, time remaining: 41s
Rendered 2230/3363, time remaining: 41s
Rendered 2231/3363, time remaining: 41s
Rendered 2232/3363, time remaining: 41s
Rendered 2233/3363, time remaining: 41s
Rendered 2234/3363, time remaining: 40s
Rendered 2235/3363, time remaining: 41s
Rendered 2236/3363, time remaining: 40s
Rendered 2237/3363, time remaining: 41s
Rendered 2238/3363, time remaining: 41s
Rendered 2239/3363, time remaining: 41s
Rendered 2240/3363, time remaining: 41s
Rendered 2241/3363, time remaining: 41s
Rendered 2242/3363, time remaining: 41s
Rendered 2243/3363, time remaining: 41s
Rendered 2244/3363, time remaining: 40s
Rendered 2245/3363, time remaining: 40s
Rendered 2246/3363, time remaining: 41s
Rendered 2247/3363, time remaining: 41s
Rendered 2248/3363, time remaining: 41s
Rendered 2249/3363, time remaining: 41s
Rendered 2250/3363, time remaining: 41s
Rendered 2251/3363, time remaining: 41s
Rendered 2252/3363, time remaining: 40s
Rendered 2253/3363, time remaining: 40s
Rendered 2254/3363, time remaining: 40s
Rendered 2255/3363, time remaining: 40s
Rendered 2256/3363, time remaining: 40s
Rendered 2257/3363, time remaining: 41s
Rendered 2258/3363, time remaining: 41s
Rendered 2259/3363, time remaining: 41s
Rendered 2260/3363, time remaining: 40s
Rendered 2261/3363, time remaining: 40s
Rendered 2262/3363, time remaining: 40s
Rendered 2263/3363, time remaining: 40s
Rendered 2264/3363, time remaining: 40s
Rendered 2265/3363, time remaining: 40s
Rendered 2266/3363, time remaining: 40s
Rendered 2267/3363, time remaining: 39s
Rendered 2268/3363, time remaining: 40s
Rendered 2269/3363, time remaining: 40s
Rendered 2270/3363, time remaining: 40s
Rendered 2271/3363, time remaining: 40s
Rendered 2272/3363, time remaining: 40s
Rendered 2273/3363, time remaining: 39s
Rendered 2274/3363, time remaining: 39s
Rendered 2275/3363, time remaining: 39s
Rendered 2276/3363, time remaining: 40s
Rendered 2277/3363, time remaining: 40s
Rendered 2278/3363, time remaining: 39s
Rendered 2279/3363, time remaining: 40s
Rendered 2280/3363, time remaining: 40s
Rendered 2281/3363, time remaining: 39s
Rendered 2282/3363, time remaining: 40s
Rendered 2283/3363, time remaining: 39s
Rendered 2284/3363, time remaining: 40s
Rendered 2285/3363, time remaining: 39s
Rendered 2286/3363, time remaining: 39s
Rendered 2287/3363, time remaining: 39s
Rendered 2288/3363, time remaining: 39s
Rendered 2289/3363, time remaining: 39s
Rendered 2290/3363, time remaining: 39s
Rendered 2291/3363, time remaining: 40s
Rendered 2292/3363, time remaining: 40s
Rendered 2293/3363, time remaining: 39s
Rendered 2294/3363, time remaining: 39s
Rendered 2295/3363, time remaining: 39s
Rendered 2296/3363, time remaining: 39s
Rendered 2297/3363, time remaining: 39s
Rendered 2298/3363, time remaining: 38s
Rendered 2299/3363, time remaining: 39s
Rendered 2300/3363, time remaining: 40s
Rendered 2301/3363, time remaining: 40s
Rendered 2302/3363, time remaining: 39s
Rendered 2303/3363, time remaining: 39s
Rendered 2304/3363, time remaining: 39s
Rendered 2305/3363, time remaining: 38s
Rendered 2306/3363, time remaining: 39s
Rendered 2307/3363, time remaining: 38s
Rendered 2308/3363, time remaining: 39s
Rendered 2309/3363, time remaining: 39s
Rendered 2310/3363, time remaining: 39s
Rendered 2311/3363, time remaining: 39s
Rendered 2312/3363, time remaining: 39s
Rendered 2313/3363, time remaining: 38s
Rendered 2314/3363, time remaining: 38s
Rendered 2315/3363, time remaining: 38s
Rendered 2316/3363, time remaining: 38s
Rendered 2317/3363, time remaining: 39s
Rendered 2318/3363, time remaining: 39s
Rendered 2319/3363, time remaining: 39s
Rendered 2320/3363, time remaining: 39s
Rendered 2321/3363, time remaining: 38s
Rendered 2322/3363, time remaining: 38s
Rendered 2323/3363, time remaining: 38s
Rendered 2324/3363, time remaining: 38s
Rendered 2325/3363, time remaining: 38s
Rendered 2326/3363, time remaining: 38s
Rendered 2327/3363, time remaining: 39s
Rendered 2328/3363, time remaining: 39s
Rendered 2329/3363, time remaining: 39s
Rendered 2330/3363, time remaining: 38s
Rendered 2331/3363, time remaining: 37s
Rendered 2332/3363, time remaining: 37s
Rendered 2333/3363, time remaining: 37s
Rendered 2334/3363, time remaining: 38s
Rendered 2335/3363, time remaining: 38s
Rendered 2336/3363, time remaining: 38s
Rendered 2337/3363, time remaining: 38s
Rendered 2338/3363, time remaining: 38s
Rendered 2339/3363, time remaining: 37s
Rendered 2340/3363, time remaining: 37s
Rendered 2341/3363, time remaining: 37s
Rendered 2342/3363, time remaining: 38s
Rendered 2343/3363, time remaining: 38s
Rendered 2344/3363, time remaining: 37s
Rendered 2345/3363, time remaining: 37s
Rendered 2346/3363, time remaining: 37s
Rendered 2347/3363, time remaining: 37s
Rendered 2348/3363, time remaining: 36s
Rendered 2349/3363, time remaining: 36s
Rendered 2350/3363, time remaining: 37s
Rendered 2351/3363, time remaining: 37s
Rendered 2352/3363, time remaining: 37s
Rendered 2353/3363, time remaining: 37s
Rendered 2354/3363, time remaining: 37s
Rendered 2355/3363, time remaining: 37s
Rendered 2356/3363, time remaining: 36s
Rendered 2357/3363, time remaining: 36s
Rendered 2358/3363, time remaining: 37s
Rendered 2359/3363, time remaining: 36s
Rendered 2360/3363, time remaining: 36s
Rendered 2361/3363, time remaining: 36s
Rendered 2362/3363, time remaining: 36s
Rendered 2363/3363, time remaining: 36s
Rendered 2364/3363, time remaining: 36s
Rendered 2365/3363, time remaining: 35s
Rendered 2366/3363, time remaining: 36s
Rendered 2367/3363, time remaining: 36s
Rendered 2368/3363, time remaining: 36s
Rendered 2369/3363, time remaining: 36s
Rendered 2370/3363, time remaining: 36s
Rendered 2371/3363, time remaining: 36s
Rendered 2372/3363, time remaining: 36s
Rendered 2373/3363, time remaining: 36s
Rendered 2374/3363, time remaining: 36s
Rendered 2375/3363, time remaining: 36s
Rendered 2376/3363, time remaining: 36s
Rendered 2377/3363, time remaining: 35s
Rendered 2378/3363, time remaining: 36s
Rendered 2379/3363, time remaining: 35s
Rendered 2380/3363, time remaining: 36s
Rendered 2381/3363, time remaining: 36s
Rendered 2382/3363, time remaining: 35s
Rendered 2383/3363, time remaining: 35s
Rendered 2384/3363, time remaining: 35s
Rendered 2385/3363, time remaining: 35s
Rendered 2386/3363, time remaining: 36s
Rendered 2387/3363, time remaining: 35s
Rendered 2388/3363, time remaining: 35s
Rendered 2389/3363, time remaining: 35s
Rendered 2390/3363, time remaining: 35s
Rendered 2391/3363, time remaining: 35s
Rendered 2392/3363, time remaining: 35s
Rendered 2393/3363, time remaining: 35s
Rendered 2394/3363, time remaining: 36s
Rendered 2395/3363, time remaining: 35s
Rendered 2396/3363, time remaining: 35s
Rendered 2397/3363, time remaining: 35s
Rendered 2398/3363, time remaining: 34s
Rendered 2399/3363, time remaining: 34s
Rendered 2400/3363, time remaining: 34s
Rendered 2401/3363, time remaining: 35s
Rendered 2402/3363, time remaining: 35s
Rendered 2403/3363, time remaining: 35s
Rendered 2404/3363, time remaining: 35s
Rendered 2405/3363, time remaining: 34s
Rendered 2406/3363, time remaining: 34s
Rendered 2407/3363, time remaining: 34s
Rendered 2408/3363, time remaining: 34s
Rendered 2409/3363, time remaining: 35s
Rendered 2410/3363, time remaining: 35s
Rendered 2411/3363, time remaining: 34s
Rendered 2412/3363, time remaining: 34s
Rendered 2413/3363, time remaining: 34s
Rendered 2414/3363, time remaining: 34s
Rendered 2415/3363, time remaining: 34s
Rendered 2416/3363, time remaining: 34s
Rendered 2417/3363, time remaining: 34s
Rendered 2418/3363, time remaining: 35s
Rendered 2419/3363, time remaining: 34s
Rendered 2420/3363, time remaining: 34s
Rendered 2421/3363, time remaining: 34s
Rendered 2422/3363, time remaining: 33s
Rendered 2423/3363, time remaining: 34s
Rendered 2424/3363, time remaining: 34s
Rendered 2425/3363, time remaining: 34s
Rendered 2426/3363, time remaining: 34s
Rendered 2427/3363, time remaining: 34s
Rendered 2428/3363, time remaining: 34s
Rendered 2429/3363, time remaining: 33s
Rendered 2430/3363, time remaining: 33s
Rendered 2431/3363, time remaining: 34s
Rendered 2432/3363, time remaining: 34s
Rendered 2433/3363, time remaining: 34s
Rendered 2434/3363, time remaining: 33s
Rendered 2435/3363, time remaining: 33s
Rendered 2436/3363, time remaining: 33s
Rendered 2437/3363, time remaining: 34s
Rendered 2438/3363, time remaining: 33s
Rendered 2439/3363, time remaining: 33s
Rendered 2440/3363, time remaining: 34s
Rendered 2441/3363, time remaining: 33s
Rendered 2442/3363, time remaining: 33s
Rendered 2443/3363, time remaining: 33s
Rendered 2444/3363, time remaining: 33s
Rendered 2445/3363, time remaining: 33s
Rendered 2446/3363, time remaining: 33s
Rendered 2447/3363, time remaining: 33s
Rendered 2448/3363, time remaining: 33s
Rendered 2449/3363, time remaining: 33s
Rendered 2450/3363, time remaining: 32s
Rendered 2451/3363, time remaining: 32s
Rendered 2452/3363, time remaining: 32s
Rendered 2453/3363, time remaining: 33s
Rendered 2454/3363, time remaining: 33s
Rendered 2455/3363, time remaining: 33s
Rendered 2456/3363, time remaining: 32s
Rendered 2457/3363, time remaining: 33s
Rendered 2458/3363, time remaining: 32s
Rendered 2459/3363, time remaining: 32s
Rendered 2460/3363, time remaining: 32s
Rendered 2461/3363, time remaining: 32s
Rendered 2462/3363, time remaining: 32s
Rendered 2463/3363, time remaining: 32s
Rendered 2464/3363, time remaining: 32s
Rendered 2465/3363, time remaining: 32s
Rendered 2466/3363, time remaining: 32s
Rendered 2467/3363, time remaining: 31s
Rendered 2468/3363, time remaining: 31s
Rendered 2469/3363, time remaining: 32s
Rendered 2470/3363, time remaining: 32s
Rendered 2471/3363, time remaining: 32s
Rendered 2472/3363, time remaining: 32s
Rendered 2473/3363, time remaining: 31s
Rendered 2474/3363, time remaining: 31s
Rendered 2475/3363, time remaining: 32s
Rendered 2476/3363, time remaining: 32s
Rendered 2477/3363, time remaining: 32s
Rendered 2478/3363, time remaining: 31s
Rendered 2479/3363, time remaining: 31s
Rendered 2480/3363, time remaining: 31s
Rendered 2481/3363, time remaining: 32s
Rendered 2482/3363, time remaining: 32s
Rendered 2483/3363, time remaining: 32s
Rendered 2484/3363, time remaining: 31s
Rendered 2485/3363, time remaining: 31s
Rendered 2486/3363, time remaining: 31s
Rendered 2487/3363, time remaining: 31s
Rendered 2488/3363, time remaining: 31s
Rendered 2489/3363, time remaining: 31s
Rendered 2490/3363, time remaining: 31s
Rendered 2491/3363, time remaining: 31s
Rendered 2492/3363, time remaining: 31s
Rendered 2493/3363, time remaining: 31s
Rendered 2494/3363, time remaining: 31s
Rendered 2495/3363, time remaining: 31s
Rendered 2496/3363, time remaining: 31s
Rendered 2497/3363, time remaining: 30s
Rendered 2498/3363, time remaining: 31s
Rendered 2499/3363, time remaining: 31s
Rendered 2500/3363, time remaining: 31s
Rendered 2501/3363, time remaining: 31s
Rendered 2502/3363, time remaining: 31s
Rendered 2503/3363, time remaining: 31s
Rendered 2504/3363, time remaining: 31s
Rendered 2505/3363, time remaining: 30s
Rendered 2506/3363, time remaining: 30s
Rendered 2507/3363, time remaining: 30s
Rendered 2508/3363, time remaining: 30s
Rendered 2509/3363, time remaining: 30s
Rendered 2510/3363, time remaining: 31s
Rendered 2511/3363, time remaining: 30s
Rendered 2512/3363, time remaining: 30s
Rendered 2513/3363, time remaining: 30s
Rendered 2514/3363, time remaining: 30s
Rendered 2515/3363, time remaining: 30s
Rendered 2516/3363, time remaining: 30s
Rendered 2517/3363, time remaining: 30s
Rendered 2518/3363, time remaining: 30s
Rendered 2519/3363, time remaining: 29s
Rendered 2520/3363, time remaining: 29s
Rendered 2521/3363, time remaining: 29s
Rendered 2522/3363, time remaining: 29s
Rendered 2523/3363, time remaining: 29s
Rendered 2524/3363, time remaining: 29s
Rendered 2525/3363, time remaining: 29s
Rendered 2526/3363, time remaining: 28s
Rendered 2527/3363, time remaining: 28s
Rendered 2528/3363, time remaining: 28s
Rendered 2529/3363, time remaining: 28s
Rendered 2530/3363, time remaining: 27s
Rendered 2531/3363, time remaining: 27s
Rendered 2532/3363, time remaining: 27s
Rendered 2533/3363, time remaining: 28s
Rendered 2534/3363, time remaining: 27s
Rendered 2535/3363, time remaining: 27s
Rendered 2536/3363, time remaining: 27s
Rendered 2537/3363, time remaining: 27s
Rendered 2538/3363, time remaining: 27s
Rendered 2539/3363, time remaining: 27s
Rendered 2540/3363, time remaining: 27s
Rendered 2541/3363, time remaining: 27s
Rendered 2542/3363, time remaining: 28s
Rendered 2543/3363, time remaining: 27s
Rendered 2544/3363, time remaining: 27s
Rendered 2545/3363, time remaining: 27s
Rendered 2546/3363, time remaining: 26s
Rendered 2547/3363, time remaining: 27s
Rendered 2548/3363, time remaining: 27s
Rendered 2549/3363, time remaining: 27s
Rendered 2550/3363, time remaining: 27s
Rendered 2551/3363, time remaining: 27s
Rendered 2552/3363, time remaining: 26s
Rendered 2553/3363, time remaining: 27s
Rendered 2554/3363, time remaining: 27s
Rendered 2555/3363, time remaining: 27s
Rendered 2556/3363, time remaining: 27s
Rendered 2557/3363, time remaining: 26s
Rendered 2558/3363, time remaining: 26s
Rendered 2559/3363, time remaining: 26s
Rendered 2560/3363, time remaining: 26s
Rendered 2561/3363, time remaining: 26s
Rendered 2562/3363, time remaining: 26s
Rendered 2563/3363, time remaining: 27s
Rendered 2564/3363, time remaining: 27s
Rendered 2565/3363, time remaining: 27s
Rendered 2566/3363, time remaining: 26s
Rendered 2567/3363, time remaining: 26s
Rendered 2568/3363, time remaining: 26s
Rendered 2569/3363, time remaining: 26s
Rendered 2570/3363, time remaining: 27s
Rendered 2571/3363, time remaining: 27s
Rendered 2572/3363, time remaining: 27s
Rendered 2573/3363, time remaining: 26s
Rendered 2574/3363, time remaining: 26s
Rendered 2575/3363, time remaining: 26s
Rendered 2576/3363, time remaining: 26s
Rendered 2577/3363, time remaining: 26s
Rendered 2578/3363, time remaining: 26s
Rendered 2579/3363, time remaining: 27s
Rendered 2580/3363, time remaining: 27s
Rendered 2581/3363, time remaining: 26s
Rendered 2582/3363, time remaining: 26s
Rendered 2583/3363, time remaining: 26s
Rendered 2584/3363, time remaining: 26s
Rendered 2585/3363, time remaining: 26s
Rendered 2586/3363, time remaining: 26s
Rendered 2587/3363, time remaining: 26s
Rendered 2588/3363, time remaining: 26s
Rendered 2589/3363, time remaining: 26s
Rendered 2590/3363, time remaining: 25s
Rendered 2591/3363, time remaining: 26s
Rendered 2592/3363, time remaining: 26s
Rendered 2593/3363, time remaining: 26s
Rendered 2594/3363, time remaining: 26s
Rendered 2595/3363, time remaining: 26s
Rendered 2596/3363, time remaining: 26s
Rendered 2597/3363, time remaining: 25s
Rendered 2598/3363, time remaining: 26s
Rendered 2599/3363, time remaining: 26s
Rendered 2600/3363, time remaining: 26s
Rendered 2601/3363, time remaining: 26s
Rendered 2602/3363, time remaining: 26s
Rendered 2603/3363, time remaining: 26s
Rendered 2604/3363, time remaining: 25s
Rendered 2605/3363, time remaining: 25s
Rendered 2606/3363, time remaining: 26s
Rendered 2607/3363, time remaining: 26s
Rendered 2608/3363, time remaining: 26s
Rendered 2609/3363, time remaining: 26s
Rendered 2610/3363, time remaining: 25s
Rendered 2611/3363, time remaining: 25s
Rendered 2612/3363, time remaining: 25s
Rendered 2613/3363, time remaining: 25s
Rendered 2614/3363, time remaining: 26s
Rendered 2615/3363, time remaining: 26s
Rendered 2616/3363, time remaining: 26s
Rendered 2617/3363, time remaining: 26s
Rendered 2618/3363, time remaining: 26s
Rendered 2619/3363, time remaining: 25s
Rendered 2620/3363, time remaining: 25s
Rendered 2621/3363, time remaining: 25s
Rendered 2622/3363, time remaining: 25s
Rendered 2623/3363, time remaining: 25s
Rendered 2624/3363, time remaining: 25s
Rendered 2625/3363, time remaining: 25s
Rendered 2626/3363, time remaining: 25s
Rendered 2627/3363, time remaining: 25s
Rendered 2628/3363, time remaining: 25s
Rendered 2629/3363, time remaining: 25s
Rendered 2630/3363, time remaining: 26s
Rendered 2631/3363, time remaining: 25s
Rendered 2632/3363, time remaining: 25s
Rendered 2633/3363, time remaining: 25s
Rendered 2634/3363, time remaining: 25s
Rendered 2635/3363, time remaining: 25s
Rendered 2636/3363, time remaining: 25s
Rendered 2637/3363, time remaining: 25s
Rendered 2638/3363, time remaining: 25s
Rendered 2639/3363, time remaining: 25s
Rendered 2640/3363, time remaining: 25s
Rendered 2641/3363, time remaining: 25s
Rendered 2642/3363, time remaining: 24s
Rendered 2643/3363, time remaining: 24s
Rendered 2644/3363, time remaining: 24s
Rendered 2645/3363, time remaining: 25s
Rendered 2646/3363, time remaining: 25s
Rendered 2647/3363, time remaining: 25s
Rendered 2648/3363, time remaining: 25s
Rendered 2649/3363, time remaining: 25s
Rendered 2650/3363, time remaining: 24s
Rendered 2651/3363, time remaining: 24s
Rendered 2652/3363, time remaining: 24s
Rendered 2653/3363, time remaining: 24s
Rendered 2654/3363, time remaining: 24s
Rendered 2655/3363, time remaining: 24s
Rendered 2656/3363, time remaining: 25s
Rendered 2657/3363, time remaining: 25s
Rendered 2658/3363, time remaining: 24s
Rendered 2659/3363, time remaining: 24s
Rendered 2660/3363, time remaining: 24s
Rendered 2661/3363, time remaining: 24s
Rendered 2662/3363, time remaining: 24s
Rendered 2663/3363, time remaining: 24s
Rendered 2664/3363, time remaining: 24s
Rendered 2665/3363, time remaining: 24s
Rendered 2666/3363, time remaining: 24s
Rendered 2667/3363, time remaining: 24s
Rendered 2668/3363, time remaining: 24s
Rendered 2669/3363, time remaining: 24s
Rendered 2670/3363, time remaining: 24s
Rendered 2671/3363, time remaining: 24s
Rendered 2672/3363, time remaining: 25s
Rendered 2673/3363, time remaining: 25s
Rendered 2674/3363, time remaining: 25s
Rendered 2675/3363, time remaining: 25s
Rendered 2676/3363, time remaining: 25s
Rendered 2677/3363, time remaining: 25s
Rendered 2678/3363, time remaining: 25s
Rendered 2679/3363, time remaining: 25s
Rendered 2680/3363, time remaining: 26s
Rendered 2681/3363, time remaining: 25s
Rendered 2682/3363, time remaining: 25s
Rendered 2683/3363, time remaining: 25s
Rendered 2684/3363, time remaining: 25s
Rendered 2685/3363, time remaining: 26s
Rendered 2686/3363, time remaining: 26s
Rendered 2687/3363, time remaining: 25s
Rendered 2688/3363, time remaining: 25s
Rendered 2689/3363, time remaining: 26s
Rendered 2690/3363, time remaining: 25s
Rendered 2691/3363, time remaining: 25s
Rendered 2692/3363, time remaining: 25s
Rendered 2693/3363, time remaining: 25s
Rendered 2694/3363, time remaining: 25s
Rendered 2695/3363, time remaining: 25s
Rendered 2696/3363, time remaining: 25s
Rendered 2697/3363, time remaining: 25s
Rendered 2698/3363, time remaining: 25s
Rendered 2699/3363, time remaining: 25s
Rendered 2700/3363, time remaining: 25s
Rendered 2701/3363, time remaining: 25s
Rendered 2702/3363, time remaining: 25s
Rendered 2703/3363, time remaining: 25s
Rendered 2704/3363, time remaining: 25s
Rendered 2705/3363, time remaining: 24s
Rendered 2706/3363, time remaining: 24s
Rendered 2707/3363, time remaining: 25s
Rendered 2708/3363, time remaining: 24s
Rendered 2709/3363, time remaining: 25s
Rendered 2710/3363, time remaining: 25s
Rendered 2711/3363, time remaining: 25s
Rendered 2712/3363, time remaining: 25s
Rendered 2713/3363, time remaining: 24s
Rendered 2714/3363, time remaining: 24s
Rendered 2715/3363, time remaining: 24s
Rendered 2716/3363, time remaining: 24s
Rendered 2717/3363, time remaining: 24s
Rendered 2718/3363, time remaining: 25s
Rendered 2719/3363, time remaining: 25s
Rendered 2720/3363, time remaining: 24s
Rendered 2721/3363, time remaining: 24s
Rendered 2722/3363, time remaining: 24s
Rendered 2723/3363, time remaining: 24s
Rendered 2724/3363, time remaining: 24s
Rendered 2725/3363, time remaining: 24s
Rendered 2726/3363, time remaining: 24s
Rendered 2727/3363, time remaining: 25s
Rendered 2728/3363, time remaining: 24s
Rendered 2729/3363, time remaining: 23s
Rendered 2730/3363, time remaining: 23s
Rendered 2731/3363, time remaining: 23s
Rendered 2732/3363, time remaining: 24s
Rendered 2733/3363, time remaining: 23s
Rendered 2734/3363, time remaining: 23s
Rendered 2735/3363, time remaining: 24s
Rendered 2736/3363, time remaining: 24s
Rendered 2737/3363, time remaining: 23s
Rendered 2738/3363, time remaining: 24s
Rendered 2739/3363, time remaining: 24s
Rendered 2740/3363, time remaining: 23s
Rendered 2741/3363, time remaining: 23s
Rendered 2742/3363, time remaining: 23s
Rendered 2743/3363, time remaining: 23s
Rendered 2744/3363, time remaining: 23s
Rendered 2745/3363, time remaining: 23s
Rendered 2746/3363, time remaining: 23s
Rendered 2747/3363, time remaining: 23s
Rendered 2748/3363, time remaining: 23s
Rendered 2749/3363, time remaining: 22s
Rendered 2750/3363, time remaining: 22s
Rendered 2751/3363, time remaining: 23s
Rendered 2752/3363, time remaining: 23s
Rendered 2753/3363, time remaining: 23s
Rendered 2754/3363, time remaining: 23s
Rendered 2755/3363, time remaining: 23s
Rendered 2756/3363, time remaining: 23s
Rendered 2757/3363, time remaining: 22s
Rendered 2758/3363, time remaining: 22s
Rendered 2759/3363, time remaining: 23s
Rendered 2760/3363, time remaining: 23s
Rendered 2761/3363, time remaining: 22s
Rendered 2762/3363, time remaining: 22s
Rendered 2763/3363, time remaining: 23s
Rendered 2764/3363, time remaining: 22s
Rendered 2765/3363, time remaining: 22s
Rendered 2766/3363, time remaining: 22s
Rendered 2767/3363, time remaining: 22s
Rendered 2768/3363, time remaining: 22s
Rendered 2769/3363, time remaining: 22s
Rendered 2770/3363, time remaining: 22s
Rendered 2771/3363, time remaining: 22s
Rendered 2772/3363, time remaining: 22s
Rendered 2773/3363, time remaining: 22s
Rendered 2774/3363, time remaining: 22s
Rendered 2775/3363, time remaining: 22s
Rendered 2776/3363, time remaining: 22s
Rendered 2777/3363, time remaining: 22s
Rendered 2778/3363, time remaining: 22s
Rendered 2779/3363, time remaining: 22s
Rendered 2780/3363, time remaining: 21s
Rendered 2781/3363, time remaining: 21s
Rendered 2782/3363, time remaining: 21s
Rendered 2783/3363, time remaining: 22s
Rendered 2784/3363, time remaining: 22s
Rendered 2785/3363, time remaining: 22s
Rendered 2786/3363, time remaining: 21s
Rendered 2787/3363, time remaining: 21s
Rendered 2788/3363, time remaining: 21s
Rendered 2789/3363, time remaining: 21s
Rendered 2790/3363, time remaining: 21s
Rendered 2791/3363, time remaining: 21s
Rendered 2792/3363, time remaining: 21s
Rendered 2793/3363, time remaining: 21s
Rendered 2794/3363, time remaining: 21s
Rendered 2795/3363, time remaining: 21s
Rendered 2796/3363, time remaining: 21s
Rendered 2797/3363, time remaining: 21s
Rendered 2798/3363, time remaining: 20s
Rendered 2799/3363, time remaining: 21s
Rendered 2800/3363, time remaining: 21s
Rendered 2801/3363, time remaining: 21s
Rendered 2802/3363, time remaining: 21s
Rendered 2803/3363, time remaining: 21s
Rendered 2804/3363, time remaining: 21s
Rendered 2805/3363, time remaining: 21s
Rendered 2806/3363, time remaining: 20s
Rendered 2807/3363, time remaining: 20s
Rendered 2808/3363, time remaining: 20s
Rendered 2809/3363, time remaining: 20s
Rendered 2810/3363, time remaining: 21s
Rendered 2811/3363, time remaining: 21s
Rendered 2812/3363, time remaining: 20s
Rendered 2813/3363, time remaining: 20s
Rendered 2814/3363, time remaining: 20s
Rendered 2815/3363, time remaining: 20s
Rendered 2816/3363, time remaining: 20s
Rendered 2817/3363, time remaining: 20s
Rendered 2818/3363, time remaining: 20s
Rendered 2819/3363, time remaining: 20s
Rendered 2820/3363, time remaining: 20s
Rendered 2821/3363, time remaining: 20s
Rendered 2822/3363, time remaining: 20s
Rendered 2823/3363, time remaining: 19s
Rendered 2824/3363, time remaining: 19s
Rendered 2825/3363, time remaining: 19s
Rendered 2826/3363, time remaining: 19s
Rendered 2827/3363, time remaining: 20s
Rendered 2828/3363, time remaining: 20s
Rendered 2829/3363, time remaining: 20s
Rendered 2830/3363, time remaining: 19s
Rendered 2831/3363, time remaining: 19s
Rendered 2832/3363, time remaining: 19s
Rendered 2833/3363, time remaining: 19s
Rendered 2834/3363, time remaining: 19s
Rendered 2835/3363, time remaining: 19s
Rendered 2836/3363, time remaining: 19s
Rendered 2837/3363, time remaining: 19s
Rendered 2838/3363, time remaining: 19s
Rendered 2839/3363, time remaining: 19s
Rendered 2840/3363, time remaining: 19s
Rendered 2841/3363, time remaining: 19s
Rendered 2842/3363, time remaining: 19s
Rendered 2843/3363, time remaining: 19s
Rendered 2844/3363, time remaining: 19s
Rendered 2845/3363, time remaining: 19s
Rendered 2846/3363, time remaining: 19s
Rendered 2847/3363, time remaining: 19s
Rendered 2848/3363, time remaining: 19s
Rendered 2849/3363, time remaining: 19s
Rendered 2850/3363, time remaining: 19s
Rendered 2851/3363, time remaining: 19s
Rendered 2852/3363, time remaining: 19s
Rendered 2853/3363, time remaining: 19s
Rendered 2854/3363, time remaining: 19s
Rendered 2855/3363, time remaining: 19s
Rendered 2856/3363, time remaining: 19s
Rendered 2857/3363, time remaining: 19s
Rendered 2858/3363, time remaining: 19s
Rendered 2859/3363, time remaining: 19s
Rendered 2860/3363, time remaining: 18s
Rendered 2861/3363, time remaining: 19s
Rendered 2862/3363, time remaining: 19s
Rendered 2863/3363, time remaining: 19s
Rendered 2864/3363, time remaining: 18s
Rendered 2865/3363, time remaining: 18s
Rendered 2866/3363, time remaining: 19s
Rendered 2867/3363, time remaining: 19s
Rendered 2868/3363, time remaining: 18s
Rendered 2869/3363, time remaining: 18s
Rendered 2870/3363, time remaining: 18s
Rendered 2871/3363, time remaining: 18s
Rendered 2872/3363, time remaining: 18s
Rendered 2873/3363, time remaining: 18s
Rendered 2874/3363, time remaining: 18s
Rendered 2875/3363, time remaining: 18s
Rendered 2876/3363, time remaining: 18s
Rendered 2877/3363, time remaining: 18s
Rendered 2878/3363, time remaining: 18s
Rendered 2879/3363, time remaining: 18s
Rendered 2880/3363, time remaining: 18s
Rendered 2881/3363, time remaining: 18s
Rendered 2882/3363, time remaining: 17s
Rendered 2883/3363, time remaining: 18s
Rendered 2884/3363, time remaining: 18s
Rendered 2885/3363, time remaining: 17s
Rendered 2886/3363, time remaining: 17s
Rendered 2887/3363, time remaining: 18s
Rendered 2888/3363, time remaining: 17s
Rendered 2889/3363, time remaining: 17s
Rendered 2890/3363, time remaining: 17s
Rendered 2891/3363, time remaining: 18s
Rendered 2892/3363, time remaining: 18s
Rendered 2893/3363, time remaining: 17s
Rendered 2894/3363, time remaining: 17s
Rendered 2895/3363, time remaining: 17s
Rendered 2896/3363, time remaining: 17s
Rendered 2897/3363, time remaining: 17s
Rendered 2898/3363, time remaining: 17s
Rendered 2899/3363, time remaining: 17s
Rendered 2900/3363, time remaining: 17s
Rendered 2901/3363, time remaining: 17s
Rendered 2902/3363, time remaining: 17s
Rendered 2903/3363, time remaining: 17s
Rendered 2904/3363, time remaining: 17s
Rendered 2905/3363, time remaining: 17s
Rendered 2906/3363, time remaining: 17s
Rendered 2907/3363, time remaining: 17s
Rendered 2908/3363, time remaining: 17s
Rendered 2909/3363, time remaining: 16s
Rendered 2910/3363, time remaining: 16s
Rendered 2911/3363, time remaining: 16s
Rendered 2912/3363, time remaining: 16s
Rendered 2913/3363, time remaining: 17s
Rendered 2914/3363, time remaining: 17s
Rendered 2915/3363, time remaining: 17s
Rendered 2916/3363, time remaining: 17s
Rendered 2917/3363, time remaining: 16s
Rendered 2918/3363, time remaining: 16s
Rendered 2919/3363, time remaining: 16s
Rendered 2920/3363, time remaining: 16s
Rendered 2921/3363, time remaining: 16s
Rendered 2922/3363, time remaining: 16s
Rendered 2923/3363, time remaining: 16s
Rendered 2924/3363, time remaining: 16s
Rendered 2925/3363, time remaining: 16s
Rendered 2926/3363, time remaining: 16s
Rendered 2927/3363, time remaining: 16s
Rendered 2928/3363, time remaining: 16s
Rendered 2929/3363, time remaining: 16s
Rendered 2930/3363, time remaining: 16s
Rendered 2931/3363, time remaining: 16s
Rendered 2932/3363, time remaining: 16s
Rendered 2933/3363, time remaining: 16s
Rendered 2934/3363, time remaining: 16s
Rendered 2935/3363, time remaining: 16s
Rendered 2936/3363, time remaining: 16s
Rendered 2937/3363, time remaining: 16s
Rendered 2938/3363, time remaining: 15s
Rendered 2939/3363, time remaining: 16s
Rendered 2940/3363, time remaining: 16s
Rendered 2941/3363, time remaining: 15s
Rendered 2942/3363, time remaining: 15s
Rendered 2943/3363, time remaining: 15s
Rendered 2944/3363, time remaining: 15s
Rendered 2945/3363, time remaining: 15s
Rendered 2946/3363, time remaining: 15s
Rendered 2947/3363, time remaining: 15s
Rendered 2948/3363, time remaining: 16s
Rendered 2949/3363, time remaining: 15s
Rendered 2950/3363, time remaining: 15s
Rendered 2951/3363, time remaining: 15s
Rendered 2952/3363, time remaining: 15s
Rendered 2953/3363, time remaining: 15s
Rendered 2954/3363, time remaining: 15s
Rendered 2955/3363, time remaining: 15s
Rendered 2956/3363, time remaining: 15s
Rendered 2957/3363, time remaining: 15s
Rendered 2958/3363, time remaining: 15s
Rendered 2959/3363, time remaining: 15s
Rendered 2960/3363, time remaining: 14s
Rendered 2961/3363, time remaining: 15s
Rendered 2962/3363, time remaining: 15s
Rendered 2963/3363, time remaining: 15s
Rendered 2964/3363, time remaining: 15s
Rendered 2965/3363, time remaining: 15s
Rendered 2966/3363, time remaining: 15s
Rendered 2967/3363, time remaining: 14s
Rendered 2968/3363, time remaining: 14s
Rendered 2969/3363, time remaining: 14s
Rendered 2970/3363, time remaining: 14s
Rendered 2971/3363, time remaining: 14s
Rendered 2972/3363, time remaining: 14s
Rendered 2973/3363, time remaining: 14s
Rendered 2974/3363, time remaining: 14s
Rendered 2975/3363, time remaining: 14s
Rendered 2976/3363, time remaining: 14s
Rendered 2977/3363, time remaining: 14s
Rendered 2978/3363, time remaining: 14s
Rendered 2979/3363, time remaining: 14s
Rendered 2980/3363, time remaining: 14s
Rendered 2981/3363, time remaining: 14s
Rendered 2982/3363, time remaining: 14s
Rendered 2983/3363, time remaining: 14s
Rendered 2984/3363, time remaining: 14s
Rendered 2985/3363, time remaining: 14s
Rendered 2986/3363, time remaining: 14s
Rendered 2987/3363, time remaining: 14s
Rendered 2988/3363, time remaining: 13s
Rendered 2989/3363, time remaining: 13s
Rendered 2990/3363, time remaining: 13s
Rendered 2991/3363, time remaining: 13s
Rendered 2992/3363, time remaining: 13s
Rendered 2993/3363, time remaining: 13s
Rendered 2994/3363, time remaining: 13s
Rendered 2995/3363, time remaining: 13s
Rendered 2996/3363, time remaining: 13s
Rendered 2997/3363, time remaining: 13s
Rendered 2998/3363, time remaining: 13s
Rendered 2999/3363, time remaining: 13s
Rendered 3000/3363, time remaining: 13s
Rendered 3001/3363, time remaining: 13s
Rendered 3002/3363, time remaining: 13s
Rendered 3003/3363, time remaining: 13s
Rendered 3004/3363, time remaining: 13s
Rendered 3005/3363, time remaining: 13s
Rendered 3006/3363, time remaining: 13s
Rendered 3007/3363, time remaining: 13s
Rendered 3008/3363, time remaining: 13s
Rendered 3009/3363, time remaining: 12s
Rendered 3010/3363, time remaining: 12s
Rendered 3011/3363, time remaining: 12s
Rendered 3012/3363, time remaining: 12s
Rendered 3013/3363, time remaining: 12s
Rendered 3014/3363, time remaining: 12s
Rendered 3015/3363, time remaining: 12s
Rendered 3016/3363, time remaining: 12s
Rendered 3017/3363, time remaining: 12s
Rendered 3018/3363, time remaining: 12s
Rendered 3019/3363, time remaining: 12s
Rendered 3020/3363, time remaining: 12s
Rendered 3021/3363, time remaining: 12s
Rendered 3022/3363, time remaining: 12s
Rendered 3023/3363, time remaining: 12s
Rendered 3024/3363, time remaining: 12s
Rendered 3025/3363, time remaining: 12s
Rendered 3026/3363, time remaining: 12s
Rendered 3027/3363, time remaining: 12s
Rendered 3028/3363, time remaining: 12s
Rendered 3029/3363, time remaining: 12s
Rendered 3030/3363, time remaining: 12s
Rendered 3031/3363, time remaining: 12s
Rendered 3032/3363, time remaining: 12s
Rendered 3033/3363, time remaining: 12s
Rendered 3034/3363, time remaining: 11s
Rendered 3035/3363, time remaining: 11s
Rendered 3036/3363, time remaining: 11s
Rendered 3037/3363, time remaining: 11s
Rendered 3038/3363, time remaining: 11s
Rendered 3039/3363, time remaining: 11s
Rendered 3040/3363, time remaining: 12s
Rendered 3041/3363, time remaining: 11s
Rendered 3042/3363, time remaining: 11s
Rendered 3043/3363, time remaining: 11s
Rendered 3044/3363, time remaining: 11s
Rendered 3045/3363, time remaining: 11s
Rendered 3046/3363, time remaining: 11s
Rendered 3047/3363, time remaining: 11s
Rendered 3048/3363, time remaining: 11s
Rendered 3049/3363, time remaining: 11s
Rendered 3050/3363, time remaining: 11s
Rendered 3051/3363, time remaining: 11s
Rendered 3052/3363, time remaining: 11s
Rendered 3053/3363, time remaining: 11s
Rendered 3054/3363, time remaining: 11s
Rendered 3055/3363, time remaining: 11s
Rendered 3056/3363, time remaining: 11s
Rendered 3057/3363, time remaining: 10s
Rendered 3058/3363, time remaining: 11s
Rendered 3059/3363, time remaining: 11s
Rendered 3060/3363, time remaining: 11s
Rendered 3061/3363, time remaining: 11s
Rendered 3062/3363, time remaining: 11s
Rendered 3063/3363, time remaining: 10s
Rendered 3064/3363, time remaining: 10s
Rendered 3065/3363, time remaining: 10s
Rendered 3066/3363, time remaining: 10s
Rendered 3067/3363, time remaining: 10s
Rendered 3068/3363, time remaining: 10s
Rendered 3069/3363, time remaining: 10s
Rendered 3070/3363, time remaining: 10s
Rendered 3071/3363, time remaining: 10s
Rendered 3072/3363, time remaining: 10s
Rendered 3073/3363, time remaining: 10s
Rendered 3074/3363, time remaining: 10s
Rendered 3075/3363, time remaining: 10s
Rendered 3076/3363, time remaining: 10s
Rendered 3077/3363, time remaining: 10s
Rendered 3078/3363, time remaining: 10s
Rendered 3079/3363, time remaining: 10s
Rendered 3080/3363, time remaining: 10s
Rendered 3081/3363, time remaining: 10s
Rendered 3082/3363, time remaining: 10s
Rendered 3083/3363, time remaining: 9s
Rendered 3084/3363, time remaining: 10s
Rendered 3085/3363, time remaining: 9s
Rendered 3086/3363, time remaining: 9s
Rendered 3087/3363, time remaining: 9s
Rendered 3088/3363, time remaining: 10s
Rendered 3089/3363, time remaining: 10s
Rendered 3090/3363, time remaining: 9s
Rendered 3091/3363, time remaining: 9s
Rendered 3092/3363, time remaining: 9s
Rendered 3093/3363, time remaining: 9s
Rendered 3094/3363, time remaining: 9s
Rendered 3095/3363, time remaining: 9s
Rendered 3096/3363, time remaining: 9s
Rendered 3097/3363, time remaining: 9s
Rendered 3098/3363, time remaining: 9s
Rendered 3099/3363, time remaining: 9s
Rendered 3100/3363, time remaining: 9s
Rendered 3101/3363, time remaining: 9s
Rendered 3102/3363, time remaining: 9s
Rendered 3103/3363, time remaining: 9s
Rendered 3104/3363, time remaining: 9s
Rendered 3105/3363, time remaining: 9s
Rendered 3106/3363, time remaining: 9s
Rendered 3107/3363, time remaining: 9s
Rendered 3108/3363, time remaining: 9s
Rendered 3109/3363, time remaining: 9s
Rendered 3110/3363, time remaining: 9s
Rendered 3111/3363, time remaining: 8s
Rendered 3112/3363, time remaining: 9s
Rendered 3113/3363, time remaining: 9s
Rendered 3114/3363, time remaining: 8s
Rendered 3115/3363, time remaining: 8s
Rendered 3116/3363, time remaining: 8s
Rendered 3117/3363, time remaining: 8s
Rendered 3118/3363, time remaining: 8s
Rendered 3119/3363, time remaining: 8s
Rendered 3120/3363, time remaining: 8s
Rendered 3121/3363, time remaining: 8s
Rendered 3122/3363, time remaining: 8s
Rendered 3123/3363, time remaining: 8s
Rendered 3124/3363, time remaining: 8s
Rendered 3125/3363, time remaining: 8s
Rendered 3126/3363, time remaining: 8s
Rendered 3127/3363, time remaining: 8s
Rendered 3128/3363, time remaining: 8s
Rendered 3129/3363, time remaining: 8s
Rendered 3130/3363, time remaining: 8s
Rendered 3131/3363, time remaining: 8s
Rendered 3132/3363, time remaining: 8s
Rendered 3133/3363, time remaining: 8s
Rendered 3134/3363, time remaining: 8s
Rendered 3135/3363, time remaining: 8s
Rendered 3136/3363, time remaining: 8s
Rendered 3137/3363, time remaining: 8s
Rendered 3138/3363, time remaining: 8s
Rendered 3139/3363, time remaining: 7s
Rendered 3140/3363, time remaining: 7s
Rendered 3141/3363, time remaining: 7s
Rendered 3142/3363, time remaining: 7s
Rendered 3143/3363, time remaining: 7s
Rendered 3144/3363, time remaining: 7s
Rendered 3145/3363, time remaining: 7s
Rendered 3146/3363, time remaining: 7s
Rendered 3147/3363, time remaining: 7s
Rendered 3148/3363, time remaining: 7s
Rendered 3149/3363, time remaining: 7s
Rendered 3150/3363, time remaining: 7s
Rendered 3151/3363, time remaining: 7s
Rendered 3152/3363, time remaining: 7s
Rendered 3153/3363, time remaining: 7s
Rendered 3154/3363, time remaining: 7s
Rendered 3155/3363, time remaining: 7s
Rendered 3156/3363, time remaining: 7s
Rendered 3157/3363, time remaining: 7s
Rendered 3158/3363, time remaining: 7s
Rendered 3159/3363, time remaining: 7s
Rendered 3160/3363, time remaining: 7s
Rendered 3161/3363, time remaining: 7s
Rendered 3162/3363, time remaining: 7s
Rendered 3163/3363, time remaining: 7s
Rendered 3164/3363, time remaining: 6s
Rendered 3165/3363, time remaining: 7s
Rendered 3166/3363, time remaining: 6s
Rendered 3167/3363, time remaining: 7s
Rendered 3168/3363, time remaining: 6s
Rendered 3169/3363, time remaining: 7s
Rendered 3170/3363, time remaining: 6s
Rendered 3171/3363, time remaining: 6s
Rendered 3172/3363, time remaining: 6s
Rendered 3173/3363, time remaining: 6s
Rendered 3174/3363, time remaining: 6s
Rendered 3175/3363, time remaining: 6s
Rendered 3176/3363, time remaining: 6s
Rendered 3177/3363, time remaining: 6s
Rendered 3178/3363, time remaining: 6s
Rendered 3179/3363, time remaining: 6s
Rendered 3180/3363, time remaining: 6s
Rendered 3181/3363, time remaining: 6s
Rendered 3182/3363, time remaining: 6s
Rendered 3183/3363, time remaining: 6s
Rendered 3184/3363, time remaining: 6s
Rendered 3185/3363, time remaining: 6s
Rendered 3186/3363, time remaining: 6s
Rendered 3187/3363, time remaining: 6s
Rendered 3188/3363, time remaining: 6s
Rendered 3189/3363, time remaining: 6s
Rendered 3190/3363, time remaining: 6s
Rendered 3191/3363, time remaining: 6s
Rendered 3192/3363, time remaining: 6s
Rendered 3193/3363, time remaining: 6s
Rendered 3194/3363, time remaining: 6s
Rendered 3195/3363, time remaining: 5s
Rendered 3196/3363, time remaining: 5s
Rendered 3197/3363, time remaining: 5s
Rendered 3198/3363, time remaining: 5s
Rendered 3199/3363, time remaining: 5s
Rendered 3200/3363, time remaining: 5s
Rendered 3201/3363, time remaining: 5s
Rendered 3202/3363, time remaining: 5s
Rendered 3203/3363, time remaining: 5s
Rendered 3204/3363, time remaining: 5s
Rendered 3205/3363, time remaining: 5s
Rendered 3206/3363, time remaining: 5s
Rendered 3207/3363, time remaining: 5s
Rendered 3208/3363, time remaining: 5s
Rendered 3209/3363, time remaining: 5s
Rendered 3210/3363, time remaining: 5s
Rendered 3211/3363, time remaining: 5s
Rendered 3212/3363, time remaining: 5s
Rendered 3213/3363, time remaining: 5s
Rendered 3214/3363, time remaining: 5s
Rendered 3215/3363, time remaining: 5s
Rendered 3216/3363, time remaining: 5s
Rendered 3217/3363, time remaining: 5s
Rendered 3218/3363, time remaining: 5s
Rendered 3219/3363, time remaining: 5s
Rendered 3220/3363, time remaining: 5s
Rendered 3221/3363, time remaining: 5s
Rendered 3222/3363, time remaining: 5s
Rendered 3223/3363, time remaining: 5s
Rendered 3224/3363, time remaining: 4s
Rendered 3225/3363, time remaining: 4s
Rendered 3226/3363, time remaining: 4s
Rendered 3227/3363, time remaining: 4s
Rendered 3228/3363, time remaining: 4s
Rendered 3229/3363, time remaining: 4s
Rendered 3230/3363, time remaining: 4s
Rendered 3231/3363, time remaining: 4s
Rendered 3232/3363, time remaining: 4s
Rendered 3233/3363, time remaining: 4s
Rendered 3234/3363, time remaining: 4s
Rendered 3235/3363, time remaining: 4s
Rendered 3236/3363, time remaining: 4s
Rendered 3237/3363, time remaining: 4s
Rendered 3238/3363, time remaining: 4s
Rendered 3239/3363, time remaining: 4s
Rendered 3240/3363, time remaining: 4s
Rendered 3241/3363, time remaining: 4s
Rendered 3242/3363, time remaining: 4s
Rendered 3243/3363, time remaining: 4s
Rendered 3244/3363, time remaining: 4s
Rendered 3245/3363, time remaining: 4s
Rendered 3246/3363, time remaining: 4s
Rendered 3247/3363, time remaining: 4s
Rendered 3248/3363, time remaining: 4s
Rendered 3249/3363, time remaining: 4s
Rendered 3250/3363, time remaining: 4s
Rendered 3251/3363, time remaining: 4s
Rendered 3252/3363, time remaining: 4s
Rendered 3253/3363, time remaining: 4s
Rendered 3254/3363, time remaining: 3s
Rendered 3255/3363, time remaining: 3s
Rendered 3256/3363, time remaining: 3s
Rendered 3257/3363, time remaining: 3s
Rendered 3258/3363, time remaining: 3s
Rendered 3259/3363, time remaining: 3s
Rendered 3260/3363, time remaining: 3s
Rendered 3261/3363, time remaining: 3s
Rendered 3262/3363, time remaining: 3s
Rendered 3263/3363, time remaining: 3s
Rendered 3264/3363, time remaining: 3s
Rendered 3265/3363, time remaining: 3s
Rendered 3266/3363, time remaining: 3s
Rendered 3267/3363, time remaining: 3s
Rendered 3268/3363, time remaining: 3s
Rendered 3269/3363, time remaining: 3s
Rendered 3270/3363, time remaining: 3s
Rendered 3271/3363, time remaining: 3s
Rendered 3272/3363, time remaining: 3s
Rendered 3273/3363, time remaining: 3s
Rendered 3274/3363, time remaining: 3s
Rendered 3275/3363, time remaining: 3s
Rendered 3276/3363, time remaining: 3s
Rendered 3277/3363, time remaining: 3s
Rendered 3278/3363, time remaining: 3s
Rendered 3279/3363, time remaining: 3s
Rendered 3280/3363, time remaining: 3s
Rendered 3281/3363, time remaining: 3s
Rendered 3282/3363, time remaining: 2s
Rendered 3283/3363, time remaining: 2s
Rendered 3284/3363, time remaining: 2s
Rendered 3285/3363, time remaining: 2s
Rendered 3286/3363, time remaining: 2s
Rendered 3287/3363, time remaining: 2s
Rendered 3288/3363, time remaining: 2s
Rendered 3289/3363, time remaining: 2s
Rendered 3290/3363, time remaining: 2s
Rendered 3291/3363, time remaining: 2s
Rendered 3292/3363, time remaining: 2s
Rendered 3293/3363, time remaining: 2s
Rendered 3294/3363, time remaining: 2s
Rendered 3295/3363, time remaining: 2s
Rendered 3296/3363, time remaining: 2s
Rendered 3297/3363, time remaining: 2s
Rendered 3298/3363, time remaining: 2s
Rendered 3299/3363, time remaining: 2s
Rendered 3300/3363, time remaining: 2s
Rendered 3301/3363, time remaining: 2s
Rendered 3302/3363, time remaining: 2s
Rendered 3303/3363, time remaining: 2s
Rendered 3304/3363, time remaining: 2s
Rendered 3305/3363, time remaining: 2s
Rendered 3306/3363, time remaining: 2s
Rendered 3307/3363, time remaining: 2s
Rendered 3308/3363, time remaining: 2s
Rendered 3309/3363, time remaining: 1s
Rendered 3310/3363, time remaining: 1s
Rendered 3311/3363, time remaining: 1s
Rendered 3312/3363, time remaining: 1s
Rendered 3313/3363, time remaining: 1s
Rendered 3314/3363, time remaining: 1s
Rendered 3315/3363, time remaining: 1s
Rendered 3316/3363, time remaining: 1s
Rendered 3317/3363, time remaining: 1s
Rendered 3318/3363, time remaining: 1s
Rendered 3319/3363, time remaining: 1s
Rendered 3320/3363, time remaining: 1s
Rendered 3321/3363, time remaining: 1s
Rendered 3322/3363, time remaining: 1s
Rendered 3323/3363, time remaining: 1s
Rendered 3324/3363, time remaining: 1s
Rendered 3325/3363, time remaining: 1s
Rendered 3326/3363, time remaining: 1s
Rendered 3327/3363, time remaining: 1s
Rendered 3328/3363, time remaining: 1s
Rendered 3329/3363, time remaining: 1s
Rendered 3330/3363, time remaining: 1s
Rendered 3331/3363, time remaining: 1s
Rendered 3332/3363, time remaining: 1s
Rendered 3333/3363, time remaining: 1s
Rendered 3334/3363, time remaining: 1s
Rendered 3335/3363, time remaining: 0s
Rendered 3336/3363, time remaining: 0s
Rendered 3337/3363, time remaining: 0s
Rendered 3338/3363, time remaining: 0s
Rendered 3339/3363, time remaining: 0s
Rendered 3340/3363, time remaining: 0s
Rendered 3341/3363, time remaining: 0s
Rendered 3342/3363, time remaining: 0s
Rendered 3343/3363, time remaining: 0s
Rendered 3344/3363, time remaining: 0s
Rendered 3345/3363, time remaining: 0s
Rendered 3346/3363, time remaining: 0s
Rendered 3347/3363, time remaining: 0s
Rendered 3348/3363, time remaining: 0s
Rendered 3349/3363, time remaining: 0s
Rendered 3350/3363, time remaining: 0s
Rendered 3351/3363, time remaining: 0s
Rendered 3352/3363, time remaining: 0s
Rendered 3353/3363, time remaining: 0s
Rendered 3354/3363, time remaining: 0s
Rendered 3355/3363, time remaining: 0s
Rendered 3356/3363, time remaining: 0s
Rendered 3357/3363, time remaining: 0s
Rendered 3358/3363, time remaining: 0s
Rendered 3359/3363, time remaining: 0s
Rendered 3360/3363, time remaining: 0s
Rendered 3361/3363, time remaining: 0s
Rendered 3362/3363, time remaining: 0s
Rendered 3363/3363
Encoded 54/3363
Encoded 144/3363
Encoded 225/3363
Encoded 309/3363
Encoded 391/3363
Encoded 466/3363
Encoded 546/3363
Encoded 631/3363
Encoded 704/3363
Encoded 797/3363
Encoded 882/3363
Encoded 978/3363
Encoded 1043/3363
Encoded 1118/3363
Encoded 1213/3363
Encoded 1310/3363
Encoded 1397/3363
Encoded 1468/3363
Encoded 1562/3363
Encoded 1635/3363
Encoded 1714/3363
Encoded 1784/3363
Encoded 1861/3363
Encoded 1937/3363
Encoded 2020/3363
Encoded 2102/3363
Encoded 2176/3363
Encoded 2253/3363
Encoded 2340/3363
Encoded 2433/3363
Encoded 2510/3363
Encoded 2581/3363
Encoded 2658/3363
Encoded 2742/3363
Encoded 2818/3363
Encoded 2888/3363
Encoded 2973/3363
Encoded 3061/3363
Encoded 3145/3363
Encoded 3232/3363
Encoded 3303/3363
Encoded 3363/3363
+                    ../projects/import-china-india-te/renders/ch17.mp4 14.8 MB
Bundling 6%
Bundling 16%
Bundling 62%
Bundling 69%
Bundling 74%
Bundling 80%
Bundling 85%
Bundling 90%
Bundling 95%
Bundling 100%
Getting composition
Composition          Explainer
Codec                h264
Output               ../projects/import-china-india-te/renders/ch18.mp4
Concurrency          8x
Rendered 0/3673
Rendered 1/3673, time remaining: 52m 45s
Rendered 2/3673, time remaining: 26m 58s
Rendered 3/3673, time remaining: 18m 23s
Rendered 4/3673, time remaining: 13m 53s
Rendered 5/3673, time remaining: 11m 23s
Rendered 6/3673, time remaining: 9m 31s
Rendered 7/3673, time remaining: 8m 12s
Rendered 8/3673, time remaining: 7m 29s
Rendered 9/3673, time remaining: 7m 57s
Rendered 10/3673, time remaining: 7m 26s
Rendered 11/3673, time remaining: 6m 47s
Rendered 12/3673, time remaining: 6m 16s
Rendered 13/3673, time remaining: 5m 50s
Rendered 14/3673, time remaining: 5m 28s
Rendered 15/3673, time remaining: 5m 8s
Rendered 16/3673, time remaining: 5m 11s
Rendered 17/3673, time remaining: 5m 21s
Rendered 18/3673, time remaining: 5m 6s
Rendered 19/3673, time remaining: 4m 52s
Rendered 20/3673, time remaining: 4m 40s
Rendered 21/3673, time remaining: 4m 31s
Rendered 22/3673, time remaining: 4m 21s
Rendered 23/3673, time remaining: 4m 10s
Rendered 24/3673, time remaining: 4m 11s
Rendered 25/3673, time remaining: 4m 11s
Rendered 26/3673, time remaining: 4m 17s
Rendered 27/3673, time remaining: 4m 8s
Rendered 28/3673, time remaining: 3m 59s
Rendered 29/3673, time remaining: 3m 59s
Rendered 30/3673, time remaining: 3m 51s
Rendered 31/3673, time remaining: 3m 43s
Rendered 32/3673, time remaining: 3m 41s
Rendered 33/3673, time remaining: 3m 35s
Rendered 34/3673, time remaining: 3m 32s
Rendered 35/3673, time remaining: 3m 31s
Rendered 36/3673, time remaining: 3m 33s
Rendered 37/3673, time remaining: 3m 35s
Rendered 38/3673, time remaining: 3m 29s
Rendered 39/3673, time remaining: 3m 24s
Rendered 40/3673, time remaining: 3m 25s
Rendered 41/3673, time remaining: 3m 20s
Rendered 42/3673, time remaining: 3m 21s
Rendered 43/3673, time remaining: 3m 19s
Rendered 44/3673, time remaining: 3m 17s
Rendered 45/3673, time remaining: 3m 12s
Rendered 46/3673, time remaining: 3m 8s
Rendered 47/3673, time remaining: 3m 13s
Rendered 48/3673, time remaining: 3m 16s
Rendered 49/3673, time remaining: 3m 12s
Rendered 50/3673, time remaining: 3m 8s
Rendered 51/3673, time remaining: 3m 10s
Rendered 52/3673, time remaining: 3m 7s
Rendered 53/3673, time remaining: 3m 3s
Rendered 54/3673, time remaining: 3m 0s
Rendered 55/3673, time remaining: 3m 7s
Rendered 56/3673, time remaining: 3m 5s
Rendered 57/3673, time remaining: 3m 2s
Rendered 58/3673, time remaining: 2m 59s
Rendered 59/3673, time remaining: 2m 57s
Rendered 60/3673, time remaining: 2m 55s
Rendered 61/3673, time remaining: 2m 58s
Rendered 62/3673, time remaining: 2m 55s
Rendered 63/3673, time remaining: 2m 55s
Rendered 64/3673, time remaining: 2m 54s
Rendered 65/3673, time remaining: 2m 58s
Rendered 66/3673, time remaining: 2m 55s
Rendered 67/3673, time remaining: 2m 52s
Rendered 68/3673, time remaining: 2m 53s
Rendered 69/3673, time remaining: 2m 50s
Rendered 70/3673, time remaining: 2m 53s
Rendered 71/3673, time remaining: 2m 50s
Rendered 72/3673, time remaining: 2m 48s
Rendered 73/3673, time remaining: 2m 49s
Rendered 74/3673, time remaining: 2m 47s
Rendered 75/3673, time remaining: 2m 45s
Rendered 76/3673, time remaining: 2m 47s
Rendered 77/3673, time remaining: 2m 48s
Rendered 78/3673, time remaining: 2m 46s
Rendered 79/3673, time remaining: 2m 46s
Rendered 80/3673, time remaining: 2m 44s
Rendered 81/3673, time remaining: 2m 47s
Rendered 82/3673, time remaining: 2m 45s
Rendered 83/3673, time remaining: 2m 43s
Rendered 84/3673, time remaining: 2m 43s
Rendered 85/3673, time remaining: 2m 41s
Rendered 86/3673, time remaining: 2m 40s
Rendered 87/3673, time remaining: 2m 40s
Rendered 88/3673, time remaining: 2m 40s
Rendered 89/3673, time remaining: 2m 39s
Rendered 90/3673, time remaining: 2m 38s
Rendered 91/3673, time remaining: 2m 40s
Rendered 92/3673, time remaining: 2m 41s
Rendered 93/3673, time remaining: 2m 40s
Rendered 94/3673, time remaining: 2m 38s
Rendered 95/3673, time remaining: 2m 37s
Rendered 96/3673, time remaining: 2m 36s
Rendered 97/3673, time remaining: 2m 35s
Rendered 98/3673, time remaining: 2m 38s
Rendered 99/3673, time remaining: 2m 40s
Rendered 100/3673, time remaining: 2m 39s
Rendered 101/3673, time remaining: 2m 38s
Rendered 102/3673, time remaining: 2m 37s
Rendered 103/3673, time remaining: 2m 36s
Rendered 104/3673, time remaining: 2m 34s
Rendered 105/3673, time remaining: 2m 36s
Rendered 106/3673, time remaining: 2m 34s
Rendered 107/3673, time remaining: 2m 37s
Rendered 108/3673, time remaining: 2m 36s
Rendered 109/3673, time remaining: 2m 35s
Rendered 110/3673, time remaining: 2m 34s
Rendered 111/3673, time remaining: 2m 33s
Rendered 112/3673, time remaining: 2m 32s
Rendered 113/3673, time remaining: 2m 35s
Rendered 114/3673, time remaining: 2m 33s
Rendered 115/3673, time remaining: 2m 35s
Rendered 116/3673, time remaining: 2m 33s
Rendered 117/3673, time remaining: 2m 32s
Rendered 118/3673, time remaining: 2m 31s
Rendered 119/3673, time remaining: 2m 32s
Rendered 120/3673, time remaining: 2m 31s
Rendered 121/3673, time remaining: 2m 33s
Rendered 122/3673, time remaining: 2m 32s
Rendered 123/3673, time remaining: 2m 31s
Rendered 124/3673, time remaining: 2m 31s
Rendered 125/3673, time remaining: 2m 30s
Rendered 126/3673, time remaining: 2m 29s
Rendered 127/3673, time remaining: 2m 30s
Rendered 128/3673, time remaining: 2m 31s
Rendered 129/3673, time remaining: 2m 31s
Rendered 130/3673, time remaining: 2m 30s
Rendered 131/3673, time remaining: 2m 29s
Rendered 132/3673, time remaining: 2m 30s
Rendered 133/3673, time remaining: 2m 29s
Rendered 134/3673, time remaining: 2m 28s
Rendered 135/3673, time remaining: 2m 30s
Rendered 136/3673, time remaining: 2m 30s
Rendered 137/3673, time remaining: 2m 31s
Rendered 138/3673, time remaining: 2m 30s
Rendered 139/3673, time remaining: 2m 29s
Rendered 140/3673, time remaining: 2m 28s
Rendered 141/3673, time remaining: 2m 27s
Rendered 142/3673, time remaining: 2m 28s
Rendered 143/3673, time remaining: 2m 27s
Rendered 144/3673, time remaining: 2m 26s
Rendered 145/3673, time remaining: 2m 28s
Rendered 146/3673, time remaining: 2m 29s
Rendered 147/3673, time remaining: 2m 28s
Rendered 148/3673, time remaining: 2m 27s
Rendered 149/3673, time remaining: 2m 28s
Rendered 150/3673, time remaining: 2m 28s
Rendered 151/3673, time remaining: 2m 7s
Rendered 152/3673, time remaining: 2m 9s
Rendered 153/3673, time remaining: 2m 10s
Rendered 154/3673, time remaining: 2m 10s
Rendered 155/3673, time remaining: 2m 10s
Rendered 156/3673, time remaining: 2m 10s
Rendered 157/3673, time remaining: 2m 11s
Rendered 158/3673, time remaining: 2m 10s
Rendered 159/3673, time remaining: 2m 9s
Rendered 160/3673, time remaining: 2m 8s
Rendered 161/3673, time remaining: 2m 10s
Rendered 162/3673, time remaining: 2m 10s
Rendered 163/3673, time remaining: 2m 10s
Rendered 164/3673, time remaining: 2m 9s
Rendered 165/3673, time remaining: 2m 9s
Rendered 166/3673, time remaining: 2m 9s
Rendered 167/3673, time remaining: 2m 9s
Rendered 168/3673, time remaining: 2m 8s
Rendered 169/3673, time remaining: 2m 10s
Rendered 170/3673, time remaining: 2m 9s
Rendered 171/3673, time remaining: 2m 9s
Rendered 172/3673, time remaining: 2m 9s
Rendered 173/3673, time remaining: 2m 12s
Rendered 174/3673, time remaining: 2m 10s
Rendered 175/3673, time remaining: 2m 11s
Rendered 176/3673, time remaining: 2m 8s
Rendered 177/3673, time remaining: 2m 10s
Rendered 178/3673, time remaining: 2m 10s
Rendered 179/3673, time remaining: 2m 9s
Rendered 180/3673, time remaining: 2m 9s
Rendered 181/3673, time remaining: 2m 9s
Rendered 182/3673, time remaining: 2m 12s
Rendered 183/3673, time remaining: 2m 13s
Rendered 184/3673, time remaining: 2m 12s
Rendered 185/3673, time remaining: 2m 11s
Rendered 186/3673, time remaining: 2m 9s
Rendered 187/3673, time remaining: 2m 8s
Rendered 188/3673, time remaining: 2m 8s
Rendered 189/3673, time remaining: 2m 10s
Rendered 190/3673, time remaining: 2m 11s
Rendered 191/3673, time remaining: 2m 11s
Rendered 192/3673, time remaining: 2m 11s
Rendered 193/3673, time remaining: 2m 12s
Rendered 194/3673, time remaining: 2m 11s
Rendered 195/3673, time remaining: 2m 12s
Rendered 196/3673, time remaining: 2m 12s
Rendered 197/3673, time remaining: 2m 11s
Rendered 198/3673, time remaining: 2m 10s
Rendered 199/3673, time remaining: 2m 9s
Rendered 200/3673, time remaining: 2m 11s
Rendered 201/3673, time remaining: 2m 11s
Rendered 202/3673, time remaining: 2m 11s
Rendered 203/3673, time remaining: 2m 11s
Rendered 204/3673, time remaining: 2m 12s
Rendered 205/3673, time remaining: 2m 11s
Rendered 206/3673, time remaining: 2m 11s
Rendered 207/3673, time remaining: 2m 11s
Rendered 208/3673, time remaining: 2m 12s
Rendered 209/3673, time remaining: 2m 12s
Rendered 210/3673, time remaining: 2m 13s
Rendered 211/3673, time remaining: 2m 11s
Rendered 212/3673, time remaining: 2m 13s
Rendered 213/3673, time remaining: 2m 14s
Rendered 214/3673, time remaining: 2m 14s
Rendered 215/3673, time remaining: 2m 11s
Rendered 216/3673, time remaining: 2m 11s
Rendered 217/3673, time remaining: 2m 11s
Rendered 218/3673, time remaining: 2m 10s
Rendered 219/3673, time remaining: 2m 11s
Rendered 220/3673, time remaining: 2m 13s
Rendered 221/3673, time remaining: 2m 13s
Rendered 222/3673, time remaining: 2m 14s
Rendered 223/3673, time remaining: 2m 13s
Rendered 224/3673, time remaining: 2m 13s
Rendered 225/3673, time remaining: 2m 13s
Rendered 226/3673, time remaining: 2m 11s
Rendered 227/3673, time remaining: 2m 13s
Rendered 228/3673, time remaining: 2m 13s
Rendered 229/3673, time remaining: 2m 12s
Rendered 230/3673, time remaining: 2m 15s
Rendered 231/3673, time remaining: 2m 13s
Rendered 232/3673, time remaining: 2m 13s
Rendered 233/3673, time remaining: 2m 13s
Rendered 234/3673, time remaining: 2m 15s
Rendered 235/3673, time remaining: 2m 15s
Rendered 236/3673, time remaining: 2m 15s
Rendered 237/3673, time remaining: 2m 13s
Rendered 238/3673, time remaining: 2m 16s
Rendered 239/3673, time remaining: 2m 15s
Rendered 240/3673, time remaining: 2m 15s
Rendered 241/3673, time remaining: 2m 12s
Rendered 242/3673, time remaining: 2m 13s
Rendered 243/3673, time remaining: 2m 12s
Rendered 244/3673, time remaining: 2m 15s
Rendered 245/3673, time remaining: 2m 15s
Rendered 246/3673, time remaining: 2m 15s
Rendered 247/3673, time remaining: 2m 15s
Rendered 248/3673, time remaining: 2m 12s
Rendered 249/3673, time remaining: 2m 11s
Rendered 250/3673, time remaining: 2m 11s
Rendered 251/3673, time remaining: 2m 14s
Rendered 252/3673, time remaining: 2m 15s
Rendered 253/3673, time remaining: 2m 15s
Rendered 254/3673, time remaining: 2m 15s
Rendered 255/3673, time remaining: 2m 13s
Rendered 256/3673, time remaining: 2m 14s
Rendered 257/3673, time remaining: 2m 14s
Rendered 258/3673, time remaining: 2m 13s
Rendered 259/3673, time remaining: 2m 13s
Rendered 260/3673, time remaining: 2m 16s
Rendered 261/3673, time remaining: 2m 16s
Rendered 262/3673, time remaining: 2m 15s
Rendered 263/3673, time remaining: 2m 12s
Rendered 264/3673, time remaining: 2m 13s
Rendered 265/3673, time remaining: 2m 12s
Rendered 266/3673, time remaining: 2m 12s
Rendered 267/3673, time remaining: 2m 12s
Rendered 268/3673, time remaining: 2m 16s
Rendered 269/3673, time remaining: 2m 14s
Rendered 270/3673, time remaining: 2m 15s
Rendered 271/3673, time remaining: 2m 12s
Rendered 272/3673, time remaining: 2m 12s
Rendered 273/3673, time remaining: 2m 12s
Rendered 274/3673, time remaining: 2m 13s
Rendered 275/3673, time remaining: 2m 15s
Rendered 276/3673, time remaining: 2m 16s
Rendered 277/3673, time remaining: 2m 14s
Rendered 278/3673, time remaining: 2m 14s
Rendered 279/3673, time remaining: 2m 13s
Rendered 280/3673, time remaining: 2m 13s
Rendered 281/3673, time remaining: 2m 13s
Rendered 282/3673, time remaining: 2m 12s
Rendered 283/3673, time remaining: 2m 12s
Rendered 284/3673, time remaining: 2m 14s
Rendered 285/3673, time remaining: 2m 14s
Rendered 286/3673, time remaining: 2m 13s
Rendered 287/3673, time remaining: 2m 11s
Rendered 288/3673, time remaining: 2m 13s
Rendered 289/3673, time remaining: 2m 14s
Rendered 290/3673, time remaining: 2m 13s
Rendered 291/3673, time remaining: 2m 13s
Rendered 292/3673, time remaining: 2m 12s
Rendered 293/3673, time remaining: 2m 15s
Rendered 294/3673, time remaining: 2m 15s
Rendered 295/3673, time remaining: 2m 12s
Rendered 296/3673, time remaining: 2m 12s
Rendered 297/3673, time remaining: 2m 13s
Rendered 298/3673, time remaining: 2m 13s
Rendered 299/3673, time remaining: 2m 11s
Rendered 300/3673, time remaining: 2m 12s
Rendered 301/3673, time remaining: 2m 12s
Rendered 302/3673, time remaining: 2m 10s
Rendered 303/3673, time remaining: 2m 9s
Rendered 304/3673, time remaining: 2m 9s
Rendered 305/3673, time remaining: 2m 13s
Rendered 306/3673, time remaining: 2m 13s
Rendered 307/3673, time remaining: 2m 12s
Rendered 308/3673, time remaining: 2m 12s
Rendered 309/3673, time remaining: 2m 9s
Rendered 310/3673, time remaining: 2m 9s
Rendered 311/3673, time remaining: 2m 7s
Rendered 312/3673, time remaining: 2m 11s
Rendered 313/3673, time remaining: 2m 12s
Rendered 314/3673, time remaining: 2m 12s
Rendered 315/3673, time remaining: 2m 12s
Rendered 316/3673, time remaining: 2m 11s
Rendered 317/3673, time remaining: 2m 9s
Rendered 318/3673, time remaining: 2m 9s
Rendered 319/3673, time remaining: 2m 7s
Rendered 320/3673, time remaining: 2m 10s
Rendered 321/3673, time remaining: 2m 11s
Rendered 322/3673, time remaining: 2m 11s
Rendered 323/3673, time remaining: 2m 8s
Rendered 324/3673, time remaining: 2m 9s
Rendered 325/3673, time remaining: 2m 7s
Rendered 326/3673, time remaining: 2m 7s
Rendered 327/3673, time remaining: 2m 8s
Rendered 328/3673, time remaining: 2m 8s
Rendered 329/3673, time remaining: 2m 8s
Rendered 330/3673, time remaining: 2m 9s
Rendered 331/3673, time remaining: 2m 10s
Rendered 332/3673, time remaining: 2m 7s
Rendered 333/3673, time remaining: 2m 5s
Rendered 334/3673, time remaining: 2m 7s
Rendered 335/3673, time remaining: 2m 9s
Rendered 336/3673, time remaining: 2m 9s
Rendered 337/3673, time remaining: 2m 10s
Rendered 338/3673, time remaining: 2m 10s
Rendered 339/3673, time remaining: 2m 7s
Rendered 340/3673, time remaining: 2m 5s
Rendered 341/3673, time remaining: 2m 7s
Rendered 342/3673, time remaining: 2m 7s
Rendered 343/3673, time remaining: 2m 5s
Rendered 344/3673, time remaining: 2m 5s
Rendered 345/3673, time remaining: 2m 7s
Rendered 346/3673, time remaining: 2m 7s
Rendered 347/3673, time remaining: 2m 5s
Rendered 348/3673, time remaining: 2m 4s
Rendered 349/3673, time remaining: 2m 7s
Rendered 350/3673, time remaining: 2m 5s
Rendered 351/3673, time remaining: 2m 6s
Rendered 352/3673, time remaining: 2m 6s
Rendered 353/3673, time remaining: 2m 6s
Rendered 354/3673, time remaining: 2m 6s
Rendered 355/3673, time remaining: 2m 3s
Rendered 356/3673, time remaining: 2m 2s
Rendered 357/3673, time remaining: 2m 3s
Rendered 358/3673, time remaining: 2m 4s
Rendered 359/3673, time remaining: 2m 5s
Rendered 360/3673, time remaining: 2m 4s
Rendered 361/3673, time remaining: 2m 4s
Rendered 362/3673, time remaining: 2m 3s
Rendered 363/3673, time remaining: 2m 1s
Rendered 364/3673, time remaining: 2m 1s
Rendered 365/3673, time remaining: 2m 1s
Rendered 366/3673, time remaining: 2m 1s
Rendered 367/3673, time remaining: 2m 1s
Rendered 368/3673, time remaining: 2m 1s
Rendered 369/3673, time remaining: 2m 1s
Rendered 370/3673, time remaining: 1m 57s
Rendered 371/3673, time remaining: 1m 57s
Rendered 372/3673, time remaining: 1m 56s
Rendered 373/3673, time remaining: 1m 56s
Rendered 374/3673, time remaining: 1m 56s
Rendered 375/3673, time remaining: 1m 56s
Rendered 376/3673, time remaining: 1m 56s
Rendered 377/3673, time remaining: 1m 53s
Rendered 378/3673, time remaining: 1m 54s
Rendered 379/3673, time remaining: 1m 54s
Rendered 380/3673, time remaining: 1m 50s
Rendered 381/3673, time remaining: 1m 51s
Rendered 382/3673, time remaining: 1m 52s
Rendered 383/3673, time remaining: 1m 54s
Rendered 384/3673, time remaining: 1m 52s
Rendered 385/3673, time remaining: 1m 51s
Rendered 386/3673, time remaining: 1m 52s
Rendered 387/3673, time remaining: 1m 52s
Rendered 388/3673, time remaining: 1m 49s
Rendered 389/3673, time remaining: 1m 50s
Rendered 390/3673, time remaining: 1m 50s
Rendered 391/3673, time remaining: 1m 54s
Rendered 392/3673, time remaining: 1m 52s
Rendered 393/3673, time remaining: 1m 52s
Rendered 394/3673, time remaining: 1m 50s
Rendered 395/3673, time remaining: 1m 51s
Rendered 396/3673, time remaining: 1m 51s
Rendered 397/3673, time remaining: 1m 51s
Rendered 398/3673, time remaining: 1m 50s
Rendered 399/3673, time remaining: 1m 53s
Rendered 400/3673, time remaining: 1m 53s
Rendered 401/3673, time remaining: 1m 49s
Rendered 402/3673, time remaining: 1m 48s
Rendered 403/3673, time remaining: 1m 49s
Rendered 404/3673, time remaining: 1m 49s
Rendered 405/3673, time remaining: 1m 49s
Rendered 406/3673, time remaining: 1m 50s
Rendered 407/3673, time remaining: 1m 48s
Rendered 408/3673, time remaining: 1m 48s
Rendered 409/3673, time remaining: 1m 49s
Rendered 410/3673, time remaining: 1m 47s
Rendered 411/3673, time remaining: 1m 48s
Rendered 412/3673, time remaining: 1m 50s
Rendered 413/3673, time remaining: 1m 50s
Rendered 414/3673, time remaining: 1m 51s
Rendered 415/3673, time remaining: 1m 50s
Rendered 416/3673, time remaining: 1m 49s
Rendered 417/3673, time remaining: 1m 50s
Rendered 418/3673, time remaining: 1m 47s
Rendered 419/3673, time remaining: 1m 47s
Rendered 420/3673, time remaining: 1m 48s
Rendered 421/3673, time remaining: 1m 49s
Rendered 422/3673, time remaining: 1m 50s
Rendered 423/3673, time remaining: 1m 50s
Rendered 424/3673, time remaining: 1m 50s
Rendered 425/3673, time remaining: 1m 48s
Rendered 426/3673, time remaining: 1m 47s
Rendered 427/3673, time remaining: 1m 46s
Rendered 428/3673, time remaining: 1m 48s
Rendered 429/3673, time remaining: 1m 48s
Rendered 430/3673, time remaining: 1m 49s
Rendered 431/3673, time remaining: 1m 49s
Rendered 432/3673, time remaining: 1m 48s
Rendered 433/3673, time remaining: 1m 48s
Rendered 434/3673, time remaining: 1m 46s
Rendered 435/3673, time remaining: 1m 44s
Rendered 436/3673, time remaining: 1m 48s
Rendered 437/3673, time remaining: 1m 48s
Rendered 438/3673, time remaining: 1m 46s
Rendered 439/3673, time remaining: 1m 46s
Rendered 440/3673, time remaining: 1m 47s
Rendered 441/3673, time remaining: 1m 47s
Rendered 442/3673, time remaining: 1m 46s
Rendered 443/3673, time remaining: 1m 44s
Rendered 444/3673, time remaining: 1m 47s
Rendered 445/3673, time remaining: 1m 47s
Rendered 446/3673, time remaining: 1m 47s
Rendered 447/3673, time remaining: 1m 46s
Rendered 448/3673, time remaining: 1m 46s
Rendered 449/3673, time remaining: 1m 46s
Rendered 450/3673, time remaining: 1m 45s
Rendered 451/3673, time remaining: 1m 45s
Rendered 452/3673, time remaining: 1m 45s
Rendered 453/3673, time remaining: 1m 46s
Rendered 454/3673, time remaining: 1m 49s
Rendered 455/3673, time remaining: 1m 45s
Rendered 456/3673, time remaining: 1m 46s
Rendered 457/3673, time remaining: 1m 46s
Rendered 458/3673, time remaining: 1m 46s
Rendered 459/3673, time remaining: 1m 46s
Rendered 460/3673, time remaining: 1m 47s
Rendered 461/3673, time remaining: 1m 49s
Rendered 462/3673, time remaining: 1m 46s
Rendered 463/3673, time remaining: 1m 45s
Rendered 464/3673, time remaining: 1m 46s
Rendered 465/3673, time remaining: 1m 46s
Rendered 466/3673, time remaining: 1m 45s
Rendered 467/3673, time remaining: 1m 45s
Rendered 468/3673, time remaining: 1m 45s
Rendered 469/3673, time remaining: 1m 49s
Rendered 470/3673, time remaining: 1m 46s
Rendered 471/3673, time remaining: 1m 46s
Rendered 472/3673, time remaining: 1m 46s
Rendered 473/3673, time remaining: 1m 46s
Rendered 474/3673, time remaining: 1m 45s
Rendered 475/3673, time remaining: 1m 45s
Rendered 476/3673, time remaining: 1m 45s
Rendered 477/3673, time remaining: 1m 45s
Rendered 478/3673, time remaining: 1m 45s
Rendered 479/3673, time remaining: 1m 47s
Rendered 480/3673, time remaining: 1m 47s
Rendered 481/3673, time remaining: 1m 46s
Rendered 482/3673, time remaining: 1m 46s
Rendered 483/3673, time remaining: 1m 46s
Rendered 484/3673, time remaining: 1m 45s
Rendered 485/3673, time remaining: 1m 44s
Rendered 486/3673, time remaining: 1m 44s
Rendered 487/3673, time remaining: 1m 46s
Rendered 488/3673, time remaining: 1m 46s
Rendered 489/3673, time remaining: 1m 46s
Rendered 490/3673, time remaining: 1m 46s
Rendered 491/3673, time remaining: 1m 46s
Rendered 492/3673, time remaining: 1m 45s
Rendered 493/3673, time remaining: 1m 44s
Rendered 494/3673, time remaining: 1m 44s
Rendered 495/3673, time remaining: 1m 46s
Rendered 496/3673, time remaining: 1m 46s
Rendered 497/3673, time remaining: 1m 46s
Rendered 498/3673, time remaining: 1m 46s
Rendered 499/3673, time remaining: 1m 46s
Rendered 500/3673, time remaining: 1m 46s
Rendered 501/3673, time remaining: 1m 43s
Rendered 502/3673, time remaining: 1m 45s
Rendered 503/3673, time remaining: 1m 46s
Rendered 504/3673, time remaining: 1m 46s
Rendered 505/3673, time remaining: 1m 46s
Rendered 506/3673, time remaining: 1m 47s
Rendered 507/3673, time remaining: 1m 47s
Rendered 508/3673, time remaining: 1m 44s
Rendered 509/3673, time remaining: 1m 43s
Rendered 510/3673, time remaining: 1m 46s
Rendered 511/3673, time remaining: 1m 45s
Rendered 512/3673, time remaining: 1m 45s
Rendered 513/3673, time remaining: 1m 46s
Rendered 514/3673, time remaining: 1m 46s
Rendered 515/3673, time remaining: 1m 45s
Rendered 516/3673, time remaining: 1m 45s
Rendered 517/3673, time remaining: 1m 48s
Rendered 518/3673, time remaining: 1m 49s
Rendered 519/3673, time remaining: 1m 49s
Rendered 520/3673, time remaining: 1m 49s
Rendered 521/3673, time remaining: 1m 50s
Rendered 522/3673, time remaining: 1m 49s
Rendered 523/3673, time remaining: 1m 49s
Rendered 524/3673, time remaining: 1m 49s
Rendered 525/3673, time remaining: 1m 51s
Rendered 526/3673, time remaining: 1m 53s
Rendered 527/3673, time remaining: 1m 53s
Rendered 528/3673, time remaining: 1m 52s
Rendered 529/3673, time remaining: 1m 53s
Rendered 530/3673, time remaining: 1m 53s
Rendered 531/3673, time remaining: 1m 54s
Rendered 532/3673, time remaining: 1m 53s
Rendered 533/3673, time remaining: 1m 52s
Rendered 534/3673, time remaining: 1m 52s
Rendered 535/3673, time remaining: 1m 52s
Rendered 536/3673, time remaining: 1m 52s
Rendered 537/3673, time remaining: 1m 53s
Rendered 538/3673, time remaining: 1m 52s
Rendered 539/3673, time remaining: 1m 53s
Rendered 540/3673, time remaining: 1m 54s
Rendered 541/3673, time remaining: 1m 51s
Rendered 542/3673, time remaining: 1m 51s
Rendered 543/3673, time remaining: 1m 51s
Rendered 544/3673, time remaining: 1m 51s
Rendered 545/3673, time remaining: 1m 50s
Rendered 546/3673, time remaining: 1m 52s
Rendered 547/3673, time remaining: 1m 54s
Rendered 548/3673, time remaining: 1m 55s
Rendered 549/3673, time remaining: 1m 51s
Rendered 550/3673, time remaining: 1m 52s
Rendered 551/3673, time remaining: 1m 52s
Rendered 552/3673, time remaining: 1m 52s
Rendered 553/3673, time remaining: 1m 50s
Rendered 554/3673, time remaining: 1m 50s
Rendered 555/3673, time remaining: 1m 54s
Rendered 556/3673, time remaining: 1m 53s
Rendered 557/3673, time remaining: 1m 53s
Rendered 558/3673, time remaining: 1m 53s
Rendered 559/3673, time remaining: 1m 53s
Rendered 560/3673, time remaining: 1m 51s
Rendered 561/3673, time remaining: 1m 51s
Rendered 562/3673, time remaining: 1m 50s
Rendered 563/3673, time remaining: 1m 50s
Rendered 564/3673, time remaining: 1m 51s
Rendered 565/3673, time remaining: 1m 52s
Rendered 566/3673, time remaining: 1m 52s
Rendered 567/3673, time remaining: 1m 52s
Rendered 568/3673, time remaining: 1m 52s
Rendered 569/3673, time remaining: 1m 53s
Rendered 570/3673, time remaining: 1m 51s
Rendered 571/3673, time remaining: 1m 49s
Rendered 572/3673, time remaining: 1m 50s
Rendered 573/3673, time remaining: 1m 52s
Rendered 574/3673, time remaining: 1m 52s
Rendered 575/3673, time remaining: 1m 52s
Rendered 576/3673, time remaining: 1m 52s
Rendered 577/3673, time remaining: 1m 52s
Rendered 578/3673, time remaining: 1m 49s
Rendered 579/3673, time remaining: 1m 50s
Rendered 580/3673, time remaining: 1m 49s
Rendered 581/3673, time remaining: 1m 52s
Rendered 582/3673, time remaining: 1m 52s
Rendered 583/3673, time remaining: 1m 52s
Rendered 584/3673, time remaining: 1m 53s
Rendered 585/3673, time remaining: 1m 52s
Rendered 586/3673, time remaining: 1m 48s
Rendered 587/3673, time remaining: 1m 49s
Rendered 588/3673, time remaining: 1m 49s
Rendered 589/3673, time remaining: 1m 52s
Rendered 590/3673, time remaining: 1m 51s
Rendered 591/3673, time remaining: 1m 52s
Rendered 592/3673, time remaining: 1m 51s
Rendered 593/3673, time remaining: 1m 51s
Rendered 594/3673, time remaining: 1m 48s
Rendered 595/3673, time remaining: 1m 48s
Rendered 596/3673, time remaining: 1m 49s
Rendered 597/3673, time remaining: 1m 49s
Rendered 598/3673, time remaining: 1m 50s
Rendered 599/3673, time remaining: 1m 50s
Rendered 600/3673, time remaining: 1m 51s
Rendered 601/3673, time remaining: 1m 51s
Rendered 602/3673, time remaining: 1m 51s
Rendered 603/3673, time remaining: 1m 51s
Rendered 604/3673, time remaining: 1m 50s
Rendered 605/3673, time remaining: 1m 50s
Rendered 606/3673, time remaining: 1m 49s
Rendered 607/3673, time remaining: 1m 49s
Rendered 608/3673, time remaining: 1m 49s
Rendered 609/3673, time remaining: 1m 49s
Rendered 610/3673, time remaining: 1m 48s
Rendered 611/3673, time remaining: 1m 49s
Rendered 612/3673, time remaining: 1m 49s
Rendered 613/3673, time remaining: 1m 49s
Rendered 614/3673, time remaining: 1m 49s
Rendered 615/3673, time remaining: 1m 49s
Rendered 616/3673, time remaining: 1m 49s
Rendered 617/3673, time remaining: 1m 49s
Rendered 618/3673, time remaining: 1m 49s
Rendered 619/3673, time remaining: 1m 46s
Rendered 620/3673, time remaining: 1m 49s
Rendered 621/3673, time remaining: 1m 48s
Rendered 622/3673, time remaining: 1m 48s
Rendered 623/3673, time remaining: 1m 48s
Rendered 624/3673, time remaining: 1m 48s
Rendered 625/3673, time remaining: 1m 48s
Rendered 626/3673, time remaining: 1m 48s
Rendered 627/3673, time remaining: 1m 47s
Rendered 628/3673, time remaining: 1m 48s
Rendered 629/3673, time remaining: 1m 46s
Rendered 630/3673, time remaining: 1m 47s
Rendered 631/3673, time remaining: 1m 48s
Rendered 632/3673, time remaining: 1m 48s
Rendered 633/3673, time remaining: 1m 48s
Rendered 634/3673, time remaining: 1m 48s
Rendered 635/3673, time remaining: 1m 47s
Rendered 636/3673, time remaining: 1m 49s
Rendered 637/3673, time remaining: 1m 46s
Rendered 638/3673, time remaining: 1m 47s
Rendered 639/3673, time remaining: 1m 47s
Rendered 640/3673, time remaining: 1m 47s
Rendered 641/3673, time remaining: 1m 46s
Rendered 642/3673, time remaining: 1m 46s
Rendered 643/3673, time remaining: 1m 46s
Rendered 644/3673, time remaining: 1m 48s
Rendered 645/3673, time remaining: 1m 44s
Rendered 646/3673, time remaining: 1m 47s
Rendered 647/3673, time remaining: 1m 47s
Rendered 648/3673, time remaining: 1m 47s
Rendered 649/3673, time remaining: 1m 46s
Rendered 650/3673, time remaining: 1m 46s
Rendered 651/3673, time remaining: 1m 46s
Rendered 652/3673, time remaining: 1m 46s
Rendered 653/3673, time remaining: 1m 44s
Rendered 654/3673, time remaining: 1m 46s
Rendered 655/3673, time remaining: 1m 46s
Rendered 656/3673, time remaining: 1m 45s
Rendered 657/3673, time remaining: 1m 46s
Rendered 658/3673, time remaining: 1m 46s
Rendered 659/3673, time remaining: 1m 46s
Rendered 660/3673, time remaining: 1m 46s
Rendered 661/3673, time remaining: 1m 46s
Rendered 662/3673, time remaining: 1m 46s
Rendered 663/3673, time remaining: 1m 46s
Rendered 664/3673, time remaining: 1m 46s
Rendered 665/3673, time remaining: 1m 46s
Rendered 666/3673, time remaining: 1m 46s
Rendered 667/3673, time remaining: 1m 44s
Rendered 668/3673, time remaining: 1m 44s
Rendered 669/3673, time remaining: 1m 44s
Rendered 670/3673, time remaining: 1m 46s
Rendered 671/3673, time remaining: 1m 45s
Rendered 672/3673, time remaining: 1m 46s
Rendered 673/3673, time remaining: 1m 46s
Rendered 674/3673, time remaining: 1m 45s
Rendered 675/3673, time remaining: 1m 44s
Rendered 676/3673, time remaining: 1m 45s
Rendered 677/3673, time remaining: 1m 45s
Rendered 678/3673, time remaining: 1m 46s
Rendered 679/3673, time remaining: 1m 45s
Rendered 680/3673, time remaining: 1m 45s
Rendered 681/3673, time remaining: 1m 43s
Rendered 682/3673, time remaining: 1m 45s
Rendered 683/3673, time remaining: 1m 43s
Rendered 684/3673, time remaining: 1m 45s
Rendered 685/3673, time remaining: 1m 45s
Rendered 686/3673, time remaining: 1m 45s
Rendered 687/3673, time remaining: 1m 45s
Rendered 688/3673, time remaining: 1m 45s
Rendered 689/3673, time remaining: 1m 43s
Rendered 690/3673, time remaining: 1m 45s
Rendered 691/3673, time remaining: 1m 45s
Rendered 692/3673, time remaining: 1m 45s
Rendered 693/3673, time remaining: 1m 45s
Rendered 694/3673, time remaining: 1m 45s
Rendered 695/3673, time remaining: 1m 45s
Rendered 696/3673, time remaining: 1m 44s
Rendered 697/3673, time remaining: 1m 42s
Rendered 698/3673, time remaining: 1m 45s
Rendered 699/3673, time remaining: 1m 44s
Rendered 700/3673, time remaining: 1m 44s
Rendered 701/3673, time remaining: 1m 44s
Rendered 702/3673, time remaining: 1m 44s
Rendered 703/3673, time remaining: 1m 45s
Rendered 704/3673, time remaining: 1m 45s
Rendered 705/3673, time remaining: 1m 41s
Rendered 706/3673, time remaining: 1m 43s
Rendered 707/3673, time remaining: 1m 42s
Rendered 708/3673, time remaining: 1m 44s
Rendered 709/3673, time remaining: 1m 44s
Rendered 710/3673, time remaining: 1m 46s
Rendered 711/3673, time remaining: 1m 46s
Rendered 712/3673, time remaining: 1m 45s
Rendered 713/3673, time remaining: 1m 45s
Rendered 714/3673, time remaining: 1m 42s
Rendered 715/3673, time remaining: 1m 41s
Rendered 716/3673, time remaining: 1m 41s
Rendered 717/3673, time remaining: 1m 42s
Rendered 718/3673, time remaining: 1m 45s
Rendered 719/3673, time remaining: 1m 44s
Rendered 720/3673, time remaining: 1m 44s
Rendered 721/3673, time remaining: 1m 44s
Rendered 722/3673, time remaining: 1m 43s
Rendered 723/3673, time remaining: 1m 41s
Rendered 724/3673, time remaining: 1m 41s
Rendered 725/3673, time remaining: 1m 41s
Rendered 726/3673, time remaining: 1m 44s
Rendered 727/3673, time remaining: 1m 44s
Rendered 728/3673, time remaining: 1m 44s
Rendered 729/3673, time remaining: 1m 43s
Rendered 730/3673, time remaining: 1m 44s
Rendered 731/3673, time remaining: 1m 41s
Rendered 732/3673, time remaining: 1m 41s
Rendered 733/3673, time remaining: 1m 40s
Rendered 734/3673, time remaining: 1m 42s
Rendered 735/3673, time remaining: 1m 43s
Rendered 736/3673, time remaining: 1m 43s
Rendered 737/3673, time remaining: 1m 44s
Rendered 738/3673, time remaining: 1m 44s
Rendered 739/3673, time remaining: 1m 41s
Rendered 740/3673, time remaining: 1m 41s
Rendered 741/3673, time remaining: 1m 41s
Rendered 742/3673, time remaining: 1m 42s
Rendered 743/3673, time remaining: 1m 43s
Rendered 744/3673, time remaining: 1m 44s
Rendered 745/3673, time remaining: 1m 44s
Rendered 746/3673, time remaining: 1m 42s
Rendered 747/3673, time remaining: 1m 42s
Rendered 748/3673, time remaining: 1m 41s
Rendered 749/3673, time remaining: 1m 42s
Rendered 750/3673, time remaining: 1m 41s
Rendered 751/3673, time remaining: 1m 42s
Rendered 752/3673, time remaining: 1m 44s
Rendered 753/3673, time remaining: 1m 43s
Rendered 754/3673, time remaining: 1m 41s
Rendered 755/3673, time remaining: 1m 41s
Rendered 756/3673, time remaining: 1m 41s
Rendered 757/3673, time remaining: 1m 41s
Rendered 758/3673, time remaining: 1m 41s
Rendered 759/3673, time remaining: 1m 41s
Rendered 760/3673, time remaining: 1m 44s
Rendered 761/3673, time remaining: 1m 41s
Rendered 762/3673, time remaining: 1m 42s
Rendered 763/3673, time remaining: 1m 41s
Rendered 764/3673, time remaining: 1m 41s
Rendered 765/3673, time remaining: 1m 41s
Rendered 766/3673, time remaining: 1m 41s
Rendered 767/3673, time remaining: 1m 43s
Rendered 768/3673, time remaining: 1m 43s
Rendered 769/3673, time remaining: 1m 43s
Rendered 770/3673, time remaining: 1m 40s
Rendered 771/3673, time remaining: 1m 40s
Rendered 772/3673, time remaining: 1m 40s
Rendered 773/3673, time remaining: 1m 41s
Rendered 774/3673, time remaining: 1m 41s
Rendered 775/3673, time remaining: 1m 42s
Rendered 776/3673, time remaining: 1m 44s
Rendered 777/3673, time remaining: 1m 44s
Rendered 778/3673, time remaining: 1m 42s
Rendered 779/3673, time remaining: 1m 42s
Rendered 780/3673, time remaining: 1m 40s
Rendered 781/3673, time remaining: 1m 40s
Rendered 782/3673, time remaining: 1m 41s
Rendered 783/3673, time remaining: 1m 41s
Rendered 784/3673, time remaining: 1m 42s
Rendered 785/3673, time remaining: 1m 44s
Rendered 786/3673, time remaining: 1m 41s
Rendered 787/3673, time remaining: 1m 41s
Rendered 788/3673, time remaining: 1m 41s
Rendered 789/3673, time remaining: 1m 41s
Rendered 790/3673, time remaining: 1m 41s
Rendered 791/3673, time remaining: 1m 40s
Rendered 792/3673, time remaining: 1m 40s
Rendered 793/3673, time remaining: 1m 44s
Rendered 794/3673, time remaining: 1m 42s
Rendered 795/3673, time remaining: 1m 43s
Rendered 796/3673, time remaining: 1m 40s
Rendered 797/3673, time remaining: 1m 40s
Rendered 798/3673, time remaining: 1m 40s
Rendered 799/3673, time remaining: 1m 40s
Rendered 800/3673, time remaining: 1m 41s
Rendered 801/3673, time remaining: 1m 42s
Rendered 802/3673, time remaining: 1m 42s
Rendered 803/3673, time remaining: 1m 43s
Rendered 804/3673, time remaining: 1m 41s
Rendered 805/3673, time remaining: 1m 41s
Rendered 806/3673, time remaining: 1m 41s
Rendered 807/3673, time remaining: 1m 41s
Rendered 808/3673, time remaining: 1m 41s
Rendered 809/3673, time remaining: 1m 41s
Rendered 810/3673, time remaining: 1m 41s
Rendered 811/3673, time remaining: 1m 41s
Rendered 812/3673, time remaining: 1m 41s
Rendered 813/3673, time remaining: 1m 41s
Rendered 814/3673, time remaining: 1m 41s
Rendered 815/3673, time remaining: 1m 41s
Rendered 816/3673, time remaining: 1m 41s
Rendered 817/3673, time remaining: 1m 41s
Rendered 818/3673, time remaining: 1m 40s
Rendered 819/3673, time remaining: 1m 42s
Rendered 820/3673, time remaining: 1m 41s
Rendered 821/3673, time remaining: 1m 41s
Rendered 822/3673, time remaining: 1m 40s
Rendered 823/3673, time remaining: 1m 41s
Rendered 824/3673, time remaining: 1m 41s
Rendered 825/3673, time remaining: 1m 41s
Rendered 826/3673, time remaining: 1m 38s
Rendered 827/3673, time remaining: 1m 38s
Rendered 828/3673, time remaining: 1m 41s
Rendered 829/3673, time remaining: 1m 41s
Rendered 830/3673, time remaining: 1m 41s
Rendered 831/3673, time remaining: 1m 42s
Rendered 832/3673, time remaining: 1m 40s
Rendered 833/3673, time remaining: 1m 40s
Rendered 834/3673, time remaining: 1m 40s
Rendered 835/3673, time remaining: 1m 40s
Rendered 836/3673, time remaining: 1m 41s
Rendered 837/3673, time remaining: 1m 40s
Rendered 838/3673, time remaining: 1m 40s
Rendered 839/3673, time remaining: 1m 42s
Rendered 840/3673, time remaining: 1m 38s
Rendered 841/3673, time remaining: 1m 38s
Rendered 842/3673, time remaining: 1m 40s
Rendered 843/3673, time remaining: 1m 40s
Rendered 844/3673, time remaining: 1m 40s
Rendered 845/3673, time remaining: 1m 40s
Rendered 846/3673, time remaining: 1m 40s
Rendered 847/3673, time remaining: 1m 40s
Rendered 848/3673, time remaining: 1m 39s
Rendered 849/3673, time remaining: 1m 39s
Rendered 850/3673, time remaining: 1m 39s
Rendered 851/3673, time remaining: 1m 40s
Rendered 852/3673, time remaining: 1m 40s
Rendered 853/3673, time remaining: 1m 39s
Rendered 854/3673, time remaining: 1m 39s
Rendered 855/3673, time remaining: 1m 41s
Rendered 856/3673, time remaining: 1m 39s
Rendered 857/3673, time remaining: 1m 39s
Rendered 858/3673, time remaining: 1m 38s
Rendered 859/3673, time remaining: 1m 39s
Rendered 860/3673, time remaining: 1m 38s
Rendered 861/3673, time remaining: 1m 38s
Rendered 862/3673, time remaining: 1m 39s
Rendered 863/3673, time remaining: 1m 40s
Rendered 864/3673, time remaining: 1m 40s
Rendered 865/3673, time remaining: 1m 41s
Rendered 866/3673, time remaining: 1m 41s
Rendered 867/3673, time remaining: 1m 40s
Rendered 868/3673, time remaining: 1m 37s
Rendered 869/3673, time remaining: 1m 37s
Rendered 870/3673, time remaining: 1m 39s
Rendered 871/3673, time remaining: 1m 40s
Rendered 872/3673, time remaining: 1m 40s
Rendered 873/3673, time remaining: 1m 39s
Rendered 874/3673, time remaining: 1m 39s
Rendered 875/3673, time remaining: 1m 39s
Rendered 876/3673, time remaining: 1m 36s
Rendered 877/3673, time remaining: 1m 36s
Rendered 878/3673, time remaining: 1m 40s
Rendered 879/3673, time remaining: 1m 40s
Rendered 880/3673, time remaining: 1m 40s
Rendered 881/3673, time remaining: 1m 39s
Rendered 882/3673, time remaining: 1m 40s
Rendered 883/3673, time remaining: 1m 40s
Rendered 884/3673, time remaining: 1m 38s
Rendered 885/3673, time remaining: 1m 38s
Rendered 886/3673, time remaining: 1m 40s
Rendered 887/3673, time remaining: 1m 39s
Rendered 888/3673, time remaining: 1m 40s
Rendered 889/3673, time remaining: 1m 40s
Rendered 890/3673, time remaining: 1m 39s
Rendered 891/3673, time remaining: 1m 39s
Rendered 892/3673, time remaining: 1m 38s
Rendered 893/3673, time remaining: 1m 37s
Rendered 894/3673, time remaining: 1m 38s
Rendered 895/3673, time remaining: 1m 38s
Rendered 896/3673, time remaining: 1m 41s
Rendered 897/3673, time remaining: 1m 41s
Rendered 898/3673, time remaining: 1m 41s
Rendered 899/3673, time remaining: 1m 39s
Rendered 900/3673, time remaining: 1m 39s
Rendered 901/3673, time remaining: 1m 39s
Rendered 902/3673, time remaining: 1m 37s
Rendered 903/3673, time remaining: 1m 37s
Rendered 904/3673, time remaining: 1m 41s
Rendered 905/3673, time remaining: 1m 40s
Rendered 906/3673, time remaining: 1m 40s
Rendered 907/3673, time remaining: 1m 40s
Rendered 908/3673, time remaining: 1m 40s
Rendered 909/3673, time remaining: 1m 40s
Rendered 910/3673, time remaining: 1m 37s
Rendered 911/3673, time remaining: 1m 37s
Rendered 912/3673, time remaining: 1m 40s
Rendered 913/3673, time remaining: 1m 41s
Rendered 914/3673, time remaining: 1m 40s
Rendered 915/3673, time remaining: 1m 40s
Rendered 916/3673, time remaining: 1m 40s
Rendered 917/3673, time remaining: 1m 39s
Rendered 918/3673, time remaining: 1m 39s
Rendered 919/3673, time remaining: 1m 38s
Rendered 920/3673, time remaining: 1m 40s
Rendered 921/3673, time remaining: 1m 40s
Rendered 922/3673, time remaining: 1m 40s
Rendered 923/3673, time remaining: 1m 39s
Rendered 924/3673, time remaining: 1m 41s
Rendered 925/3673, time remaining: 1m 40s
Rendered 926/3673, time remaining: 1m 38s
Rendered 927/3673, time remaining: 1m 38s
Rendered 928/3673, time remaining: 1m 39s
Rendered 929/3673, time remaining: 1m 39s
Rendered 930/3673, time remaining: 1m 40s
Rendered 931/3673, time remaining: 1m 40s
Rendered 932/3673, time remaining: 1m 39s
Rendered 933/3673, time remaining: 1m 39s
Rendered 934/3673, time remaining: 1m 39s
Rendered 935/3673, time remaining: 1m 37s
Rendered 936/3673, time remaining: 1m 38s
Rendered 937/3673, time remaining: 1m 38s
Rendered 938/3673, time remaining: 1m 38s
Rendered 939/3673, time remaining: 1m 37s
Rendered 940/3673, time remaining: 1m 39s
Rendered 941/3673, time remaining: 1m 39s
Rendered 942/3673, time remaining: 1m 39s
Rendered 943/3673, time remaining: 1m 36s
Rendered 944/3673, time remaining: 1m 38s
Rendered 945/3673, time remaining: 1m 38s
Rendered 946/3673, time remaining: 1m 38s
Rendered 947/3673, time remaining: 1m 38s
Rendered 948/3673, time remaining: 1m 39s
Rendered 949/3673, time remaining: 1m 40s
Rendered 950/3673, time remaining: 1m 40s
Rendered 951/3673, time remaining: 1m 39s
Rendered 952/3673, time remaining: 1m 38s
Rendered 953/3673, time remaining: 1m 37s
Rendered 954/3673, time remaining: 1m 37s
Rendered 955/3673, time remaining: 1m 37s
Rendered 956/3673, time remaining: 1m 37s
Rendered 957/3673, time remaining: 1m 39s
Rendered 958/3673, time remaining: 1m 39s
Rendered 959/3673, time remaining: 1m 40s
Rendered 960/3673, time remaining: 1m 38s
Rendered 961/3673, time remaining: 1m 37s
Rendered 962/3673, time remaining: 1m 37s
Rendered 963/3673, time remaining: 1m 36s
Rendered 964/3673, time remaining: 1m 37s
Rendered 965/3673, time remaining: 1m 38s
Rendered 966/3673, time remaining: 1m 38s
Rendered 967/3673, time remaining: 1m 39s
Rendered 968/3673, time remaining: 1m 39s
Rendered 969/3673, time remaining: 1m 38s
Rendered 970/3673, time remaining: 1m 37s
Rendered 971/3673, time remaining: 1m 36s
Rendered 972/3673, time remaining: 1m 36s
Rendered 973/3673, time remaining: 1m 36s
Rendered 974/3673, time remaining: 1m 37s
Rendered 975/3673, time remaining: 1m 39s
Rendered 976/3673, time remaining: 1m 39s
Rendered 977/3673, time remaining: 1m 39s
Rendered 978/3673, time remaining: 1m 36s
Rendered 979/3673, time remaining: 1m 37s
Rendered 980/3673, time remaining: 1m 37s
Rendered 981/3673, time remaining: 1m 36s
Rendered 982/3673, time remaining: 1m 38s
Rendered 983/3673, time remaining: 1m 38s
Rendered 984/3673, time remaining: 1m 38s
Rendered 985/3673, time remaining: 1m 38s
Rendered 986/3673, time remaining: 1m 37s
Rendered 987/3673, time remaining: 1m 38s
Rendered 988/3673, time remaining: 1m 38s
Rendered 989/3673, time remaining: 1m 36s
Rendered 990/3673, time remaining: 1m 37s
Rendered 991/3673, time remaining: 1m 38s
Rendered 992/3673, time remaining: 1m 38s
Rendered 993/3673, time remaining: 1m 38s
Rendered 994/3673, time remaining: 1m 37s
Rendered 995/3673, time remaining: 1m 38s
Rendered 996/3673, time remaining: 1m 38s
Rendered 997/3673, time remaining: 1m 36s
Rendered 998/3673, time remaining: 1m 36s
Rendered 999/3673, time remaining: 1m 37s
Rendered 1000/3673, time remaining: 1m 38s
Rendered 1001/3673, time remaining: 1m 36s
Rendered 1002/3673, time remaining: 1m 38s
Rendered 1003/3673, time remaining: 1m 38s
Rendered 1004/3673, time remaining: 1m 37s
Rendered 1005/3673, time remaining: 1m 38s
Rendered 1006/3673, time remaining: 1m 38s
Rendered 1007/3673, time remaining: 1m 38s
Rendered 1008/3673, time remaining: 1m 38s
Rendered 1009/3673, time remaining: 1m 37s
Rendered 1010/3673, time remaining: 1m 37s
Rendered 1011/3673, time remaining: 1m 37s
Rendered 1012/3673, time remaining: 1m 37s
Rendered 1013/3673, time remaining: 1m 37s
Rendered 1014/3673, time remaining: 1m 37s
Rendered 1015/3673, time remaining: 1m 36s
Rendered 1016/3673, time remaining: 1m 36s
Rendered 1017/3673, time remaining: 1m 38s
Rendered 1018/3673, time remaining: 1m 38s
Rendered 1019/3673, time remaining: 1m 38s
Rendered 1020/3673, time remaining: 1m 37s
Rendered 1021/3673, time remaining: 1m 35s
Rendered 1022/3673, time remaining: 1m 35s
Rendered 1023/3673, time remaining: 1m 35s
Rendered 1024/3673, time remaining: 1m 38s
Rendered 1025/3673, time remaining: 1m 38s
Rendered 1026/3673, time remaining: 1m 39s
Rendered 1027/3673, time remaining: 1m 38s
Rendered 1028/3673, time remaining: 1m 36s
Rendered 1029/3673, time remaining: 1m 36s
Rendered 1030/3673, time remaining: 1m 35s
Rendered 1031/3673, time remaining: 1m 35s
Rendered 1032/3673, time remaining: 1m 37s
Rendered 1033/3673, time remaining: 1m 37s
Rendered 1034/3673, time remaining: 1m 37s
Rendered 1035/3673, time remaining: 1m 37s
Rendered 1036/3673, time remaining: 1m 36s
Rendered 1037/3673, time remaining: 1m 36s
Rendered 1038/3673, time remaining: 1m 35s
Rendered 1039/3673, time remaining: 1m 34s
Rendered 1040/3673, time remaining: 1m 35s
Rendered 1041/3673, time remaining: 1m 37s
Rendered 1042/3673, time remaining: 1m 37s
Rendered 1043/3673, time remaining: 1m 36s
Rendered 1044/3673, time remaining: 1m 36s
Rendered 1045/3673, time remaining: 1m 37s
Rendered 1046/3673, time remaining: 1m 34s
Rendered 1047/3673, time remaining: 1m 34s
Rendered 1048/3673, time remaining: 1m 34s
Rendered 1049/3673, time remaining: 1m 35s
Rendered 1050/3673, time remaining: 1m 35s
Rendered 1051/3673, time remaining: 1m 37s
Rendered 1052/3673, time remaining: 1m 36s
Rendered 1053/3673, time remaining: 1m 36s
Rendered 1054/3673, time remaining: 1m 33s
Rendered 1055/3673, time remaining: 1m 33s
Rendered 1056/3673, time remaining: 1m 33s
Rendered 1057/3673, time remaining: 1m 33s
Rendered 1058/3673, time remaining: 1m 36s
Rendered 1059/3673, time remaining: 1m 36s
Rendered 1060/3673, time remaining: 1m 36s
Rendered 1061/3673, time remaining: 1m 35s
Rendered 1062/3673, time remaining: 1m 32s
Rendered 1063/3673, time remaining: 1m 32s
Rendered 1064/3673, time remaining: 1m 32s
Rendered 1065/3673, time remaining: 1m 33s
Rendered 1066/3673, time remaining: 1m 35s
Rendered 1067/3673, time remaining: 1m 34s
Rendered 1068/3673, time remaining: 1m 34s
Rendered 1069/3673, time remaining: 1m 35s
Rendered 1070/3673, time remaining: 1m 33s
Rendered 1071/3673, time remaining: 1m 34s
Rendered 1072/3673, time remaining: 1m 33s
Rendered 1073/3673, time remaining: 1m 33s
Rendered 1074/3673, time remaining: 1m 34s
Rendered 1075/3673, time remaining: 1m 34s
Rendered 1076/3673, time remaining: 1m 34s
Rendered 1077/3673, time remaining: 1m 34s
Rendered 1078/3673, time remaining: 1m 32s
Rendered 1079/3673, time remaining: 1m 32s
Rendered 1080/3673, time remaining: 1m 31s
Rendered 1081/3673, time remaining: 1m 32s
Rendered 1082/3673, time remaining: 1m 34s
Rendered 1083/3673, time remaining: 1m 33s
Rendered 1084/3673, time remaining: 1m 34s
Rendered 1085/3673, time remaining: 1m 34s
Rendered 1086/3673, time remaining: 1m 32s
Rendered 1087/3673, time remaining: 1m 32s
Rendered 1088/3673, time remaining: 1m 32s
Rendered 1089/3673, time remaining: 1m 33s
Rendered 1090/3673, time remaining: 1m 34s
Rendered 1091/3673, time remaining: 1m 34s
Rendered 1092/3673, time remaining: 1m 34s
Rendered 1093/3673, time remaining: 1m 34s
Rendered 1094/3673, time remaining: 1m 32s
Rendered 1095/3673, time remaining: 1m 31s
Rendered 1096/3673, time remaining: 1m 31s
Rendered 1097/3673, time remaining: 1m 32s
Rendered 1098/3673, time remaining: 1m 33s
Rendered 1099/3673, time remaining: 1m 32s
Rendered 1100/3673, time remaining: 1m 32s
Rendered 1101/3673, time remaining: 1m 32s
Rendered 1102/3673, time remaining: 1m 32s
Rendered 1103/3673, time remaining: 1m 32s
Rendered 1104/3673, time remaining: 1m 31s
Rendered 1105/3673, time remaining: 1m 32s
Rendered 1106/3673, time remaining: 1m 34s
Rendered 1107/3673, time remaining: 1m 32s
Rendered 1108/3673, time remaining: 1m 32s
Rendered 1109/3673, time remaining: 1m 31s
Rendered 1110/3673, time remaining: 1m 32s
Rendered 1111/3673, time remaining: 1m 32s
Rendered 1112/3673, time remaining: 1m 31s
Rendered 1113/3673, time remaining: 1m 31s
Rendered 1114/3673, time remaining: 1m 34s
Rendered 1115/3673, time remaining: 1m 32s
Rendered 1116/3673, time remaining: 1m 32s
Rendered 1117/3673, time remaining: 1m 31s
Rendered 1118/3673, time remaining: 1m 31s
Rendered 1119/3673, time remaining: 1m 30s
Rendered 1120/3673, time remaining: 1m 32s
Rendered 1121/3673, time remaining: 1m 32s
Rendered 1122/3673, time remaining: 1m 32s
Rendered 1123/3673, time remaining: 1m 32s
Rendered 1124/3673, time remaining: 1m 31s
Rendered 1125/3673, time remaining: 1m 29s
Rendered 1126/3673, time remaining: 1m 30s
Rendered 1127/3673, time remaining: 1m 30s
Rendered 1128/3673, time remaining: 1m 32s
Rendered 1129/3673, time remaining: 1m 31s
Rendered 1130/3673, time remaining: 1m 31s
Rendered 1131/3673, time remaining: 1m 31s
Rendered 1132/3673, time remaining: 1m 30s
Rendered 1133/3673, time remaining: 1m 30s
Rendered 1134/3673, time remaining: 1m 30s
Rendered 1135/3673, time remaining: 1m 30s
Rendered 1136/3673, time remaining: 1m 30s
Rendered 1137/3673, time remaining: 1m 29s
Rendered 1138/3673, time remaining: 1m 29s
Rendered 1139/3673, time remaining: 1m 30s
Rendered 1140/3673, time remaining: 1m 29s
Rendered 1141/3673, time remaining: 1m 29s
Rendered 1142/3673, time remaining: 1m 29s
Rendered 1143/3673, time remaining: 1m 29s
Rendered 1144/3673, time remaining: 1m 29s
Rendered 1145/3673, time remaining: 1m 29s
Rendered 1146/3673, time remaining: 1m 31s
Rendered 1147/3673, time remaining: 1m 30s
Rendered 1148/3673, time remaining: 1m 30s
Rendered 1149/3673, time remaining: 1m 28s
Rendered 1150/3673, time remaining: 1m 29s
Rendered 1151/3673, time remaining: 1m 30s
Rendered 1152/3673, time remaining: 1m 28s
Rendered 1153/3673, time remaining: 1m 28s
Rendered 1154/3673, time remaining: 1m 30s
Rendered 1155/3673, time remaining: 1m 29s
Rendered 1156/3673, time remaining: 1m 29s
Rendered 1157/3673, time remaining: 1m 27s
Rendered 1158/3673, time remaining: 1m 27s
Rendered 1159/3673, time remaining: 1m 29s
Rendered 1160/3673, time remaining: 1m 28s
Rendered 1161/3673, time remaining: 1m 27s
Rendered 1162/3673, time remaining: 1m 28s
Rendered 1163/3673, time remaining: 1m 28s
Rendered 1164/3673, time remaining: 1m 28s
Rendered 1165/3673, time remaining: 1m 28s
Rendered 1166/3673, time remaining: 1m 28s
Rendered 1167/3673, time remaining: 1m 28s
Rendered 1168/3673, time remaining: 1m 27s
Rendered 1169/3673, time remaining: 1m 27s
Rendered 1170/3673, time remaining: 1m 28s
Rendered 1171/3673, time remaining: 1m 28s
Rendered 1172/3673, time remaining: 1m 29s
Rendered 1173/3673, time remaining: 1m 29s
Rendered 1174/3673, time remaining: 1m 26s
Rendered 1175/3673, time remaining: 1m 27s
Rendered 1176/3673, time remaining: 1m 27s
Rendered 1177/3673, time remaining: 1m 27s
Rendered 1178/3673, time remaining: 1m 26s
Rendered 1179/3673, time remaining: 1m 26s
Rendered 1180/3673, time remaining: 1m 27s
Rendered 1181/3673, time remaining: 1m 27s
Rendered 1182/3673, time remaining: 1m 27s
Rendered 1183/3673, time remaining: 1m 28s
Rendered 1184/3673, time remaining: 1m 28s
Rendered 1185/3673, time remaining: 1m 26s
Rendered 1186/3673, time remaining: 1m 25s
Rendered 1187/3673, time remaining: 1m 25s
Rendered 1188/3673, time remaining: 1m 26s
Rendered 1189/3673, time remaining: 1m 26s
Rendered 1190/3673, time remaining: 1m 27s
Rendered 1191/3673, time remaining: 1m 26s
Rendered 1192/3673, time remaining: 1m 26s
Rendered 1193/3673, time remaining: 1m 27s
Rendered 1194/3673, time remaining: 1m 25s
Rendered 1195/3673, time remaining: 1m 24s
Rendered 1196/3673, time remaining: 1m 24s
Rendered 1197/3673, time remaining: 1m 27s
Rendered 1198/3673, time remaining: 1m 27s
Rendered 1199/3673, time remaining: 1m 26s
Rendered 1200/3673, time remaining: 1m 26s
Rendered 1201/3673, time remaining: 1m 24s
Rendered 1202/3673, time remaining: 1m 25s
Rendered 1203/3673, time remaining: 1m 25s
Rendered 1204/3673, time remaining: 1m 24s
Rendered 1205/3673, time remaining: 1m 26s
Rendered 1206/3673, time remaining: 1m 27s
Rendered 1207/3673, time remaining: 1m 26s
Rendered 1208/3673, time remaining: 1m 24s
Rendered 1209/3673, time remaining: 1m 24s
Rendered 1210/3673, time remaining: 1m 24s
Rendered 1211/3673, time remaining: 1m 24s
Rendered 1212/3673, time remaining: 1m 25s
Rendered 1213/3673, time remaining: 1m 26s
Rendered 1214/3673, time remaining: 1m 27s
Rendered 1215/3673, time remaining: 1m 26s
Rendered 1216/3673, time remaining: 1m 23s
Rendered 1217/3673, time remaining: 1m 23s
Rendered 1218/3673, time remaining: 1m 24s
Rendered 1219/3673, time remaining: 1m 24s
Rendered 1220/3673, time remaining: 1m 24s
Rendered 1221/3673, time remaining: 1m 25s
Rendered 1222/3673, time remaining: 1m 25s
Rendered 1223/3673, time remaining: 1m 26s
Rendered 1224/3673, time remaining: 1m 24s
Rendered 1225/3673, time remaining: 1m 24s
Rendered 1226/3673, time remaining: 1m 23s
Rendered 1227/3673, time remaining: 1m 23s
Rendered 1228/3673, time remaining: 1m 23s
Rendered 1229/3673, time remaining: 1m 25s
Rendered 1230/3673, time remaining: 1m 25s
Rendered 1231/3673, time remaining: 1m 26s
Rendered 1232/3673, time remaining: 1m 24s
Rendered 1233/3673, time remaining: 1m 24s
Rendered 1234/3673, time remaining: 1m 24s
Rendered 1235/3673, time remaining: 1m 24s
Rendered 1236/3673, time remaining: 1m 24s
Rendered 1237/3673, time remaining: 1m 24s
Rendered 1238/3673, time remaining: 1m 23s
Rendered 1239/3673, time remaining: 1m 25s
Rendered 1240/3673, time remaining: 1m 23s
Rendered 1241/3673, time remaining: 1m 23s
Rendered 1242/3673, time remaining: 1m 23s
Rendered 1243/3673, time remaining: 1m 23s
Rendered 1244/3673, time remaining: 1m 23s
Rendered 1245/3673, time remaining: 1m 23s
Rendered 1246/3673, time remaining: 1m 24s
Rendered 1247/3673, time remaining: 1m 23s
Rendered 1248/3673, time remaining: 1m 23s
Rendered 1249/3673, time remaining: 1m 23s
Rendered 1250/3673, time remaining: 1m 23s
Rendered 1251/3673, time remaining: 1m 22s
Rendered 1252/3673, time remaining: 1m 22s
Rendered 1253/3673, time remaining: 1m 22s
Rendered 1254/3673, time remaining: 1m 23s
Rendered 1255/3673, time remaining: 1m 22s
Rendered 1256/3673, time remaining: 1m 23s
Rendered 1257/3673, time remaining: 1m 23s
Rendered 1258/3673, time remaining: 1m 23s
Rendered 1259/3673, time remaining: 1m 23s
Rendered 1260/3673, time remaining: 1m 22s
Rendered 1261/3673, time remaining: 1m 22s
Rendered 1262/3673, time remaining: 1m 23s
Rendered 1263/3673, time remaining: 1m 24s
Rendered 1264/3673, time remaining: 1m 22s
Rendered 1265/3673, time remaining: 1m 22s
Rendered 1266/3673, time remaining: 1m 23s
Rendered 1267/3673, time remaining: 1m 23s
Rendered 1268/3673, time remaining: 1m 23s
Rendered 1269/3673, time remaining: 1m 22s
Rendered 1270/3673, time remaining: 1m 23s
Rendered 1271/3673, time remaining: 1m 23s
Rendered 1272/3673, time remaining: 1m 23s
Rendered 1273/3673, time remaining: 1m 23s
Rendered 1274/3673, time remaining: 1m 23s
Rendered 1275/3673, time remaining: 1m 23s
Rendered 1276/3673, time remaining: 1m 22s
Rendered 1277/3673, time remaining: 1m 22s
Rendered 1278/3673, time remaining: 1m 22s
Rendered 1279/3673, time remaining: 1m 22s
Rendered 1280/3673, time remaining: 1m 22s
Rendered 1281/3673, time remaining: 1m 23s
Rendered 1282/3673, time remaining: 1m 22s
Rendered 1283/3673, time remaining: 1m 22s
Rendered 1284/3673, time remaining: 1m 21s
Rendered 1285/3673, time remaining: 1m 22s
Rendered 1286/3673, time remaining: 1m 22s
Rendered 1287/3673, time remaining: 1m 21s
Rendered 1288/3673, time remaining: 1m 23s
Rendered 1289/3673, time remaining: 1m 23s
Rendered 1290/3673, time remaining: 1m 23s
Rendered 1291/3673, time remaining: 1m 23s
Rendered 1292/3673, time remaining: 1m 22s
Rendered 1293/3673, time remaining: 1m 21s
Rendered 1294/3673, time remaining: 1m 22s
Rendered 1295/3673, time remaining: 1m 22s
Rendered 1296/3673, time remaining: 1m 21s
Rendered 1297/3673, time remaining: 1m 22s
Rendered 1298/3673, time remaining: 1m 22s
Rendered 1299/3673, time remaining: 1m 22s
Rendered 1300/3673, time remaining: 1m 20s
Rendered 1301/3673, time remaining: 1m 20s
Rendered 1302/3673, time remaining: 1m 20s
Rendered 1303/3673, time remaining: 1m 22s
Rendered 1304/3673, time remaining: 1m 21s
Rendered 1305/3673, time remaining: 1m 21s
Rendered 1306/3673, time remaining: 1m 22s
Rendered 1307/3673, time remaining: 1m 22s
Rendered 1308/3673, time remaining: 1m 22s
Rendered 1309/3673, time remaining: 1m 20s
Rendered 1310/3673, time remaining: 1m 21s
Rendered 1311/3673, time remaining: 1m 22s
Rendered 1312/3673, time remaining: 1m 20s
Rendered 1313/3673, time remaining: 1m 21s
Rendered 1314/3673, time remaining: 1m 21s
Rendered 1315/3673, time remaining: 1m 21s
Rendered 1316/3673, time remaining: 1m 22s
Rendered 1317/3673, time remaining: 1m 20s
Rendered 1318/3673, time remaining: 1m 20s
Rendered 1319/3673, time remaining: 1m 20s
Rendered 1320/3673, time remaining: 1m 19s
Rendered 1321/3673, time remaining: 1m 22s
Rendered 1322/3673, time remaining: 1m 21s
Rendered 1323/3673, time remaining: 1m 21s
Rendered 1324/3673, time remaining: 1m 21s
Rendered 1325/3673, time remaining: 1m 21s
Rendered 1326/3673, time remaining: 1m 21s
Rendered 1327/3673, time remaining: 1m 21s
Rendered 1328/3673, time remaining: 1m 21s
Rendered 1329/3673, time remaining: 1m 21s
Rendered 1330/3673, time remaining: 1m 21s
Rendered 1331/3673, time remaining: 1m 22s
Rendered 1332/3673, time remaining: 1m 20s
Rendered 1333/3673, time remaining: 1m 19s
Rendered 1334/3673, time remaining: 1m 20s
Rendered 1335/3673, time remaining: 1m 20s
Rendered 1336/3673, time remaining: 1m 20s
Rendered 1337/3673, time remaining: 1m 21s
Rendered 1338/3673, time remaining: 1m 22s
Rendered 1339/3673, time remaining: 1m 22s
Rendered 1340/3673, time remaining: 1m 20s
Rendered 1341/3673, time remaining: 1m 20s
Rendered 1342/3673, time remaining: 1m 20s
Rendered 1343/3673, time remaining: 1m 20s
Rendered 1344/3673, time remaining: 1m 20s
Rendered 1345/3673, time remaining: 1m 22s
Rendered 1346/3673, time remaining: 1m 22s
Rendered 1347/3673, time remaining: 1m 19s
Rendered 1348/3673, time remaining: 1m 20s
Rendered 1349/3673, time remaining: 1m 19s
Rendered 1350/3673, time remaining: 1m 20s
Rendered 1351/3673, time remaining: 1m 20s
Rendered 1352/3673, time remaining: 1m 20s
Rendered 1353/3673, time remaining: 1m 21s
Rendered 1354/3673, time remaining: 1m 21s
Rendered 1355/3673, time remaining: 1m 19s
Rendered 1356/3673, time remaining: 1m 20s
Rendered 1357/3673, time remaining: 1m 20s
Rendered 1358/3673, time remaining: 1m 21s
Rendered 1359/3673, time remaining: 1m 21s
Rendered 1360/3673, time remaining: 1m 21s
Rendered 1361/3673, time remaining: 1m 22s
Rendered 1362/3673, time remaining: 1m 21s
Rendered 1363/3673, time remaining: 1m 19s
Rendered 1364/3673, time remaining: 1m 19s
Rendered 1365/3673, time remaining: 1m 19s
Rendered 1366/3673, time remaining: 1m 21s
Rendered 1367/3673, time remaining: 1m 21s
Rendered 1368/3673, time remaining: 1m 20s
Rendered 1369/3673, time remaining: 1m 20s
Rendered 1370/3673, time remaining: 1m 20s
Rendered 1371/3673, time remaining: 1m 18s
Rendered 1372/3673, time remaining: 1m 18s
Rendered 1373/3673, time remaining: 1m 18s
Rendered 1374/3673, time remaining: 1m 20s
Rendered 1375/3673, time remaining: 1m 20s
Rendered 1376/3673, time remaining: 1m 20s
Rendered 1377/3673, time remaining: 1m 20s
Rendered 1378/3673, time remaining: 1m 21s
Rendered 1379/3673, time remaining: 1m 19s
Rendered 1380/3673, time remaining: 1m 19s
Rendered 1381/3673, time remaining: 1m 17s
Rendered 1382/3673, time remaining: 1m 19s
Rendered 1383/3673, time remaining: 1m 19s
Rendered 1384/3673, time remaining: 1m 19s
Rendered 1385/3673, time remaining: 1m 19s
Rendered 1386/3673, time remaining: 1m 20s
Rendered 1387/3673, time remaining: 1m 20s
Rendered 1388/3673, time remaining: 1m 20s
Rendered 1389/3673, time remaining: 1m 19s
Rendered 1390/3673, time remaining: 1m 18s
Rendered 1391/3673, time remaining: 1m 20s
Rendered 1392/3673, time remaining: 1m 20s
Rendered 1393/3673, time remaining: 1m 19s
Rendered 1394/3673, time remaining: 1m 20s
Rendered 1395/3673, time remaining: 1m 20s
Rendered 1396/3673, time remaining: 1m 20s
Rendered 1397/3673, time remaining: 1m 20s
Rendered 1398/3673, time remaining: 1m 18s
Rendered 1399/3673, time remaining: 1m 18s
Rendered 1400/3673, time remaining: 1m 20s
Rendered 1401/3673, time remaining: 1m 20s
Rendered 1402/3673, time remaining: 1m 20s
Rendered 1403/3673, time remaining: 1m 20s
Rendered 1404/3673, time remaining: 1m 20s
Rendered 1405/3673, time remaining: 1m 20s
Rendered 1406/3673, time remaining: 1m 18s
Rendered 1407/3673, time remaining: 1m 19s
Rendered 1408/3673, time remaining: 1m 19s
Rendered 1409/3673, time remaining: 1m 18s
Rendered 1410/3673, time remaining: 1m 20s
Rendered 1411/3673, time remaining: 1m 21s
Rendered 1412/3673, time remaining: 1m 20s
Rendered 1413/3673, time remaining: 1m 19s
Rendered 1414/3673, time remaining: 1m 19s
Rendered 1415/3673, time remaining: 1m 19s
Rendered 1416/3673, time remaining: 1m 18s
Rendered 1417/3673, time remaining: 1m 20s
Rendered 1418/3673, time remaining: 1m 20s
Rendered 1419/3673, time remaining: 1m 21s
Rendered 1420/3673, time remaining: 1m 19s
Rendered 1421/3673, time remaining: 1m 19s
Rendered 1422/3673, time remaining: 1m 19s
Rendered 1423/3673, time remaining: 1m 19s
Rendered 1424/3673, time remaining: 1m 19s
Rendered 1425/3673, time remaining: 1m 19s
Rendered 1426/3673, time remaining: 1m 19s
Rendered 1427/3673, time remaining: 1m 21s
Rendered 1428/3673, time remaining: 1m 20s
Rendered 1429/3673, time remaining: 1m 20s
Rendered 1430/3673, time remaining: 1m 19s
Rendered 1431/3673, time remaining: 1m 18s
Rendered 1432/3673, time remaining: 1m 18s
Rendered 1433/3673, time remaining: 1m 19s
Rendered 1434/3673, time remaining: 1m 21s
Rendered 1435/3673, time remaining: 1m 20s
Rendered 1436/3673, time remaining: 1m 20s
Rendered 1437/3673, time remaining: 1m 21s
Rendered 1438/3673, time remaining: 1m 20s
Rendered 1439/3673, time remaining: 1m 20s
Rendered 1440/3673, time remaining: 1m 20s
Rendered 1441/3673, time remaining: 1m 20s
Rendered 1442/3673, time remaining: 1m 19s
Rendered 1443/3673, time remaining: 1m 21s
Rendered 1444/3673, time remaining: 1m 20s
Rendered 1445/3673, time remaining: 1m 21s
Rendered 1446/3673, time remaining: 1m 20s
Rendered 1447/3673, time remaining: 1m 19s
Rendered 1448/3673, time remaining: 1m 19s
Rendered 1449/3673, time remaining: 1m 19s
Rendered 1450/3673, time remaining: 1m 20s
Rendered 1451/3673, time remaining: 1m 21s
Rendered 1452/3673, time remaining: 1m 20s
Rendered 1453/3673, time remaining: 1m 19s
Rendered 1454/3673, time remaining: 1m 20s
Rendered 1455/3673, time remaining: 1m 20s
Rendered 1456/3673, time remaining: 1m 19s
Rendered 1457/3673, time remaining: 1m 19s
Rendered 1458/3673, time remaining: 1m 19s
Rendered 1459/3673, time remaining: 1m 20s
Rendered 1460/3673, time remaining: 1m 19s
Rendered 1461/3673, time remaining: 1m 19s
Rendered 1462/3673, time remaining: 1m 20s
Rendered 1463/3673, time remaining: 1m 18s
Rendered 1464/3673, time remaining: 1m 19s
Rendered 1465/3673, time remaining: 1m 20s
Rendered 1466/3673, time remaining: 1m 19s
Rendered 1467/3673, time remaining: 1m 20s
Rendered 1468/3673, time remaining: 1m 20s
Rendered 1469/3673, time remaining: 1m 20s
Rendered 1470/3673, time remaining: 1m 19s
Rendered 1471/3673, time remaining: 1m 19s
Rendered 1472/3673, time remaining: 1m 20s
Rendered 1473/3673, time remaining: 1m 20s
Rendered 1474/3673, time remaining: 1m 20s
Rendered 1475/3673, time remaining: 1m 19s
Rendered 1476/3673, time remaining: 1m 19s
Rendered 1477/3673, time remaining: 1m 19s
Rendered 1478/3673, time remaining: 1m 19s
Rendered 1479/3673, time remaining: 1m 20s
Rendered 1480/3673, time remaining: 1m 19s
Rendered 1481/3673, time remaining: 1m 19s
Rendered 1482/3673, time remaining: 1m 20s
Rendered 1483/3673, time remaining: 1m 20s
Rendered 1484/3673, time remaining: 1m 19s
Rendered 1485/3673, time remaining: 1m 20s
Rendered 1486/3673, time remaining: 1m 20s
Rendered 1487/3673, time remaining: 1m 19s
Rendered 1488/3673, time remaining: 1m 17s
Rendered 1489/3673, time remaining: 1m 19s
Rendered 1490/3673, time remaining: 1m 20s
Rendered 1491/3673, time remaining: 1m 19s
Rendered 1492/3673, time remaining: 1m 19s
Rendered 1493/3673, time remaining: 1m 19s
Rendered 1494/3673, time remaining: 1m 19s
Rendered 1495/3673, time remaining: 1m 17s
Rendered 1496/3673, time remaining: 1m 19s
Rendered 1497/3673, time remaining: 1m 19s
Rendered 1498/3673, time remaining: 1m 20s
Rendered 1499/3673, time remaining: 1m 20s
Rendered 1500/3673, time remaining: 1m 19s
Rendered 1501/3673, time remaining: 1m 18s
Rendered 1502/3673, time remaining: 1m 18s
Rendered 1503/3673, time remaining: 1m 17s
Rendered 1504/3673, time remaining: 1m 19s
Rendered 1505/3673, time remaining: 1m 19s
Rendered 1506/3673, time remaining: 1m 18s
Rendered 1507/3673, time remaining: 1m 18s
Rendered 1508/3673, time remaining: 1m 18s
Rendered 1509/3673, time remaining: 1m 19s
Rendered 1510/3673, time remaining: 1m 19s
Rendered 1511/3673, time remaining: 1m 17s
Rendered 1512/3673, time remaining: 1m 18s
Rendered 1513/3673, time remaining: 1m 18s
Rendered 1514/3673, time remaining: 1m 18s
Rendered 1515/3673, time remaining: 1m 20s
Rendered 1516/3673, time remaining: 1m 18s
Rendered 1517/3673, time remaining: 1m 18s
Rendered 1518/3673, time remaining: 1m 18s
Rendered 1519/3673, time remaining: 1m 19s
Rendered 1520/3673, time remaining: 1m 18s
Rendered 1521/3673, time remaining: 1m 18s
Rendered 1522/3673, time remaining: 1m 19s
Rendered 1523/3673, time remaining: 1m 19s
Rendered 1524/3673, time remaining: 1m 18s
Rendered 1525/3673, time remaining: 1m 18s
Rendered 1526/3673, time remaining: 1m 18s
Rendered 1527/3673, time remaining: 1m 18s
Rendered 1528/3673, time remaining: 1m 18s
Rendered 1529/3673, time remaining: 1m 18s
Rendered 1530/3673, time remaining: 1m 19s
Rendered 1531/3673, time remaining: 1m 19s
Rendered 1532/3673, time remaining: 1m 18s
Rendered 1533/3673, time remaining: 1m 17s
Rendered 1534/3673, time remaining: 1m 19s
Rendered 1535/3673, time remaining: 1m 18s
Rendered 1536/3673, time remaining: 1m 17s
Rendered 1537/3673, time remaining: 1m 17s
Rendered 1538/3673, time remaining: 1m 17s
Rendered 1539/3673, time remaining: 1m 17s
Rendered 1540/3673, time remaining: 1m 17s
Rendered 1541/3673, time remaining: 1m 16s
Rendered 1542/3673, time remaining: 1m 16s
Rendered 1543/3673, time remaining: 1m 15s
Rendered 1544/3673, time remaining: 1m 15s
Rendered 1545/3673, time remaining: 1m 14s
Rendered 1546/3673, time remaining: 1m 15s
Rendered 1547/3673, time remaining: 1m 14s
Rendered 1548/3673, time remaining: 1m 14s
Rendered 1549/3673, time remaining: 1m 14s
Rendered 1550/3673, time remaining: 1m 12s
Rendered 1551/3673, time remaining: 1m 12s
Rendered 1552/3673, time remaining: 1m 12s
Rendered 1553/3673, time remaining: 1m 11s
Rendered 1554/3673, time remaining: 1m 11s
Rendered 1555/3673, time remaining: 1m 11s
Rendered 1556/3673, time remaining: 1m 11s
Rendered 1557/3673, time remaining: 1m 10s
Rendered 1558/3673, time remaining: 1m 10s
Rendered 1559/3673, time remaining: 1m 11s
Rendered 1560/3673, time remaining: 1m 10s
Rendered 1561/3673, time remaining: 1m 10s
Rendered 1562/3673, time remaining: 1m 10s
Rendered 1563/3673, time remaining: 1m 10s
Rendered 1564/3673, time remaining: 1m 10s
Rendered 1565/3673, time remaining: 1m 12s
Rendered 1566/3673, time remaining: 1m 12s
Rendered 1567/3673, time remaining: 1m 10s
Rendered 1568/3673, time remaining: 1m 10s
Rendered 1569/3673, time remaining: 1m 9s
Rendered 1570/3673, time remaining: 1m 10s
Rendered 1571/3673, time remaining: 1m 9s
Rendered 1572/3673, time remaining: 1m 9s
Rendered 1573/3673, time remaining: 1m 12s
Rendered 1574/3673, time remaining: 1m 10s
Rendered 1575/3673, time remaining: 1m 10s
Rendered 1576/3673, time remaining: 1m 11s
Rendered 1577/3673, time remaining: 1m 9s
Rendered 1578/3673, time remaining: 1m 8s
Rendered 1579/3673, time remaining: 1m 8s
Rendered 1580/3673, time remaining: 1m 10s
Rendered 1581/3673, time remaining: 1m 11s
Rendered 1582/3673, time remaining: 1m 11s
Rendered 1583/3673, time remaining: 1m 10s
Rendered 1584/3673, time remaining: 1m 8s
Rendered 1585/3673, time remaining: 1m 8s
Rendered 1586/3673, time remaining: 1m 8s
Rendered 1587/3673, time remaining: 1m 9s
Rendered 1588/3673, time remaining: 1m 8s
Rendered 1589/3673, time remaining: 1m 9s
Rendered 1590/3673, time remaining: 1m 9s
Rendered 1591/3673, time remaining: 1m 9s
Rendered 1592/3673, time remaining: 1m 9s
Rendered 1593/3673, time remaining: 1m 8s
Rendered 1594/3673, time remaining: 1m 8s
Rendered 1595/3673, time remaining: 1m 7s
Rendered 1596/3673, time remaining: 1m 7s
Rendered 1597/3673, time remaining: 1m 9s
Rendered 1598/3673, time remaining: 1m 9s
Rendered 1599/3673, time remaining: 1m 10s
Rendered 1600/3673, time remaining: 1m 9s
Rendered 1601/3673, time remaining: 1m 8s
Rendered 1602/3673, time remaining: 1m 9s
Rendered 1603/3673, time remaining: 1m 8s
Rendered 1604/3673, time remaining: 1m 7s
Rendered 1605/3673, time remaining: 1m 7s
Rendered 1606/3673, time remaining: 1m 9s
Rendered 1607/3673, time remaining: 1m 9s
Rendered 1608/3673, time remaining: 1m 9s
Rendered 1609/3673, time remaining: 1m 8s
Rendered 1610/3673, time remaining: 1m 8s
Rendered 1611/3673, time remaining: 1m 7s
Rendered 1612/3673, time remaining: 1m 6s
Rendered 1613/3673, time remaining: 1m 7s
Rendered 1614/3673, time remaining: 1m 9s
Rendered 1615/3673, time remaining: 1m 8s
Rendered 1616/3673, time remaining: 1m 8s
Rendered 1617/3673, time remaining: 1m 7s
Rendered 1618/3673, time remaining: 1m 8s
Rendered 1619/3673, time remaining: 1m 8s
Rendered 1620/3673, time remaining: 1m 8s
Rendered 1621/3673, time remaining: 1m 6s
Rendered 1622/3673, time remaining: 1m 7s
Rendered 1623/3673, time remaining: 1m 7s
Rendered 1624/3673, time remaining: 1m 7s
Rendered 1625/3673, time remaining: 1m 7s
Rendered 1626/3673, time remaining: 1m 7s
Rendered 1627/3673, time remaining: 1m 7s
Rendered 1628/3673, time remaining: 1m 6s
Rendered 1629/3673, time remaining: 1m 7s
Rendered 1630/3673, time remaining: 1m 8s
Rendered 1631/3673, time remaining: 1m 7s
Rendered 1632/3673, time remaining: 1m 7s
Rendered 1633/3673, time remaining: 1m 6s
Rendered 1634/3673, time remaining: 1m 7s
Rendered 1635/3673, time remaining: 1m 6s
Rendered 1636/3673, time remaining: 1m 7s
Rendered 1637/3673, time remaining: 1m 8s
Rendered 1638/3673, time remaining: 1m 8s
Rendered 1639/3673, time remaining: 1m 6s
Rendered 1640/3673, time remaining: 1m 5s
Rendered 1641/3673, time remaining: 1m 6s
Rendered 1642/3673, time remaining: 1m 7s
Rendered 1643/3673, time remaining: 1m 7s
Rendered 1644/3673, time remaining: 1m 7s
Rendered 1645/3673, time remaining: 1m 8s
Rendered 1646/3673, time remaining: 1m 6s
Rendered 1647/3673, time remaining: 1m 7s
Rendered 1648/3673, time remaining: 1m 6s
Rendered 1649/3673, time remaining: 1m 6s
Rendered 1650/3673, time remaining: 1m 7s
Rendered 1651/3673, time remaining: 1m 7s
Rendered 1652/3673, time remaining: 1m 7s
Rendered 1653/3673, time remaining: 1m 8s
Rendered 1654/3673, time remaining: 1m 6s
Rendered 1655/3673, time remaining: 1m 6s
Rendered 1656/3673, time remaining: 1m 6s
Rendered 1657/3673, time remaining: 1m 7s
Rendered 1658/3673, time remaining: 1m 7s
Rendered 1659/3673, time remaining: 1m 6s
Rendered 1660/3673, time remaining: 1m 6s
Rendered 1661/3673, time remaining: 1m 7s
Rendered 1662/3673, time remaining: 1m 7s
Rendered 1663/3673, time remaining: 1m 6s
Rendered 1664/3673, time remaining: 1m 7s
Rendered 1665/3673, time remaining: 1m 5s
Rendered 1666/3673, time remaining: 1m 5s
Rendered 1667/3673, time remaining: 1m 7s
Rendered 1668/3673, time remaining: 1m 7s
Rendered 1669/3673, time remaining: 1m 6s
Rendered 1670/3673, time remaining: 1m 6s
Rendered 1671/3673, time remaining: 1m 7s
Rendered 1672/3673, time remaining: 1m 6s
Rendered 1673/3673, time remaining: 1m 5s
Rendered 1674/3673, time remaining: 1m 5s
Rendered 1675/3673, time remaining: 1m 6s
Rendered 1676/3673, time remaining: 1m 6s
Rendered 1677/3673, time remaining: 1m 6s
Rendered 1678/3673, time remaining: 1m 6s
Rendered 1679/3673, time remaining: 1m 6s
Rendered 1680/3673, time remaining: 1m 6s
Rendered 1681/3673, time remaining: 1m 5s
Rendered 1682/3673, time remaining: 1m 6s
Rendered 1683/3673, time remaining: 1m 7s
Rendered 1684/3673, time remaining: 1m 5s
Rendered 1685/3673, time remaining: 1m 5s
Rendered 1686/3673, time remaining: 1m 5s
Rendered 1687/3673, time remaining: 1m 6s
Rendered 1688/3673, time remaining: 1m 6s
Rendered 1689/3673, time remaining: 1m 6s
Rendered 1690/3673, time remaining: 1m 7s
Rendered 1691/3673, time remaining: 1m 7s
Rendered 1692/3673, time remaining: 1m 7s
Rendered 1693/3673, time remaining: 1m 7s
Rendered 1694/3673, time remaining: 1m 7s
Rendered 1695/3673, time remaining: 1m 7s
Rendered 1696/3673, time remaining: 1m 7s
Rendered 1697/3673, time remaining: 1m 8s
Rendered 1698/3673, time remaining: 1m 9s
Rendered 1699/3673, time remaining: 1m 9s
Rendered 1700/3673, time remaining: 1m 9s
Rendered 1701/3673, time remaining: 1m 9s
Rendered 1702/3673, time remaining: 1m 9s
Rendered 1703/3673, time remaining: 1m 9s
Rendered 1704/3673, time remaining: 1m 9s
Rendered 1705/3673, time remaining: 1m 11s
Rendered 1706/3673, time remaining: 1m 11s
Rendered 1707/3673, time remaining: 1m 11s
Rendered 1708/3673, time remaining: 1m 11s
Rendered 1709/3673, time remaining: 1m 11s
Rendered 1710/3673, time remaining: 1m 10s
Rendered 1711/3673, time remaining: 1m 8s
Rendered 1712/3673, time remaining: 1m 9s
Rendered 1713/3673, time remaining: 1m 11s
Rendered 1714/3673, time remaining: 1m 11s
Rendered 1715/3673, time remaining: 1m 10s
Rendered 1716/3673, time remaining: 1m 10s
Rendered 1717/3673, time remaining: 1m 10s
Rendered 1718/3673, time remaining: 1m 10s
Rendered 1719/3673, time remaining: 1m 10s
Rendered 1720/3673, time remaining: 1m 10s
Rendered 1721/3673, time remaining: 1m 10s
Rendered 1722/3673, time remaining: 1m 12s
Rendered 1723/3673, time remaining: 1m 9s
Rendered 1724/3673, time remaining: 1m 9s
Rendered 1725/3673, time remaining: 1m 9s
Rendered 1726/3673, time remaining: 1m 9s
Rendered 1727/3673, time remaining: 1m 10s
Rendered 1728/3673, time remaining: 1m 10s
Rendered 1729/3673, time remaining: 1m 10s
Rendered 1730/3673, time remaining: 1m 9s
Rendered 1731/3673, time remaining: 1m 8s
Rendered 1732/3673, time remaining: 1m 9s
Rendered 1733/3673, time remaining: 1m 10s
Rendered 1734/3673, time remaining: 1m 10s
Rendered 1735/3673, time remaining: 1m 9s
Rendered 1736/3673, time remaining: 1m 9s
Rendered 1737/3673, time remaining: 1m 8s
Rendered 1738/3673, time remaining: 1m 9s
Rendered 1739/3673, time remaining: 1m 8s
Rendered 1740/3673, time remaining: 1m 9s
Rendered 1741/3673, time remaining: 1m 9s
Rendered 1742/3673, time remaining: 1m 9s
Rendered 1743/3673, time remaining: 1m 9s
Rendered 1744/3673, time remaining: 1m 10s
Rendered 1745/3673, time remaining: 1m 10s
Rendered 1746/3673, time remaining: 1m 10s
Rendered 1747/3673, time remaining: 1m 8s
Rendered 1748/3673, time remaining: 1m 8s
Rendered 1749/3673, time remaining: 1m 8s
Rendered 1750/3673, time remaining: 1m 7s
Rendered 1751/3673, time remaining: 1m 7s
Rendered 1752/3673, time remaining: 1m 8s
Rendered 1753/3673, time remaining: 1m 8s
Rendered 1754/3673, time remaining: 1m 9s
Rendered 1755/3673, time remaining: 1m 9s
Rendered 1756/3673, time remaining: 1m 7s
Rendered 1757/3673, time remaining: 1m 7s
Rendered 1758/3673, time remaining: 1m 7s
Rendered 1759/3673, time remaining: 1m 8s
Rendered 1760/3673, time remaining: 1m 8s
Rendered 1761/3673, time remaining: 1m 8s
Rendered 1762/3673, time remaining: 1m 9s
Rendered 1763/3673, time remaining: 1m 9s
Rendered 1764/3673, time remaining: 1m 7s
Rendered 1765/3673, time remaining: 1m 7s
Rendered 1766/3673, time remaining: 1m 7s
Rendered 1767/3673, time remaining: 1m 7s
Rendered 1768/3673, time remaining: 1m 8s
Rendered 1769/3673, time remaining: 1m 8s
Rendered 1770/3673, time remaining: 1m 9s
Rendered 1771/3673, time remaining: 1m 9s
Rendered 1772/3673, time remaining: 1m 7s
Rendered 1773/3673, time remaining: 1m 7s
Rendered 1774/3673, time remaining: 1m 7s
Rendered 1775/3673, time remaining: 1m 7s
Rendered 1776/3673, time remaining: 1m 7s
Rendered 1777/3673, time remaining: 1m 8s
Rendered 1778/3673, time remaining: 1m 8s
Rendered 1779/3673, time remaining: 1m 6s
Rendered 1780/3673, time remaining: 1m 7s
Rendered 1781/3673, time remaining: 1m 7s
Rendered 1782/3673, time remaining: 1m 7s
Rendered 1783/3673, time remaining: 1m 7s
Rendered 1784/3673, time remaining: 1m 6s
Rendered 1785/3673, time remaining: 1m 7s
Rendered 1786/3673, time remaining: 1m 6s
Rendered 1787/3673, time remaining: 1m 5s
Rendered 1788/3673, time remaining: 1m 8s
Rendered 1789/3673, time remaining: 1m 8s
Rendered 1790/3673, time remaining: 1m 7s
Rendered 1791/3673, time remaining: 1m 6s
Rendered 1792/3673, time remaining: 1m 6s
Rendered 1793/3673, time remaining: 1m 6s
Rendered 1794/3673, time remaining: 1m 6s
Rendered 1795/3673, time remaining: 1m 5s
Rendered 1796/3673, time remaining: 1m 7s
Rendered 1797/3673, time remaining: 1m 6s
Rendered 1798/3673, time remaining: 1m 6s
Rendered 1799/3673, time remaining: 1m 7s
Rendered 1800/3673, time remaining: 1m 5s
Rendered 1801/3673, time remaining: 1m 5s
Rendered 1802/3673, time remaining: 1m 5s
Rendered 1803/3673, time remaining: 1m 5s
Rendered 1804/3673, time remaining: 1m 6s
Rendered 1805/3673, time remaining: 1m 6s
Rendered 1806/3673, time remaining: 1m 7s
Rendered 1807/3673, time remaining: 1m 6s
Rendered 1808/3673, time remaining: 1m 5s
Rendered 1809/3673, time remaining: 1m 5s
Rendered 1810/3673, time remaining: 1m 5s
Rendered 1811/3673, time remaining: 1m 6s
Rendered 1812/3673, time remaining: 1m 6s
Rendered 1813/3673, time remaining: 1m 7s
Rendered 1814/3673, time remaining: 1m 6s
Rendered 1815/3673, time remaining: 1m 6s
Rendered 1816/3673, time remaining: 1m 6s
Rendered 1817/3673, time remaining: 1m 5s
Rendered 1818/3673, time remaining: 1m 5s
Rendered 1819/3673, time remaining: 1m 5s
Rendered 1820/3673, time remaining: 1m 7s
Rendered 1821/3673, time remaining: 1m 7s
Rendered 1822/3673, time remaining: 1m 6s
Rendered 1823/3673, time remaining: 1m 6s
Rendered 1824/3673, time remaining: 1m 7s
Rendered 1825/3673, time remaining: 1m 5s
Rendered 1826/3673, time remaining: 1m 5s
Rendered 1827/3673, time remaining: 1m 5s
Rendered 1828/3673, time remaining: 1m 7s
Rendered 1829/3673, time remaining: 1m 7s
Rendered 1830/3673, time remaining: 1m 7s
Rendered 1831/3673, time remaining: 1m 7s
Rendered 1832/3673, time remaining: 1m 5s
Rendered 1833/3673, time remaining: 1m 4s
Rendered 1834/3673, time remaining: 1m 6s
Rendered 1835/3673, time remaining: 1m 6s
Rendered 1836/3673, time remaining: 1m 7s
Rendered 1837/3673, time remaining: 1m 6s
Rendered 1838/3673, time remaining: 1m 6s
Rendered 1839/3673, time remaining: 1m 6s
Rendered 1840/3673, time remaining: 1m 5s
Rendered 1841/3673, time remaining: 1m 5s
Rendered 1842/3673, time remaining: 1m 5s
Rendered 1843/3673, time remaining: 1m 5s
Rendered 1844/3673, time remaining: 1m 6s
Rendered 1845/3673, time remaining: 1m 6s
Rendered 1846/3673, time remaining: 1m 6s
Rendered 1847/3673, time remaining: 1m 5s
Rendered 1848/3673, time remaining: 1m 4s
Rendered 1849/3673, time remaining: 1m 4s
Rendered 1850/3673, time remaining: 1m 4s
Rendered 1851/3673, time remaining: 1m 5s
Rendered 1852/3673, time remaining: 1m 7s
Rendered 1853/3673, time remaining: 1m 6s
Rendered 1854/3673, time remaining: 1m 6s
Rendered 1855/3673, time remaining: 1m 5s
Rendered 1856/3673, time remaining: 1m 5s
Rendered 1857/3673, time remaining: 1m 4s
Rendered 1858/3673, time remaining: 1m 4s
Rendered 1859/3673, time remaining: 1m 6s
Rendered 1860/3673, time remaining: 1m 7s
Rendered 1861/3673, time remaining: 1m 6s
Rendered 1862/3673, time remaining: 1m 6s
Rendered 1863/3673, time remaining: 1m 5s
Rendered 1864/3673, time remaining: 1m 5s
Rendered 1865/3673, time remaining: 1m 4s
Rendered 1866/3673, time remaining: 1m 5s
Rendered 1867/3673, time remaining: 1m 5s
Rendered 1868/3673, time remaining: 1m 6s
Rendered 1869/3673, time remaining: 1m 6s
Rendered 1870/3673, time remaining: 1m 6s
Rendered 1871/3673, time remaining: 1m 6s
Rendered 1872/3673, time remaining: 1m 4s
Rendered 1873/3673, time remaining: 1m 4s
Rendered 1874/3673, time remaining: 1m 4s
Rendered 1875/3673, time remaining: 1m 5s
Rendered 1876/3673, time remaining: 1m 6s
Rendered 1877/3673, time remaining: 1m 5s
Rendered 1878/3673, time remaining: 1m 5s
Rendered 1879/3673, time remaining: 1m 5s
Rendered 1880/3673, time remaining: 1m 5s
Rendered 1881/3673, time remaining: 1m 5s
Rendered 1882/3673, time remaining: 1m 4s
Rendered 1883/3673, time remaining: 1m 4s
Rendered 1884/3673, time remaining: 1m 4s
Rendered 1885/3673, time remaining: 1m 6s
Rendered 1886/3673, time remaining: 1m 6s
Rendered 1887/3673, time remaining: 1m 6s
Rendered 1888/3673, time remaining: 1m 5s
Rendered 1889/3673, time remaining: 1m 5s
Rendered 1890/3673, time remaining: 1m 4s
Rendered 1891/3673, time remaining: 1m 5s
Rendered 1892/3673, time remaining: 1m 5s
Rendered 1893/3673, time remaining: 1m 4s
Rendered 1894/3673, time remaining: 1m 5s
Rendered 1895/3673, time remaining: 1m 5s
Rendered 1896/3673, time remaining: 1m 5s
Rendered 1897/3673, time remaining: 1m 5s
Rendered 1898/3673, time remaining: 1m 5s
Rendered 1899/3673, time remaining: 1m 5s
Rendered 1900/3673, time remaining: 1m 5s
Rendered 1901/3673, time remaining: 1m 6s
Rendered 1902/3673, time remaining: 1m 5s
Rendered 1903/3673, time remaining: 1m 5s
Rendered 1904/3673, time remaining: 1m 5s
Rendered 1905/3673, time remaining: 1m 5s
Rendered 1906/3673, time remaining: 1m 5s
Rendered 1907/3673, time remaining: 1m 5s
Rendered 1908/3673, time remaining: 1m 5s
Rendered 1909/3673, time remaining: 1m 4s
Rendered 1910/3673, time remaining: 1m 4s
Rendered 1911/3673, time remaining: 1m 5s
Rendered 1912/3673, time remaining: 1m 5s
Rendered 1913/3673, time remaining: 1m 5s
Rendered 1914/3673, time remaining: 1m 5s
Rendered 1915/3673, time remaining: 1m 5s
Rendered 1916/3673, time remaining: 1m 5s
Rendered 1917/3673, time remaining: 1m 5s
Rendered 1918/3673, time remaining: 1m 4s
Rendered 1919/3673, time remaining: 1m 4s
Rendered 1920/3673, time remaining: 1m 5s
Rendered 1921/3673, time remaining: 1m 5s
Rendered 1922/3673, time remaining: 1m 5s
Rendered 1923/3673, time remaining: 1m 4s
Rendered 1924/3673, time remaining: 1m 4s
Rendered 1925/3673, time remaining: 1m 5s
Rendered 1926/3673, time remaining: 1m 6s
Rendered 1927/3673, time remaining: 1m 4s
Rendered 1928/3673, time remaining: 1m 5s
Rendered 1929/3673, time remaining: 1m 5s
Rendered 1930/3673, time remaining: 1m 4s
Rendered 1931/3673, time remaining: 1m 4s
Rendered 1932/3673, time remaining: 1m 3s
Rendered 1933/3673, time remaining: 1m 5s
Rendered 1934/3673, time remaining: 1m 5s
Rendered 1935/3673, time remaining: 1m 5s
Rendered 1936/3673, time remaining: 1m 5s
Rendered 1937/3673, time remaining: 1m 5s
Rendered 1938/3673, time remaining: 1m 3s
Rendered 1939/3673, time remaining: 1m 4s
Rendered 1940/3673, time remaining: 1m 4s
Rendered 1941/3673, time remaining: 1m 4s
Rendered 1942/3673, time remaining: 1m 3s
Rendered 1943/3673, time remaining: 1m 4s
Rendered 1944/3673, time remaining: 1m 4s
Rendered 1945/3673, time remaining: 1m 5s
Rendered 1946/3673, time remaining: 1m 3s
Rendered 1947/3673, time remaining: 1m 4s
Rendered 1948/3673, time remaining: 1m 3s
Rendered 1949/3673, time remaining: 1m 3s
Rendered 1950/3673, time remaining: 1m 3s
Rendered 1951/3673, time remaining: 1m 3s
Rendered 1952/3673, time remaining: 1m 4s
Rendered 1953/3673, time remaining: 1m 5s
Rendered 1954/3673, time remaining: 1m 3s
Rendered 1955/3673, time remaining: 1m 3s
Rendered 1956/3673, time remaining: 1m 2s
Rendered 1957/3673, time remaining: 1m 3s
Rendered 1958/3673, time remaining: 1m 3s
Rendered 1959/3673, time remaining: 1m 3s
Rendered 1960/3673, time remaining: 1m 5s
Rendered 1961/3673, time remaining: 1m 4s
Rendered 1962/3673, time remaining: 1m 3s
Rendered 1963/3673, time remaining: 1m 2s
Rendered 1964/3673, time remaining: 1m 2s
Rendered 1965/3673, time remaining: 1m 3s
Rendered 1966/3673, time remaining: 1m 3s
Rendered 1967/3673, time remaining: 1m 2s
Rendered 1968/3673, time remaining: 1m 3s
Rendered 1969/3673, time remaining: 1m 4s
Rendered 1970/3673, time remaining: 1m 3s
Rendered 1971/3673, time remaining: 1m 2s
Rendered 1972/3673, time remaining: 1m 2s
Rendered 1973/3673, time remaining: 1m 2s
Rendered 1974/3673, time remaining: 1m 2s
Rendered 1975/3673, time remaining: 1m 2s
Rendered 1976/3673, time remaining: 1m 2s
Rendered 1977/3673, time remaining: 1m 4s
Rendered 1978/3673, time remaining: 1m 2s
Rendered 1979/3673, time remaining: 1m 2s
Rendered 1980/3673, time remaining: 1m 1s
Rendered 1981/3673, time remaining: 1m 1s
Rendered 1982/3673, time remaining: 1m 2s
Rendered 1983/3673, time remaining: 1m 2s
Rendered 1984/3673, time remaining: 1m 1s
Rendered 1985/3673, time remaining: 1m 2s
Rendered 1986/3673, time remaining: 1m 1s
Rendered 1987/3673, time remaining: 1m 2s
Rendered 1988/3673, time remaining: 1m 1s
Rendered 1989/3673, time remaining: 1m 1s
Rendered 1990/3673, time remaining: 1m 1s
Rendered 1991/3673, time remaining: 1m 2s
Rendered 1992/3673, time remaining: 1m 2s
Rendered 1993/3673, time remaining: 1m 2s
Rendered 1994/3673, time remaining: 1m 2s
Rendered 1995/3673, time remaining: 1m 1s
Rendered 1996/3673, time remaining: 1m 1s
Rendered 1997/3673, time remaining: 1m 1s
Rendered 1998/3673, time remaining: 1m 1s
Rendered 1999/3673, time remaining: 1m 2s
Rendered 2000/3673, time remaining: 1m 2s
Rendered 2001/3673, time remaining: 1m 1s
Rendered 2002/3673, time remaining: 1m 1s
Rendered 2003/3673, time remaining: 1m 1s
Rendered 2004/3673, time remaining: 1m 0s
Rendered 2005/3673, time remaining: 1m 0s
Rendered 2006/3673, time remaining: 1m 1s
Rendered 2007/3673, time remaining: 1m 2s
Rendered 2008/3673, time remaining: 1m 2s
Rendered 2009/3673, time remaining: 1m 0s
Rendered 2010/3673, time remaining: 1m 0s
Rendered 2011/3673, time remaining: 1m 0s
Rendered 2012/3673, time remaining: 59s
Rendered 2013/3673, time remaining: 1m 0s
Rendered 2014/3673, time remaining: 1m 1s
Rendered 2015/3673, time remaining: 1m 1s
Rendered 2016/3673, time remaining: 1m 0s
Rendered 2017/3673, time remaining: 1m 0s
Rendered 2018/3673, time remaining: 59s
Rendered 2019/3673, time remaining: 59s
Rendered 2020/3673, time remaining: 59s
Rendered 2021/3673, time remaining: 1m 0s
Rendered 2022/3673, time remaining: 1m 0s
Rendered 2023/3673, time remaining: 1m 1s
Rendered 2024/3673, time remaining: 1m 0s
Rendered 2025/3673, time remaining: 1m 0s
Rendered 2026/3673, time remaining: 59s
Rendered 2027/3673, time remaining: 59s
Rendered 2028/3673, time remaining: 59s
Rendered 2029/3673, time remaining: 1m 0s
Rendered 2030/3673, time remaining: 59s
Rendered 2031/3673, time remaining: 1m 0s
Rendered 2032/3673, time remaining: 1m 0s
Rendered 2033/3673, time remaining: 59s
Rendered 2034/3673, time remaining: 59s
Rendered 2035/3673, time remaining: 58s
Rendered 2036/3673, time remaining: 58s
Rendered 2037/3673, time remaining: 58s
Rendered 2038/3673, time remaining: 58s
Rendered 2039/3673, time remaining: 1m 0s
Rendered 2040/3673, time remaining: 1m 0s
Rendered 2041/3673, time remaining: 59s
Rendered 2042/3673, time remaining: 59s
Rendered 2043/3673, time remaining: 59s
Rendered 2044/3673, time remaining: 58s
Rendered 2045/3673, time remaining: 58s
Rendered 2046/3673, time remaining: 58s
Rendered 2047/3673, time remaining: 58s
Rendered 2048/3673, time remaining: 59s
Rendered 2049/3673, time remaining: 59s
Rendered 2050/3673, time remaining: 59s
Rendered 2051/3673, time remaining: 58s
Rendered 2052/3673, time remaining: 57s
Rendered 2053/3673, time remaining: 58s
Rendered 2054/3673, time remaining: 57s
Rendered 2055/3673, time remaining: 58s
Rendered 2056/3673, time remaining: 58s
Rendered 2057/3673, time remaining: 58s
Rendered 2058/3673, time remaining: 58s
Rendered 2059/3673, time remaining: 58s
Rendered 2060/3673, time remaining: 59s
Rendered 2061/3673, time remaining: 58s
Rendered 2062/3673, time remaining: 57s
Rendered 2063/3673, time remaining: 57s
Rendered 2064/3673, time remaining: 57s
Rendered 2065/3673, time remaining: 58s
Rendered 2066/3673, time remaining: 58s
Rendered 2067/3673, time remaining: 58s
Rendered 2068/3673, time remaining: 58s
Rendered 2069/3673, time remaining: 58s
Rendered 2070/3673, time remaining: 56s
Rendered 2071/3673, time remaining: 57s
Rendered 2072/3673, time remaining: 57s
Rendered 2073/3673, time remaining: 57s
Rendered 2074/3673, time remaining: 57s
Rendered 2075/3673, time remaining: 57s
Rendered 2076/3673, time remaining: 57s
Rendered 2077/3673, time remaining: 57s
Rendered 2078/3673, time remaining: 56s
Rendered 2079/3673, time remaining: 57s
Rendered 2080/3673, time remaining: 58s
Rendered 2081/3673, time remaining: 57s
Rendered 2082/3673, time remaining: 57s
Rendered 2083/3673, time remaining: 56s
Rendered 2084/3673, time remaining: 57s
Rendered 2085/3673, time remaining: 56s
Rendered 2086/3673, time remaining: 56s
Rendered 2087/3673, time remaining: 57s
Rendered 2088/3673, time remaining: 58s
Rendered 2089/3673, time remaining: 56s
Rendered 2090/3673, time remaining: 56s
Rendered 2091/3673, time remaining: 57s
Rendered 2092/3673, time remaining: 57s
Rendered 2093/3673, time remaining: 56s
Rendered 2094/3673, time remaining: 56s
Rendered 2095/3673, time remaining: 56s
Rendered 2096/3673, time remaining: 56s
Rendered 2097/3673, time remaining: 56s
Rendered 2098/3673, time remaining: 56s
Rendered 2099/3673, time remaining: 56s
Rendered 2100/3673, time remaining: 57s
Rendered 2101/3673, time remaining: 57s
Rendered 2102/3673, time remaining: 57s
Rendered 2103/3673, time remaining: 56s
Rendered 2104/3673, time remaining: 57s
Rendered 2105/3673, time remaining: 57s
Rendered 2106/3673, time remaining: 57s
Rendered 2107/3673, time remaining: 56s
Rendered 2108/3673, time remaining: 56s
Rendered 2109/3673, time remaining: 57s
Rendered 2110/3673, time remaining: 55s
Rendered 2111/3673, time remaining: 56s
Rendered 2112/3673, time remaining: 56s
Rendered 2113/3673, time remaining: 56s
Rendered 2114/3673, time remaining: 57s
Rendered 2115/3673, time remaining: 56s
Rendered 2116/3673, time remaining: 57s
Rendered 2117/3673, time remaining: 57s
Rendered 2118/3673, time remaining: 56s
Rendered 2119/3673, time remaining: 56s
Rendered 2120/3673, time remaining: 56s
Rendered 2121/3673, time remaining: 57s
Rendered 2122/3673, time remaining: 57s
Rendered 2123/3673, time remaining: 57s
Rendered 2124/3673, time remaining: 56s
Rendered 2125/3673, time remaining: 56s
Rendered 2126/3673, time remaining: 56s
Rendered 2127/3673, time remaining: 56s
Rendered 2128/3673, time remaining: 57s
Rendered 2129/3673, time remaining: 57s
Rendered 2130/3673, time remaining: 58s
Rendered 2131/3673, time remaining: 57s
Rendered 2132/3673, time remaining: 57s
Rendered 2133/3673, time remaining: 57s
Rendered 2134/3673, time remaining: 56s
Rendered 2135/3673, time remaining: 55s
Rendered 2136/3673, time remaining: 58s
Rendered 2137/3673, time remaining: 57s
Rendered 2138/3673, time remaining: 57s
Rendered 2139/3673, time remaining: 57s
Rendered 2140/3673, time remaining: 57s
Rendered 2141/3673, time remaining: 56s
Rendered 2142/3673, time remaining: 57s
Rendered 2143/3673, time remaining: 57s
Rendered 2144/3673, time remaining: 58s
Rendered 2145/3673, time remaining: 58s
Rendered 2146/3673, time remaining: 58s
Rendered 2147/3673, time remaining: 59s
Rendered 2148/3673, time remaining: 59s
Rendered 2149/3673, time remaining: 57s
Rendered 2150/3673, time remaining: 57s
Rendered 2151/3673, time remaining: 59s
Rendered 2152/3673, time remaining: 58s
Rendered 2153/3673, time remaining: 59s
Rendered 2154/3673, time remaining: 59s
Rendered 2155/3673, time remaining: 59s
Rendered 2156/3673, time remaining: 58s
Rendered 2157/3673, time remaining: 58s
Rendered 2158/3673, time remaining: 58s
Rendered 2159/3673, time remaining: 58s
Rendered 2160/3673, time remaining: 58s
Rendered 2161/3673, time remaining: 1m 1s
Rendered 2162/3673, time remaining: 1m 1s
Rendered 2163/3673, time remaining: 1m 0s
Rendered 2164/3673, time remaining: 1m 0s
Rendered 2165/3673, time remaining: 1m 1s
Rendered 2166/3673, time remaining: 1m 2s
Rendered 2167/3673, time remaining: 1m 2s
Rendered 2168/3673, time remaining: 1m 2s
Rendered 2169/3673, time remaining: 1m 4s
Rendered 2170/3673, time remaining: 1m 3s
Rendered 2171/3673, time remaining: 1m 2s
Rendered 2172/3673, time remaining: 1m 3s
Rendered 2173/3673, time remaining: 1m 4s
Rendered 2174/3673, time remaining: 1m 4s
Rendered 2175/3673, time remaining: 1m 3s
Rendered 2176/3673, time remaining: 1m 3s
Rendered 2177/3673, time remaining: 1m 3s
Rendered 2178/3673, time remaining: 1m 4s
Rendered 2179/3673, time remaining: 1m 3s
Rendered 2180/3673, time remaining: 1m 3s
Rendered 2181/3673, time remaining: 1m 6s
Rendered 2182/3673, time remaining: 1m 6s
Rendered 2183/3673, time remaining: 1m 6s
Rendered 2184/3673, time remaining: 1m 6s
Rendered 2185/3673, time remaining: 1m 6s
Rendered 2186/3673, time remaining: 1m 6s
Rendered 2187/3673, time remaining: 1m 6s
Rendered 2188/3673, time remaining: 1m 6s
Rendered 2189/3673, time remaining: 1m 8s
Rendered 2190/3673, time remaining: 1m 8s
Rendered 2191/3673, time remaining: 1m 8s
Rendered 2192/3673, time remaining: 1m 8s
Rendered 2193/3673, time remaining: 1m 9s
Rendered 2194/3673, time remaining: 1m 10s
Rendered 2195/3673, time remaining: 1m 10s
Rendered 2196/3673, time remaining: 1m 9s
Rendered 2197/3673, time remaining: 1m 10s
Rendered 2198/3673, time remaining: 1m 10s
Rendered 2199/3673, time remaining: 1m 10s
Rendered 2200/3673, time remaining: 1m 10s
Rendered 2201/3673, time remaining: 1m 10s
Rendered 2202/3673, time remaining: 1m 12s
Rendered 2203/3673, time remaining: 1m 11s
Rendered 2204/3673, time remaining: 1m 11s
Rendered 2205/3673, time remaining: 1m 12s
Rendered 2206/3673, time remaining: 1m 12s
Rendered 2207/3673, time remaining: 1m 12s
Rendered 2208/3673, time remaining: 1m 12s
Rendered 2209/3673, time remaining: 1m 13s
Rendered 2210/3673, time remaining: 1m 12s
Rendered 2211/3673, time remaining: 1m 13s
Rendered 2212/3673, time remaining: 1m 13s
Rendered 2213/3673, time remaining: 1m 13s
Rendered 2214/3673, time remaining: 1m 13s
Rendered 2215/3673, time remaining: 1m 13s
Rendered 2216/3673, time remaining: 1m 15s
Rendered 2217/3673, time remaining: 1m 14s
Rendered 2218/3673, time remaining: 1m 14s
Rendered 2219/3673, time remaining: 1m 13s
Rendered 2220/3673, time remaining: 1m 15s
Rendered 2221/3673, time remaining: 1m 16s
Rendered 2222/3673, time remaining: 1m 15s
Rendered 2223/3673, time remaining: 1m 15s
Rendered 2224/3673, time remaining: 1m 17s
Rendered 2225/3673, time remaining: 1m 16s
Rendered 2226/3673, time remaining: 1m 15s
Rendered 2227/3673, time remaining: 1m 16s
Rendered 2228/3673, time remaining: 1m 17s
Rendered 2229/3673, time remaining: 1m 17s
Rendered 2230/3673, time remaining: 1m 16s
Rendered 2231/3673, time remaining: 1m 16s
Rendered 2232/3673, time remaining: 1m 19s
Rendered 2233/3673, time remaining: 1m 19s
Rendered 2234/3673, time remaining: 1m 18s
Rendered 2235/3673, time remaining: 1m 19s
Rendered 2236/3673, time remaining: 1m 20s
Rendered 2237/3673, time remaining: 1m 19s
Rendered 2238/3673, time remaining: 1m 19s
Rendered 2239/3673, time remaining: 1m 20s
Rendered 2240/3673, time remaining: 1m 20s
Rendered 2241/3673, time remaining: 1m 20s
Rendered 2242/3673, time remaining: 1m 22s
Rendered 2243/3673, time remaining: 1m 22s
Rendered 2244/3673, time remaining: 1m 22s
Rendered 2245/3673, time remaining: 1m 22s
Rendered 2246/3673, time remaining: 1m 23s
Rendered 2247/3673, time remaining: 1m 23s
Rendered 2248/3673, time remaining: 1m 24s
Rendered 2249/3673, time remaining: 1m 23s
Rendered 2250/3673, time remaining: 1m 23s
Rendered 2251/3673, time remaining: 1m 23s
Rendered 2252/3673, time remaining: 1m 23s
Rendered 2253/3673, time remaining: 1m 25s
Rendered 2254/3673, time remaining: 1m 24s
Rendered 2255/3673, time remaining: 1m 24s
Rendered 2256/3673, time remaining: 1m 23s
Rendered 2257/3673, time remaining: 1m 24s
Rendered 2258/3673, time remaining: 1m 24s
Rendered 2259/3673, time remaining: 1m 26s
Rendered 2260/3673, time remaining: 1m 25s
Rendered 2261/3673, time remaining: 1m 26s
Rendered 2262/3673, time remaining: 1m 26s
Rendered 2263/3673, time remaining: 1m 26s
Rendered 2264/3673, time remaining: 1m 26s
Rendered 2265/3673, time remaining: 1m 26s
Rendered 2266/3673, time remaining: 1m 25s
Rendered 2267/3673, time remaining: 1m 28s
Rendered 2268/3673, time remaining: 1m 28s
Rendered 2269/3673, time remaining: 1m 26s
Rendered 2270/3673, time remaining: 1m 29s
Rendered 2271/3673, time remaining: 1m 28s
Rendered 2272/3673, time remaining: 1m 28s
Rendered 2273/3673, time remaining: 1m 28s
Rendered 2274/3673, time remaining: 1m 28s
Rendered 2275/3673, time remaining: 1m 30s
Rendered 2276/3673, time remaining: 1m 30s
Rendered 2277/3673, time remaining: 1m 29s
Rendered 2278/3673, time remaining: 1m 29s
Rendered 2279/3673, time remaining: 1m 30s
Rendered 2280/3673, time remaining: 1m 29s
Rendered 2281/3673, time remaining: 1m 30s
Rendered 2282/3673, time remaining: 1m 31s
Rendered 2283/3673, time remaining: 1m 31s
Rendered 2284/3673, time remaining: 1m 31s
Rendered 2285/3673, time remaining: 1m 31s
Rendered 2286/3673, time remaining: 1m 31s
Rendered 2287/3673, time remaining: 1m 30s
Rendered 2288/3673, time remaining: 1m 32s
Rendered 2289/3673, time remaining: 1m 33s
Rendered 2290/3673, time remaining: 1m 33s
Rendered 2291/3673, time remaining: 1m 33s
Rendered 2292/3673, time remaining: 1m 32s
Rendered 2293/3673, time remaining: 1m 32s
Rendered 2294/3673, time remaining: 1m 30s
Rendered 2295/3673, time remaining: 1m 31s
Rendered 2296/3673, time remaining: 1m 33s
Rendered 2297/3673, time remaining: 1m 33s
Rendered 2298/3673, time remaining: 1m 33s
Rendered 2299/3673, time remaining: 1m 32s
Rendered 2300/3673, time remaining: 1m 33s
Rendered 2301/3673, time remaining: 1m 33s
Rendered 2302/3673, time remaining: 1m 34s
Rendered 2303/3673, time remaining: 1m 33s
Rendered 2304/3673, time remaining: 1m 33s
Rendered 2305/3673, time remaining: 1m 33s
Rendered 2306/3673, time remaining: 1m 33s
Rendered 2307/3673, time remaining: 1m 34s
Rendered 2308/3673, time remaining: 1m 34s
Rendered 2309/3673, time remaining: 1m 34s
Rendered 2310/3673, time remaining: 1m 34s
Rendered 2311/3673, time remaining: 1m 32s
Rendered 2312/3673, time remaining: 1m 33s
Rendered 2313/3673, time remaining: 1m 33s
Rendered 2314/3673, time remaining: 1m 33s
Rendered 2315/3673, time remaining: 1m 33s
Rendered 2316/3673, time remaining: 1m 32s
Rendered 2317/3673, time remaining: 1m 32s
Rendered 2318/3673, time remaining: 1m 35s
Rendered 2319/3673, time remaining: 1m 33s
Rendered 2320/3673, time remaining: 1m 33s
Rendered 2321/3673, time remaining: 1m 33s
Rendered 2322/3673, time remaining: 1m 33s
Rendered 2323/3673, time remaining: 1m 32s
Rendered 2324/3673, time remaining: 1m 33s
Rendered 2325/3673, time remaining: 1m 34s
Rendered 2326/3673, time remaining: 1m 35s
Rendered 2327/3673, time remaining: 1m 35s
Rendered 2328/3673, time remaining: 1m 34s
Rendered 2329/3673, time remaining: 1m 34s
Rendered 2330/3673, time remaining: 1m 35s
Rendered 2331/3673, time remaining: 1m 33s
Rendered 2332/3673, time remaining: 1m 32s
Rendered 2333/3673, time remaining: 1m 32s
Rendered 2334/3673, time remaining: 1m 34s
Rendered 2335/3673, time remaining: 1m 35s
Rendered 2336/3673, time remaining: 1m 35s
Rendered 2337/3673, time remaining: 1m 35s
Rendered 2338/3673, time remaining: 1m 36s
Rendered 2339/3673, time remaining: 1m 33s
Rendered 2340/3673, time remaining: 1m 34s
Rendered 2341/3673, time remaining: 1m 34s
Rendered 2342/3673, time remaining: 1m 34s
Rendered 2343/3673, time remaining: 1m 35s
Rendered 2344/3673, time remaining: 1m 33s
Rendered 2345/3673, time remaining: 1m 34s
Rendered 2346/3673, time remaining: 1m 34s
Rendered 2347/3673, time remaining: 1m 34s
Rendered 2348/3673, time remaining: 1m 34s
Rendered 2349/3673, time remaining: 1m 34s
Rendered 2350/3673, time remaining: 1m 34s
Rendered 2351/3673, time remaining: 1m 34s
Rendered 2352/3673, time remaining: 1m 33s
Rendered 2353/3673, time remaining: 1m 35s
Rendered 2354/3673, time remaining: 1m 35s
Rendered 2355/3673, time remaining: 1m 33s
Rendered 2356/3673, time remaining: 1m 33s
Rendered 2357/3673, time remaining: 1m 34s
Rendered 2358/3673, time remaining: 1m 34s
Rendered 2359/3673, time remaining: 1m 34s
Rendered 2360/3673, time remaining: 1m 33s
Rendered 2361/3673, time remaining: 1m 34s
Rendered 2362/3673, time remaining: 1m 36s
Rendered 2363/3673, time remaining: 1m 35s
Rendered 2364/3673, time remaining: 1m 35s
Rendered 2365/3673, time remaining: 1m 35s
Rendered 2366/3673, time remaining: 1m 33s
Rendered 2367/3673, time remaining: 1m 34s
Rendered 2368/3673, time remaining: 1m 34s
Rendered 2369/3673, time remaining: 1m 34s
Rendered 2370/3673, time remaining: 1m 35s
Rendered 2371/3673, time remaining: 1m 34s
Rendered 2372/3673, time remaining: 1m 34s
Rendered 2373/3673, time remaining: 1m 33s
Rendered 2374/3673, time remaining: 1m 32s
Rendered 2375/3673, time remaining: 1m 33s
Rendered 2376/3673, time remaining: 1m 34s
Rendered 2377/3673, time remaining: 1m 33s
Rendered 2378/3673, time remaining: 1m 34s
Rendered 2379/3673, time remaining: 1m 34s
Rendered 2380/3673, time remaining: 1m 34s
Rendered 2381/3673, time remaining: 1m 35s
Rendered 2382/3673, time remaining: 1m 32s
Rendered 2383/3673, time remaining: 1m 33s
Rendered 2384/3673, time remaining: 1m 33s
Rendered 2385/3673, time remaining: 1m 32s
Rendered 2386/3673, time remaining: 1m 32s
Rendered 2387/3673, time remaining: 1m 33s
Rendered 2388/3673, time remaining: 1m 33s
Rendered 2389/3673, time remaining: 1m 32s
Rendered 2390/3673, time remaining: 1m 32s
Rendered 2391/3673, time remaining: 1m 31s
Rendered 2392/3673, time remaining: 1m 30s
Rendered 2393/3673, time remaining: 1m 30s
Rendered 2394/3673, time remaining: 1m 32s
Rendered 2395/3673, time remaining: 1m 31s
Rendered 2396/3673, time remaining: 1m 30s
Rendered 2397/3673, time remaining: 1m 31s
Rendered 2398/3673, time remaining: 1m 31s
Rendered 2399/3673, time remaining: 1m 31s
Rendered 2400/3673, time remaining: 1m 30s
Rendered 2401/3673, time remaining: 1m 30s
Rendered 2402/3673, time remaining: 1m 32s
Rendered 2403/3673, time remaining: 1m 32s
Rendered 2404/3673, time remaining: 1m 32s
Rendered 2405/3673, time remaining: 1m 32s
Rendered 2406/3673, time remaining: 1m 35s
Rendered 2407/3673, time remaining: 1m 34s
Rendered 2408/3673, time remaining: 1m 34s
Rendered 2409/3673, time remaining: 1m 32s
Rendered 2410/3673, time remaining: 1m 32s
Rendered 2411/3673, time remaining: 1m 33s
Rendered 2412/3673, time remaining: 1m 32s
Rendered 2413/3673, time remaining: 1m 32s
Rendered 2414/3673, time remaining: 1m 32s
Rendered 2415/3673, time remaining: 1m 32s
Rendered 2416/3673, time remaining: 1m 34s
Rendered 2417/3673, time remaining: 1m 32s
Rendered 2418/3673, time remaining: 1m 32s
Rendered 2419/3673, time remaining: 1m 33s
Rendered 2420/3673, time remaining: 1m 31s
Rendered 2421/3673, time remaining: 1m 31s
Rendered 2422/3673, time remaining: 1m 31s
Rendered 2423/3673, time remaining: 1m 31s
Rendered 2424/3673, time remaining: 1m 33s
Rendered 2425/3673, time remaining: 1m 32s
Rendered 2426/3673, time remaining: 1m 31s
Rendered 2427/3673, time remaining: 1m 32s
Rendered 2428/3673, time remaining: 1m 31s
Rendered 2429/3673, time remaining: 1m 30s
Rendered 2430/3673, time remaining: 1m 31s
Rendered 2431/3673, time remaining: 1m 30s
Rendered 2432/3673, time remaining: 1m 31s
Rendered 2433/3673, time remaining: 1m 30s
Rendered 2434/3673, time remaining: 1m 30s
Rendered 2435/3673, time remaining: 1m 30s
Rendered 2436/3673, time remaining: 1m 30s
Rendered 2437/3673, time remaining: 1m 30s
Rendered 2438/3673, time remaining: 1m 29s
Rendered 2439/3673, time remaining: 1m 27s
Rendered 2440/3673, time remaining: 1m 31s
Rendered 2441/3673, time remaining: 1m 31s
Rendered 2442/3673, time remaining: 1m 31s
Rendered 2443/3673, time remaining: 1m 31s
Rendered 2444/3673, time remaining: 1m 30s
Rendered 2445/3673, time remaining: 1m 32s
Rendered 2446/3673, time remaining: 1m 29s
Rendered 2447/3673, time remaining: 1m 29s
Rendered 2448/3673, time remaining: 1m 30s
Rendered 2449/3673, time remaining: 1m 31s
Rendered 2450/3673, time remaining: 1m 30s
Rendered 2451/3673, time remaining: 1m 29s
Rendered 2452/3673, time remaining: 1m 28s
Rendered 2453/3673, time remaining: 1m 29s
Rendered 2454/3673, time remaining: 1m 29s
Rendered 2455/3673, time remaining: 1m 29s
Rendered 2456/3673, time remaining: 1m 31s
Rendered 2457/3673, time remaining: 1m 29s
Rendered 2458/3673, time remaining: 1m 29s
Rendered 2459/3673, time remaining: 1m 29s
Rendered 2460/3673, time remaining: 1m 29s
Rendered 2461/3673, time remaining: 1m 30s
Rendered 2462/3673, time remaining: 1m 29s
Rendered 2463/3673, time remaining: 1m 30s
Rendered 2464/3673, time remaining: 1m 32s
Rendered 2465/3673, time remaining: 1m 30s
Rendered 2466/3673, time remaining: 1m 30s
Rendered 2467/3673, time remaining: 1m 31s
Rendered 2468/3673, time remaining: 1m 28s
Rendered 2469/3673, time remaining: 1m 30s
Rendered 2470/3673, time remaining: 1m 30s
Rendered 2471/3673, time remaining: 1m 30s
Rendered 2472/3673, time remaining: 1m 30s
Rendered 2473/3673, time remaining: 1m 30s
Rendered 2474/3673, time remaining: 1m 30s
Rendered 2475/3673, time remaining: 1m 30s
Rendered 2476/3673, time remaining: 1m 29s
Rendered 2477/3673, time remaining: 1m 29s
Rendered 2478/3673, time remaining: 1m 29s
Rendered 2479/3673, time remaining: 1m 28s
Rendered 2480/3673, time remaining: 1m 30s
Rendered 2481/3673, time remaining: 1m 30s
Rendered 2482/3673, time remaining: 1m 30s
Rendered 2483/3673, time remaining: 1m 30s
Rendered 2484/3673, time remaining: 1m 28s
Rendered 2485/3673, time remaining: 1m 27s
Rendered 2486/3673, time remaining: 1m 28s
Rendered 2487/3673, time remaining: 1m 28s
Rendered 2488/3673, time remaining: 1m 27s
Rendered 2489/3673, time remaining: 1m 28s
Rendered 2490/3673, time remaining: 1m 27s
Rendered 2491/3673, time remaining: 1m 27s
Rendered 2492/3673, time remaining: 1m 27s
Rendered 2493/3673, time remaining: 1m 26s
Rendered 2494/3673, time remaining: 1m 27s
Rendered 2495/3673, time remaining: 1m 26s
Rendered 2496/3673, time remaining: 1m 26s
Rendered 2497/3673, time remaining: 1m 26s
Rendered 2498/3673, time remaining: 1m 26s
Rendered 2499/3673, time remaining: 1m 26s
Rendered 2500/3673, time remaining: 1m 27s
Rendered 2501/3673, time remaining: 1m 27s
Rendered 2502/3673, time remaining: 1m 26s
Rendered 2503/3673, time remaining: 1m 24s
Rendered 2504/3673, time remaining: 1m 24s
Rendered 2505/3673, time remaining: 1m 25s
Rendered 2506/3673, time remaining: 1m 26s
Rendered 2507/3673, time remaining: 1m 26s
Rendered 2508/3673, time remaining: 1m 26s
Rendered 2509/3673, time remaining: 1m 26s
Rendered 2510/3673, time remaining: 1m 26s
Rendered 2511/3673, time remaining: 1m 24s
Rendered 2512/3673, time remaining: 1m 23s
Rendered 2513/3673, time remaining: 1m 24s
Rendered 2514/3673, time remaining: 1m 24s
Rendered 2515/3673, time remaining: 1m 26s
Rendered 2516/3673, time remaining: 1m 25s
Rendered 2517/3673, time remaining: 1m 24s
Rendered 2518/3673, time remaining: 1m 24s
Rendered 2519/3673, time remaining: 1m 25s
Rendered 2520/3673, time remaining: 1m 25s
Rendered 2521/3673, time remaining: 1m 29s
Rendered 2522/3673, time remaining: 1m 29s
Rendered 2523/3673, time remaining: 1m 30s
Rendered 2524/3673, time remaining: 1m 31s
Rendered 2525/3673, time remaining: 1m 29s
Rendered 2526/3673, time remaining: 1m 29s
Rendered 2527/3673, time remaining: 1m 29s
Rendered 2528/3673, time remaining: 1m 28s
Rendered 2529/3673, time remaining: 1m 28s
Rendered 2530/3673, time remaining: 1m 29s
Rendered 2531/3673, time remaining: 1m 29s
Rendered 2532/3673, time remaining: 1m 28s
Rendered 2533/3673, time remaining: 1m 28s
Rendered 2534/3673, time remaining: 1m 28s
Rendered 2535/3673, time remaining: 1m 30s
Rendered 2536/3673, time remaining: 1m 29s
Rendered 2537/3673, time remaining: 1m 27s
Rendered 2538/3673, time remaining: 1m 27s
Rendered 2539/3673, time remaining: 1m 28s
Rendered 2540/3673, time remaining: 1m 29s
Rendered 2541/3673, time remaining: 1m 29s
Rendered 2542/3673, time remaining: 1m 30s
Rendered 2543/3673, time remaining: 1m 29s
Rendered 2544/3673, time remaining: 1m 28s
Rendered 2545/3673, time remaining: 1m 27s
Rendered 2546/3673, time remaining: 1m 27s
Rendered 2547/3673, time remaining: 1m 26s
Rendered 2548/3673, time remaining: 1m 29s
Rendered 2549/3673, time remaining: 1m 29s
Rendered 2550/3673, time remaining: 1m 30s
Rendered 2551/3673, time remaining: 1m 30s
Rendered 2552/3673, time remaining: 1m 28s
Rendered 2553/3673, time remaining: 1m 26s
Rendered 2554/3673, time remaining: 1m 26s
Rendered 2555/3673, time remaining: 1m 26s
Rendered 2556/3673, time remaining: 1m 27s
Rendered 2557/3673, time remaining: 1m 27s
Rendered 2558/3673, time remaining: 1m 28s
Rendered 2559/3673, time remaining: 1m 28s
Rendered 2560/3673, time remaining: 1m 28s
Rendered 2561/3673, time remaining: 1m 26s
Rendered 2562/3673, time remaining: 1m 27s
Rendered 2563/3673, time remaining: 1m 27s
Rendered 2564/3673, time remaining: 1m 28s
Rendered 2565/3673, time remaining: 1m 29s
Rendered 2566/3673, time remaining: 1m 27s
Rendered 2567/3673, time remaining: 1m 27s
Rendered 2568/3673, time remaining: 1m 26s
Rendered 2569/3673, time remaining: 1m 27s
Rendered 2570/3673, time remaining: 1m 27s
Rendered 2571/3673, time remaining: 1m 27s
Rendered 2572/3673, time remaining: 1m 27s
Rendered 2573/3673, time remaining: 1m 29s
Rendered 2574/3673, time remaining: 1m 27s
Rendered 2575/3673, time remaining: 1m 27s
Rendered 2576/3673, time remaining: 1m 26s
Rendered 2577/3673, time remaining: 1m 27s
Rendered 2578/3673, time remaining: 1m 27s
Rendered 2579/3673, time remaining: 1m 28s
Rendered 2580/3673, time remaining: 1m 26s
Rendered 2581/3673, time remaining: 1m 28s
Rendered 2582/3673, time remaining: 1m 27s
Rendered 2583/3673, time remaining: 1m 27s
Rendered 2584/3673, time remaining: 1m 27s
Rendered 2585/3673, time remaining: 1m 27s
Rendered 2586/3673, time remaining: 1m 26s
Rendered 2587/3673, time remaining: 1m 26s
Rendered 2588/3673, time remaining: 1m 27s
Rendered 2589/3673, time remaining: 1m 28s
Rendered 2590/3673, time remaining: 1m 26s
Rendered 2591/3673, time remaining: 1m 26s
Rendered 2592/3673, time remaining: 1m 26s
Rendered 2593/3673, time remaining: 1m 26s
Rendered 2594/3673, time remaining: 1m 27s
Rendered 2595/3673, time remaining: 1m 24s
Rendered 2596/3673, time remaining: 1m 25s
Rendered 2597/3673, time remaining: 1m 27s
Rendered 2598/3673, time remaining: 1m 26s
Rendered 2599/3673, time remaining: 1m 26s
Rendered 2600/3673, time remaining: 1m 25s
Rendered 2601/3673, time remaining: 1m 27s
Rendered 2602/3673, time remaining: 1m 27s
Rendered 2603/3673, time remaining: 1m 26s
Rendered 2604/3673, time remaining: 1m 26s
Rendered 2605/3673, time remaining: 1m 26s
Rendered 2606/3673, time remaining: 1m 25s
Rendered 2607/3673, time remaining: 1m 25s
Rendered 2608/3673, time remaining: 1m 24s
Rendered 2609/3673, time remaining: 1m 26s
Rendered 2610/3673, time remaining: 1m 26s
Rendered 2611/3673, time remaining: 1m 26s
Rendered 2612/3673, time remaining: 1m 26s
Rendered 2613/3673, time remaining: 1m 26s
Rendered 2614/3673, time remaining: 1m 24s
Rendered 2615/3673, time remaining: 1m 24s
Rendered 2616/3673, time remaining: 1m 25s
Rendered 2617/3673, time remaining: 1m 25s
Rendered 2618/3673, time remaining: 1m 24s
Rendered 2619/3673, time remaining: 1m 26s
Rendered 2620/3673, time remaining: 1m 26s
Rendered 2621/3673, time remaining: 1m 25s
Rendered 2622/3673, time remaining: 1m 24s
Rendered 2623/3673, time remaining: 1m 23s
Rendered 2624/3673, time remaining: 1m 24s
Rendered 2625/3673, time remaining: 1m 24s
Rendered 2626/3673, time remaining: 1m 24s
Rendered 2627/3673, time remaining: 1m 24s
Rendered 2628/3673, time remaining: 1m 24s
Rendered 2629/3673, time remaining: 1m 23s
Rendered 2630/3673, time remaining: 1m 23s
Rendered 2631/3673, time remaining: 1m 23s
Rendered 2632/3673, time remaining: 1m 23s
Rendered 2633/3673, time remaining: 1m 23s
Rendered 2634/3673, time remaining: 1m 23s
Rendered 2635/3673, time remaining: 1m 22s
Rendered 2636/3673, time remaining: 1m 21s
Rendered 2637/3673, time remaining: 1m 23s
Rendered 2638/3673, time remaining: 1m 23s
Rendered 2639/3673, time remaining: 1m 23s
Rendered 2640/3673, time remaining: 1m 23s
Rendered 2641/3673, time remaining: 1m 23s
Rendered 2642/3673, time remaining: 1m 23s
Rendered 2643/3673, time remaining: 1m 23s
Rendered 2644/3673, time remaining: 1m 22s
Rendered 2645/3673, time remaining: 1m 23s
Rendered 2646/3673, time remaining: 1m 24s
Rendered 2647/3673, time remaining: 1m 23s
Rendered 2648/3673, time remaining: 1m 22s
Rendered 2649/3673, time remaining: 1m 22s
Rendered 2650/3673, time remaining: 1m 22s
Rendered 2651/3673, time remaining: 1m 22s
Rendered 2652/3673, time remaining: 1m 22s
Rendered 2653/3673, time remaining: 1m 23s
Rendered 2654/3673, time remaining: 1m 22s
Rendered 2655/3673, time remaining: 1m 23s
Rendered 2656/3673, time remaining: 1m 22s
Rendered 2657/3673, time remaining: 1m 21s
Rendered 2658/3673, time remaining: 1m 20s
Rendered 2659/3673, time remaining: 1m 20s
Rendered 2660/3673, time remaining: 1m 21s
Rendered 2661/3673, time remaining: 1m 22s
Rendered 2662/3673, time remaining: 1m 22s
Rendered 2663/3673, time remaining: 1m 22s
Rendered 2664/3673, time remaining: 1m 22s
Rendered 2665/3673, time remaining: 1m 21s
Rendered 2666/3673, time remaining: 1m 21s
Rendered 2667/3673, time remaining: 1m 21s
Rendered 2668/3673, time remaining: 1m 22s
Rendered 2669/3673, time remaining: 1m 21s
Rendered 2670/3673, time remaining: 1m 21s
Rendered 2671/3673, time remaining: 1m 17s
Rendered 2672/3673, time remaining: 1m 18s
Rendered 2673/3673, time remaining: 1m 17s
Rendered 2674/3673, time remaining: 1m 16s
Rendered 2675/3673, time remaining: 1m 16s
Rendered 2676/3673, time remaining: 1m 18s
Rendered 2677/3673, time remaining: 1m 18s
Rendered 2678/3673, time remaining: 1m 17s
Rendered 2679/3673, time remaining: 1m 17s
Rendered 2680/3673, time remaining: 1m 18s
Rendered 2681/3673, time remaining: 1m 17s
Rendered 2682/3673, time remaining: 1m 18s
Rendered 2683/3673, time remaining: 1m 18s
Rendered 2684/3673, time remaining: 1m 18s
Rendered 2685/3673, time remaining: 1m 16s
Rendered 2686/3673, time remaining: 1m 16s
Rendered 2687/3673, time remaining: 1m 16s
Rendered 2688/3673, time remaining: 1m 18s
Rendered 2689/3673, time remaining: 1m 19s
Rendered 2690/3673, time remaining: 1m 17s
Rendered 2691/3673, time remaining: 1m 17s
Rendered 2692/3673, time remaining: 1m 15s
Rendered 2693/3673, time remaining: 1m 16s
Rendered 2694/3673, time remaining: 1m 16s
Rendered 2695/3673, time remaining: 1m 17s
Rendered 2696/3673, time remaining: 1m 17s
Rendered 2697/3673, time remaining: 1m 18s
Rendered 2698/3673, time remaining: 1m 16s
Rendered 2699/3673, time remaining: 1m 15s
Rendered 2700/3673, time remaining: 1m 16s
Rendered 2701/3673, time remaining: 1m 15s
Rendered 2702/3673, time remaining: 1m 15s
Rendered 2703/3673, time remaining: 1m 15s
Rendered 2704/3673, time remaining: 1m 16s
Rendered 2705/3673, time remaining: 1m 16s
Rendered 2706/3673, time remaining: 1m 13s
Rendered 2707/3673, time remaining: 1m 12s
Rendered 2708/3673, time remaining: 1m 13s
Rendered 2709/3673, time remaining: 1m 12s
Rendered 2710/3673, time remaining: 1m 12s
Rendered 2711/3673, time remaining: 1m 12s
Rendered 2712/3673, time remaining: 1m 12s
Rendered 2713/3673, time remaining: 1m 12s
Rendered 2714/3673, time remaining: 1m 11s
Rendered 2715/3673, time remaining: 1m 11s
Rendered 2716/3673, time remaining: 1m 11s
Rendered 2717/3673, time remaining: 1m 11s
Rendered 2718/3673, time remaining: 1m 11s
Rendered 2719/3673, time remaining: 1m 9s
Rendered 2720/3673, time remaining: 1m 11s
Rendered 2721/3673, time remaining: 1m 10s
Rendered 2722/3673, time remaining: 1m 11s
Rendered 2723/3673, time remaining: 1m 10s
Rendered 2724/3673, time remaining: 1m 10s
Rendered 2725/3673, time remaining: 1m 9s
Rendered 2726/3673, time remaining: 1m 9s
Rendered 2727/3673, time remaining: 1m 8s
Rendered 2728/3673, time remaining: 1m 10s
Rendered 2729/3673, time remaining: 1m 9s
Rendered 2730/3673, time remaining: 1m 9s
Rendered 2731/3673, time remaining: 1m 8s
Rendered 2732/3673, time remaining: 1m 8s
Rendered 2733/3673, time remaining: 1m 9s
Rendered 2734/3673, time remaining: 1m 9s
Rendered 2735/3673, time remaining: 1m 9s
Rendered 2736/3673, time remaining: 1m 9s
Rendered 2737/3673, time remaining: 1m 9s
Rendered 2738/3673, time remaining: 1m 8s
Rendered 2739/3673, time remaining: 1m 7s
Rendered 2740/3673, time remaining: 1m 7s
Rendered 2741/3673, time remaining: 1m 7s
Rendered 2742/3673, time remaining: 1m 7s
Rendered 2743/3673, time remaining: 1m 7s
Rendered 2744/3673, time remaining: 1m 8s
Rendered 2745/3673, time remaining: 1m 9s
Rendered 2746/3673, time remaining: 1m 8s
Rendered 2747/3673, time remaining: 1m 6s
Rendered 2748/3673, time remaining: 1m 6s
Rendered 2749/3673, time remaining: 1m 6s
Rendered 2750/3673, time remaining: 1m 7s
Rendered 2751/3673, time remaining: 1m 6s
Rendered 2752/3673, time remaining: 1m 8s
Rendered 2753/3673, time remaining: 1m 8s
Rendered 2754/3673, time remaining: 1m 8s
Rendered 2755/3673, time remaining: 1m 7s
Rendered 2756/3673, time remaining: 1m 7s
Rendered 2757/3673, time remaining: 1m 7s
Rendered 2758/3673, time remaining: 1m 7s
Rendered 2759/3673, time remaining: 1m 6s
Rendered 2760/3673, time remaining: 1m 8s
Rendered 2761/3673, time remaining: 1m 6s
Rendered 2762/3673, time remaining: 1m 6s
Rendered 2763/3673, time remaining: 1m 6s
Rendered 2764/3673, time remaining: 1m 5s
Rendered 2765/3673, time remaining: 1m 5s
Rendered 2766/3673, time remaining: 1m 4s
Rendered 2767/3673, time remaining: 1m 4s
Rendered 2768/3673, time remaining: 1m 6s
Rendered 2769/3673, time remaining: 1m 4s
Rendered 2770/3673, time remaining: 1m 4s
Rendered 2771/3673, time remaining: 1m 4s
Rendered 2772/3673, time remaining: 1m 4s
Rendered 2773/3673, time remaining: 1m 4s
Rendered 2774/3673, time remaining: 1m 2s
Rendered 2775/3673, time remaining: 1m 3s
Rendered 2776/3673, time remaining: 1m 5s
Rendered 2777/3673, time remaining: 1m 5s
Rendered 2778/3673, time remaining: 1m 5s
Rendered 2779/3673, time remaining: 1m 5s
Rendered 2780/3673, time remaining: 1m 2s
Rendered 2781/3673, time remaining: 1m 3s
Rendered 2782/3673, time remaining: 1m 3s
Rendered 2783/3673, time remaining: 1m 3s
Rendered 2784/3673, time remaining: 1m 4s
Rendered 2785/3673, time remaining: 1m 4s
Rendered 2786/3673, time remaining: 1m 4s
Rendered 2787/3673, time remaining: 1m 3s
Rendered 2788/3673, time remaining: 1m 4s
Rendered 2789/3673, time remaining: 1m 2s
Rendered 2790/3673, time remaining: 1m 3s
Rendered 2791/3673, time remaining: 1m 3s
Rendered 2792/3673, time remaining: 1m 4s
Rendered 2793/3673, time remaining: 1m 3s
Rendered 2794/3673, time remaining: 1m 3s
Rendered 2795/3673, time remaining: 1m 3s
Rendered 2796/3673, time remaining: 1m 2s
Rendered 2797/3673, time remaining: 1m 2s
Rendered 2798/3673, time remaining: 1m 3s
Rendered 2799/3673, time remaining: 1m 2s
Rendered 2800/3673, time remaining: 1m 2s
Rendered 2801/3673, time remaining: 1m 2s
Rendered 2802/3673, time remaining: 1m 2s
Rendered 2803/3673, time remaining: 1m 3s
Rendered 2804/3673, time remaining: 1m 3s
Rendered 2805/3673, time remaining: 1m 2s
Rendered 2806/3673, time remaining: 1m 2s
Rendered 2807/3673, time remaining: 1m 2s
Rendered 2808/3673, time remaining: 1m 2s
Rendered 2809/3673, time remaining: 1m 2s
Rendered 2810/3673, time remaining: 1m 2s
Rendered 2811/3673, time remaining: 1m 2s
Rendered 2812/3673, time remaining: 1m 2s
Rendered 2813/3673, time remaining: 1m 2s
Rendered 2814/3673, time remaining: 1m 3s
Rendered 2815/3673, time remaining: 1m 3s
Rendered 2816/3673, time remaining: 1m 2s
Rendered 2817/3673, time remaining: 1m 2s
Rendered 2818/3673, time remaining: 1m 1s
Rendered 2819/3673, time remaining: 1m 1s
Rendered 2820/3673, time remaining: 1m 1s
Rendered 2821/3673, time remaining: 1m 0s
Rendered 2822/3673, time remaining: 1m 0s
Rendered 2823/3673, time remaining: 1m 0s
Rendered 2824/3673, time remaining: 1m 0s
Rendered 2825/3673, time remaining: 59s
Rendered 2826/3673, time remaining: 57s
Rendered 2827/3673, time remaining: 57s
Rendered 2828/3673, time remaining: 57s
Rendered 2829/3673, time remaining: 57s
Rendered 2830/3673, time remaining: 57s
Rendered 2831/3673, time remaining: 58s
Rendered 2832/3673, time remaining: 57s
Rendered 2833/3673, time remaining: 57s
Rendered 2834/3673, time remaining: 57s
Rendered 2835/3673, time remaining: 57s
Rendered 2836/3673, time remaining: 57s
Rendered 2837/3673, time remaining: 57s
Rendered 2838/3673, time remaining: 56s
Rendered 2839/3673, time remaining: 56s
Rendered 2840/3673, time remaining: 56s
Rendered 2841/3673, time remaining: 56s
Rendered 2842/3673, time remaining: 56s
Rendered 2843/3673, time remaining: 57s
Rendered 2844/3673, time remaining: 57s
Rendered 2845/3673, time remaining: 56s
Rendered 2846/3673, time remaining: 55s
Rendered 2847/3673, time remaining: 55s
Rendered 2848/3673, time remaining: 55s
Rendered 2849/3673, time remaining: 54s
Rendered 2850/3673, time remaining: 55s
Rendered 2851/3673, time remaining: 56s
Rendered 2852/3673, time remaining: 56s
Rendered 2853/3673, time remaining: 56s
Rendered 2854/3673, time remaining: 55s
Rendered 2855/3673, time remaining: 55s
Rendered 2856/3673, time remaining: 55s
Rendered 2857/3673, time remaining: 55s
Rendered 2858/3673, time remaining: 55s
Rendered 2859/3673, time remaining: 55s
Rendered 2860/3673, time remaining: 56s
Rendered 2861/3673, time remaining: 57s
Rendered 2862/3673, time remaining: 56s
Rendered 2863/3673, time remaining: 56s
Rendered 2864/3673, time remaining: 56s
Rendered 2865/3673, time remaining: 55s
Rendered 2866/3673, time remaining: 56s
Rendered 2867/3673, time remaining: 56s
Rendered 2868/3673, time remaining: 57s
Rendered 2869/3673, time remaining: 58s
Rendered 2870/3673, time remaining: 57s
Rendered 2871/3673, time remaining: 57s
Rendered 2872/3673, time remaining: 56s
Rendered 2873/3673, time remaining: 56s
Rendered 2874/3673, time remaining: 56s
Rendered 2875/3673, time remaining: 55s
Rendered 2876/3673, time remaining: 57s
Rendered 2877/3673, time remaining: 57s
Rendered 2878/3673, time remaining: 55s
Rendered 2879/3673, time remaining: 56s
Rendered 2880/3673, time remaining: 56s
Rendered 2881/3673, time remaining: 56s
Rendered 2882/3673, time remaining: 56s
Rendered 2883/3673, time remaining: 55s
Rendered 2884/3673, time remaining: 57s
Rendered 2885/3673, time remaining: 56s
Rendered 2886/3673, time remaining: 56s
Rendered 2887/3673, time remaining: 56s
Rendered 2888/3673, time remaining: 55s
Rendered 2889/3673, time remaining: 55s
Rendered 2890/3673, time remaining: 55s
Rendered 2891/3673, time remaining: 55s
Rendered 2892/3673, time remaining: 56s
Rendered 2893/3673, time remaining: 56s
Rendered 2894/3673, time remaining: 54s
Rendered 2895/3673, time remaining: 54s
Rendered 2896/3673, time remaining: 54s
Rendered 2897/3673, time remaining: 54s
Rendered 2898/3673, time remaining: 54s
Rendered 2899/3673, time remaining: 55s
Rendered 2900/3673, time remaining: 55s
Rendered 2901/3673, time remaining: 55s
Rendered 2902/3673, time remaining: 53s
Rendered 2903/3673, time remaining: 53s
Rendered 2904/3673, time remaining: 53s
Rendered 2905/3673, time remaining: 53s
Rendered 2906/3673, time remaining: 53s
Rendered 2907/3673, time remaining: 53s
Rendered 2908/3673, time remaining: 55s
Rendered 2909/3673, time remaining: 55s
Rendered 2910/3673, time remaining: 53s
Rendered 2911/3673, time remaining: 53s
Rendered 2912/3673, time remaining: 53s
Rendered 2913/3673, time remaining: 53s
Rendered 2914/3673, time remaining: 53s
Rendered 2915/3673, time remaining: 53s
Rendered 2916/3673, time remaining: 54s
Rendered 2917/3673, time remaining: 55s
Rendered 2918/3673, time remaining: 52s
Rendered 2919/3673, time remaining: 52s
Rendered 2920/3673, time remaining: 52s
Rendered 2921/3673, time remaining: 52s
Rendered 2922/3673, time remaining: 52s
Rendered 2923/3673, time remaining: 53s
Rendered 2924/3673, time remaining: 54s
Rendered 2925/3673, time remaining: 53s
Rendered 2926/3673, time remaining: 51s
Rendered 2927/3673, time remaining: 51s
Rendered 2928/3673, time remaining: 51s
Rendered 2929/3673, time remaining: 51s
Rendered 2930/3673, time remaining: 51s
Rendered 2931/3673, time remaining: 52s
Rendered 2932/3673, time remaining: 52s
Rendered 2933/3673, time remaining: 52s
Rendered 2934/3673, time remaining: 50s
Rendered 2935/3673, time remaining: 51s
Rendered 2936/3673, time remaining: 52s
Rendered 2937/3673, time remaining: 52s
Rendered 2938/3673, time remaining: 51s
Rendered 2939/3673, time remaining: 51s
Rendered 2940/3673, time remaining: 51s
Rendered 2941/3673, time remaining: 52s
Rendered 2942/3673, time remaining: 50s
Rendered 2943/3673, time remaining: 50s
Rendered 2944/3673, time remaining: 50s
Rendered 2945/3673, time remaining: 50s
Rendered 2946/3673, time remaining: 50s
Rendered 2947/3673, time remaining: 51s
Rendered 2948/3673, time remaining: 50s
Rendered 2949/3673, time remaining: 50s
Rendered 2950/3673, time remaining: 50s
Rendered 2951/3673, time remaining: 50s
Rendered 2952/3673, time remaining: 49s
Rendered 2953/3673, time remaining: 48s
Rendered 2954/3673, time remaining: 49s
Rendered 2955/3673, time remaining: 50s
Rendered 2956/3673, time remaining: 50s
Rendered 2957/3673, time remaining: 49s
Rendered 2958/3673, time remaining: 49s
Rendered 2959/3673, time remaining: 50s
Rendered 2960/3673, time remaining: 49s
Rendered 2961/3673, time remaining: 48s
Rendered 2962/3673, time remaining: 49s
Rendered 2963/3673, time remaining: 49s
Rendered 2964/3673, time remaining: 48s
Rendered 2965/3673, time remaining: 48s
Rendered 2966/3673, time remaining: 48s
Rendered 2967/3673, time remaining: 48s
Rendered 2968/3673, time remaining: 48s
Rendered 2969/3673, time remaining: 48s
Rendered 2970/3673, time remaining: 49s
Rendered 2971/3673, time remaining: 49s
Rendered 2972/3673, time remaining: 48s
Rendered 2973/3673, time remaining: 49s
Rendered 2974/3673, time remaining: 49s
Rendered 2975/3673, time remaining: 49s
Rendered 2976/3673, time remaining: 50s
Rendered 2977/3673, time remaining: 50s
Rendered 2978/3673, time remaining: 50s
Rendered 2979/3673, time remaining: 50s
Rendered 2980/3673, time remaining: 49s
Rendered 2981/3673, time remaining: 50s
Rendered 2982/3673, time remaining: 50s
Rendered 2983/3673, time remaining: 49s
Rendered 2984/3673, time remaining: 49s
Rendered 2985/3673, time remaining: 49s
Rendered 2986/3673, time remaining: 49s
Rendered 2987/3673, time remaining: 49s
Rendered 2988/3673, time remaining: 48s
Rendered 2989/3673, time remaining: 50s
Rendered 2990/3673, time remaining: 49s
Rendered 2991/3673, time remaining: 49s
Rendered 2992/3673, time remaining: 49s
Rendered 2993/3673, time remaining: 49s
Rendered 2994/3673, time remaining: 48s
Rendered 2995/3673, time remaining: 48s
Rendered 2996/3673, time remaining: 48s
Rendered 2997/3673, time remaining: 49s
Rendered 2998/3673, time remaining: 49s
Rendered 2999/3673, time remaining: 50s
Rendered 3000/3673, time remaining: 49s
Rendered 3001/3673, time remaining: 47s
Rendered 3002/3673, time remaining: 47s
Rendered 3003/3673, time remaining: 47s
Rendered 3004/3673, time remaining: 47s
Rendered 3005/3673, time remaining: 47s
Rendered 3006/3673, time remaining: 47s
Rendered 3007/3673, time remaining: 49s
Rendered 3008/3673, time remaining: 48s
Rendered 3009/3673, time remaining: 48s
Rendered 3010/3673, time remaining: 47s
Rendered 3011/3673, time remaining: 47s
Rendered 3012/3673, time remaining: 47s
Rendered 3013/3673, time remaining: 48s
Rendered 3014/3673, time remaining: 48s
Rendered 3015/3673, time remaining: 48s
Rendered 3016/3673, time remaining: 47s
Rendered 3017/3673, time remaining: 47s
Rendered 3018/3673, time remaining: 46s
Rendered 3019/3673, time remaining: 46s
Rendered 3020/3673, time remaining: 46s
Rendered 3021/3673, time remaining: 46s
Rendered 3022/3673, time remaining: 46s
Rendered 3023/3673, time remaining: 47s
Rendered 3024/3673, time remaining: 47s
Rendered 3025/3673, time remaining: 47s
Rendered 3026/3673, time remaining: 46s
Rendered 3027/3673, time remaining: 46s
Rendered 3028/3673, time remaining: 46s
Rendered 3029/3673, time remaining: 45s
Rendered 3030/3673, time remaining: 46s
Rendered 3031/3673, time remaining: 46s
Rendered 3032/3673, time remaining: 46s
Rendered 3033/3673, time remaining: 46s
Rendered 3034/3673, time remaining: 45s
Rendered 3035/3673, time remaining: 45s
Rendered 3036/3673, time remaining: 45s
Rendered 3037/3673, time remaining: 45s
Rendered 3038/3673, time remaining: 45s
Rendered 3039/3673, time remaining: 45s
Rendered 3040/3673, time remaining: 45s
Rendered 3041/3673, time remaining: 45s
Rendered 3042/3673, time remaining: 45s
Rendered 3043/3673, time remaining: 45s
Rendered 3044/3673, time remaining: 45s
Rendered 3045/3673, time remaining: 45s
Rendered 3046/3673, time remaining: 45s
Rendered 3047/3673, time remaining: 45s
Rendered 3048/3673, time remaining: 45s
Rendered 3049/3673, time remaining: 44s
Rendered 3050/3673, time remaining: 44s
Rendered 3051/3673, time remaining: 44s
Rendered 3052/3673, time remaining: 44s
Rendered 3053/3673, time remaining: 43s
Rendered 3054/3673, time remaining: 44s
Rendered 3055/3673, time remaining: 44s
Rendered 3056/3673, time remaining: 44s
Rendered 3057/3673, time remaining: 44s
Rendered 3058/3673, time remaining: 44s
Rendered 3059/3673, time remaining: 44s
Rendered 3060/3673, time remaining: 44s
Rendered 3061/3673, time remaining: 43s
Rendered 3062/3673, time remaining: 44s
Rendered 3063/3673, time remaining: 43s
Rendered 3064/3673, time remaining: 43s
Rendered 3065/3673, time remaining: 44s
Rendered 3066/3673, time remaining: 43s
Rendered 3067/3673, time remaining: 43s
Rendered 3068/3673, time remaining: 43s
Rendered 3069/3673, time remaining: 43s
Rendered 3070/3673, time remaining: 43s
Rendered 3071/3673, time remaining: 43s
Rendered 3072/3673, time remaining: 43s
Rendered 3073/3673, time remaining: 42s
Rendered 3074/3673, time remaining: 42s
Rendered 3075/3673, time remaining: 43s
Rendered 3076/3673, time remaining: 43s
Rendered 3077/3673, time remaining: 43s
Rendered 3078/3673, time remaining: 43s
Rendered 3079/3673, time remaining: 43s
Rendered 3080/3673, time remaining: 43s
Rendered 3081/3673, time remaining: 41s
Rendered 3082/3673, time remaining: 41s
Rendered 3083/3673, time remaining: 43s
Rendered 3084/3673, time remaining: 43s
Rendered 3085/3673, time remaining: 42s
Rendered 3086/3673, time remaining: 41s
Rendered 3087/3673, time remaining: 41s
Rendered 3088/3673, time remaining: 41s
Rendered 3089/3673, time remaining: 42s
Rendered 3090/3673, time remaining: 41s
Rendered 3091/3673, time remaining: 41s
Rendered 3092/3673, time remaining: 41s
Rendered 3093/3673, time remaining: 41s
Rendered 3094/3673, time remaining: 41s
Rendered 3095/3673, time remaining: 41s
Rendered 3096/3673, time remaining: 41s
Rendered 3097/3673, time remaining: 41s
Rendered 3098/3673, time remaining: 40s
Rendered 3099/3673, time remaining: 41s
Rendered 3100/3673, time remaining: 41s
Rendered 3101/3673, time remaining: 41s
Rendered 3102/3673, time remaining: 41s
Rendered 3103/3673, time remaining: 41s
Rendered 3104/3673, time remaining: 40s
Rendered 3105/3673, time remaining: 40s
Rendered 3106/3673, time remaining: 40s
Rendered 3107/3673, time remaining: 40s
Rendered 3108/3673, time remaining: 41s
Rendered 3109/3673, time remaining: 40s
Rendered 3110/3673, time remaining: 40s
Rendered 3111/3673, time remaining: 40s
Rendered 3112/3673, time remaining: 40s
Rendered 3113/3673, time remaining: 40s
Rendered 3114/3673, time remaining: 40s
Rendered 3115/3673, time remaining: 40s
Rendered 3116/3673, time remaining: 40s
Rendered 3117/3673, time remaining: 40s
Rendered 3118/3673, time remaining: 40s
Rendered 3119/3673, time remaining: 40s
Rendered 3120/3673, time remaining: 40s
Rendered 3121/3673, time remaining: 40s
Rendered 3122/3673, time remaining: 40s
Rendered 3123/3673, time remaining: 39s
Rendered 3124/3673, time remaining: 40s
Rendered 3125/3673, time remaining: 40s
Rendered 3126/3673, time remaining: 39s
Rendered 3127/3673, time remaining: 39s
Rendered 3128/3673, time remaining: 39s
Rendered 3129/3673, time remaining: 40s
Rendered 3130/3673, time remaining: 40s
Rendered 3131/3673, time remaining: 38s
Rendered 3132/3673, time remaining: 38s
Rendered 3133/3673, time remaining: 38s
Rendered 3134/3673, time remaining: 38s
Rendered 3135/3673, time remaining: 39s
Rendered 3136/3673, time remaining: 39s
Rendered 3137/3673, time remaining: 39s
Rendered 3138/3673, time remaining: 39s
Rendered 3139/3673, time remaining: 37s
Rendered 3140/3673, time remaining: 38s
Rendered 3141/3673, time remaining: 38s
Rendered 3142/3673, time remaining: 38s
Rendered 3143/3673, time remaining: 39s
Rendered 3144/3673, time remaining: 39s
Rendered 3145/3673, time remaining: 38s
Rendered 3146/3673, time remaining: 39s
Rendered 3147/3673, time remaining: 38s
Rendered 3148/3673, time remaining: 38s
Rendered 3149/3673, time remaining: 37s
Rendered 3150/3673, time remaining: 37s
Rendered 3151/3673, time remaining: 38s
Rendered 3152/3673, time remaining: 38s
Rendered 3153/3673, time remaining: 38s
Rendered 3154/3673, time remaining: 38s
Rendered 3155/3673, time remaining: 38s
Rendered 3156/3673, time remaining: 38s
Rendered 3157/3673, time remaining: 37s
Rendered 3158/3673, time remaining: 37s
Rendered 3159/3673, time remaining: 37s
Rendered 3160/3673, time remaining: 37s
Rendered 3161/3673, time remaining: 38s
Rendered 3162/3673, time remaining: 37s
Rendered 3163/3673, time remaining: 37s
Rendered 3164/3673, time remaining: 37s
Rendered 3165/3673, time remaining: 37s
Rendered 3166/3673, time remaining: 37s
Rendered 3167/3673, time remaining: 36s
Rendered 3168/3673, time remaining: 36s
Rendered 3169/3673, time remaining: 36s
Rendered 3170/3673, time remaining: 37s
Rendered 3171/3673, time remaining: 37s
Rendered 3172/3673, time remaining: 37s
Rendered 3173/3673, time remaining: 36s
Rendered 3174/3673, time remaining: 36s
Rendered 3175/3673, time remaining: 37s
Rendered 3176/3673, time remaining: 36s
Rendered 3177/3673, time remaining: 37s
Rendered 3178/3673, time remaining: 37s
Rendered 3179/3673, time remaining: 37s
Rendered 3180/3673, time remaining: 36s
Rendered 3181/3673, time remaining: 36s
Rendered 3182/3673, time remaining: 36s
Rendered 3183/3673, time remaining: 36s
Rendered 3184/3673, time remaining: 36s
Rendered 3185/3673, time remaining: 36s
Rendered 3186/3673, time remaining: 36s
Rendered 3187/3673, time remaining: 36s
Rendered 3188/3673, time remaining: 36s
Rendered 3189/3673, time remaining: 36s
Rendered 3190/3673, time remaining: 36s
Rendered 3191/3673, time remaining: 36s
Rendered 3192/3673, time remaining: 35s
Rendered 3193/3673, time remaining: 36s
Rendered 3194/3673, time remaining: 36s
Rendered 3195/3673, time remaining: 36s
Rendered 3196/3673, time remaining: 35s
Rendered 3197/3673, time remaining: 35s
Rendered 3198/3673, time remaining: 36s
Rendered 3199/3673, time remaining: 35s
Rendered 3200/3673, time remaining: 35s
Rendered 3201/3673, time remaining: 35s
Rendered 3202/3673, time remaining: 35s
Rendered 3203/3673, time remaining: 35s
Rendered 3204/3673, time remaining: 35s
Rendered 3205/3673, time remaining: 35s
Rendered 3206/3673, time remaining: 35s
Rendered 3207/3673, time remaining: 34s
Rendered 3208/3673, time remaining: 34s
Rendered 3209/3673, time remaining: 34s
Rendered 3210/3673, time remaining: 34s
Rendered 3211/3673, time remaining: 34s
Rendered 3212/3673, time remaining: 34s
Rendered 3213/3673, time remaining: 34s
Rendered 3214/3673, time remaining: 34s
Rendered 3215/3673, time remaining: 34s
Rendered 3216/3673, time remaining: 33s
Rendered 3217/3673, time remaining: 33s
Rendered 3218/3673, time remaining: 33s
Rendered 3219/3673, time remaining: 34s
Rendered 3220/3673, time remaining: 34s
Rendered 3221/3673, time remaining: 34s
Rendered 3222/3673, time remaining: 34s
Rendered 3223/3673, time remaining: 33s
Rendered 3224/3673, time remaining: 33s
Rendered 3225/3673, time remaining: 33s
Rendered 3226/3673, time remaining: 33s
Rendered 3227/3673, time remaining: 33s
Rendered 3228/3673, time remaining: 33s
Rendered 3229/3673, time remaining: 33s
Rendered 3230/3673, time remaining: 33s
Rendered 3231/3673, time remaining: 33s
Rendered 3232/3673, time remaining: 33s
Rendered 3233/3673, time remaining: 32s
Rendered 3234/3673, time remaining: 33s
Rendered 3235/3673, time remaining: 33s
Rendered 3236/3673, time remaining: 33s
Rendered 3237/3673, time remaining: 33s
Rendered 3238/3673, time remaining: 33s
Rendered 3239/3673, time remaining: 32s
Rendered 3240/3673, time remaining: 32s
Rendered 3241/3673, time remaining: 32s
Rendered 3242/3673, time remaining: 32s
Rendered 3243/3673, time remaining: 33s
Rendered 3244/3673, time remaining: 33s
Rendered 3245/3673, time remaining: 32s
Rendered 3246/3673, time remaining: 33s
Rendered 3247/3673, time remaining: 32s
Rendered 3248/3673, time remaining: 32s
Rendered 3249/3673, time remaining: 32s
Rendered 3250/3673, time remaining: 31s
Rendered 3251/3673, time remaining: 32s
Rendered 3252/3673, time remaining: 32s
Rendered 3253/3673, time remaining: 32s
Rendered 3254/3673, time remaining: 32s
Rendered 3255/3673, time remaining: 31s
Rendered 3256/3673, time remaining: 31s
Rendered 3257/3673, time remaining: 31s
Rendered 3258/3673, time remaining: 31s
Rendered 3259/3673, time remaining: 31s
Rendered 3260/3673, time remaining: 31s
Rendered 3261/3673, time remaining: 30s
Rendered 3262/3673, time remaining: 30s
Rendered 3263/3673, time remaining: 30s
Rendered 3264/3673, time remaining: 31s
Rendered 3265/3673, time remaining: 31s
Rendered 3266/3673, time remaining: 30s
Rendered 3267/3673, time remaining: 30s
Rendered 3268/3673, time remaining: 30s
Rendered 3269/3673, time remaining: 30s
Rendered 3270/3673, time remaining: 30s
Rendered 3271/3673, time remaining: 30s
Rendered 3272/3673, time remaining: 30s
Rendered 3273/3673, time remaining: 29s
Rendered 3274/3673, time remaining: 29s
Rendered 3275/3673, time remaining: 30s
Rendered 3276/3673, time remaining: 30s
Rendered 3277/3673, time remaining: 29s
Rendered 3278/3673, time remaining: 30s
Rendered 3279/3673, time remaining: 29s
Rendered 3280/3673, time remaining: 29s
Rendered 3281/3673, time remaining: 29s
Rendered 3282/3673, time remaining: 29s
Rendered 3283/3673, time remaining: 30s
Rendered 3284/3673, time remaining: 30s
Rendered 3285/3673, time remaining: 29s
Rendered 3286/3673, time remaining: 29s
Rendered 3287/3673, time remaining: 29s
Rendered 3288/3673, time remaining: 29s
Rendered 3289/3673, time remaining: 30s
Rendered 3290/3673, time remaining: 29s
Rendered 3291/3673, time remaining: 29s
Rendered 3292/3673, time remaining: 29s
Rendered 3293/3673, time remaining: 28s
Rendered 3294/3673, time remaining: 28s
Rendered 3295/3673, time remaining: 28s
Rendered 3296/3673, time remaining: 28s
Rendered 3297/3673, time remaining: 28s
Rendered 3298/3673, time remaining: 28s
Rendered 3299/3673, time remaining: 28s
Rendered 3300/3673, time remaining: 28s
Rendered 3301/3673, time remaining: 28s
Rendered 3302/3673, time remaining: 28s
Rendered 3303/3673, time remaining: 27s
Rendered 3304/3673, time remaining: 27s
Rendered 3305/3673, time remaining: 27s
Rendered 3306/3673, time remaining: 27s
Rendered 3307/3673, time remaining: 27s
Rendered 3308/3673, time remaining: 27s
Rendered 3309/3673, time remaining: 27s
Rendered 3310/3673, time remaining: 27s
Rendered 3311/3673, time remaining: 27s
Rendered 3312/3673, time remaining: 26s
Rendered 3313/3673, time remaining: 27s
Rendered 3314/3673, time remaining: 27s
Rendered 3315/3673, time remaining: 27s
Rendered 3316/3673, time remaining: 27s
Rendered 3317/3673, time remaining: 26s
Rendered 3318/3673, time remaining: 27s
Rendered 3319/3673, time remaining: 26s
Rendered 3320/3673, time remaining: 26s
Rendered 3321/3673, time remaining: 26s
Rendered 3322/3673, time remaining: 26s
Rendered 3323/3673, time remaining: 26s
Rendered 3324/3673, time remaining: 26s
Rendered 3325/3673, time remaining: 25s
Rendered 3326/3673, time remaining: 25s
Rendered 3327/3673, time remaining: 25s
Rendered 3328/3673, time remaining: 25s
Rendered 3329/3673, time remaining: 25s
Rendered 3330/3673, time remaining: 25s
Rendered 3331/3673, time remaining: 25s
Rendered 3332/3673, time remaining: 25s
Rendered 3333/3673, time remaining: 25s
Rendered 3334/3673, time remaining: 25s
Rendered 3335/3673, time remaining: 25s
Rendered 3336/3673, time remaining: 25s
Rendered 3337/3673, time remaining: 25s
Rendered 3338/3673, time remaining: 25s
Rendered 3339/3673, time remaining: 24s
Rendered 3340/3673, time remaining: 24s
Rendered 3341/3673, time remaining: 24s
Rendered 3342/3673, time remaining: 24s
Rendered 3343/3673, time remaining: 24s
Rendered 3344/3673, time remaining: 24s
Rendered 3345/3673, time remaining: 24s
Rendered 3346/3673, time remaining: 24s
Rendered 3347/3673, time remaining: 23s
Rendered 3348/3673, time remaining: 24s
Rendered 3349/3673, time remaining: 24s
Rendered 3350/3673, time remaining: 23s
Rendered 3351/3673, time remaining: 23s
Rendered 3352/3673, time remaining: 23s
Rendered 3353/3673, time remaining: 23s
Rendered 3354/3673, time remaining: 23s
Rendered 3355/3673, time remaining: 23s
Rendered 3356/3673, time remaining: 23s
Rendered 3357/3673, time remaining: 23s
Rendered 3358/3673, time remaining: 23s
Rendered 3359/3673, time remaining: 22s
Rendered 3360/3673, time remaining: 22s
Rendered 3361/3673, time remaining: 22s
Rendered 3362/3673, time remaining: 22s
Rendered 3363/3673, time remaining: 23s
Rendered 3364/3673, time remaining: 23s
Rendered 3365/3673, time remaining: 23s
Rendered 3366/3673, time remaining: 22s
Rendered 3367/3673, time remaining: 22s
Rendered 3368/3673, time remaining: 22s
Rendered 3369/3673, time remaining: 21s
Rendered 3370/3673, time remaining: 21s
Rendered 3371/3673, time remaining: 22s
Rendered 3372/3673, time remaining: 22s
Rendered 3373/3673, time remaining: 22s
Rendered 3374/3673, time remaining: 22s
Rendered 3375/3673, time remaining: 21s
Rendered 3376/3673, time remaining: 21s
Rendered 3377/3673, time remaining: 21s
Rendered 3378/3673, time remaining: 21s
Rendered 3379/3673, time remaining: 21s
Rendered 3380/3673, time remaining: 21s
Rendered 3381/3673, time remaining: 21s
Rendered 3382/3673, time remaining: 21s
Rendered 3383/3673, time remaining: 21s
Rendered 3384/3673, time remaining: 21s
Rendered 3385/3673, time remaining: 20s
Rendered 3386/3673, time remaining: 20s
Rendered 3387/3673, time remaining: 20s
Rendered 3388/3673, time remaining: 21s
Rendered 3389/3673, time remaining: 21s
Rendered 3390/3673, time remaining: 21s
Rendered 3391/3673, time remaining: 20s
Rendered 3392/3673, time remaining: 20s
Rendered 3393/3673, time remaining: 19s
Rendered 3394/3673, time remaining: 20s
Rendered 3395/3673, time remaining: 20s
Rendered 3396/3673, time remaining: 20s
Rendered 3397/3673, time remaining: 20s
Rendered 3398/3673, time remaining: 20s
Rendered 3399/3673, time remaining: 20s
Rendered 3400/3673, time remaining: 20s
Rendered 3401/3673, time remaining: 19s
Rendered 3402/3673, time remaining: 19s
Rendered 3403/3673, time remaining: 19s
Rendered 3404/3673, time remaining: 19s
Rendered 3405/3673, time remaining: 19s
Rendered 3406/3673, time remaining: 19s
Rendered 3407/3673, time remaining: 19s
Rendered 3408/3673, time remaining: 19s
Rendered 3409/3673, time remaining: 19s
Rendered 3410/3673, time remaining: 19s
Rendered 3411/3673, time remaining: 19s
Rendered 3412/3673, time remaining: 19s
Rendered 3413/3673, time remaining: 19s
Rendered 3414/3673, time remaining: 19s
Rendered 3415/3673, time remaining: 18s
Rendered 3416/3673, time remaining: 18s
Rendered 3417/3673, time remaining: 18s
Rendered 3418/3673, time remaining: 18s
Rendered 3419/3673, time remaining: 18s
Rendered 3420/3673, time remaining: 18s
Rendered 3421/3673, time remaining: 18s
Rendered 3422/3673, time remaining: 18s
Rendered 3423/3673, time remaining: 18s
Rendered 3424/3673, time remaining: 18s
Rendered 3425/3673, time remaining: 17s
Rendered 3426/3673, time remaining: 18s
Rendered 3427/3673, time remaining: 18s
Rendered 3428/3673, time remaining: 17s
Rendered 3429/3673, time remaining: 17s
Rendered 3430/3673, time remaining: 17s
Rendered 3431/3673, time remaining: 17s
Rendered 3432/3673, time remaining: 17s
Rendered 3433/3673, time remaining: 17s
Rendered 3434/3673, time remaining: 17s
Rendered 3435/3673, time remaining: 17s
Rendered 3436/3673, time remaining: 17s
Rendered 3437/3673, time remaining: 17s
Rendered 3438/3673, time remaining: 16s
Rendered 3439/3673, time remaining: 16s
Rendered 3440/3673, time remaining: 16s
Rendered 3441/3673, time remaining: 16s
Rendered 3442/3673, time remaining: 16s
Rendered 3443/3673, time remaining: 16s
Rendered 3444/3673, time remaining: 16s
Rendered 3445/3673, time remaining: 16s
Rendered 3446/3673, time remaining: 16s
Rendered 3447/3673, time remaining: 16s
Rendered 3448/3673, time remaining: 16s
Rendered 3449/3673, time remaining: 16s
Rendered 3450/3673, time remaining: 16s
Rendered 3451/3673, time remaining: 15s
Rendered 3452/3673, time remaining: 15s
Rendered 3453/3673, time remaining: 15s
Rendered 3454/3673, time remaining: 15s
Rendered 3455/3673, time remaining: 15s
Rendered 3456/3673, time remaining: 15s
Rendered 3457/3673, time remaining: 15s
Rendered 3458/3673, time remaining: 15s
Rendered 3459/3673, time remaining: 15s
Rendered 3460/3673, time remaining: 15s
Rendered 3461/3673, time remaining: 15s
Rendered 3462/3673, time remaining: 15s
Rendered 3463/3673, time remaining: 14s
Rendered 3464/3673, time remaining: 14s
Rendered 3465/3673, time remaining: 15s
Rendered 3466/3673, time remaining: 15s
Rendered 3467/3673, time remaining: 15s
Rendered 3468/3673, time remaining: 14s
Rendered 3469/3673, time remaining: 14s
Rendered 3470/3673, time remaining: 14s
Rendered 3471/3673, time remaining: 14s
Rendered 3472/3673, time remaining: 14s
Rendered 3473/3673, time remaining: 14s
Rendered 3474/3673, time remaining: 14s
Rendered 3475/3673, time remaining: 14s
Rendered 3476/3673, time remaining: 14s
Rendered 3477/3673, time remaining: 14s
Rendered 3478/3673, time remaining: 13s
Rendered 3479/3673, time remaining: 13s
Rendered 3480/3673, time remaining: 13s
Rendered 3481/3673, time remaining: 13s
Rendered 3482/3673, time remaining: 13s
Rendered 3483/3673, time remaining: 13s
Rendered 3484/3673, time remaining: 13s
Rendered 3485/3673, time remaining: 13s
Rendered 3486/3673, time remaining: 13s
Rendered 3487/3673, time remaining: 13s
Rendered 3488/3673, time remaining: 13s
Rendered 3489/3673, time remaining: 13s
Rendered 3490/3673, time remaining: 13s
Rendered 3491/3673, time remaining: 12s
Rendered 3492/3673, time remaining: 13s
Rendered 3493/3673, time remaining: 12s
Rendered 3494/3673, time remaining: 12s
Rendered 3495/3673, time remaining: 12s
Rendered 3496/3673, time remaining: 12s
Rendered 3497/3673, time remaining: 12s
Rendered 3498/3673, time remaining: 12s
Rendered 3499/3673, time remaining: 12s
Rendered 3500/3673, time remaining: 12s
Rendered 3501/3673, time remaining: 12s
Rendered 3502/3673, time remaining: 12s
Rendered 3503/3673, time remaining: 12s
Rendered 3504/3673, time remaining: 12s
Rendered 3505/3673, time remaining: 12s
Rendered 3506/3673, time remaining: 12s
Rendered 3507/3673, time remaining: 12s
Rendered 3508/3673, time remaining: 12s
Rendered 3509/3673, time remaining: 12s
Rendered 3510/3673, time remaining: 12s
Rendered 3511/3673, time remaining: 12s
Rendered 3512/3673, time remaining: 12s
Rendered 3513/3673, time remaining: 11s
Rendered 3514/3673, time remaining: 11s
Rendered 3515/3673, time remaining: 11s
Rendered 3516/3673, time remaining: 11s
Rendered 3517/3673, time remaining: 11s
Rendered 3518/3673, time remaining: 11s
Rendered 3519/3673, time remaining: 11s
Rendered 3520/3673, time remaining: 11s
Rendered 3521/3673, time remaining: 11s
Rendered 3522/3673, time remaining: 11s
Rendered 3523/3673, time remaining: 11s
Rendered 3524/3673, time remaining: 11s
Rendered 3525/3673, time remaining: 11s
Rendered 3526/3673, time remaining: 11s
Rendered 3527/3673, time remaining: 11s
Rendered 3528/3673, time remaining: 10s
Rendered 3529/3673, time remaining: 10s
Rendered 3530/3673, time remaining: 10s
Rendered 3531/3673, time remaining: 10s
Rendered 3532/3673, time remaining: 10s
Rendered 3533/3673, time remaining: 10s
Rendered 3534/3673, time remaining: 10s
Rendered 3535/3673, time remaining: 10s
Rendered 3536/3673, time remaining: 10s
Rendered 3537/3673, time remaining: 10s
Rendered 3538/3673, time remaining: 9s
Rendered 3539/3673, time remaining: 9s
Rendered 3540/3673, time remaining: 10s
Rendered 3541/3673, time remaining: 10s
Rendered 3542/3673, time remaining: 9s
Rendered 3543/3673, time remaining: 9s
Rendered 3544/3673, time remaining: 9s
Rendered 3545/3673, time remaining: 9s
Rendered 3546/3673, time remaining: 9s
Rendered 3547/3673, time remaining: 9s
Rendered 3548/3673, time remaining: 9s
Rendered 3549/3673, time remaining: 9s
Rendered 3550/3673, time remaining: 9s
Rendered 3551/3673, time remaining: 9s
Rendered 3552/3673, time remaining: 9s
Rendered 3553/3673, time remaining: 8s
Rendered 3554/3673, time remaining: 9s
Rendered 3555/3673, time remaining: 8s
Rendered 3556/3673, time remaining: 8s
Rendered 3557/3673, time remaining: 8s
Rendered 3558/3673, time remaining: 8s
Rendered 3559/3673, time remaining: 8s
Rendered 3560/3673, time remaining: 8s
Rendered 3561/3673, time remaining: 8s
Rendered 3562/3673, time remaining: 8s
Rendered 3563/3673, time remaining: 8s
Rendered 3564/3673, time remaining: 8s
Rendered 3565/3673, time remaining: 8s
Rendered 3566/3673, time remaining: 8s
Rendered 3567/3673, time remaining: 7s
Rendered 3568/3673, time remaining: 7s
Rendered 3569/3673, time remaining: 7s
Rendered 3570/3673, time remaining: 7s
Rendered 3571/3673, time remaining: 7s
Rendered 3572/3673, time remaining: 7s
Rendered 3573/3673, time remaining: 7s
Rendered 3574/3673, time remaining: 7s
Rendered 3575/3673, time remaining: 7s
Rendered 3576/3673, time remaining: 7s
Rendered 3577/3673, time remaining: 7s
Rendered 3578/3673, time remaining: 6s
Rendered 3579/3673, time remaining: 6s
Rendered 3580/3673, time remaining: 6s
Rendered 3581/3673, time remaining: 6s
Rendered 3582/3673, time remaining: 6s
Rendered 3583/3673, time remaining: 6s
Rendered 3584/3673, time remaining: 6s
Rendered 3585/3673, time remaining: 6s
Rendered 3586/3673, time remaining: 6s
Rendered 3587/3673, time remaining: 6s
Rendered 3588/3673, time remaining: 6s
Rendered 3589/3673, time remaining: 6s
Rendered 3590/3673, time remaining: 6s
Rendered 3591/3673, time remaining: 5s
Rendered 3592/3673, time remaining: 5s
Rendered 3593/3673, time remaining: 5s
Rendered 3594/3673, time remaining: 5s
Rendered 3595/3673, time remaining: 5s
Rendered 3596/3673, time remaining: 5s
Rendered 3597/3673, time remaining: 5s
Rendered 3598/3673, time remaining: 5s
Rendered 3599/3673, time remaining: 5s
Rendered 3600/3673, time remaining: 5s
Rendered 3601/3673, time remaining: 5s
Rendered 3602/3673, time remaining: 5s
Rendered 3603/3673, time remaining: 5s
Rendered 3604/3673, time remaining: 5s
Rendered 3605/3673, time remaining: 5s
Rendered 3606/3673, time remaining: 4s
Rendered 3607/3673, time remaining: 4s
Rendered 3608/3673, time remaining: 4s
Rendered 3609/3673, time remaining: 4s
Rendered 3610/3673, time remaining: 4s
Rendered 3611/3673, time remaining: 4s
Rendered 3612/3673, time remaining: 4s
Rendered 3613/3673, time remaining: 4s
Rendered 3614/3673, time remaining: 4s
Rendered 3615/3673, time remaining: 4s
Rendered 3616/3673, time remaining: 4s
Rendered 3617/3673, time remaining: 4s
Rendered 3618/3673, time remaining: 3s
Rendered 3619/3673, time remaining: 3s
Rendered 3620/3673, time remaining: 3s
Rendered 3621/3673, time remaining: 3s
Rendered 3622/3673, time remaining: 3s
Rendered 3623/3673, time remaining: 3s
Rendered 3624/3673, time remaining: 3s
Rendered 3625/3673, time remaining: 3s
Rendered 3626/3673, time remaining: 3s
Rendered 3627/3673, time remaining: 3s
Rendered 3628/3673, time remaining: 3s
Rendered 3629/3673, time remaining: 3s
Rendered 3630/3673, time remaining: 3s
Rendered 3631/3673, time remaining: 3s
Rendered 3632/3673, time remaining: 3s
Rendered 3633/3673, time remaining: 2s
Rendered 3634/3673, time remaining: 2s
Rendered 3635/3673, time remaining: 2s
Rendered 3636/3673, time remaining: 2s
Rendered 3637/3673, time remaining: 2s
Rendered 3638/3673, time remaining: 2s
Rendered 3639/3673, time remaining: 2s
Rendered 3640/3673, time remaining: 2s
Rendered 3641/3673, time remaining: 2s
Rendered 3642/3673, time remaining: 2s
Rendered 3643/3673, time remaining: 2s
Rendered 3644/3673, time remaining: 2s
Rendered 3645/3673, time remaining: 2s
Rendered 3646/3673, time remaining: 1s
Rendered 3647/3673, time remaining: 1s
Rendered 3648/3673, time remaining: 1s
Rendered 3649/3673, time remaining: 1s
Rendered 3650/3673, time remaining: 1s
Rendered 3651/3673, time remaining: 1s
Rendered 3652/3673, time remaining: 1s
Rendered 3653/3673, time remaining: 1s
Rendered 3654/3673, time remaining: 1s
Rendered 3655/3673, time remaining: 1s
Rendered 3656/3673, time remaining: 1s
Rendered 3657/3673, time remaining: 1s
Rendered 3658/3673, time remaining: 0s
Rendered 3659/3673, time remaining: 0s
Rendered 3660/3673, time remaining: 0s
Rendered 3661/3673, time remaining: 0s
Rendered 3662/3673, time remaining: 0s
Rendered 3663/3673, time remaining: 0s
Rendered 3664/3673, time remaining: 0s
Rendered 3665/3673, time remaining: 0s
Rendered 3666/3673, time remaining: 0s
Rendered 3667/3673, time remaining: 0s
Rendered 3668/3673, time remaining: 0s
Rendered 3669/3673, time remaining: 0s
Rendered 3670/3673, time remaining: 0s
Rendered 3671/3673, time remaining: 0s
Rendered 3672/3673, time remaining: 0s
Rendered 3673/3673
Encoded 2/3673
Encoded 12/3673
Encoded 28/3673
Encoded 44/3673
Encoded 62/3673
Encoded 81/3673
Encoded 95/3673
Encoded 104/3673
Encoded 116/3673
Encoded 125/3673
Encoded 140/3673
Encoded 154/3673
Encoded 172/3673
Encoded 185/3673
Encoded 201/3673
Encoded 209/3673
Encoded 231/3673
Encoded 239/3673
Encoded 248/3673
Encoded 264/3673
Encoded 277/3673
Encoded 291/3673
Encoded 306/3673
Encoded 321/3673
Encoded 334/3673
Encoded 342/3673
Encoded 362/3673
Encoded 379/3673
Encoded 394/3673
Encoded 405/3673
Encoded 417/3673
Encoded 431/3673
Encoded 442/3673
Encoded 455/3673
Encoded 464/3673
Encoded 485/3673
Encoded 497/3673
Encoded 505/3673
Encoded 517/3673
Encoded 526/3673
Encoded 541/3673
Encoded 552/3673
Encoded 559/3673
Encoded 572/3673
Encoded 590/3673
Encoded 607/3673
Encoded 621/3673
Encoded 626/3673
Encoded 649/3673
Encoded 659/3673
Encoded 674/3673
Encoded 687/3673
Encoded 698/3673
Encoded 709/3673
Encoded 724/3673
Encoded 738/3673
Encoded 752/3673
Encoded 764/3673
Encoded 787/3673
Encoded 809/3673
Encoded 818/3673
Encoded 838/3673
Encoded 854/3673
Encoded 865/3673
Encoded 878/3673
Encoded 907/3673
Encoded 926/3673
Encoded 942/3673
Encoded 960/3673
Encoded 974/3673
Encoded 990/3673
Encoded 1003/3673
Encoded 1008/3673
Encoded 1019/3673
Encoded 1033/3673
Encoded 1045/3673
Encoded 1062/3673
Encoded 1071/3673
Encoded 1084/3673
Encoded 1101/3673
Encoded 1115/3673
Encoded 1131/3673
Encoded 1148/3673
Encoded 1163/3673
Encoded 1176/3673
Encoded 1195/3673
Encoded 1206/3673
Encoded 1218/3673
Encoded 1232/3673
Encoded 1244/3673
Encoded 1258/3673
Encoded 1274/3673
Encoded 1298/3673
Encoded 1306/3673
Encoded 1321/3673
Encoded 1330/3673
Encoded 1341/3673
Encoded 1364/3673
Encoded 1371/3673
Encoded 1386/3673
Encoded 1406/3673
Encoded 1420/3673
Encoded 1435/3673
Encoded 1452/3673
Encoded 1474/3673
Encoded 1488/3673
Encoded 1499/3673
Encoded 1516/3673
Encoded 1528/3673
Encoded 1546/3673
Encoded 1549/3673
Encoded 1559/3673
Encoded 1568/3673
Encoded 1584/3673
Encoded 1604/3673
Encoded 1619/3673
Encoded 1630/3673
Encoded 1644/3673
Encoded 1663/3673
Encoded 1677/3673
Encoded 1692/3673
Encoded 1701/3673
Encoded 1712/3673
Encoded 1726/3673
Encoded 1736/3673
Encoded 1751/3673
Encoded 1764/3673
Encoded 1784/3673
Encoded 1799/3673
Encoded 1804/3673
Encoded 1816/3673
Encoded 1836/3673
Encoded 1856/3673
Encoded 1869/3673
Encoded 1889/3673
Encoded 1904/3673
Encoded 1918/3673
Encoded 1930/3673
Encoded 1946/3673
Encoded 1959/3673
Encoded 1973/3673
Encoded 1992/3673
Encoded 2005/3673
Encoded 2025/3673
Encoded 2040/3673
Encoded 2054/3673
Encoded 2065/3673
Encoded 2119/3673
Encoded 2205/3673
Encoded 2308/3673
Encoded 2413/3673
Encoded 2519/3673
Encoded 2626/3673
Encoded 2693/3673
Encoded 2742/3673
Encoded 2791/3673
Encoded 2846/3673
Encoded 2897/3673
Encoded 2944/3673
Encoded 2992/3673
Encoded 3043/3673
Encoded 3091/3673
Encoded 3131/3673
Encoded 3169/3673
Encoded 3233/3673
Encoded 3275/3673
Encoded 3322/3673
Encoded 3389/3673
Encoded 3439/3673
Encoded 3497/3673
Encoded 3547/3673
Encoded 3596/3673
Encoded 3673/3673
+                    ../projects/import-china-india-te/renders/ch18.mp4 15.1 MB
