Bundling 6%
Bundling 13%
Bundling 51%
Bundling 65%
Bundling 71%
Bundling 76%
Bundling 81%
Bundling 86%
Bundling 91%
Bundling 98%
Bundling 100%
Getting composition
Composition          Explainer
Codec                h264
Output               ../projects/import-china-india-te/renders/ch07.mp4
Concurrency          8x
Rendered 0/4680
Rendered 1/4680, time remaining: 58m 52s
Rendered 2/4680, time remaining: 29m 30s
Rendered 3/4680, time remaining: 19m 41s
Rendered 4/4680, time remaining: 14m 46s
Rendered 5/4680, time remaining: 11m 48s
Rendered 6/4680, time remaining: 9m 52s
Rendered 7/4680, time remaining: 8m 32s
Rendered 8/4680, time remaining: 7m 46s
Rendered 9/4680, time remaining: 8m 18s
Rendered 10/4680, time remaining: 7m 45s
Rendered 11/4680, time remaining: 7m 6s
Rendered 12/4680, time remaining: 6m 31s
Rendered 13/4680, time remaining: 6m 1s
Rendered 14/4680, time remaining: 5m 37s
Rendered 15/4680, time remaining: 5m 19s
Rendered 16/4680, time remaining: 5m 18s
Rendered 17/4680, time remaining: 5m 28s
Rendered 18/4680, time remaining: 5m 17s
Rendered 19/4680, time remaining: 5m 3s
Rendered 20/4680, time remaining: 4m 49s
Rendered 21/4680, time remaining: 4m 37s
Rendered 22/4680, time remaining: 4m 26s
Rendered 23/4680, time remaining: 4m 16s
Rendered 24/4680, time remaining: 4m 21s
Rendered 25/4680, time remaining: 4m 31s
Rendered 26/4680, time remaining: 4m 22s
Rendered 27/4680, time remaining: 4m 14s
Rendered 28/4680, time remaining: 4m 6s
Rendered 29/4680, time remaining: 3m 58s
Rendered 30/4680, time remaining: 3m 52s
Rendered 31/4680, time remaining: 3m 53s
Rendered 32/4680, time remaining: 3m 50s
Rendered 33/4680, time remaining: 3m 53s
Rendered 34/4680, time remaining: 3m 54s
Rendered 35/4680, time remaining: 3m 47s
Rendered 36/4680, time remaining: 3m 41s
Rendered 37/4680, time remaining: 3m 35s
Rendered 38/4680, time remaining: 3m 35s
Rendered 39/4680, time remaining: 3m 33s
Rendered 40/4680, time remaining: 3m 32s
Rendered 41/4680, time remaining: 3m 33s
Rendered 42/4680, time remaining: 3m 29s
Rendered 43/4680, time remaining: 3m 25s
Rendered 44/4680, time remaining: 3m 28s
Rendered 45/4680, time remaining: 3m 23s
Rendered 46/4680, time remaining: 3m 20s
Rendered 47/4680, time remaining: 3m 16s
Rendered 48/4680, time remaining: 3m 17s
Rendered 49/4680, time remaining: 3m 19s
Rendered 50/4680, time remaining: 3m 18s
Rendered 51/4680, time remaining: 3m 14s
Rendered 52/4680, time remaining: 3m 10s
Rendered 53/4680, time remaining: 3m 7s
Rendered 54/4680, time remaining: 3m 10s
Rendered 55/4680, time remaining: 3m 7s
Rendered 56/4680, time remaining: 3m 13s
Rendered 57/4680, time remaining: 3m 10s
Rendered 58/4680, time remaining: 3m 7s
Rendered 59/4680, time remaining: 3m 5s
Rendered 60/4680, time remaining: 3m 2s
Rendered 61/4680, time remaining: 3m 0s
Rendered 62/4680, time remaining: 3m 3s
Rendered 63/4680, time remaining: 3m 6s
Rendered 64/4680, time remaining: 3m 6s
Rendered 65/4680, time remaining: 3m 3s
Rendered 66/4680, time remaining: 3m 1s
Rendered 67/4680, time remaining: 2m 59s
Rendered 68/4680, time remaining: 2m 57s
Rendered 69/4680, time remaining: 2m 59s
Rendered 70/4680, time remaining: 3m 1s
Rendered 71/4680, time remaining: 2m 59s
Rendered 72/4680, time remaining: 3m 0s
Rendered 73/4680, time remaining: 2m 58s
Rendered 74/4680, time remaining: 2m 56s
Rendered 75/4680, time remaining: 2m 55s
Rendered 76/4680, time remaining: 2m 53s
Rendered 77/4680, time remaining: 2m 54s
Rendered 78/4680, time remaining: 2m 52s
Rendered 79/4680, time remaining: 2m 50s
Rendered 80/4680, time remaining: 2m 55s
Rendered 81/4680, time remaining: 2m 56s
Rendered 82/4680, time remaining: 2m 53s
Rendered 83/4680, time remaining: 2m 51s
Rendered 84/4680, time remaining: 2m 49s
Rendered 85/4680, time remaining: 2m 52s
Rendered 86/4680, time remaining: 2m 50s
Rendered 87/4680, time remaining: 2m 48s
Rendered 88/4680, time remaining: 2m 52s
Rendered 89/4680, time remaining: 2m 50s
Rendered 90/4680, time remaining: 2m 49s
Rendered 91/4680, time remaining: 2m 47s
Rendered 92/4680, time remaining: 2m 46s
Rendered 93/4680, time remaining: 2m 47s
Rendered 94/4680, time remaining: 2m 45s
Rendered 95/4680, time remaining: 2m 43s
Rendered 96/4680, time remaining: 2m 48s
Rendered 97/4680, time remaining: 2m 46s
Rendered 98/4680, time remaining: 2m 45s
Rendered 99/4680, time remaining: 2m 43s
Rendered 100/4680, time remaining: 2m 43s
Rendered 101/4680, time remaining: 2m 43s
Rendered 102/4680, time remaining: 2m 42s
Rendered 103/4680, time remaining: 2m 40s
Rendered 104/4680, time remaining: 2m 44s
Rendered 105/4680, time remaining: 2m 42s
Rendered 106/4680, time remaining: 2m 42s
Rendered 107/4680, time remaining: 2m 40s
Rendered 108/4680, time remaining: 2m 40s
Rendered 109/4680, time remaining: 2m 39s
Rendered 110/4680, time remaining: 2m 37s
Rendered 111/4680, time remaining: 2m 36s
Rendered 112/4680, time remaining: 2m 40s
Rendered 113/4680, time remaining: 2m 39s
Rendered 114/4680, time remaining: 2m 38s
Rendered 115/4680, time remaining: 2m 38s
Rendered 116/4680, time remaining: 2m 37s
Rendered 117/4680, time remaining: 2m 35s
Rendered 118/4680, time remaining: 2m 36s
Rendered 119/4680, time remaining: 2m 35s
Rendered 120/4680, time remaining: 2m 37s
Rendered 121/4680, time remaining: 2m 36s
Rendered 122/4680, time remaining: 2m 35s
Rendered 123/4680, time remaining: 2m 35s
Rendered 124/4680, time remaining: 2m 34s
Rendered 125/4680, time remaining: 2m 33s
Rendered 126/4680, time remaining: 2m 32s
Rendered 127/4680, time remaining: 2m 33s
Rendered 128/4680, time remaining: 2m 34s
Rendered 129/4680, time remaining: 2m 33s
Rendered 130/4680, time remaining: 2m 31s
Rendered 131/4680, time remaining: 2m 34s
Rendered 132/4680, time remaining: 2m 33s
Rendered 133/4680, time remaining: 2m 31s
Rendered 134/4680, time remaining: 2m 30s
Rendered 135/4680, time remaining: 2m 29s
Rendered 136/4680, time remaining: 2m 30s
Rendered 137/4680, time remaining: 2m 29s
Rendered 138/4680, time remaining: 2m 28s
Rendered 139/4680, time remaining: 2m 30s
Rendered 140/4680, time remaining: 2m 29s
Rendered 141/4680, time remaining: 2m 30s
Rendered 142/4680, time remaining: 2m 29s
Rendered 143/4680, time remaining: 2m 28s
Rendered 144/4680, time remaining: 2m 29s
Rendered 145/4680, time remaining: 2m 28s
Rendered 146/4680, time remaining: 2m 27s
Rendered 147/4680, time remaining: 2m 28s
Rendered 148/4680, time remaining: 2m 27s
Rendered 149/4680, time remaining: 2m 28s
Rendered 150/4680, time remaining: 2m 27s
Rendered 151/4680, time remaining: 2m 4s
Rendered 152/4680, time remaining: 2m 4s
Rendered 153/4680, time remaining: 2m 5s
Rendered 154/4680, time remaining: 2m 8s
Rendered 155/4680, time remaining: 2m 8s
Rendered 156/4680, time remaining: 2m 9s
Rendered 157/4680, time remaining: 2m 11s
Rendered 158/4680, time remaining: 2m 10s
Rendered 159/4680, time remaining: 2m 5s
Rendered 160/4680, time remaining: 2m 4s
Rendered 161/4680, time remaining: 2m 4s
Rendered 162/4680, time remaining: 2m 6s
Rendered 163/4680, time remaining: 2m 6s
Rendered 164/4680, time remaining: 2m 8s
Rendered 165/4680, time remaining: 2m 9s
Rendered 166/4680, time remaining: 2m 7s
Rendered 167/4680, time remaining: 2m 4s
Rendered 168/4680, time remaining: 2m 3s
Rendered 169/4680, time remaining: 2m 3s
Rendered 170/4680, time remaining: 2m 3s
Rendered 171/4680, time remaining: 2m 5s
Rendered 172/4680, time remaining: 2m 8s
Rendered 173/4680, time remaining: 2m 8s
Rendered 174/4680, time remaining: 2m 6s
Rendered 175/4680, time remaining: 2m 5s
Rendered 176/4680, time remaining: 2m 5s
Rendered 177/4680, time remaining: 2m 4s
Rendered 178/4680, time remaining: 2m 4s
Rendered 179/4680, time remaining: 2m 4s
Rendered 180/4680, time remaining: 2m 6s
Rendered 181/4680, time remaining: 2m 5s
Rendered 182/4680, time remaining: 2m 6s
Rendered 183/4680, time remaining: 2m 3s
Rendered 184/4680, time remaining: 2m 2s
Rendered 185/4680, time remaining: 2m 5s
Rendered 186/4680, time remaining: 2m 5s
Rendered 187/4680, time remaining: 2m 5s
Rendered 188/4680, time remaining: 2m 4s
Rendered 189/4680, time remaining: 2m 3s
Rendered 190/4680, time remaining: 2m 5s
Rendered 191/4680, time remaining: 2m 3s
Rendered 192/4680, time remaining: 2m 4s
Rendered 193/4680, time remaining: 2m 5s
Rendered 194/4680, time remaining: 2m 3s
Rendered 195/4680, time remaining: 2m 3s
Rendered 196/4680, time remaining: 2m 2s
Rendered 197/4680, time remaining: 2m 3s
Rendered 198/4680, time remaining: 2m 5s
Rendered 199/4680, time remaining: 2m 3s
Rendered 200/4680, time remaining: 2m 2s
Rendered 201/4680, time remaining: 2m 3s
Rendered 202/4680, time remaining: 2m 5s
Rendered 203/4680, time remaining: 2m 5s
Rendered 204/4680, time remaining: 2m 2s
Rendered 205/4680, time remaining: 2m 6s
Rendered 206/4680, time remaining: 2m 3s
Rendered 207/4680, time remaining: 2m 2s
Rendered 208/4680, time remaining: 2m 2s
Rendered 209/4680, time remaining: 2m 2s
Rendered 210/4680, time remaining: 2m 3s
Rendered 211/4680, time remaining: 2m 3s
Rendered 212/4680, time remaining: 2m 1s
Rendered 213/4680, time remaining: 2m 1s
Rendered 214/4680, time remaining: 2m 0s
Rendered 215/4680, time remaining: 2m 1s
Rendered 216/4680, time remaining: 2m 2s
Rendered 217/4680, time remaining: 2m 2s
Rendered 218/4680, time remaining: 2m 4s
Rendered 219/4680, time remaining: 2m 2s
Rendered 220/4680, time remaining: 2m 0s
Rendered 221/4680, time remaining: 2m 0s
Rendered 222/4680, time remaining: 2m 0s
Rendered 223/4680, time remaining: 2m 0s
Rendered 224/4680, time remaining: 2m 1s
Rendered 225/4680, time remaining: 2m 1s
Rendered 226/4680, time remaining: 2m 3s
Rendered 227/4680, time remaining: 2m 1s
Rendered 228/4680, time remaining: 2m 1s
Rendered 229/4680, time remaining: 2m 0s
Rendered 230/4680, time remaining: 1m 59s
Rendered 231/4680, time remaining: 2m 0s
Rendered 232/4680, time remaining: 2m 0s
Rendered 233/4680, time remaining: 1m 59s
Rendered 234/4680, time remaining: 2m 0s
Rendered 235/4680, time remaining: 1m 59s
Rendered 236/4680, time remaining: 1m 59s
Rendered 237/4680, time remaining: 1m 59s
Rendered 238/4680, time remaining: 1m 58s
Rendered 239/4680, time remaining: 2m 0s
Rendered 240/4680, time remaining: 1m 59s
Rendered 241/4680, time remaining: 1m 59s
Rendered 242/4680, time remaining: 2m 0s
Rendered 243/4680, time remaining: 2m 0s
Rendered 244/4680, time remaining: 2m 0s
Rendered 245/4680, time remaining: 2m 0s
Rendered 246/4680, time remaining: 1m 58s
Rendered 247/4680, time remaining: 1m 58s
Rendered 248/4680, time remaining: 1m 57s
Rendered 249/4680, time remaining: 2m 0s
Rendered 250/4680, time remaining: 2m 0s
Rendered 251/4680, time remaining: 1m 59s
Rendered 252/4680, time remaining: 1m 59s
Rendered 253/4680, time remaining: 2m 0s
Rendered 254/4680, time remaining: 1m 56s
Rendered 255/4680, time remaining: 1m 57s
Rendered 256/4680, time remaining: 1m 58s
Rendered 257/4680, time remaining: 2m 0s
Rendered 258/4680, time remaining: 1m 59s
Rendered 259/4680, time remaining: 1m 59s
Rendered 260/4680, time remaining: 1m 59s
Rendered 261/4680, time remaining: 2m 0s
Rendered 262/4680, time remaining: 1m 57s
Rendered 263/4680, time remaining: 1m 58s
Rendered 264/4680, time remaining: 1m 58s
Rendered 265/4680, time remaining: 1m 58s
Rendered 266/4680, time remaining: 1m 59s
Rendered 267/4680, time remaining: 2m 0s
Rendered 268/4680, time remaining: 1m 58s
Rendered 269/4680, time remaining: 1m 59s
Rendered 270/4680, time remaining: 1m 56s
Rendered 271/4680, time remaining: 1m 57s
Rendered 272/4680, time remaining: 2m 0s
Rendered 273/4680, time remaining: 1m 58s
Rendered 274/4680, time remaining: 1m 58s
Rendered 275/4680, time remaining: 1m 59s
Rendered 276/4680, time remaining: 1m 59s
Rendered 277/4680, time remaining: 1m 57s
Rendered 278/4680, time remaining: 1m 56s
Rendered 279/4680, time remaining: 1m 58s
Rendered 280/4680, time remaining: 1m 59s
Rendered 281/4680, time remaining: 1m 58s
Rendered 282/4680, time remaining: 1m 58s
Rendered 283/4680, time remaining: 2m 0s
Rendered 284/4680, time remaining: 2m 0s
Rendered 285/4680, time remaining: 2m 0s
Rendered 286/4680, time remaining: 1m 58s
Rendered 287/4680, time remaining: 1m 59s
Rendered 288/4680, time remaining: 2m 1s
Rendered 289/4680, time remaining: 1m 59s
Rendered 290/4680, time remaining: 1m 59s
Rendered 291/4680, time remaining: 2m 0s
Rendered 292/4680, time remaining: 2m 0s
Rendered 293/4680, time remaining: 2m 0s
Rendered 294/4680, time remaining: 1m 58s
Rendered 295/4680, time remaining: 1m 58s
Rendered 296/4680, time remaining: 2m 0s
Rendered 297/4680, time remaining: 1m 58s
Rendered 298/4680, time remaining: 1m 58s
Rendered 299/4680, time remaining: 2m 1s
Rendered 300/4680, time remaining: 2m 1s
Rendered 301/4680, time remaining: 2m 1s
Rendered 302/4680, time remaining: 2m 0s
Rendered 303/4680, time remaining: 2m 0s
Rendered 304/4680, time remaining: 2m 0s
Rendered 305/4680, time remaining: 2m 0s
Rendered 306/4680, time remaining: 2m 0s
Rendered 307/4680, time remaining: 1m 58s
Rendered 308/4680, time remaining: 1m 58s
Rendered 309/4680, time remaining: 1m 58s
Rendered 310/4680, time remaining: 2m 0s
Rendered 311/4680, time remaining: 2m 1s
Rendered 312/4680, time remaining: 1m 59s
Rendered 313/4680, time remaining: 2m 2s
Rendered 314/4680, time remaining: 1m 59s
Rendered 315/4680, time remaining: 2m 0s
Rendered 316/4680, time remaining: 2m 0s
Rendered 317/4680, time remaining: 2m 0s
Rendered 318/4680, time remaining: 1m 59s
Rendered 319/4680, time remaining: 2m 1s
Rendered 320/4680, time remaining: 2m 1s
Rendered 321/4680, time remaining: 2m 0s
Rendered 322/4680, time remaining: 1m 59s
Rendered 323/4680, time remaining: 1m 59s
Rendered 324/4680, time remaining: 1m 58s
Rendered 325/4680, time remaining: 1m 57s
Rendered 326/4680, time remaining: 1m 58s
Rendered 327/4680, time remaining: 1m 58s
Rendered 328/4680, time remaining: 2m 0s
Rendered 329/4680, time remaining: 2m 2s
Rendered 330/4680, time remaining: 2m 0s
Rendered 331/4680, time remaining: 1m 59s
Rendered 332/4680, time remaining: 1m 58s
Rendered 333/4680, time remaining: 1m 59s
Rendered 334/4680, time remaining: 1m 59s
Rendered 335/4680, time remaining: 1m 56s
Rendered 336/4680, time remaining: 1m 58s
Rendered 337/4680, time remaining: 1m 59s
Rendered 338/4680, time remaining: 2m 0s
Rendered 339/4680, time remaining: 2m 2s
Rendered 340/4680, time remaining: 2m 0s
Rendered 341/4680, time remaining: 2m 0s
Rendered 342/4680, time remaining: 1m 59s
Rendered 343/4680, time remaining: 1m 58s
Rendered 344/4680, time remaining: 1m 59s
Rendered 345/4680, time remaining: 2m 1s
Rendered 346/4680, time remaining: 2m 1s
Rendered 347/4680, time remaining: 2m 2s
Rendered 348/4680, time remaining: 1m 58s
Rendered 349/4680, time remaining: 1m 58s
Rendered 350/4680, time remaining: 1m 58s
Rendered 351/4680, time remaining: 1m 59s
Rendered 352/4680, time remaining: 1m 57s
Rendered 353/4680, time remaining: 2m 1s
Rendered 354/4680, time remaining: 2m 1s
Rendered 355/4680, time remaining: 1m 58s
Rendered 356/4680, time remaining: 1m 59s
Rendered 357/4680, time remaining: 1m 59s
Rendered 358/4680, time remaining: 1m 59s
Rendered 359/4680, time remaining: 1m 59s
Rendered 360/4680, time remaining: 1m 59s
Rendered 361/4680, time remaining: 2m 1s
Rendered 362/4680, time remaining: 2m 1s
Rendered 363/4680, time remaining: 2m 0s
Rendered 364/4680, time remaining: 1m 59s
Rendered 365/4680, time remaining: 1m 59s
Rendered 366/4680, time remaining: 1m 57s
Rendered 367/4680, time remaining: 1m 59s
Rendered 368/4680, time remaining: 1m 59s
Rendered 369/4680, time remaining: 1m 59s
Rendered 370/4680, time remaining: 2m 1s
Rendered 371/4680, time remaining: 2m 0s
Rendered 372/4680, time remaining: 1m 59s
Rendered 373/4680, time remaining: 1m 59s
Rendered 374/4680, time remaining: 1m 58s
Rendered 375/4680, time remaining: 1m 59s
Rendered 376/4680, time remaining: 2m 0s
Rendered 377/4680, time remaining: 2m 0s
Rendered 378/4680, time remaining: 2m 0s
Rendered 379/4680, time remaining: 2m 0s
Rendered 380/4680, time remaining: 2m 0s
Rendered 381/4680, time remaining: 1m 58s
Rendered 382/4680, time remaining: 1m 58s
Rendered 383/4680, time remaining: 1m 58s
Rendered 384/4680, time remaining: 2m 0s
Rendered 385/4680, time remaining: 2m 0s
Rendered 386/4680, time remaining: 2m 0s
Rendered 387/4680, time remaining: 2m 0s
Rendered 388/4680, time remaining: 2m 0s
Rendered 389/4680, time remaining: 1m 58s
Rendered 390/4680, time remaining: 1m 58s
Rendered 391/4680, time remaining: 2m 1s
Rendered 392/4680, time remaining: 2m 0s
Rendered 393/4680, time remaining: 2m 0s
Rendered 394/4680, time remaining: 2m 0s
Rendered 395/4680, time remaining: 2m 0s
Rendered 396/4680, time remaining: 1m 58s
Rendered 397/4680, time remaining: 1m 59s
Rendered 398/4680, time remaining: 1m 59s
Rendered 399/4680, time remaining: 1m 56s
Rendered 400/4680, time remaining: 1m 56s
Rendered 401/4680, time remaining: 1m 57s
Rendered 402/4680, time remaining: 1m 56s
Rendered 403/4680, time remaining: 1m 56s
Rendered 404/4680, time remaining: 1m 56s
Rendered 405/4680, time remaining: 1m 56s
Rendered 406/4680, time remaining: 1m 54s
Rendered 407/4680, time remaining: 1m 52s
Rendered 408/4680, time remaining: 1m 53s
Rendered 409/4680, time remaining: 1m 53s
Rendered 410/4680, time remaining: 1m 54s
Rendered 411/4680, time remaining: 1m 52s
Rendered 412/4680, time remaining: 1m 53s
Rendered 413/4680, time remaining: 1m 50s
Rendered 414/4680, time remaining: 1m 51s
Rendered 415/4680, time remaining: 1m 51s
Rendered 416/4680, time remaining: 1m 50s
Rendered 417/4680, time remaining: 1m 51s
Rendered 418/4680, time remaining: 1m 52s
Rendered 419/4680, time remaining: 1m 52s
Rendered 420/4680, time remaining: 1m 52s
Rendered 421/4680, time remaining: 1m 52s
Rendered 422/4680, time remaining: 1m 51s
Rendered 423/4680, time remaining: 1m 51s
Rendered 424/4680, time remaining: 1m 51s
Rendered 425/4680, time remaining: 1m 50s
Rendered 426/4680, time remaining: 1m 52s
Rendered 427/4680, time remaining: 1m 52s
Rendered 428/4680, time remaining: 1m 53s
Rendered 429/4680, time remaining: 1m 52s
Rendered 430/4680, time remaining: 1m 52s
Rendered 431/4680, time remaining: 1m 50s
Rendered 432/4680, time remaining: 1m 50s
Rendered 433/4680, time remaining: 1m 48s
Rendered 434/4680, time remaining: 1m 49s
Rendered 435/4680, time remaining: 1m 51s
Rendered 436/4680, time remaining: 1m 52s
Rendered 437/4680, time remaining: 1m 52s
Rendered 438/4680, time remaining: 1m 50s
Rendered 439/4680, time remaining: 1m 49s
Rendered 440/4680, time remaining: 1m 49s
Rendered 441/4680, time remaining: 1m 48s
Rendered 442/4680, time remaining: 1m 48s
Rendered 443/4680, time remaining: 1m 50s
Rendered 444/4680, time remaining: 1m 50s
Rendered 445/4680, time remaining: 1m 52s
Rendered 446/4680, time remaining: 1m 50s
Rendered 447/4680, time remaining: 1m 51s
Rendered 448/4680, time remaining: 1m 52s
Rendered 449/4680, time remaining: 1m 47s
Rendered 450/4680, time remaining: 1m 47s
Rendered 451/4680, time remaining: 1m 48s
Rendered 452/4680, time remaining: 1m 48s
Rendered 453/4680, time remaining: 1m 48s
Rendered 454/4680, time remaining: 1m 49s
Rendered 455/4680, time remaining: 1m 49s
Rendered 456/4680, time remaining: 1m 49s
Rendered 457/4680, time remaining: 1m 49s
Rendered 458/4680, time remaining: 1m 49s
Rendered 459/4680, time remaining: 1m 49s
Rendered 460/4680, time remaining: 1m 47s
Rendered 461/4680, time remaining: 1m 47s
Rendered 462/4680, time remaining: 1m 51s
Rendered 463/4680, time remaining: 1m 48s
Rendered 464/4680, time remaining: 1m 49s
Rendered 465/4680, time remaining: 1m 49s
Rendered 466/4680, time remaining: 1m 49s
Rendered 467/4680, time remaining: 1m 49s
Rendered 468/4680, time remaining: 1m 49s
Rendered 469/4680, time remaining: 1m 49s
Rendered 470/4680, time remaining: 1m 50s
Rendered 471/4680, time remaining: 1m 49s
Rendered 472/4680, time remaining: 1m 49s
Rendered 473/4680, time remaining: 1m 49s
Rendered 474/4680, time remaining: 1m 49s
Rendered 475/4680, time remaining: 1m 49s
Rendered 476/4680, time remaining: 1m 49s
Rendered 477/4680, time remaining: 1m 51s
Rendered 478/4680, time remaining: 1m 49s
Rendered 479/4680, time remaining: 1m 47s
Rendered 480/4680, time remaining: 1m 48s
Rendered 481/4680, time remaining: 1m 48s
Rendered 482/4680, time remaining: 1m 48s
Rendered 483/4680, time remaining: 1m 47s
Rendered 484/4680, time remaining: 1m 51s
Rendered 485/4680, time remaining: 1m 51s
Rendered 486/4680, time remaining: 1m 49s
Rendered 487/4680, time remaining: 1m 48s
Rendered 488/4680, time remaining: 1m 48s
Rendered 489/4680, time remaining: 1m 46s
Rendered 490/4680, time remaining: 1m 46s
Rendered 491/4680, time remaining: 1m 45s
Rendered 492/4680, time remaining: 1m 49s
Rendered 493/4680, time remaining: 1m 50s
Rendered 494/4680, time remaining: 1m 48s
Rendered 495/4680, time remaining: 1m 47s
Rendered 496/4680, time remaining: 1m 48s
Rendered 497/4680, time remaining: 1m 47s
Rendered 498/4680, time remaining: 1m 47s
Rendered 499/4680, time remaining: 1m 47s
Rendered 500/4680, time remaining: 1m 51s
Rendered 501/4680, time remaining: 1m 50s
Rendered 502/4680, time remaining: 1m 50s
Rendered 503/4680, time remaining: 1m 46s
Rendered 504/4680, time remaining: 1m 48s
Rendered 505/4680, time remaining: 1m 47s
Rendered 506/4680, time remaining: 1m 46s
Rendered 507/4680, time remaining: 1m 46s
Rendered 508/4680, time remaining: 1m 47s
Rendered 509/4680, time remaining: 1m 50s
Rendered 510/4680, time remaining: 1m 49s
Rendered 511/4680, time remaining: 1m 48s
Rendered 512/4680, time remaining: 1m 48s
Rendered 513/4680, time remaining: 1m 47s
Rendered 514/4680, time remaining: 1m 48s
Rendered 515/4680, time remaining: 1m 48s
Rendered 516/4680, time remaining: 1m 48s
Rendered 517/4680, time remaining: 1m 50s
Rendered 518/4680, time remaining: 1m 48s
Rendered 519/4680, time remaining: 1m 48s
Rendered 520/4680, time remaining: 1m 47s
Rendered 521/4680, time remaining: 1m 47s
Rendered 522/4680, time remaining: 1m 47s
Rendered 523/4680, time remaining: 1m 47s
Rendered 524/4680, time remaining: 1m 49s
Rendered 525/4680, time remaining: 1m 49s
Rendered 526/4680, time remaining: 1m 47s
Rendered 527/4680, time remaining: 1m 48s
Rendered 528/4680, time remaining: 1m 48s
Rendered 529/4680, time remaining: 1m 48s
Rendered 530/4680, time remaining: 1m 46s
Rendered 531/4680, time remaining: 1m 47s
Rendered 532/4680, time remaining: 1m 49s
Rendered 533/4680, time remaining: 1m 49s
Rendered 534/4680, time remaining: 1m 49s
Rendered 535/4680, time remaining: 1m 48s
Rendered 536/4680, time remaining: 1m 48s
Rendered 537/4680, time remaining: 1m 49s
Rendered 538/4680, time remaining: 1m 47s
Rendered 539/4680, time remaining: 1m 47s
Rendered 540/4680, time remaining: 1m 47s
Rendered 541/4680, time remaining: 1m 47s
Rendered 542/4680, time remaining: 1m 49s
Rendered 543/4680, time remaining: 1m 47s
Rendered 544/4680, time remaining: 1m 47s
Rendered 545/4680, time remaining: 1m 48s
Rendered 546/4680, time remaining: 1m 48s
Rendered 547/4680, time remaining: 1m 48s
Rendered 548/4680, time remaining: 1m 51s
Rendered 549/4680, time remaining: 1m 51s
Rendered 550/4680, time remaining: 1m 52s
Rendered 551/4680, time remaining: 1m 51s
Rendered 552/4680, time remaining: 1m 51s
Rendered 553/4680, time remaining: 1m 52s
Rendered 554/4680, time remaining: 1m 54s
Rendered 555/4680, time remaining: 1m 54s
Rendered 556/4680, time remaining: 1m 54s
Rendered 557/4680, time remaining: 1m 54s
Rendered 558/4680, time remaining: 1m 53s
Rendered 559/4680, time remaining: 1m 53s
Rendered 560/4680, time remaining: 1m 54s
Rendered 561/4680, time remaining: 1m 54s
Rendered 562/4680, time remaining: 1m 57s
Rendered 563/4680, time remaining: 1m 57s
Rendered 564/4680, time remaining: 1m 56s
Rendered 565/4680, time remaining: 1m 57s
Rendered 566/4680, time remaining: 1m 58s
Rendered 567/4680, time remaining: 1m 56s
Rendered 568/4680, time remaining: 1m 56s
Rendered 569/4680, time remaining: 1m 56s
Rendered 570/4680, time remaining: 1m 56s
Rendered 571/4680, time remaining: 1m 55s
Rendered 572/4680, time remaining: 1m 54s
Rendered 573/4680, time remaining: 1m 56s
Rendered 574/4680, time remaining: 1m 57s
Rendered 575/4680, time remaining: 1m 57s
Rendered 576/4680, time remaining: 1m 56s
Rendered 577/4680, time remaining: 1m 56s
Rendered 578/4680, time remaining: 1m 54s
Rendered 579/4680, time remaining: 1m 55s
Rendered 580/4680, time remaining: 1m 54s
Rendered 581/4680, time remaining: 1m 54s
Rendered 582/4680, time remaining: 1m 57s
Rendered 583/4680, time remaining: 1m 57s
Rendered 584/4680, time remaining: 1m 56s
Rendered 585/4680, time remaining: 1m 56s
Rendered 586/4680, time remaining: 1m 55s
Rendered 587/4680, time remaining: 1m 54s
Rendered 588/4680, time remaining: 1m 54s
Rendered 589/4680, time remaining: 1m 54s
Rendered 590/4680, time remaining: 1m 58s
Rendered 591/4680, time remaining: 1m 56s
Rendered 592/4680, time remaining: 1m 56s
Rendered 593/4680, time remaining: 1m 55s
Rendered 594/4680, time remaining: 1m 56s
Rendered 595/4680, time remaining: 1m 55s
Rendered 596/4680, time remaining: 1m 55s
Rendered 597/4680, time remaining: 1m 54s
Rendered 598/4680, time remaining: 1m 54s
Rendered 599/4680, time remaining: 1m 57s
Rendered 600/4680, time remaining: 1m 57s
Rendered 601/4680, time remaining: 1m 56s
Rendered 602/4680, time remaining: 1m 56s
Rendered 603/4680, time remaining: 1m 57s
Rendered 604/4680, time remaining: 1m 55s
Rendered 605/4680, time remaining: 1m 55s
Rendered 606/4680, time remaining: 1m 56s
Rendered 607/4680, time remaining: 1m 56s
Rendered 608/4680, time remaining: 1m 56s
Rendered 609/4680, time remaining: 1m 57s
Rendered 610/4680, time remaining: 1m 57s
Rendered 611/4680, time remaining: 1m 57s
Rendered 612/4680, time remaining: 1m 54s
Rendered 613/4680, time remaining: 1m 54s
Rendered 614/4680, time remaining: 1m 53s
Rendered 615/4680, time remaining: 1m 53s
Rendered 616/4680, time remaining: 1m 56s
Rendered 617/4680, time remaining: 1m 56s
Rendered 618/4680, time remaining: 1m 57s
Rendered 619/4680, time remaining: 1m 55s
Rendered 620/4680, time remaining: 1m 53s
Rendered 621/4680, time remaining: 1m 56s
Rendered 622/4680, time remaining: 1m 54s
Rendered 623/4680, time remaining: 1m 54s
Rendered 624/4680, time remaining: 1m 54s
Rendered 625/4680, time remaining: 1m 57s
Rendered 626/4680, time remaining: 1m 55s
Rendered 627/4680, time remaining: 1m 53s
Rendered 628/4680, time remaining: 1m 53s
Rendered 629/4680, time remaining: 1m 55s
Rendered 630/4680, time remaining: 1m 54s
Rendered 631/4680, time remaining: 1m 54s
Rendered 632/4680, time remaining: 1m 57s
Rendered 633/4680, time remaining: 1m 57s
Rendered 634/4680, time remaining: 1m 53s
Rendered 635/4680, time remaining: 1m 53s
Rendered 636/4680, time remaining: 1m 53s
Rendered 637/4680, time remaining: 1m 53s
Rendered 638/4680, time remaining: 1m 54s
Rendered 639/4680, time remaining: 1m 54s
Rendered 640/4680, time remaining: 1m 57s
Rendered 641/4680, time remaining: 1m 57s
Rendered 642/4680, time remaining: 1m 54s
Rendered 643/4680, time remaining: 1m 53s
Rendered 644/4680, time remaining: 1m 54s
Rendered 645/4680, time remaining: 1m 54s
Rendered 646/4680, time remaining: 1m 52s
Rendered 647/4680, time remaining: 1m 54s
Rendered 648/4680, time remaining: 1m 57s
Rendered 649/4680, time remaining: 1m 57s
Rendered 650/4680, time remaining: 1m 53s
Rendered 651/4680, time remaining: 1m 53s
Rendered 652/4680, time remaining: 1m 53s
Rendered 653/4680, time remaining: 1m 53s
Rendered 654/4680, time remaining: 1m 53s
Rendered 655/4680, time remaining: 1m 55s
Rendered 656/4680, time remaining: 1m 57s
Rendered 657/4680, time remaining: 1m 57s
Rendered 658/4680, time remaining: 1m 56s
Rendered 659/4680, time remaining: 1m 54s
Rendered 660/4680, time remaining: 1m 54s
Rendered 661/4680, time remaining: 1m 54s
Rendered 662/4680, time remaining: 1m 54s
Rendered 663/4680, time remaining: 1m 55s
Rendered 664/4680, time remaining: 1m 53s
Rendered 665/4680, time remaining: 1m 54s
Rendered 666/4680, time remaining: 1m 57s
Rendered 667/4680, time remaining: 1m 53s
Rendered 668/4680, time remaining: 1m 55s
Rendered 669/4680, time remaining: 1m 54s
Rendered 670/4680, time remaining: 1m 54s
Rendered 671/4680, time remaining: 1m 54s
Rendered 672/4680, time remaining: 1m 54s
Rendered 673/4680, time remaining: 1m 54s
Rendered 674/4680, time remaining: 1m 56s
Rendered 675/4680, time remaining: 1m 54s
Rendered 676/4680, time remaining: 1m 54s
Rendered 677/4680, time remaining: 1m 54s
Rendered 678/4680, time remaining: 1m 54s
Rendered 679/4680, time remaining: 1m 54s
Rendered 680/4680, time remaining: 1m 54s
Rendered 681/4680, time remaining: 1m 55s
Rendered 682/4680, time remaining: 1m 53s
Rendered 683/4680, time remaining: 1m 57s
Rendered 684/4680, time remaining: 1m 53s
Rendered 685/4680, time remaining: 1m 54s
Rendered 686/4680, time remaining: 1m 54s
Rendered 687/4680, time remaining: 1m 53s
Rendered 688/4680, time remaining: 1m 53s
Rendered 689/4680, time remaining: 1m 55s
Rendered 690/4680, time remaining: 1m 55s
Rendered 691/4680, time remaining: 1m 53s
Rendered 692/4680, time remaining: 1m 54s
Rendered 693/4680, time remaining: 1m 54s
Rendered 694/4680, time remaining: 1m 54s
Rendered 695/4680, time remaining: 1m 55s
Rendered 696/4680, time remaining: 1m 55s
Rendered 697/4680, time remaining: 1m 55s
Rendered 698/4680, time remaining: 1m 52s
Rendered 699/4680, time remaining: 1m 55s
Rendered 700/4680, time remaining: 1m 54s
Rendered 701/4680, time remaining: 1m 54s
Rendered 702/4680, time remaining: 1m 54s
Rendered 703/4680, time remaining: 1m 55s
Rendered 704/4680, time remaining: 1m 52s
Rendered 705/4680, time remaining: 1m 52s
Rendered 706/4680, time remaining: 1m 55s
Rendered 707/4680, time remaining: 1m 55s
Rendered 708/4680, time remaining: 1m 57s
Rendered 709/4680, time remaining: 1m 57s
Rendered 710/4680, time remaining: 1m 55s
Rendered 711/4680, time remaining: 1m 55s
Rendered 712/4680, time remaining: 1m 52s
Rendered 713/4680, time remaining: 1m 54s
Rendered 714/4680, time remaining: 1m 56s
Rendered 715/4680, time remaining: 1m 54s
Rendered 716/4680, time remaining: 1m 54s
Rendered 717/4680, time remaining: 1m 55s
Rendered 718/4680, time remaining: 1m 54s
Rendered 719/4680, time remaining: 1m 54s
Rendered 720/4680, time remaining: 1m 55s
Rendered 721/4680, time remaining: 1m 55s
Rendered 722/4680, time remaining: 1m 55s
Rendered 723/4680, time remaining: 1m 53s
Rendered 724/4680, time remaining: 1m 55s
Rendered 725/4680, time remaining: 1m 55s
Rendered 726/4680, time remaining: 1m 55s
Rendered 727/4680, time remaining: 1m 55s
Rendered 728/4680, time remaining: 1m 55s
Rendered 729/4680, time remaining: 1m 54s
Rendered 730/4680, time remaining: 1m 56s
Rendered 731/4680, time remaining: 1m 56s
Rendered 732/4680, time remaining: 1m 55s
Rendered 733/4680, time remaining: 1m 55s
Rendered 734/4680, time remaining: 1m 55s
Rendered 735/4680, time remaining: 1m 54s
Rendered 736/4680, time remaining: 1m 55s
Rendered 737/4680, time remaining: 1m 55s
Rendered 738/4680, time remaining: 1m 55s
Rendered 739/4680, time remaining: 1m 58s
Rendered 740/4680, time remaining: 1m 55s
Rendered 741/4680, time remaining: 1m 55s
Rendered 742/4680, time remaining: 1m 57s
Rendered 743/4680, time remaining: 1m 56s
Rendered 744/4680, time remaining: 1m 55s
Rendered 745/4680, time remaining: 1m 54s
Rendered 746/4680, time remaining: 1m 54s
Rendered 747/4680, time remaining: 1m 57s
Rendered 748/4680, time remaining: 1m 58s
Rendered 749/4680, time remaining: 1m 55s
Rendered 750/4680, time remaining: 1m 55s
Rendered 751/4680, time remaining: 1m 57s
Rendered 752/4680, time remaining: 1m 56s
Rendered 753/4680, time remaining: 1m 55s
Rendered 754/4680, time remaining: 1m 55s
Rendered 755/4680, time remaining: 1m 56s
Rendered 756/4680, time remaining: 1m 56s
Rendered 757/4680, time remaining: 1m 56s
Rendered 758/4680, time remaining: 1m 56s
Rendered 759/4680, time remaining: 1m 54s
Rendered 760/4680, time remaining: 1m 54s
Rendered 761/4680, time remaining: 1m 55s
Rendered 762/4680, time remaining: 1m 56s
Rendered 763/4680, time remaining: 1m 58s
Rendered 764/4680, time remaining: 1m 58s
Rendered 765/4680, time remaining: 1m 58s
Rendered 766/4680, time remaining: 1m 55s
Rendered 767/4680, time remaining: 1m 55s
Rendered 768/4680, time remaining: 1m 54s
Rendered 769/4680, time remaining: 1m 56s
Rendered 770/4680, time remaining: 1m 56s
Rendered 771/4680, time remaining: 1m 56s
Rendered 772/4680, time remaining: 1m 56s
Rendered 773/4680, time remaining: 1m 58s
Rendered 774/4680, time remaining: 1m 58s
Rendered 775/4680, time remaining: 1m 55s
Rendered 776/4680, time remaining: 1m 55s
Rendered 777/4680, time remaining: 1m 56s
Rendered 778/4680, time remaining: 1m 57s
Rendered 779/4680, time remaining: 1m 55s
Rendered 780/4680, time remaining: 1m 58s
Rendered 781/4680, time remaining: 1m 58s
Rendered 782/4680, time remaining: 1m 54s
Rendered 783/4680, time remaining: 1m 55s
Rendered 784/4680, time remaining: 1m 57s
Rendered 785/4680, time remaining: 1m 56s
Rendered 786/4680, time remaining: 1m 58s
Rendered 787/4680, time remaining: 1m 58s
Rendered 788/4680, time remaining: 1m 56s
Rendered 789/4680, time remaining: 1m 57s
Rendered 790/4680, time remaining: 1m 54s
Rendered 791/4680, time remaining: 1m 54s
Rendered 792/4680, time remaining: 1m 54s
Rendered 793/4680, time remaining: 1m 56s
Rendered 794/4680, time remaining: 1m 58s
Rendered 795/4680, time remaining: 1m 57s
Rendered 796/4680, time remaining: 1m 59s
Rendered 797/4680, time remaining: 1m 57s
Rendered 798/4680, time remaining: 1m 54s
Rendered 799/4680, time remaining: 1m 54s
Rendered 800/4680, time remaining: 1m 56s
Rendered 801/4680, time remaining: 1m 55s
Rendered 802/4680, time remaining: 1m 57s
Rendered 803/4680, time remaining: 1m 57s
Rendered 804/4680, time remaining: 1m 58s
Rendered 805/4680, time remaining: 1m 56s
Rendered 806/4680, time remaining: 1m 54s
Rendered 807/4680, time remaining: 1m 54s
Rendered 808/4680, time remaining: 1m 56s
Rendered 809/4680, time remaining: 1m 55s
Rendered 810/4680, time remaining: 1m 57s
Rendered 811/4680, time remaining: 1m 56s
Rendered 812/4680, time remaining: 1m 56s
Rendered 813/4680, time remaining: 1m 57s
Rendered 814/4680, time remaining: 1m 57s
Rendered 815/4680, time remaining: 1m 56s
Rendered 816/4680, time remaining: 1m 53s
Rendered 817/4680, time remaining: 1m 53s
Rendered 818/4680, time remaining: 1m 55s
Rendered 819/4680, time remaining: 1m 56s
Rendered 820/4680, time remaining: 1m 56s
Rendered 821/4680, time remaining: 1m 56s
Rendered 822/4680, time remaining: 1m 56s
Rendered 823/4680, time remaining: 1m 57s
Rendered 824/4680, time remaining: 1m 53s
Rendered 825/4680, time remaining: 1m 53s
Rendered 826/4680, time remaining: 1m 55s
Rendered 827/4680, time remaining: 1m 56s
Rendered 828/4680, time remaining: 1m 55s
Rendered 829/4680, time remaining: 1m 55s
Rendered 830/4680, time remaining: 1m 56s
Rendered 831/4680, time remaining: 1m 55s
Rendered 832/4680, time remaining: 1m 55s
Rendered 833/4680, time remaining: 1m 52s
Rendered 834/4680, time remaining: 1m 56s
Rendered 835/4680, time remaining: 1m 56s
Rendered 836/4680, time remaining: 1m 56s
Rendered 837/4680, time remaining: 1m 56s
Rendered 838/4680, time remaining: 1m 56s
Rendered 839/4680, time remaining: 1m 54s
Rendered 840/4680, time remaining: 1m 54s
Rendered 841/4680, time remaining: 1m 54s
Rendered 842/4680, time remaining: 1m 55s
Rendered 843/4680, time remaining: 1m 55s
Rendered 844/4680, time remaining: 1m 56s
Rendered 845/4680, time remaining: 1m 56s
Rendered 846/4680, time remaining: 1m 56s
Rendered 847/4680, time remaining: 1m 55s
Rendered 848/4680, time remaining: 1m 55s
Rendered 849/4680, time remaining: 1m 52s
Rendered 850/4680, time remaining: 1m 54s
Rendered 851/4680, time remaining: 1m 57s
Rendered 852/4680, time remaining: 1m 57s
Rendered 853/4680, time remaining: 1m 56s
Rendered 854/4680, time remaining: 1m 56s
Rendered 855/4680, time remaining: 1m 56s
Rendered 856/4680, time remaining: 1m 54s
Rendered 857/4680, time remaining: 1m 54s
Rendered 858/4680, time remaining: 1m 52s
Rendered 859/4680, time remaining: 1m 55s
Rendered 860/4680, time remaining: 1m 55s
Rendered 861/4680, time remaining: 1m 57s
Rendered 862/4680, time remaining: 1m 56s
Rendered 863/4680, time remaining: 1m 54s
Rendered 864/4680, time remaining: 1m 54s
Rendered 865/4680, time remaining: 1m 54s
Rendered 866/4680, time remaining: 1m 53s
Rendered 867/4680, time remaining: 1m 54s
Rendered 868/4680, time remaining: 1m 54s
Rendered 869/4680, time remaining: 1m 54s
Rendered 870/4680, time remaining: 1m 56s
Rendered 871/4680, time remaining: 1m 56s
Rendered 872/4680, time remaining: 1m 56s
Rendered 873/4680, time remaining: 1m 57s
Rendered 874/4680, time remaining: 1m 55s
Rendered 875/4680, time remaining: 1m 55s
Rendered 876/4680, time remaining: 1m 55s
Rendered 877/4680, time remaining: 1m 54s
Rendered 878/4680, time remaining: 1m 54s
Rendered 879/4680, time remaining: 1m 56s
Rendered 880/4680, time remaining: 1m 54s
Rendered 881/4680, time remaining: 1m 56s
Rendered 882/4680, time remaining: 1m 54s
Rendered 883/4680, time remaining: 1m 56s
Rendered 884/4680, time remaining: 1m 56s
Rendered 885/4680, time remaining: 1m 55s
Rendered 886/4680, time remaining: 1m 54s
Rendered 887/4680, time remaining: 1m 54s
Rendered 888/4680, time remaining: 1m 56s
Rendered 889/4680, time remaining: 1m 56s
Rendered 890/4680, time remaining: 1m 56s
Rendered 891/4680, time remaining: 1m 56s
Rendered 892/4680, time remaining: 1m 54s
Rendered 893/4680, time remaining: 1m 54s
Rendered 894/4680, time remaining: 1m 56s
Rendered 895/4680, time remaining: 1m 58s
Rendered 896/4680, time remaining: 1m 58s
Rendered 897/4680, time remaining: 1m 57s
Rendered 898/4680, time remaining: 1m 55s
Rendered 899/4680, time remaining: 1m 55s
Rendered 900/4680, time remaining: 1m 55s
Rendered 901/4680, time remaining: 1m 54s
Rendered 902/4680, time remaining: 1m 55s
Rendered 903/4680, time remaining: 1m 58s
Rendered 904/4680, time remaining: 1m 57s
Rendered 905/4680, time remaining: 1m 57s
Rendered 906/4680, time remaining: 1m 57s
Rendered 907/4680, time remaining: 1m 56s
Rendered 908/4680, time remaining: 1m 56s
Rendered 909/4680, time remaining: 1m 56s
Rendered 910/4680, time remaining: 1m 56s
Rendered 911/4680, time remaining: 1m 59s
Rendered 912/4680, time remaining: 1m 56s
Rendered 913/4680, time remaining: 1m 55s
Rendered 914/4680, time remaining: 1m 57s
Rendered 915/4680, time remaining: 1m 56s
Rendered 916/4680, time remaining: 1m 56s
Rendered 917/4680, time remaining: 1m 56s
Rendered 918/4680, time remaining: 1m 58s
Rendered 919/4680, time remaining: 1m 56s
Rendered 920/4680, time remaining: 1m 59s
Rendered 921/4680, time remaining: 1m 57s
Rendered 922/4680, time remaining: 1m 56s
Rendered 923/4680, time remaining: 1m 55s
Rendered 924/4680, time remaining: 1m 54s
Rendered 925/4680, time remaining: 1m 56s
Rendered 926/4680, time remaining: 1m 58s
Rendered 927/4680, time remaining: 1m 58s
Rendered 928/4680, time remaining: 1m 57s
Rendered 929/4680, time remaining: 1m 57s
Rendered 930/4680, time remaining: 1m 55s
Rendered 931/4680, time remaining: 1m 58s
Rendered 932/4680, time remaining: 1m 58s
Rendered 933/4680, time remaining: 2m 0s
Rendered 934/4680, time remaining: 1m 59s
Rendered 935/4680, time remaining: 1m 59s
Rendered 936/4680, time remaining: 1m 57s
Rendered 937/4680, time remaining: 1m 57s
Rendered 938/4680, time remaining: 1m 59s
Rendered 939/4680, time remaining: 1m 59s
Rendered 940/4680, time remaining: 1m 58s
Rendered 941/4680, time remaining: 2m 1s
Rendered 942/4680, time remaining: 2m 1s
Rendered 943/4680, time remaining: 2m 0s
Rendered 944/4680, time remaining: 2m 1s
Rendered 945/4680, time remaining: 2m 1s
Rendered 946/4680, time remaining: 1m 59s
Rendered 947/4680, time remaining: 1m 59s
Rendered 948/4680, time remaining: 2m 1s
Rendered 949/4680, time remaining: 2m 3s
Rendered 950/4680, time remaining: 2m 3s
Rendered 951/4680, time remaining: 2m 3s
Rendered 952/4680, time remaining: 2m 0s
Rendered 953/4680, time remaining: 2m 0s
Rendered 954/4680, time remaining: 1m 59s
Rendered 955/4680, time remaining: 1m 59s
Rendered 956/4680, time remaining: 1m 59s
Rendered 957/4680, time remaining: 2m 3s
Rendered 958/4680, time remaining: 2m 1s
Rendered 959/4680, time remaining: 2m 0s
Rendered 960/4680, time remaining: 2m 2s
Rendered 961/4680, time remaining: 2m 2s
Rendered 962/4680, time remaining: 2m 2s
Rendered 963/4680, time remaining: 1m 59s
Rendered 964/4680, time remaining: 1m 59s
Rendered 965/4680, time remaining: 2m 1s
Rendered 966/4680, time remaining: 2m 1s
Rendered 967/4680, time remaining: 2m 1s
Rendered 968/4680, time remaining: 2m 0s
Rendered 969/4680, time remaining: 2m 2s
Rendered 970/4680, time remaining: 2m 2s
Rendered 971/4680, time remaining: 2m 2s
Rendered 972/4680, time remaining: 2m 2s
Rendered 973/4680, time remaining: 2m 1s
Rendered 974/4680, time remaining: 2m 1s
Rendered 975/4680, time remaining: 2m 1s
Rendered 976/4680, time remaining: 2m 1s
Rendered 977/4680, time remaining: 2m 2s
Rendered 978/4680, time remaining: 2m 2s
Rendered 979/4680, time remaining: 2m 2s
Rendered 980/4680, time remaining: 2m 1s
Rendered 981/4680, time remaining: 2m 3s
Rendered 982/4680, time remaining: 2m 3s
Rendered 983/4680, time remaining: 2m 3s
Rendered 984/4680, time remaining: 1m 59s
Rendered 985/4680, time remaining: 2m 0s
Rendered 986/4680, time remaining: 2m 0s
Rendered 987/4680, time remaining: 1m 59s
Rendered 988/4680, time remaining: 2m 3s
Rendered 989/4680, time remaining: 2m 3s
Rendered 990/4680, time remaining: 2m 2s
Rendered 991/4680, time remaining: 2m 3s
Rendered 992/4680, time remaining: 1m 59s
Rendered 993/4680, time remaining: 1m 59s
Rendered 994/4680, time remaining: 1m 58s
Rendered 995/4680, time remaining: 1m 58s
Rendered 996/4680, time remaining: 2m 2s
Rendered 997/4680, time remaining: 2m 2s
Rendered 998/4680, time remaining: 2m 2s
Rendered 999/4680, time remaining: 2m 2s
Rendered 1000/4680, time remaining: 2m 1s
Rendered 1001/4680, time remaining: 1m 59s
Rendered 1002/4680, time remaining: 1m 58s
Rendered 1003/4680, time remaining: 1m 58s
Rendered 1004/4680, time remaining: 2m 1s
Rendered 1005/4680, time remaining: 2m 3s
Rendered 1006/4680, time remaining: 2m 1s
Rendered 1007/4680, time remaining: 2m 1s
Rendered 1008/4680, time remaining: 2m 1s
Rendered 1009/4680, time remaining: 1m 59s
Rendered 1010/4680, time remaining: 1m 59s
Rendered 1011/4680, time remaining: 1m 58s
Rendered 1012/4680, time remaining: 2m 1s
Rendered 1013/4680, time remaining: 2m 1s
Rendered 1014/4680, time remaining: 2m 0s
Rendered 1015/4680, time remaining: 2m 0s
Rendered 1016/4680, time remaining: 2m 1s
Rendered 1017/4680, time remaining: 1m 59s
Rendered 1018/4680, time remaining: 1m 59s
Rendered 1019/4680, time remaining: 1m 59s
Rendered 1020/4680, time remaining: 1m 58s
Rendered 1021/4680, time remaining: 2m 0s
Rendered 1022/4680, time remaining: 2m 1s
Rendered 1023/4680, time remaining: 2m 0s
Rendered 1024/4680, time remaining: 1m 59s
Rendered 1025/4680, time remaining: 1m 59s
Rendered 1026/4680, time remaining: 1m 58s
Rendered 1027/4680, time remaining: 1m 59s
Rendered 1028/4680, time remaining: 2m 1s
Rendered 1029/4680, time remaining: 2m 1s
Rendered 1030/4680, time remaining: 2m 0s
Rendered 1031/4680, time remaining: 1m 58s
Rendered 1032/4680, time remaining: 2m 0s
Rendered 1033/4680, time remaining: 1m 59s
Rendered 1034/4680, time remaining: 1m 59s
Rendered 1035/4680, time remaining: 2m 1s
Rendered 1036/4680, time remaining: 2m 2s
Rendered 1037/4680, time remaining: 2m 1s
Rendered 1038/4680, time remaining: 2m 0s
Rendered 1039/4680, time remaining: 1m 56s
Rendered 1040/4680, time remaining: 1m 58s
Rendered 1041/4680, time remaining: 1m 58s
Rendered 1042/4680, time remaining: 1m 58s
Rendered 1043/4680, time remaining: 2m 0s
Rendered 1044/4680, time remaining: 2m 0s
Rendered 1045/4680, time remaining: 1m 58s
Rendered 1046/4680, time remaining: 1m 58s
Rendered 1047/4680, time remaining: 1m 56s
Rendered 1048/4680, time remaining: 1m 59s
Rendered 1049/4680, time remaining: 1m 59s
Rendered 1050/4680, time remaining: 1m 59s
Rendered 1051/4680, time remaining: 1m 59s
Rendered 1052/4680, time remaining: 2m 0s
Rendered 1053/4680, time remaining: 1m 57s
Rendered 1054/4680, time remaining: 1m 57s
Rendered 1055/4680, time remaining: 1m 55s
Rendered 1056/4680, time remaining: 1m 57s
Rendered 1057/4680, time remaining: 1m 57s
Rendered 1058/4680, time remaining: 1m 58s
Rendered 1059/4680, time remaining: 2m 0s
Rendered 1060/4680, time remaining: 2m 1s
Rendered 1061/4680, time remaining: 1m 58s
Rendered 1062/4680, time remaining: 1m 58s
Rendered 1063/4680, time remaining: 1m 58s
Rendered 1064/4680, time remaining: 1m 58s
Rendered 1065/4680, time remaining: 1m 58s
Rendered 1066/4680, time remaining: 1m 59s
Rendered 1067/4680, time remaining: 1m 59s
Rendered 1068/4680, time remaining: 1m 59s
Rendered 1069/4680, time remaining: 1m 59s
Rendered 1070/4680, time remaining: 1m 56s
Rendered 1071/4680, time remaining: 1m 58s
Rendered 1072/4680, time remaining: 1m 58s
Rendered 1073/4680, time remaining: 1m 58s
Rendered 1074/4680, time remaining: 1m 58s
Rendered 1075/4680, time remaining: 1m 58s
Rendered 1076/4680, time remaining: 1m 57s
Rendered 1077/4680, time remaining: 1m 59s
Rendered 1078/4680, time remaining: 1m 59s
Rendered 1079/4680, time remaining: 1m 59s
Rendered 1080/4680, time remaining: 1m 58s
Rendered 1081/4680, time remaining: 1m 55s
Rendered 1082/4680, time remaining: 1m 56s
Rendered 1083/4680, time remaining: 1m 55s
Rendered 1084/4680, time remaining: 1m 55s
Rendered 1085/4680, time remaining: 1m 57s
Rendered 1086/4680, time remaining: 1m 57s
Rendered 1087/4680, time remaining: 1m 57s
Rendered 1088/4680, time remaining: 1m 55s
Rendered 1089/4680, time remaining: 1m 54s
Rendered 1090/4680, time remaining: 1m 55s
Rendered 1091/4680, time remaining: 1m 53s
Rendered 1092/4680, time remaining: 1m 56s
Rendered 1093/4680, time remaining: 1m 56s
Rendered 1094/4680, time remaining: 1m 53s
Rendered 1095/4680, time remaining: 1m 53s
Rendered 1096/4680, time remaining: 1m 53s
Rendered 1097/4680, time remaining: 1m 53s
Rendered 1098/4680, time remaining: 1m 53s
Rendered 1099/4680, time remaining: 1m 51s
Rendered 1100/4680, time remaining: 1m 53s
Rendered 1101/4680, time remaining: 1m 53s
Rendered 1102/4680, time remaining: 1m 54s
Rendered 1103/4680, time remaining: 1m 54s
Rendered 1104/4680, time remaining: 1m 55s
Rendered 1105/4680, time remaining: 1m 55s
Rendered 1106/4680, time remaining: 1m 54s
Rendered 1107/4680, time remaining: 1m 50s
Rendered 1108/4680, time remaining: 1m 53s
Rendered 1109/4680, time remaining: 1m 54s
Rendered 1110/4680, time remaining: 1m 52s
Rendered 1111/4680, time remaining: 1m 52s
Rendered 1112/4680, time remaining: 1m 53s
Rendered 1113/4680, time remaining: 1m 53s
Rendered 1114/4680, time remaining: 1m 53s
Rendered 1115/4680, time remaining: 1m 52s
Rendered 1116/4680, time remaining: 1m 54s
Rendered 1117/4680, time remaining: 1m 54s
Rendered 1118/4680, time remaining: 1m 54s
Rendered 1119/4680, time remaining: 1m 52s
Rendered 1120/4680, time remaining: 1m 52s
Rendered 1121/4680, time remaining: 1m 52s
Rendered 1122/4680, time remaining: 1m 52s
Rendered 1123/4680, time remaining: 1m 51s
Rendered 1124/4680, time remaining: 1m 52s
Rendered 1125/4680, time remaining: 1m 52s
Rendered 1126/4680, time remaining: 1m 54s
Rendered 1127/4680, time remaining: 1m 52s
Rendered 1128/4680, time remaining: 1m 53s
Rendered 1129/4680, time remaining: 1m 53s
Rendered 1130/4680, time remaining: 1m 53s
Rendered 1131/4680, time remaining: 1m 50s
Rendered 1132/4680, time remaining: 1m 50s
Rendered 1133/4680, time remaining: 1m 52s
Rendered 1134/4680, time remaining: 1m 52s
Rendered 1135/4680, time remaining: 1m 53s
Rendered 1136/4680, time remaining: 1m 53s
Rendered 1137/4680, time remaining: 1m 54s
Rendered 1138/4680, time remaining: 1m 51s
Rendered 1139/4680, time remaining: 1m 52s
Rendered 1140/4680, time remaining: 1m 52s
Rendered 1141/4680, time remaining: 1m 53s
Rendered 1142/4680, time remaining: 1m 52s
Rendered 1143/4680, time remaining: 1m 53s
Rendered 1144/4680, time remaining: 1m 53s
Rendered 1145/4680, time remaining: 1m 55s
Rendered 1146/4680, time remaining: 1m 51s
Rendered 1147/4680, time remaining: 1m 51s
Rendered 1148/4680, time remaining: 1m 53s
Rendered 1149/4680, time remaining: 1m 52s
Rendered 1150/4680, time remaining: 1m 51s
Rendered 1151/4680, time remaining: 1m 51s
Rendered 1152/4680, time remaining: 1m 53s
Rendered 1153/4680, time remaining: 1m 55s
Rendered 1154/4680, time remaining: 1m 52s
Rendered 1155/4680, time remaining: 1m 50s
Rendered 1156/4680, time remaining: 1m 51s
Rendered 1157/4680, time remaining: 1m 52s
Rendered 1158/4680, time remaining: 1m 51s
Rendered 1159/4680, time remaining: 1m 52s
Rendered 1160/4680, time remaining: 1m 53s
Rendered 1161/4680, time remaining: 1m 53s
Rendered 1162/4680, time remaining: 1m 51s
Rendered 1163/4680, time remaining: 1m 51s
Rendered 1164/4680, time remaining: 1m 51s
Rendered 1165/4680, time remaining: 1m 53s
Rendered 1166/4680, time remaining: 1m 53s
Rendered 1167/4680, time remaining: 1m 53s
Rendered 1168/4680, time remaining: 1m 52s
Rendered 1169/4680, time remaining: 1m 53s
Rendered 1170/4680, time remaining: 1m 51s
Rendered 1171/4680, time remaining: 1m 50s
Rendered 1172/4680, time remaining: 1m 50s
Rendered 1173/4680, time remaining: 1m 51s
Rendered 1174/4680, time remaining: 1m 51s
Rendered 1175/4680, time remaining: 1m 52s
Rendered 1176/4680, time remaining: 1m 52s
Rendered 1177/4680, time remaining: 1m 52s
Rendered 1178/4680, time remaining: 1m 50s
Rendered 1179/4680, time remaining: 1m 50s
Rendered 1180/4680, time remaining: 1m 51s
Rendered 1181/4680, time remaining: 1m 51s
Rendered 1182/4680, time remaining: 1m 50s
Rendered 1183/4680, time remaining: 1m 52s
Rendered 1184/4680, time remaining: 1m 52s
Rendered 1185/4680, time remaining: 1m 50s
Rendered 1186/4680, time remaining: 1m 49s
Rendered 1187/4680, time remaining: 1m 51s
Rendered 1188/4680, time remaining: 1m 51s
Rendered 1189/4680, time remaining: 1m 51s
Rendered 1190/4680, time remaining: 1m 52s
Rendered 1191/4680, time remaining: 1m 52s
Rendered 1192/4680, time remaining: 1m 52s
Rendered 1193/4680, time remaining: 1m 51s
Rendered 1194/4680, time remaining: 1m 51s
Rendered 1195/4680, time remaining: 1m 51s
Rendered 1196/4680, time remaining: 1m 51s
Rendered 1197/4680, time remaining: 1m 51s
Rendered 1198/4680, time remaining: 1m 50s
Rendered 1199/4680, time remaining: 1m 50s
Rendered 1200/4680, time remaining: 1m 52s
Rendered 1201/4680, time remaining: 1m 52s
Rendered 1202/4680, time remaining: 1m 50s
Rendered 1203/4680, time remaining: 1m 52s
Rendered 1204/4680, time remaining: 1m 52s
Rendered 1205/4680, time remaining: 1m 52s
Rendered 1206/4680, time remaining: 1m 50s
Rendered 1207/4680, time remaining: 1m 50s
Rendered 1208/4680, time remaining: 1m 51s
Rendered 1209/4680, time remaining: 1m 50s
Rendered 1210/4680, time remaining: 1m 49s
Rendered 1211/4680, time remaining: 1m 49s
Rendered 1212/4680, time remaining: 1m 50s
Rendered 1213/4680, time remaining: 1m 50s
Rendered 1214/4680, time remaining: 1m 50s
Rendered 1215/4680, time remaining: 1m 51s
Rendered 1216/4680, time remaining: 1m 51s
Rendered 1217/4680, time remaining: 1m 50s
Rendered 1218/4680, time remaining: 1m 48s
Rendered 1219/4680, time remaining: 1m 48s
Rendered 1220/4680, time remaining: 1m 50s
Rendered 1221/4680, time remaining: 1m 48s
Rendered 1222/4680, time remaining: 1m 49s
Rendered 1223/4680, time remaining: 1m 52s
Rendered 1224/4680, time remaining: 1m 52s
Rendered 1225/4680, time remaining: 1m 50s
Rendered 1226/4680, time remaining: 1m 50s
Rendered 1227/4680, time remaining: 1m 49s
Rendered 1228/4680, time remaining: 1m 50s
Rendered 1229/4680, time remaining: 1m 50s
Rendered 1230/4680, time remaining: 1m 50s
Rendered 1231/4680, time remaining: 1m 52s
Rendered 1232/4680, time remaining: 1m 51s
Rendered 1233/4680, time remaining: 1m 49s
Rendered 1234/4680, time remaining: 1m 52s
Rendered 1235/4680, time remaining: 1m 50s
Rendered 1236/4680, time remaining: 1m 50s
Rendered 1237/4680, time remaining: 1m 51s
Rendered 1238/4680, time remaining: 1m 51s
Rendered 1239/4680, time remaining: 1m 51s
Rendered 1240/4680, time remaining: 1m 50s
Rendered 1241/4680, time remaining: 1m 50s
Rendered 1242/4680, time remaining: 1m 51s
Rendered 1243/4680, time remaining: 1m 51s
Rendered 1244/4680, time remaining: 1m 51s
Rendered 1245/4680, time remaining: 1m 51s
Rendered 1246/4680, time remaining: 1m 52s
Rendered 1247/4680, time remaining: 1m 51s
Rendered 1248/4680, time remaining: 1m 50s
Rendered 1249/4680, time remaining: 1m 50s
Rendered 1250/4680, time remaining: 1m 50s
Rendered 1251/4680, time remaining: 1m 50s
Rendered 1252/4680, time remaining: 1m 50s
Rendered 1253/4680, time remaining: 1m 49s
Rendered 1254/4680, time remaining: 1m 48s
Rendered 1255/4680, time remaining: 1m 50s
Rendered 1256/4680, time remaining: 1m 51s
Rendered 1257/4680, time remaining: 1m 51s
Rendered 1258/4680, time remaining: 1m 50s
Rendered 1259/4680, time remaining: 1m 50s
Rendered 1260/4680, time remaining: 1m 50s
Rendered 1261/4680, time remaining: 1m 50s
Rendered 1262/4680, time remaining: 1m 48s
Rendered 1263/4680, time remaining: 1m 49s
Rendered 1264/4680, time remaining: 1m 50s
Rendered 1265/4680, time remaining: 1m 50s
Rendered 1266/4680, time remaining: 1m 50s
Rendered 1267/4680, time remaining: 1m 51s
Rendered 1268/4680, time remaining: 1m 48s
Rendered 1269/4680, time remaining: 1m 48s
Rendered 1270/4680, time remaining: 1m 48s
Rendered 1271/4680, time remaining: 1m 50s
Rendered 1272/4680, time remaining: 1m 50s
Rendered 1273/4680, time remaining: 1m 50s
Rendered 1274/4680, time remaining: 1m 51s
Rendered 1275/4680, time remaining: 1m 51s
Rendered 1276/4680, time remaining: 1m 48s
Rendered 1277/4680, time remaining: 1m 48s
Rendered 1278/4680, time remaining: 1m 47s
Rendered 1279/4680, time remaining: 1m 50s
Rendered 1280/4680, time remaining: 1m 49s
Rendered 1281/4680, time remaining: 1m 49s
Rendered 1282/4680, time remaining: 1m 49s
Rendered 1283/4680, time remaining: 1m 48s
Rendered 1284/4680, time remaining: 1m 48s
Rendered 1285/4680, time remaining: 1m 46s
Rendered 1286/4680, time remaining: 1m 46s
Rendered 1287/4680, time remaining: 1m 49s
Rendered 1288/4680, time remaining: 1m 48s
Rendered 1289/4680, time remaining: 1m 47s
Rendered 1290/4680, time remaining: 1m 48s
Rendered 1291/4680, time remaining: 1m 47s
Rendered 1292/4680, time remaining: 1m 47s
Rendered 1293/4680, time remaining: 1m 48s
Rendered 1294/4680, time remaining: 1m 48s
Rendered 1295/4680, time remaining: 1m 45s
Rendered 1296/4680, time remaining: 1m 46s
Rendered 1297/4680, time remaining: 1m 46s
Rendered 1298/4680, time remaining: 1m 46s
Rendered 1299/4680, time remaining: 1m 47s
Rendered 1300/4680, time remaining: 1m 48s
Rendered 1301/4680, time remaining: 1m 48s
Rendered 1302/4680, time remaining: 1m 47s
Rendered 1303/4680, time remaining: 1m 47s
Rendered 1304/4680, time remaining: 1m 47s
Rendered 1305/4680, time remaining: 1m 47s
Rendered 1306/4680, time remaining: 1m 46s
Rendered 1307/4680, time remaining: 1m 45s
Rendered 1308/4680, time remaining: 1m 46s
Rendered 1309/4680, time remaining: 1m 46s
Rendered 1310/4680, time remaining: 1m 45s
Rendered 1311/4680, time remaining: 1m 47s
Rendered 1312/4680, time remaining: 1m 46s
Rendered 1313/4680, time remaining: 1m 46s
Rendered 1314/4680, time remaining: 1m 46s
Rendered 1315/4680, time remaining: 1m 44s
Rendered 1316/4680, time remaining: 1m 44s
Rendered 1317/4680, time remaining: 1m 45s
Rendered 1318/4680, time remaining: 1m 45s
Rendered 1319/4680, time remaining: 1m 48s
Rendered 1320/4680, time remaining: 1m 47s
Rendered 1321/4680, time remaining: 1m 47s
Rendered 1322/4680, time remaining: 1m 47s
Rendered 1323/4680, time remaining: 1m 45s
Rendered 1324/4680, time remaining: 1m 45s
Rendered 1325/4680, time remaining: 1m 44s
Rendered 1326/4680, time remaining: 1m 46s
Rendered 1327/4680, time remaining: 1m 48s
Rendered 1328/4680, time remaining: 1m 48s
Rendered 1329/4680, time remaining: 1m 47s
Rendered 1330/4680, time remaining: 1m 46s
Rendered 1331/4680, time remaining: 1m 46s
Rendered 1332/4680, time remaining: 1m 45s
Rendered 1333/4680, time remaining: 1m 43s
Rendered 1334/4680, time remaining: 1m 44s
Rendered 1335/4680, time remaining: 1m 48s
Rendered 1336/4680, time remaining: 1m 48s
Rendered 1337/4680, time remaining: 1m 47s
Rendered 1338/4680, time remaining: 1m 47s
Rendered 1339/4680, time remaining: 1m 49s
Rendered 1340/4680, time remaining: 1m 46s
Rendered 1341/4680, time remaining: 1m 46s
Rendered 1342/4680, time remaining: 1m 46s
Rendered 1343/4680, time remaining: 1m 46s
Rendered 1344/4680, time remaining: 1m 45s
Rendered 1345/4680, time remaining: 1m 47s
Rendered 1346/4680, time remaining: 1m 47s
Rendered 1347/4680, time remaining: 1m 47s
Rendered 1348/4680, time remaining: 1m 45s
Rendered 1349/4680, time remaining: 1m 46s
Rendered 1350/4680, time remaining: 1m 44s
Rendered 1351/4680, time remaining: 1m 45s
Rendered 1352/4680, time remaining: 1m 47s
Rendered 1353/4680, time remaining: 1m 45s
Rendered 1354/4680, time remaining: 1m 46s
Rendered 1355/4680, time remaining: 1m 46s
Rendered 1356/4680, time remaining: 1m 45s
Rendered 1357/4680, time remaining: 1m 46s
Rendered 1358/4680, time remaining: 1m 45s
Rendered 1359/4680, time remaining: 1m 46s
Rendered 1360/4680, time remaining: 1m 46s
Rendered 1361/4680, time remaining: 1m 46s
Rendered 1362/4680, time remaining: 1m 45s
Rendered 1363/4680, time remaining: 1m 45s
Rendered 1364/4680, time remaining: 1m 45s
Rendered 1365/4680, time remaining: 1m 46s
Rendered 1366/4680, time remaining: 1m 45s
Rendered 1367/4680, time remaining: 1m 46s
Rendered 1368/4680, time remaining: 1m 46s
Rendered 1369/4680, time remaining: 1m 46s
Rendered 1370/4680, time remaining: 1m 45s
Rendered 1371/4680, time remaining: 1m 46s
Rendered 1372/4680, time remaining: 1m 45s
Rendered 1373/4680, time remaining: 1m 45s
Rendered 1374/4680, time remaining: 1m 45s
Rendered 1375/4680, time remaining: 1m 45s
Rendered 1376/4680, time remaining: 1m 44s
Rendered 1377/4680, time remaining: 1m 44s
Rendered 1378/4680, time remaining: 1m 43s
Rendered 1379/4680, time remaining: 1m 43s
Rendered 1380/4680, time remaining: 1m 45s
Rendered 1381/4680, time remaining: 1m 45s
Rendered 1382/4680, time remaining: 1m 45s
Rendered 1383/4680, time remaining: 1m 45s
Rendered 1384/4680, time remaining: 1m 43s
Rendered 1385/4680, time remaining: 1m 43s
Rendered 1386/4680, time remaining: 1m 42s
Rendered 1387/4680, time remaining: 1m 41s
Rendered 1388/4680, time remaining: 1m 43s
Rendered 1389/4680, time remaining: 1m 45s
Rendered 1390/4680, time remaining: 1m 44s
Rendered 1391/4680, time remaining: 1m 45s
Rendered 1392/4680, time remaining: 1m 41s
Rendered 1393/4680, time remaining: 1m 42s
Rendered 1394/4680, time remaining: 1m 42s
Rendered 1395/4680, time remaining: 1m 42s
Rendered 1396/4680, time remaining: 1m 42s
Rendered 1397/4680, time remaining: 1m 42s
Rendered 1398/4680, time remaining: 1m 43s
Rendered 1399/4680, time remaining: 1m 43s
Rendered 1400/4680, time remaining: 1m 41s
Rendered 1401/4680, time remaining: 1m 41s
Rendered 1402/4680, time remaining: 1m 43s
Rendered 1403/4680, time remaining: 1m 43s
Rendered 1404/4680, time remaining: 1m 42s
Rendered 1405/4680, time remaining: 1m 43s
Rendered 1406/4680, time remaining: 1m 42s
Rendered 1407/4680, time remaining: 1m 42s
Rendered 1408/4680, time remaining: 1m 41s
Rendered 1409/4680, time remaining: 1m 41s
Rendered 1410/4680, time remaining: 1m 41s
Rendered 1411/4680, time remaining: 1m 43s
Rendered 1412/4680, time remaining: 1m 43s
Rendered 1413/4680, time remaining: 1m 43s
Rendered 1414/4680, time remaining: 1m 43s
Rendered 1415/4680, time remaining: 1m 44s
Rendered 1416/4680, time remaining: 1m 42s
Rendered 1417/4680, time remaining: 1m 41s
Rendered 1418/4680, time remaining: 1m 41s
Rendered 1419/4680, time remaining: 1m 41s
Rendered 1420/4680, time remaining: 1m 43s
Rendered 1421/4680, time remaining: 1m 41s
Rendered 1422/4680, time remaining: 1m 41s
Rendered 1423/4680, time remaining: 1m 43s
Rendered 1424/4680, time remaining: 1m 42s
Rendered 1425/4680, time remaining: 1m 42s
Rendered 1426/4680, time remaining: 1m 41s
Rendered 1427/4680, time remaining: 1m 41s
Rendered 1428/4680, time remaining: 1m 44s
Rendered 1429/4680, time remaining: 1m 41s
Rendered 1430/4680, time remaining: 1m 41s
Rendered 1431/4680, time remaining: 1m 42s
Rendered 1432/4680, time remaining: 1m 42s
Rendered 1433/4680, time remaining: 1m 41s
Rendered 1434/4680, time remaining: 1m 43s
Rendered 1435/4680, time remaining: 1m 43s
Rendered 1436/4680, time remaining: 1m 44s
Rendered 1437/4680, time remaining: 1m 41s
Rendered 1438/4680, time remaining: 1m 41s
Rendered 1439/4680, time remaining: 1m 42s
Rendered 1440/4680, time remaining: 1m 41s
Rendered 1441/4680, time remaining: 1m 41s
Rendered 1442/4680, time remaining: 1m 43s
Rendered 1443/4680, time remaining: 1m 40s
Rendered 1444/4680, time remaining: 1m 42s
Rendered 1445/4680, time remaining: 1m 42s
Rendered 1446/4680, time remaining: 1m 42s
Rendered 1447/4680, time remaining: 1m 42s
Rendered 1448/4680, time remaining: 1m 42s
Rendered 1449/4680, time remaining: 1m 41s
Rendered 1450/4680, time remaining: 1m 40s
Rendered 1451/4680, time remaining: 1m 40s
Rendered 1452/4680, time remaining: 1m 43s
Rendered 1453/4680, time remaining: 1m 41s
Rendered 1454/4680, time remaining: 1m 41s
Rendered 1455/4680, time remaining: 1m 41s
Rendered 1456/4680, time remaining: 1m 42s
Rendered 1457/4680, time remaining: 1m 42s
Rendered 1458/4680, time remaining: 1m 42s
Rendered 1459/4680, time remaining: 1m 40s
Rendered 1460/4680, time remaining: 1m 42s
Rendered 1461/4680, time remaining: 1m 42s
Rendered 1462/4680, time remaining: 1m 41s
Rendered 1463/4680, time remaining: 1m 41s
Rendered 1464/4680, time remaining: 1m 42s
Rendered 1465/4680, time remaining: 1m 42s
Rendered 1466/4680, time remaining: 1m 42s
Rendered 1467/4680, time remaining: 1m 41s
Rendered 1468/4680, time remaining: 1m 42s
Rendered 1469/4680, time remaining: 1m 39s
Rendered 1470/4680, time remaining: 1m 40s
Rendered 1471/4680, time remaining: 1m 40s
Rendered 1472/4680, time remaining: 1m 42s
Rendered 1473/4680, time remaining: 1m 42s
Rendered 1474/4680, time remaining: 1m 41s
Rendered 1475/4680, time remaining: 1m 43s
Rendered 1476/4680, time remaining: 1m 41s
Rendered 1477/4680, time remaining: 1m 38s
Rendered 1478/4680, time remaining: 1m 39s
Rendered 1479/4680, time remaining: 1m 40s
Rendered 1480/4680, time remaining: 1m 40s
Rendered 1481/4680, time remaining: 1m 41s
Rendered 1482/4680, time remaining: 1m 42s
Rendered 1483/4680, time remaining: 1m 42s
Rendered 1484/4680, time remaining: 1m 40s
Rendered 1485/4680, time remaining: 1m 37s
Rendered 1486/4680, time remaining: 1m 38s
Rendered 1487/4680, time remaining: 1m 38s
Rendered 1488/4680, time remaining: 1m 40s
Rendered 1489/4680, time remaining: 1m 38s
Rendered 1490/4680, time remaining: 1m 40s
Rendered 1491/4680, time remaining: 1m 40s
Rendered 1492/4680, time remaining: 1m 40s
Rendered 1493/4680, time remaining: 1m 38s
Rendered 1494/4680, time remaining: 1m 38s
Rendered 1495/4680, time remaining: 1m 36s
Rendered 1496/4680, time remaining: 1m 39s
Rendered 1497/4680, time remaining: 1m 39s
Rendered 1498/4680, time remaining: 1m 40s
Rendered 1499/4680, time remaining: 1m 39s
Rendered 1500/4680, time remaining: 1m 39s
Rendered 1501/4680, time remaining: 1m 39s
Rendered 1502/4680, time remaining: 1m 38s
Rendered 1503/4680, time remaining: 1m 38s
Rendered 1504/4680, time remaining: 1m 39s
Rendered 1505/4680, time remaining: 1m 39s
Rendered 1506/4680, time remaining: 1m 41s
Rendered 1507/4680, time remaining: 1m 39s
Rendered 1508/4680, time remaining: 1m 39s
Rendered 1509/4680, time remaining: 1m 38s
Rendered 1510/4680, time remaining: 1m 38s
Rendered 1511/4680, time remaining: 1m 38s
Rendered 1512/4680, time remaining: 1m 38s
Rendered 1513/4680, time remaining: 1m 39s
Rendered 1514/4680, time remaining: 1m 39s
Rendered 1515/4680, time remaining: 1m 37s
Rendered 1516/4680, time remaining: 1m 37s
Rendered 1517/4680, time remaining: 1m 38s
Rendered 1518/4680, time remaining: 1m 37s
Rendered 1519/4680, time remaining: 1m 39s
Rendered 1520/4680, time remaining: 1m 39s
Rendered 1521/4680, time remaining: 1m 38s
Rendered 1522/4680, time remaining: 1m 39s
Rendered 1523/4680, time remaining: 1m 36s
Rendered 1524/4680, time remaining: 1m 36s
Rendered 1525/4680, time remaining: 1m 38s
Rendered 1526/4680, time remaining: 1m 38s
Rendered 1527/4680, time remaining: 1m 38s
Rendered 1528/4680, time remaining: 1m 38s
Rendered 1529/4680, time remaining: 1m 39s
Rendered 1530/4680, time remaining: 1m 37s
Rendered 1531/4680, time remaining: 1m 36s
Rendered 1532/4680, time remaining: 1m 37s
Rendered 1533/4680, time remaining: 1m 37s
Rendered 1534/4680, time remaining: 1m 36s
Rendered 1535/4680, time remaining: 1m 36s
Rendered 1536/4680, time remaining: 1m 37s
Rendered 1537/4680, time remaining: 1m 39s
Rendered 1538/4680, time remaining: 1m 37s
Rendered 1539/4680, time remaining: 1m 36s
Rendered 1540/4680, time remaining: 1m 36s
Rendered 1541/4680, time remaining: 1m 36s
Rendered 1542/4680, time remaining: 1m 35s
Rendered 1543/4680, time remaining: 1m 36s
Rendered 1544/4680, time remaining: 1m 38s
Rendered 1545/4680, time remaining: 1m 38s
Rendered 1546/4680, time remaining: 1m 36s
Rendered 1547/4680, time remaining: 1m 36s
Rendered 1548/4680, time remaining: 1m 35s
Rendered 1549/4680, time remaining: 1m 36s
Rendered 1550/4680, time remaining: 1m 36s
Rendered 1551/4680, time remaining: 1m 36s
Rendered 1552/4680, time remaining: 1m 37s
Rendered 1553/4680, time remaining: 1m 37s
Rendered 1554/4680, time remaining: 1m 37s
Rendered 1555/4680, time remaining: 1m 35s
Rendered 1556/4680, time remaining: 1m 35s
Rendered 1557/4680, time remaining: 1m 36s
Rendered 1558/4680, time remaining: 1m 36s
Rendered 1559/4680, time remaining: 1m 34s
Rendered 1560/4680, time remaining: 1m 38s
Rendered 1561/4680, time remaining: 1m 36s
Rendered 1562/4680, time remaining: 1m 36s
Rendered 1563/4680, time remaining: 1m 35s
Rendered 1564/4680, time remaining: 1m 35s
Rendered 1565/4680, time remaining: 1m 35s
Rendered 1566/4680, time remaining: 1m 34s
Rendered 1567/4680, time remaining: 1m 34s
Rendered 1568/4680, time remaining: 1m 36s
Rendered 1569/4680, time remaining: 1m 38s
Rendered 1570/4680, time remaining: 1m 36s
Rendered 1571/4680, time remaining: 1m 36s
Rendered 1572/4680, time remaining: 1m 36s
Rendered 1573/4680, time remaining: 1m 35s
Rendered 1574/4680, time remaining: 1m 35s
Rendered 1575/4680, time remaining: 1m 34s
Rendered 1576/4680, time remaining: 1m 36s
Rendered 1577/4680, time remaining: 1m 37s
Rendered 1578/4680, time remaining: 1m 35s
Rendered 1579/4680, time remaining: 1m 35s
Rendered 1580/4680, time remaining: 1m 35s
Rendered 1581/4680, time remaining: 1m 35s
Rendered 1582/4680, time remaining: 1m 35s
Rendered 1583/4680, time remaining: 1m 35s
Rendered 1584/4680, time remaining: 1m 35s
Rendered 1585/4680, time remaining: 1m 37s
Rendered 1586/4680, time remaining: 1m 36s
Rendered 1587/4680, time remaining: 1m 36s
Rendered 1588/4680, time remaining: 1m 36s
Rendered 1589/4680, time remaining: 1m 35s
Rendered 1590/4680, time remaining: 1m 35s
Rendered 1591/4680, time remaining: 1m 36s
Rendered 1592/4680, time remaining: 1m 35s
Rendered 1593/4680, time remaining: 1m 37s
Rendered 1594/4680, time remaining: 1m 37s
Rendered 1595/4680, time remaining: 1m 37s
Rendered 1596/4680, time remaining: 1m 36s
Rendered 1597/4680, time remaining: 1m 36s
Rendered 1598/4680, time remaining: 1m 37s
Rendered 1599/4680, time remaining: 1m 36s
Rendered 1600/4680, time remaining: 1m 37s
Rendered 1601/4680, time remaining: 1m 37s
Rendered 1602/4680, time remaining: 1m 36s
Rendered 1603/4680, time remaining: 1m 36s
Rendered 1604/4680, time remaining: 1m 36s
Rendered 1605/4680, time remaining: 1m 37s
Rendered 1606/4680, time remaining: 1m 36s
Rendered 1607/4680, time remaining: 1m 36s
Rendered 1608/4680, time remaining: 1m 36s
Rendered 1609/4680, time remaining: 1m 37s
Rendered 1610/4680, time remaining: 1m 36s
Rendered 1611/4680, time remaining: 1m 35s
Rendered 1612/4680, time remaining: 1m 35s
Rendered 1613/4680, time remaining: 1m 35s
Rendered 1614/4680, time remaining: 1m 35s
Rendered 1615/4680, time remaining: 1m 35s
Rendered 1616/4680, time remaining: 1m 37s
Rendered 1617/4680, time remaining: 1m 38s
Rendered 1618/4680, time remaining: 1m 37s
Rendered 1619/4680, time remaining: 1m 36s
Rendered 1620/4680, time remaining: 1m 36s
Rendered 1621/4680, time remaining: 1m 36s
Rendered 1622/4680, time remaining: 1m 34s
Rendered 1623/4680, time remaining: 1m 34s
Rendered 1624/4680, time remaining: 1m 36s
Rendered 1625/4680, time remaining: 1m 36s
Rendered 1626/4680, time remaining: 1m 36s
Rendered 1627/4680, time remaining: 1m 36s
Rendered 1628/4680, time remaining: 1m 37s
Rendered 1629/4680, time remaining: 1m 35s
Rendered 1630/4680, time remaining: 1m 34s
Rendered 1631/4680, time remaining: 1m 34s
Rendered 1632/4680, time remaining: 1m 35s
Rendered 1633/4680, time remaining: 1m 35s
Rendered 1634/4680, time remaining: 1m 36s
Rendered 1635/4680, time remaining: 1m 36s
Rendered 1636/4680, time remaining: 1m 35s
Rendered 1637/4680, time remaining: 1m 35s
Rendered 1638/4680, time remaining: 1m 34s
Rendered 1639/4680, time remaining: 1m 35s
Rendered 1640/4680, time remaining: 1m 34s
Rendered 1641/4680, time remaining: 1m 34s
Rendered 1642/4680, time remaining: 1m 36s
Rendered 1643/4680, time remaining: 1m 36s
Rendered 1644/4680, time remaining: 1m 36s
Rendered 1645/4680, time remaining: 1m 35s
Rendered 1646/4680, time remaining: 1m 33s
Rendered 1647/4680, time remaining: 1m 34s
Rendered 1648/4680, time remaining: 1m 33s
Rendered 1649/4680, time remaining: 1m 35s
Rendered 1650/4680, time remaining: 1m 35s
Rendered 1651/4680, time remaining: 1m 36s
Rendered 1652/4680, time remaining: 1m 34s
Rendered 1653/4680, time remaining: 1m 34s
Rendered 1654/4680, time remaining: 1m 32s
Rendered 1655/4680, time remaining: 1m 34s
Rendered 1656/4680, time remaining: 1m 34s
Rendered 1657/4680, time remaining: 1m 34s
Rendered 1658/4680, time remaining: 1m 34s
Rendered 1659/4680, time remaining: 1m 33s
Rendered 1660/4680, time remaining: 1m 34s
Rendered 1661/4680, time remaining: 1m 34s
Rendered 1662/4680, time remaining: 1m 34s
Rendered 1663/4680, time remaining: 1m 33s
Rendered 1664/4680, time remaining: 1m 34s
Rendered 1665/4680, time remaining: 1m 34s
Rendered 1666/4680, time remaining: 1m 35s
Rendered 1667/4680, time remaining: 1m 34s
Rendered 1668/4680, time remaining: 1m 34s
Rendered 1669/4680, time remaining: 1m 32s
Rendered 1670/4680, time remaining: 1m 32s
Rendered 1671/4680, time remaining: 1m 33s
Rendered 1672/4680, time remaining: 1m 34s
Rendered 1673/4680, time remaining: 1m 34s
Rendered 1674/4680, time remaining: 1m 35s
Rendered 1675/4680, time remaining: 1m 34s
Rendered 1676/4680, time remaining: 1m 33s
Rendered 1677/4680, time remaining: 1m 33s
Rendered 1678/4680, time remaining: 1m 34s
Rendered 1679/4680, time remaining: 1m 33s
Rendered 1680/4680, time remaining: 1m 33s
Rendered 1681/4680, time remaining: 1m 34s
Rendered 1682/4680, time remaining: 1m 35s
Rendered 1683/4680, time remaining: 1m 35s
Rendered 1684/4680, time remaining: 1m 35s
Rendered 1685/4680, time remaining: 1m 35s
Rendered 1686/4680, time remaining: 1m 33s
Rendered 1687/4680, time remaining: 1m 33s
Rendered 1688/4680, time remaining: 1m 34s
Rendered 1689/4680, time remaining: 1m 34s
Rendered 1690/4680, time remaining: 1m 35s
Rendered 1691/4680, time remaining: 1m 35s
Rendered 1692/4680, time remaining: 1m 35s
Rendered 1693/4680, time remaining: 1m 34s
Rendered 1694/4680, time remaining: 1m 33s
Rendered 1695/4680, time remaining: 1m 33s
Rendered 1696/4680, time remaining: 1m 33s
Rendered 1697/4680, time remaining: 1m 35s
Rendered 1698/4680, time remaining: 1m 36s
Rendered 1699/4680, time remaining: 1m 35s
Rendered 1700/4680, time remaining: 1m 35s
Rendered 1701/4680, time remaining: 1m 35s
Rendered 1702/4680, time remaining: 1m 32s
Rendered 1703/4680, time remaining: 1m 32s
Rendered 1704/4680, time remaining: 1m 33s
Rendered 1705/4680, time remaining: 1m 33s
Rendered 1706/4680, time remaining: 1m 35s
Rendered 1707/4680, time remaining: 1m 34s
Rendered 1708/4680, time remaining: 1m 35s
Rendered 1709/4680, time remaining: 1m 35s
Rendered 1710/4680, time remaining: 1m 32s
Rendered 1711/4680, time remaining: 1m 33s
Rendered 1712/4680, time remaining: 1m 35s
Rendered 1713/4680, time remaining: 1m 34s
Rendered 1714/4680, time remaining: 1m 34s
Rendered 1715/4680, time remaining: 1m 33s
Rendered 1716/4680, time remaining: 1m 33s
Rendered 1717/4680, time remaining: 1m 35s
Rendered 1718/4680, time remaining: 1m 33s
Rendered 1719/4680, time remaining: 1m 32s
Rendered 1720/4680, time remaining: 1m 33s
Rendered 1721/4680, time remaining: 1m 34s
Rendered 1722/4680, time remaining: 1m 34s
Rendered 1723/4680, time remaining: 1m 33s
Rendered 1724/4680, time remaining: 1m 33s
Rendered 1725/4680, time remaining: 1m 34s
Rendered 1726/4680, time remaining: 1m 32s
Rendered 1727/4680, time remaining: 1m 31s
Rendered 1728/4680, time remaining: 1m 34s
Rendered 1729/4680, time remaining: 1m 34s
Rendered 1730/4680, time remaining: 1m 34s
Rendered 1731/4680, time remaining: 1m 32s
Rendered 1732/4680, time remaining: 1m 32s
Rendered 1733/4680, time remaining: 1m 34s
Rendered 1734/4680, time remaining: 1m 33s
Rendered 1735/4680, time remaining: 1m 32s
Rendered 1736/4680, time remaining: 1m 33s
Rendered 1737/4680, time remaining: 1m 32s
Rendered 1738/4680, time remaining: 1m 32s
Rendered 1739/4680, time remaining: 1m 32s
Rendered 1740/4680, time remaining: 1m 32s
Rendered 1741/4680, time remaining: 1m 32s
Rendered 1742/4680, time remaining: 1m 32s
Rendered 1743/4680, time remaining: 1m 32s
Rendered 1744/4680, time remaining: 1m 31s
Rendered 1745/4680, time remaining: 1m 31s
Rendered 1746/4680, time remaining: 1m 31s
Rendered 1747/4680, time remaining: 1m 31s
Rendered 1748/4680, time remaining: 1m 32s
Rendered 1749/4680, time remaining: 1m 32s
Rendered 1750/4680, time remaining: 1m 31s
Rendered 1751/4680, time remaining: 1m 33s
Rendered 1752/4680, time remaining: 1m 31s
Rendered 1753/4680, time remaining: 1m 31s
Rendered 1754/4680, time remaining: 1m 31s
Rendered 1755/4680, time remaining: 1m 30s
Rendered 1756/4680, time remaining: 1m 30s
Rendered 1757/4680, time remaining: 1m 30s
Rendered 1758/4680, time remaining: 1m 32s
Rendered 1759/4680, time remaining: 1m 33s
Rendered 1760/4680, time remaining: 1m 31s
Rendered 1761/4680, time remaining: 1m 32s
Rendered 1762/4680, time remaining: 1m 32s
Rendered 1763/4680, time remaining: 1m 32s
Rendered 1764/4680, time remaining: 1m 31s
Rendered 1765/4680, time remaining: 1m 31s
Rendered 1766/4680, time remaining: 1m 30s
Rendered 1767/4680, time remaining: 1m 31s
Rendered 1768/4680, time remaining: 1m 31s
Rendered 1769/4680, time remaining: 1m 32s
Rendered 1770/4680, time remaining: 1m 31s
Rendered 1771/4680, time remaining: 1m 31s
Rendered 1772/4680, time remaining: 1m 31s
Rendered 1773/4680, time remaining: 1m 31s
Rendered 1774/4680, time remaining: 1m 32s
Rendered 1775/4680, time remaining: 1m 30s
Rendered 1776/4680, time remaining: 1m 31s
Rendered 1777/4680, time remaining: 1m 32s
Rendered 1778/4680, time remaining: 1m 31s
Rendered 1779/4680, time remaining: 1m 32s
Rendered 1780/4680, time remaining: 1m 31s
Rendered 1781/4680, time remaining: 1m 32s
Rendered 1782/4680, time remaining: 1m 30s
Rendered 1783/4680, time remaining: 1m 30s
Rendered 1784/4680, time remaining: 1m 31s
Rendered 1785/4680, time remaining: 1m 31s
Rendered 1786/4680, time remaining: 1m 31s
Rendered 1787/4680, time remaining: 1m 31s
Rendered 1788/4680, time remaining: 1m 31s
Rendered 1789/4680, time remaining: 1m 30s
Rendered 1790/4680, time remaining: 1m 30s
Rendered 1791/4680, time remaining: 1m 31s
Rendered 1792/4680, time remaining: 1m 30s
Rendered 1793/4680, time remaining: 1m 31s
Rendered 1794/4680, time remaining: 1m 31s
Rendered 1795/4680, time remaining: 1m 32s
Rendered 1796/4680, time remaining: 1m 31s
Rendered 1797/4680, time remaining: 1m 30s
Rendered 1798/4680, time remaining: 1m 31s
Rendered 1799/4680, time remaining: 1m 29s
Rendered 1800/4680, time remaining: 1m 31s
Rendered 1801/4680, time remaining: 1m 30s
Rendered 1802/4680, time remaining: 1m 30s
Rendered 1803/4680, time remaining: 1m 31s
Rendered 1804/4680, time remaining: 1m 32s
Rendered 1805/4680, time remaining: 1m 31s
Rendered 1806/4680, time remaining: 1m 29s
Rendered 1807/4680, time remaining: 1m 29s
Rendered 1808/4680, time remaining: 1m 30s
Rendered 1809/4680, time remaining: 1m 30s
Rendered 1810/4680, time remaining: 1m 29s
Rendered 1811/4680, time remaining: 1m 31s
Rendered 1812/4680, time remaining: 1m 31s
Rendered 1813/4680, time remaining: 1m 31s
Rendered 1814/4680, time remaining: 1m 30s
Rendered 1815/4680, time remaining: 1m 30s
Rendered 1816/4680, time remaining: 1m 29s
Rendered 1817/4680, time remaining: 1m 29s
Rendered 1818/4680, time remaining: 1m 30s
Rendered 1819/4680, time remaining: 1m 31s
Rendered 1820/4680, time remaining: 1m 31s
Rendered 1821/4680, time remaining: 1m 32s
Rendered 1822/4680, time remaining: 1m 29s
Rendered 1823/4680, time remaining: 1m 29s
Rendered 1824/4680, time remaining: 1m 28s
Rendered 1825/4680, time remaining: 1m 30s
Rendered 1826/4680, time remaining: 1m 30s
Rendered 1827/4680, time remaining: 1m 30s
Rendered 1828/4680, time remaining: 1m 29s
Rendered 1829/4680, time remaining: 1m 29s
Rendered 1830/4680, time remaining: 1m 29s
Rendered 1831/4680, time remaining: 1m 30s
Rendered 1832/4680, time remaining: 1m 28s
Rendered 1833/4680, time remaining: 1m 29s
Rendered 1834/4680, time remaining: 1m 29s
Rendered 1835/4680, time remaining: 1m 29s
Rendered 1836/4680, time remaining: 1m 29s
Rendered 1837/4680, time remaining: 1m 28s
Rendered 1838/4680, time remaining: 1m 29s
Rendered 1839/4680, time remaining: 1m 29s
Rendered 1840/4680, time remaining: 1m 28s
Rendered 1841/4680, time remaining: 1m 29s
Rendered 1842/4680, time remaining: 1m 29s
Rendered 1843/4680, time remaining: 1m 29s
Rendered 1844/4680, time remaining: 1m 28s
Rendered 1845/4680, time remaining: 1m 28s
Rendered 1846/4680, time remaining: 1m 31s
Rendered 1847/4680, time remaining: 1m 29s
Rendered 1848/4680, time remaining: 1m 29s
Rendered 1849/4680, time remaining: 1m 29s
Rendered 1850/4680, time remaining: 1m 29s
Rendered 1851/4680, time remaining: 1m 29s
Rendered 1852/4680, time remaining: 1m 28s
Rendered 1853/4680, time remaining: 1m 30s
Rendered 1854/4680, time remaining: 1m 30s
Rendered 1855/4680, time remaining: 1m 30s
Rendered 1856/4680, time remaining: 1m 28s
Rendered 1857/4680, time remaining: 1m 29s
Rendered 1858/4680, time remaining: 1m 28s
Rendered 1859/4680, time remaining: 1m 28s
Rendered 1860/4680, time remaining: 1m 29s
Rendered 1861/4680, time remaining: 1m 29s
Rendered 1862/4680, time remaining: 1m 28s
Rendered 1863/4680, time remaining: 1m 28s
Rendered 1864/4680, time remaining: 1m 28s
Rendered 1865/4680, time remaining: 1m 30s
Rendered 1866/4680, time remaining: 1m 29s
Rendered 1867/4680, time remaining: 1m 28s
Rendered 1868/4680, time remaining: 1m 28s
Rendered 1869/4680, time remaining: 1m 28s
Rendered 1870/4680, time remaining: 1m 28s
Rendered 1871/4680, time remaining: 1m 27s
Rendered 1872/4680, time remaining: 1m 29s
Rendered 1873/4680, time remaining: 1m 29s
Rendered 1874/4680, time remaining: 1m 29s
Rendered 1875/4680, time remaining: 1m 28s
Rendered 1876/4680, time remaining: 1m 28s
Rendered 1877/4680, time remaining: 1m 31s
Rendered 1878/4680, time remaining: 1m 28s
Rendered 1879/4680, time remaining: 1m 28s
Rendered 1880/4680, time remaining: 1m 29s
Rendered 1881/4680, time remaining: 1m 29s
Rendered 1882/4680, time remaining: 1m 29s
Rendered 1883/4680, time remaining: 1m 27s
Rendered 1884/4680, time remaining: 1m 28s
Rendered 1885/4680, time remaining: 1m 29s
Rendered 1886/4680, time remaining: 1m 28s
Rendered 1887/4680, time remaining: 1m 28s
Rendered 1888/4680, time remaining: 1m 28s
Rendered 1889/4680, time remaining: 1m 29s
Rendered 1890/4680, time remaining: 1m 29s
Rendered 1891/4680, time remaining: 1m 27s
Rendered 1892/4680, time remaining: 1m 29s
Rendered 1893/4680, time remaining: 1m 28s
Rendered 1894/4680, time remaining: 1m 28s
Rendered 1895/4680, time remaining: 1m 27s
Rendered 1896/4680, time remaining: 1m 29s
Rendered 1897/4680, time remaining: 1m 28s
Rendered 1898/4680, time remaining: 1m 27s
Rendered 1899/4680, time remaining: 1m 27s
Rendered 1900/4680, time remaining: 1m 29s
Rendered 1901/4680, time remaining: 1m 27s
Rendered 1902/4680, time remaining: 1m 27s
Rendered 1903/4680, time remaining: 1m 27s
Rendered 1904/4680, time remaining: 1m 28s
Rendered 1905/4680, time remaining: 1m 28s
Rendered 1906/4680, time remaining: 1m 27s
Rendered 1907/4680, time remaining: 1m 28s
Rendered 1908/4680, time remaining: 1m 29s
Rendered 1909/4680, time remaining: 1m 27s
Rendered 1910/4680, time remaining: 1m 27s
Rendered 1911/4680, time remaining: 1m 27s
Rendered 1912/4680, time remaining: 1m 26s
Rendered 1913/4680, time remaining: 1m 26s
Rendered 1914/4680, time remaining: 1m 27s
Rendered 1915/4680, time remaining: 1m 28s
Rendered 1916/4680, time remaining: 1m 27s
Rendered 1917/4680, time remaining: 1m 25s
Rendered 1918/4680, time remaining: 1m 27s
Rendered 1919/4680, time remaining: 1m 27s
Rendered 1920/4680, time remaining: 1m 27s
Rendered 1921/4680, time remaining: 1m 27s
Rendered 1922/4680, time remaining: 1m 26s
Rendered 1923/4680, time remaining: 1m 28s
Rendered 1924/4680, time remaining: 1m 26s
Rendered 1925/4680, time remaining: 1m 26s
Rendered 1926/4680, time remaining: 1m 25s
Rendered 1927/4680, time remaining: 1m 25s
Rendered 1928/4680, time remaining: 1m 26s
Rendered 1929/4680, time remaining: 1m 25s
Rendered 1930/4680, time remaining: 1m 26s
Rendered 1931/4680, time remaining: 1m 27s
Rendered 1932/4680, time remaining: 1m 27s
Rendered 1933/4680, time remaining: 1m 27s
Rendered 1934/4680, time remaining: 1m 25s
Rendered 1935/4680, time remaining: 1m 25s
Rendered 1936/4680, time remaining: 1m 27s
Rendered 1937/4680, time remaining: 1m 26s
Rendered 1938/4680, time remaining: 1m 26s
Rendered 1939/4680, time remaining: 1m 27s
Rendered 1940/4680, time remaining: 1m 28s
Rendered 1941/4680, time remaining: 1m 27s
Rendered 1942/4680, time remaining: 1m 26s
Rendered 1943/4680, time remaining: 1m 26s
Rendered 1944/4680, time remaining: 1m 26s
Rendered 1945/4680, time remaining: 1m 25s
Rendered 1946/4680, time remaining: 1m 25s
Rendered 1947/4680, time remaining: 1m 26s
Rendered 1948/4680, time remaining: 1m 27s
Rendered 1949/4680, time remaining: 1m 27s
Rendered 1950/4680, time remaining: 1m 25s
Rendered 1951/4680, time remaining: 1m 25s
Rendered 1952/4680, time remaining: 1m 25s
Rendered 1953/4680, time remaining: 1m 27s
Rendered 1954/4680, time remaining: 1m 25s
Rendered 1955/4680, time remaining: 1m 25s
Rendered 1956/4680, time remaining: 1m 25s
Rendered 1957/4680, time remaining: 1m 27s
Rendered 1958/4680, time remaining: 1m 27s
Rendered 1959/4680, time remaining: 1m 27s
Rendered 1960/4680, time remaining: 1m 26s
Rendered 1961/4680, time remaining: 1m 24s
Rendered 1962/4680, time remaining: 1m 24s
Rendered 1963/4680, time remaining: 1m 25s
Rendered 1964/4680, time remaining: 1m 24s
Rendered 1965/4680, time remaining: 1m 26s
Rendered 1966/4680, time remaining: 1m 26s
Rendered 1967/4680, time remaining: 1m 26s
Rendered 1968/4680, time remaining: 1m 26s
Rendered 1969/4680, time remaining: 1m 26s
Rendered 1970/4680, time remaining: 1m 26s
Rendered 1971/4680, time remaining: 1m 25s
Rendered 1972/4680, time remaining: 1m 25s
Rendered 1973/4680, time remaining: 1m 25s
Rendered 1974/4680, time remaining: 1m 25s
Rendered 1975/4680, time remaining: 1m 25s
Rendered 1976/4680, time remaining: 1m 26s
Rendered 1977/4680, time remaining: 1m 26s
Rendered 1978/4680, time remaining: 1m 26s
Rendered 1979/4680, time remaining: 1m 25s
Rendered 1980/4680, time remaining: 1m 26s
Rendered 1981/4680, time remaining: 1m 24s
Rendered 1982/4680, time remaining: 1m 24s
Rendered 1983/4680, time remaining: 1m 24s
Rendered 1984/4680, time remaining: 1m 26s
Rendered 1985/4680, time remaining: 1m 27s
Rendered 1986/4680, time remaining: 1m 27s
Rendered 1987/4680, time remaining: 1m 27s
Rendered 1988/4680, time remaining: 1m 24s
Rendered 1989/4680, time remaining: 1m 24s
Rendered 1990/4680, time remaining: 1m 25s
Rendered 1991/4680, time remaining: 1m 24s
Rendered 1992/4680, time remaining: 1m 25s
Rendered 1993/4680, time remaining: 1m 27s
Rendered 1994/4680, time remaining: 1m 27s
Rendered 1995/4680, time remaining: 1m 26s
Rendered 1996/4680, time remaining: 1m 23s
Rendered 1997/4680, time remaining: 1m 24s
Rendered 1998/4680, time remaining: 1m 24s
Rendered 1999/4680, time remaining: 1m 23s
Rendered 2000/4680, time remaining: 1m 24s
Rendered 2001/4680, time remaining: 1m 26s
Rendered 2002/4680, time remaining: 1m 27s
Rendered 2003/4680, time remaining: 1m 26s
Rendered 2004/4680, time remaining: 1m 25s
Rendered 2005/4680, time remaining: 1m 25s
Rendered 2006/4680, time remaining: 1m 24s
Rendered 2007/4680, time remaining: 1m 24s
Rendered 2008/4680, time remaining: 1m 26s
Rendered 2009/4680, time remaining: 1m 27s
Rendered 2010/4680, time remaining: 1m 26s
Rendered 2011/4680, time remaining: 1m 24s
Rendered 2012/4680, time remaining: 1m 24s
Rendered 2013/4680, time remaining: 1m 25s
Rendered 2014/4680, time remaining: 1m 25s
Rendered 2015/4680, time remaining: 1m 23s
Rendered 2016/4680, time remaining: 1m 25s
Rendered 2017/4680, time remaining: 1m 26s
Rendered 2018/4680, time remaining: 1m 26s
Rendered 2019/4680, time remaining: 1m 26s
Rendered 2020/4680, time remaining: 1m 24s
Rendered 2021/4680, time remaining: 1m 26s
Rendered 2022/4680, time remaining: 1m 24s
Rendered 2023/4680, time remaining: 1m 24s
Rendered 2024/4680, time remaining: 1m 24s
Rendered 2025/4680, time remaining: 1m 24s
Rendered 2026/4680, time remaining: 1m 24s
Rendered 2027/4680, time remaining: 1m 24s
Rendered 2028/4680, time remaining: 1m 24s
Rendered 2029/4680, time remaining: 1m 24s
Rendered 2030/4680, time remaining: 1m 24s
Rendered 2031/4680, time remaining: 1m 24s
Rendered 2032/4680, time remaining: 1m 24s
Rendered 2033/4680, time remaining: 1m 26s
Rendered 2034/4680, time remaining: 1m 24s
Rendered 2035/4680, time remaining: 1m 23s
Rendered 2036/4680, time remaining: 1m 23s
Rendered 2037/4680, time remaining: 1m 24s
Rendered 2038/4680, time remaining: 1m 23s
Rendered 2039/4680, time remaining: 1m 23s
Rendered 2040/4680, time remaining: 1m 23s
Rendered 2041/4680, time remaining: 1m 25s
Rendered 2042/4680, time remaining: 1m 24s
Rendered 2043/4680, time remaining: 1m 22s
Rendered 2044/4680, time remaining: 1m 23s
Rendered 2045/4680, time remaining: 1m 23s
Rendered 2046/4680, time remaining: 1m 23s
Rendered 2047/4680, time remaining: 1m 23s
Rendered 2048/4680, time remaining: 1m 23s
Rendered 2049/4680, time remaining: 1m 24s
Rendered 2050/4680, time remaining: 1m 22s
Rendered 2051/4680, time remaining: 1m 23s
Rendered 2052/4680, time remaining: 1m 23s
Rendered 2053/4680, time remaining: 1m 23s
Rendered 2054/4680, time remaining: 1m 23s
Rendered 2055/4680, time remaining: 1m 23s
Rendered 2056/4680, time remaining: 1m 23s
Rendered 2057/4680, time remaining: 1m 23s
Rendered 2058/4680, time remaining: 1m 22s
Rendered 2059/4680, time remaining: 1m 22s
Rendered 2060/4680, time remaining: 1m 21s
Rendered 2061/4680, time remaining: 1m 22s
Rendered 2062/4680, time remaining: 1m 22s
Rendered 2063/4680, time remaining: 1m 22s
Rendered 2064/4680, time remaining: 1m 22s
Rendered 2065/4680, time remaining: 1m 21s
Rendered 2066/4680, time remaining: 1m 21s
Rendered 2067/4680, time remaining: 1m 21s
Rendered 2068/4680, time remaining: 1m 19s
Rendered 2069/4680, time remaining: 1m 18s
Rendered 2070/4680, time remaining: 1m 18s
Rendered 2071/4680, time remaining: 1m 18s
Rendered 2072/4680, time remaining: 1m 18s
Rendered 2073/4680, time remaining: 1m 17s
Rendered 2074/4680, time remaining: 1m 17s
Rendered 2075/4680, time remaining: 1m 17s
Rendered 2076/4680, time remaining: 1m 17s
Rendered 2077/4680, time remaining: 1m 16s
Rendered 2078/4680, time remaining: 1m 15s
Rendered 2079/4680, time remaining: 1m 16s
Rendered 2080/4680, time remaining: 1m 16s
Rendered 2081/4680, time remaining: 1m 14s
Rendered 2082/4680, time remaining: 1m 16s
Rendered 2083/4680, time remaining: 1m 16s
Rendered 2084/4680, time remaining: 1m 15s
Rendered 2085/4680, time remaining: 1m 15s
Rendered 2086/4680, time remaining: 1m 16s
Rendered 2087/4680, time remaining: 1m 16s
Rendered 2088/4680, time remaining: 1m 16s
Rendered 2089/4680, time remaining: 1m 14s
Rendered 2090/4680, time remaining: 1m 14s
Rendered 2091/4680, time remaining: 1m 14s
Rendered 2092/4680, time remaining: 1m 13s
Rendered 2093/4680, time remaining: 1m 13s
Rendered 2094/4680, time remaining: 1m 15s
Rendered 2095/4680, time remaining: 1m 16s
Rendered 2096/4680, time remaining: 1m 16s
Rendered 2097/4680, time remaining: 1m 15s
Rendered 2098/4680, time remaining: 1m 13s
Rendered 2099/4680, time remaining: 1m 13s
Rendered 2100/4680, time remaining: 1m 14s
Rendered 2101/4680, time remaining: 1m 15s
Rendered 2102/4680, time remaining: 1m 16s
Rendered 2103/4680, time remaining: 1m 14s
Rendered 2104/4680, time remaining: 1m 14s
Rendered 2105/4680, time remaining: 1m 14s
Rendered 2106/4680, time remaining: 1m 14s
Rendered 2107/4680, time remaining: 1m 12s
Rendered 2108/4680, time remaining: 1m 13s
Rendered 2109/4680, time remaining: 1m 13s
Rendered 2110/4680, time remaining: 1m 16s
Rendered 2111/4680, time remaining: 1m 16s
Rendered 2112/4680, time remaining: 1m 16s
Rendered 2113/4680, time remaining: 1m 15s
Rendered 2114/4680, time remaining: 1m 16s
Rendered 2115/4680, time remaining: 1m 14s
Rendered 2116/4680, time remaining: 1m 14s
Rendered 2117/4680, time remaining: 1m 14s
Rendered 2118/4680, time remaining: 1m 14s
Rendered 2119/4680, time remaining: 1m 13s
Rendered 2120/4680, time remaining: 1m 15s
Rendered 2121/4680, time remaining: 1m 15s
Rendered 2122/4680, time remaining: 1m 15s
Rendered 2123/4680, time remaining: 1m 15s
Rendered 2124/4680, time remaining: 1m 15s
Rendered 2125/4680, time remaining: 1m 13s
Rendered 2126/4680, time remaining: 1m 12s
Rendered 2127/4680, time remaining: 1m 12s
Rendered 2128/4680, time remaining: 1m 14s
Rendered 2129/4680, time remaining: 1m 14s
Rendered 2130/4680, time remaining: 1m 15s
Rendered 2131/4680, time remaining: 1m 15s
Rendered 2132/4680, time remaining: 1m 14s
Rendered 2133/4680, time remaining: 1m 13s
Rendered 2134/4680, time remaining: 1m 14s
Rendered 2135/4680, time remaining: 1m 13s
Rendered 2136/4680, time remaining: 1m 13s
Rendered 2137/4680, time remaining: 1m 14s
Rendered 2138/4680, time remaining: 1m 14s
Rendered 2139/4680, time remaining: 1m 14s
Rendered 2140/4680, time remaining: 1m 14s
Rendered 2141/4680, time remaining: 1m 14s
Rendered 2142/4680, time remaining: 1m 13s
Rendered 2143/4680, time remaining: 1m 12s
Rendered 2144/4680, time remaining: 1m 12s
Rendered 2145/4680, time remaining: 1m 12s
Rendered 2146/4680, time remaining: 1m 14s
Rendered 2147/4680, time remaining: 1m 14s
Rendered 2148/4680, time remaining: 1m 13s
Rendered 2149/4680, time remaining: 1m 14s
Rendered 2150/4680, time remaining: 1m 14s
Rendered 2151/4680, time remaining: 1m 11s
Rendered 2152/4680, time remaining: 1m 11s
Rendered 2153/4680, time remaining: 1m 12s
Rendered 2154/4680, time remaining: 1m 13s
Rendered 2155/4680, time remaining: 1m 13s
Rendered 2156/4680, time remaining: 1m 14s
Rendered 2157/4680, time remaining: 1m 13s
Rendered 2158/4680, time remaining: 1m 11s
Rendered 2159/4680, time remaining: 1m 10s
Rendered 2160/4680, time remaining: 1m 12s
Rendered 2161/4680, time remaining: 1m 12s
Rendered 2162/4680, time remaining: 1m 13s
Rendered 2163/4680, time remaining: 1m 12s
Rendered 2164/4680, time remaining: 1m 13s
Rendered 2165/4680, time remaining: 1m 13s
Rendered 2166/4680, time remaining: 1m 11s
Rendered 2167/4680, time remaining: 1m 10s
Rendered 2168/4680, time remaining: 1m 12s
Rendered 2169/4680, time remaining: 1m 12s
Rendered 2170/4680, time remaining: 1m 12s
Rendered 2171/4680, time remaining: 1m 10s
Rendered 2172/4680, time remaining: 1m 11s
Rendered 2173/4680, time remaining: 1m 11s
Rendered 2174/4680, time remaining: 1m 11s
Rendered 2175/4680, time remaining: 1m 13s
Rendered 2176/4680, time remaining: 1m 13s
Rendered 2177/4680, time remaining: 1m 11s
Rendered 2178/4680, time remaining: 1m 11s
Rendered 2179/4680, time remaining: 1m 11s
Rendered 2180/4680, time remaining: 1m 10s
Rendered 2181/4680, time remaining: 1m 11s
Rendered 2182/4680, time remaining: 1m 11s
Rendered 2183/4680, time remaining: 1m 10s
Rendered 2184/4680, time remaining: 1m 11s
Rendered 2185/4680, time remaining: 1m 12s
Rendered 2186/4680, time remaining: 1m 12s
Rendered 2187/4680, time remaining: 1m 11s
Rendered 2188/4680, time remaining: 1m 11s
Rendered 2189/4680, time remaining: 1m 11s
Rendered 2190/4680, time remaining: 1m 13s
Rendered 2191/4680, time remaining: 1m 11s
Rendered 2192/4680, time remaining: 1m 10s
Rendered 2193/4680, time remaining: 1m 12s
Rendered 2194/4680, time remaining: 1m 11s
Rendered 2195/4680, time remaining: 1m 11s
Rendered 2196/4680, time remaining: 1m 11s
Rendered 2197/4680, time remaining: 1m 11s
Rendered 2198/4680, time remaining: 1m 11s
Rendered 2199/4680, time remaining: 1m 11s
Rendered 2200/4680, time remaining: 1m 11s
Rendered 2201/4680, time remaining: 1m 11s
Rendered 2202/4680, time remaining: 1m 11s
Rendered 2203/4680, time remaining: 1m 11s
Rendered 2204/4680, time remaining: 1m 10s
Rendered 2205/4680, time remaining: 1m 11s
Rendered 2206/4680, time remaining: 1m 11s
Rendered 2207/4680, time remaining: 1m 12s
Rendered 2208/4680, time remaining: 1m 11s
Rendered 2209/4680, time remaining: 1m 11s
Rendered 2210/4680, time remaining: 1m 12s
Rendered 2211/4680, time remaining: 1m 12s
Rendered 2212/4680, time remaining: 1m 11s
Rendered 2213/4680, time remaining: 1m 12s
Rendered 2214/4680, time remaining: 1m 13s
Rendered 2215/4680, time remaining: 1m 13s
Rendered 2216/4680, time remaining: 1m 12s
Rendered 2217/4680, time remaining: 1m 12s
Rendered 2218/4680, time remaining: 1m 13s
Rendered 2219/4680, time remaining: 1m 14s
Rendered 2220/4680, time remaining: 1m 14s
Rendered 2221/4680, time remaining: 1m 15s
Rendered 2222/4680, time remaining: 1m 15s
Rendered 2223/4680, time remaining: 1m 15s
Rendered 2224/4680, time remaining: 1m 15s
Rendered 2225/4680, time remaining: 1m 15s
Rendered 2226/4680, time remaining: 1m 16s
Rendered 2227/4680, time remaining: 1m 17s
Rendered 2228/4680, time remaining: 1m 17s
Rendered 2229/4680, time remaining: 1m 16s
Rendered 2230/4680, time remaining: 1m 16s
Rendered 2231/4680, time remaining: 1m 18s
Rendered 2232/4680, time remaining: 1m 16s
Rendered 2233/4680, time remaining: 1m 15s
Rendered 2234/4680, time remaining: 1m 17s
Rendered 2235/4680, time remaining: 1m 17s
Rendered 2236/4680, time remaining: 1m 15s
Rendered 2237/4680, time remaining: 1m 15s
Rendered 2238/4680, time remaining: 1m 16s
Rendered 2239/4680, time remaining: 1m 16s
Rendered 2240/4680, time remaining: 1m 15s
Rendered 2241/4680, time remaining: 1m 15s
Rendered 2242/4680, time remaining: 1m 17s
Rendered 2243/4680, time remaining: 1m 18s
Rendered 2244/4680, time remaining: 1m 16s
Rendered 2245/4680, time remaining: 1m 16s
Rendered 2246/4680, time remaining: 1m 16s
Rendered 2247/4680, time remaining: 1m 16s
Rendered 2248/4680, time remaining: 1m 16s
Rendered 2249/4680, time remaining: 1m 17s
Rendered 2250/4680, time remaining: 1m 17s
Rendered 2251/4680, time remaining: 1m 16s
Rendered 2252/4680, time remaining: 1m 15s
Rendered 2253/4680, time remaining: 1m 16s
Rendered 2254/4680, time remaining: 1m 16s
Rendered 2255/4680, time remaining: 1m 16s
Rendered 2256/4680, time remaining: 1m 16s
Rendered 2257/4680, time remaining: 1m 17s
Rendered 2258/4680, time remaining: 1m 16s
Rendered 2259/4680, time remaining: 1m 18s
Rendered 2260/4680, time remaining: 1m 15s
Rendered 2261/4680, time remaining: 1m 15s
Rendered 2262/4680, time remaining: 1m 15s
Rendered 2263/4680, time remaining: 1m 15s
Rendered 2264/4680, time remaining: 1m 14s
Rendered 2265/4680, time remaining: 1m 15s
Rendered 2266/4680, time remaining: 1m 16s
Rendered 2267/4680, time remaining: 1m 17s
Rendered 2268/4680, time remaining: 1m 16s
Rendered 2269/4680, time remaining: 1m 16s
Rendered 2270/4680, time remaining: 1m 14s
Rendered 2271/4680, time remaining: 1m 15s
Rendered 2272/4680, time remaining: 1m 14s
Rendered 2273/4680, time remaining: 1m 15s
Rendered 2274/4680, time remaining: 1m 15s
Rendered 2275/4680, time remaining: 1m 17s
Rendered 2276/4680, time remaining: 1m 17s
Rendered 2277/4680, time remaining: 1m 16s
Rendered 2278/4680, time remaining: 1m 15s
Rendered 2279/4680, time remaining: 1m 15s
Rendered 2280/4680, time remaining: 1m 14s
Rendered 2281/4680, time remaining: 1m 16s
Rendered 2282/4680, time remaining: 1m 16s
Rendered 2283/4680, time remaining: 1m 16s
Rendered 2284/4680, time remaining: 1m 14s
Rendered 2285/4680, time remaining: 1m 14s
Rendered 2286/4680, time remaining: 1m 14s
Rendered 2287/4680, time remaining: 1m 14s
Rendered 2288/4680, time remaining: 1m 15s
Rendered 2289/4680, time remaining: 1m 16s
Rendered 2290/4680, time remaining: 1m 15s
Rendered 2291/4680, time remaining: 1m 15s
Rendered 2292/4680, time remaining: 1m 14s
Rendered 2293/4680, time remaining: 1m 14s
Rendered 2294/4680, time remaining: 1m 14s
Rendered 2295/4680, time remaining: 1m 15s
Rendered 2296/4680, time remaining: 1m 14s
Rendered 2297/4680, time remaining: 1m 15s
Rendered 2298/4680, time remaining: 1m 15s
Rendered 2299/4680, time remaining: 1m 15s
Rendered 2300/4680, time remaining: 1m 14s
Rendered 2301/4680, time remaining: 1m 14s
Rendered 2302/4680, time remaining: 1m 15s
Rendered 2303/4680, time remaining: 1m 14s
Rendered 2304/4680, time remaining: 1m 12s
Rendered 2305/4680, time remaining: 1m 15s
Rendered 2306/4680, time remaining: 1m 14s
Rendered 2307/4680, time remaining: 1m 14s
Rendered 2308/4680, time remaining: 1m 15s
Rendered 2309/4680, time remaining: 1m 16s
Rendered 2310/4680, time remaining: 1m 15s
Rendered 2311/4680, time remaining: 1m 15s
Rendered 2312/4680, time remaining: 1m 13s
Rendered 2313/4680, time remaining: 1m 13s
Rendered 2314/4680, time remaining: 1m 14s
Rendered 2315/4680, time remaining: 1m 14s
Rendered 2316/4680, time remaining: 1m 15s
Rendered 2317/4680, time remaining: 1m 15s
Rendered 2318/4680, time remaining: 1m 13s
Rendered 2319/4680, time remaining: 1m 14s
Rendered 2320/4680, time remaining: 1m 14s
Rendered 2321/4680, time remaining: 1m 14s
Rendered 2322/4680, time remaining: 1m 14s
Rendered 2323/4680, time remaining: 1m 14s
Rendered 2324/4680, time remaining: 1m 15s
Rendered 2325/4680, time remaining: 1m 14s
Rendered 2326/4680, time remaining: 1m 14s
Rendered 2327/4680, time remaining: 1m 13s
Rendered 2328/4680, time remaining: 1m 13s
Rendered 2329/4680, time remaining: 1m 13s
Rendered 2330/4680, time remaining: 1m 14s
Rendered 2331/4680, time remaining: 1m 13s
Rendered 2332/4680, time remaining: 1m 15s
Rendered 2333/4680, time remaining: 1m 15s
Rendered 2334/4680, time remaining: 1m 14s
Rendered 2335/4680, time remaining: 1m 13s
Rendered 2336/4680, time remaining: 1m 13s
Rendered 2337/4680, time remaining: 1m 13s
Rendered 2338/4680, time remaining: 1m 14s
Rendered 2339/4680, time remaining: 1m 15s
Rendered 2340/4680, time remaining: 1m 14s
Rendered 2341/4680, time remaining: 1m 14s
Rendered 2342/4680, time remaining: 1m 14s
Rendered 2343/4680, time remaining: 1m 13s
Rendered 2344/4680, time remaining: 1m 13s
Rendered 2345/4680, time remaining: 1m 14s
Rendered 2346/4680, time remaining: 1m 13s
Rendered 2347/4680, time remaining: 1m 14s
Rendered 2348/4680, time remaining: 1m 14s
Rendered 2349/4680, time remaining: 1m 14s
Rendered 2350/4680, time remaining: 1m 14s
Rendered 2351/4680, time remaining: 1m 13s
Rendered 2352/4680, time remaining: 1m 13s
Rendered 2353/4680, time remaining: 1m 13s
Rendered 2354/4680, time remaining: 1m 13s
Rendered 2355/4680, time remaining: 1m 14s
Rendered 2356/4680, time remaining: 1m 14s
Rendered 2357/4680, time remaining: 1m 13s
Rendered 2358/4680, time remaining: 1m 13s
Rendered 2359/4680, time remaining: 1m 13s
Rendered 2360/4680, time remaining: 1m 12s
Rendered 2361/4680, time remaining: 1m 14s
Rendered 2362/4680, time remaining: 1m 14s
Rendered 2363/4680, time remaining: 1m 13s
Rendered 2364/4680, time remaining: 1m 13s
Rendered 2365/4680, time remaining: 1m 13s
Rendered 2366/4680, time remaining: 1m 13s
Rendered 2367/4680, time remaining: 1m 13s
Rendered 2368/4680, time remaining: 1m 13s
Rendered 2369/4680, time remaining: 1m 13s
Rendered 2370/4680, time remaining: 1m 13s
Rendered 2371/4680, time remaining: 1m 12s
Rendered 2372/4680, time remaining: 1m 13s
Rendered 2373/4680, time remaining: 1m 13s
Rendered 2374/4680, time remaining: 1m 13s
Rendered 2375/4680, time remaining: 1m 13s
Rendered 2376/4680, time remaining: 1m 12s
Rendered 2377/4680, time remaining: 1m 12s
Rendered 2378/4680, time remaining: 1m 12s
Rendered 2379/4680, time remaining: 1m 13s
Rendered 2380/4680, time remaining: 1m 12s
Rendered 2381/4680, time remaining: 1m 11s
Rendered 2382/4680, time remaining: 1m 11s
Rendered 2383/4680, time remaining: 1m 14s
Rendered 2384/4680, time remaining: 1m 12s
Rendered 2385/4680, time remaining: 1m 12s
Rendered 2386/4680, time remaining: 1m 12s
Rendered 2387/4680, time remaining: 1m 13s
Rendered 2388/4680, time remaining: 1m 12s
Rendered 2389/4680, time remaining: 1m 12s
Rendered 2390/4680, time remaining: 1m 12s
Rendered 2391/4680, time remaining: 1m 14s
Rendered 2392/4680, time remaining: 1m 12s
Rendered 2393/4680, time remaining: 1m 12s
Rendered 2394/4680, time remaining: 1m 13s
Rendered 2395/4680, time remaining: 1m 12s
Rendered 2396/4680, time remaining: 1m 12s
Rendered 2397/4680, time remaining: 1m 12s
Rendered 2398/4680, time remaining: 1m 12s
Rendered 2399/4680, time remaining: 1m 13s
Rendered 2400/4680, time remaining: 1m 12s
Rendered 2401/4680, time remaining: 1m 13s
Rendered 2402/4680, time remaining: 1m 13s
Rendered 2403/4680, time remaining: 1m 12s
Rendered 2404/4680, time remaining: 1m 12s
Rendered 2405/4680, time remaining: 1m 12s
Rendered 2406/4680, time remaining: 1m 12s
Rendered 2407/4680, time remaining: 1m 13s
Rendered 2408/4680, time remaining: 1m 13s
Rendered 2409/4680, time remaining: 1m 12s
Rendered 2410/4680, time remaining: 1m 12s
Rendered 2411/4680, time remaining: 1m 12s
Rendered 2412/4680, time remaining: 1m 12s
Rendered 2413/4680, time remaining: 1m 13s
Rendered 2414/4680, time remaining: 1m 14s
Rendered 2415/4680, time remaining: 1m 13s
Rendered 2416/4680, time remaining: 1m 12s
Rendered 2417/4680, time remaining: 1m 11s
Rendered 2418/4680, time remaining: 1m 11s
Rendered 2419/4680, time remaining: 1m 11s
Rendered 2420/4680, time remaining: 1m 12s
Rendered 2421/4680, time remaining: 1m 12s
Rendered 2422/4680, time remaining: 1m 13s
Rendered 2423/4680, time remaining: 1m 12s
Rendered 2424/4680, time remaining: 1m 12s
Rendered 2425/4680, time remaining: 1m 11s
Rendered 2426/4680, time remaining: 1m 11s
Rendered 2427/4680, time remaining: 1m 12s
Rendered 2428/4680, time remaining: 1m 11s
Rendered 2429/4680, time remaining: 1m 12s
Rendered 2430/4680, time remaining: 1m 12s
Rendered 2431/4680, time remaining: 1m 10s
Rendered 2432/4680, time remaining: 1m 12s
Rendered 2433/4680, time remaining: 1m 12s
Rendered 2434/4680, time remaining: 1m 12s
Rendered 2435/4680, time remaining: 1m 11s
Rendered 2436/4680, time remaining: 1m 12s
Rendered 2437/4680, time remaining: 1m 11s
Rendered 2438/4680, time remaining: 1m 11s
Rendered 2439/4680, time remaining: 1m 11s
Rendered 2440/4680, time remaining: 1m 11s
Rendered 2441/4680, time remaining: 1m 11s
Rendered 2442/4680, time remaining: 1m 11s
Rendered 2443/4680, time remaining: 1m 11s
Rendered 2444/4680, time remaining: 1m 12s
Rendered 2445/4680, time remaining: 1m 11s
Rendered 2446/4680, time remaining: 1m 11s
Rendered 2447/4680, time remaining: 1m 11s
Rendered 2448/4680, time remaining: 1m 10s
Rendered 2449/4680, time remaining: 1m 10s
Rendered 2450/4680, time remaining: 1m 11s
Rendered 2451/4680, time remaining: 1m 12s
Rendered 2452/4680, time remaining: 1m 12s
Rendered 2453/4680, time remaining: 1m 12s
Rendered 2454/4680, time remaining: 1m 12s
Rendered 2455/4680, time remaining: 1m 11s
Rendered 2456/4680, time remaining: 1m 11s
Rendered 2457/4680, time remaining: 1m 11s
Rendered 2458/4680, time remaining: 1m 11s
Rendered 2459/4680, time remaining: 1m 9s
Rendered 2460/4680, time remaining: 1m 9s
Rendered 2461/4680, time remaining: 1m 11s
Rendered 2462/4680, time remaining: 1m 11s
Rendered 2463/4680, time remaining: 1m 12s
Rendered 2464/4680, time remaining: 1m 10s
Rendered 2465/4680, time remaining: 1m 10s
Rendered 2466/4680, time remaining: 1m 9s
Rendered 2467/4680, time remaining: 1m 10s
Rendered 2468/4680, time remaining: 1m 10s
Rendered 2469/4680, time remaining: 1m 11s
Rendered 2470/4680, time remaining: 1m 11s
Rendered 2471/4680, time remaining: 1m 11s
Rendered 2472/4680, time remaining: 1m 10s
Rendered 2473/4680, time remaining: 1m 10s
Rendered 2474/4680, time remaining: 1m 10s
Rendered 2475/4680, time remaining: 1m 10s
Rendered 2476/4680, time remaining: 1m 10s
Rendered 2477/4680, time remaining: 1m 10s
Rendered 2478/4680, time remaining: 1m 10s
Rendered 2479/4680, time remaining: 1m 12s
Rendered 2480/4680, time remaining: 1m 10s
Rendered 2481/4680, time remaining: 1m 10s
Rendered 2482/4680, time remaining: 1m 9s
Rendered 2483/4680, time remaining: 1m 9s
Rendered 2484/4680, time remaining: 1m 9s
Rendered 2485/4680, time remaining: 1m 10s
Rendered 2486/4680, time remaining: 1m 10s
Rendered 2487/4680, time remaining: 1m 10s
Rendered 2488/4680, time remaining: 1m 10s
Rendered 2489/4680, time remaining: 1m 10s
Rendered 2490/4680, time remaining: 1m 9s
Rendered 2491/4680, time remaining: 1m 9s
Rendered 2492/4680, time remaining: 1m 10s
Rendered 2493/4680, time remaining: 1m 10s
Rendered 2494/4680, time remaining: 1m 10s
Rendered 2495/4680, time remaining: 1m 9s
Rendered 2496/4680, time remaining: 1m 10s
Rendered 2497/4680, time remaining: 1m 9s
Rendered 2498/4680, time remaining: 1m 9s
Rendered 2499/4680, time remaining: 1m 8s
Rendered 2500/4680, time remaining: 1m 8s
Rendered 2501/4680, time remaining: 1m 10s
Rendered 2502/4680, time remaining: 1m 10s
Rendered 2503/4680, time remaining: 1m 9s
Rendered 2504/4680, time remaining: 1m 10s
Rendered 2505/4680, time remaining: 1m 9s
Rendered 2506/4680, time remaining: 1m 9s
Rendered 2507/4680, time remaining: 1m 9s
Rendered 2508/4680, time remaining: 1m 8s
Rendered 2509/4680, time remaining: 1m 9s
Rendered 2510/4680, time remaining: 1m 9s
Rendered 2511/4680, time remaining: 1m 8s
Rendered 2512/4680, time remaining: 1m 9s
Rendered 2513/4680, time remaining: 1m 9s
Rendered 2514/4680, time remaining: 1m 9s
Rendered 2515/4680, time remaining: 1m 9s
Rendered 2516/4680, time remaining: 1m 9s
Rendered 2517/4680, time remaining: 1m 9s
Rendered 2518/4680, time remaining: 1m 9s
Rendered 2519/4680, time remaining: 1m 9s
Rendered 2520/4680, time remaining: 1m 9s
Rendered 2521/4680, time remaining: 1m 9s
Rendered 2522/4680, time remaining: 1m 8s
Rendered 2523/4680, time remaining: 1m 8s
Rendered 2524/4680, time remaining: 1m 9s
Rendered 2525/4680, time remaining: 1m 8s
Rendered 2526/4680, time remaining: 1m 8s
Rendered 2527/4680, time remaining: 1m 9s
Rendered 2528/4680, time remaining: 1m 10s
Rendered 2529/4680, time remaining: 1m 9s
Rendered 2530/4680, time remaining: 1m 9s
Rendered 2531/4680, time remaining: 1m 10s
Rendered 2532/4680, time remaining: 1m 10s
Rendered 2533/4680, time remaining: 1m 8s
Rendered 2534/4680, time remaining: 1m 7s
Rendered 2535/4680, time remaining: 1m 9s
Rendered 2536/4680, time remaining: 1m 9s
Rendered 2537/4680, time remaining: 1m 8s
Rendered 2538/4680, time remaining: 1m 9s
Rendered 2539/4680, time remaining: 1m 9s
Rendered 2540/4680, time remaining: 1m 9s
Rendered 2541/4680, time remaining: 1m 7s
Rendered 2542/4680, time remaining: 1m 7s
Rendered 2543/4680, time remaining: 1m 8s
Rendered 2544/4680, time remaining: 1m 7s
Rendered 2545/4680, time remaining: 1m 8s
Rendered 2546/4680, time remaining: 1m 9s
Rendered 2547/4680, time remaining: 1m 9s
Rendered 2548/4680, time remaining: 1m 9s
Rendered 2549/4680, time remaining: 1m 7s
Rendered 2550/4680, time remaining: 1m 7s
Rendered 2551/4680, time remaining: 1m 7s
Rendered 2552/4680, time remaining: 1m 8s
Rendered 2553/4680, time remaining: 1m 8s
Rendered 2554/4680, time remaining: 1m 8s
Rendered 2555/4680, time remaining: 1m 8s
Rendered 2556/4680, time remaining: 1m 9s
Rendered 2557/4680, time remaining: 1m 7s
Rendered 2558/4680, time remaining: 1m 7s
Rendered 2559/4680, time remaining: 1m 7s
Rendered 2560/4680, time remaining: 1m 7s
Rendered 2561/4680, time remaining: 1m 7s
Rendered 2562/4680, time remaining: 1m 8s
Rendered 2563/4680, time remaining: 1m 6s
Rendered 2564/4680, time remaining: 1m 7s
Rendered 2565/4680, time remaining: 1m 7s
Rendered 2566/4680, time remaining: 1m 6s
Rendered 2567/4680, time remaining: 1m 7s
Rendered 2568/4680, time remaining: 1m 8s
Rendered 2569/4680, time remaining: 1m 8s
Rendered 2570/4680, time remaining: 1m 6s
Rendered 2571/4680, time remaining: 1m 7s
Rendered 2572/4680, time remaining: 1m 7s
Rendered 2573/4680, time remaining: 1m 7s
Rendered 2574/4680, time remaining: 1m 7s
Rendered 2575/4680, time remaining: 1m 6s
Rendered 2576/4680, time remaining: 1m 6s
Rendered 2577/4680, time remaining: 1m 6s
Rendered 2578/4680, time remaining: 1m 6s
Rendered 2579/4680, time remaining: 1m 6s
Rendered 2580/4680, time remaining: 1m 6s
Rendered 2581/4680, time remaining: 1m 6s
Rendered 2582/4680, time remaining: 1m 6s
Rendered 2583/4680, time remaining: 1m 7s
Rendered 2584/4680, time remaining: 1m 7s
Rendered 2585/4680, time remaining: 1m 7s
Rendered 2586/4680, time remaining: 1m 6s
Rendered 2587/4680, time remaining: 1m 6s
Rendered 2588/4680, time remaining: 1m 6s
Rendered 2589/4680, time remaining: 1m 5s
Rendered 2590/4680, time remaining: 1m 7s
Rendered 2591/4680, time remaining: 1m 7s
Rendered 2592/4680, time remaining: 1m 6s
Rendered 2593/4680, time remaining: 1m 6s
Rendered 2594/4680, time remaining: 1m 5s
Rendered 2595/4680, time remaining: 1m 6s
Rendered 2596/4680, time remaining: 1m 6s
Rendered 2597/4680, time remaining: 1m 5s
Rendered 2598/4680, time remaining: 1m 6s
Rendered 2599/4680, time remaining: 1m 6s
Rendered 2600/4680, time remaining: 1m 5s
Rendered 2601/4680, time remaining: 1m 4s
Rendered 2602/4680, time remaining: 1m 5s
Rendered 2603/4680, time remaining: 1m 5s
Rendered 2604/4680, time remaining: 1m 5s
Rendered 2605/4680, time remaining: 1m 4s
Rendered 2606/4680, time remaining: 1m 5s
Rendered 2607/4680, time remaining: 1m 5s
Rendered 2608/4680, time remaining: 1m 5s
Rendered 2609/4680, time remaining: 1m 6s
Rendered 2610/4680, time remaining: 1m 7s
Rendered 2611/4680, time remaining: 1m 5s
Rendered 2612/4680, time remaining: 1m 5s
Rendered 2613/4680, time remaining: 1m 5s
Rendered 2614/4680, time remaining: 1m 5s
Rendered 2615/4680, time remaining: 1m 5s
Rendered 2616/4680, time remaining: 1m 6s
Rendered 2617/4680, time remaining: 1m 5s
Rendered 2618/4680, time remaining: 1m 5s
Rendered 2619/4680, time remaining: 1m 4s
Rendered 2620/4680, time remaining: 1m 4s
Rendered 2621/4680, time remaining: 1m 4s
Rendered 2622/4680, time remaining: 1m 5s
Rendered 2623/4680, time remaining: 1m 5s
Rendered 2624/4680, time remaining: 1m 4s
Rendered 2625/4680, time remaining: 1m 6s
Rendered 2626/4680, time remaining: 1m 6s
Rendered 2627/4680, time remaining: 1m 5s
Rendered 2628/4680, time remaining: 1m 5s
Rendered 2629/4680, time remaining: 1m 5s
Rendered 2630/4680, time remaining: 1m 5s
Rendered 2631/4680, time remaining: 1m 5s
Rendered 2632/4680, time remaining: 1m 4s
Rendered 2633/4680, time remaining: 1m 6s
Rendered 2634/4680, time remaining: 1m 5s
Rendered 2635/4680, time remaining: 1m 5s
Rendered 2636/4680, time remaining: 1m 5s
Rendered 2637/4680, time remaining: 1m 6s
Rendered 2638/4680, time remaining: 1m 5s
Rendered 2639/4680, time remaining: 1m 4s
Rendered 2640/4680, time remaining: 1m 3s
Rendered 2641/4680, time remaining: 1m 6s
Rendered 2642/4680, time remaining: 1m 5s
Rendered 2643/4680, time remaining: 1m 5s
Rendered 2644/4680, time remaining: 1m 5s
Rendered 2645/4680, time remaining: 1m 5s
Rendered 2646/4680, time remaining: 1m 4s
Rendered 2647/4680, time remaining: 1m 4s
Rendered 2648/4680, time remaining: 1m 4s
Rendered 2649/4680, time remaining: 1m 5s
Rendered 2650/4680, time remaining: 1m 5s
Rendered 2651/4680, time remaining: 1m 4s
Rendered 2652/4680, time remaining: 1m 5s
Rendered 2653/4680, time remaining: 1m 4s
Rendered 2654/4680, time remaining: 1m 3s
Rendered 2655/4680, time remaining: 1m 2s
Rendered 2656/4680, time remaining: 1m 3s
Rendered 2657/4680, time remaining: 1m 5s
Rendered 2658/4680, time remaining: 1m 4s
Rendered 2659/4680, time remaining: 1m 4s
Rendered 2660/4680, time remaining: 1m 5s
Rendered 2661/4680, time remaining: 1m 4s
Rendered 2662/4680, time remaining: 1m 4s
Rendered 2663/4680, time remaining: 1m 3s
Rendered 2664/4680, time remaining: 1m 3s
Rendered 2665/4680, time remaining: 1m 4s
Rendered 2666/4680, time remaining: 1m 4s
Rendered 2667/4680, time remaining: 1m 4s
Rendered 2668/4680, time remaining: 1m 3s
Rendered 2669/4680, time remaining: 1m 4s
Rendered 2670/4680, time remaining: 1m 3s
Rendered 2671/4680, time remaining: 1m 3s
Rendered 2672/4680, time remaining: 1m 5s
Rendered 2673/4680, time remaining: 1m 4s
Rendered 2674/4680, time remaining: 1m 4s
Rendered 2675/4680, time remaining: 1m 4s
Rendered 2676/4680, time remaining: 1m 3s
Rendered 2677/4680, time remaining: 1m 3s
Rendered 2678/4680, time remaining: 1m 2s
Rendered 2679/4680, time remaining: 1m 2s
Rendered 2680/4680, time remaining: 1m 3s
Rendered 2681/4680, time remaining: 1m 3s
Rendered 2682/4680, time remaining: 1m 3s
Rendered 2683/4680, time remaining: 1m 3s
Rendered 2684/4680, time remaining: 1m 4s
Rendered 2685/4680, time remaining: 1m 2s
Rendered 2686/4680, time remaining: 1m 2s
Rendered 2687/4680, time remaining: 1m 2s
Rendered 2688/4680, time remaining: 1m 2s
Rendered 2689/4680, time remaining: 1m 3s
Rendered 2690/4680, time remaining: 1m 3s
Rendered 2691/4680, time remaining: 1m 4s
Rendered 2692/4680, time remaining: 1m 3s
Rendered 2693/4680, time remaining: 1m 2s
Rendered 2694/4680, time remaining: 1m 3s
Rendered 2695/4680, time remaining: 1m 2s
Rendered 2696/4680, time remaining: 1m 1s
Rendered 2697/4680, time remaining: 1m 3s
Rendered 2698/4680, time remaining: 1m 3s
Rendered 2699/4680, time remaining: 1m 2s
Rendered 2700/4680, time remaining: 1m 2s
Rendered 2701/4680, time remaining: 1m 1s
Rendered 2702/4680, time remaining: 1m 2s
Rendered 2703/4680, time remaining: 1m 2s
Rendered 2704/4680, time remaining: 1m 2s
Rendered 2705/4680, time remaining: 1m 3s
Rendered 2706/4680, time remaining: 1m 2s
Rendered 2707/4680, time remaining: 1m 2s
Rendered 2708/4680, time remaining: 1m 2s
Rendered 2709/4680, time remaining: 1m 1s
Rendered 2710/4680, time remaining: 1m 2s
Rendered 2711/4680, time remaining: 1m 3s
Rendered 2712/4680, time remaining: 1m 2s
Rendered 2713/4680, time remaining: 1m 2s
Rendered 2714/4680, time remaining: 1m 1s
Rendered 2715/4680, time remaining: 1m 1s
Rendered 2716/4680, time remaining: 1m 2s
Rendered 2717/4680, time remaining: 1m 2s
Rendered 2718/4680, time remaining: 1m 2s
Rendered 2719/4680, time remaining: 1m 1s
Rendered 2720/4680, time remaining: 1m 1s
Rendered 2721/4680, time remaining: 1m 1s
Rendered 2722/4680, time remaining: 1m 1s
Rendered 2723/4680, time remaining: 1m 1s
Rendered 2724/4680, time remaining: 1m 2s
Rendered 2725/4680, time remaining: 1m 2s
Rendered 2726/4680, time remaining: 1m 3s
Rendered 2727/4680, time remaining: 1m 2s
Rendered 2728/4680, time remaining: 1m 2s
Rendered 2729/4680, time remaining: 1m 1s
Rendered 2730/4680, time remaining: 1m 1s
Rendered 2731/4680, time remaining: 1m 2s
Rendered 2732/4680, time remaining: 1m 1s
Rendered 2733/4680, time remaining: 1m 0s
Rendered 2734/4680, time remaining: 1m 1s
Rendered 2735/4680, time remaining: 1m 2s
Rendered 2736/4680, time remaining: 1m 2s
Rendered 2737/4680, time remaining: 1m 1s
Rendered 2738/4680, time remaining: 1m 1s
Rendered 2739/4680, time remaining: 1m 2s
Rendered 2740/4680, time remaining: 1m 0s
Rendered 2741/4680, time remaining: 1m 0s
Rendered 2742/4680, time remaining: 1m 1s
Rendered 2743/4680, time remaining: 1m 1s
Rendered 2744/4680, time remaining: 1m 1s
Rendered 2745/4680, time remaining: 1m 0s
Rendered 2746/4680, time remaining: 1m 0s
Rendered 2747/4680, time remaining: 1m 2s
Rendered 2748/4680, time remaining: 1m 1s
Rendered 2749/4680, time remaining: 1m 1s
Rendered 2750/4680, time remaining: 1m 2s
Rendered 2751/4680, time remaining: 1m 2s
Rendered 2752/4680, time remaining: 1m 1s
Rendered 2753/4680, time remaining: 1m 2s
Rendered 2754/4680, time remaining: 1m 2s
Rendered 2755/4680, time remaining: 1m 2s
Rendered 2756/4680, time remaining: 1m 1s
Rendered 2757/4680, time remaining: 1m 1s
Rendered 2758/4680, time remaining: 1m 1s
Rendered 2759/4680, time remaining: 1m 1s
Rendered 2760/4680, time remaining: 1m 0s
Rendered 2761/4680, time remaining: 1m 1s
Rendered 2762/4680, time remaining: 1m 1s
Rendered 2763/4680, time remaining: 1m 1s
Rendered 2764/4680, time remaining: 1m 1s
Rendered 2765/4680, time remaining: 1m 0s
Rendered 2766/4680, time remaining: 1m 0s
Rendered 2767/4680, time remaining: 1m 0s
Rendered 2768/4680, time remaining: 1m 0s
Rendered 2769/4680, time remaining: 1m 1s
Rendered 2770/4680, time remaining: 1m 1s
Rendered 2771/4680, time remaining: 1m 1s
Rendered 2772/4680, time remaining: 1m 0s
Rendered 2773/4680, time remaining: 1m 1s
Rendered 2774/4680, time remaining: 1m 0s
Rendered 2775/4680, time remaining: 59s
Rendered 2776/4680, time remaining: 1m 0s
Rendered 2777/4680, time remaining: 1m 1s
Rendered 2778/4680, time remaining: 1m 1s
Rendered 2779/4680, time remaining: 1m 0s
Rendered 2780/4680, time remaining: 1m 0s
Rendered 2781/4680, time remaining: 1m 0s
Rendered 2782/4680, time remaining: 1m 1s
Rendered 2783/4680, time remaining: 59s
Rendered 2784/4680, time remaining: 1m 0s
Rendered 2785/4680, time remaining: 1m 1s
Rendered 2786/4680, time remaining: 1m 1s
Rendered 2787/4680, time remaining: 1m 0s
Rendered 2788/4680, time remaining: 1m 0s
Rendered 2789/4680, time remaining: 1m 0s
Rendered 2790/4680, time remaining: 1m 0s
Rendered 2791/4680, time remaining: 59s
Rendered 2792/4680, time remaining: 59s
Rendered 2793/4680, time remaining: 1m 0s
Rendered 2794/4680, time remaining: 1m 1s
Rendered 2795/4680, time remaining: 1m 0s
Rendered 2796/4680, time remaining: 1m 0s
Rendered 2797/4680, time remaining: 1m 0s
Rendered 2798/4680, time remaining: 59s
Rendered 2799/4680, time remaining: 58s
Rendered 2800/4680, time remaining: 58s
Rendered 2801/4680, time remaining: 1m 1s
Rendered 2802/4680, time remaining: 1m 0s
Rendered 2803/4680, time remaining: 1m 0s
Rendered 2804/4680, time remaining: 1m 0s
Rendered 2805/4680, time remaining: 1m 0s
Rendered 2806/4680, time remaining: 1m 0s
Rendered 2807/4680, time remaining: 59s
Rendered 2808/4680, time remaining: 59s
Rendered 2809/4680, time remaining: 1m 0s
Rendered 2810/4680, time remaining: 59s
Rendered 2811/4680, time remaining: 1m 0s
Rendered 2812/4680, time remaining: 1m 0s
Rendered 2813/4680, time remaining: 1m 0s
Rendered 2814/4680, time remaining: 1m 0s
Rendered 2815/4680, time remaining: 1m 0s
Rendered 2816/4680, time remaining: 1m 0s
Rendered 2817/4680, time remaining: 1m 1s
Rendered 2818/4680, time remaining: 59s
Rendered 2819/4680, time remaining: 59s
Rendered 2820/4680, time remaining: 59s
Rendered 2821/4680, time remaining: 1m 0s
Rendered 2822/4680, time remaining: 59s
Rendered 2823/4680, time remaining: 59s
Rendered 2824/4680, time remaining: 59s
Rendered 2825/4680, time remaining: 59s
Rendered 2826/4680, time remaining: 59s
Rendered 2827/4680, time remaining: 1m 0s
Rendered 2828/4680, time remaining: 1m 0s
Rendered 2829/4680, time remaining: 1m 1s
Rendered 2830/4680, time remaining: 59s
Rendered 2831/4680, time remaining: 59s
Rendered 2832/4680, time remaining: 1m 0s
Rendered 2833/4680, time remaining: 1m 0s
Rendered 2834/4680, time remaining: 59s
Rendered 2835/4680, time remaining: 59s
Rendered 2836/4680, time remaining: 59s
Rendered 2837/4680, time remaining: 59s
Rendered 2838/4680, time remaining: 1m 1s
Rendered 2839/4680, time remaining: 59s
Rendered 2840/4680, time remaining: 59s
Rendered 2841/4680, time remaining: 59s
Rendered 2842/4680, time remaining: 59s
Rendered 2843/4680, time remaining: 1m 0s
Rendered 2844/4680, time remaining: 1m 0s
Rendered 2845/4680, time remaining: 1m 0s
Rendered 2846/4680, time remaining: 1m 0s
Rendered 2847/4680, time remaining: 58s
Rendered 2848/4680, time remaining: 58s
Rendered 2849/4680, time remaining: 1m 0s
Rendered 2850/4680, time remaining: 1m 0s
Rendered 2851/4680, time remaining: 1m 0s
Rendered 2852/4680, time remaining: 1m 0s
Rendered 2853/4680, time remaining: 1m 0s
Rendered 2854/4680, time remaining: 59s
Rendered 2855/4680, time remaining: 59s
Rendered 2856/4680, time remaining: 59s
Rendered 2857/4680, time remaining: 59s
Rendered 2858/4680, time remaining: 1m 0s
Rendered 2859/4680, time remaining: 1m 0s
Rendered 2860/4680, time remaining: 1m 0s
Rendered 2861/4680, time remaining: 59s
Rendered 2862/4680, time remaining: 58s
Rendered 2863/4680, time remaining: 1m 0s
Rendered 2864/4680, time remaining: 59s
Rendered 2865/4680, time remaining: 59s
Rendered 2866/4680, time remaining: 59s
Rendered 2867/4680, time remaining: 1m 0s
Rendered 2868/4680, time remaining: 59s
Rendered 2869/4680, time remaining: 59s
Rendered 2870/4680, time remaining: 59s
Rendered 2871/4680, time remaining: 59s
Rendered 2872/4680, time remaining: 59s
Rendered 2873/4680, time remaining: 1m 0s
Rendered 2874/4680, time remaining: 58s
Rendered 2875/4680, time remaining: 59s
Rendered 2876/4680, time remaining: 58s
Rendered 2877/4680, time remaining: 58s
Rendered 2878/4680, time remaining: 59s
Rendered 2879/4680, time remaining: 59s
Rendered 2880/4680, time remaining: 1m 0s
Rendered 2881/4680, time remaining: 59s
Rendered 2882/4680, time remaining: 59s
Rendered 2883/4680, time remaining: 59s
Rendered 2884/4680, time remaining: 58s
Rendered 2885/4680, time remaining: 58s
Rendered 2886/4680, time remaining: 59s
Rendered 2887/4680, time remaining: 59s
Rendered 2888/4680, time remaining: 59s
Rendered 2889/4680, time remaining: 59s
Rendered 2890/4680, time remaining: 59s
Rendered 2891/4680, time remaining: 59s
Rendered 2892/4680, time remaining: 57s
Rendered 2893/4680, time remaining: 58s
Rendered 2894/4680, time remaining: 59s
Rendered 2895/4680, time remaining: 59s
Rendered 2896/4680, time remaining: 59s
Rendered 2897/4680, time remaining: 58s
Rendered 2898/4680, time remaining: 58s
Rendered 2899/4680, time remaining: 58s
Rendered 2900/4680, time remaining: 57s
Rendered 2901/4680, time remaining: 59s
Rendered 2902/4680, time remaining: 58s
Rendered 2903/4680, time remaining: 58s
Rendered 2904/4680, time remaining: 58s
Rendered 2905/4680, time remaining: 58s
Rendered 2906/4680, time remaining: 58s
Rendered 2907/4680, time remaining: 58s
Rendered 2908/4680, time remaining: 58s
Rendered 2909/4680, time remaining: 58s
Rendered 2910/4680, time remaining: 58s
Rendered 2911/4680, time remaining: 57s
Rendered 2912/4680, time remaining: 59s
Rendered 2913/4680, time remaining: 58s
Rendered 2914/4680, time remaining: 58s
Rendered 2915/4680, time remaining: 58s
Rendered 2916/4680, time remaining: 58s
Rendered 2917/4680, time remaining: 57s
Rendered 2918/4680, time remaining: 57s
Rendered 2919/4680, time remaining: 57s
Rendered 2920/4680, time remaining: 58s
Rendered 2921/4680, time remaining: 58s
Rendered 2922/4680, time remaining: 58s
Rendered 2923/4680, time remaining: 58s
Rendered 2924/4680, time remaining: 58s
Rendered 2925/4680, time remaining: 57s
Rendered 2926/4680, time remaining: 56s
Rendered 2927/4680, time remaining: 56s
Rendered 2928/4680, time remaining: 57s
Rendered 2929/4680, time remaining: 58s
Rendered 2930/4680, time remaining: 58s
Rendered 2931/4680, time remaining: 58s
Rendered 2932/4680, time remaining: 57s
Rendered 2933/4680, time remaining: 57s
Rendered 2934/4680, time remaining: 56s
Rendered 2935/4680, time remaining: 56s
Rendered 2936/4680, time remaining: 56s
Rendered 2937/4680, time remaining: 58s
Rendered 2938/4680, time remaining: 58s
Rendered 2939/4680, time remaining: 58s
Rendered 2940/4680, time remaining: 59s
Rendered 2941/4680, time remaining: 58s
Rendered 2942/4680, time remaining: 58s
Rendered 2943/4680, time remaining: 56s
Rendered 2944/4680, time remaining: 56s
Rendered 2945/4680, time remaining: 57s
Rendered 2946/4680, time remaining: 57s
Rendered 2947/4680, time remaining: 58s
Rendered 2948/4680, time remaining: 59s
Rendered 2949/4680, time remaining: 58s
Rendered 2950/4680, time remaining: 59s
Rendered 2951/4680, time remaining: 57s
Rendered 2952/4680, time remaining: 56s
Rendered 2953/4680, time remaining: 56s
Rendered 2954/4680, time remaining: 56s
Rendered 2955/4680, time remaining: 58s
Rendered 2956/4680, time remaining: 58s
Rendered 2957/4680, time remaining: 58s
Rendered 2958/4680, time remaining: 58s
Rendered 2959/4680, time remaining: 56s
Rendered 2960/4680, time remaining: 56s
Rendered 2961/4680, time remaining: 55s
Rendered 2962/4680, time remaining: 57s
Rendered 2963/4680, time remaining: 57s
Rendered 2964/4680, time remaining: 58s
Rendered 2965/4680, time remaining: 57s
Rendered 2966/4680, time remaining: 57s
Rendered 2967/4680, time remaining: 56s
Rendered 2968/4680, time remaining: 56s
Rendered 2969/4680, time remaining: 56s
Rendered 2970/4680, time remaining: 56s
Rendered 2971/4680, time remaining: 55s
Rendered 2972/4680, time remaining: 57s
Rendered 2973/4680, time remaining: 57s
Rendered 2974/4680, time remaining: 57s
Rendered 2975/4680, time remaining: 56s
Rendered 2976/4680, time remaining: 57s
Rendered 2977/4680, time remaining: 56s
Rendered 2978/4680, time remaining: 56s
Rendered 2979/4680, time remaining: 56s
Rendered 2980/4680, time remaining: 56s
Rendered 2981/4680, time remaining: 57s
Rendered 2982/4680, time remaining: 56s
Rendered 2983/4680, time remaining: 56s
Rendered 2984/4680, time remaining: 56s
Rendered 2985/4680, time remaining: 56s
Rendered 2986/4680, time remaining: 55s
Rendered 2987/4680, time remaining: 56s
Rendered 2988/4680, time remaining: 56s
Rendered 2989/4680, time remaining: 56s
Rendered 2990/4680, time remaining: 56s
Rendered 2991/4680, time remaining: 56s
Rendered 2992/4680, time remaining: 56s
Rendered 2993/4680, time remaining: 55s
Rendered 2994/4680, time remaining: 54s
Rendered 2995/4680, time remaining: 54s
Rendered 2996/4680, time remaining: 56s
Rendered 2997/4680, time remaining: 57s
Rendered 2998/4680, time remaining: 57s
Rendered 2999/4680, time remaining: 55s
Rendered 3000/4680, time remaining: 56s
Rendered 3001/4680, time remaining: 56s
Rendered 3002/4680, time remaining: 55s
Rendered 3003/4680, time remaining: 56s
Rendered 3004/4680, time remaining: 56s
Rendered 3005/4680, time remaining: 57s
Rendered 3006/4680, time remaining: 55s
Rendered 3007/4680, time remaining: 55s
Rendered 3008/4680, time remaining: 54s
Rendered 3009/4680, time remaining: 55s
Rendered 3010/4680, time remaining: 55s
Rendered 3011/4680, time remaining: 56s
Rendered 3012/4680, time remaining: 56s
Rendered 3013/4680, time remaining: 56s
Rendered 3014/4680, time remaining: 56s
Rendered 3015/4680, time remaining: 56s
Rendered 3016/4680, time remaining: 55s
Rendered 3017/4680, time remaining: 54s
Rendered 3018/4680, time remaining: 54s
Rendered 3019/4680, time remaining: 55s
Rendered 3020/4680, time remaining: 55s
Rendered 3021/4680, time remaining: 57s
Rendered 3022/4680, time remaining: 56s
Rendered 3023/4680, time remaining: 56s
Rendered 3024/4680, time remaining: 56s
Rendered 3025/4680, time remaining: 55s
Rendered 3026/4680, time remaining: 55s
Rendered 3027/4680, time remaining: 55s
Rendered 3028/4680, time remaining: 55s
Rendered 3029/4680, time remaining: 56s
Rendered 3030/4680, time remaining: 56s
Rendered 3031/4680, time remaining: 56s
Rendered 3032/4680, time remaining: 56s
Rendered 3033/4680, time remaining: 56s
Rendered 3034/4680, time remaining: 56s
Rendered 3035/4680, time remaining: 55s
Rendered 3036/4680, time remaining: 54s
Rendered 3037/4680, time remaining: 55s
Rendered 3038/4680, time remaining: 56s
Rendered 3039/4680, time remaining: 55s
Rendered 3040/4680, time remaining: 56s
Rendered 3041/4680, time remaining: 56s
Rendered 3042/4680, time remaining: 56s
Rendered 3043/4680, time remaining: 56s
Rendered 3044/4680, time remaining: 54s
Rendered 3045/4680, time remaining: 55s
Rendered 3046/4680, time remaining: 55s
Rendered 3047/4680, time remaining: 55s
Rendered 3048/4680, time remaining: 55s
Rendered 3049/4680, time remaining: 55s
Rendered 3050/4680, time remaining: 55s
Rendered 3051/4680, time remaining: 55s
Rendered 3052/4680, time remaining: 55s
Rendered 3053/4680, time remaining: 55s
Rendered 3054/4680, time remaining: 54s
Rendered 3055/4680, time remaining: 54s
Rendered 3056/4680, time remaining: 54s
Rendered 3057/4680, time remaining: 54s
Rendered 3058/4680, time remaining: 54s
Rendered 3059/4680, time remaining: 55s
Rendered 3060/4680, time remaining: 55s
Rendered 3061/4680, time remaining: 55s
Rendered 3062/4680, time remaining: 54s
Rendered 3063/4680, time remaining: 54s
Rendered 3064/4680, time remaining: 55s
Rendered 3065/4680, time remaining: 54s
Rendered 3066/4680, time remaining: 54s
Rendered 3067/4680, time remaining: 56s
Rendered 3068/4680, time remaining: 55s
Rendered 3069/4680, time remaining: 55s
Rendered 3070/4680, time remaining: 54s
Rendered 3071/4680, time remaining: 53s
Rendered 3072/4680, time remaining: 54s
Rendered 3073/4680, time remaining: 54s
Rendered 3074/4680, time remaining: 54s
Rendered 3075/4680, time remaining: 55s
Rendered 3076/4680, time remaining: 54s
Rendered 3077/4680, time remaining: 55s
Rendered 3078/4680, time remaining: 54s
Rendered 3079/4680, time remaining: 54s
Rendered 3080/4680, time remaining: 54s
Rendered 3081/4680, time remaining: 54s
Rendered 3082/4680, time remaining: 54s
Rendered 3083/4680, time remaining: 54s
Rendered 3084/4680, time remaining: 54s
Rendered 3085/4680, time remaining: 53s
Rendered 3086/4680, time remaining: 54s
Rendered 3087/4680, time remaining: 53s
Rendered 3088/4680, time remaining: 53s
Rendered 3089/4680, time remaining: 53s
Rendered 3090/4680, time remaining: 53s
Rendered 3091/4680, time remaining: 53s
Rendered 3092/4680, time remaining: 53s
Rendered 3093/4680, time remaining: 54s
Rendered 3094/4680, time remaining: 54s
Rendered 3095/4680, time remaining: 53s
Rendered 3096/4680, time remaining: 53s
Rendered 3097/4680, time remaining: 53s
Rendered 3098/4680, time remaining: 52s
Rendered 3099/4680, time remaining: 52s
Rendered 3100/4680, time remaining: 52s
Rendered 3101/4680, time remaining: 53s
Rendered 3102/4680, time remaining: 53s
Rendered 3103/4680, time remaining: 53s
Rendered 3104/4680, time remaining: 53s
Rendered 3105/4680, time remaining: 51s
Rendered 3106/4680, time remaining: 53s
Rendered 3107/4680, time remaining: 53s
Rendered 3108/4680, time remaining: 52s
Rendered 3109/4680, time remaining: 52s
Rendered 3110/4680, time remaining: 53s
Rendered 3111/4680, time remaining: 53s
Rendered 3112/4680, time remaining: 51s
Rendered 3113/4680, time remaining: 52s
Rendered 3114/4680, time remaining: 52s
Rendered 3115/4680, time remaining: 52s
Rendered 3116/4680, time remaining: 52s
Rendered 3117/4680, time remaining: 52s
Rendered 3118/4680, time remaining: 52s
Rendered 3119/4680, time remaining: 52s
Rendered 3120/4680, time remaining: 53s
Rendered 3121/4680, time remaining: 53s
Rendered 3122/4680, time remaining: 52s
Rendered 3123/4680, time remaining: 52s
Rendered 3124/4680, time remaining: 52s
Rendered 3125/4680, time remaining: 52s
Rendered 3126/4680, time remaining: 52s
Rendered 3127/4680, time remaining: 52s
Rendered 3128/4680, time remaining: 52s
Rendered 3129/4680, time remaining: 52s
Rendered 3130/4680, time remaining: 52s
Rendered 3131/4680, time remaining: 51s
Rendered 3132/4680, time remaining: 52s
Rendered 3133/4680, time remaining: 52s
Rendered 3134/4680, time remaining: 52s
Rendered 3135/4680, time remaining: 53s
Rendered 3136/4680, time remaining: 53s
Rendered 3137/4680, time remaining: 52s
Rendered 3138/4680, time remaining: 51s
Rendered 3139/4680, time remaining: 51s
Rendered 3140/4680, time remaining: 52s
Rendered 3141/4680, time remaining: 52s
Rendered 3142/4680, time remaining: 52s
Rendered 3143/4680, time remaining: 52s
Rendered 3144/4680, time remaining: 53s
Rendered 3145/4680, time remaining: 53s
Rendered 3146/4680, time remaining: 51s
Rendered 3147/4680, time remaining: 51s
Rendered 3148/4680, time remaining: 51s
Rendered 3149/4680, time remaining: 52s
Rendered 3150/4680, time remaining: 52s
Rendered 3151/4680, time remaining: 51s
Rendered 3152/4680, time remaining: 51s
Rendered 3153/4680, time remaining: 52s
Rendered 3154/4680, time remaining: 52s
Rendered 3155/4680, time remaining: 51s
Rendered 3156/4680, time remaining: 51s
Rendered 3157/4680, time remaining: 51s
Rendered 3158/4680, time remaining: 51s
Rendered 3159/4680, time remaining: 50s
Rendered 3160/4680, time remaining: 50s
Rendered 3161/4680, time remaining: 51s
Rendered 3162/4680, time remaining: 51s
Rendered 3163/4680, time remaining: 50s
Rendered 3164/4680, time remaining: 50s
Rendered 3165/4680, time remaining: 50s
Rendered 3166/4680, time remaining: 51s
Rendered 3167/4680, time remaining: 51s
Rendered 3168/4680, time remaining: 51s
Rendered 3169/4680, time remaining: 50s
Rendered 3170/4680, time remaining: 50s
Rendered 3171/4680, time remaining: 49s
Rendered 3172/4680, time remaining: 49s
Rendered 3173/4680, time remaining: 50s
Rendered 3174/4680, time remaining: 51s
Rendered 3175/4680, time remaining: 51s
Rendered 3176/4680, time remaining: 50s
Rendered 3177/4680, time remaining: 51s
Rendered 3178/4680, time remaining: 50s
Rendered 3179/4680, time remaining: 49s
Rendered 3180/4680, time remaining: 48s
Rendered 3181/4680, time remaining: 49s
Rendered 3182/4680, time remaining: 50s
Rendered 3183/4680, time remaining: 49s
Rendered 3184/4680, time remaining: 49s
Rendered 3185/4680, time remaining: 50s
Rendered 3186/4680, time remaining: 50s
Rendered 3187/4680, time remaining: 49s
Rendered 3188/4680, time remaining: 49s
Rendered 3189/4680, time remaining: 50s
Rendered 3190/4680, time remaining: 49s
Rendered 3191/4680, time remaining: 49s
Rendered 3192/4680, time remaining: 49s
Rendered 3193/4680, time remaining: 49s
Rendered 3194/4680, time remaining: 49s
Rendered 3195/4680, time remaining: 49s
Rendered 3196/4680, time remaining: 49s
Rendered 3197/4680, time remaining: 50s
Rendered 3198/4680, time remaining: 49s
Rendered 3199/4680, time remaining: 49s
Rendered 3200/4680, time remaining: 49s
Rendered 3201/4680, time remaining: 48s
Rendered 3202/4680, time remaining: 49s
Rendered 3203/4680, time remaining: 49s
Rendered 3204/4680, time remaining: 50s
Rendered 3205/4680, time remaining: 50s
Rendered 3206/4680, time remaining: 49s
Rendered 3207/4680, time remaining: 49s
Rendered 3208/4680, time remaining: 49s
Rendered 3209/4680, time remaining: 47s
Rendered 3210/4680, time remaining: 49s
Rendered 3211/4680, time remaining: 49s
Rendered 3212/4680, time remaining: 49s
Rendered 3213/4680, time remaining: 49s
Rendered 3214/4680, time remaining: 48s
Rendered 3215/4680, time remaining: 49s
Rendered 3216/4680, time remaining: 49s
Rendered 3217/4680, time remaining: 48s
Rendered 3218/4680, time remaining: 48s
Rendered 3219/4680, time remaining: 48s
Rendered 3220/4680, time remaining: 48s
Rendered 3221/4680, time remaining: 49s
Rendered 3222/4680, time remaining: 48s
Rendered 3223/4680, time remaining: 49s
Rendered 3224/4680, time remaining: 48s
Rendered 3225/4680, time remaining: 48s
Rendered 3226/4680, time remaining: 48s
Rendered 3227/4680, time remaining: 48s
Rendered 3228/4680, time remaining: 48s
Rendered 3229/4680, time remaining: 49s
Rendered 3230/4680, time remaining: 48s
Rendered 3231/4680, time remaining: 48s
Rendered 3232/4680, time remaining: 48s
Rendered 3233/4680, time remaining: 48s
Rendered 3234/4680, time remaining: 48s
Rendered 3235/4680, time remaining: 48s
Rendered 3236/4680, time remaining: 48s
Rendered 3237/4680, time remaining: 49s
Rendered 3238/4680, time remaining: 49s
Rendered 3239/4680, time remaining: 49s
Rendered 3240/4680, time remaining: 47s
Rendered 3241/4680, time remaining: 47s
Rendered 3242/4680, time remaining: 47s
Rendered 3243/4680, time remaining: 48s
Rendered 3244/4680, time remaining: 48s
Rendered 3245/4680, time remaining: 48s
Rendered 3246/4680, time remaining: 48s
Rendered 3247/4680, time remaining: 48s
Rendered 3248/4680, time remaining: 48s
Rendered 3249/4680, time remaining: 48s
Rendered 3250/4680, time remaining: 48s
Rendered 3251/4680, time remaining: 47s
Rendered 3252/4680, time remaining: 48s
Rendered 3253/4680, time remaining: 47s
Rendered 3254/4680, time remaining: 48s
Rendered 3255/4680, time remaining: 48s
Rendered 3256/4680, time remaining: 47s
Rendered 3257/4680, time remaining: 47s
Rendered 3258/4680, time remaining: 47s
Rendered 3259/4680, time remaining: 48s
Rendered 3260/4680, time remaining: 47s
Rendered 3261/4680, time remaining: 47s
Rendered 3262/4680, time remaining: 47s
Rendered 3263/4680, time remaining: 47s
Rendered 3264/4680, time remaining: 46s
Rendered 3265/4680, time remaining: 47s
Rendered 3266/4680, time remaining: 48s
Rendered 3267/4680, time remaining: 47s
Rendered 3268/4680, time remaining: 48s
Rendered 3269/4680, time remaining: 48s
Rendered 3270/4680, time remaining: 47s
Rendered 3271/4680, time remaining: 46s
Rendered 3272/4680, time remaining: 46s
Rendered 3273/4680, time remaining: 47s
Rendered 3274/4680, time remaining: 47s
Rendered 3275/4680, time remaining: 47s
Rendered 3276/4680, time remaining: 47s
Rendered 3277/4680, time remaining: 47s
Rendered 3278/4680, time remaining: 47s
Rendered 3279/4680, time remaining: 47s
Rendered 3280/4680, time remaining: 47s
Rendered 3281/4680, time remaining: 47s
Rendered 3282/4680, time remaining: 46s
Rendered 3283/4680, time remaining: 46s
Rendered 3284/4680, time remaining: 47s
Rendered 3285/4680, time remaining: 47s
Rendered 3286/4680, time remaining: 47s
Rendered 3287/4680, time remaining: 47s
Rendered 3288/4680, time remaining: 47s
Rendered 3289/4680, time remaining: 47s
Rendered 3290/4680, time remaining: 46s
Rendered 3291/4680, time remaining: 46s
Rendered 3292/4680, time remaining: 47s
Rendered 3293/4680, time remaining: 47s
Rendered 3294/4680, time remaining: 46s
Rendered 3295/4680, time remaining: 46s
Rendered 3296/4680, time remaining: 46s
Rendered 3297/4680, time remaining: 46s
Rendered 3298/4680, time remaining: 47s
Rendered 3299/4680, time remaining: 46s
Rendered 3300/4680, time remaining: 46s
Rendered 3301/4680, time remaining: 46s
Rendered 3302/4680, time remaining: 47s
Rendered 3303/4680, time remaining: 46s
Rendered 3304/4680, time remaining: 46s
Rendered 3305/4680, time remaining: 46s
Rendered 3306/4680, time remaining: 47s
Rendered 3307/4680, time remaining: 46s
Rendered 3308/4680, time remaining: 47s
Rendered 3309/4680, time remaining: 47s
Rendered 3310/4680, time remaining: 47s
Rendered 3311/4680, time remaining: 46s
Rendered 3312/4680, time remaining: 46s
Rendered 3313/4680, time remaining: 46s
Rendered 3314/4680, time remaining: 46s
Rendered 3315/4680, time remaining: 46s
Rendered 3316/4680, time remaining: 45s
Rendered 3317/4680, time remaining: 46s
Rendered 3318/4680, time remaining: 46s
Rendered 3319/4680, time remaining: 47s
Rendered 3320/4680, time remaining: 47s
Rendered 3321/4680, time remaining: 47s
Rendered 3322/4680, time remaining: 47s
Rendered 3323/4680, time remaining: 46s
Rendered 3324/4680, time remaining: 45s
Rendered 3325/4680, time remaining: 46s
Rendered 3326/4680, time remaining: 46s
Rendered 3327/4680, time remaining: 46s
Rendered 3328/4680, time remaining: 47s
Rendered 3329/4680, time remaining: 47s
Rendered 3330/4680, time remaining: 47s
Rendered 3331/4680, time remaining: 46s
Rendered 3332/4680, time remaining: 45s
Rendered 3333/4680, time remaining: 46s
Rendered 3334/4680, time remaining: 46s
Rendered 3335/4680, time remaining: 46s
Rendered 3336/4680, time remaining: 46s
Rendered 3337/4680, time remaining: 46s
Rendered 3338/4680, time remaining: 46s
Rendered 3339/4680, time remaining: 45s
Rendered 3340/4680, time remaining: 46s
Rendered 3341/4680, time remaining: 47s
Rendered 3342/4680, time remaining: 47s
Rendered 3343/4680, time remaining: 46s
Rendered 3344/4680, time remaining: 46s
Rendered 3345/4680, time remaining: 46s
Rendered 3346/4680, time remaining: 46s
Rendered 3347/4680, time remaining: 46s
Rendered 3348/4680, time remaining: 47s
Rendered 3349/4680, time remaining: 47s
Rendered 3350/4680, time remaining: 47s
Rendered 3351/4680, time remaining: 46s
Rendered 3352/4680, time remaining: 47s
Rendered 3353/4680, time remaining: 46s
Rendered 3354/4680, time remaining: 46s
Rendered 3355/4680, time remaining: 46s
Rendered 3356/4680, time remaining: 46s
Rendered 3357/4680, time remaining: 47s
Rendered 3358/4680, time remaining: 47s
Rendered 3359/4680, time remaining: 47s
Rendered 3360/4680, time remaining: 46s
Rendered 3361/4680, time remaining: 46s
Rendered 3362/4680, time remaining: 46s
Rendered 3363/4680, time remaining: 45s
Rendered 3364/4680, time remaining: 46s
Rendered 3365/4680, time remaining: 46s
Rendered 3366/4680, time remaining: 46s
Rendered 3367/4680, time remaining: 46s
Rendered 3368/4680, time remaining: 46s
Rendered 3369/4680, time remaining: 46s
Rendered 3370/4680, time remaining: 46s
Rendered 3371/4680, time remaining: 46s
Rendered 3372/4680, time remaining: 46s
Rendered 3373/4680, time remaining: 46s
Rendered 3374/4680, time remaining: 46s
Rendered 3375/4680, time remaining: 46s
Rendered 3376/4680, time remaining: 46s
Rendered 3377/4680, time remaining: 45s
Rendered 3378/4680, time remaining: 45s
Rendered 3379/4680, time remaining: 45s
Rendered 3380/4680, time remaining: 45s
Rendered 3381/4680, time remaining: 45s
Rendered 3382/4680, time remaining: 46s
Rendered 3383/4680, time remaining: 46s
Rendered 3384/4680, time remaining: 45s
Rendered 3385/4680, time remaining: 45s
Rendered 3386/4680, time remaining: 46s
Rendered 3387/4680, time remaining: 45s
Rendered 3388/4680, time remaining: 46s
Rendered 3389/4680, time remaining: 45s
Rendered 3390/4680, time remaining: 45s
Rendered 3391/4680, time remaining: 45s
Rendered 3392/4680, time remaining: 45s
Rendered 3393/4680, time remaining: 44s
Rendered 3394/4680, time remaining: 44s
Rendered 3395/4680, time remaining: 44s
Rendered 3396/4680, time remaining: 45s
Rendered 3397/4680, time remaining: 45s
Rendered 3398/4680, time remaining: 45s
Rendered 3399/4680, time remaining: 45s
Rendered 3400/4680, time remaining: 45s
Rendered 3401/4680, time remaining: 45s
Rendered 3402/4680, time remaining: 44s
Rendered 3403/4680, time remaining: 44s
Rendered 3404/4680, time remaining: 45s
Rendered 3405/4680, time remaining: 45s
Rendered 3406/4680, time remaining: 45s
Rendered 3407/4680, time remaining: 44s
Rendered 3408/4680, time remaining: 44s
Rendered 3409/4680, time remaining: 44s
Rendered 3410/4680, time remaining: 45s
Rendered 3411/4680, time remaining: 45s
Rendered 3412/4680, time remaining: 45s
Rendered 3413/4680, time remaining: 44s
Rendered 3414/4680, time remaining: 44s
Rendered 3415/4680, time remaining: 43s
Rendered 3416/4680, time remaining: 44s
Rendered 3417/4680, time remaining: 43s
Rendered 3418/4680, time remaining: 44s
Rendered 3419/4680, time remaining: 44s
Rendered 3420/4680, time remaining: 44s
Rendered 3421/4680, time remaining: 44s
Rendered 3422/4680, time remaining: 44s
Rendered 3423/4680, time remaining: 43s
Rendered 3424/4680, time remaining: 43s
Rendered 3425/4680, time remaining: 43s
Rendered 3426/4680, time remaining: 43s
Rendered 3427/4680, time remaining: 44s
Rendered 3428/4680, time remaining: 44s
Rendered 3429/4680, time remaining: 43s
Rendered 3430/4680, time remaining: 44s
Rendered 3431/4680, time remaining: 44s
Rendered 3432/4680, time remaining: 44s
Rendered 3433/4680, time remaining: 43s
Rendered 3434/4680, time remaining: 43s
Rendered 3435/4680, time remaining: 43s
Rendered 3436/4680, time remaining: 42s
Rendered 3437/4680, time remaining: 42s
Rendered 3438/4680, time remaining: 43s
Rendered 3439/4680, time remaining: 43s
Rendered 3440/4680, time remaining: 43s
Rendered 3441/4680, time remaining: 43s
Rendered 3442/4680, time remaining: 42s
Rendered 3443/4680, time remaining: 43s
Rendered 3444/4680, time remaining: 43s
Rendered 3445/4680, time remaining: 43s
Rendered 3446/4680, time remaining: 43s
Rendered 3447/4680, time remaining: 43s
Rendered 3448/4680, time remaining: 42s
Rendered 3449/4680, time remaining: 42s
Rendered 3450/4680, time remaining: 42s
Rendered 3451/4680, time remaining: 42s
Rendered 3452/4680, time remaining: 42s
Rendered 3453/4680, time remaining: 42s
Rendered 3454/4680, time remaining: 43s
Rendered 3455/4680, time remaining: 42s
Rendered 3456/4680, time remaining: 42s
Rendered 3457/4680, time remaining: 42s
Rendered 3458/4680, time remaining: 42s
Rendered 3459/4680, time remaining: 42s
Rendered 3460/4680, time remaining: 42s
Rendered 3461/4680, time remaining: 42s
Rendered 3462/4680, time remaining: 42s
Rendered 3463/4680, time remaining: 41s
Rendered 3464/4680, time remaining: 41s
Rendered 3465/4680, time remaining: 41s
Rendered 3466/4680, time remaining: 42s
Rendered 3467/4680, time remaining: 42s
Rendered 3468/4680, time remaining: 41s
Rendered 3469/4680, time remaining: 41s
Rendered 3470/4680, time remaining: 42s
Rendered 3471/4680, time remaining: 41s
Rendered 3472/4680, time remaining: 41s
Rendered 3473/4680, time remaining: 41s
Rendered 3474/4680, time remaining: 41s
Rendered 3475/4680, time remaining: 41s
Rendered 3476/4680, time remaining: 41s
Rendered 3477/4680, time remaining: 41s
Rendered 3478/4680, time remaining: 41s
Rendered 3479/4680, time remaining: 41s
Rendered 3480/4680, time remaining: 41s
Rendered 3481/4680, time remaining: 41s
Rendered 3482/4680, time remaining: 41s
Rendered 3483/4680, time remaining: 40s
Rendered 3484/4680, time remaining: 41s
Rendered 3485/4680, time remaining: 40s
Rendered 3486/4680, time remaining: 40s
Rendered 3487/4680, time remaining: 41s
Rendered 3488/4680, time remaining: 41s
Rendered 3489/4680, time remaining: 41s
Rendered 3490/4680, time remaining: 40s
Rendered 3491/4680, time remaining: 39s
Rendered 3492/4680, time remaining: 40s
Rendered 3493/4680, time remaining: 40s
Rendered 3494/4680, time remaining: 40s
Rendered 3495/4680, time remaining: 40s
Rendered 3496/4680, time remaining: 40s
Rendered 3497/4680, time remaining: 39s
Rendered 3498/4680, time remaining: 38s
Rendered 3499/4680, time remaining: 39s
Rendered 3500/4680, time remaining: 39s
Rendered 3501/4680, time remaining: 39s
Rendered 3502/4680, time remaining: 39s
Rendered 3503/4680, time remaining: 39s
Rendered 3504/4680, time remaining: 39s
Rendered 3505/4680, time remaining: 39s
Rendered 3506/4680, time remaining: 38s
Rendered 3507/4680, time remaining: 38s
Rendered 3508/4680, time remaining: 38s
Rendered 3509/4680, time remaining: 37s
Rendered 3510/4680, time remaining: 37s
Rendered 3511/4680, time remaining: 37s
Rendered 3512/4680, time remaining: 37s
Rendered 3513/4680, time remaining: 37s
Rendered 3514/4680, time remaining: 36s
Rendered 3515/4680, time remaining: 36s
Rendered 3516/4680, time remaining: 36s
Rendered 3517/4680, time remaining: 36s
Rendered 3518/4680, time remaining: 35s
Rendered 3519/4680, time remaining: 36s
Rendered 3520/4680, time remaining: 36s
Rendered 3521/4680, time remaining: 35s
Rendered 3522/4680, time remaining: 36s
Rendered 3523/4680, time remaining: 36s
Rendered 3524/4680, time remaining: 36s
Rendered 3525/4680, time remaining: 36s
Rendered 3526/4680, time remaining: 35s
Rendered 3527/4680, time remaining: 35s
Rendered 3528/4680, time remaining: 36s
Rendered 3529/4680, time remaining: 36s
Rendered 3530/4680, time remaining: 36s
Rendered 3531/4680, time remaining: 35s
Rendered 3532/4680, time remaining: 35s
Rendered 3533/4680, time remaining: 35s
Rendered 3534/4680, time remaining: 35s
Rendered 3535/4680, time remaining: 35s
Rendered 3536/4680, time remaining: 36s
Rendered 3537/4680, time remaining: 36s
Rendered 3538/4680, time remaining: 35s
Rendered 3539/4680, time remaining: 35s
Rendered 3540/4680, time remaining: 35s
Rendered 3541/4680, time remaining: 35s
Rendered 3542/4680, time remaining: 35s
Rendered 3543/4680, time remaining: 35s
Rendered 3544/4680, time remaining: 35s
Rendered 3545/4680, time remaining: 35s
Rendered 3546/4680, time remaining: 34s
Rendered 3547/4680, time remaining: 35s
Rendered 3548/4680, time remaining: 35s
Rendered 3549/4680, time remaining: 35s
Rendered 3550/4680, time remaining: 35s
Rendered 3551/4680, time remaining: 35s
Rendered 3552/4680, time remaining: 35s
Rendered 3553/4680, time remaining: 35s
Rendered 3554/4680, time remaining: 34s
Rendered 3555/4680, time remaining: 34s
Rendered 3556/4680, time remaining: 34s
Rendered 3557/4680, time remaining: 35s
Rendered 3558/4680, time remaining: 35s
Rendered 3559/4680, time remaining: 34s
Rendered 3560/4680, time remaining: 34s
Rendered 3561/4680, time remaining: 34s
Rendered 3562/4680, time remaining: 34s
Rendered 3563/4680, time remaining: 34s
Rendered 3564/4680, time remaining: 34s
Rendered 3565/4680, time remaining: 35s
Rendered 3566/4680, time remaining: 34s
Rendered 3567/4680, time remaining: 34s
Rendered 3568/4680, time remaining: 33s
Rendered 3569/4680, time remaining: 33s
Rendered 3570/4680, time remaining: 33s
Rendered 3571/4680, time remaining: 33s
Rendered 3572/4680, time remaining: 34s
Rendered 3573/4680, time remaining: 34s
Rendered 3574/4680, time remaining: 34s
Rendered 3575/4680, time remaining: 34s
Rendered 3576/4680, time remaining: 33s
Rendered 3577/4680, time remaining: 33s
Rendered 3578/4680, time remaining: 33s
Rendered 3579/4680, time remaining: 33s
Rendered 3580/4680, time remaining: 33s
Rendered 3581/4680, time remaining: 33s
Rendered 3582/4680, time remaining: 33s
Rendered 3583/4680, time remaining: 33s
Rendered 3584/4680, time remaining: 33s
Rendered 3585/4680, time remaining: 33s
Rendered 3586/4680, time remaining: 33s
Rendered 3587/4680, time remaining: 33s
Rendered 3588/4680, time remaining: 33s
Rendered 3589/4680, time remaining: 33s
Rendered 3590/4680, time remaining: 33s
Rendered 3591/4680, time remaining: 33s
Rendered 3592/4680, time remaining: 33s
Rendered 3593/4680, time remaining: 32s
Rendered 3594/4680, time remaining: 32s
Rendered 3595/4680, time remaining: 33s
Rendered 3596/4680, time remaining: 33s
Rendered 3597/4680, time remaining: 33s
Rendered 3598/4680, time remaining: 33s
Rendered 3599/4680, time remaining: 33s
Rendered 3600/4680, time remaining: 33s
Rendered 3601/4680, time remaining: 33s
Rendered 3602/4680, time remaining: 32s
Rendered 3603/4680, time remaining: 32s
Rendered 3604/4680, time remaining: 32s
Rendered 3605/4680, time remaining: 32s
Rendered 3606/4680, time remaining: 32s
Rendered 3607/4680, time remaining: 32s
Rendered 3608/4680, time remaining: 32s
Rendered 3609/4680, time remaining: 33s
Rendered 3610/4680, time remaining: 32s
Rendered 3611/4680, time remaining: 32s
Rendered 3612/4680, time remaining: 32s
Rendered 3613/4680, time remaining: 33s
Rendered 3614/4680, time remaining: 33s
Rendered 3615/4680, time remaining: 33s
Rendered 3616/4680, time remaining: 32s
Rendered 3617/4680, time remaining: 32s
Rendered 3618/4680, time remaining: 32s
Rendered 3619/4680, time remaining: 32s
Rendered 3620/4680, time remaining: 31s
Rendered 3621/4680, time remaining: 32s
Rendered 3622/4680, time remaining: 32s
Rendered 3623/4680, time remaining: 32s
Rendered 3624/4680, time remaining: 32s
Rendered 3625/4680, time remaining: 32s
Rendered 3626/4680, time remaining: 32s
Rendered 3627/4680, time remaining: 32s
Rendered 3628/4680, time remaining: 32s
Rendered 3629/4680, time remaining: 31s
Rendered 3630/4680, time remaining: 31s
Rendered 3631/4680, time remaining: 32s
Rendered 3632/4680, time remaining: 31s
Rendered 3633/4680, time remaining: 31s
Rendered 3634/4680, time remaining: 31s
Rendered 3635/4680, time remaining: 32s
Rendered 3636/4680, time remaining: 32s
Rendered 3637/4680, time remaining: 31s
Rendered 3638/4680, time remaining: 31s
Rendered 3639/4680, time remaining: 31s
Rendered 3640/4680, time remaining: 31s
Rendered 3641/4680, time remaining: 31s
Rendered 3642/4680, time remaining: 31s
Rendered 3643/4680, time remaining: 31s
Rendered 3644/4680, time remaining: 31s
Rendered 3645/4680, time remaining: 31s
Rendered 3646/4680, time remaining: 31s
Rendered 3647/4680, time remaining: 31s
Rendered 3648/4680, time remaining: 31s
Rendered 3649/4680, time remaining: 31s
Rendered 3650/4680, time remaining: 31s
Rendered 3651/4680, time remaining: 31s
Rendered 3652/4680, time remaining: 31s
Rendered 3653/4680, time remaining: 31s
Rendered 3654/4680, time remaining: 31s
Rendered 3655/4680, time remaining: 31s
Rendered 3656/4680, time remaining: 31s
Rendered 3657/4680, time remaining: 32s
Rendered 3658/4680, time remaining: 32s
Rendered 3659/4680, time remaining: 32s
Rendered 3660/4680, time remaining: 32s
Rendered 3661/4680, time remaining: 33s
Rendered 3662/4680, time remaining: 32s
Rendered 3663/4680, time remaining: 32s
Rendered 3664/4680, time remaining: 32s
Rendered 3665/4680, time remaining: 32s
Rendered 3666/4680, time remaining: 33s
Rendered 3667/4680, time remaining: 32s
Rendered 3668/4680, time remaining: 33s
Rendered 3669/4680, time remaining: 33s
Rendered 3670/4680, time remaining: 32s
Rendered 3671/4680, time remaining: 32s
Rendered 3672/4680, time remaining: 32s
Rendered 3673/4680, time remaining: 32s
Rendered 3674/4680, time remaining: 33s
Rendered 3675/4680, time remaining: 33s
Rendered 3676/4680, time remaining: 33s
Rendered 3677/4680, time remaining: 33s
Rendered 3678/4680, time remaining: 32s
Rendered 3679/4680, time remaining: 32s
Rendered 3680/4680, time remaining: 32s
Rendered 3681/4680, time remaining: 32s
Rendered 3682/4680, time remaining: 32s
Rendered 3683/4680, time remaining: 32s
Rendered 3684/4680, time remaining: 32s
Rendered 3685/4680, time remaining: 33s
Rendered 3686/4680, time remaining: 32s
Rendered 3687/4680, time remaining: 31s
Rendered 3688/4680, time remaining: 32s
Rendered 3689/4680, time remaining: 32s
Rendered 3690/4680, time remaining: 32s
Rendered 3691/4680, time remaining: 32s
Rendered 3692/4680, time remaining: 32s
Rendered 3693/4680, time remaining: 33s
Rendered 3694/4680, time remaining: 32s
Rendered 3695/4680, time remaining: 32s
Rendered 3696/4680, time remaining: 32s
Rendered 3697/4680, time remaining: 31s
Rendered 3698/4680, time remaining: 32s
Rendered 3699/4680, time remaining: 32s
Rendered 3700/4680, time remaining: 31s
Rendered 3701/4680, time remaining: 32s
Rendered 3702/4680, time remaining: 32s
Rendered 3703/4680, time remaining: 32s
Rendered 3704/4680, time remaining: 32s
Rendered 3705/4680, time remaining: 32s
Rendered 3706/4680, time remaining: 31s
Rendered 3707/4680, time remaining: 31s
Rendered 3708/4680, time remaining: 31s
Rendered 3709/4680, time remaining: 32s
Rendered 3710/4680, time remaining: 31s
Rendered 3711/4680, time remaining: 31s
Rendered 3712/4680, time remaining: 32s
Rendered 3713/4680, time remaining: 32s
Rendered 3714/4680, time remaining: 32s
Rendered 3715/4680, time remaining: 31s
Rendered 3716/4680, time remaining: 31s
Rendered 3717/4680, time remaining: 31s
Rendered 3718/4680, time remaining: 31s
Rendered 3719/4680, time remaining: 31s
Rendered 3720/4680, time remaining: 32s
Rendered 3721/4680, time remaining: 32s
Rendered 3722/4680, time remaining: 31s
Rendered 3723/4680, time remaining: 31s
Rendered 3724/4680, time remaining: 31s
Rendered 3725/4680, time remaining: 31s
Rendered 3726/4680, time remaining: 31s
Rendered 3727/4680, time remaining: 31s
Rendered 3728/4680, time remaining: 31s
Rendered 3729/4680, time remaining: 31s
Rendered 3730/4680, time remaining: 31s
Rendered 3731/4680, time remaining: 31s
Rendered 3732/4680, time remaining: 31s
Rendered 3733/4680, time remaining: 31s
Rendered 3734/4680, time remaining: 31s
Rendered 3735/4680, time remaining: 31s
Rendered 3736/4680, time remaining: 31s
Rendered 3737/4680, time remaining: 31s
Rendered 3738/4680, time remaining: 30s
Rendered 3739/4680, time remaining: 31s
Rendered 3740/4680, time remaining: 30s
Rendered 3741/4680, time remaining: 30s
Rendered 3742/4680, time remaining: 31s
Rendered 3743/4680, time remaining: 31s
Rendered 3744/4680, time remaining: 31s
Rendered 3745/4680, time remaining: 30s
Rendered 3746/4680, time remaining: 30s
Rendered 3747/4680, time remaining: 30s
Rendered 3748/4680, time remaining: 30s
Rendered 3749/4680, time remaining: 30s
Rendered 3750/4680, time remaining: 30s
Rendered 3751/4680, time remaining: 30s
Rendered 3752/4680, time remaining: 30s
Rendered 3753/4680, time remaining: 30s
Rendered 3754/4680, time remaining: 30s
Rendered 3755/4680, time remaining: 30s
Rendered 3756/4680, time remaining: 30s
Rendered 3757/4680, time remaining: 30s
Rendered 3758/4680, time remaining: 30s
Rendered 3759/4680, time remaining: 30s
Rendered 3760/4680, time remaining: 30s
Rendered 3761/4680, time remaining: 30s
Rendered 3762/4680, time remaining: 30s
Rendered 3763/4680, time remaining: 30s
Rendered 3764/4680, time remaining: 30s
Rendered 3765/4680, time remaining: 30s
Rendered 3766/4680, time remaining: 30s
Rendered 3767/4680, time remaining: 29s
Rendered 3768/4680, time remaining: 29s
Rendered 3769/4680, time remaining: 29s
Rendered 3770/4680, time remaining: 30s
Rendered 3771/4680, time remaining: 30s
Rendered 3772/4680, time remaining: 30s
Rendered 3773/4680, time remaining: 30s
Rendered 3774/4680, time remaining: 30s
Rendered 3775/4680, time remaining: 29s
Rendered 3776/4680, time remaining: 29s
Rendered 3777/4680, time remaining: 29s
Rendered 3778/4680, time remaining: 30s
Rendered 3779/4680, time remaining: 30s
Rendered 3780/4680, time remaining: 30s
Rendered 3781/4680, time remaining: 29s
Rendered 3782/4680, time remaining: 29s
Rendered 3783/4680, time remaining: 29s
Rendered 3784/4680, time remaining: 29s
Rendered 3785/4680, time remaining: 29s
Rendered 3786/4680, time remaining: 29s
Rendered 3787/4680, time remaining: 29s
Rendered 3788/4680, time remaining: 29s
Rendered 3789/4680, time remaining: 29s
Rendered 3790/4680, time remaining: 29s
Rendered 3791/4680, time remaining: 29s
Rendered 3792/4680, time remaining: 29s
Rendered 3793/4680, time remaining: 29s
Rendered 3794/4680, time remaining: 29s
Rendered 3795/4680, time remaining: 29s
Rendered 3796/4680, time remaining: 29s
Rendered 3797/4680, time remaining: 29s
Rendered 3798/4680, time remaining: 29s
Rendered 3799/4680, time remaining: 29s
Rendered 3800/4680, time remaining: 29s
Rendered 3801/4680, time remaining: 29s
Rendered 3802/4680, time remaining: 28s
Rendered 3803/4680, time remaining: 28s
Rendered 3804/4680, time remaining: 29s
Rendered 3805/4680, time remaining: 29s
Rendered 3806/4680, time remaining: 29s
Rendered 3807/4680, time remaining: 28s
Rendered 3808/4680, time remaining: 28s
Rendered 3809/4680, time remaining: 28s
Rendered 3810/4680, time remaining: 28s
Rendered 3811/4680, time remaining: 28s
Rendered 3812/4680, time remaining: 28s
Rendered 3813/4680, time remaining: 28s
Rendered 3814/4680, time remaining: 28s
Rendered 3815/4680, time remaining: 28s
Rendered 3816/4680, time remaining: 28s
Rendered 3817/4680, time remaining: 28s
Rendered 3818/4680, time remaining: 28s
Rendered 3819/4680, time remaining: 28s
Rendered 3820/4680, time remaining: 28s
Rendered 3821/4680, time remaining: 28s
Rendered 3822/4680, time remaining: 28s
Rendered 3823/4680, time remaining: 28s
Rendered 3824/4680, time remaining: 27s
Rendered 3825/4680, time remaining: 28s
Rendered 3826/4680, time remaining: 28s
Rendered 3827/4680, time remaining: 28s
Rendered 3828/4680, time remaining: 28s
Rendered 3829/4680, time remaining: 27s
Rendered 3830/4680, time remaining: 27s
Rendered 3831/4680, time remaining: 27s
Rendered 3832/4680, time remaining: 27s
Rendered 3833/4680, time remaining: 28s
Rendered 3834/4680, time remaining: 28s
Rendered 3835/4680, time remaining: 27s
Rendered 3836/4680, time remaining: 27s
Rendered 3837/4680, time remaining: 27s
Rendered 3838/4680, time remaining: 27s
Rendered 3839/4680, time remaining: 27s
Rendered 3840/4680, time remaining: 27s
Rendered 3841/4680, time remaining: 27s
Rendered 3842/4680, time remaining: 27s
Rendered 3843/4680, time remaining: 27s
Rendered 3844/4680, time remaining: 27s
Rendered 3845/4680, time remaining: 27s
Rendered 3846/4680, time remaining: 27s
Rendered 3847/4680, time remaining: 27s
Rendered 3848/4680, time remaining: 27s
Rendered 3849/4680, time remaining: 27s
Rendered 3850/4680, time remaining: 27s
Rendered 3851/4680, time remaining: 26s
Rendered 3852/4680, time remaining: 27s
Rendered 3853/4680, time remaining: 27s
Rendered 3854/4680, time remaining: 27s
Rendered 3855/4680, time remaining: 27s
Rendered 3856/4680, time remaining: 27s
Rendered 3857/4680, time remaining: 27s
Rendered 3858/4680, time remaining: 27s
Rendered 3859/4680, time remaining: 26s
Rendered 3860/4680, time remaining: 26s
Rendered 3861/4680, time remaining: 27s
Rendered 3862/4680, time remaining: 26s
Rendered 3863/4680, time remaining: 26s
Rendered 3864/4680, time remaining: 26s
Rendered 3865/4680, time remaining: 26s
Rendered 3866/4680, time remaining: 26s
Rendered 3867/4680, time remaining: 26s
Rendered 3868/4680, time remaining: 27s
Rendered 3869/4680, time remaining: 27s
Rendered 3870/4680, time remaining: 26s
Rendered 3871/4680, time remaining: 26s
Rendered 3872/4680, time remaining: 26s
Rendered 3873/4680, time remaining: 26s
Rendered 3874/4680, time remaining: 26s
Rendered 3875/4680, time remaining: 25s
Rendered 3876/4680, time remaining: 26s
Rendered 3877/4680, time remaining: 26s
Rendered 3878/4680, time remaining: 26s
Rendered 3879/4680, time remaining: 26s
Rendered 3880/4680, time remaining: 26s
Rendered 3881/4680, time remaining: 25s
Rendered 3882/4680, time remaining: 25s
Rendered 3883/4680, time remaining: 26s
Rendered 3884/4680, time remaining: 26s
Rendered 3885/4680, time remaining: 26s
Rendered 3886/4680, time remaining: 26s
Rendered 3887/4680, time remaining: 25s
Rendered 3888/4680, time remaining: 25s
Rendered 3889/4680, time remaining: 25s
Rendered 3890/4680, time remaining: 25s
Rendered 3891/4680, time remaining: 26s
Rendered 3892/4680, time remaining: 25s
Rendered 3893/4680, time remaining: 25s
Rendered 3894/4680, time remaining: 25s
Rendered 3895/4680, time remaining: 25s
Rendered 3896/4680, time remaining: 25s
Rendered 3897/4680, time remaining: 25s
Rendered 3898/4680, time remaining: 25s
Rendered 3899/4680, time remaining: 25s
Rendered 3900/4680, time remaining: 25s
Rendered 3901/4680, time remaining: 25s
Rendered 3902/4680, time remaining: 25s
Rendered 3903/4680, time remaining: 25s
Rendered 3904/4680, time remaining: 25s
Rendered 3905/4680, time remaining: 25s
Rendered 3906/4680, time remaining: 25s
Rendered 3907/4680, time remaining: 25s
Rendered 3908/4680, time remaining: 24s
Rendered 3909/4680, time remaining: 24s
Rendered 3910/4680, time remaining: 25s
Rendered 3911/4680, time remaining: 25s
Rendered 3912/4680, time remaining: 24s
Rendered 3913/4680, time remaining: 24s
Rendered 3914/4680, time remaining: 24s
Rendered 3915/4680, time remaining: 24s
Rendered 3916/4680, time remaining: 24s
Rendered 3917/4680, time remaining: 24s
Rendered 3918/4680, time remaining: 24s
Rendered 3919/4680, time remaining: 25s
Rendered 3920/4680, time remaining: 24s
Rendered 3921/4680, time remaining: 24s
Rendered 3922/4680, time remaining: 24s
Rendered 3923/4680, time remaining: 24s
Rendered 3924/4680, time remaining: 24s
Rendered 3925/4680, time remaining: 24s
Rendered 3926/4680, time remaining: 24s
Rendered 3927/4680, time remaining: 24s
Rendered 3928/4680, time remaining: 24s
Rendered 3929/4680, time remaining: 24s
Rendered 3930/4680, time remaining: 24s
Rendered 3931/4680, time remaining: 24s
Rendered 3932/4680, time remaining: 24s
Rendered 3933/4680, time remaining: 24s
Rendered 3934/4680, time remaining: 24s
Rendered 3935/4680, time remaining: 24s
Rendered 3936/4680, time remaining: 23s
Rendered 3937/4680, time remaining: 23s
Rendered 3938/4680, time remaining: 23s
Rendered 3939/4680, time remaining: 23s
Rendered 3940/4680, time remaining: 23s
Rendered 3941/4680, time remaining: 24s
Rendered 3942/4680, time remaining: 24s
Rendered 3943/4680, time remaining: 24s
Rendered 3944/4680, time remaining: 23s
Rendered 3945/4680, time remaining: 24s
Rendered 3946/4680, time remaining: 23s
Rendered 3947/4680, time remaining: 23s
Rendered 3948/4680, time remaining: 23s
Rendered 3949/4680, time remaining: 23s
Rendered 3950/4680, time remaining: 23s
Rendered 3951/4680, time remaining: 23s
Rendered 3952/4680, time remaining: 23s
Rendered 3953/4680, time remaining: 23s
Rendered 3954/4680, time remaining: 23s
Rendered 3955/4680, time remaining: 23s
Rendered 3956/4680, time remaining: 23s
Rendered 3957/4680, time remaining: 23s
Rendered 3958/4680, time remaining: 22s
Rendered 3959/4680, time remaining: 23s
Rendered 3960/4680, time remaining: 23s
Rendered 3961/4680, time remaining: 23s
Rendered 3962/4680, time remaining: 23s
Rendered 3963/4680, time remaining: 23s
Rendered 3964/4680, time remaining: 23s
Rendered 3965/4680, time remaining: 23s
Rendered 3966/4680, time remaining: 23s
Rendered 3967/4680, time remaining: 23s
Rendered 3968/4680, time remaining: 22s
Rendered 3969/4680, time remaining: 23s
Rendered 3970/4680, time remaining: 23s
Rendered 3971/4680, time remaining: 23s
Rendered 3972/4680, time remaining: 23s
Rendered 3973/4680, time remaining: 22s
Rendered 3974/4680, time remaining: 23s
Rendered 3975/4680, time remaining: 22s
Rendered 3976/4680, time remaining: 23s
Rendered 3977/4680, time remaining: 22s
Rendered 3978/4680, time remaining: 22s
Rendered 3979/4680, time remaining: 22s
Rendered 3980/4680, time remaining: 22s
Rendered 3981/4680, time remaining: 22s
Rendered 3982/4680, time remaining: 22s
Rendered 3983/4680, time remaining: 22s
Rendered 3984/4680, time remaining: 22s
Rendered 3985/4680, time remaining: 22s
Rendered 3986/4680, time remaining: 22s
Rendered 3987/4680, time remaining: 22s
Rendered 3988/4680, time remaining: 22s
Rendered 3989/4680, time remaining: 22s
Rendered 3990/4680, time remaining: 22s
Rendered 3991/4680, time remaining: 22s
Rendered 3992/4680, time remaining: 22s
Rendered 3993/4680, time remaining: 22s
Rendered 3994/4680, time remaining: 22s
Rendered 3995/4680, time remaining: 22s
Rendered 3996/4680, time remaining: 22s
Rendered 3997/4680, time remaining: 22s
Rendered 3998/4680, time remaining: 22s
Rendered 3999/4680, time remaining: 22s
Rendered 4000/4680, time remaining: 21s
Rendered 4001/4680, time remaining: 22s
Rendered 4002/4680, time remaining: 21s
Rendered 4003/4680, time remaining: 21s
Rendered 4004/4680, time remaining: 22s
Rendered 4005/4680, time remaining: 22s
Rendered 4006/4680, time remaining: 22s
Rendered 4007/4680, time remaining: 22s
Rendered 4008/4680, time remaining: 21s
Rendered 4009/4680, time remaining: 21s
Rendered 4010/4680, time remaining: 21s
Rendered 4011/4680, time remaining: 21s
Rendered 4012/4680, time remaining: 21s
Rendered 4013/4680, time remaining: 21s
Rendered 4014/4680, time remaining: 21s
Rendered 4015/4680, time remaining: 22s
Rendered 4016/4680, time remaining: 21s
Rendered 4017/4680, time remaining: 21s
Rendered 4018/4680, time remaining: 21s
Rendered 4019/4680, time remaining: 21s
Rendered 4020/4680, time remaining: 21s
Rendered 4021/4680, time remaining: 21s
Rendered 4022/4680, time remaining: 21s
Rendered 4023/4680, time remaining: 21s
Rendered 4024/4680, time remaining: 21s
Rendered 4025/4680, time remaining: 21s
Rendered 4026/4680, time remaining: 21s
Rendered 4027/4680, time remaining: 20s
Rendered 4028/4680, time remaining: 20s
Rendered 4029/4680, time remaining: 20s
Rendered 4030/4680, time remaining: 21s
Rendered 4031/4680, time remaining: 21s
Rendered 4032/4680, time remaining: 21s
Rendered 4033/4680, time remaining: 21s
Rendered 4034/4680, time remaining: 21s
Rendered 4035/4680, time remaining: 20s
Rendered 4036/4680, time remaining: 20s
Rendered 4037/4680, time remaining: 20s
Rendered 4038/4680, time remaining: 21s
Rendered 4039/4680, time remaining: 21s
Rendered 4040/4680, time remaining: 20s
Rendered 4041/4680, time remaining: 20s
Rendered 4042/4680, time remaining: 20s
Rendered 4043/4680, time remaining: 20s
Rendered 4044/4680, time remaining: 20s
Rendered 4045/4680, time remaining: 20s
Rendered 4046/4680, time remaining: 20s
Rendered 4047/4680, time remaining: 20s
Rendered 4048/4680, time remaining: 20s
Rendered 4049/4680, time remaining: 20s
Rendered 4050/4680, time remaining: 20s
Rendered 4051/4680, time remaining: 20s
Rendered 4052/4680, time remaining: 20s
Rendered 4053/4680, time remaining: 20s
Rendered 4054/4680, time remaining: 20s
Rendered 4055/4680, time remaining: 20s
Rendered 4056/4680, time remaining: 20s
Rendered 4057/4680, time remaining: 20s
Rendered 4058/4680, time remaining: 20s
Rendered 4059/4680, time remaining: 20s
Rendered 4060/4680, time remaining: 19s
Rendered 4061/4680, time remaining: 20s
Rendered 4062/4680, time remaining: 20s
Rendered 4063/4680, time remaining: 20s
Rendered 4064/4680, time remaining: 20s
Rendered 4065/4680, time remaining: 19s
Rendered 4066/4680, time remaining: 19s
Rendered 4067/4680, time remaining: 19s
Rendered 4068/4680, time remaining: 19s
Rendered 4069/4680, time remaining: 19s
Rendered 4070/4680, time remaining: 19s
Rendered 4071/4680, time remaining: 19s
Rendered 4072/4680, time remaining: 19s
Rendered 4073/4680, time remaining: 19s
Rendered 4074/4680, time remaining: 19s
Rendered 4075/4680, time remaining: 19s
Rendered 4076/4680, time remaining: 19s
Rendered 4077/4680, time remaining: 19s
Rendered 4078/4680, time remaining: 19s
Rendered 4079/4680, time remaining: 19s
Rendered 4080/4680, time remaining: 19s
Rendered 4081/4680, time remaining: 19s
Rendered 4082/4680, time remaining: 19s
Rendered 4083/4680, time remaining: 19s
Rendered 4084/4680, time remaining: 19s
Rendered 4085/4680, time remaining: 19s
Rendered 4086/4680, time remaining: 19s
Rendered 4087/4680, time remaining: 19s
Rendered 4088/4680, time remaining: 19s
Rendered 4089/4680, time remaining: 19s
Rendered 4090/4680, time remaining: 19s
Rendered 4091/4680, time remaining: 19s
Rendered 4092/4680, time remaining: 18s
Rendered 4093/4680, time remaining: 19s
Rendered 4094/4680, time remaining: 18s
Rendered 4095/4680, time remaining: 19s
Rendered 4096/4680, time remaining: 19s
Rendered 4097/4680, time remaining: 18s
Rendered 4098/4680, time remaining: 18s
Rendered 4099/4680, time remaining: 18s
Rendered 4100/4680, time remaining: 18s
Rendered 4101/4680, time remaining: 18s
Rendered 4102/4680, time remaining: 18s
Rendered 4103/4680, time remaining: 18s
Rendered 4104/4680, time remaining: 18s
Rendered 4105/4680, time remaining: 18s
Rendered 4106/4680, time remaining: 18s
Rendered 4107/4680, time remaining: 18s
Rendered 4108/4680, time remaining: 18s
Rendered 4109/4680, time remaining: 18s
Rendered 4110/4680, time remaining: 18s
Rendered 4111/4680, time remaining: 18s
Rendered 4112/4680, time remaining: 18s
Rendered 4113/4680, time remaining: 18s
Rendered 4114/4680, time remaining: 18s
Rendered 4115/4680, time remaining: 18s
Rendered 4116/4680, time remaining: 18s
Rendered 4117/4680, time remaining: 18s
Rendered 4118/4680, time remaining: 18s
Rendered 4119/4680, time remaining: 18s
Rendered 4120/4680, time remaining: 18s
Rendered 4121/4680, time remaining: 18s
Rendered 4122/4680, time remaining: 18s
Rendered 4123/4680, time remaining: 18s
Rendered 4124/4680, time remaining: 18s
Rendered 4125/4680, time remaining: 18s
Rendered 4126/4680, time remaining: 17s
Rendered 4127/4680, time remaining: 17s
Rendered 4128/4680, time remaining: 18s
Rendered 4129/4680, time remaining: 18s
Rendered 4130/4680, time remaining: 18s
Rendered 4131/4680, time remaining: 18s
Rendered 4132/4680, time remaining: 17s
Rendered 4133/4680, time remaining: 18s
Rendered 4134/4680, time remaining: 17s
Rendered 4135/4680, time remaining: 17s
Rendered 4136/4680, time remaining: 17s
Rendered 4137/4680, time remaining: 17s
Rendered 4138/4680, time remaining: 17s
Rendered 4139/4680, time remaining: 17s
Rendered 4140/4680, time remaining: 17s
Rendered 4141/4680, time remaining: 17s
Rendered 4142/4680, time remaining: 17s
Rendered 4143/4680, time remaining: 17s
Rendered 4144/4680, time remaining: 17s
Rendered 4145/4680, time remaining: 17s
Rendered 4146/4680, time remaining: 17s
Rendered 4147/4680, time remaining: 16s
Rendered 4148/4680, time remaining: 17s
Rendered 4149/4680, time remaining: 17s
Rendered 4150/4680, time remaining: 17s
Rendered 4151/4680, time remaining: 17s
Rendered 4152/4680, time remaining: 17s
Rendered 4153/4680, time remaining: 17s
Rendered 4154/4680, time remaining: 16s
Rendered 4155/4680, time remaining: 17s
Rendered 4156/4680, time remaining: 17s
Rendered 4157/4680, time remaining: 17s
Rendered 4158/4680, time remaining: 16s
Rendered 4159/4680, time remaining: 17s
Rendered 4160/4680, time remaining: 17s
Rendered 4161/4680, time remaining: 17s
Rendered 4162/4680, time remaining: 16s
Rendered 4163/4680, time remaining: 17s
Rendered 4164/4680, time remaining: 17s
Rendered 4165/4680, time remaining: 16s
Rendered 4166/4680, time remaining: 16s
Rendered 4167/4680, time remaining: 16s
Rendered 4168/4680, time remaining: 16s
Rendered 4169/4680, time remaining: 16s
Rendered 4170/4680, time remaining: 16s
Rendered 4171/4680, time remaining: 16s
Rendered 4172/4680, time remaining: 16s
Rendered 4173/4680, time remaining: 16s
Rendered 4174/4680, time remaining: 16s
Rendered 4175/4680, time remaining: 16s
Rendered 4176/4680, time remaining: 16s
Rendered 4177/4680, time remaining: 16s
Rendered 4178/4680, time remaining: 16s
Rendered 4179/4680, time remaining: 16s
Rendered 4180/4680, time remaining: 16s
Rendered 4181/4680, time remaining: 16s
Rendered 4182/4680, time remaining: 16s
Rendered 4183/4680, time remaining: 16s
Rendered 4184/4680, time remaining: 16s
Rendered 4185/4680, time remaining: 16s
Rendered 4186/4680, time remaining: 16s
Rendered 4187/4680, time remaining: 16s
Rendered 4188/4680, time remaining: 16s
Rendered 4189/4680, time remaining: 16s
Rendered 4190/4680, time remaining: 15s
Rendered 4191/4680, time remaining: 15s
Rendered 4192/4680, time remaining: 16s
Rendered 4193/4680, time remaining: 15s
Rendered 4194/4680, time remaining: 15s
Rendered 4195/4680, time remaining: 16s
Rendered 4196/4680, time remaining: 16s
Rendered 4197/4680, time remaining: 15s
Rendered 4198/4680, time remaining: 15s
Rendered 4199/4680, time remaining: 15s
Rendered 4200/4680, time remaining: 15s
Rendered 4201/4680, time remaining: 15s
Rendered 4202/4680, time remaining: 15s
Rendered 4203/4680, time remaining: 15s
Rendered 4204/4680, time remaining: 15s
Rendered 4205/4680, time remaining: 15s
Rendered 4206/4680, time remaining: 15s
Rendered 4207/4680, time remaining: 15s
Rendered 4208/4680, time remaining: 15s
Rendered 4209/4680, time remaining: 15s
Rendered 4210/4680, time remaining: 15s
Rendered 4211/4680, time remaining: 15s
Rendered 4212/4680, time remaining: 15s
Rendered 4213/4680, time remaining: 15s
Rendered 4214/4680, time remaining: 15s
Rendered 4215/4680, time remaining: 15s
Rendered 4216/4680, time remaining: 15s
Rendered 4217/4680, time remaining: 15s
Rendered 4218/4680, time remaining: 15s
Rendered 4219/4680, time remaining: 15s
Rendered 4220/4680, time remaining: 15s
Rendered 4221/4680, time remaining: 15s
Rendered 4222/4680, time remaining: 15s
Rendered 4223/4680, time remaining: 14s
Rendered 4224/4680, time remaining: 15s
Rendered 4225/4680, time remaining: 15s
Rendered 4226/4680, time remaining: 15s
Rendered 4227/4680, time remaining: 14s
Rendered 4228/4680, time remaining: 14s
Rendered 4229/4680, time remaining: 15s
Rendered 4230/4680, time remaining: 14s
Rendered 4231/4680, time remaining: 14s
Rendered 4232/4680, time remaining: 14s
Rendered 4233/4680, time remaining: 14s
Rendered 4234/4680, time remaining: 14s
Rendered 4235/4680, time remaining: 14s
Rendered 4236/4680, time remaining: 14s
Rendered 4237/4680, time remaining: 14s
Rendered 4238/4680, time remaining: 14s
Rendered 4239/4680, time remaining: 14s
Rendered 4240/4680, time remaining: 14s
Rendered 4241/4680, time remaining: 14s
Rendered 4242/4680, time remaining: 14s
Rendered 4243/4680, time remaining: 14s
Rendered 4244/4680, time remaining: 14s
Rendered 4245/4680, time remaining: 14s
Rendered 4246/4680, time remaining: 14s
Rendered 4247/4680, time remaining: 14s
Rendered 4248/4680, time remaining: 14s
Rendered 4249/4680, time remaining: 14s
Rendered 4250/4680, time remaining: 14s
Rendered 4251/4680, time remaining: 14s
Rendered 4252/4680, time remaining: 14s
Rendered 4253/4680, time remaining: 14s
Rendered 4254/4680, time remaining: 13s
Rendered 4255/4680, time remaining: 13s
Rendered 4256/4680, time remaining: 14s
Rendered 4257/4680, time remaining: 13s
Rendered 4258/4680, time remaining: 14s
Rendered 4259/4680, time remaining: 14s
Rendered 4260/4680, time remaining: 14s
Rendered 4261/4680, time remaining: 13s
Rendered 4262/4680, time remaining: 13s
Rendered 4263/4680, time remaining: 13s
Rendered 4264/4680, time remaining: 13s
Rendered 4265/4680, time remaining: 13s
Rendered 4266/4680, time remaining: 13s
Rendered 4267/4680, time remaining: 13s
Rendered 4268/4680, time remaining: 13s
Rendered 4269/4680, time remaining: 13s
Rendered 4270/4680, time remaining: 13s
Rendered 4271/4680, time remaining: 13s
Rendered 4272/4680, time remaining: 13s
Rendered 4273/4680, time remaining: 13s
Rendered 4274/4680, time remaining: 13s
Rendered 4275/4680, time remaining: 13s
Rendered 4276/4680, time remaining: 13s
Rendered 4277/4680, time remaining: 13s
Rendered 4278/4680, time remaining: 13s
Rendered 4279/4680, time remaining: 13s
Rendered 4280/4680, time remaining: 13s
Rendered 4281/4680, time remaining: 13s
Rendered 4282/4680, time remaining: 13s
Rendered 4283/4680, time remaining: 12s
Rendered 4284/4680, time remaining: 13s
Rendered 4285/4680, time remaining: 13s
Rendered 4286/4680, time remaining: 13s
Rendered 4287/4680, time remaining: 12s
Rendered 4288/4680, time remaining: 12s
Rendered 4289/4680, time remaining: 12s
Rendered 4290/4680, time remaining: 12s
Rendered 4291/4680, time remaining: 12s
Rendered 4292/4680, time remaining: 12s
Rendered 4293/4680, time remaining: 12s
Rendered 4294/4680, time remaining: 12s
Rendered 4295/4680, time remaining: 12s
Rendered 4296/4680, time remaining: 12s
Rendered 4297/4680, time remaining: 12s
Rendered 4298/4680, time remaining: 12s
Rendered 4299/4680, time remaining: 12s
Rendered 4300/4680, time remaining: 12s
Rendered 4301/4680, time remaining: 12s
Rendered 4302/4680, time remaining: 12s
Rendered 4303/4680, time remaining: 12s
Rendered 4304/4680, time remaining: 12s
Rendered 4305/4680, time remaining: 12s
Rendered 4306/4680, time remaining: 12s
Rendered 4307/4680, time remaining: 12s
Rendered 4308/4680, time remaining: 12s
Rendered 4309/4680, time remaining: 12s
Rendered 4310/4680, time remaining: 12s
Rendered 4311/4680, time remaining: 12s
Rendered 4312/4680, time remaining: 12s
Rendered 4313/4680, time remaining: 12s
Rendered 4314/4680, time remaining: 12s
Rendered 4315/4680, time remaining: 11s
Rendered 4316/4680, time remaining: 12s
Rendered 4317/4680, time remaining: 12s
Rendered 4318/4680, time remaining: 11s
Rendered 4319/4680, time remaining: 11s
Rendered 4320/4680, time remaining: 11s
Rendered 4321/4680, time remaining: 11s
Rendered 4322/4680, time remaining: 11s
Rendered 4323/4680, time remaining: 11s
Rendered 4324/4680, time remaining: 12s
Rendered 4325/4680, time remaining: 11s
Rendered 4326/4680, time remaining: 12s
Rendered 4327/4680, time remaining: 12s
Rendered 4328/4680, time remaining: 12s
Rendered 4329/4680, time remaining: 12s
Rendered 4330/4680, time remaining: 12s
Rendered 4331/4680, time remaining: 12s
Rendered 4332/4680, time remaining: 12s
Rendered 4333/4680, time remaining: 12s
Rendered 4334/4680, time remaining: 12s
Rendered 4335/4680, time remaining: 12s
Rendered 4336/4680, time remaining: 12s
Rendered 4337/4680, time remaining: 11s
Rendered 4338/4680, time remaining: 12s
Rendered 4339/4680, time remaining: 12s
Rendered 4340/4680, time remaining: 12s
Rendered 4341/4680, time remaining: 12s
Rendered 4342/4680, time remaining: 11s
Rendered 4343/4680, time remaining: 11s
Rendered 4344/4680, time remaining: 11s
Rendered 4345/4680, time remaining: 11s
Rendered 4346/4680, time remaining: 11s
Rendered 4347/4680, time remaining: 11s
Rendered 4348/4680, time remaining: 11s
Rendered 4349/4680, time remaining: 11s
Rendered 4350/4680, time remaining: 11s
Rendered 4351/4680, time remaining: 11s
Rendered 4352/4680, time remaining: 11s
Rendered 4353/4680, time remaining: 11s
Rendered 4354/4680, time remaining: 11s
Rendered 4355/4680, time remaining: 11s
Rendered 4356/4680, time remaining: 11s
Rendered 4357/4680, time remaining: 11s
Rendered 4358/4680, time remaining: 11s
Rendered 4359/4680, time remaining: 11s
Rendered 4360/4680, time remaining: 11s
Rendered 4361/4680, time remaining: 11s
Rendered 4362/4680, time remaining: 11s
Rendered 4363/4680, time remaining: 11s
Rendered 4364/4680, time remaining: 11s
Rendered 4365/4680, time remaining: 11s
Rendered 4366/4680, time remaining: 11s
Rendered 4367/4680, time remaining: 11s
Rendered 4368/4680, time remaining: 11s
Rendered 4369/4680, time remaining: 11s
Rendered 4370/4680, time remaining: 10s
Rendered 4371/4680, time remaining: 11s
Rendered 4372/4680, time remaining: 11s
Rendered 4373/4680, time remaining: 11s
Rendered 4374/4680, time remaining: 10s
Rendered 4375/4680, time remaining: 10s
Rendered 4376/4680, time remaining: 10s
Rendered 4377/4680, time remaining: 10s
Rendered 4378/4680, time remaining: 10s
Rendered 4379/4680, time remaining: 10s
Rendered 4380/4680, time remaining: 10s
Rendered 4381/4680, time remaining: 10s
Rendered 4382/4680, time remaining: 10s
Rendered 4383/4680, time remaining: 10s
Rendered 4384/4680, time remaining: 10s
Rendered 4385/4680, time remaining: 10s
Rendered 4386/4680, time remaining: 10s
Rendered 4387/4680, time remaining: 10s
Rendered 4388/4680, time remaining: 10s
Rendered 4389/4680, time remaining: 10s
Rendered 4390/4680, time remaining: 10s
Rendered 4391/4680, time remaining: 10s
Rendered 4392/4680, time remaining: 10s
Rendered 4393/4680, time remaining: 10s
Rendered 4394/4680, time remaining: 10s
Rendered 4395/4680, time remaining: 10s
Rendered 4396/4680, time remaining: 10s
Rendered 4397/4680, time remaining: 10s
Rendered 4398/4680, time remaining: 10s
Rendered 4399/4680, time remaining: 10s
Rendered 4400/4680, time remaining: 10s
Rendered 4401/4680, time remaining: 10s
Rendered 4402/4680, time remaining: 9s
Rendered 4403/4680, time remaining: 9s
Rendered 4404/4680, time remaining: 9s
Rendered 4405/4680, time remaining: 9s
Rendered 4406/4680, time remaining: 9s
Rendered 4407/4680, time remaining: 9s
Rendered 4408/4680, time remaining: 9s
Rendered 4409/4680, time remaining: 9s
Rendered 4410/4680, time remaining: 9s
Rendered 4411/4680, time remaining: 9s
Rendered 4412/4680, time remaining: 9s
Rendered 4413/4680, time remaining: 9s
Rendered 4414/4680, time remaining: 9s
Rendered 4415/4680, time remaining: 9s
Rendered 4416/4680, time remaining: 9s
Rendered 4417/4680, time remaining: 9s
Rendered 4418/4680, time remaining: 9s
Rendered 4419/4680, time remaining: 9s
Rendered 4420/4680, time remaining: 9s
Rendered 4421/4680, time remaining: 9s
Rendered 4422/4680, time remaining: 9s
Rendered 4423/4680, time remaining: 9s
Rendered 4424/4680, time remaining: 9s
Rendered 4425/4680, time remaining: 9s
Rendered 4426/4680, time remaining: 9s
Rendered 4427/4680, time remaining: 8s
Rendered 4428/4680, time remaining: 8s
Rendered 4429/4680, time remaining: 8s
Rendered 4430/4680, time remaining: 9s
Rendered 4431/4680, time remaining: 9s
Rendered 4432/4680, time remaining: 9s
Rendered 4433/4680, time remaining: 9s
Rendered 4434/4680, time remaining: 8s
Rendered 4435/4680, time remaining: 8s
Rendered 4436/4680, time remaining: 8s
Rendered 4437/4680, time remaining: 8s
Rendered 4438/4680, time remaining: 8s
Rendered 4439/4680, time remaining: 8s
Rendered 4440/4680, time remaining: 8s
Rendered 4441/4680, time remaining: 8s
Rendered 4442/4680, time remaining: 8s
Rendered 4443/4680, time remaining: 8s
Rendered 4444/4680, time remaining: 8s
Rendered 4445/4680, time remaining: 8s
Rendered 4446/4680, time remaining: 8s
Rendered 4447/4680, time remaining: 8s
Rendered 4448/4680, time remaining: 8s
Rendered 4449/4680, time remaining: 8s
Rendered 4450/4680, time remaining: 8s
Rendered 4451/4680, time remaining: 8s
Rendered 4452/4680, time remaining: 8s
Rendered 4453/4680, time remaining: 8s
Rendered 4454/4680, time remaining: 8s
Rendered 4455/4680, time remaining: 8s
Rendered 4456/4680, time remaining: 8s
Rendered 4457/4680, time remaining: 8s
Rendered 4458/4680, time remaining: 8s
Rendered 4459/4680, time remaining: 7s
Rendered 4460/4680, time remaining: 7s
Rendered 4461/4680, time remaining: 7s
Rendered 4462/4680, time remaining: 7s
Rendered 4463/4680, time remaining: 7s
Rendered 4464/4680, time remaining: 7s
Rendered 4465/4680, time remaining: 7s
Rendered 4466/4680, time remaining: 7s
Rendered 4467/4680, time remaining: 7s
Rendered 4468/4680, time remaining: 7s
Rendered 4469/4680, time remaining: 7s
Rendered 4470/4680, time remaining: 7s
Rendered 4471/4680, time remaining: 7s
Rendered 4472/4680, time remaining: 7s
Rendered 4473/4680, time remaining: 7s
Rendered 4474/4680, time remaining: 7s
Rendered 4475/4680, time remaining: 7s
Rendered 4476/4680, time remaining: 7s
Rendered 4477/4680, time remaining: 7s
Rendered 4478/4680, time remaining: 7s
Rendered 4479/4680, time remaining: 7s
Rendered 4480/4680, time remaining: 6s
Rendered 4481/4680, time remaining: 6s
Rendered 4482/4680, time remaining: 6s
Rendered 4483/4680, time remaining: 6s
Rendered 4484/4680, time remaining: 6s
Rendered 4485/4680, time remaining: 6s
Rendered 4486/4680, time remaining: 6s
Rendered 4487/4680, time remaining: 6s
Rendered 4488/4680, time remaining: 6s
Rendered 4489/4680, time remaining: 6s
Rendered 4490/4680, time remaining: 6s
Rendered 4491/4680, time remaining: 6s
Rendered 4492/4680, time remaining: 6s
Rendered 4493/4680, time remaining: 6s
Rendered 4494/4680, time remaining: 6s
Rendered 4495/4680, time remaining: 6s
Rendered 4496/4680, time remaining: 6s
Rendered 4497/4680, time remaining: 6s
Rendered 4498/4680, time remaining: 6s
Rendered 4499/4680, time remaining: 6s
Rendered 4500/4680, time remaining: 6s
Rendered 4501/4680, time remaining: 6s
Rendered 4502/4680, time remaining: 6s
Rendered 4503/4680, time remaining: 6s
Rendered 4504/4680, time remaining: 6s
Rendered 4505/4680, time remaining: 6s
Rendered 4506/4680, time remaining: 6s
Rendered 4507/4680, time remaining: 5s
Rendered 4508/4680, time remaining: 5s
Rendered 4509/4680, time remaining: 5s
Rendered 4510/4680, time remaining: 5s
Rendered 4511/4680, time remaining: 5s
Rendered 4512/4680, time remaining: 5s
Rendered 4513/4680, time remaining: 5s
Rendered 4514/4680, time remaining: 5s
Rendered 4515/4680, time remaining: 5s
Rendered 4516/4680, time remaining: 5s
Rendered 4517/4680, time remaining: 5s
Rendered 4518/4680, time remaining: 5s
Rendered 4519/4680, time remaining: 5s
Rendered 4520/4680, time remaining: 5s
Rendered 4521/4680, time remaining: 5s
Rendered 4522/4680, time remaining: 5s
Rendered 4523/4680, time remaining: 5s
Rendered 4524/4680, time remaining: 5s
Rendered 4525/4680, time remaining: 5s
Rendered 4526/4680, time remaining: 5s
Rendered 4527/4680, time remaining: 5s
Rendered 4528/4680, time remaining: 5s
Rendered 4529/4680, time remaining: 5s
Rendered 4530/4680, time remaining: 5s
Rendered 4531/4680, time remaining: 5s
Rendered 4532/4680, time remaining: 5s
Rendered 4533/4680, time remaining: 5s
Rendered 4534/4680, time remaining: 4s
Rendered 4535/4680, time remaining: 5s
Rendered 4536/4680, time remaining: 4s
Rendered 4537/4680, time remaining: 4s
Rendered 4538/4680, time remaining: 4s
Rendered 4539/4680, time remaining: 4s
Rendered 4540/4680, time remaining: 4s
Rendered 4541/4680, time remaining: 4s
Rendered 4542/4680, time remaining: 4s
Rendered 4543/4680, time remaining: 4s
Rendered 4544/4680, time remaining: 4s
Rendered 4545/4680, time remaining: 4s
Rendered 4546/4680, time remaining: 4s
Rendered 4547/4680, time remaining: 4s
Rendered 4548/4680, time remaining: 4s
Rendered 4549/4680, time remaining: 4s
Rendered 4550/4680, time remaining: 4s
Rendered 4551/4680, time remaining: 4s
Rendered 4552/4680, time remaining: 4s
Rendered 4553/4680, time remaining: 4s
Rendered 4554/4680, time remaining: 4s
Rendered 4555/4680, time remaining: 4s
Rendered 4556/4680, time remaining: 4s
Rendered 4557/4680, time remaining: 4s
Rendered 4558/4680, time remaining: 4s
Rendered 4559/4680, time remaining: 4s
Rendered 4560/4680, time remaining: 4s
Rendered 4561/4680, time remaining: 4s
Rendered 4562/4680, time remaining: 4s
Rendered 4563/4680, time remaining: 3s
Rendered 4564/4680, time remaining: 3s
Rendered 4565/4680, time remaining: 3s
Rendered 4566/4680, time remaining: 3s
Rendered 4567/4680, time remaining: 3s
Rendered 4568/4680, time remaining: 3s
Rendered 4569/4680, time remaining: 3s
Rendered 4570/4680, time remaining: 3s
Rendered 4571/4680, time remaining: 3s
Rendered 4572/4680, time remaining: 3s
Rendered 4573/4680, time remaining: 3s
Rendered 4574/4680, time remaining: 3s
Rendered 4575/4680, time remaining: 3s
Rendered 4576/4680, time remaining: 3s
Rendered 4577/4680, time remaining: 3s
Rendered 4578/4680, time remaining: 3s
Rendered 4579/4680, time remaining: 3s
Rendered 4580/4680, time remaining: 3s
Rendered 4581/4680, time remaining: 3s
Rendered 4582/4680, time remaining: 3s
Rendered 4583/4680, time remaining: 3s
Rendered 4584/4680, time remaining: 3s
Rendered 4585/4680, time remaining: 3s
Rendered 4586/4680, time remaining: 3s
Rendered 4587/4680, time remaining: 3s
Rendered 4588/4680, time remaining: 3s
Rendered 4589/4680, time remaining: 3s
Rendered 4590/4680, time remaining: 3s
Rendered 4591/4680, time remaining: 3s
Rendered 4592/4680, time remaining: 3s
Rendered 4593/4680, time remaining: 3s
Rendered 4594/4680, time remaining: 3s
Rendered 4595/4680, time remaining: 2s
Rendered 4596/4680, time remaining: 2s
Rendered 4597/4680, time remaining: 2s
Rendered 4598/4680, time remaining: 2s
Rendered 4599/4680, time remaining: 2s
Rendered 4600/4680, time remaining: 2s
Rendered 4601/4680, time remaining: 2s
Rendered 4602/4680, time remaining: 2s
Rendered 4603/4680, time remaining: 2s
Rendered 4604/4680, time remaining: 2s
Rendered 4605/4680, time remaining: 2s
Rendered 4606/4680, time remaining: 2s
Rendered 4607/4680, time remaining: 2s
Rendered 4608/4680, time remaining: 2s
Rendered 4609/4680, time remaining: 2s
Rendered 4610/4680, time remaining: 2s
Rendered 4611/4680, time remaining: 2s
Rendered 4612/4680, time remaining: 2s
Rendered 4613/4680, time remaining: 2s
Rendered 4614/4680, time remaining: 2s
Rendered 4615/4680, time remaining: 2s
Rendered 4616/4680, time remaining: 2s
Rendered 4617/4680, time remaining: 2s
Rendered 4618/4680, time remaining: 2s
Rendered 4619/4680, time remaining: 2s
Rendered 4620/4680, time remaining: 2s
Rendered 4621/4680, time remaining: 2s
Rendered 4622/4680, time remaining: 1s
Rendered 4623/4680, time remaining: 1s
Rendered 4624/4680, time remaining: 1s
Rendered 4625/4680, time remaining: 1s
Rendered 4626/4680, time remaining: 1s
Rendered 4627/4680, time remaining: 1s
Rendered 4628/4680, time remaining: 1s
Rendered 4629/4680, time remaining: 1s
Rendered 4630/4680, time remaining: 1s
Rendered 4631/4680, time remaining: 1s
Rendered 4632/4680, time remaining: 1s
Rendered 4633/4680, time remaining: 1s
Rendered 4634/4680, time remaining: 1s
Rendered 4635/4680, time remaining: 1s
Rendered 4636/4680, time remaining: 1s
Rendered 4637/4680, time remaining: 1s
Rendered 4638/4680, time remaining: 1s
Rendered 4639/4680, time remaining: 1s
Rendered 4640/4680, time remaining: 1s
Rendered 4641/4680, time remaining: 1s
Rendered 4642/4680, time remaining: 1s
Rendered 4643/4680, time remaining: 1s
Rendered 4644/4680, time remaining: 1s
Rendered 4645/4680, time remaining: 1s
Rendered 4646/4680, time remaining: 1s
Rendered 4647/4680, time remaining: 1s
Rendered 4648/4680, time remaining: 1s
Rendered 4649/4680, time remaining: 1s
Rendered 4650/4680, time remaining: 1s
Rendered 4651/4680, time remaining: 0s
Rendered 4652/4680, time remaining: 0s
Rendered 4653/4680, time remaining: 0s
Rendered 4654/4680, time remaining: 0s
Rendered 4655/4680, time remaining: 0s
Rendered 4656/4680, time remaining: 0s
Rendered 4657/4680, time remaining: 0s
Rendered 4658/4680, time remaining: 0s
Rendered 4659/4680, time remaining: 0s
Rendered 4660/4680, time remaining: 0s
Rendered 4661/4680, time remaining: 0s
Rendered 4662/4680, time remaining: 0s
Rendered 4663/4680, time remaining: 0s
Rendered 4664/4680, time remaining: 0s
Rendered 4665/4680, time remaining: 0s
Rendered 4666/4680, time remaining: 0s
Rendered 4667/4680, time remaining: 0s
Rendered 4668/4680, time remaining: 0s
Rendered 4669/4680, time remaining: 0s
Rendered 4670/4680, time remaining: 0s
Rendered 4671/4680, time remaining: 0s
Rendered 4672/4680, time remaining: 0s
Rendered 4673/4680, time remaining: 0s
Rendered 4674/4680, time remaining: 0s
Rendered 4675/4680, time remaining: 0s
Rendered 4676/4680, time remaining: 0s
Rendered 4677/4680, time remaining: 0s
Rendered 4678/4680, time remaining: 0s
Rendered 4679/4680, time remaining: 0s
Rendered 4680/4680
Encoded 61/4680
Encoded 144/4680
Encoded 239/4680
Encoded 331/4680
Encoded 403/4680
Encoded 487/4680
Encoded 571/4680
Encoded 670/4680
Encoded 783/4680
Encoded 885/4680
Encoded 973/4680
Encoded 1077/4680
Encoded 1182/4680
Encoded 1286/4680
Encoded 1389/4680
Encoded 1508/4680
Encoded 1626/4680
Encoded 1742/4680
Encoded 1856/4680
Encoded 1969/4680
Encoded 2064/4680
Encoded 2154/4680
Encoded 2247/4680
Encoded 2347/4680
Encoded 2466/4680
Encoded 2560/4680
Encoded 2675/4680
Encoded 2804/4680
Encoded 2929/4680
Encoded 3054/4680
Encoded 3179/4680
Encoded 3304/4680
Encoded 3429/4680
Encoded 3539/4680
Encoded 3627/4680
Encoded 3728/4680
Encoded 3831/4680
Encoded 3936/4680
Encoded 4035/4680
Encoded 4156/4680
Encoded 4270/4680
Encoded 4380/4680
Encoded 4488/4680
Encoded 4590/4680
Encoded 4680/4680
+                    ../projects/import-china-india-te/renders/ch07.mp4 19.4 MB
Bundling 6%
Bundling 16%
Bundling 64%
Bundling 70%
Bundling 75%
Bundling 80%
Bundling 85%
Bundling 91%
Bundling 98%
Bundling 100%
Getting composition
Composition          Explainer
Codec                h264
Output               ../projects/import-china-india-te/renders/ch08.mp4
Concurrency          8x
Rendered 0/3547
Rendered 1/3547, time remaining: 49m 49s
Rendered 2/3547, time remaining: 24m 57s
Rendered 3/3547, time remaining: 16m 39s
Rendered 4/3547, time remaining: 12m 30s
Rendered 5/3547, time remaining: 10m 9s
Rendered 6/3547, time remaining: 9m 13s
Rendered 7/3547, time remaining: 7m 54s
Rendered 8/3547, time remaining: 6m 55s
Rendered 9/3547, time remaining: 6m 57s
Rendered 10/3547, time remaining: 6m 15s
Rendered 11/3547, time remaining: 5m 47s
Rendered 12/3547, time remaining: 5m 19s
Rendered 13/3547, time remaining: 5m 19s
Rendered 14/3547, time remaining: 5m 11s
Rendered 15/3547, time remaining: 5m 2s
Rendered 16/3547, time remaining: 4m 43s
Rendered 17/3547, time remaining: 4m 26s
Rendered 18/3547, time remaining: 4m 38s
Rendered 19/3547, time remaining: 4m 27s
Rendered 20/3547, time remaining: 4m 15s
Rendered 21/3547, time remaining: 4m 4s
Rendered 22/3547, time remaining: 3m 53s
Rendered 23/3547, time remaining: 3m 43s
Rendered 24/3547, time remaining: 3m 35s
Rendered 25/3547, time remaining: 3m 37s
Rendered 26/3547, time remaining: 3m 46s
Rendered 27/3547, time remaining: 3m 41s
Rendered 28/3547, time remaining: 3m 36s
Rendered 29/3547, time remaining: 3m 29s
Rendered 30/3547, time remaining: 3m 24s
Rendered 31/3547, time remaining: 3m 18s
Rendered 32/3547, time remaining: 3m 20s
Rendered 33/3547, time remaining: 3m 14s
Rendered 34/3547, time remaining: 3m 21s
Rendered 35/3547, time remaining: 3m 16s
Rendered 36/3547, time remaining: 3m 17s
Rendered 37/3547, time remaining: 3m 12s
Rendered 38/3547, time remaining: 3m 8s
Rendered 39/3547, time remaining: 3m 4s
Rendered 40/3547, time remaining: 3m 8s
Rendered 41/3547, time remaining: 3m 3s
Rendered 42/3547, time remaining: 2m 59s
Rendered 43/3547, time remaining: 3m 2s
Rendered 44/3547, time remaining: 3m 6s
Rendered 45/3547, time remaining: 3m 2s
Rendered 46/3547, time remaining: 2m 59s
Rendered 47/3547, time remaining: 2m 56s
Rendered 48/3547, time remaining: 2m 57s
Rendered 49/3547, time remaining: 2m 53s
Rendered 50/3547, time remaining: 2m 50s
Rendered 51/3547, time remaining: 2m 46s
Rendered 52/3547, time remaining: 2m 56s
Rendered 53/3547, time remaining: 2m 53s
Rendered 54/3547, time remaining: 2m 50s
Rendered 55/3547, time remaining: 2m 50s
Rendered 56/3547, time remaining: 2m 48s
Rendered 57/3547, time remaining: 2m 45s
Rendered 58/3547, time remaining: 2m 43s
Rendered 59/3547, time remaining: 2m 44s
Rendered 60/3547, time remaining: 2m 48s
Rendered 61/3547, time remaining: 2m 45s
Rendered 62/3547, time remaining: 2m 43s
Rendered 63/3547, time remaining: 2m 45s
Rendered 64/3547, time remaining: 2m 42s
Rendered 65/3547, time remaining: 2m 40s
Rendered 66/3547, time remaining: 2m 37s
Rendered 67/3547, time remaining: 2m 41s
Rendered 68/3547, time remaining: 2m 41s
Rendered 69/3547, time remaining: 2m 39s
Rendered 70/3547, time remaining: 2m 37s
Rendered 71/3547, time remaining: 2m 38s
Rendered 72/3547, time remaining: 2m 36s
Rendered 73/3547, time remaining: 2m 34s
Rendered 74/3547, time remaining: 2m 32s
Rendered 75/3547, time remaining: 2m 38s
Rendered 76/3547, time remaining: 2m 36s
Rendered 77/3547, time remaining: 2m 34s
Rendered 78/3547, time remaining: 2m 35s
Rendered 79/3547, time remaining: 2m 33s
Rendered 80/3547, time remaining: 2m 31s
Rendered 81/3547, time remaining: 2m 30s
Rendered 82/3547, time remaining: 2m 29s
Rendered 83/3547, time remaining: 2m 33s
Rendered 84/3547, time remaining: 2m 32s
Rendered 85/3547, time remaining: 2m 30s
Rendered 86/3547, time remaining: 2m 31s
Rendered 87/3547, time remaining: 2m 29s
Rendered 88/3547, time remaining: 2m 28s
Rendered 89/3547, time remaining: 2m 28s
Rendered 90/3547, time remaining: 2m 27s
Rendered 91/3547, time remaining: 2m 29s
Rendered 92/3547, time remaining: 2m 27s
Rendered 93/3547, time remaining: 2m 26s
Rendered 94/3547, time remaining: 2m 28s
Rendered 95/3547, time remaining: 2m 27s
Rendered 96/3547, time remaining: 2m 26s
Rendered 97/3547, time remaining: 2m 24s
Rendered 98/3547, time remaining: 2m 23s
Rendered 99/3547, time remaining: 2m 24s
Rendered 100/3547, time remaining: 2m 23s
Rendered 101/3547, time remaining: 2m 22s
Rendered 102/3547, time remaining: 2m 25s
Rendered 103/3547, time remaining: 2m 26s
Rendered 104/3547, time remaining: 2m 24s
Rendered 105/3547, time remaining: 2m 23s
Rendered 106/3547, time remaining: 2m 22s
Rendered 107/3547, time remaining: 2m 23s
Rendered 108/3547, time remaining: 2m 22s
Rendered 109/3547, time remaining: 2m 20s
Rendered 110/3547, time remaining: 2m 22s
Rendered 111/3547, time remaining: 2m 23s
Rendered 112/3547, time remaining: 2m 21s
Rendered 113/3547, time remaining: 2m 20s
Rendered 114/3547, time remaining: 2m 19s
Rendered 115/3547, time remaining: 2m 20s
Rendered 116/3547, time remaining: 2m 19s
Rendered 117/3547, time remaining: 2m 18s
Rendered 118/3547, time remaining: 2m 20s
Rendered 119/3547, time remaining: 2m 21s
Rendered 120/3547, time remaining: 2m 20s
Rendered 121/3547, time remaining: 2m 19s
Rendered 122/3547, time remaining: 2m 18s
Rendered 123/3547, time remaining: 2m 19s
Rendered 124/3547, time remaining: 2m 17s
Rendered 125/3547, time remaining: 2m 18s
Rendered 126/3547, time remaining: 2m 17s
Rendered 127/3547, time remaining: 2m 18s
Rendered 128/3547, time remaining: 2m 17s
Rendered 129/3547, time remaining: 2m 16s
Rendered 130/3547, time remaining: 2m 15s
Rendered 131/3547, time remaining: 2m 17s
Rendered 132/3547, time remaining: 2m 16s
Rendered 133/3547, time remaining: 2m 15s
Rendered 134/3547, time remaining: 2m 14s
Rendered 135/3547, time remaining: 2m 17s
Rendered 136/3547, time remaining: 2m 16s
Rendered 137/3547, time remaining: 2m 15s
Rendered 138/3547, time remaining: 2m 14s
Rendered 139/3547, time remaining: 2m 15s
Rendered 140/3547, time remaining: 2m 14s
Rendered 141/3547, time remaining: 2m 13s
Rendered 142/3547, time remaining: 2m 12s
Rendered 143/3547, time remaining: 2m 16s
Rendered 144/3547, time remaining: 2m 15s
Rendered 145/3547, time remaining: 2m 14s
Rendered 146/3547, time remaining: 2m 13s
Rendered 147/3547, time remaining: 2m 14s
Rendered 148/3547, time remaining: 2m 13s
Rendered 149/3547, time remaining: 2m 12s
Rendered 150/3547, time remaining: 2m 11s
Rendered 151/3547, time remaining: 1m 56s
Rendered 152/3547, time remaining: 1m 57s
Rendered 153/3547, time remaining: 1m 57s
Rendered 154/3547, time remaining: 1m 57s
Rendered 155/3547, time remaining: 1m 58s
Rendered 156/3547, time remaining: 1m 56s
Rendered 157/3547, time remaining: 1m 56s
Rendered 158/3547, time remaining: 1m 56s
Rendered 159/3547, time remaining: 1m 58s
Rendered 160/3547, time remaining: 1m 58s
Rendered 161/3547, time remaining: 1m 57s
Rendered 162/3547, time remaining: 1m 57s
Rendered 163/3547, time remaining: 1m 57s
Rendered 164/3547, time remaining: 1m 55s
Rendered 165/3547, time remaining: 1m 54s
Rendered 166/3547, time remaining: 1m 54s
Rendered 167/3547, time remaining: 1m 58s
Rendered 168/3547, time remaining: 1m 55s
Rendered 169/3547, time remaining: 1m 55s
Rendered 170/3547, time remaining: 1m 55s
Rendered 171/3547, time remaining: 1m 56s
Rendered 172/3547, time remaining: 1m 56s
Rendered 173/3547, time remaining: 1m 56s
Rendered 174/3547, time remaining: 1m 56s
Rendered 175/3547, time remaining: 1m 58s
Rendered 176/3547, time remaining: 1m 55s
Rendered 177/3547, time remaining: 1m 55s
Rendered 178/3547, time remaining: 1m 55s
Rendered 179/3547, time remaining: 1m 55s
Rendered 180/3547, time remaining: 1m 55s
Rendered 181/3547, time remaining: 1m 57s
Rendered 182/3547, time remaining: 1m 55s
Rendered 183/3547, time remaining: 1m 57s
Rendered 184/3547, time remaining: 1m 54s
Rendered 185/3547, time remaining: 1m 56s
Rendered 186/3547, time remaining: 1m 54s
Rendered 187/3547, time remaining: 1m 54s
Rendered 188/3547, time remaining: 1m 54s
Rendered 189/3547, time remaining: 1m 55s
Rendered 190/3547, time remaining: 1m 54s
Rendered 191/3547, time remaining: 1m 54s
Rendered 192/3547, time remaining: 1m 56s
Rendered 193/3547, time remaining: 1m 54s
Rendered 194/3547, time remaining: 1m 52s
Rendered 195/3547, time remaining: 1m 54s
Rendered 196/3547, time remaining: 1m 53s
Rendered 197/3547, time remaining: 1m 54s
Rendered 198/3547, time remaining: 1m 54s
Rendered 199/3547, time remaining: 1m 54s
Rendered 200/3547, time remaining: 1m 56s
Rendered 201/3547, time remaining: 1m 56s
Rendered 202/3547, time remaining: 1m 51s
Rendered 203/3547, time remaining: 1m 53s
Rendered 204/3547, time remaining: 1m 53s
Rendered 205/3547, time remaining: 1m 53s
Rendered 206/3547, time remaining: 1m 53s
Rendered 207/3547, time remaining: 1m 53s
Rendered 208/3547, time remaining: 1m 56s
Rendered 209/3547, time remaining: 1m 54s
Rendered 210/3547, time remaining: 1m 52s
Rendered 211/3547, time remaining: 1m 52s
Rendered 212/3547, time remaining: 1m 52s
Rendered 213/3547, time remaining: 1m 52s
Rendered 214/3547, time remaining: 1m 52s
Rendered 215/3547, time remaining: 1m 52s
Rendered 216/3547, time remaining: 1m 54s
Rendered 217/3547, time remaining: 1m 53s
Rendered 218/3547, time remaining: 1m 51s
Rendered 219/3547, time remaining: 1m 51s
Rendered 220/3547, time remaining: 1m 52s
Rendered 221/3547, time remaining: 1m 51s
Rendered 222/3547, time remaining: 1m 54s
Rendered 223/3547, time remaining: 1m 53s
Rendered 224/3547, time remaining: 1m 54s
Rendered 225/3547, time remaining: 1m 50s
Rendered 226/3547, time remaining: 1m 52s
Rendered 227/3547, time remaining: 1m 52s
Rendered 228/3547, time remaining: 1m 51s
Rendered 229/3547, time remaining: 1m 51s
Rendered 230/3547, time remaining: 1m 53s
Rendered 231/3547, time remaining: 1m 52s
Rendered 232/3547, time remaining: 1m 52s
Rendered 233/3547, time remaining: 1m 49s
Rendered 234/3547, time remaining: 1m 50s
Rendered 235/3547, time remaining: 1m 52s
Rendered 236/3547, time remaining: 1m 50s
Rendered 237/3547, time remaining: 1m 52s
Rendered 238/3547, time remaining: 1m 52s
Rendered 239/3547, time remaining: 1m 50s
Rendered 240/3547, time remaining: 1m 51s
Rendered 241/3547, time remaining: 1m 50s
Rendered 242/3547, time remaining: 1m 50s
Rendered 243/3547, time remaining: 1m 51s
Rendered 244/3547, time remaining: 1m 49s
Rendered 245/3547, time remaining: 1m 49s
Rendered 246/3547, time remaining: 1m 49s
Rendered 247/3547, time remaining: 1m 50s
Rendered 248/3547, time remaining: 1m 50s
Rendered 249/3547, time remaining: 1m 52s
Rendered 250/3547, time remaining: 1m 52s
Rendered 251/3547, time remaining: 1m 52s
Rendered 252/3547, time remaining: 1m 50s
Rendered 253/3547, time remaining: 1m 48s
Rendered 254/3547, time remaining: 1m 48s
Rendered 255/3547, time remaining: 1m 48s
Rendered 256/3547, time remaining: 1m 48s
Rendered 257/3547, time remaining: 1m 51s
Rendered 258/3547, time remaining: 1m 51s
Rendered 259/3547, time remaining: 1m 53s
Rendered 260/3547, time remaining: 1m 51s
Rendered 261/3547, time remaining: 1m 50s
Rendered 262/3547, time remaining: 1m 50s
Rendered 263/3547, time remaining: 1m 49s
Rendered 264/3547, time remaining: 1m 49s
Rendered 265/3547, time remaining: 1m 50s
Rendered 266/3547, time remaining: 1m 51s
Rendered 267/3547, time remaining: 1m 52s
Rendered 268/3547, time remaining: 1m 50s
Rendered 269/3547, time remaining: 1m 48s
Rendered 270/3547, time remaining: 1m 48s
Rendered 271/3547, time remaining: 1m 48s
Rendered 272/3547, time remaining: 1m 49s
Rendered 273/3547, time remaining: 1m 50s
Rendered 274/3547, time remaining: 1m 50s
Rendered 275/3547, time remaining: 1m 51s
Rendered 276/3547, time remaining: 1m 51s
Rendered 277/3547, time remaining: 1m 50s
Rendered 278/3547, time remaining: 1m 50s
Rendered 279/3547, time remaining: 1m 50s
Rendered 280/3547, time remaining: 1m 51s
Rendered 281/3547, time remaining: 1m 48s
Rendered 282/3547, time remaining: 1m 50s
Rendered 283/3547, time remaining: 1m 53s
Rendered 284/3547, time remaining: 1m 53s
Rendered 285/3547, time remaining: 1m 49s
Rendered 286/3547, time remaining: 1m 49s
Rendered 287/3547, time remaining: 1m 51s
Rendered 288/3547, time remaining: 1m 51s
Rendered 289/3547, time remaining: 1m 49s
Rendered 290/3547, time remaining: 1m 49s
Rendered 291/3547, time remaining: 1m 52s
Rendered 292/3547, time remaining: 1m 53s
Rendered 293/3547, time remaining: 1m 49s
Rendered 294/3547, time remaining: 1m 49s
Rendered 295/3547, time remaining: 1m 52s
Rendered 296/3547, time remaining: 1m 52s
Rendered 297/3547, time remaining: 1m 50s
Rendered 298/3547, time remaining: 1m 50s
Rendered 299/3547, time remaining: 1m 50s
Rendered 300/3547, time remaining: 1m 51s
Rendered 301/3547, time remaining: 1m 48s
Rendered 302/3547, time remaining: 1m 48s
Rendered 303/3547, time remaining: 1m 49s
Rendered 304/3547, time remaining: 1m 50s
Rendered 305/3547, time remaining: 1m 49s
Rendered 306/3547, time remaining: 1m 49s
Rendered 307/3547, time remaining: 1m 49s
Rendered 308/3547, time remaining: 1m 51s
Rendered 309/3547, time remaining: 1m 48s
Rendered 310/3547, time remaining: 1m 48s
Rendered 311/3547, time remaining: 1m 49s
Rendered 312/3547, time remaining: 1m 49s
Rendered 313/3547, time remaining: 1m 49s
Rendered 314/3547, time remaining: 1m 49s
Rendered 315/3547, time remaining: 1m 50s
Rendered 316/3547, time remaining: 1m 51s
Rendered 317/3547, time remaining: 1m 47s
Rendered 318/3547, time remaining: 1m 47s
Rendered 319/3547, time remaining: 1m 48s
Rendered 320/3547, time remaining: 1m 49s
Rendered 321/3547, time remaining: 1m 50s
Rendered 322/3547, time remaining: 1m 50s
Rendered 323/3547, time remaining: 1m 50s
Rendered 324/3547, time remaining: 1m 50s
Rendered 325/3547, time remaining: 1m 47s
Rendered 326/3547, time remaining: 1m 47s
Rendered 327/3547, time remaining: 1m 46s
Rendered 328/3547, time remaining: 1m 46s
Rendered 329/3547, time remaining: 1m 46s
Rendered 330/3547, time remaining: 1m 46s
Rendered 331/3547, time remaining: 1m 44s
Rendered 332/3547, time remaining: 1m 44s
Rendered 333/3547, time remaining: 1m 43s
Rendered 334/3547, time remaining: 1m 43s
Rendered 335/3547, time remaining: 1m 42s
Rendered 336/3547, time remaining: 1m 42s
Rendered 337/3547, time remaining: 1m 42s
Rendered 338/3547, time remaining: 1m 42s
Rendered 339/3547, time remaining: 1m 41s
Rendered 340/3547, time remaining: 1m 40s
Rendered 341/3547, time remaining: 1m 41s
Rendered 342/3547, time remaining: 1m 41s
Rendered 343/3547, time remaining: 1m 41s
Rendered 344/3547, time remaining: 1m 41s
Rendered 345/3547, time remaining: 1m 41s
Rendered 346/3547, time remaining: 1m 41s
Rendered 347/3547, time remaining: 1m 40s
Rendered 348/3547, time remaining: 1m 39s
Rendered 349/3547, time remaining: 1m 41s
Rendered 350/3547, time remaining: 1m 39s
Rendered 351/3547, time remaining: 1m 40s
Rendered 352/3547, time remaining: 1m 41s
Rendered 353/3547, time remaining: 1m 39s
Rendered 354/3547, time remaining: 1m 40s
Rendered 355/3547, time remaining: 1m 40s
Rendered 356/3547, time remaining: 1m 40s
Rendered 357/3547, time remaining: 1m 41s
Rendered 358/3547, time remaining: 1m 38s
Rendered 359/3547, time remaining: 1m 38s
Rendered 360/3547, time remaining: 1m 38s
Rendered 361/3547, time remaining: 1m 40s
Rendered 362/3547, time remaining: 1m 41s
Rendered 363/3547, time remaining: 1m 40s
Rendered 364/3547, time remaining: 1m 40s
Rendered 365/3547, time remaining: 1m 42s
Rendered 366/3547, time remaining: 1m 39s
Rendered 367/3547, time remaining: 1m 39s
Rendered 368/3547, time remaining: 1m 38s
Rendered 369/3547, time remaining: 1m 40s
Rendered 370/3547, time remaining: 1m 39s
Rendered 371/3547, time remaining: 1m 41s
Rendered 372/3547, time remaining: 1m 39s
Rendered 373/3547, time remaining: 1m 39s
Rendered 374/3547, time remaining: 1m 38s
Rendered 375/3547, time remaining: 1m 38s
Rendered 376/3547, time remaining: 1m 37s
Rendered 377/3547, time remaining: 1m 38s
Rendered 378/3547, time remaining: 1m 38s
Rendered 379/3547, time remaining: 1m 40s
Rendered 380/3547, time remaining: 1m 39s
Rendered 381/3547, time remaining: 1m 40s
Rendered 382/3547, time remaining: 1m 39s
Rendered 383/3547, time remaining: 1m 40s
Rendered 384/3547, time remaining: 1m 40s
Rendered 385/3547, time remaining: 1m 38s
Rendered 386/3547, time remaining: 1m 39s
Rendered 387/3547, time remaining: 1m 39s
Rendered 388/3547, time remaining: 1m 39s
Rendered 389/3547, time remaining: 1m 39s
Rendered 390/3547, time remaining: 1m 39s
Rendered 391/3547, time remaining: 1m 38s
Rendered 392/3547, time remaining: 1m 38s
Rendered 393/3547, time remaining: 1m 38s
Rendered 394/3547, time remaining: 1m 38s
Rendered 395/3547, time remaining: 1m 40s
Rendered 396/3547, time remaining: 1m 40s
Rendered 397/3547, time remaining: 1m 39s
Rendered 398/3547, time remaining: 1m 39s
Rendered 399/3547, time remaining: 1m 36s
Rendered 400/3547, time remaining: 1m 37s
Rendered 401/3547, time remaining: 1m 39s
Rendered 402/3547, time remaining: 1m 39s
Rendered 403/3547, time remaining: 1m 39s
Rendered 404/3547, time remaining: 1m 39s
Rendered 405/3547, time remaining: 1m 39s
Rendered 406/3547, time remaining: 1m 39s
Rendered 407/3547, time remaining: 1m 35s
Rendered 408/3547, time remaining: 1m 39s
Rendered 409/3547, time remaining: 1m 38s
Rendered 410/3547, time remaining: 1m 38s
Rendered 411/3547, time remaining: 1m 39s
Rendered 412/3547, time remaining: 1m 39s
Rendered 413/3547, time remaining: 1m 39s
Rendered 414/3547, time remaining: 1m 39s
Rendered 415/3547, time remaining: 1m 38s
Rendered 416/3547, time remaining: 1m 38s
Rendered 417/3547, time remaining: 1m 38s
Rendered 418/3547, time remaining: 1m 38s
Rendered 419/3547, time remaining: 1m 38s
Rendered 420/3547, time remaining: 1m 38s
Rendered 421/3547, time remaining: 1m 39s
Rendered 422/3547, time remaining: 1m 39s
Rendered 423/3547, time remaining: 1m 36s
Rendered 424/3547, time remaining: 1m 38s
Rendered 425/3547, time remaining: 1m 36s
Rendered 426/3547, time remaining: 1m 36s
Rendered 427/3547, time remaining: 1m 37s
Rendered 428/3547, time remaining: 1m 37s
Rendered 429/3547, time remaining: 1m 39s
Rendered 430/3547, time remaining: 1m 39s
Rendered 431/3547, time remaining: 1m 38s
Rendered 432/3547, time remaining: 1m 37s
Rendered 433/3547, time remaining: 1m 36s
Rendered 434/3547, time remaining: 1m 35s
Rendered 435/3547, time remaining: 1m 35s
Rendered 436/3547, time remaining: 1m 35s
Rendered 437/3547, time remaining: 1m 37s
Rendered 438/3547, time remaining: 1m 37s
Rendered 439/3547, time remaining: 1m 37s
Rendered 440/3547, time remaining: 1m 37s
Rendered 441/3547, time remaining: 1m 36s
Rendered 442/3547, time remaining: 1m 34s
Rendered 443/3547, time remaining: 1m 34s
Rendered 444/3547, time remaining: 1m 36s
Rendered 445/3547, time remaining: 1m 35s
Rendered 446/3547, time remaining: 1m 35s
Rendered 447/3547, time remaining: 1m 35s
Rendered 448/3547, time remaining: 1m 36s
Rendered 449/3547, time remaining: 1m 36s
Rendered 450/3547, time remaining: 1m 35s
Rendered 451/3547, time remaining: 1m 36s
Rendered 452/3547, time remaining: 1m 36s
Rendered 453/3547, time remaining: 1m 36s
Rendered 454/3547, time remaining: 1m 35s
Rendered 455/3547, time remaining: 1m 35s
Rendered 456/3547, time remaining: 1m 36s
Rendered 457/3547, time remaining: 1m 36s
Rendered 458/3547, time remaining: 1m 34s
Rendered 459/3547, time remaining: 1m 34s
Rendered 460/3547, time remaining: 1m 35s
Rendered 461/3547, time remaining: 1m 36s
Rendered 462/3547, time remaining: 1m 36s
Rendered 463/3547, time remaining: 1m 35s
Rendered 464/3547, time remaining: 1m 35s
Rendered 465/3547, time remaining: 1m 34s
Rendered 466/3547, time remaining: 1m 35s
Rendered 467/3547, time remaining: 1m 35s
Rendered 468/3547, time remaining: 1m 36s
Rendered 469/3547, time remaining: 1m 35s
Rendered 470/3547, time remaining: 1m 35s
Rendered 471/3547, time remaining: 1m 35s
Rendered 472/3547, time remaining: 1m 35s
Rendered 473/3547, time remaining: 1m 35s
Rendered 474/3547, time remaining: 1m 36s
Rendered 475/3547, time remaining: 1m 36s
Rendered 476/3547, time remaining: 1m 36s
Rendered 477/3547, time remaining: 1m 35s
Rendered 478/3547, time remaining: 1m 36s
Rendered 479/3547, time remaining: 1m 37s
Rendered 480/3547, time remaining: 1m 37s
Rendered 481/3547, time remaining: 1m 39s
Rendered 482/3547, time remaining: 1m 39s
Rendered 483/3547, time remaining: 1m 39s
Rendered 484/3547, time remaining: 1m 39s
Rendered 485/3547, time remaining: 1m 39s
Rendered 486/3547, time remaining: 1m 39s
Rendered 487/3547, time remaining: 1m 39s
Rendered 488/3547, time remaining: 1m 41s
Rendered 489/3547, time remaining: 1m 43s
Rendered 490/3547, time remaining: 1m 43s
Rendered 491/3547, time remaining: 1m 43s
Rendered 492/3547, time remaining: 1m 41s
Rendered 493/3547, time remaining: 1m 41s
Rendered 494/3547, time remaining: 1m 40s
Rendered 495/3547, time remaining: 1m 39s
Rendered 496/3547, time remaining: 1m 39s
Rendered 497/3547, time remaining: 1m 43s
Rendered 498/3547, time remaining: 1m 43s
Rendered 499/3547, time remaining: 1m 42s
Rendered 500/3547, time remaining: 1m 42s
Rendered 501/3547, time remaining: 1m 41s
Rendered 502/3547, time remaining: 1m 40s
Rendered 503/3547, time remaining: 1m 40s
Rendered 504/3547, time remaining: 1m 40s
Rendered 505/3547, time remaining: 1m 42s
Rendered 506/3547, time remaining: 1m 42s
Rendered 507/3547, time remaining: 1m 43s
Rendered 508/3547, time remaining: 1m 43s
Rendered 509/3547, time remaining: 1m 43s
Rendered 510/3547, time remaining: 1m 42s
Rendered 511/3547, time remaining: 1m 41s
Rendered 512/3547, time remaining: 1m 41s
Rendered 513/3547, time remaining: 1m 43s
Rendered 514/3547, time remaining: 1m 43s
Rendered 515/3547, time remaining: 1m 41s
Rendered 516/3547, time remaining: 1m 43s
Rendered 517/3547, time remaining: 1m 43s
Rendered 518/3547, time remaining: 1m 43s
Rendered 519/3547, time remaining: 1m 41s
Rendered 520/3547, time remaining: 1m 41s
Rendered 521/3547, time remaining: 1m 43s
Rendered 522/3547, time remaining: 1m 42s
Rendered 523/3547, time remaining: 1m 42s
Rendered 524/3547, time remaining: 1m 43s
Rendered 525/3547, time remaining: 1m 43s
Rendered 526/3547, time remaining: 1m 44s
Rendered 527/3547, time remaining: 1m 42s
Rendered 528/3547, time remaining: 1m 43s
Rendered 529/3547, time remaining: 1m 41s
Rendered 530/3547, time remaining: 1m 42s
Rendered 531/3547, time remaining: 1m 42s
Rendered 532/3547, time remaining: 1m 43s
Rendered 533/3547, time remaining: 1m 42s
Rendered 534/3547, time remaining: 1m 42s
Rendered 535/3547, time remaining: 1m 41s
Rendered 536/3547, time remaining: 1m 42s
Rendered 537/3547, time remaining: 1m 42s
Rendered 538/3547, time remaining: 1m 43s
Rendered 539/3547, time remaining: 1m 42s
Rendered 540/3547, time remaining: 1m 43s
Rendered 541/3547, time remaining: 1m 43s
Rendered 542/3547, time remaining: 1m 43s
Rendered 543/3547, time remaining: 1m 41s
Rendered 544/3547, time remaining: 1m 43s
Rendered 545/3547, time remaining: 1m 41s
Rendered 546/3547, time remaining: 1m 43s
Rendered 547/3547, time remaining: 1m 44s
Rendered 548/3547, time remaining: 1m 43s
Rendered 549/3547, time remaining: 1m 43s
Rendered 550/3547, time remaining: 1m 42s
Rendered 551/3547, time remaining: 1m 41s
Rendered 552/3547, time remaining: 1m 40s
Rendered 553/3547, time remaining: 1m 40s
Rendered 554/3547, time remaining: 1m 43s
Rendered 555/3547, time remaining: 1m 43s
Rendered 556/3547, time remaining: 1m 43s
Rendered 557/3547, time remaining: 1m 44s
Rendered 558/3547, time remaining: 1m 41s
Rendered 559/3547, time remaining: 1m 40s
Rendered 560/3547, time remaining: 1m 40s
Rendered 561/3547, time remaining: 1m 40s
Rendered 562/3547, time remaining: 1m 41s
Rendered 563/3547, time remaining: 1m 42s
Rendered 564/3547, time remaining: 1m 42s
Rendered 565/3547, time remaining: 1m 40s
Rendered 566/3547, time remaining: 1m 40s
Rendered 567/3547, time remaining: 1m 39s
Rendered 568/3547, time remaining: 1m 40s
Rendered 569/3547, time remaining: 1m 41s
Rendered 570/3547, time remaining: 1m 40s
Rendered 571/3547, time remaining: 1m 40s
Rendered 572/3547, time remaining: 1m 40s
Rendered 573/3547, time remaining: 1m 42s
Rendered 574/3547, time remaining: 1m 40s
Rendered 575/3547, time remaining: 1m 40s
Rendered 576/3547, time remaining: 1m 41s
Rendered 577/3547, time remaining: 1m 39s
Rendered 578/3547, time remaining: 1m 41s
Rendered 579/3547, time remaining: 1m 39s
Rendered 580/3547, time remaining: 1m 39s
Rendered 581/3547, time remaining: 1m 41s
Rendered 582/3547, time remaining: 1m 40s
Rendered 583/3547, time remaining: 1m 39s
Rendered 584/3547, time remaining: 1m 41s
Rendered 585/3547, time remaining: 1m 41s
Rendered 586/3547, time remaining: 1m 41s
Rendered 587/3547, time remaining: 1m 39s
Rendered 588/3547, time remaining: 1m 39s
Rendered 589/3547, time remaining: 1m 40s
Rendered 590/3547, time remaining: 1m 40s
Rendered 591/3547, time remaining: 1m 39s
Rendered 592/3547, time remaining: 1m 39s
Rendered 593/3547, time remaining: 1m 42s
Rendered 594/3547, time remaining: 1m 39s
Rendered 595/3547, time remaining: 1m 40s
Rendered 596/3547, time remaining: 1m 40s
Rendered 597/3547, time remaining: 1m 40s
Rendered 598/3547, time remaining: 1m 38s
Rendered 599/3547, time remaining: 1m 40s
Rendered 600/3547, time remaining: 1m 39s
Rendered 601/3547, time remaining: 1m 40s
Rendered 602/3547, time remaining: 1m 40s
Rendered 603/3547, time remaining: 1m 38s
Rendered 604/3547, time remaining: 1m 39s
Rendered 605/3547, time remaining: 1m 40s
Rendered 606/3547, time remaining: 1m 38s
Rendered 607/3547, time remaining: 1m 38s
Rendered 608/3547, time remaining: 1m 38s
Rendered 609/3547, time remaining: 1m 41s
Rendered 610/3547, time remaining: 1m 40s
Rendered 611/3547, time remaining: 1m 39s
Rendered 612/3547, time remaining: 1m 38s
Rendered 613/3547, time remaining: 1m 39s
Rendered 614/3547, time remaining: 1m 39s
Rendered 615/3547, time remaining: 1m 39s
Rendered 616/3547, time remaining: 1m 38s
Rendered 617/3547, time remaining: 1m 40s
Rendered 618/3547, time remaining: 1m 38s
Rendered 619/3547, time remaining: 1m 39s
Rendered 620/3547, time remaining: 1m 39s
Rendered 621/3547, time remaining: 1m 38s
Rendered 622/3547, time remaining: 1m 38s
Rendered 623/3547, time remaining: 1m 38s
Rendered 624/3547, time remaining: 1m 37s
Rendered 625/3547, time remaining: 1m 38s
Rendered 626/3547, time remaining: 1m 38s
Rendered 627/3547, time remaining: 1m 40s
Rendered 628/3547, time remaining: 1m 40s
Rendered 629/3547, time remaining: 1m 38s
Rendered 630/3547, time remaining: 1m 38s
Rendered 631/3547, time remaining: 1m 37s
Rendered 632/3547, time remaining: 1m 37s
Rendered 633/3547, time remaining: 1m 39s
Rendered 634/3547, time remaining: 1m 39s
Rendered 635/3547, time remaining: 1m 40s
Rendered 636/3547, time remaining: 1m 40s
Rendered 637/3547, time remaining: 1m 40s
Rendered 638/3547, time remaining: 1m 38s
Rendered 639/3547, time remaining: 1m 35s
Rendered 640/3547, time remaining: 1m 37s
Rendered 641/3547, time remaining: 1m 39s
Rendered 642/3547, time remaining: 1m 39s
Rendered 643/3547, time remaining: 1m 39s
Rendered 644/3547, time remaining: 1m 39s
Rendered 645/3547, time remaining: 1m 39s
Rendered 646/3547, time remaining: 1m 39s
Rendered 647/3547, time remaining: 1m 36s
Rendered 648/3547, time remaining: 1m 37s
Rendered 649/3547, time remaining: 1m 38s
Rendered 650/3547, time remaining: 1m 38s
Rendered 651/3547, time remaining: 1m 39s
Rendered 652/3547, time remaining: 1m 40s
Rendered 653/3547, time remaining: 1m 39s
Rendered 654/3547, time remaining: 1m 38s
Rendered 655/3547, time remaining: 1m 35s
Rendered 656/3547, time remaining: 1m 37s
Rendered 657/3547, time remaining: 1m 37s
Rendered 658/3547, time remaining: 1m 37s
Rendered 659/3547, time remaining: 1m 37s
Rendered 660/3547, time remaining: 1m 40s
Rendered 661/3547, time remaining: 1m 40s
Rendered 662/3547, time remaining: 1m 38s
Rendered 663/3547, time remaining: 1m 36s
Rendered 664/3547, time remaining: 1m 36s
Rendered 665/3547, time remaining: 1m 37s
Rendered 666/3547, time remaining: 1m 37s
Rendered 667/3547, time remaining: 1m 37s
Rendered 668/3547, time remaining: 1m 38s
Rendered 669/3547, time remaining: 1m 39s
Rendered 670/3547, time remaining: 1m 39s
Rendered 671/3547, time remaining: 1m 35s
Rendered 672/3547, time remaining: 1m 36s
Rendered 673/3547, time remaining: 1m 37s
Rendered 674/3547, time remaining: 1m 38s
Rendered 675/3547, time remaining: 1m 38s
Rendered 676/3547, time remaining: 1m 37s
Rendered 677/3547, time remaining: 1m 37s
Rendered 678/3547, time remaining: 1m 37s
Rendered 679/3547, time remaining: 1m 37s
Rendered 680/3547, time remaining: 1m 35s
Rendered 681/3547, time remaining: 1m 38s
Rendered 682/3547, time remaining: 1m 37s
Rendered 683/3547, time remaining: 1m 37s
Rendered 684/3547, time remaining: 1m 37s
Rendered 685/3547, time remaining: 1m 38s
Rendered 686/3547, time remaining: 1m 38s
Rendered 687/3547, time remaining: 1m 36s
Rendered 688/3547, time remaining: 1m 36s
Rendered 689/3547, time remaining: 1m 37s
Rendered 690/3547, time remaining: 1m 36s
Rendered 691/3547, time remaining: 1m 36s
Rendered 692/3547, time remaining: 1m 37s
Rendered 693/3547, time remaining: 1m 38s
Rendered 694/3547, time remaining: 1m 36s
Rendered 695/3547, time remaining: 1m 37s
Rendered 696/3547, time remaining: 1m 37s
Rendered 697/3547, time remaining: 1m 35s
Rendered 698/3547, time remaining: 1m 35s
Rendered 699/3547, time remaining: 1m 35s
Rendered 700/3547, time remaining: 1m 38s
Rendered 701/3547, time remaining: 1m 36s
Rendered 702/3547, time remaining: 1m 36s
Rendered 703/3547, time remaining: 1m 38s
Rendered 704/3547, time remaining: 1m 35s
Rendered 705/3547, time remaining: 1m 35s
Rendered 706/3547, time remaining: 1m 36s
Rendered 707/3547, time remaining: 1m 34s
Rendered 708/3547, time remaining: 1m 36s
Rendered 709/3547, time remaining: 1m 37s
Rendered 710/3547, time remaining: 1m 37s
Rendered 711/3547, time remaining: 1m 37s
Rendered 712/3547, time remaining: 1m 36s
Rendered 713/3547, time remaining: 1m 36s
Rendered 714/3547, time remaining: 1m 36s
Rendered 715/3547, time remaining: 1m 35s
Rendered 716/3547, time remaining: 1m 38s
Rendered 717/3547, time remaining: 1m 37s
Rendered 718/3547, time remaining: 1m 36s
Rendered 719/3547, time remaining: 1m 36s
Rendered 720/3547, time remaining: 1m 36s
Rendered 721/3547, time remaining: 1m 35s
Rendered 722/3547, time remaining: 1m 35s
Rendered 723/3547, time remaining: 1m 33s
Rendered 724/3547, time remaining: 1m 36s
Rendered 725/3547, time remaining: 1m 36s
Rendered 726/3547, time remaining: 1m 36s
Rendered 727/3547, time remaining: 1m 37s
Rendered 728/3547, time remaining: 1m 35s
Rendered 729/3547, time remaining: 1m 35s
Rendered 730/3547, time remaining: 1m 35s
Rendered 731/3547, time remaining: 1m 35s
Rendered 732/3547, time remaining: 1m 37s
Rendered 733/3547, time remaining: 1m 37s
Rendered 734/3547, time remaining: 1m 35s
Rendered 735/3547, time remaining: 1m 36s
Rendered 736/3547, time remaining: 1m 35s
Rendered 737/3547, time remaining: 1m 35s
Rendered 738/3547, time remaining: 1m 34s
Rendered 739/3547, time remaining: 1m 33s
Rendered 740/3547, time remaining: 1m 36s
Rendered 741/3547, time remaining: 1m 36s
Rendered 742/3547, time remaining: 1m 37s
Rendered 743/3547, time remaining: 1m 35s
Rendered 744/3547, time remaining: 1m 36s
Rendered 745/3547, time remaining: 1m 35s
Rendered 746/3547, time remaining: 1m 35s
Rendered 747/3547, time remaining: 1m 36s
Rendered 748/3547, time remaining: 1m 36s
Rendered 749/3547, time remaining: 1m 35s
Rendered 750/3547, time remaining: 1m 35s
Rendered 751/3547, time remaining: 1m 36s
Rendered 752/3547, time remaining: 1m 35s
Rendered 753/3547, time remaining: 1m 35s
Rendered 754/3547, time remaining: 1m 35s
Rendered 755/3547, time remaining: 1m 35s
Rendered 756/3547, time remaining: 1m 36s
Rendered 757/3547, time remaining: 1m 36s
Rendered 758/3547, time remaining: 1m 36s
Rendered 759/3547, time remaining: 1m 35s
Rendered 760/3547, time remaining: 1m 34s
Rendered 761/3547, time remaining: 1m 34s
Rendered 762/3547, time remaining: 1m 36s
Rendered 763/3547, time remaining: 1m 35s
Rendered 764/3547, time remaining: 1m 35s
Rendered 765/3547, time remaining: 1m 35s
Rendered 766/3547, time remaining: 1m 35s
Rendered 767/3547, time remaining: 1m 34s
Rendered 768/3547, time remaining: 1m 35s
Rendered 769/3547, time remaining: 1m 34s
Rendered 770/3547, time remaining: 1m 34s
Rendered 771/3547, time remaining: 1m 35s
Rendered 772/3547, time remaining: 1m 36s
Rendered 773/3547, time remaining: 1m 35s
Rendered 774/3547, time remaining: 1m 36s
Rendered 775/3547, time remaining: 1m 35s
Rendered 776/3547, time remaining: 1m 35s
Rendered 777/3547, time remaining: 1m 33s
Rendered 778/3547, time remaining: 1m 34s
Rendered 779/3547, time remaining: 1m 36s
Rendered 780/3547, time remaining: 1m 35s
Rendered 781/3547, time remaining: 1m 35s
Rendered 782/3547, time remaining: 1m 35s
Rendered 783/3547, time remaining: 1m 34s
Rendered 784/3547, time remaining: 1m 34s
Rendered 785/3547, time remaining: 1m 33s
Rendered 786/3547, time remaining: 1m 35s
Rendered 787/3547, time remaining: 1m 35s
Rendered 788/3547, time remaining: 1m 35s
Rendered 789/3547, time remaining: 1m 34s
Rendered 790/3547, time remaining: 1m 35s
Rendered 791/3547, time remaining: 1m 33s
Rendered 792/3547, time remaining: 1m 33s
Rendered 793/3547, time remaining: 1m 33s
Rendered 794/3547, time remaining: 1m 32s
Rendered 795/3547, time remaining: 1m 33s
Rendered 796/3547, time remaining: 1m 33s
Rendered 797/3547, time remaining: 1m 33s
Rendered 798/3547, time remaining: 1m 35s
Rendered 799/3547, time remaining: 1m 33s
Rendered 800/3547, time remaining: 1m 33s
Rendered 801/3547, time remaining: 1m 33s
Rendered 802/3547, time remaining: 1m 32s
Rendered 803/3547, time remaining: 1m 32s
Rendered 804/3547, time remaining: 1m 33s
Rendered 805/3547, time remaining: 1m 33s
Rendered 806/3547, time remaining: 1m 34s
Rendered 807/3547, time remaining: 1m 33s
Rendered 808/3547, time remaining: 1m 33s
Rendered 809/3547, time remaining: 1m 33s
Rendered 810/3547, time remaining: 1m 30s
Rendered 811/3547, time remaining: 1m 32s
Rendered 812/3547, time remaining: 1m 32s
Rendered 813/3547, time remaining: 1m 33s
Rendered 814/3547, time remaining: 1m 33s
Rendered 815/3547, time remaining: 1m 32s
Rendered 816/3547, time remaining: 1m 30s
Rendered 817/3547, time remaining: 1m 30s
Rendered 818/3547, time remaining: 1m 30s
Rendered 819/3547, time remaining: 1m 32s
Rendered 820/3547, time remaining: 1m 32s
Rendered 821/3547, time remaining: 1m 33s
Rendered 822/3547, time remaining: 1m 33s
Rendered 823/3547, time remaining: 1m 31s
Rendered 824/3547, time remaining: 1m 29s
Rendered 825/3547, time remaining: 1m 31s
Rendered 826/3547, time remaining: 1m 30s
Rendered 827/3547, time remaining: 1m 31s
Rendered 828/3547, time remaining: 1m 32s
Rendered 829/3547, time remaining: 1m 32s
Rendered 830/3547, time remaining: 1m 32s
Rendered 831/3547, time remaining: 1m 30s
Rendered 832/3547, time remaining: 1m 29s
Rendered 833/3547, time remaining: 1m 31s
Rendered 834/3547, time remaining: 1m 31s
Rendered 835/3547, time remaining: 1m 32s
Rendered 836/3547, time remaining: 1m 30s
Rendered 837/3547, time remaining: 1m 30s
Rendered 838/3547, time remaining: 1m 30s
Rendered 839/3547, time remaining: 1m 30s
Rendered 840/3547, time remaining: 1m 32s
Rendered 841/3547, time remaining: 1m 32s
Rendered 842/3547, time remaining: 1m 31s
Rendered 843/3547, time remaining: 1m 31s
Rendered 844/3547, time remaining: 1m 31s
Rendered 845/3547, time remaining: 1m 30s
Rendered 846/3547, time remaining: 1m 29s
Rendered 847/3547, time remaining: 1m 30s
Rendered 848/3547, time remaining: 1m 32s
Rendered 849/3547, time remaining: 1m 32s
Rendered 850/3547, time remaining: 1m 30s
Rendered 851/3547, time remaining: 1m 30s
Rendered 852/3547, time remaining: 1m 30s
Rendered 853/3547, time remaining: 1m 29s
Rendered 854/3547, time remaining: 1m 29s
Rendered 855/3547, time remaining: 1m 29s
Rendered 856/3547, time remaining: 1m 31s
Rendered 857/3547, time remaining: 1m 31s
Rendered 858/3547, time remaining: 1m 30s
Rendered 859/3547, time remaining: 1m 30s
Rendered 860/3547, time remaining: 1m 30s
Rendered 861/3547, time remaining: 1m 29s
Rendered 862/3547, time remaining: 1m 28s
Rendered 863/3547, time remaining: 1m 28s
Rendered 864/3547, time remaining: 1m 31s
Rendered 865/3547, time remaining: 1m 31s
Rendered 866/3547, time remaining: 1m 29s
Rendered 867/3547, time remaining: 1m 29s
Rendered 868/3547, time remaining: 1m 29s
Rendered 869/3547, time remaining: 1m 29s
Rendered 870/3547, time remaining: 1m 29s
Rendered 871/3547, time remaining: 1m 31s
Rendered 872/3547, time remaining: 1m 31s
Rendered 873/3547, time remaining: 1m 31s
Rendered 874/3547, time remaining: 1m 28s
Rendered 875/3547, time remaining: 1m 29s
Rendered 876/3547, time remaining: 1m 29s
Rendered 877/3547, time remaining: 1m 29s
Rendered 878/3547, time remaining: 1m 28s
Rendered 879/3547, time remaining: 1m 30s
Rendered 880/3547, time remaining: 1m 31s
Rendered 881/3547, time remaining: 1m 30s
Rendered 882/3547, time remaining: 1m 28s
Rendered 883/3547, time remaining: 1m 28s
Rendered 884/3547, time remaining: 1m 28s
Rendered 885/3547, time remaining: 1m 28s
Rendered 886/3547, time remaining: 1m 29s
Rendered 887/3547, time remaining: 1m 29s
Rendered 888/3547, time remaining: 1m 29s
Rendered 889/3547, time remaining: 1m 31s
Rendered 890/3547, time remaining: 1m 28s
Rendered 891/3547, time remaining: 1m 28s
Rendered 892/3547, time remaining: 1m 28s
Rendered 893/3547, time remaining: 1m 28s
Rendered 894/3547, time remaining: 1m 27s
Rendered 895/3547, time remaining: 1m 27s
Rendered 896/3547, time remaining: 1m 29s
Rendered 897/3547, time remaining: 1m 27s
Rendered 898/3547, time remaining: 1m 29s
Rendered 899/3547, time remaining: 1m 30s
Rendered 900/3547, time remaining: 1m 29s
Rendered 901/3547, time remaining: 1m 27s
Rendered 902/3547, time remaining: 1m 28s
Rendered 903/3547, time remaining: 1m 28s
Rendered 904/3547, time remaining: 1m 27s
Rendered 905/3547, time remaining: 1m 28s
Rendered 906/3547, time remaining: 1m 29s
Rendered 907/3547, time remaining: 1m 29s
Rendered 908/3547, time remaining: 1m 29s
Rendered 909/3547, time remaining: 1m 27s
Rendered 910/3547, time remaining: 1m 27s
Rendered 911/3547, time remaining: 1m 27s
Rendered 912/3547, time remaining: 1m 28s
Rendered 913/3547, time remaining: 1m 28s
Rendered 914/3547, time remaining: 1m 28s
Rendered 915/3547, time remaining: 1m 28s
Rendered 916/3547, time remaining: 1m 29s
Rendered 917/3547, time remaining: 1m 28s
Rendered 918/3547, time remaining: 1m 27s
Rendered 919/3547, time remaining: 1m 27s
Rendered 920/3547, time remaining: 1m 29s
Rendered 921/3547, time remaining: 1m 27s
Rendered 922/3547, time remaining: 1m 27s
Rendered 923/3547, time remaining: 1m 27s
Rendered 924/3547, time remaining: 1m 27s
Rendered 925/3547, time remaining: 1m 27s
Rendered 926/3547, time remaining: 1m 28s
Rendered 927/3547, time remaining: 1m 29s
Rendered 928/3547, time remaining: 1m 28s
Rendered 929/3547, time remaining: 1m 28s
Rendered 930/3547, time remaining: 1m 27s
Rendered 931/3547, time remaining: 1m 27s
Rendered 932/3547, time remaining: 1m 28s
Rendered 933/3547, time remaining: 1m 27s
Rendered 934/3547, time remaining: 1m 27s
Rendered 935/3547, time remaining: 1m 27s
Rendered 936/3547, time remaining: 1m 27s
Rendered 937/3547, time remaining: 1m 27s
Rendered 938/3547, time remaining: 1m 27s
Rendered 939/3547, time remaining: 1m 27s
Rendered 940/3547, time remaining: 1m 27s
Rendered 941/3547, time remaining: 1m 26s
Rendered 942/3547, time remaining: 1m 27s
Rendered 943/3547, time remaining: 1m 28s
Rendered 944/3547, time remaining: 1m 28s
Rendered 945/3547, time remaining: 1m 27s
Rendered 946/3547, time remaining: 1m 27s
Rendered 947/3547, time remaining: 1m 27s
Rendered 948/3547, time remaining: 1m 25s
Rendered 949/3547, time remaining: 1m 26s
Rendered 950/3547, time remaining: 1m 27s
Rendered 951/3547, time remaining: 1m 26s
Rendered 952/3547, time remaining: 1m 27s
Rendered 953/3547, time remaining: 1m 27s
Rendered 954/3547, time remaining: 1m 26s
Rendered 955/3547, time remaining: 1m 26s
Rendered 956/3547, time remaining: 1m 26s
Rendered 957/3547, time remaining: 1m 26s
Rendered 958/3547, time remaining: 1m 25s
Rendered 959/3547, time remaining: 1m 27s
Rendered 960/3547, time remaining: 1m 27s
Rendered 961/3547, time remaining: 1m 25s
Rendered 962/3547, time remaining: 1m 24s
Rendered 963/3547, time remaining: 1m 26s
Rendered 964/3547, time remaining: 1m 25s
Rendered 965/3547, time remaining: 1m 25s
Rendered 966/3547, time remaining: 1m 26s
Rendered 967/3547, time remaining: 1m 28s
Rendered 968/3547, time remaining: 1m 27s
Rendered 969/3547, time remaining: 1m 25s
Rendered 970/3547, time remaining: 1m 24s
Rendered 971/3547, time remaining: 1m 25s
Rendered 972/3547, time remaining: 1m 24s
Rendered 973/3547, time remaining: 1m 24s
Rendered 974/3547, time remaining: 1m 26s
Rendered 975/3547, time remaining: 1m 26s
Rendered 976/3547, time remaining: 1m 26s
Rendered 977/3547, time remaining: 1m 25s
Rendered 978/3547, time remaining: 1m 24s
Rendered 979/3547, time remaining: 1m 24s
Rendered 980/3547, time remaining: 1m 23s
Rendered 981/3547, time remaining: 1m 24s
Rendered 982/3547, time remaining: 1m 26s
Rendered 983/3547, time remaining: 1m 25s
Rendered 984/3547, time remaining: 1m 25s
Rendered 985/3547, time remaining: 1m 23s
Rendered 986/3547, time remaining: 1m 24s
Rendered 987/3547, time remaining: 1m 25s
Rendered 988/3547, time remaining: 1m 24s
Rendered 989/3547, time remaining: 1m 24s
Rendered 990/3547, time remaining: 1m 24s
Rendered 991/3547, time remaining: 1m 24s
Rendered 992/3547, time remaining: 1m 24s
Rendered 993/3547, time remaining: 1m 23s
Rendered 994/3547, time remaining: 1m 23s
Rendered 995/3547, time remaining: 1m 24s
Rendered 996/3547, time remaining: 1m 24s
Rendered 997/3547, time remaining: 1m 23s
Rendered 998/3547, time remaining: 1m 24s
Rendered 999/3547, time remaining: 1m 24s
Rendered 1000/3547, time remaining: 1m 23s
Rendered 1001/3547, time remaining: 1m 23s
Rendered 1002/3547, time remaining: 1m 24s
Rendered 1003/3547, time remaining: 1m 24s
Rendered 1004/3547, time remaining: 1m 25s
Rendered 1005/3547, time remaining: 1m 25s
Rendered 1006/3547, time remaining: 1m 22s
Rendered 1007/3547, time remaining: 1m 23s
Rendered 1008/3547, time remaining: 1m 23s
Rendered 1009/3547, time remaining: 1m 22s
Rendered 1010/3547, time remaining: 1m 24s
Rendered 1011/3547, time remaining: 1m 24s
Rendered 1012/3547, time remaining: 1m 24s
Rendered 1013/3547, time remaining: 1m 25s
Rendered 1014/3547, time remaining: 1m 22s
Rendered 1015/3547, time remaining: 1m 23s
Rendered 1016/3547, time remaining: 1m 23s
Rendered 1017/3547, time remaining: 1m 24s
Rendered 1018/3547, time remaining: 1m 24s
Rendered 1019/3547, time remaining: 1m 24s
Rendered 1020/3547, time remaining: 1m 24s
Rendered 1021/3547, time remaining: 1m 22s
Rendered 1022/3547, time remaining: 1m 22s
Rendered 1023/3547, time remaining: 1m 23s
Rendered 1024/3547, time remaining: 1m 22s
Rendered 1025/3547, time remaining: 1m 23s
Rendered 1026/3547, time remaining: 1m 23s
Rendered 1027/3547, time remaining: 1m 23s
Rendered 1028/3547, time remaining: 1m 24s
Rendered 1029/3547, time remaining: 1m 23s
Rendered 1030/3547, time remaining: 1m 22s
Rendered 1031/3547, time remaining: 1m 21s
Rendered 1032/3547, time remaining: 1m 22s
Rendered 1033/3547, time remaining: 1m 23s
Rendered 1034/3547, time remaining: 1m 23s
Rendered 1035/3547, time remaining: 1m 23s
Rendered 1036/3547, time remaining: 1m 23s
Rendered 1037/3547, time remaining: 1m 23s
Rendered 1038/3547, time remaining: 1m 23s
Rendered 1039/3547, time remaining: 1m 20s
Rendered 1040/3547, time remaining: 1m 23s
Rendered 1041/3547, time remaining: 1m 23s
Rendered 1042/3547, time remaining: 1m 22s
Rendered 1043/3547, time remaining: 1m 23s
Rendered 1044/3547, time remaining: 1m 23s
Rendered 1045/3547, time remaining: 1m 22s
Rendered 1046/3547, time remaining: 1m 21s
Rendered 1047/3547, time remaining: 1m 22s
Rendered 1048/3547, time remaining: 1m 22s
Rendered 1049/3547, time remaining: 1m 21s
Rendered 1050/3547, time remaining: 1m 22s
Rendered 1051/3547, time remaining: 1m 22s
Rendered 1052/3547, time remaining: 1m 21s
Rendered 1053/3547, time remaining: 1m 21s
Rendered 1054/3547, time remaining: 1m 23s
Rendered 1055/3547, time remaining: 1m 22s
Rendered 1056/3547, time remaining: 1m 20s
Rendered 1057/3547, time remaining: 1m 21s
Rendered 1058/3547, time remaining: 1m 21s
Rendered 1059/3547, time remaining: 1m 22s
Rendered 1060/3547, time remaining: 1m 22s
Rendered 1061/3547, time remaining: 1m 22s
Rendered 1062/3547, time remaining: 1m 20s
Rendered 1063/3547, time remaining: 1m 20s
Rendered 1064/3547, time remaining: 1m 21s
Rendered 1065/3547, time remaining: 1m 21s
Rendered 1066/3547, time remaining: 1m 21s
Rendered 1067/3547, time remaining: 1m 21s
Rendered 1068/3547, time remaining: 1m 21s
Rendered 1069/3547, time remaining: 1m 20s
Rendered 1070/3547, time remaining: 1m 20s
Rendered 1071/3547, time remaining: 1m 20s
Rendered 1072/3547, time remaining: 1m 22s
Rendered 1073/3547, time remaining: 1m 22s
Rendered 1074/3547, time remaining: 1m 21s
Rendered 1075/3547, time remaining: 1m 21s
Rendered 1076/3547, time remaining: 1m 21s
Rendered 1077/3547, time remaining: 1m 19s
Rendered 1078/3547, time remaining: 1m 19s
Rendered 1079/3547, time remaining: 1m 19s
Rendered 1080/3547, time remaining: 1m 21s
Rendered 1081/3547, time remaining: 1m 21s
Rendered 1082/3547, time remaining: 1m 19s
Rendered 1083/3547, time remaining: 1m 19s
Rendered 1084/3547, time remaining: 1m 20s
Rendered 1085/3547, time remaining: 1m 20s
Rendered 1086/3547, time remaining: 1m 20s
Rendered 1087/3547, time remaining: 1m 19s
Rendered 1088/3547, time remaining: 1m 20s
Rendered 1089/3547, time remaining: 1m 21s
Rendered 1090/3547, time remaining: 1m 20s
Rendered 1091/3547, time remaining: 1m 20s
Rendered 1092/3547, time remaining: 1m 20s
Rendered 1093/3547, time remaining: 1m 19s
Rendered 1094/3547, time remaining: 1m 18s
Rendered 1095/3547, time remaining: 1m 18s
Rendered 1096/3547, time remaining: 1m 21s
Rendered 1097/3547, time remaining: 1m 21s
Rendered 1098/3547, time remaining: 1m 20s
Rendered 1099/3547, time remaining: 1m 19s
Rendered 1100/3547, time remaining: 1m 20s
Rendered 1101/3547, time remaining: 1m 20s
Rendered 1102/3547, time remaining: 1m 19s
Rendered 1103/3547, time remaining: 1m 18s
Rendered 1104/3547, time remaining: 1m 21s
Rendered 1105/3547, time remaining: 1m 21s
Rendered 1106/3547, time remaining: 1m 19s
Rendered 1107/3547, time remaining: 1m 19s
Rendered 1108/3547, time remaining: 1m 19s
Rendered 1109/3547, time remaining: 1m 19s
Rendered 1110/3547, time remaining: 1m 19s
Rendered 1111/3547, time remaining: 1m 19s
Rendered 1112/3547, time remaining: 1m 21s
Rendered 1113/3547, time remaining: 1m 20s
Rendered 1114/3547, time remaining: 1m 20s
Rendered 1115/3547, time remaining: 1m 20s
Rendered 1116/3547, time remaining: 1m 19s
Rendered 1117/3547, time remaining: 1m 18s
Rendered 1118/3547, time remaining: 1m 18s
Rendered 1119/3547, time remaining: 1m 18s
Rendered 1120/3547, time remaining: 1m 20s
Rendered 1121/3547, time remaining: 1m 20s
Rendered 1122/3547, time remaining: 1m 20s
Rendered 1123/3547, time remaining: 1m 21s
Rendered 1124/3547, time remaining: 1m 19s
Rendered 1125/3547, time remaining: 1m 19s
Rendered 1126/3547, time remaining: 1m 19s
Rendered 1127/3547, time remaining: 1m 20s
Rendered 1128/3547, time remaining: 1m 20s
Rendered 1129/3547, time remaining: 1m 20s
Rendered 1130/3547, time remaining: 1m 21s
Rendered 1131/3547, time remaining: 1m 19s
Rendered 1132/3547, time remaining: 1m 19s
Rendered 1133/3547, time remaining: 1m 19s
Rendered 1134/3547, time remaining: 1m 18s
Rendered 1135/3547, time remaining: 1m 20s
Rendered 1136/3547, time remaining: 1m 20s
Rendered 1137/3547, time remaining: 1m 20s
Rendered 1138/3547, time remaining: 1m 20s
Rendered 1139/3547, time remaining: 1m 19s
Rendered 1140/3547, time remaining: 1m 18s
Rendered 1141/3547, time remaining: 1m 18s
Rendered 1142/3547, time remaining: 1m 18s
Rendered 1143/3547, time remaining: 1m 20s
Rendered 1144/3547, time remaining: 1m 20s
Rendered 1145/3547, time remaining: 1m 20s
Rendered 1146/3547, time remaining: 1m 20s
Rendered 1147/3547, time remaining: 1m 21s
Rendered 1148/3547, time remaining: 1m 18s
Rendered 1149/3547, time remaining: 1m 18s
Rendered 1150/3547, time remaining: 1m 18s
Rendered 1151/3547, time remaining: 1m 19s
Rendered 1152/3547, time remaining: 1m 19s
Rendered 1153/3547, time remaining: 1m 18s
Rendered 1154/3547, time remaining: 1m 19s
Rendered 1155/3547, time remaining: 1m 20s
Rendered 1156/3547, time remaining: 1m 20s
Rendered 1157/3547, time remaining: 1m 19s
Rendered 1158/3547, time remaining: 1m 19s
Rendered 1159/3547, time remaining: 1m 19s
Rendered 1160/3547, time remaining: 1m 17s
Rendered 1161/3547, time remaining: 1m 18s
Rendered 1162/3547, time remaining: 1m 21s
Rendered 1163/3547, time remaining: 1m 19s
Rendered 1164/3547, time remaining: 1m 20s
Rendered 1165/3547, time remaining: 1m 20s
Rendered 1166/3547, time remaining: 1m 19s
Rendered 1167/3547, time remaining: 1m 18s
Rendered 1168/3547, time remaining: 1m 18s
Rendered 1169/3547, time remaining: 1m 18s
Rendered 1170/3547, time remaining: 1m 20s
Rendered 1171/3547, time remaining: 1m 20s
Rendered 1172/3547, time remaining: 1m 21s
Rendered 1173/3547, time remaining: 1m 20s
Rendered 1174/3547, time remaining: 1m 20s
Rendered 1175/3547, time remaining: 1m 18s
Rendered 1176/3547, time remaining: 1m 18s
Rendered 1177/3547, time remaining: 1m 18s
Rendered 1178/3547, time remaining: 1m 18s
Rendered 1179/3547, time remaining: 1m 17s
Rendered 1180/3547, time remaining: 1m 20s
Rendered 1181/3547, time remaining: 1m 21s
Rendered 1182/3547, time remaining: 1m 20s
Rendered 1183/3547, time remaining: 1m 19s
Rendered 1184/3547, time remaining: 1m 19s
Rendered 1185/3547, time remaining: 1m 19s
Rendered 1186/3547, time remaining: 1m 18s
Rendered 1187/3547, time remaining: 1m 19s
Rendered 1188/3547, time remaining: 1m 19s
Rendered 1189/3547, time remaining: 1m 21s
Rendered 1190/3547, time remaining: 1m 19s
Rendered 1191/3547, time remaining: 1m 19s
Rendered 1192/3547, time remaining: 1m 19s
Rendered 1193/3547, time remaining: 1m 18s
Rendered 1194/3547, time remaining: 1m 19s
Rendered 1195/3547, time remaining: 1m 20s
Rendered 1196/3547, time remaining: 1m 20s
Rendered 1197/3547, time remaining: 1m 21s
Rendered 1198/3547, time remaining: 1m 19s
Rendered 1199/3547, time remaining: 1m 19s
Rendered 1200/3547, time remaining: 1m 19s
Rendered 1201/3547, time remaining: 1m 19s
Rendered 1202/3547, time remaining: 1m 21s
Rendered 1203/3547, time remaining: 1m 20s
Rendered 1204/3547, time remaining: 1m 19s
Rendered 1205/3547, time remaining: 1m 20s
Rendered 1206/3547, time remaining: 1m 20s
Rendered 1207/3547, time remaining: 1m 19s
Rendered 1208/3547, time remaining: 1m 19s
Rendered 1209/3547, time remaining: 1m 18s
Rendered 1210/3547, time remaining: 1m 19s
Rendered 1211/3547, time remaining: 1m 19s
Rendered 1212/3547, time remaining: 1m 18s
Rendered 1213/3547, time remaining: 1m 20s
Rendered 1214/3547, time remaining: 1m 19s
Rendered 1215/3547, time remaining: 1m 19s
Rendered 1216/3547, time remaining: 1m 18s
Rendered 1217/3547, time remaining: 1m 19s
Rendered 1218/3547, time remaining: 1m 20s
Rendered 1219/3547, time remaining: 1m 20s
Rendered 1220/3547, time remaining: 1m 19s
Rendered 1221/3547, time remaining: 1m 19s
Rendered 1222/3547, time remaining: 1m 19s
Rendered 1223/3547, time remaining: 1m 18s
Rendered 1224/3547, time remaining: 1m 17s
Rendered 1225/3547, time remaining: 1m 19s
Rendered 1226/3547, time remaining: 1m 19s
Rendered 1227/3547, time remaining: 1m 19s
Rendered 1228/3547, time remaining: 1m 19s
Rendered 1229/3547, time remaining: 1m 18s
Rendered 1230/3547, time remaining: 1m 17s
Rendered 1231/3547, time remaining: 1m 18s
Rendered 1232/3547, time remaining: 1m 17s
Rendered 1233/3547, time remaining: 1m 19s
Rendered 1234/3547, time remaining: 1m 20s
Rendered 1235/3547, time remaining: 1m 19s
Rendered 1236/3547, time remaining: 1m 18s
Rendered 1237/3547, time remaining: 1m 19s
Rendered 1238/3547, time remaining: 1m 18s
Rendered 1239/3547, time remaining: 1m 17s
Rendered 1240/3547, time remaining: 1m 17s
Rendered 1241/3547, time remaining: 1m 19s
Rendered 1242/3547, time remaining: 1m 19s
Rendered 1243/3547, time remaining: 1m 19s
Rendered 1244/3547, time remaining: 1m 19s
Rendered 1245/3547, time remaining: 1m 19s
Rendered 1246/3547, time remaining: 1m 17s
Rendered 1247/3547, time remaining: 1m 17s
Rendered 1248/3547, time remaining: 1m 18s
Rendered 1249/3547, time remaining: 1m 18s
Rendered 1250/3547, time remaining: 1m 17s
Rendered 1251/3547, time remaining: 1m 18s
Rendered 1252/3547, time remaining: 1m 18s
Rendered 1253/3547, time remaining: 1m 18s
Rendered 1254/3547, time remaining: 1m 17s
Rendered 1255/3547, time remaining: 1m 17s
Rendered 1256/3547, time remaining: 1m 17s
Rendered 1257/3547, time remaining: 1m 17s
Rendered 1258/3547, time remaining: 1m 17s
Rendered 1259/3547, time remaining: 1m 18s
Rendered 1260/3547, time remaining: 1m 18s
Rendered 1261/3547, time remaining: 1m 18s
Rendered 1262/3547, time remaining: 1m 16s
Rendered 1263/3547, time remaining: 1m 16s
Rendered 1264/3547, time remaining: 1m 17s
Rendered 1265/3547, time remaining: 1m 18s
Rendered 1266/3547, time remaining: 1m 18s
Rendered 1267/3547, time remaining: 1m 17s
Rendered 1268/3547, time remaining: 1m 17s
Rendered 1269/3547, time remaining: 1m 17s
Rendered 1270/3547, time remaining: 1m 16s
Rendered 1271/3547, time remaining: 1m 16s
Rendered 1272/3547, time remaining: 1m 18s
Rendered 1273/3547, time remaining: 1m 17s
Rendered 1274/3547, time remaining: 1m 17s
Rendered 1275/3547, time remaining: 1m 16s
Rendered 1276/3547, time remaining: 1m 17s
Rendered 1277/3547, time remaining: 1m 16s
Rendered 1278/3547, time remaining: 1m 16s
Rendered 1279/3547, time remaining: 1m 17s
Rendered 1280/3547, time remaining: 1m 16s
Rendered 1281/3547, time remaining: 1m 18s
Rendered 1282/3547, time remaining: 1m 17s
Rendered 1283/3547, time remaining: 1m 17s
Rendered 1284/3547, time remaining: 1m 17s
Rendered 1285/3547, time remaining: 1m 16s
Rendered 1286/3547, time remaining: 1m 16s
Rendered 1287/3547, time remaining: 1m 16s
Rendered 1288/3547, time remaining: 1m 16s
Rendered 1289/3547, time remaining: 1m 18s
Rendered 1290/3547, time remaining: 1m 17s
Rendered 1291/3547, time remaining: 1m 17s
Rendered 1292/3547, time remaining: 1m 17s
Rendered 1293/3547, time remaining: 1m 17s
Rendered 1294/3547, time remaining: 1m 16s
Rendered 1295/3547, time remaining: 1m 16s
Rendered 1296/3547, time remaining: 1m 15s
Rendered 1297/3547, time remaining: 1m 16s
Rendered 1298/3547, time remaining: 1m 17s
Rendered 1299/3547, time remaining: 1m 17s
Rendered 1300/3547, time remaining: 1m 17s
Rendered 1301/3547, time remaining: 1m 16s
Rendered 1302/3547, time remaining: 1m 16s
Rendered 1303/3547, time remaining: 1m 16s
Rendered 1304/3547, time remaining: 1m 14s
Rendered 1305/3547, time remaining: 1m 16s
Rendered 1306/3547, time remaining: 1m 16s
Rendered 1307/3547, time remaining: 1m 16s
Rendered 1308/3547, time remaining: 1m 16s
Rendered 1309/3547, time remaining: 1m 16s
Rendered 1310/3547, time remaining: 1m 16s
Rendered 1311/3547, time remaining: 1m 16s
Rendered 1312/3547, time remaining: 1m 14s
Rendered 1313/3547, time remaining: 1m 16s
Rendered 1314/3547, time remaining: 1m 16s
Rendered 1315/3547, time remaining: 1m 16s
Rendered 1316/3547, time remaining: 1m 16s
Rendered 1317/3547, time remaining: 1m 16s
Rendered 1318/3547, time remaining: 1m 16s
Rendered 1319/3547, time remaining: 1m 16s
Rendered 1320/3547, time remaining: 1m 15s
Rendered 1321/3547, time remaining: 1m 16s
Rendered 1322/3547, time remaining: 1m 15s
Rendered 1323/3547, time remaining: 1m 15s
Rendered 1324/3547, time remaining: 1m 16s
Rendered 1325/3547, time remaining: 1m 16s
Rendered 1326/3547, time remaining: 1m 16s
Rendered 1327/3547, time remaining: 1m 16s
Rendered 1328/3547, time remaining: 1m 17s
Rendered 1329/3547, time remaining: 1m 17s
Rendered 1330/3547, time remaining: 1m 15s
Rendered 1331/3547, time remaining: 1m 15s
Rendered 1332/3547, time remaining: 1m 15s
Rendered 1333/3547, time remaining: 1m 15s
Rendered 1334/3547, time remaining: 1m 15s
Rendered 1335/3547, time remaining: 1m 15s
Rendered 1336/3547, time remaining: 1m 15s
Rendered 1337/3547, time remaining: 1m 15s
Rendered 1338/3547, time remaining: 1m 15s
Rendered 1339/3547, time remaining: 1m 14s
Rendered 1340/3547, time remaining: 1m 14s
Rendered 1341/3547, time remaining: 1m 14s
Rendered 1342/3547, time remaining: 1m 15s
Rendered 1343/3547, time remaining: 1m 15s
Rendered 1344/3547, time remaining: 1m 15s
Rendered 1345/3547, time remaining: 1m 14s
Rendered 1346/3547, time remaining: 1m 14s
Rendered 1347/3547, time remaining: 1m 15s
Rendered 1348/3547, time remaining: 1m 14s
Rendered 1349/3547, time remaining: 1m 14s
Rendered 1350/3547, time remaining: 1m 15s
Rendered 1351/3547, time remaining: 1m 15s
Rendered 1352/3547, time remaining: 1m 13s
Rendered 1353/3547, time remaining: 1m 13s
Rendered 1354/3547, time remaining: 1m 14s
Rendered 1355/3547, time remaining: 1m 14s
Rendered 1356/3547, time remaining: 1m 14s
Rendered 1357/3547, time remaining: 1m 14s
Rendered 1358/3547, time remaining: 1m 14s
Rendered 1359/3547, time remaining: 1m 14s
Rendered 1360/3547, time remaining: 1m 15s
Rendered 1361/3547, time remaining: 1m 14s
Rendered 1362/3547, time remaining: 1m 14s
Rendered 1363/3547, time remaining: 1m 13s
Rendered 1364/3547, time remaining: 1m 14s
Rendered 1365/3547, time remaining: 1m 15s
Rendered 1366/3547, time remaining: 1m 14s
Rendered 1367/3547, time remaining: 1m 13s
Rendered 1368/3547, time remaining: 1m 13s
Rendered 1369/3547, time remaining: 1m 13s
Rendered 1370/3547, time remaining: 1m 14s
Rendered 1371/3547, time remaining: 1m 15s
Rendered 1372/3547, time remaining: 1m 14s
Rendered 1373/3547, time remaining: 1m 15s
Rendered 1374/3547, time remaining: 1m 15s
Rendered 1375/3547, time remaining: 1m 12s
Rendered 1376/3547, time remaining: 1m 13s
Rendered 1377/3547, time remaining: 1m 13s
Rendered 1378/3547, time remaining: 1m 14s
Rendered 1379/3547, time remaining: 1m 15s
Rendered 1380/3547, time remaining: 1m 15s
Rendered 1381/3547, time remaining: 1m 15s
Rendered 1382/3547, time remaining: 1m 15s
Rendered 1383/3547, time remaining: 1m 13s
Rendered 1384/3547, time remaining: 1m 12s
Rendered 1385/3547, time remaining: 1m 13s
Rendered 1386/3547, time remaining: 1m 13s
Rendered 1387/3547, time remaining: 1m 13s
Rendered 1388/3547, time remaining: 1m 13s
Rendered 1389/3547, time remaining: 1m 13s
Rendered 1390/3547, time remaining: 1m 14s
Rendered 1391/3547, time remaining: 1m 14s
Rendered 1392/3547, time remaining: 1m 13s
Rendered 1393/3547, time remaining: 1m 13s
Rendered 1394/3547, time remaining: 1m 13s
Rendered 1395/3547, time remaining: 1m 13s
Rendered 1396/3547, time remaining: 1m 13s
Rendered 1397/3547, time remaining: 1m 14s
Rendered 1398/3547, time remaining: 1m 12s
Rendered 1399/3547, time remaining: 1m 13s
Rendered 1400/3547, time remaining: 1m 13s
Rendered 1401/3547, time remaining: 1m 13s
Rendered 1402/3547, time remaining: 1m 13s
Rendered 1403/3547, time remaining: 1m 13s
Rendered 1404/3547, time remaining: 1m 12s
Rendered 1405/3547, time remaining: 1m 12s
Rendered 1406/3547, time remaining: 1m 12s
Rendered 1407/3547, time remaining: 1m 14s
Rendered 1408/3547, time remaining: 1m 14s
Rendered 1409/3547, time remaining: 1m 12s
Rendered 1410/3547, time remaining: 1m 13s
Rendered 1411/3547, time remaining: 1m 13s
Rendered 1412/3547, time remaining: 1m 12s
Rendered 1413/3547, time remaining: 1m 12s
Rendered 1414/3547, time remaining: 1m 11s
Rendered 1415/3547, time remaining: 1m 12s
Rendered 1416/3547, time remaining: 1m 12s
Rendered 1417/3547, time remaining: 1m 12s
Rendered 1418/3547, time remaining: 1m 13s
Rendered 1419/3547, time remaining: 1m 13s
Rendered 1420/3547, time remaining: 1m 13s
Rendered 1421/3547, time remaining: 1m 13s
Rendered 1422/3547, time remaining: 1m 11s
Rendered 1423/3547, time remaining: 1m 12s
Rendered 1424/3547, time remaining: 1m 11s
Rendered 1425/3547, time remaining: 1m 13s
Rendered 1426/3547, time remaining: 1m 12s
Rendered 1427/3547, time remaining: 1m 13s
Rendered 1428/3547, time remaining: 1m 13s
Rendered 1429/3547, time remaining: 1m 12s
Rendered 1430/3547, time remaining: 1m 12s
Rendered 1431/3547, time remaining: 1m 11s
Rendered 1432/3547, time remaining: 1m 11s
Rendered 1433/3547, time remaining: 1m 12s
Rendered 1434/3547, time remaining: 1m 12s
Rendered 1435/3547, time remaining: 1m 12s
Rendered 1436/3547, time remaining: 1m 12s
Rendered 1437/3547, time remaining: 1m 11s
Rendered 1438/3547, time remaining: 1m 12s
Rendered 1439/3547, time remaining: 1m 10s
Rendered 1440/3547, time remaining: 1m 10s
Rendered 1441/3547, time remaining: 1m 12s
Rendered 1442/3547, time remaining: 1m 13s
Rendered 1443/3547, time remaining: 1m 11s
Rendered 1444/3547, time remaining: 1m 12s
Rendered 1445/3547, time remaining: 1m 11s
Rendered 1446/3547, time remaining: 1m 11s
Rendered 1447/3547, time remaining: 1m 10s
Rendered 1448/3547, time remaining: 1m 10s
Rendered 1449/3547, time remaining: 1m 12s
Rendered 1450/3547, time remaining: 1m 13s
Rendered 1451/3547, time remaining: 1m 13s
Rendered 1452/3547, time remaining: 1m 12s
Rendered 1453/3547, time remaining: 1m 12s
Rendered 1454/3547, time remaining: 1m 12s
Rendered 1455/3547, time remaining: 1m 9s
Rendered 1456/3547, time remaining: 1m 10s
Rendered 1457/3547, time remaining: 1m 11s
Rendered 1458/3547, time remaining: 1m 12s
Rendered 1459/3547, time remaining: 1m 12s
Rendered 1460/3547, time remaining: 1m 13s
Rendered 1461/3547, time remaining: 1m 11s
Rendered 1462/3547, time remaining: 1m 11s
Rendered 1463/3547, time remaining: 1m 9s
Rendered 1464/3547, time remaining: 1m 10s
Rendered 1465/3547, time remaining: 1m 11s
Rendered 1466/3547, time remaining: 1m 12s
Rendered 1467/3547, time remaining: 1m 11s
Rendered 1468/3547, time remaining: 1m 11s
Rendered 1469/3547, time remaining: 1m 11s
Rendered 1470/3547, time remaining: 1m 11s
Rendered 1471/3547, time remaining: 1m 9s
Rendered 1472/3547, time remaining: 1m 10s
Rendered 1473/3547, time remaining: 1m 11s
Rendered 1474/3547, time remaining: 1m 10s
Rendered 1475/3547, time remaining: 1m 11s
Rendered 1476/3547, time remaining: 1m 11s
Rendered 1477/3547, time remaining: 1m 11s
Rendered 1478/3547, time remaining: 1m 11s
Rendered 1479/3547, time remaining: 1m 11s
Rendered 1480/3547, time remaining: 1m 10s
Rendered 1481/3547, time remaining: 1m 9s
Rendered 1482/3547, time remaining: 1m 9s
Rendered 1483/3547, time remaining: 1m 10s
Rendered 1484/3547, time remaining: 1m 10s
Rendered 1485/3547, time remaining: 1m 11s
Rendered 1486/3547, time remaining: 1m 11s
Rendered 1487/3547, time remaining: 1m 10s
Rendered 1488/3547, time remaining: 1m 10s
Rendered 1489/3547, time remaining: 1m 9s
Rendered 1490/3547, time remaining: 1m 10s
Rendered 1491/3547, time remaining: 1m 10s
Rendered 1492/3547, time remaining: 1m 10s
Rendered 1493/3547, time remaining: 1m 10s
Rendered 1494/3547, time remaining: 1m 10s
Rendered 1495/3547, time remaining: 1m 10s
Rendered 1496/3547, time remaining: 1m 10s
Rendered 1497/3547, time remaining: 1m 8s
Rendered 1498/3547, time remaining: 1m 10s
Rendered 1499/3547, time remaining: 1m 10s
Rendered 1500/3547, time remaining: 1m 9s
Rendered 1501/3547, time remaining: 1m 10s
Rendered 1502/3547, time remaining: 1m 10s
Rendered 1503/3547, time remaining: 1m 10s
Rendered 1504/3547, time remaining: 1m 9s
Rendered 1505/3547, time remaining: 1m 9s
Rendered 1506/3547, time remaining: 1m 10s
Rendered 1507/3547, time remaining: 1m 10s
Rendered 1508/3547, time remaining: 1m 10s
Rendered 1509/3547, time remaining: 1m 10s
Rendered 1510/3547, time remaining: 1m 9s
Rendered 1511/3547, time remaining: 1m 9s
Rendered 1512/3547, time remaining: 1m 10s
Rendered 1513/3547, time remaining: 1m 9s
Rendered 1514/3547, time remaining: 1m 9s
Rendered 1515/3547, time remaining: 1m 7s
Rendered 1516/3547, time remaining: 1m 8s
Rendered 1517/3547, time remaining: 1m 8s
Rendered 1518/3547, time remaining: 1m 10s
Rendered 1519/3547, time remaining: 1m 10s
Rendered 1520/3547, time remaining: 1m 9s
Rendered 1521/3547, time remaining: 1m 8s
Rendered 1522/3547, time remaining: 1m 9s
Rendered 1523/3547, time remaining: 1m 8s
Rendered 1524/3547, time remaining: 1m 8s
Rendered 1525/3547, time remaining: 1m 8s
Rendered 1526/3547, time remaining: 1m 8s
Rendered 1527/3547, time remaining: 1m 8s
Rendered 1528/3547, time remaining: 1m 9s
Rendered 1529/3547, time remaining: 1m 8s
Rendered 1530/3547, time remaining: 1m 8s
Rendered 1531/3547, time remaining: 1m 7s
Rendered 1532/3547, time remaining: 1m 8s
Rendered 1533/3547, time remaining: 1m 8s
Rendered 1534/3547, time remaining: 1m 8s
Rendered 1535/3547, time remaining: 1m 8s
Rendered 1536/3547, time remaining: 1m 9s
Rendered 1537/3547, time remaining: 1m 8s
Rendered 1538/3547, time remaining: 1m 8s
Rendered 1539/3547, time remaining: 1m 9s
Rendered 1540/3547, time remaining: 1m 7s
Rendered 1541/3547, time remaining: 1m 6s
Rendered 1542/3547, time remaining: 1m 7s
Rendered 1543/3547, time remaining: 1m 7s
Rendered 1544/3547, time remaining: 1m 8s
Rendered 1545/3547, time remaining: 1m 7s
Rendered 1546/3547, time remaining: 1m 7s
Rendered 1547/3547, time remaining: 1m 7s
Rendered 1548/3547, time remaining: 1m 7s
Rendered 1549/3547, time remaining: 1m 6s
Rendered 1550/3547, time remaining: 1m 6s
Rendered 1551/3547, time remaining: 1m 5s
Rendered 1552/3547, time remaining: 1m 5s
Rendered 1553/3547, time remaining: 1m 5s
Rendered 1554/3547, time remaining: 1m 5s
Rendered 1555/3547, time remaining: 1m 5s
Rendered 1556/3547, time remaining: 1m 5s
Rendered 1557/3547, time remaining: 1m 3s
Rendered 1558/3547, time remaining: 1m 3s
Rendered 1559/3547, time remaining: 1m 3s
Rendered 1560/3547, time remaining: 1m 2s
Rendered 1561/3547, time remaining: 1m 2s
Rendered 1562/3547, time remaining: 1m 2s
Rendered 1563/3547, time remaining: 1m 2s
Rendered 1564/3547, time remaining: 1m 2s
Rendered 1565/3547, time remaining: 1m 1s
Rendered 1566/3547, time remaining: 1m 3s
Rendered 1567/3547, time remaining: 1m 3s
Rendered 1568/3547, time remaining: 1m 2s
Rendered 1569/3547, time remaining: 1m 2s
Rendered 1570/3547, time remaining: 1m 2s
Rendered 1571/3547, time remaining: 1m 2s
Rendered 1572/3547, time remaining: 1m 3s
Rendered 1573/3547, time remaining: 1m 2s
Rendered 1574/3547, time remaining: 1m 3s
Rendered 1575/3547, time remaining: 1m 1s
Rendered 1576/3547, time remaining: 1m 2s
Rendered 1577/3547, time remaining: 1m 1s
Rendered 1578/3547, time remaining: 1m 1s
Rendered 1579/3547, time remaining: 1m 2s
Rendered 1580/3547, time remaining: 1m 2s
Rendered 1581/3547, time remaining: 1m 1s
Rendered 1582/3547, time remaining: 1m 2s
Rendered 1583/3547, time remaining: 1m 1s
Rendered 1584/3547, time remaining: 1m 1s
Rendered 1585/3547, time remaining: 1m 1s
Rendered 1586/3547, time remaining: 1m 1s
Rendered 1587/3547, time remaining: 1m 1s
Rendered 1588/3547, time remaining: 1m 0s
Rendered 1589/3547, time remaining: 1m 1s
Rendered 1590/3547, time remaining: 1m 2s
Rendered 1591/3547, time remaining: 1m 0s
Rendered 1592/3547, time remaining: 1m 0s
Rendered 1593/3547, time remaining: 1m 2s
Rendered 1594/3547, time remaining: 1m 1s
Rendered 1595/3547, time remaining: 1m 1s
Rendered 1596/3547, time remaining: 1m 1s
Rendered 1597/3547, time remaining: 1m 1s
Rendered 1598/3547, time remaining: 1m 1s
Rendered 1599/3547, time remaining: 59s
Rendered 1600/3547, time remaining: 59s
Rendered 1601/3547, time remaining: 59s
Rendered 1602/3547, time remaining: 1m 0s
Rendered 1603/3547, time remaining: 1m 0s
Rendered 1604/3547, time remaining: 1m 0s
Rendered 1605/3547, time remaining: 1m 1s
Rendered 1606/3547, time remaining: 1m 0s
Rendered 1607/3547, time remaining: 1m 0s
Rendered 1608/3547, time remaining: 59s
Rendered 1609/3547, time remaining: 59s
Rendered 1610/3547, time remaining: 59s
Rendered 1611/3547, time remaining: 1m 0s
Rendered 1612/3547, time remaining: 1m 0s
Rendered 1613/3547, time remaining: 1m 0s
Rendered 1614/3547, time remaining: 1m 0s
Rendered 1615/3547, time remaining: 59s
Rendered 1616/3547, time remaining: 59s
Rendered 1617/3547, time remaining: 59s
Rendered 1618/3547, time remaining: 59s
Rendered 1619/3547, time remaining: 59s
Rendered 1620/3547, time remaining: 59s
Rendered 1621/3547, time remaining: 59s
Rendered 1622/3547, time remaining: 1m 0s
Rendered 1623/3547, time remaining: 59s
Rendered 1624/3547, time remaining: 59s
Rendered 1625/3547, time remaining: 59s
Rendered 1626/3547, time remaining: 59s
Rendered 1627/3547, time remaining: 59s
Rendered 1628/3547, time remaining: 58s
Rendered 1629/3547, time remaining: 58s
Rendered 1630/3547, time remaining: 59s
Rendered 1631/3547, time remaining: 1m 0s
Rendered 1632/3547, time remaining: 1m 0s
Rendered 1633/3547, time remaining: 59s
Rendered 1634/3547, time remaining: 1m 0s
Rendered 1635/3547, time remaining: 58s
Rendered 1636/3547, time remaining: 58s
Rendered 1637/3547, time remaining: 58s
Rendered 1638/3547, time remaining: 59s
Rendered 1639/3547, time remaining: 59s
Rendered 1640/3547, time remaining: 58s
Rendered 1641/3547, time remaining: 58s
Rendered 1642/3547, time remaining: 58s
Rendered 1643/3547, time remaining: 58s
Rendered 1644/3547, time remaining: 57s
Rendered 1645/3547, time remaining: 58s
Rendered 1646/3547, time remaining: 59s
Rendered 1647/3547, time remaining: 59s
Rendered 1648/3547, time remaining: 58s
Rendered 1649/3547, time remaining: 58s
Rendered 1650/3547, time remaining: 58s
Rendered 1651/3547, time remaining: 58s
Rendered 1652/3547, time remaining: 58s
Rendered 1653/3547, time remaining: 59s
Rendered 1654/3547, time remaining: 59s
Rendered 1655/3547, time remaining: 57s
Rendered 1656/3547, time remaining: 57s
Rendered 1657/3547, time remaining: 58s
Rendered 1658/3547, time remaining: 58s
Rendered 1659/3547, time remaining: 58s
Rendered 1660/3547, time remaining: 57s
Rendered 1661/3547, time remaining: 59s
Rendered 1662/3547, time remaining: 58s
Rendered 1663/3547, time remaining: 57s
Rendered 1664/3547, time remaining: 58s
Rendered 1665/3547, time remaining: 58s
Rendered 1666/3547, time remaining: 58s
Rendered 1667/3547, time remaining: 58s
Rendered 1668/3547, time remaining: 57s
Rendered 1669/3547, time remaining: 57s
Rendered 1670/3547, time remaining: 57s
Rendered 1671/3547, time remaining: 56s
Rendered 1672/3547, time remaining: 57s
Rendered 1673/3547, time remaining: 57s
Rendered 1674/3547, time remaining: 57s
Rendered 1675/3547, time remaining: 57s
Rendered 1676/3547, time remaining: 58s
Rendered 1677/3547, time remaining: 58s
Rendered 1678/3547, time remaining: 57s
Rendered 1679/3547, time remaining: 57s
Rendered 1680/3547, time remaining: 57s
Rendered 1681/3547, time remaining: 58s
Rendered 1682/3547, time remaining: 57s
Rendered 1683/3547, time remaining: 57s
Rendered 1684/3547, time remaining: 57s
Rendered 1685/3547, time remaining: 57s
Rendered 1686/3547, time remaining: 56s
Rendered 1687/3547, time remaining: 56s
Rendered 1688/3547, time remaining: 57s
Rendered 1689/3547, time remaining: 57s
Rendered 1690/3547, time remaining: 57s
Rendered 1691/3547, time remaining: 57s
Rendered 1692/3547, time remaining: 57s
Rendered 1693/3547, time remaining: 57s
Rendered 1694/3547, time remaining: 57s
Rendered 1695/3547, time remaining: 57s
Rendered 1696/3547, time remaining: 59s
Rendered 1697/3547, time remaining: 58s
Rendered 1698/3547, time remaining: 58s
Rendered 1699/3547, time remaining: 58s
Rendered 1700/3547, time remaining: 58s
Rendered 1701/3547, time remaining: 58s
Rendered 1702/3547, time remaining: 59s
Rendered 1703/3547, time remaining: 58s
Rendered 1704/3547, time remaining: 1m 0s
Rendered 1705/3547, time remaining: 1m 0s
Rendered 1706/3547, time remaining: 1m 0s
Rendered 1707/3547, time remaining: 1m 1s
Rendered 1708/3547, time remaining: 1m 0s
Rendered 1709/3547, time remaining: 1m 0s
Rendered 1710/3547, time remaining: 1m 0s
Rendered 1711/3547, time remaining: 1m 1s
Rendered 1712/3547, time remaining: 1m 2s
Rendered 1713/3547, time remaining: 1m 2s
Rendered 1714/3547, time remaining: 1m 2s
Rendered 1715/3547, time remaining: 1m 1s
Rendered 1716/3547, time remaining: 1m 0s
Rendered 1717/3547, time remaining: 1m 0s
Rendered 1718/3547, time remaining: 59s
Rendered 1719/3547, time remaining: 1m 0s
Rendered 1720/3547, time remaining: 1m 1s
Rendered 1721/3547, time remaining: 1m 1s
Rendered 1722/3547, time remaining: 1m 1s
Rendered 1723/3547, time remaining: 1m 0s
Rendered 1724/3547, time remaining: 1m 0s
Rendered 1725/3547, time remaining: 1m 0s
Rendered 1726/3547, time remaining: 1m 0s
Rendered 1727/3547, time remaining: 1m 0s
Rendered 1728/3547, time remaining: 1m 1s
Rendered 1729/3547, time remaining: 1m 1s
Rendered 1730/3547, time remaining: 1m 1s
Rendered 1731/3547, time remaining: 1m 1s
Rendered 1732/3547, time remaining: 1m 0s
Rendered 1733/3547, time remaining: 1m 0s
Rendered 1734/3547, time remaining: 1m 0s
Rendered 1735/3547, time remaining: 59s
Rendered 1736/3547, time remaining: 1m 0s
Rendered 1737/3547, time remaining: 1m 0s
Rendered 1738/3547, time remaining: 1m 1s
Rendered 1739/3547, time remaining: 1m 1s
Rendered 1740/3547, time remaining: 1m 0s
Rendered 1741/3547, time remaining: 1m 0s
Rendered 1742/3547, time remaining: 1m 0s
Rendered 1743/3547, time remaining: 59s
Rendered 1744/3547, time remaining: 59s
Rendered 1745/3547, time remaining: 59s
Rendered 1746/3547, time remaining: 1m 0s
Rendered 1747/3547, time remaining: 1m 0s
Rendered 1748/3547, time remaining: 1m 1s
Rendered 1749/3547, time remaining: 1m 1s
Rendered 1750/3547, time remaining: 1m 0s
Rendered 1751/3547, time remaining: 1m 0s
Rendered 1752/3547, time remaining: 1m 0s
Rendered 1753/3547, time remaining: 1m 0s
Rendered 1754/3547, time remaining: 1m 0s
Rendered 1755/3547, time remaining: 1m 1s
Rendered 1756/3547, time remaining: 1m 1s
Rendered 1757/3547, time remaining: 1m 0s
Rendered 1758/3547, time remaining: 1m 0s
Rendered 1759/3547, time remaining: 1m 0s
Rendered 1760/3547, time remaining: 1m 0s
Rendered 1761/3547, time remaining: 59s
Rendered 1762/3547, time remaining: 1m 0s
Rendered 1763/3547, time remaining: 1m 1s
Rendered 1764/3547, time remaining: 1m 0s
Rendered 1765/3547, time remaining: 59s
Rendered 1766/3547, time remaining: 1m 0s
Rendered 1767/3547, time remaining: 1m 0s
Rendered 1768/3547, time remaining: 1m 0s
Rendered 1769/3547, time remaining: 1m 0s
Rendered 1770/3547, time remaining: 1m 0s
Rendered 1771/3547, time remaining: 1m 1s
Rendered 1772/3547, time remaining: 59s
Rendered 1773/3547, time remaining: 59s
Rendered 1774/3547, time remaining: 59s
Rendered 1775/3547, time remaining: 59s
Rendered 1776/3547, time remaining: 59s
Rendered 1777/3547, time remaining: 59s
Rendered 1778/3547, time remaining: 1m 0s
Rendered 1779/3547, time remaining: 1m 0s
Rendered 1780/3547, time remaining: 59s
Rendered 1781/3547, time remaining: 58s
Rendered 1782/3547, time remaining: 58s
Rendered 1783/3547, time remaining: 1m 0s
Rendered 1784/3547, time remaining: 59s
Rendered 1785/3547, time remaining: 59s
Rendered 1786/3547, time remaining: 59s
Rendered 1787/3547, time remaining: 59s
Rendered 1788/3547, time remaining: 58s
Rendered 1789/3547, time remaining: 58s
Rendered 1790/3547, time remaining: 58s
Rendered 1791/3547, time remaining: 59s
Rendered 1792/3547, time remaining: 59s
Rendered 1793/3547, time remaining: 59s
Rendered 1794/3547, time remaining: 59s
Rendered 1795/3547, time remaining: 59s
Rendered 1796/3547, time remaining: 58s
Rendered 1797/3547, time remaining: 58s
Rendered 1798/3547, time remaining: 58s
Rendered 1799/3547, time remaining: 58s
Rendered 1800/3547, time remaining: 58s
Rendered 1801/3547, time remaining: 58s
Rendered 1802/3547, time remaining: 58s
Rendered 1803/3547, time remaining: 58s
Rendered 1804/3547, time remaining: 58s
Rendered 1805/3547, time remaining: 59s
Rendered 1806/3547, time remaining: 59s
Rendered 1807/3547, time remaining: 58s
Rendered 1808/3547, time remaining: 58s
Rendered 1809/3547, time remaining: 59s
Rendered 1810/3547, time remaining: 59s
Rendered 1811/3547, time remaining: 58s
Rendered 1812/3547, time remaining: 58s
Rendered 1813/3547, time remaining: 58s
Rendered 1814/3547, time remaining: 57s
Rendered 1815/3547, time remaining: 58s
Rendered 1816/3547, time remaining: 58s
Rendered 1817/3547, time remaining: 59s
Rendered 1818/3547, time remaining: 58s
Rendered 1819/3547, time remaining: 58s
Rendered 1820/3547, time remaining: 58s
Rendered 1821/3547, time remaining: 58s
Rendered 1822/3547, time remaining: 58s
Rendered 1823/3547, time remaining: 58s
Rendered 1824/3547, time remaining: 58s
Rendered 1825/3547, time remaining: 59s
Rendered 1826/3547, time remaining: 58s
Rendered 1827/3547, time remaining: 58s
Rendered 1828/3547, time remaining: 57s
Rendered 1829/3547, time remaining: 58s
Rendered 1830/3547, time remaining: 58s
Rendered 1831/3547, time remaining: 57s
Rendered 1832/3547, time remaining: 57s
Rendered 1833/3547, time remaining: 57s
Rendered 1834/3547, time remaining: 58s
Rendered 1835/3547, time remaining: 57s
Rendered 1836/3547, time remaining: 57s
Rendered 1837/3547, time remaining: 57s
Rendered 1838/3547, time remaining: 58s
Rendered 1839/3547, time remaining: 56s
Rendered 1840/3547, time remaining: 57s
Rendered 1841/3547, time remaining: 57s
Rendered 1842/3547, time remaining: 57s
Rendered 1843/3547, time remaining: 57s
Rendered 1844/3547, time remaining: 57s
Rendered 1845/3547, time remaining: 57s
Rendered 1846/3547, time remaining: 57s
Rendered 1847/3547, time remaining: 57s
Rendered 1848/3547, time remaining: 57s
Rendered 1849/3547, time remaining: 57s
Rendered 1850/3547, time remaining: 57s
Rendered 1851/3547, time remaining: 56s
Rendered 1852/3547, time remaining: 56s
Rendered 1853/3547, time remaining: 57s
Rendered 1854/3547, time remaining: 56s
Rendered 1855/3547, time remaining: 56s
Rendered 1856/3547, time remaining: 56s
Rendered 1857/3547, time remaining: 56s
Rendered 1858/3547, time remaining: 56s
Rendered 1859/3547, time remaining: 56s
Rendered 1860/3547, time remaining: 56s
Rendered 1861/3547, time remaining: 57s
Rendered 1862/3547, time remaining: 56s
Rendered 1863/3547, time remaining: 56s
Rendered 1864/3547, time remaining: 56s
Rendered 1865/3547, time remaining: 56s
Rendered 1866/3547, time remaining: 56s
Rendered 1867/3547, time remaining: 56s
Rendered 1868/3547, time remaining: 56s
Rendered 1869/3547, time remaining: 56s
Rendered 1870/3547, time remaining: 56s
Rendered 1871/3547, time remaining: 56s
Rendered 1872/3547, time remaining: 55s
Rendered 1873/3547, time remaining: 56s
Rendered 1874/3547, time remaining: 56s
Rendered 1875/3547, time remaining: 56s
Rendered 1876/3547, time remaining: 55s
Rendered 1877/3547, time remaining: 55s
Rendered 1878/3547, time remaining: 55s
Rendered 1879/3547, time remaining: 56s
Rendered 1880/3547, time remaining: 55s
Rendered 1881/3547, time remaining: 54s
Rendered 1882/3547, time remaining: 55s
Rendered 1883/3547, time remaining: 55s
Rendered 1884/3547, time remaining: 55s
Rendered 1885/3547, time remaining: 55s
Rendered 1886/3547, time remaining: 56s
Rendered 1887/3547, time remaining: 56s
Rendered 1888/3547, time remaining: 55s
Rendered 1889/3547, time remaining: 55s
Rendered 1890/3547, time remaining: 55s
Rendered 1891/3547, time remaining: 54s
Rendered 1892/3547, time remaining: 55s
Rendered 1893/3547, time remaining: 55s
Rendered 1894/3547, time remaining: 55s
Rendered 1895/3547, time remaining: 56s
Rendered 1896/3547, time remaining: 55s
Rendered 1897/3547, time remaining: 55s
Rendered 1898/3547, time remaining: 54s
Rendered 1899/3547, time remaining: 54s
Rendered 1900/3547, time remaining: 54s
Rendered 1901/3547, time remaining: 54s
Rendered 1902/3547, time remaining: 54s
Rendered 1903/3547, time remaining: 56s
Rendered 1904/3547, time remaining: 56s
Rendered 1905/3547, time remaining: 54s
Rendered 1906/3547, time remaining: 54s
Rendered 1907/3547, time remaining: 54s
Rendered 1908/3547, time remaining: 54s
Rendered 1909/3547, time remaining: 54s
Rendered 1910/3547, time remaining: 54s
Rendered 1911/3547, time remaining: 56s
Rendered 1912/3547, time remaining: 54s
Rendered 1913/3547, time remaining: 53s
Rendered 1914/3547, time remaining: 54s
Rendered 1915/3547, time remaining: 54s
Rendered 1916/3547, time remaining: 53s
Rendered 1917/3547, time remaining: 53s
Rendered 1918/3547, time remaining: 54s
Rendered 1919/3547, time remaining: 55s
Rendered 1920/3547, time remaining: 54s
Rendered 1921/3547, time remaining: 53s
Rendered 1922/3547, time remaining: 53s
Rendered 1923/3547, time remaining: 53s
Rendered 1924/3547, time remaining: 53s
Rendered 1925/3547, time remaining: 53s
Rendered 1926/3547, time remaining: 53s
Rendered 1927/3547, time remaining: 54s
Rendered 1928/3547, time remaining: 53s
Rendered 1929/3547, time remaining: 54s
Rendered 1930/3547, time remaining: 54s
Rendered 1931/3547, time remaining: 53s
Rendered 1932/3547, time remaining: 53s
Rendered 1933/3547, time remaining: 52s
Rendered 1934/3547, time remaining: 52s
Rendered 1935/3547, time remaining: 54s
Rendered 1936/3547, time remaining: 54s
Rendered 1937/3547, time remaining: 53s
Rendered 1938/3547, time remaining: 53s
Rendered 1939/3547, time remaining: 53s
Rendered 1940/3547, time remaining: 54s
Rendered 1941/3547, time remaining: 52s
Rendered 1942/3547, time remaining: 52s
Rendered 1943/3547, time remaining: 53s
Rendered 1944/3547, time remaining: 54s
Rendered 1945/3547, time remaining: 52s
Rendered 1946/3547, time remaining: 52s
Rendered 1947/3547, time remaining: 52s
Rendered 1948/3547, time remaining: 52s
Rendered 1949/3547, time remaining: 52s
Rendered 1950/3547, time remaining: 52s
Rendered 1951/3547, time remaining: 54s
Rendered 1952/3547, time remaining: 53s
Rendered 1953/3547, time remaining: 53s
Rendered 1954/3547, time remaining: 52s
Rendered 1955/3547, time remaining: 51s
Rendered 1956/3547, time remaining: 52s
Rendered 1957/3547, time remaining: 52s
Rendered 1958/3547, time remaining: 52s
Rendered 1959/3547, time remaining: 52s
Rendered 1960/3547, time remaining: 53s
Rendered 1961/3547, time remaining: 52s
Rendered 1962/3547, time remaining: 52s
Rendered 1963/3547, time remaining: 52s
Rendered 1964/3547, time remaining: 53s
Rendered 1965/3547, time remaining: 52s
Rendered 1966/3547, time remaining: 52s
Rendered 1967/3547, time remaining: 52s
Rendered 1968/3547, time remaining: 52s
Rendered 1969/3547, time remaining: 53s
Rendered 1970/3547, time remaining: 53s
Rendered 1971/3547, time remaining: 53s
Rendered 1972/3547, time remaining: 51s
Rendered 1973/3547, time remaining: 51s
Rendered 1974/3547, time remaining: 51s
Rendered 1975/3547, time remaining: 52s
Rendered 1976/3547, time remaining: 52s
Rendered 1977/3547, time remaining: 52s
Rendered 1978/3547, time remaining: 52s
Rendered 1979/3547, time remaining: 52s
Rendered 1980/3547, time remaining: 52s
Rendered 1981/3547, time remaining: 52s
Rendered 1982/3547, time remaining: 52s
Rendered 1983/3547, time remaining: 52s
Rendered 1984/3547, time remaining: 52s
Rendered 1985/3547, time remaining: 52s
Rendered 1986/3547, time remaining: 52s
Rendered 1987/3547, time remaining: 52s
Rendered 1988/3547, time remaining: 51s
Rendered 1989/3547, time remaining: 51s
Rendered 1990/3547, time remaining: 51s
Rendered 1991/3547, time remaining: 52s
Rendered 1992/3547, time remaining: 52s
Rendered 1993/3547, time remaining: 51s
Rendered 1994/3547, time remaining: 52s
Rendered 1995/3547, time remaining: 52s
Rendered 1996/3547, time remaining: 51s
Rendered 1997/3547, time remaining: 51s
Rendered 1998/3547, time remaining: 52s
Rendered 1999/3547, time remaining: 51s
Rendered 2000/3547, time remaining: 51s
Rendered 2001/3547, time remaining: 51s
Rendered 2002/3547, time remaining: 52s
Rendered 2003/3547, time remaining: 51s
Rendered 2004/3547, time remaining: 50s
Rendered 2005/3547, time remaining: 50s
Rendered 2006/3547, time remaining: 52s
Rendered 2007/3547, time remaining: 51s
Rendered 2008/3547, time remaining: 51s
Rendered 2009/3547, time remaining: 51s
Rendered 2010/3547, time remaining: 52s
Rendered 2011/3547, time remaining: 50s
Rendered 2012/3547, time remaining: 50s
Rendered 2013/3547, time remaining: 51s
Rendered 2014/3547, time remaining: 51s
Rendered 2015/3547, time remaining: 51s
Rendered 2016/3547, time remaining: 51s
Rendered 2017/3547, time remaining: 51s
Rendered 2018/3547, time remaining: 51s
Rendered 2019/3547, time remaining: 50s
Rendered 2020/3547, time remaining: 50s
Rendered 2021/3547, time remaining: 50s
Rendered 2022/3547, time remaining: 50s
Rendered 2023/3547, time remaining: 50s
Rendered 2024/3547, time remaining: 50s
Rendered 2025/3547, time remaining: 50s
Rendered 2026/3547, time remaining: 50s
Rendered 2027/3547, time remaining: 50s
Rendered 2028/3547, time remaining: 50s
Rendered 2029/3547, time remaining: 50s
Rendered 2030/3547, time remaining: 50s
Rendered 2031/3547, time remaining: 50s
Rendered 2032/3547, time remaining: 50s
Rendered 2033/3547, time remaining: 51s
Rendered 2034/3547, time remaining: 51s
Rendered 2035/3547, time remaining: 50s
Rendered 2036/3547, time remaining: 49s
Rendered 2037/3547, time remaining: 49s
Rendered 2038/3547, time remaining: 50s
Rendered 2039/3547, time remaining: 50s
Rendered 2040/3547, time remaining: 51s
Rendered 2041/3547, time remaining: 50s
Rendered 2042/3547, time remaining: 50s
Rendered 2043/3547, time remaining: 50s
Rendered 2044/3547, time remaining: 50s
Rendered 2045/3547, time remaining: 49s
Rendered 2046/3547, time remaining: 50s
Rendered 2047/3547, time remaining: 50s
Rendered 2048/3547, time remaining: 50s
Rendered 2049/3547, time remaining: 50s
Rendered 2050/3547, time remaining: 50s
Rendered 2051/3547, time remaining: 50s
Rendered 2052/3547, time remaining: 50s
Rendered 2053/3547, time remaining: 49s
Rendered 2054/3547, time remaining: 49s
Rendered 2055/3547, time remaining: 50s
Rendered 2056/3547, time remaining: 49s
Rendered 2057/3547, time remaining: 50s
Rendered 2058/3547, time remaining: 50s
Rendered 2059/3547, time remaining: 49s
Rendered 2060/3547, time remaining: 50s
Rendered 2061/3547, time remaining: 48s
Rendered 2062/3547, time remaining: 49s
Rendered 2063/3547, time remaining: 49s
Rendered 2064/3547, time remaining: 49s
Rendered 2065/3547, time remaining: 50s
Rendered 2066/3547, time remaining: 50s
Rendered 2067/3547, time remaining: 50s
Rendered 2068/3547, time remaining: 49s
Rendered 2069/3547, time remaining: 49s
Rendered 2070/3547, time remaining: 49s
Rendered 2071/3547, time remaining: 48s
Rendered 2072/3547, time remaining: 48s
Rendered 2073/3547, time remaining: 49s
Rendered 2074/3547, time remaining: 49s
Rendered 2075/3547, time remaining: 49s
Rendered 2076/3547, time remaining: 49s
Rendered 2077/3547, time remaining: 48s
Rendered 2078/3547, time remaining: 48s
Rendered 2079/3547, time remaining: 48s
Rendered 2080/3547, time remaining: 48s
Rendered 2081/3547, time remaining: 49s
Rendered 2082/3547, time remaining: 49s
Rendered 2083/3547, time remaining: 49s
Rendered 2084/3547, time remaining: 49s
Rendered 2085/3547, time remaining: 48s
Rendered 2086/3547, time remaining: 48s
Rendered 2087/3547, time remaining: 48s
Rendered 2088/3547, time remaining: 48s
Rendered 2089/3547, time remaining: 49s
Rendered 2090/3547, time remaining: 48s
Rendered 2091/3547, time remaining: 48s
Rendered 2092/3547, time remaining: 48s
Rendered 2093/3547, time remaining: 48s
Rendered 2094/3547, time remaining: 47s
Rendered 2095/3547, time remaining: 48s
Rendered 2096/3547, time remaining: 48s
Rendered 2097/3547, time remaining: 49s
Rendered 2098/3547, time remaining: 48s
Rendered 2099/3547, time remaining: 48s
Rendered 2100/3547, time remaining: 49s
Rendered 2101/3547, time remaining: 47s
Rendered 2102/3547, time remaining: 47s
Rendered 2103/3547, time remaining: 47s
Rendered 2104/3547, time remaining: 47s
Rendered 2105/3547, time remaining: 48s
Rendered 2106/3547, time remaining: 48s
Rendered 2107/3547, time remaining: 48s
Rendered 2108/3547, time remaining: 48s
Rendered 2109/3547, time remaining: 47s
Rendered 2110/3547, time remaining: 47s
Rendered 2111/3547, time remaining: 47s
Rendered 2112/3547, time remaining: 47s
Rendered 2113/3547, time remaining: 48s
Rendered 2114/3547, time remaining: 48s
Rendered 2115/3547, time remaining: 47s
Rendered 2116/3547, time remaining: 47s
Rendered 2117/3547, time remaining: 47s
Rendered 2118/3547, time remaining: 47s
Rendered 2119/3547, time remaining: 47s
Rendered 2120/3547, time remaining: 47s
Rendered 2121/3547, time remaining: 46s
Rendered 2122/3547, time remaining: 47s
Rendered 2123/3547, time remaining: 47s
Rendered 2124/3547, time remaining: 47s
Rendered 2125/3547, time remaining: 47s
Rendered 2126/3547, time remaining: 47s
Rendered 2127/3547, time remaining: 47s
Rendered 2128/3547, time remaining: 47s
Rendered 2129/3547, time remaining: 46s
Rendered 2130/3547, time remaining: 46s
Rendered 2131/3547, time remaining: 46s
Rendered 2132/3547, time remaining: 46s
Rendered 2133/3547, time remaining: 46s
Rendered 2134/3547, time remaining: 47s
Rendered 2135/3547, time remaining: 47s
Rendered 2136/3547, time remaining: 46s
Rendered 2137/3547, time remaining: 46s
Rendered 2138/3547, time remaining: 46s
Rendered 2139/3547, time remaining: 46s
Rendered 2140/3547, time remaining: 46s
Rendered 2141/3547, time remaining: 46s
Rendered 2142/3547, time remaining: 46s
Rendered 2143/3547, time remaining: 46s
Rendered 2144/3547, time remaining: 45s
Rendered 2145/3547, time remaining: 45s
Rendered 2146/3547, time remaining: 46s
Rendered 2147/3547, time remaining: 46s
Rendered 2148/3547, time remaining: 45s
Rendered 2149/3547, time remaining: 45s
Rendered 2150/3547, time remaining: 45s
Rendered 2151/3547, time remaining: 46s
Rendered 2152/3547, time remaining: 46s
Rendered 2153/3547, time remaining: 46s
Rendered 2154/3547, time remaining: 46s
Rendered 2155/3547, time remaining: 46s
Rendered 2156/3547, time remaining: 45s
Rendered 2157/3547, time remaining: 45s
Rendered 2158/3547, time remaining: 45s
Rendered 2159/3547, time remaining: 45s
Rendered 2160/3547, time remaining: 46s
Rendered 2161/3547, time remaining: 46s
Rendered 2162/3547, time remaining: 46s
Rendered 2163/3547, time remaining: 45s
Rendered 2164/3547, time remaining: 45s
Rendered 2165/3547, time remaining: 45s
Rendered 2166/3547, time remaining: 46s
Rendered 2167/3547, time remaining: 45s
Rendered 2168/3547, time remaining: 46s
Rendered 2169/3547, time remaining: 46s
Rendered 2170/3547, time remaining: 46s
Rendered 2171/3547, time remaining: 45s
Rendered 2172/3547, time remaining: 46s
Rendered 2173/3547, time remaining: 46s
Rendered 2174/3547, time remaining: 45s
Rendered 2175/3547, time remaining: 45s
Rendered 2176/3547, time remaining: 46s
Rendered 2177/3547, time remaining: 46s
Rendered 2178/3547, time remaining: 45s
Rendered 2179/3547, time remaining: 44s
Rendered 2180/3547, time remaining: 46s
Rendered 2181/3547, time remaining: 45s
Rendered 2182/3547, time remaining: 45s
Rendered 2183/3547, time remaining: 45s
Rendered 2184/3547, time remaining: 45s
Rendered 2185/3547, time remaining: 45s
Rendered 2186/3547, time remaining: 45s
Rendered 2187/3547, time remaining: 45s
Rendered 2188/3547, time remaining: 46s
Rendered 2189/3547, time remaining: 45s
Rendered 2190/3547, time remaining: 45s
Rendered 2191/3547, time remaining: 45s
Rendered 2192/3547, time remaining: 45s
Rendered 2193/3547, time remaining: 45s
Rendered 2194/3547, time remaining: 45s
Rendered 2195/3547, time remaining: 44s
Rendered 2196/3547, time remaining: 44s
Rendered 2197/3547, time remaining: 44s
Rendered 2198/3547, time remaining: 44s
Rendered 2199/3547, time remaining: 45s
Rendered 2200/3547, time remaining: 45s
Rendered 2201/3547, time remaining: 45s
Rendered 2202/3547, time remaining: 45s
Rendered 2203/3547, time remaining: 44s
Rendered 2204/3547, time remaining: 44s
Rendered 2205/3547, time remaining: 44s
Rendered 2206/3547, time remaining: 44s
Rendered 2207/3547, time remaining: 44s
Rendered 2208/3547, time remaining: 45s
Rendered 2209/3547, time remaining: 45s
Rendered 2210/3547, time remaining: 44s
Rendered 2211/3547, time remaining: 45s
Rendered 2212/3547, time remaining: 44s
Rendered 2213/3547, time remaining: 45s
Rendered 2214/3547, time remaining: 45s
Rendered 2215/3547, time remaining: 44s
Rendered 2216/3547, time remaining: 44s
Rendered 2217/3547, time remaining: 44s
Rendered 2218/3547, time remaining: 44s
Rendered 2219/3547, time remaining: 43s
Rendered 2220/3547, time remaining: 44s
Rendered 2221/3547, time remaining: 45s
Rendered 2222/3547, time remaining: 45s
Rendered 2223/3547, time remaining: 43s
Rendered 2224/3547, time remaining: 44s
Rendered 2225/3547, time remaining: 44s
Rendered 2226/3547, time remaining: 44s
Rendered 2227/3547, time remaining: 44s
Rendered 2228/3547, time remaining: 44s
Rendered 2229/3547, time remaining: 44s
Rendered 2230/3547, time remaining: 44s
Rendered 2231/3547, time remaining: 43s
Rendered 2232/3547, time remaining: 44s
Rendered 2233/3547, time remaining: 44s
Rendered 2234/3547, time remaining: 44s
Rendered 2235/3547, time remaining: 43s
Rendered 2236/3547, time remaining: 44s
Rendered 2237/3547, time remaining: 44s
Rendered 2238/3547, time remaining: 44s
Rendered 2239/3547, time remaining: 42s
Rendered 2240/3547, time remaining: 44s
Rendered 2241/3547, time remaining: 44s
Rendered 2242/3547, time remaining: 44s
Rendered 2243/3547, time remaining: 44s
Rendered 2244/3547, time remaining: 44s
Rendered 2245/3547, time remaining: 43s
Rendered 2246/3547, time remaining: 43s
Rendered 2247/3547, time remaining: 43s
Rendered 2248/3547, time remaining: 43s
Rendered 2249/3547, time remaining: 43s
Rendered 2250/3547, time remaining: 43s
Rendered 2251/3547, time remaining: 43s
Rendered 2252/3547, time remaining: 43s
Rendered 2253/3547, time remaining: 43s
Rendered 2254/3547, time remaining: 43s
Rendered 2255/3547, time remaining: 42s
Rendered 2256/3547, time remaining: 43s
Rendered 2257/3547, time remaining: 43s
Rendered 2258/3547, time remaining: 43s
Rendered 2259/3547, time remaining: 43s
Rendered 2260/3547, time remaining: 43s
Rendered 2261/3547, time remaining: 43s
Rendered 2262/3547, time remaining: 43s
Rendered 2263/3547, time remaining: 43s
Rendered 2264/3547, time remaining: 43s
Rendered 2265/3547, time remaining: 43s
Rendered 2266/3547, time remaining: 43s
Rendered 2267/3547, time remaining: 42s
Rendered 2268/3547, time remaining: 42s
Rendered 2269/3547, time remaining: 43s
Rendered 2270/3547, time remaining: 43s
Rendered 2271/3547, time remaining: 43s
Rendered 2272/3547, time remaining: 42s
Rendered 2273/3547, time remaining: 43s
Rendered 2274/3547, time remaining: 43s
Rendered 2275/3547, time remaining: 42s
Rendered 2276/3547, time remaining: 42s
Rendered 2277/3547, time remaining: 43s
Rendered 2278/3547, time remaining: 43s
Rendered 2279/3547, time remaining: 42s
Rendered 2280/3547, time remaining: 42s
Rendered 2281/3547, time remaining: 43s
Rendered 2282/3547, time remaining: 43s
Rendered 2283/3547, time remaining: 42s
Rendered 2284/3547, time remaining: 41s
Rendered 2285/3547, time remaining: 42s
Rendered 2286/3547, time remaining: 42s
Rendered 2287/3547, time remaining: 42s
Rendered 2288/3547, time remaining: 43s
Rendered 2289/3547, time remaining: 42s
Rendered 2290/3547, time remaining: 42s
Rendered 2291/3547, time remaining: 42s
Rendered 2292/3547, time remaining: 42s
Rendered 2293/3547, time remaining: 42s
Rendered 2294/3547, time remaining: 42s
Rendered 2295/3547, time remaining: 42s
Rendered 2296/3547, time remaining: 42s
Rendered 2297/3547, time remaining: 42s
Rendered 2298/3547, time remaining: 42s
Rendered 2299/3547, time remaining: 42s
Rendered 2300/3547, time remaining: 42s
Rendered 2301/3547, time remaining: 42s
Rendered 2302/3547, time remaining: 42s
Rendered 2303/3547, time remaining: 41s
Rendered 2304/3547, time remaining: 41s
Rendered 2305/3547, time remaining: 41s
Rendered 2306/3547, time remaining: 41s
Rendered 2307/3547, time remaining: 42s
Rendered 2308/3547, time remaining: 42s
Rendered 2309/3547, time remaining: 42s
Rendered 2310/3547, time remaining: 41s
Rendered 2311/3547, time remaining: 41s
Rendered 2312/3547, time remaining: 41s
Rendered 2313/3547, time remaining: 41s
Rendered 2314/3547, time remaining: 41s
Rendered 2315/3547, time remaining: 41s
Rendered 2316/3547, time remaining: 42s
Rendered 2317/3547, time remaining: 42s
Rendered 2318/3547, time remaining: 41s
Rendered 2319/3547, time remaining: 41s
Rendered 2320/3547, time remaining: 41s
Rendered 2321/3547, time remaining: 41s
Rendered 2322/3547, time remaining: 41s
Rendered 2323/3547, time remaining: 40s
Rendered 2324/3547, time remaining: 42s
Rendered 2325/3547, time remaining: 42s
Rendered 2326/3547, time remaining: 41s
Rendered 2327/3547, time remaining: 41s
Rendered 2328/3547, time remaining: 41s
Rendered 2329/3547, time remaining: 41s
Rendered 2330/3547, time remaining: 40s
Rendered 2331/3547, time remaining: 40s
Rendered 2332/3547, time remaining: 42s
Rendered 2333/3547, time remaining: 42s
Rendered 2334/3547, time remaining: 41s
Rendered 2335/3547, time remaining: 41s
Rendered 2336/3547, time remaining: 41s
Rendered 2337/3547, time remaining: 41s
Rendered 2338/3547, time remaining: 40s
Rendered 2339/3547, time remaining: 41s
Rendered 2340/3547, time remaining: 41s
Rendered 2341/3547, time remaining: 41s
Rendered 2342/3547, time remaining: 41s
Rendered 2343/3547, time remaining: 41s
Rendered 2344/3547, time remaining: 41s
Rendered 2345/3547, time remaining: 42s
Rendered 2346/3547, time remaining: 41s
Rendered 2347/3547, time remaining: 40s
Rendered 2348/3547, time remaining: 41s
Rendered 2349/3547, time remaining: 40s
Rendered 2350/3547, time remaining: 41s
Rendered 2351/3547, time remaining: 40s
Rendered 2352/3547, time remaining: 40s
Rendered 2353/3547, time remaining: 40s
Rendered 2354/3547, time remaining: 41s
Rendered 2355/3547, time remaining: 40s
Rendered 2356/3547, time remaining: 40s
Rendered 2357/3547, time remaining: 40s
Rendered 2358/3547, time remaining: 40s
Rendered 2359/3547, time remaining: 40s
Rendered 2360/3547, time remaining: 40s
Rendered 2361/3547, time remaining: 40s
Rendered 2362/3547, time remaining: 40s
Rendered 2363/3547, time remaining: 39s
Rendered 2364/3547, time remaining: 40s
Rendered 2365/3547, time remaining: 40s
Rendered 2366/3547, time remaining: 39s
Rendered 2367/3547, time remaining: 39s
Rendered 2368/3547, time remaining: 40s
Rendered 2369/3547, time remaining: 40s
Rendered 2370/3547, time remaining: 40s
Rendered 2371/3547, time remaining: 39s
Rendered 2372/3547, time remaining: 39s
Rendered 2373/3547, time remaining: 39s
Rendered 2374/3547, time remaining: 39s
Rendered 2375/3547, time remaining: 39s
Rendered 2376/3547, time remaining: 40s
Rendered 2377/3547, time remaining: 40s
Rendered 2378/3547, time remaining: 40s
Rendered 2379/3547, time remaining: 39s
Rendered 2380/3547, time remaining: 39s
Rendered 2381/3547, time remaining: 39s
Rendered 2382/3547, time remaining: 39s
Rendered 2383/3547, time remaining: 39s
Rendered 2384/3547, time remaining: 40s
Rendered 2385/3547, time remaining: 40s
Rendered 2386/3547, time remaining: 39s
Rendered 2387/3547, time remaining: 39s
Rendered 2388/3547, time remaining: 39s
Rendered 2389/3547, time remaining: 39s
Rendered 2390/3547, time remaining: 38s
Rendered 2391/3547, time remaining: 39s
Rendered 2392/3547, time remaining: 39s
Rendered 2393/3547, time remaining: 39s
Rendered 2394/3547, time remaining: 39s
Rendered 2395/3547, time remaining: 39s
Rendered 2396/3547, time remaining: 39s
Rendered 2397/3547, time remaining: 39s
Rendered 2398/3547, time remaining: 38s
Rendered 2399/3547, time remaining: 39s
Rendered 2400/3547, time remaining: 39s
Rendered 2401/3547, time remaining: 40s
Rendered 2402/3547, time remaining: 40s
Rendered 2403/3547, time remaining: 39s
Rendered 2404/3547, time remaining: 39s
Rendered 2405/3547, time remaining: 39s
Rendered 2406/3547, time remaining: 39s
Rendered 2407/3547, time remaining: 38s
Rendered 2408/3547, time remaining: 39s
Rendered 2409/3547, time remaining: 39s
Rendered 2410/3547, time remaining: 39s
Rendered 2411/3547, time remaining: 39s
Rendered 2412/3547, time remaining: 39s
Rendered 2413/3547, time remaining: 38s
Rendered 2414/3547, time remaining: 39s
Rendered 2415/3547, time remaining: 39s
Rendered 2416/3547, time remaining: 39s
Rendered 2417/3547, time remaining: 39s
Rendered 2418/3547, time remaining: 39s
Rendered 2419/3547, time remaining: 38s
Rendered 2420/3547, time remaining: 38s
Rendered 2421/3547, time remaining: 38s
Rendered 2422/3547, time remaining: 38s
Rendered 2423/3547, time remaining: 38s
Rendered 2424/3547, time remaining: 38s
Rendered 2425/3547, time remaining: 38s
Rendered 2426/3547, time remaining: 39s
Rendered 2427/3547, time remaining: 37s
Rendered 2428/3547, time remaining: 37s
Rendered 2429/3547, time remaining: 37s
Rendered 2430/3547, time remaining: 38s
Rendered 2431/3547, time remaining: 37s
Rendered 2432/3547, time remaining: 38s
Rendered 2433/3547, time remaining: 38s
Rendered 2434/3547, time remaining: 38s
Rendered 2435/3547, time remaining: 37s
Rendered 2436/3547, time remaining: 37s
Rendered 2437/3547, time remaining: 37s
Rendered 2438/3547, time remaining: 38s
Rendered 2439/3547, time remaining: 37s
Rendered 2440/3547, time remaining: 38s
Rendered 2441/3547, time remaining: 38s
Rendered 2442/3547, time remaining: 37s
Rendered 2443/3547, time remaining: 37s
Rendered 2444/3547, time remaining: 38s
Rendered 2445/3547, time remaining: 37s
Rendered 2446/3547, time remaining: 37s
Rendered 2447/3547, time remaining: 37s
Rendered 2448/3547, time remaining: 37s
Rendered 2449/3547, time remaining: 37s
Rendered 2450/3547, time remaining: 37s
Rendered 2451/3547, time remaining: 37s
Rendered 2452/3547, time remaining: 37s
Rendered 2453/3547, time remaining: 37s
Rendered 2454/3547, time remaining: 37s
Rendered 2455/3547, time remaining: 37s
Rendered 2456/3547, time remaining: 37s
Rendered 2457/3547, time remaining: 37s
Rendered 2458/3547, time remaining: 36s
Rendered 2459/3547, time remaining: 36s
Rendered 2460/3547, time remaining: 36s
Rendered 2461/3547, time remaining: 36s
Rendered 2462/3547, time remaining: 36s
Rendered 2463/3547, time remaining: 37s
Rendered 2464/3547, time remaining: 36s
Rendered 2465/3547, time remaining: 37s
Rendered 2466/3547, time remaining: 36s
Rendered 2467/3547, time remaining: 36s
Rendered 2468/3547, time remaining: 36s
Rendered 2469/3547, time remaining: 36s
Rendered 2470/3547, time remaining: 36s
Rendered 2471/3547, time remaining: 36s
Rendered 2472/3547, time remaining: 36s
Rendered 2473/3547, time remaining: 36s
Rendered 2474/3547, time remaining: 35s
Rendered 2475/3547, time remaining: 36s
Rendered 2476/3547, time remaining: 36s
Rendered 2477/3547, time remaining: 35s
Rendered 2478/3547, time remaining: 35s
Rendered 2479/3547, time remaining: 35s
Rendered 2480/3547, time remaining: 36s
Rendered 2481/3547, time remaining: 36s
Rendered 2482/3547, time remaining: 35s
Rendered 2483/3547, time remaining: 35s
Rendered 2484/3547, time remaining: 35s
Rendered 2485/3547, time remaining: 35s
Rendered 2486/3547, time remaining: 35s
Rendered 2487/3547, time remaining: 35s
Rendered 2488/3547, time remaining: 36s
Rendered 2489/3547, time remaining: 35s
Rendered 2490/3547, time remaining: 35s
Rendered 2491/3547, time remaining: 35s
Rendered 2492/3547, time remaining: 35s
Rendered 2493/3547, time remaining: 35s
Rendered 2494/3547, time remaining: 35s
Rendered 2495/3547, time remaining: 35s
Rendered 2496/3547, time remaining: 35s
Rendered 2497/3547, time remaining: 35s
Rendered 2498/3547, time remaining: 35s
Rendered 2499/3547, time remaining: 35s
Rendered 2500/3547, time remaining: 34s
Rendered 2501/3547, time remaining: 34s
Rendered 2502/3547, time remaining: 35s
Rendered 2503/3547, time remaining: 35s
Rendered 2504/3547, time remaining: 35s
Rendered 2505/3547, time remaining: 35s
Rendered 2506/3547, time remaining: 34s
Rendered 2507/3547, time remaining: 34s
Rendered 2508/3547, time remaining: 34s
Rendered 2509/3547, time remaining: 35s
Rendered 2510/3547, time remaining: 35s
Rendered 2511/3547, time remaining: 34s
Rendered 2512/3547, time remaining: 34s
Rendered 2513/3547, time remaining: 35s
Rendered 2514/3547, time remaining: 34s
Rendered 2515/3547, time remaining: 34s
Rendered 2516/3547, time remaining: 34s
Rendered 2517/3547, time remaining: 35s
Rendered 2518/3547, time remaining: 34s
Rendered 2519/3547, time remaining: 34s
Rendered 2520/3547, time remaining: 34s
Rendered 2521/3547, time remaining: 34s
Rendered 2522/3547, time remaining: 34s
Rendered 2523/3547, time remaining: 34s
Rendered 2524/3547, time remaining: 34s
Rendered 2525/3547, time remaining: 34s
Rendered 2526/3547, time remaining: 34s
Rendered 2527/3547, time remaining: 34s
Rendered 2528/3547, time remaining: 34s
Rendered 2529/3547, time remaining: 34s
Rendered 2530/3547, time remaining: 34s
Rendered 2531/3547, time remaining: 34s
Rendered 2532/3547, time remaining: 34s
Rendered 2533/3547, time remaining: 34s
Rendered 2534/3547, time remaining: 33s
Rendered 2535/3547, time remaining: 33s
Rendered 2536/3547, time remaining: 33s
Rendered 2537/3547, time remaining: 34s
Rendered 2538/3547, time remaining: 34s
Rendered 2539/3547, time remaining: 34s
Rendered 2540/3547, time remaining: 34s
Rendered 2541/3547, time remaining: 33s
Rendered 2542/3547, time remaining: 34s
Rendered 2543/3547, time remaining: 33s
Rendered 2544/3547, time remaining: 33s
Rendered 2545/3547, time remaining: 34s
Rendered 2546/3547, time remaining: 33s
Rendered 2547/3547, time remaining: 33s
Rendered 2548/3547, time remaining: 33s
Rendered 2549/3547, time remaining: 33s
Rendered 2550/3547, time remaining: 33s
Rendered 2551/3547, time remaining: 33s
Rendered 2552/3547, time remaining: 33s
Rendered 2553/3547, time remaining: 33s
Rendered 2554/3547, time remaining: 33s
Rendered 2555/3547, time remaining: 33s
Rendered 2556/3547, time remaining: 33s
Rendered 2557/3547, time remaining: 33s
Rendered 2558/3547, time remaining: 33s
Rendered 2559/3547, time remaining: 33s
Rendered 2560/3547, time remaining: 33s
Rendered 2561/3547, time remaining: 33s
Rendered 2562/3547, time remaining: 32s
Rendered 2563/3547, time remaining: 32s
Rendered 2564/3547, time remaining: 32s
Rendered 2565/3547, time remaining: 32s
Rendered 2566/3547, time remaining: 32s
Rendered 2567/3547, time remaining: 33s
Rendered 2568/3547, time remaining: 33s
Rendered 2569/3547, time remaining: 33s
Rendered 2570/3547, time remaining: 33s
Rendered 2571/3547, time remaining: 33s
Rendered 2572/3547, time remaining: 32s
Rendered 2573/3547, time remaining: 32s
Rendered 2574/3547, time remaining: 32s
Rendered 2575/3547, time remaining: 33s
Rendered 2576/3547, time remaining: 32s
Rendered 2577/3547, time remaining: 32s
Rendered 2578/3547, time remaining: 32s
Rendered 2579/3547, time remaining: 33s
Rendered 2580/3547, time remaining: 32s
Rendered 2581/3547, time remaining: 32s
Rendered 2582/3547, time remaining: 32s
Rendered 2583/3547, time remaining: 32s
Rendered 2584/3547, time remaining: 32s
Rendered 2585/3547, time remaining: 32s
Rendered 2586/3547, time remaining: 32s
Rendered 2587/3547, time remaining: 32s
Rendered 2588/3547, time remaining: 32s
Rendered 2589/3547, time remaining: 32s
Rendered 2590/3547, time remaining: 32s
Rendered 2591/3547, time remaining: 32s
Rendered 2592/3547, time remaining: 32s
Rendered 2593/3547, time remaining: 32s
Rendered 2594/3547, time remaining: 31s
Rendered 2595/3547, time remaining: 32s
Rendered 2596/3547, time remaining: 32s
Rendered 2597/3547, time remaining: 32s
Rendered 2598/3547, time remaining: 32s
Rendered 2599/3547, time remaining: 31s
Rendered 2600/3547, time remaining: 31s
Rendered 2601/3547, time remaining: 31s
Rendered 2602/3547, time remaining: 31s
Rendered 2603/3547, time remaining: 31s
Rendered 2604/3547, time remaining: 32s
Rendered 2605/3547, time remaining: 32s
Rendered 2606/3547, time remaining: 31s
Rendered 2607/3547, time remaining: 31s
Rendered 2608/3547, time remaining: 31s
Rendered 2609/3547, time remaining: 31s
Rendered 2610/3547, time remaining: 31s
Rendered 2611/3547, time remaining: 32s
Rendered 2612/3547, time remaining: 32s
Rendered 2613/3547, time remaining: 31s
Rendered 2614/3547, time remaining: 31s
Rendered 2615/3547, time remaining: 30s
Rendered 2616/3547, time remaining: 30s
Rendered 2617/3547, time remaining: 31s
Rendered 2618/3547, time remaining: 30s
Rendered 2619/3547, time remaining: 31s
Rendered 2620/3547, time remaining: 31s
Rendered 2621/3547, time remaining: 31s
Rendered 2622/3547, time remaining: 31s
Rendered 2623/3547, time remaining: 30s
Rendered 2624/3547, time remaining: 30s
Rendered 2625/3547, time remaining: 30s
Rendered 2626/3547, time remaining: 30s
Rendered 2627/3547, time remaining: 31s
Rendered 2628/3547, time remaining: 31s
Rendered 2629/3547, time remaining: 31s
Rendered 2630/3547, time remaining: 31s
Rendered 2631/3547, time remaining: 30s
Rendered 2632/3547, time remaining: 30s
Rendered 2633/3547, time remaining: 30s
Rendered 2634/3547, time remaining: 31s
Rendered 2635/3547, time remaining: 31s
Rendered 2636/3547, time remaining: 31s
Rendered 2637/3547, time remaining: 30s
Rendered 2638/3547, time remaining: 30s
Rendered 2639/3547, time remaining: 30s
Rendered 2640/3547, time remaining: 29s
Rendered 2641/3547, time remaining: 29s
Rendered 2642/3547, time remaining: 29s
Rendered 2643/3547, time remaining: 29s
Rendered 2644/3547, time remaining: 29s
Rendered 2645/3547, time remaining: 29s
Rendered 2646/3547, time remaining: 28s
Rendered 2647/3547, time remaining: 28s
Rendered 2648/3547, time remaining: 28s
Rendered 2649/3547, time remaining: 28s
Rendered 2650/3547, time remaining: 28s
Rendered 2651/3547, time remaining: 28s
Rendered 2652/3547, time remaining: 27s
Rendered 2653/3547, time remaining: 28s
Rendered 2654/3547, time remaining: 27s
Rendered 2655/3547, time remaining: 27s
Rendered 2656/3547, time remaining: 28s
Rendered 2657/3547, time remaining: 28s
Rendered 2658/3547, time remaining: 28s
Rendered 2659/3547, time remaining: 27s
Rendered 2660/3547, time remaining: 27s
Rendered 2661/3547, time remaining: 27s
Rendered 2662/3547, time remaining: 27s
Rendered 2663/3547, time remaining: 27s
Rendered 2664/3547, time remaining: 27s
Rendered 2665/3547, time remaining: 28s
Rendered 2666/3547, time remaining: 28s
Rendered 2667/3547, time remaining: 27s
Rendered 2668/3547, time remaining: 27s
Rendered 2669/3547, time remaining: 27s
Rendered 2670/3547, time remaining: 27s
Rendered 2671/3547, time remaining: 26s
Rendered 2672/3547, time remaining: 27s
Rendered 2673/3547, time remaining: 27s
Rendered 2674/3547, time remaining: 27s
Rendered 2675/3547, time remaining: 27s
Rendered 2676/3547, time remaining: 27s
Rendered 2677/3547, time remaining: 27s
Rendered 2678/3547, time remaining: 27s
Rendered 2679/3547, time remaining: 26s
Rendered 2680/3547, time remaining: 26s
Rendered 2681/3547, time remaining: 26s
Rendered 2682/3547, time remaining: 27s
Rendered 2683/3547, time remaining: 27s
Rendered 2684/3547, time remaining: 27s
Rendered 2685/3547, time remaining: 27s
Rendered 2686/3547, time remaining: 26s
Rendered 2687/3547, time remaining: 26s
Rendered 2688/3547, time remaining: 26s
Rendered 2689/3547, time remaining: 26s
Rendered 2690/3547, time remaining: 26s
Rendered 2691/3547, time remaining: 26s
Rendered 2692/3547, time remaining: 26s
Rendered 2693/3547, time remaining: 26s
Rendered 2694/3547, time remaining: 26s
Rendered 2695/3547, time remaining: 26s
Rendered 2696/3547, time remaining: 26s
Rendered 2697/3547, time remaining: 26s
Rendered 2698/3547, time remaining: 26s
Rendered 2699/3547, time remaining: 26s
Rendered 2700/3547, time remaining: 26s
Rendered 2701/3547, time remaining: 26s
Rendered 2702/3547, time remaining: 25s
Rendered 2703/3547, time remaining: 26s
Rendered 2704/3547, time remaining: 26s
Rendered 2705/3547, time remaining: 26s
Rendered 2706/3547, time remaining: 26s
Rendered 2707/3547, time remaining: 26s
Rendered 2708/3547, time remaining: 26s
Rendered 2709/3547, time remaining: 25s
Rendered 2710/3547, time remaining: 25s
Rendered 2711/3547, time remaining: 25s
Rendered 2712/3547, time remaining: 25s
Rendered 2713/3547, time remaining: 25s
Rendered 2714/3547, time remaining: 25s
Rendered 2715/3547, time remaining: 26s
Rendered 2716/3547, time remaining: 26s
Rendered 2717/3547, time remaining: 25s
Rendered 2718/3547, time remaining: 25s
Rendered 2719/3547, time remaining: 25s
Rendered 2720/3547, time remaining: 25s
Rendered 2721/3547, time remaining: 25s
Rendered 2722/3547, time remaining: 25s
Rendered 2723/3547, time remaining: 26s
Rendered 2724/3547, time remaining: 26s
Rendered 2725/3547, time remaining: 25s
Rendered 2726/3547, time remaining: 25s
Rendered 2727/3547, time remaining: 25s
Rendered 2728/3547, time remaining: 25s
Rendered 2729/3547, time remaining: 25s
Rendered 2730/3547, time remaining: 25s
Rendered 2731/3547, time remaining: 25s
Rendered 2732/3547, time remaining: 25s
Rendered 2733/3547, time remaining: 25s
Rendered 2734/3547, time remaining: 25s
Rendered 2735/3547, time remaining: 25s
Rendered 2736/3547, time remaining: 24s
Rendered 2737/3547, time remaining: 24s
Rendered 2738/3547, time remaining: 25s
Rendered 2739/3547, time remaining: 25s
Rendered 2740/3547, time remaining: 25s
Rendered 2741/3547, time remaining: 24s
Rendered 2742/3547, time remaining: 25s
Rendered 2743/3547, time remaining: 25s
Rendered 2744/3547, time remaining: 25s
Rendered 2745/3547, time remaining: 24s
Rendered 2746/3547, time remaining: 24s
Rendered 2747/3547, time remaining: 25s
Rendered 2748/3547, time remaining: 25s
Rendered 2749/3547, time remaining: 24s
Rendered 2750/3547, time remaining: 25s
Rendered 2751/3547, time remaining: 25s
Rendered 2752/3547, time remaining: 25s
Rendered 2753/3547, time remaining: 24s
Rendered 2754/3547, time remaining: 24s
Rendered 2755/3547, time remaining: 24s
Rendered 2756/3547, time remaining: 24s
Rendered 2757/3547, time remaining: 24s
Rendered 2758/3547, time remaining: 24s
Rendered 2759/3547, time remaining: 24s
Rendered 2760/3547, time remaining: 24s
Rendered 2761/3547, time remaining: 24s
Rendered 2762/3547, time remaining: 24s
Rendered 2763/3547, time remaining: 24s
Rendered 2764/3547, time remaining: 24s
Rendered 2765/3547, time remaining: 24s
Rendered 2766/3547, time remaining: 24s
Rendered 2767/3547, time remaining: 24s
Rendered 2768/3547, time remaining: 24s
Rendered 2769/3547, time remaining: 23s
Rendered 2770/3547, time remaining: 23s
Rendered 2771/3547, time remaining: 24s
Rendered 2772/3547, time remaining: 24s
Rendered 2773/3547, time remaining: 24s
Rendered 2774/3547, time remaining: 24s
Rendered 2775/3547, time remaining: 24s
Rendered 2776/3547, time remaining: 24s
Rendered 2777/3547, time remaining: 23s
Rendered 2778/3547, time remaining: 23s
Rendered 2779/3547, time remaining: 23s
Rendered 2780/3547, time remaining: 23s
Rendered 2781/3547, time remaining: 24s
Rendered 2782/3547, time remaining: 24s
Rendered 2783/3547, time remaining: 24s
Rendered 2784/3547, time remaining: 23s
Rendered 2785/3547, time remaining: 23s
Rendered 2786/3547, time remaining: 23s
Rendered 2787/3547, time remaining: 23s
Rendered 2788/3547, time remaining: 24s
Rendered 2789/3547, time remaining: 24s
Rendered 2790/3547, time remaining: 24s
Rendered 2791/3547, time remaining: 24s
Rendered 2792/3547, time remaining: 24s
Rendered 2793/3547, time remaining: 24s
Rendered 2794/3547, time remaining: 24s
Rendered 2795/3547, time remaining: 24s
Rendered 2796/3547, time remaining: 24s
Rendered 2797/3547, time remaining: 25s
Rendered 2798/3547, time remaining: 25s
Rendered 2799/3547, time remaining: 25s
Rendered 2800/3547, time remaining: 25s
Rendered 2801/3547, time remaining: 25s
Rendered 2802/3547, time remaining: 24s
Rendered 2803/3547, time remaining: 24s
Rendered 2804/3547, time remaining: 25s
Rendered 2805/3547, time remaining: 25s
Rendered 2806/3547, time remaining: 24s
Rendered 2807/3547, time remaining: 24s
Rendered 2808/3547, time remaining: 24s
Rendered 2809/3547, time remaining: 24s
Rendered 2810/3547, time remaining: 24s
Rendered 2811/3547, time remaining: 24s
Rendered 2812/3547, time remaining: 24s
Rendered 2813/3547, time remaining: 25s
Rendered 2814/3547, time remaining: 25s
Rendered 2815/3547, time remaining: 24s
Rendered 2816/3547, time remaining: 24s
Rendered 2817/3547, time remaining: 24s
Rendered 2818/3547, time remaining: 24s
Rendered 2819/3547, time remaining: 24s
Rendered 2820/3547, time remaining: 24s
Rendered 2821/3547, time remaining: 24s
Rendered 2822/3547, time remaining: 24s
Rendered 2823/3547, time remaining: 24s
Rendered 2824/3547, time remaining: 24s
Rendered 2825/3547, time remaining: 24s
Rendered 2826/3547, time remaining: 24s
Rendered 2827/3547, time remaining: 24s
Rendered 2828/3547, time remaining: 24s
Rendered 2829/3547, time remaining: 24s
Rendered 2830/3547, time remaining: 24s
Rendered 2831/3547, time remaining: 24s
Rendered 2832/3547, time remaining: 23s
Rendered 2833/3547, time remaining: 24s
Rendered 2834/3547, time remaining: 24s
Rendered 2835/3547, time remaining: 24s
Rendered 2836/3547, time remaining: 24s
Rendered 2837/3547, time remaining: 24s
Rendered 2838/3547, time remaining: 23s
Rendered 2839/3547, time remaining: 23s
Rendered 2840/3547, time remaining: 23s
Rendered 2841/3547, time remaining: 24s
Rendered 2842/3547, time remaining: 24s
Rendered 2843/3547, time remaining: 23s
Rendered 2844/3547, time remaining: 23s
Rendered 2845/3547, time remaining: 23s
Rendered 2846/3547, time remaining: 23s
Rendered 2847/3547, time remaining: 23s
Rendered 2848/3547, time remaining: 23s
Rendered 2849/3547, time remaining: 23s
Rendered 2850/3547, time remaining: 23s
Rendered 2851/3547, time remaining: 23s
Rendered 2852/3547, time remaining: 23s
Rendered 2853/3547, time remaining: 23s
Rendered 2854/3547, time remaining: 23s
Rendered 2855/3547, time remaining: 23s
Rendered 2856/3547, time remaining: 23s
Rendered 2857/3547, time remaining: 23s
Rendered 2858/3547, time remaining: 23s
Rendered 2859/3547, time remaining: 23s
Rendered 2860/3547, time remaining: 23s
Rendered 2861/3547, time remaining: 23s
Rendered 2862/3547, time remaining: 23s
Rendered 2863/3547, time remaining: 23s
Rendered 2864/3547, time remaining: 23s
Rendered 2865/3547, time remaining: 22s
Rendered 2866/3547, time remaining: 23s
Rendered 2867/3547, time remaining: 23s
Rendered 2868/3547, time remaining: 23s
Rendered 2869/3547, time remaining: 23s
Rendered 2870/3547, time remaining: 23s
Rendered 2871/3547, time remaining: 22s
Rendered 2872/3547, time remaining: 22s
Rendered 2873/3547, time remaining: 22s
Rendered 2874/3547, time remaining: 22s
Rendered 2875/3547, time remaining: 22s
Rendered 2876/3547, time remaining: 22s
Rendered 2877/3547, time remaining: 22s
Rendered 2878/3547, time remaining: 22s
Rendered 2879/3547, time remaining: 22s
Rendered 2880/3547, time remaining: 23s
Rendered 2881/3547, time remaining: 22s
Rendered 2882/3547, time remaining: 22s
Rendered 2883/3547, time remaining: 22s
Rendered 2884/3547, time remaining: 22s
Rendered 2885/3547, time remaining: 22s
Rendered 2886/3547, time remaining: 22s
Rendered 2887/3547, time remaining: 22s
Rendered 2888/3547, time remaining: 22s
Rendered 2889/3547, time remaining: 22s
Rendered 2890/3547, time remaining: 22s
Rendered 2891/3547, time remaining: 22s
Rendered 2892/3547, time remaining: 21s
Rendered 2893/3547, time remaining: 21s
Rendered 2894/3547, time remaining: 21s
Rendered 2895/3547, time remaining: 21s
Rendered 2896/3547, time remaining: 22s
Rendered 2897/3547, time remaining: 21s
Rendered 2898/3547, time remaining: 22s
Rendered 2899/3547, time remaining: 22s
Rendered 2900/3547, time remaining: 21s
Rendered 2901/3547, time remaining: 21s
Rendered 2902/3547, time remaining: 21s
Rendered 2903/3547, time remaining: 21s
Rendered 2904/3547, time remaining: 21s
Rendered 2905/3547, time remaining: 21s
Rendered 2906/3547, time remaining: 21s
Rendered 2907/3547, time remaining: 21s
Rendered 2908/3547, time remaining: 21s
Rendered 2909/3547, time remaining: 21s
Rendered 2910/3547, time remaining: 21s
Rendered 2911/3547, time remaining: 21s
Rendered 2912/3547, time remaining: 20s
Rendered 2913/3547, time remaining: 21s
Rendered 2914/3547, time remaining: 21s
Rendered 2915/3547, time remaining: 21s
Rendered 2916/3547, time remaining: 21s
Rendered 2917/3547, time remaining: 21s
Rendered 2918/3547, time remaining: 21s
Rendered 2919/3547, time remaining: 21s
Rendered 2920/3547, time remaining: 21s
Rendered 2921/3547, time remaining: 20s
Rendered 2922/3547, time remaining: 20s
Rendered 2923/3547, time remaining: 20s
Rendered 2924/3547, time remaining: 20s
Rendered 2925/3547, time remaining: 20s
Rendered 2926/3547, time remaining: 20s
Rendered 2927/3547, time remaining: 21s
Rendered 2928/3547, time remaining: 20s
Rendered 2929/3547, time remaining: 20s
Rendered 2930/3547, time remaining: 20s
Rendered 2931/3547, time remaining: 20s
Rendered 2932/3547, time remaining: 20s
Rendered 2933/3547, time remaining: 20s
Rendered 2934/3547, time remaining: 20s
Rendered 2935/3547, time remaining: 20s
Rendered 2936/3547, time remaining: 20s
Rendered 2937/3547, time remaining: 20s
Rendered 2938/3547, time remaining: 20s
Rendered 2939/3547, time remaining: 20s
Rendered 2940/3547, time remaining: 20s
Rendered 2941/3547, time remaining: 20s
Rendered 2942/3547, time remaining: 20s
Rendered 2943/3547, time remaining: 20s
Rendered 2944/3547, time remaining: 20s
Rendered 2945/3547, time remaining: 20s
Rendered 2946/3547, time remaining: 20s
Rendered 2947/3547, time remaining: 19s
Rendered 2948/3547, time remaining: 20s
Rendered 2949/3547, time remaining: 20s
Rendered 2950/3547, time remaining: 20s
Rendered 2951/3547, time remaining: 19s
Rendered 2952/3547, time remaining: 19s
Rendered 2953/3547, time remaining: 20s
Rendered 2954/3547, time remaining: 19s
Rendered 2955/3547, time remaining: 19s
Rendered 2956/3547, time remaining: 19s
Rendered 2957/3547, time remaining: 19s
Rendered 2958/3547, time remaining: 20s
Rendered 2959/3547, time remaining: 19s
Rendered 2960/3547, time remaining: 19s
Rendered 2961/3547, time remaining: 19s
Rendered 2962/3547, time remaining: 19s
Rendered 2963/3547, time remaining: 19s
Rendered 2964/3547, time remaining: 19s
Rendered 2965/3547, time remaining: 19s
Rendered 2966/3547, time remaining: 19s
Rendered 2967/3547, time remaining: 19s
Rendered 2968/3547, time remaining: 19s
Rendered 2969/3547, time remaining: 19s
Rendered 2970/3547, time remaining: 19s
Rendered 2971/3547, time remaining: 19s
Rendered 2972/3547, time remaining: 19s
Rendered 2973/3547, time remaining: 19s
Rendered 2974/3547, time remaining: 19s
Rendered 2975/3547, time remaining: 18s
Rendered 2976/3547, time remaining: 19s
Rendered 2977/3547, time remaining: 19s
Rendered 2978/3547, time remaining: 19s
Rendered 2979/3547, time remaining: 18s
Rendered 2980/3547, time remaining: 18s
Rendered 2981/3547, time remaining: 18s
Rendered 2982/3547, time remaining: 19s
Rendered 2983/3547, time remaining: 18s
Rendered 2984/3547, time remaining: 18s
Rendered 2985/3547, time remaining: 18s
Rendered 2986/3547, time remaining: 18s
Rendered 2987/3547, time remaining: 18s
Rendered 2988/3547, time remaining: 18s
Rendered 2989/3547, time remaining: 19s
Rendered 2990/3547, time remaining: 18s
Rendered 2991/3547, time remaining: 18s
Rendered 2992/3547, time remaining: 18s
Rendered 2993/3547, time remaining: 18s
Rendered 2994/3547, time remaining: 18s
Rendered 2995/3547, time remaining: 18s
Rendered 2996/3547, time remaining: 18s
Rendered 2997/3547, time remaining: 18s
Rendered 2998/3547, time remaining: 18s
Rendered 2999/3547, time remaining: 18s
Rendered 3000/3547, time remaining: 18s
Rendered 3001/3547, time remaining: 18s
Rendered 3002/3547, time remaining: 18s
Rendered 3003/3547, time remaining: 18s
Rendered 3004/3547, time remaining: 18s
Rendered 3005/3547, time remaining: 18s
Rendered 3006/3547, time remaining: 18s
Rendered 3007/3547, time remaining: 18s
Rendered 3008/3547, time remaining: 18s
Rendered 3009/3547, time remaining: 18s
Rendered 3010/3547, time remaining: 18s
Rendered 3011/3547, time remaining: 18s
Rendered 3012/3547, time remaining: 17s
Rendered 3013/3547, time remaining: 18s
Rendered 3014/3547, time remaining: 17s
Rendered 3015/3547, time remaining: 17s
Rendered 3016/3547, time remaining: 17s
Rendered 3017/3547, time remaining: 17s
Rendered 3018/3547, time remaining: 18s
Rendered 3019/3547, time remaining: 17s
Rendered 3020/3547, time remaining: 17s
Rendered 3021/3547, time remaining: 17s
Rendered 3022/3547, time remaining: 17s
Rendered 3023/3547, time remaining: 17s
Rendered 3024/3547, time remaining: 17s
Rendered 3025/3547, time remaining: 17s
Rendered 3026/3547, time remaining: 17s
Rendered 3027/3547, time remaining: 17s
Rendered 3028/3547, time remaining: 17s
Rendered 3029/3547, time remaining: 17s
Rendered 3030/3547, time remaining: 17s
Rendered 3031/3547, time remaining: 17s
Rendered 3032/3547, time remaining: 17s
Rendered 3033/3547, time remaining: 17s
Rendered 3034/3547, time remaining: 17s
Rendered 3035/3547, time remaining: 17s
Rendered 3036/3547, time remaining: 17s
Rendered 3037/3547, time remaining: 17s
Rendered 3038/3547, time remaining: 17s
Rendered 3039/3547, time remaining: 17s
Rendered 3040/3547, time remaining: 17s
Rendered 3041/3547, time remaining: 17s
Rendered 3042/3547, time remaining: 17s
Rendered 3043/3547, time remaining: 17s
Rendered 3044/3547, time remaining: 17s
Rendered 3045/3547, time remaining: 17s
Rendered 3046/3547, time remaining: 17s
Rendered 3047/3547, time remaining: 17s
Rendered 3048/3547, time remaining: 16s
Rendered 3049/3547, time remaining: 16s
Rendered 3050/3547, time remaining: 17s
Rendered 3051/3547, time remaining: 17s
Rendered 3052/3547, time remaining: 17s
Rendered 3053/3547, time remaining: 17s
Rendered 3054/3547, time remaining: 17s
Rendered 3055/3547, time remaining: 16s
Rendered 3056/3547, time remaining: 16s
Rendered 3057/3547, time remaining: 16s
Rendered 3058/3547, time remaining: 17s
Rendered 3059/3547, time remaining: 16s
Rendered 3060/3547, time remaining: 16s
Rendered 3061/3547, time remaining: 16s
Rendered 3062/3547, time remaining: 16s
Rendered 3063/3547, time remaining: 16s
Rendered 3064/3547, time remaining: 16s
Rendered 3065/3547, time remaining: 16s
Rendered 3066/3547, time remaining: 16s
Rendered 3067/3547, time remaining: 16s
Rendered 3068/3547, time remaining: 16s
Rendered 3069/3547, time remaining: 16s
Rendered 3070/3547, time remaining: 16s
Rendered 3071/3547, time remaining: 16s
Rendered 3072/3547, time remaining: 16s
Rendered 3073/3547, time remaining: 16s
Rendered 3074/3547, time remaining: 16s
Rendered 3075/3547, time remaining: 16s
Rendered 3076/3547, time remaining: 16s
Rendered 3077/3547, time remaining: 16s
Rendered 3078/3547, time remaining: 16s
Rendered 3079/3547, time remaining: 16s
Rendered 3080/3547, time remaining: 15s
Rendered 3081/3547, time remaining: 16s
Rendered 3082/3547, time remaining: 16s
Rendered 3083/3547, time remaining: 16s
Rendered 3084/3547, time remaining: 16s
Rendered 3085/3547, time remaining: 16s
Rendered 3086/3547, time remaining: 16s
Rendered 3087/3547, time remaining: 16s
Rendered 3088/3547, time remaining: 15s
Rendered 3089/3547, time remaining: 15s
Rendered 3090/3547, time remaining: 15s
Rendered 3091/3547, time remaining: 16s
Rendered 3092/3547, time remaining: 15s
Rendered 3093/3547, time remaining: 15s
Rendered 3094/3547, time remaining: 15s
Rendered 3095/3547, time remaining: 15s
Rendered 3096/3547, time remaining: 15s
Rendered 3097/3547, time remaining: 15s
Rendered 3098/3547, time remaining: 15s
Rendered 3099/3547, time remaining: 15s
Rendered 3100/3547, time remaining: 15s
Rendered 3101/3547, time remaining: 15s
Rendered 3102/3547, time remaining: 15s
Rendered 3103/3547, time remaining: 15s
Rendered 3104/3547, time remaining: 15s
Rendered 3105/3547, time remaining: 15s
Rendered 3106/3547, time remaining: 15s
Rendered 3107/3547, time remaining: 15s
Rendered 3108/3547, time remaining: 15s
Rendered 3109/3547, time remaining: 15s
Rendered 3110/3547, time remaining: 15s
Rendered 3111/3547, time remaining: 14s
Rendered 3112/3547, time remaining: 15s
Rendered 3113/3547, time remaining: 15s
Rendered 3114/3547, time remaining: 15s
Rendered 3115/3547, time remaining: 15s
Rendered 3116/3547, time remaining: 15s
Rendered 3117/3547, time remaining: 15s
Rendered 3118/3547, time remaining: 15s
Rendered 3119/3547, time remaining: 14s
Rendered 3120/3547, time remaining: 14s
Rendered 3121/3547, time remaining: 15s
Rendered 3122/3547, time remaining: 14s
Rendered 3123/3547, time remaining: 14s
Rendered 3124/3547, time remaining: 14s
Rendered 3125/3547, time remaining: 14s
Rendered 3126/3547, time remaining: 14s
Rendered 3127/3547, time remaining: 14s
Rendered 3128/3547, time remaining: 14s
Rendered 3129/3547, time remaining: 14s
Rendered 3130/3547, time remaining: 14s
Rendered 3131/3547, time remaining: 14s
Rendered 3132/3547, time remaining: 14s
Rendered 3133/3547, time remaining: 14s
Rendered 3134/3547, time remaining: 14s
Rendered 3135/3547, time remaining: 14s
Rendered 3136/3547, time remaining: 14s
Rendered 3137/3547, time remaining: 14s
Rendered 3138/3547, time remaining: 14s
Rendered 3139/3547, time remaining: 14s
Rendered 3140/3547, time remaining: 14s
Rendered 3141/3547, time remaining: 14s
Rendered 3142/3547, time remaining: 14s
Rendered 3143/3547, time remaining: 13s
Rendered 3144/3547, time remaining: 13s
Rendered 3145/3547, time remaining: 14s
Rendered 3146/3547, time remaining: 13s
Rendered 3147/3547, time remaining: 13s
Rendered 3148/3547, time remaining: 13s
Rendered 3149/3547, time remaining: 13s
Rendered 3150/3547, time remaining: 13s
Rendered 3151/3547, time remaining: 13s
Rendered 3152/3547, time remaining: 13s
Rendered 3153/3547, time remaining: 13s
Rendered 3154/3547, time remaining: 13s
Rendered 3155/3547, time remaining: 13s
Rendered 3156/3547, time remaining: 13s
Rendered 3157/3547, time remaining: 13s
Rendered 3158/3547, time remaining: 13s
Rendered 3159/3547, time remaining: 13s
Rendered 3160/3547, time remaining: 13s
Rendered 3161/3547, time remaining: 13s
Rendered 3162/3547, time remaining: 13s
Rendered 3163/3547, time remaining: 13s
Rendered 3164/3547, time remaining: 13s
Rendered 3165/3547, time remaining: 13s
Rendered 3166/3547, time remaining: 13s
Rendered 3167/3547, time remaining: 13s
Rendered 3168/3547, time remaining: 13s
Rendered 3169/3547, time remaining: 13s
Rendered 3170/3547, time remaining: 13s
Rendered 3171/3547, time remaining: 13s
Rendered 3172/3547, time remaining: 13s
Rendered 3173/3547, time remaining: 13s
Rendered 3174/3547, time remaining: 13s
Rendered 3175/3547, time remaining: 12s
Rendered 3176/3547, time remaining: 12s
Rendered 3177/3547, time remaining: 12s
Rendered 3178/3547, time remaining: 12s
Rendered 3179/3547, time remaining: 12s
Rendered 3180/3547, time remaining: 12s
Rendered 3181/3547, time remaining: 12s
Rendered 3182/3547, time remaining: 12s
Rendered 3183/3547, time remaining: 12s
Rendered 3184/3547, time remaining: 12s
Rendered 3185/3547, time remaining: 12s
Rendered 3186/3547, time remaining: 12s
Rendered 3187/3547, time remaining: 12s
Rendered 3188/3547, time remaining: 12s
Rendered 3189/3547, time remaining: 12s
Rendered 3190/3547, time remaining: 12s
Rendered 3191/3547, time remaining: 12s
Rendered 3192/3547, time remaining: 12s
Rendered 3193/3547, time remaining: 12s
Rendered 3194/3547, time remaining: 12s
Rendered 3195/3547, time remaining: 12s
Rendered 3196/3547, time remaining: 12s
Rendered 3197/3547, time remaining: 12s
Rendered 3198/3547, time remaining: 12s
Rendered 3199/3547, time remaining: 12s
Rendered 3200/3547, time remaining: 11s
Rendered 3201/3547, time remaining: 11s
Rendered 3202/3547, time remaining: 11s
Rendered 3203/3547, time remaining: 11s
Rendered 3204/3547, time remaining: 11s
Rendered 3205/3547, time remaining: 11s
Rendered 3206/3547, time remaining: 11s
Rendered 3207/3547, time remaining: 11s
Rendered 3208/3547, time remaining: 11s
Rendered 3209/3547, time remaining: 11s
Rendered 3210/3547, time remaining: 11s
Rendered 3211/3547, time remaining: 11s
Rendered 3212/3547, time remaining: 11s
Rendered 3213/3547, time remaining: 11s
Rendered 3214/3547, time remaining: 11s
Rendered 3215/3547, time remaining: 11s
Rendered 3216/3547, time remaining: 11s
Rendered 3217/3547, time remaining: 11s
Rendered 3218/3547, time remaining: 11s
Rendered 3219/3547, time remaining: 11s
Rendered 3220/3547, time remaining: 11s
Rendered 3221/3547, time remaining: 11s
Rendered 3222/3547, time remaining: 11s
Rendered 3223/3547, time remaining: 11s
Rendered 3224/3547, time remaining: 11s
Rendered 3225/3547, time remaining: 10s
Rendered 3226/3547, time remaining: 10s
Rendered 3227/3547, time remaining: 10s
Rendered 3228/3547, time remaining: 10s
Rendered 3229/3547, time remaining: 11s
Rendered 3230/3547, time remaining: 11s
Rendered 3231/3547, time remaining: 10s
Rendered 3232/3547, time remaining: 10s
Rendered 3233/3547, time remaining: 10s
Rendered 3234/3547, time remaining: 10s
Rendered 3235/3547, time remaining: 10s
Rendered 3236/3547, time remaining: 10s
Rendered 3237/3547, time remaining: 10s
Rendered 3238/3547, time remaining: 10s
Rendered 3239/3547, time remaining: 10s
Rendered 3240/3547, time remaining: 10s
Rendered 3241/3547, time remaining: 10s
Rendered 3242/3547, time remaining: 10s
Rendered 3243/3547, time remaining: 10s
Rendered 3244/3547, time remaining: 10s
Rendered 3245/3547, time remaining: 10s
Rendered 3246/3547, time remaining: 10s
Rendered 3247/3547, time remaining: 10s
Rendered 3248/3547, time remaining: 10s
Rendered 3249/3547, time remaining: 10s
Rendered 3250/3547, time remaining: 10s
Rendered 3251/3547, time remaining: 10s
Rendered 3252/3547, time remaining: 10s
Rendered 3253/3547, time remaining: 10s
Rendered 3254/3547, time remaining: 10s
Rendered 3255/3547, time remaining: 10s
Rendered 3256/3547, time remaining: 10s
Rendered 3257/3547, time remaining: 9s
Rendered 3258/3547, time remaining: 9s
Rendered 3259/3547, time remaining: 9s
Rendered 3260/3547, time remaining: 9s
Rendered 3261/3547, time remaining: 9s
Rendered 3262/3547, time remaining: 9s
Rendered 3263/3547, time remaining: 9s
Rendered 3264/3547, time remaining: 9s
Rendered 3265/3547, time remaining: 9s
Rendered 3266/3547, time remaining: 9s
Rendered 3267/3547, time remaining: 9s
Rendered 3268/3547, time remaining: 9s
Rendered 3269/3547, time remaining: 9s
Rendered 3270/3547, time remaining: 9s
Rendered 3271/3547, time remaining: 9s
Rendered 3272/3547, time remaining: 9s
Rendered 3273/3547, time remaining: 9s
Rendered 3274/3547, time remaining: 9s
Rendered 3275/3547, time remaining: 9s
Rendered 3276/3547, time remaining: 9s
Rendered 3277/3547, time remaining: 9s
Rendered 3278/3547, time remaining: 9s
Rendered 3279/3547, time remaining: 9s
Rendered 3280/3547, time remaining: 9s
Rendered 3281/3547, time remaining: 9s
Rendered 3282/3547, time remaining: 9s
Rendered 3283/3547, time remaining: 8s
Rendered 3284/3547, time remaining: 8s
Rendered 3285/3547, time remaining: 8s
Rendered 3286/3547, time remaining: 8s
Rendered 3287/3547, time remaining: 8s
Rendered 3288/3547, time remaining: 8s
Rendered 3289/3547, time remaining: 8s
Rendered 3290/3547, time remaining: 8s
Rendered 3291/3547, time remaining: 8s
Rendered 3292/3547, time remaining: 8s
Rendered 3293/3547, time remaining: 8s
Rendered 3294/3547, time remaining: 8s
Rendered 3295/3547, time remaining: 8s
Rendered 3296/3547, time remaining: 8s
Rendered 3297/3547, time remaining: 8s
Rendered 3298/3547, time remaining: 8s
Rendered 3299/3547, time remaining: 8s
Rendered 3300/3547, time remaining: 8s
Rendered 3301/3547, time remaining: 8s
Rendered 3302/3547, time remaining: 8s
Rendered 3303/3547, time remaining: 8s
Rendered 3304/3547, time remaining: 8s
Rendered 3305/3547, time remaining: 8s
Rendered 3306/3547, time remaining: 8s
Rendered 3307/3547, time remaining: 8s
Rendered 3308/3547, time remaining: 8s
Rendered 3309/3547, time remaining: 8s
Rendered 3310/3547, time remaining: 7s
Rendered 3311/3547, time remaining: 7s
Rendered 3312/3547, time remaining: 7s
Rendered 3313/3547, time remaining: 7s
Rendered 3314/3547, time remaining: 7s
Rendered 3315/3547, time remaining: 7s
Rendered 3316/3547, time remaining: 7s
Rendered 3317/3547, time remaining: 7s
Rendered 3318/3547, time remaining: 7s
Rendered 3319/3547, time remaining: 7s
Rendered 3320/3547, time remaining: 7s
Rendered 3321/3547, time remaining: 7s
Rendered 3322/3547, time remaining: 7s
Rendered 3323/3547, time remaining: 7s
Rendered 3324/3547, time remaining: 7s
Rendered 3325/3547, time remaining: 7s
Rendered 3326/3547, time remaining: 7s
Rendered 3327/3547, time remaining: 7s
Rendered 3328/3547, time remaining: 7s
Rendered 3329/3547, time remaining: 7s
Rendered 3330/3547, time remaining: 7s
Rendered 3331/3547, time remaining: 7s
Rendered 3332/3547, time remaining: 7s
Rendered 3333/3547, time remaining: 7s
Rendered 3334/3547, time remaining: 7s
Rendered 3335/3547, time remaining: 7s
Rendered 3336/3547, time remaining: 7s
Rendered 3337/3547, time remaining: 7s
Rendered 3338/3547, time remaining: 7s
Rendered 3339/3547, time remaining: 6s
Rendered 3340/3547, time remaining: 6s
Rendered 3341/3547, time remaining: 6s
Rendered 3342/3547, time remaining: 6s
Rendered 3343/3547, time remaining: 6s
Rendered 3344/3547, time remaining: 6s
Rendered 3345/3547, time remaining: 6s
Rendered 3346/3547, time remaining: 6s
Rendered 3347/3547, time remaining: 6s
Rendered 3348/3547, time remaining: 6s
Rendered 3349/3547, time remaining: 6s
Rendered 3350/3547, time remaining: 6s
Rendered 3351/3547, time remaining: 6s
Rendered 3352/3547, time remaining: 6s
Rendered 3353/3547, time remaining: 6s
Rendered 3354/3547, time remaining: 6s
Rendered 3355/3547, time remaining: 6s
Rendered 3356/3547, time remaining: 6s
Rendered 3357/3547, time remaining: 6s
Rendered 3358/3547, time remaining: 6s
Rendered 3359/3547, time remaining: 6s
Rendered 3360/3547, time remaining: 6s
Rendered 3361/3547, time remaining: 6s
Rendered 3362/3547, time remaining: 6s
Rendered 3363/3547, time remaining: 6s
Rendered 3364/3547, time remaining: 6s
Rendered 3365/3547, time remaining: 6s
Rendered 3366/3547, time remaining: 6s
Rendered 3367/3547, time remaining: 6s
Rendered 3368/3547, time remaining: 6s
Rendered 3369/3547, time remaining: 5s
Rendered 3370/3547, time remaining: 5s
Rendered 3371/3547, time remaining: 5s
Rendered 3372/3547, time remaining: 5s
Rendered 3373/3547, time remaining: 5s
Rendered 3374/3547, time remaining: 5s
Rendered 3375/3547, time remaining: 5s
Rendered 3376/3547, time remaining: 5s
Rendered 3377/3547, time remaining: 5s
Rendered 3378/3547, time remaining: 5s
Rendered 3379/3547, time remaining: 5s
Rendered 3380/3547, time remaining: 5s
Rendered 3381/3547, time remaining: 5s
Rendered 3382/3547, time remaining: 5s
Rendered 3383/3547, time remaining: 5s
Rendered 3384/3547, time remaining: 5s
Rendered 3385/3547, time remaining: 5s
Rendered 3386/3547, time remaining: 5s
Rendered 3387/3547, time remaining: 5s
Rendered 3388/3547, time remaining: 5s
Rendered 3389/3547, time remaining: 5s
Rendered 3390/3547, time remaining: 5s
Rendered 3391/3547, time remaining: 5s
Rendered 3392/3547, time remaining: 5s
Rendered 3393/3547, time remaining: 5s
Rendered 3394/3547, time remaining: 5s
Rendered 3395/3547, time remaining: 5s
Rendered 3396/3547, time remaining: 5s
Rendered 3397/3547, time remaining: 5s
Rendered 3398/3547, time remaining: 5s
Rendered 3399/3547, time remaining: 4s
Rendered 3400/3547, time remaining: 4s
Rendered 3401/3547, time remaining: 4s
Rendered 3402/3547, time remaining: 4s
Rendered 3403/3547, time remaining: 4s
Rendered 3404/3547, time remaining: 4s
Rendered 3405/3547, time remaining: 4s
Rendered 3406/3547, time remaining: 4s
Rendered 3407/3547, time remaining: 4s
Rendered 3408/3547, time remaining: 4s
Rendered 3409/3547, time remaining: 4s
Rendered 3410/3547, time remaining: 4s
Rendered 3411/3547, time remaining: 4s
Rendered 3412/3547, time remaining: 4s
Rendered 3413/3547, time remaining: 4s
Rendered 3414/3547, time remaining: 4s
Rendered 3415/3547, time remaining: 4s
Rendered 3416/3547, time remaining: 4s
Rendered 3417/3547, time remaining: 4s
Rendered 3418/3547, time remaining: 4s
Rendered 3419/3547, time remaining: 4s
Rendered 3420/3547, time remaining: 4s
Rendered 3421/3547, time remaining: 4s
Rendered 3422/3547, time remaining: 4s
Rendered 3423/3547, time remaining: 4s
Rendered 3424/3547, time remaining: 4s
Rendered 3425/3547, time remaining: 4s
Rendered 3426/3547, time remaining: 4s
Rendered 3427/3547, time remaining: 4s
Rendered 3428/3547, time remaining: 3s
Rendered 3429/3547, time remaining: 4s
Rendered 3430/3547, time remaining: 3s
Rendered 3431/3547, time remaining: 3s
Rendered 3432/3547, time remaining: 3s
Rendered 3433/3547, time remaining: 3s
Rendered 3434/3547, time remaining: 3s
Rendered 3435/3547, time remaining: 3s
Rendered 3436/3547, time remaining: 3s
Rendered 3437/3547, time remaining: 3s
Rendered 3438/3547, time remaining: 3s
Rendered 3439/3547, time remaining: 3s
Rendered 3440/3547, time remaining: 3s
Rendered 3441/3547, time remaining: 3s
Rendered 3442/3547, time remaining: 3s
Rendered 3443/3547, time remaining: 3s
Rendered 3444/3547, time remaining: 3s
Rendered 3445/3547, time remaining: 3s
Rendered 3446/3547, time remaining: 3s
Rendered 3447/3547, time remaining: 3s
Rendered 3448/3547, time remaining: 3s
Rendered 3449/3547, time remaining: 3s
Rendered 3450/3547, time remaining: 3s
Rendered 3451/3547, time remaining: 3s
Rendered 3452/3547, time remaining: 3s
Rendered 3453/3547, time remaining: 3s
Rendered 3454/3547, time remaining: 3s
Rendered 3455/3547, time remaining: 3s
Rendered 3456/3547, time remaining: 3s
Rendered 3457/3547, time remaining: 3s
Rendered 3458/3547, time remaining: 3s
Rendered 3459/3547, time remaining: 2s
Rendered 3460/3547, time remaining: 2s
Rendered 3461/3547, time remaining: 2s
Rendered 3462/3547, time remaining: 2s
Rendered 3463/3547, time remaining: 2s
Rendered 3464/3547, time remaining: 2s
Rendered 3465/3547, time remaining: 2s
Rendered 3466/3547, time remaining: 2s
Rendered 3467/3547, time remaining: 2s
Rendered 3468/3547, time remaining: 2s
Rendered 3469/3547, time remaining: 2s
Rendered 3470/3547, time remaining: 2s
Rendered 3471/3547, time remaining: 2s
Rendered 3472/3547, time remaining: 2s
Rendered 3473/3547, time remaining: 2s
Rendered 3474/3547, time remaining: 2s
Rendered 3475/3547, time remaining: 2s
Rendered 3476/3547, time remaining: 2s
Rendered 3477/3547, time remaining: 2s
Rendered 3478/3547, time remaining: 2s
Rendered 3479/3547, time remaining: 2s
Rendered 3480/3547, time remaining: 2s
Rendered 3481/3547, time remaining: 2s
Rendered 3482/3547, time remaining: 2s
Rendered 3483/3547, time remaining: 2s
Rendered 3484/3547, time remaining: 2s
Rendered 3485/3547, time remaining: 2s
Rendered 3486/3547, time remaining: 2s
Rendered 3487/3547, time remaining: 2s
Rendered 3488/3547, time remaining: 2s
Rendered 3489/3547, time remaining: 1s
Rendered 3490/3547, time remaining: 1s
Rendered 3491/3547, time remaining: 1s
Rendered 3492/3547, time remaining: 1s
Rendered 3493/3547, time remaining: 1s
Rendered 3494/3547, time remaining: 1s
Rendered 3495/3547, time remaining: 1s
Rendered 3496/3547, time remaining: 1s
Rendered 3497/3547, time remaining: 1s
Rendered 3498/3547, time remaining: 1s
Rendered 3499/3547, time remaining: 1s
Rendered 3500/3547, time remaining: 1s
Rendered 3501/3547, time remaining: 1s
Rendered 3502/3547, time remaining: 1s
Rendered 3503/3547, time remaining: 1s
Rendered 3504/3547, time remaining: 1s
Rendered 3505/3547, time remaining: 1s
Rendered 3506/3547, time remaining: 1s
Rendered 3507/3547, time remaining: 1s
Rendered 3508/3547, time remaining: 1s
Rendered 3509/3547, time remaining: 1s
Rendered 3510/3547, time remaining: 1s
Rendered 3511/3547, time remaining: 1s
Rendered 3512/3547, time remaining: 1s
Rendered 3513/3547, time remaining: 1s
Rendered 3514/3547, time remaining: 1s
Rendered 3515/3547, time remaining: 1s
Rendered 3516/3547, time remaining: 1s
Rendered 3517/3547, time remaining: 0s
Rendered 3518/3547, time remaining: 0s
Rendered 3519/3547, time remaining: 0s
Rendered 3520/3547, time remaining: 0s
Rendered 3521/3547, time remaining: 0s
Rendered 3522/3547, time remaining: 0s
Rendered 3523/3547, time remaining: 0s
Rendered 3524/3547, time remaining: 0s
Rendered 3525/3547, time remaining: 0s
Rendered 3526/3547, time remaining: 0s
Rendered 3527/3547, time remaining: 0s
Rendered 3528/3547, time remaining: 0s
Rendered 3529/3547, time remaining: 0s
Rendered 3530/3547, time remaining: 0s
Rendered 3531/3547, time remaining: 0s
Rendered 3532/3547, time remaining: 0s
Rendered 3533/3547, time remaining: 0s
Rendered 3534/3547, time remaining: 0s
Rendered 3535/3547, time remaining: 0s
Rendered 3536/3547, time remaining: 0s
Rendered 3537/3547, time remaining: 0s
Rendered 3538/3547, time remaining: 0s
Rendered 3539/3547, time remaining: 0s
Rendered 3540/3547, time remaining: 0s
Rendered 3541/3547, time remaining: 0s
Rendered 3542/3547, time remaining: 0s
Rendered 3543/3547, time remaining: 0s
Rendered 3544/3547, time remaining: 0s
Rendered 3545/3547, time remaining: 0s
Rendered 3546/3547, time remaining: 0s
Rendered 3547/3547
Encoded 76/3547
Encoded 167/3547
Encoded 269/3547
Encoded 375/3547
Encoded 487/3547
Encoded 600/3547
Encoded 709/3547
Encoded 828/3547
Encoded 946/3547
Encoded 1064/3547
Encoded 1180/3547
Encoded 1299/3547
Encoded 1412/3547
Encoded 1525/3547
Encoded 1617/3547
Encoded 1719/3547
Encoded 1831/3547
Encoded 1935/3547
Encoded 2043/3547
Encoded 2159/3547
Encoded 2273/3547
Encoded 2382/3547
Encoded 2508/3547
Encoded 2619/3547
Encoded 2716/3547
Encoded 2817/3547
Encoded 2924/3547
Encoded 3032/3547
Encoded 3144/3547
Encoded 3266/3547
Encoded 3385/3547
Encoded 3486/3547
Encoded 3547/3547
+                    ../projects/import-china-india-te/renders/ch08.mp4 15.5 MB
Bundling 6%
Bundling 16%
Bundling 63%
Bundling 69%
Bundling 74%
Bundling 80%
Bundling 85%
Bundling 90%
Bundling 95%
Bundling 100%
Getting composition
Composition          Explainer
Codec                h264
Output               ../projects/import-china-india-te/renders/ch09.mp4
Concurrency          8x
Rendered 0/3795
Rendered 1/3795, time remaining: 48m 18s
Rendered 2/3795, time remaining: 24m 12s
Rendered 3/3795, time remaining: 16m 9s
Rendered 4/3795, time remaining: 12m 16s
Rendered 5/3795, time remaining: 9m 59s
Rendered 6/3795, time remaining: 8m 26s
Rendered 7/3795, time remaining: 7m 17s
Rendered 8/3795, time remaining: 6m 49s
Rendered 9/3795, time remaining: 7m 12s
Rendered 10/3795, time remaining: 6m 34s
Rendered 11/3795, time remaining: 6m 4s
Rendered 12/3795, time remaining: 5m 43s
Rendered 13/3795, time remaining: 5m 17s
Rendered 14/3795, time remaining: 4m 56s
Rendered 15/3795, time remaining: 4m 39s
Rendered 16/3795, time remaining: 4m 26s
Rendered 17/3795, time remaining: 4m 34s
Rendered 18/3795, time remaining: 4m 39s
Rendered 19/3795, time remaining: 4m 25s
Rendered 20/3795, time remaining: 4m 14s
Rendered 21/3795, time remaining: 4m 4s
Rendered 22/3795, time remaining: 4m 6s
Rendered 23/3795, time remaining: 3m 55s
Rendered 24/3795, time remaining: 3m 46s
Rendered 25/3795, time remaining: 3m 52s
Rendered 26/3795, time remaining: 3m 53s
Rendered 27/3795, time remaining: 3m 45s
Rendered 28/3795, time remaining: 3m 37s
Rendered 29/3795, time remaining: 3m 30s
Rendered 30/3795, time remaining: 3m 29s
Rendered 31/3795, time remaining: 3m 22s
Rendered 32/3795, time remaining: 3m 16s
Rendered 33/3795, time remaining: 3m 30s
Rendered 34/3795, time remaining: 3m 25s
Rendered 35/3795, time remaining: 3m 24s
Rendered 36/3795, time remaining: 3m 19s
Rendered 37/3795, time remaining: 3m 13s
Rendered 38/3795, time remaining: 3m 8s
Rendered 39/3795, time remaining: 3m 4s
Rendered 40/3795, time remaining: 3m 2s
Rendered 41/3795, time remaining: 3m 13s
Rendered 42/3795, time remaining: 3m 9s
Rendered 43/3795, time remaining: 3m 8s
Rendered 44/3795, time remaining: 3m 4s
Rendered 45/3795, time remaining: 3m 7s
Rendered 46/3795, time remaining: 3m 2s
Rendered 47/3795, time remaining: 2m 59s
Rendered 48/3795, time remaining: 2m 55s
Rendered 49/3795, time remaining: 2m 57s
Rendered 50/3795, time remaining: 2m 54s
Rendered 51/3795, time remaining: 2m 59s
Rendered 52/3795, time remaining: 2m 56s
Rendered 53/3795, time remaining: 2m 53s
Rendered 54/3795, time remaining: 2m 49s
Rendered 55/3795, time remaining: 2m 51s
Rendered 56/3795, time remaining: 2m 49s
Rendered 57/3795, time remaining: 2m 46s
Rendered 58/3795, time remaining: 2m 43s
Rendered 59/3795, time remaining: 2m 50s
Rendered 60/3795, time remaining: 2m 47s
Rendered 61/3795, time remaining: 2m 45s
Rendered 62/3795, time remaining: 2m 46s
Rendered 63/3795, time remaining: 2m 43s
Rendered 64/3795, time remaining: 2m 41s
Rendered 65/3795, time remaining: 2m 39s
Rendered 66/3795, time remaining: 2m 44s
Rendered 67/3795, time remaining: 2m 42s
Rendered 68/3795, time remaining: 2m 40s
Rendered 69/3795, time remaining: 2m 38s
Rendered 70/3795, time remaining: 2m 40s
Rendered 71/3795, time remaining: 2m 38s
Rendered 72/3795, time remaining: 2m 41s
Rendered 73/3795, time remaining: 2m 39s
Rendered 74/3795, time remaining: 2m 38s
Rendered 75/3795, time remaining: 2m 39s
Rendered 76/3795, time remaining: 2m 36s
Rendered 77/3795, time remaining: 2m 34s
Rendered 78/3795, time remaining: 2m 32s
Rendered 79/3795, time remaining: 2m 36s
Rendered 80/3795, time remaining: 2m 37s
Rendered 81/3795, time remaining: 2m 35s
Rendered 82/3795, time remaining: 2m 33s
Rendered 83/3795, time remaining: 2m 32s
Rendered 84/3795, time remaining: 2m 32s
Rendered 85/3795, time remaining: 2m 31s
Rendered 86/3795, time remaining: 2m 29s
Rendered 87/3795, time remaining: 2m 33s
Rendered 88/3795, time remaining: 2m 33s
Rendered 89/3795, time remaining: 2m 31s
Rendered 90/3795, time remaining: 2m 29s
Rendered 91/3795, time remaining: 2m 28s
Rendered 92/3795, time remaining: 2m 29s
Rendered 93/3795, time remaining: 2m 28s
Rendered 94/3795, time remaining: 2m 28s
Rendered 95/3795, time remaining: 2m 29s
Rendered 96/3795, time remaining: 2m 30s
Rendered 97/3795, time remaining: 2m 29s
Rendered 98/3795, time remaining: 2m 29s
Rendered 99/3795, time remaining: 2m 28s
Rendered 100/3795, time remaining: 2m 26s
Rendered 101/3795, time remaining: 2m 25s
Rendered 102/3795, time remaining: 2m 24s
Rendered 103/3795, time remaining: 2m 25s
Rendered 104/3795, time remaining: 2m 27s
Rendered 105/3795, time remaining: 2m 27s
Rendered 106/3795, time remaining: 2m 26s
Rendered 107/3795, time remaining: 2m 25s
Rendered 108/3795, time remaining: 2m 23s
Rendered 109/3795, time remaining: 2m 25s
Rendered 110/3795, time remaining: 2m 23s
Rendered 111/3795, time remaining: 2m 22s
Rendered 112/3795, time remaining: 2m 24s
Rendered 113/3795, time remaining: 2m 23s
Rendered 114/3795, time remaining: 2m 23s
Rendered 115/3795, time remaining: 2m 22s
Rendered 116/3795, time remaining: 2m 21s
Rendered 117/3795, time remaining: 2m 22s
Rendered 118/3795, time remaining: 2m 23s
Rendered 119/3795, time remaining: 2m 22s
Rendered 120/3795, time remaining: 2m 21s
Rendered 121/3795, time remaining: 2m 22s
Rendered 122/3795, time remaining: 2m 21s
Rendered 123/3795, time remaining: 2m 20s
Rendered 124/3795, time remaining: 2m 20s
Rendered 125/3795, time remaining: 2m 20s
Rendered 126/3795, time remaining: 2m 19s
Rendered 127/3795, time remaining: 2m 18s
Rendered 128/3795, time remaining: 2m 19s
Rendered 129/3795, time remaining: 2m 21s
Rendered 130/3795, time remaining: 2m 21s
Rendered 131/3795, time remaining: 2m 20s
Rendered 132/3795, time remaining: 2m 19s
Rendered 133/3795, time remaining: 2m 18s
Rendered 134/3795, time remaining: 2m 19s
Rendered 135/3795, time remaining: 2m 18s
Rendered 136/3795, time remaining: 2m 18s
Rendered 137/3795, time remaining: 2m 19s
Rendered 138/3795, time remaining: 2m 18s
Rendered 139/3795, time remaining: 2m 17s
Rendered 140/3795, time remaining: 2m 18s
Rendered 141/3795, time remaining: 2m 17s
Rendered 142/3795, time remaining: 2m 17s
Rendered 143/3795, time remaining: 2m 17s
Rendered 144/3795, time remaining: 2m 16s
Rendered 145/3795, time remaining: 2m 15s
Rendered 146/3795, time remaining: 2m 17s
Rendered 147/3795, time remaining: 2m 16s
Rendered 148/3795, time remaining: 2m 15s
Rendered 149/3795, time remaining: 2m 16s
Rendered 150/3795, time remaining: 2m 15s
Rendered 151/3795, time remaining: 1m 59s
Rendered 152/3795, time remaining: 1m 59s
Rendered 153/3795, time remaining: 1m 59s
Rendered 154/3795, time remaining: 2m 0s
Rendered 155/3795, time remaining: 2m 0s
Rendered 156/3795, time remaining: 2m 0s
Rendered 157/3795, time remaining: 2m 1s
Rendered 158/3795, time remaining: 2m 0s
Rendered 159/3795, time remaining: 1m 58s
Rendered 160/3795, time remaining: 1m 58s
Rendered 161/3795, time remaining: 1m 59s
Rendered 162/3795, time remaining: 1m 59s
Rendered 163/3795, time remaining: 1m 59s
Rendered 164/3795, time remaining: 1m 58s
Rendered 165/3795, time remaining: 2m 0s
Rendered 166/3795, time remaining: 2m 0s
Rendered 167/3795, time remaining: 1m 59s
Rendered 168/3795, time remaining: 1m 57s
Rendered 169/3795, time remaining: 1m 58s
Rendered 170/3795, time remaining: 1m 59s
Rendered 171/3795, time remaining: 1m 58s
Rendered 172/3795, time remaining: 1m 56s
Rendered 173/3795, time remaining: 1m 59s
Rendered 174/3795, time remaining: 1m 59s
Rendered 175/3795, time remaining: 1m 58s
Rendered 176/3795, time remaining: 1m 56s
Rendered 177/3795, time remaining: 1m 57s
Rendered 178/3795, time remaining: 1m 58s
Rendered 179/3795, time remaining: 1m 58s
Rendered 180/3795, time remaining: 1m 57s
Rendered 181/3795, time remaining: 1m 57s
Rendered 182/3795, time remaining: 1m 59s
Rendered 183/3795, time remaining: 1m 56s
Rendered 184/3795, time remaining: 1m 56s
Rendered 185/3795, time remaining: 1m 57s
Rendered 186/3795, time remaining: 1m 57s
Rendered 187/3795, time remaining: 1m 57s
Rendered 188/3795, time remaining: 1m 59s
Rendered 189/3795, time remaining: 1m 59s
Rendered 190/3795, time remaining: 1m 58s
Rendered 191/3795, time remaining: 1m 56s
Rendered 192/3795, time remaining: 1m 56s
Rendered 193/3795, time remaining: 1m 55s
Rendered 194/3795, time remaining: 1m 58s
Rendered 195/3795, time remaining: 1m 56s
Rendered 196/3795, time remaining: 1m 56s
Rendered 197/3795, time remaining: 1m 56s
Rendered 198/3795, time remaining: 1m 56s
Rendered 199/3795, time remaining: 1m 55s
Rendered 200/3795, time remaining: 1m 58s
Rendered 201/3795, time remaining: 1m 55s
Rendered 202/3795, time remaining: 1m 56s
Rendered 203/3795, time remaining: 1m 57s
Rendered 204/3795, time remaining: 1m 58s
Rendered 205/3795, time remaining: 1m 57s
Rendered 206/3795, time remaining: 1m 56s
Rendered 207/3795, time remaining: 1m 56s
Rendered 208/3795, time remaining: 1m 58s
Rendered 209/3795, time remaining: 1m 55s
Rendered 210/3795, time remaining: 1m 56s
Rendered 211/3795, time remaining: 1m 57s
Rendered 212/3795, time remaining: 1m 55s
Rendered 213/3795, time remaining: 1m 55s
Rendered 214/3795, time remaining: 1m 59s
Rendered 215/3795, time remaining: 1m 58s
Rendered 216/3795, time remaining: 1m 55s
Rendered 217/3795, time remaining: 1m 55s
Rendered 218/3795, time remaining: 1m 55s
Rendered 219/3795, time remaining: 1m 56s
Rendered 220/3795, time remaining: 1m 54s
Rendered 221/3795, time remaining: 1m 56s
Rendered 222/3795, time remaining: 1m 56s
Rendered 223/3795, time remaining: 1m 56s
Rendered 224/3795, time remaining: 1m 55s
Rendered 225/3795, time remaining: 1m 54s
Rendered 226/3795, time remaining: 1m 55s
Rendered 227/3795, time remaining: 1m 55s
Rendered 228/3795, time remaining: 1m 55s
Rendered 229/3795, time remaining: 1m 55s
Rendered 230/3795, time remaining: 1m 55s
Rendered 231/3795, time remaining: 1m 55s
Rendered 232/3795, time remaining: 1m 57s
Rendered 233/3795, time remaining: 1m 57s
Rendered 234/3795, time remaining: 1m 55s
Rendered 235/3795, time remaining: 1m 55s
Rendered 236/3795, time remaining: 1m 55s
Rendered 237/3795, time remaining: 1m 53s
Rendered 238/3795, time remaining: 1m 56s
Rendered 239/3795, time remaining: 1m 55s
Rendered 240/3795, time remaining: 1m 55s
Rendered 241/3795, time remaining: 1m 56s
Rendered 242/3795, time remaining: 1m 55s
Rendered 243/3795, time remaining: 1m 57s
Rendered 244/3795, time remaining: 1m 56s
Rendered 245/3795, time remaining: 1m 55s
Rendered 246/3795, time remaining: 1m 54s
Rendered 247/3795, time remaining: 1m 54s
Rendered 248/3795, time remaining: 1m 53s
Rendered 249/3795, time remaining: 1m 53s
Rendered 250/3795, time remaining: 1m 56s
Rendered 251/3795, time remaining: 1m 56s
Rendered 252/3795, time remaining: 1m 56s
Rendered 253/3795, time remaining: 1m 55s
Rendered 254/3795, time remaining: 1m 53s
Rendered 255/3795, time remaining: 1m 53s
Rendered 256/3795, time remaining: 1m 53s
Rendered 257/3795, time remaining: 1m 53s
Rendered 258/3795, time remaining: 1m 55s
Rendered 259/3795, time remaining: 1m 54s
Rendered 260/3795, time remaining: 1m 54s
Rendered 261/3795, time remaining: 1m 57s
Rendered 262/3795, time remaining: 1m 54s
Rendered 263/3795, time remaining: 1m 55s
Rendered 264/3795, time remaining: 1m 54s
Rendered 265/3795, time remaining: 1m 54s
Rendered 266/3795, time remaining: 1m 56s
Rendered 267/3795, time remaining: 1m 54s
Rendered 268/3795, time remaining: 1m 54s
Rendered 269/3795, time remaining: 1m 54s
Rendered 270/3795, time remaining: 1m 54s
Rendered 271/3795, time remaining: 1m 55s
Rendered 272/3795, time remaining: 1m 55s
Rendered 273/3795, time remaining: 1m 55s
Rendered 274/3795, time remaining: 1m 54s
Rendered 275/3795, time remaining: 1m 53s
Rendered 276/3795, time remaining: 1m 55s
Rendered 277/3795, time remaining: 1m 55s
Rendered 278/3795, time remaining: 1m 53s
Rendered 279/3795, time remaining: 1m 53s
Rendered 280/3795, time remaining: 1m 53s
Rendered 281/3795, time remaining: 1m 53s
Rendered 282/3795, time remaining: 1m 53s
Rendered 283/3795, time remaining: 1m 56s
Rendered 284/3795, time remaining: 1m 54s
Rendered 285/3795, time remaining: 1m 54s
Rendered 286/3795, time remaining: 1m 55s
Rendered 287/3795, time remaining: 1m 53s
Rendered 288/3795, time remaining: 1m 53s
Rendered 289/3795, time remaining: 1m 52s
Rendered 290/3795, time remaining: 1m 51s
Rendered 291/3795, time remaining: 1m 52s
Rendered 292/3795, time remaining: 1m 52s
Rendered 293/3795, time remaining: 1m 54s
Rendered 294/3795, time remaining: 1m 55s
Rendered 295/3795, time remaining: 1m 55s
Rendered 296/3795, time remaining: 1m 53s
Rendered 297/3795, time remaining: 1m 53s
Rendered 298/3795, time remaining: 1m 53s
Rendered 299/3795, time remaining: 1m 52s
Rendered 300/3795, time remaining: 1m 53s
Rendered 301/3795, time remaining: 1m 51s
Rendered 302/3795, time remaining: 1m 54s
Rendered 303/3795, time remaining: 1m 54s
Rendered 304/3795, time remaining: 1m 54s
Rendered 305/3795, time remaining: 1m 53s
Rendered 306/3795, time remaining: 1m 54s
Rendered 307/3795, time remaining: 1m 55s
Rendered 308/3795, time remaining: 1m 55s
Rendered 309/3795, time remaining: 1m 53s
Rendered 310/3795, time remaining: 1m 54s
Rendered 311/3795, time remaining: 1m 52s
Rendered 312/3795, time remaining: 1m 52s
Rendered 313/3795, time remaining: 1m 52s
Rendered 314/3795, time remaining: 1m 52s
Rendered 315/3795, time remaining: 1m 53s
Rendered 316/3795, time remaining: 1m 53s
Rendered 317/3795, time remaining: 1m 52s
Rendered 318/3795, time remaining: 1m 52s
Rendered 319/3795, time remaining: 1m 51s
Rendered 320/3795, time remaining: 1m 52s
Rendered 321/3795, time remaining: 1m 52s
Rendered 322/3795, time remaining: 1m 54s
Rendered 323/3795, time remaining: 1m 52s
Rendered 324/3795, time remaining: 1m 54s
Rendered 325/3795, time remaining: 1m 53s
Rendered 326/3795, time remaining: 1m 52s
Rendered 327/3795, time remaining: 1m 51s
Rendered 328/3795, time remaining: 1m 52s
Rendered 329/3795, time remaining: 1m 52s
Rendered 330/3795, time remaining: 1m 52s
Rendered 331/3795, time remaining: 1m 52s
Rendered 332/3795, time remaining: 1m 52s
Rendered 333/3795, time remaining: 1m 53s
Rendered 334/3795, time remaining: 1m 53s
Rendered 335/3795, time remaining: 1m 52s
Rendered 336/3795, time remaining: 1m 52s
Rendered 337/3795, time remaining: 1m 52s
Rendered 338/3795, time remaining: 1m 50s
Rendered 339/3795, time remaining: 1m 50s
Rendered 340/3795, time remaining: 1m 53s
Rendered 341/3795, time remaining: 1m 52s
Rendered 342/3795, time remaining: 1m 52s
Rendered 343/3795, time remaining: 1m 54s
Rendered 344/3795, time remaining: 1m 51s
Rendered 345/3795, time remaining: 1m 52s
Rendered 346/3795, time remaining: 1m 52s
Rendered 347/3795, time remaining: 1m 52s
Rendered 348/3795, time remaining: 1m 52s
Rendered 349/3795, time remaining: 1m 52s
Rendered 350/3795, time remaining: 1m 49s
Rendered 351/3795, time remaining: 1m 52s
Rendered 352/3795, time remaining: 1m 51s
Rendered 353/3795, time remaining: 1m 50s
Rendered 354/3795, time remaining: 1m 51s
Rendered 355/3795, time remaining: 1m 50s
Rendered 356/3795, time remaining: 1m 51s
Rendered 357/3795, time remaining: 1m 51s
Rendered 358/3795, time remaining: 1m 51s
Rendered 359/3795, time remaining: 1m 50s
Rendered 360/3795, time remaining: 1m 53s
Rendered 361/3795, time remaining: 1m 51s
Rendered 362/3795, time remaining: 1m 51s
Rendered 363/3795, time remaining: 1m 52s
Rendered 364/3795, time remaining: 1m 50s
Rendered 365/3795, time remaining: 1m 51s
Rendered 366/3795, time remaining: 1m 51s
Rendered 367/3795, time remaining: 1m 51s
Rendered 368/3795, time remaining: 1m 52s
Rendered 369/3795, time remaining: 1m 51s
Rendered 370/3795, time remaining: 1m 51s
Rendered 371/3795, time remaining: 1m 52s
Rendered 372/3795, time remaining: 1m 50s
Rendered 373/3795, time remaining: 1m 50s
Rendered 374/3795, time remaining: 1m 51s
Rendered 375/3795, time remaining: 1m 51s
Rendered 376/3795, time remaining: 1m 50s
Rendered 377/3795, time remaining: 1m 50s
Rendered 378/3795, time remaining: 1m 52s
Rendered 379/3795, time remaining: 1m 50s
Rendered 380/3795, time remaining: 1m 49s
Rendered 381/3795, time remaining: 1m 49s
Rendered 382/3795, time remaining: 1m 48s
Rendered 383/3795, time remaining: 1m 49s
Rendered 384/3795, time remaining: 1m 49s
Rendered 385/3795, time remaining: 1m 49s
Rendered 386/3795, time remaining: 1m 49s
Rendered 387/3795, time remaining: 1m 48s
Rendered 388/3795, time remaining: 1m 45s
Rendered 389/3795, time remaining: 1m 46s
Rendered 390/3795, time remaining: 1m 46s
Rendered 391/3795, time remaining: 1m 45s
Rendered 392/3795, time remaining: 1m 45s
Rendered 393/3795, time remaining: 1m 43s
Rendered 394/3795, time remaining: 1m 43s
Rendered 395/3795, time remaining: 1m 43s
Rendered 396/3795, time remaining: 1m 42s
Rendered 397/3795, time remaining: 1m 42s
Rendered 398/3795, time remaining: 1m 43s
Rendered 399/3795, time remaining: 1m 43s
Rendered 400/3795, time remaining: 1m 41s
Rendered 401/3795, time remaining: 1m 42s
Rendered 402/3795, time remaining: 1m 42s
Rendered 403/3795, time remaining: 1m 43s
Rendered 404/3795, time remaining: 1m 43s
Rendered 405/3795, time remaining: 1m 42s
Rendered 406/3795, time remaining: 1m 42s
Rendered 407/3795, time remaining: 1m 43s
Rendered 408/3795, time remaining: 1m 41s
Rendered 409/3795, time remaining: 1m 42s
Rendered 410/3795, time remaining: 1m 43s
Rendered 411/3795, time remaining: 1m 41s
Rendered 412/3795, time remaining: 1m 41s
Rendered 413/3795, time remaining: 1m 41s
Rendered 414/3795, time remaining: 1m 41s
Rendered 415/3795, time remaining: 1m 43s
Rendered 416/3795, time remaining: 1m 41s
Rendered 417/3795, time remaining: 1m 41s
Rendered 418/3795, time remaining: 1m 40s
Rendered 419/3795, time remaining: 1m 41s
Rendered 420/3795, time remaining: 1m 41s
Rendered 421/3795, time remaining: 1m 41s
Rendered 422/3795, time remaining: 1m 40s
Rendered 423/3795, time remaining: 1m 41s
Rendered 424/3795, time remaining: 1m 41s
Rendered 425/3795, time remaining: 1m 41s
Rendered 426/3795, time remaining: 1m 40s
Rendered 427/3795, time remaining: 1m 40s
Rendered 428/3795, time remaining: 1m 42s
Rendered 429/3795, time remaining: 1m 40s
Rendered 430/3795, time remaining: 1m 42s
Rendered 431/3795, time remaining: 1m 41s
Rendered 432/3795, time remaining: 1m 42s
Rendered 433/3795, time remaining: 1m 38s
Rendered 434/3795, time remaining: 1m 40s
Rendered 435/3795, time remaining: 1m 40s
Rendered 436/3795, time remaining: 1m 38s
Rendered 437/3795, time remaining: 1m 38s
Rendered 438/3795, time remaining: 1m 42s
Rendered 439/3795, time remaining: 1m 42s
Rendered 440/3795, time remaining: 1m 42s
Rendered 441/3795, time remaining: 1m 41s
Rendered 442/3795, time remaining: 1m 41s
Rendered 443/3795, time remaining: 1m 39s
Rendered 444/3795, time remaining: 1m 38s
Rendered 445/3795, time remaining: 1m 38s
Rendered 446/3795, time remaining: 1m 41s
Rendered 447/3795, time remaining: 1m 41s
Rendered 448/3795, time remaining: 1m 41s
Rendered 449/3795, time remaining: 1m 42s
Rendered 450/3795, time remaining: 1m 40s
Rendered 451/3795, time remaining: 1m 40s
Rendered 452/3795, time remaining: 1m 37s
Rendered 453/3795, time remaining: 1m 39s
Rendered 454/3795, time remaining: 1m 40s
Rendered 455/3795, time remaining: 1m 40s
Rendered 456/3795, time remaining: 1m 40s
Rendered 457/3795, time remaining: 1m 39s
Rendered 458/3795, time remaining: 1m 39s
Rendered 459/3795, time remaining: 1m 39s
Rendered 460/3795, time remaining: 1m 39s
Rendered 461/3795, time remaining: 1m 38s
Rendered 462/3795, time remaining: 1m 40s
Rendered 463/3795, time remaining: 1m 41s
Rendered 464/3795, time remaining: 1m 42s
Rendered 465/3795, time remaining: 1m 39s
Rendered 466/3795, time remaining: 1m 40s
Rendered 467/3795, time remaining: 1m 39s
Rendered 468/3795, time remaining: 1m 39s
Rendered 469/3795, time remaining: 1m 40s
Rendered 470/3795, time remaining: 1m 39s
Rendered 471/3795, time remaining: 1m 39s
Rendered 472/3795, time remaining: 1m 40s
Rendered 473/3795, time remaining: 1m 40s
Rendered 474/3795, time remaining: 1m 38s
Rendered 475/3795, time remaining: 1m 39s
Rendered 476/3795, time remaining: 1m 39s
Rendered 477/3795, time remaining: 1m 41s
Rendered 478/3795, time remaining: 1m 40s
Rendered 479/3795, time remaining: 1m 40s
Rendered 480/3795, time remaining: 1m 41s
Rendered 481/3795, time remaining: 1m 41s
Rendered 482/3795, time remaining: 1m 39s
Rendered 483/3795, time remaining: 1m 37s
Rendered 484/3795, time remaining: 1m 40s
Rendered 485/3795, time remaining: 1m 40s
Rendered 486/3795, time remaining: 1m 40s
Rendered 487/3795, time remaining: 1m 40s
Rendered 488/3795, time remaining: 1m 41s
Rendered 489/3795, time remaining: 1m 41s
Rendered 490/3795, time remaining: 1m 39s
Rendered 491/3795, time remaining: 1m 38s
Rendered 492/3795, time remaining: 1m 40s
Rendered 493/3795, time remaining: 1m 40s
Rendered 494/3795, time remaining: 1m 40s
Rendered 495/3795, time remaining: 1m 39s
Rendered 496/3795, time remaining: 1m 40s
Rendered 497/3795, time remaining: 1m 39s
Rendered 498/3795, time remaining: 1m 39s
Rendered 499/3795, time remaining: 1m 40s
Rendered 500/3795, time remaining: 1m 42s
Rendered 501/3795, time remaining: 1m 39s
Rendered 502/3795, time remaining: 1m 40s
Rendered 503/3795, time remaining: 1m 40s
Rendered 504/3795, time remaining: 1m 40s
Rendered 505/3795, time remaining: 1m 39s
Rendered 506/3795, time remaining: 1m 39s
Rendered 507/3795, time remaining: 1m 42s
Rendered 508/3795, time remaining: 1m 41s
Rendered 509/3795, time remaining: 1m 41s
Rendered 510/3795, time remaining: 1m 39s
Rendered 511/3795, time remaining: 1m 39s
Rendered 512/3795, time remaining: 1m 39s
Rendered 513/3795, time remaining: 1m 39s
Rendered 514/3795, time remaining: 1m 40s
Rendered 515/3795, time remaining: 1m 40s
Rendered 516/3795, time remaining: 1m 40s
Rendered 517/3795, time remaining: 1m 41s
Rendered 518/3795, time remaining: 1m 41s
Rendered 519/3795, time remaining: 1m 41s
Rendered 520/3795, time remaining: 1m 41s
Rendered 521/3795, time remaining: 1m 38s
Rendered 522/3795, time remaining: 1m 39s
Rendered 523/3795, time remaining: 1m 41s
Rendered 524/3795, time remaining: 1m 40s
Rendered 525/3795, time remaining: 1m 40s
Rendered 526/3795, time remaining: 1m 42s
Rendered 527/3795, time remaining: 1m 42s
Rendered 528/3795, time remaining: 1m 40s
Rendered 529/3795, time remaining: 1m 42s
Rendered 530/3795, time remaining: 1m 41s
Rendered 531/3795, time remaining: 1m 42s
Rendered 532/3795, time remaining: 1m 41s
Rendered 533/3795, time remaining: 1m 41s
Rendered 534/3795, time remaining: 1m 42s
Rendered 535/3795, time remaining: 1m 42s
Rendered 536/3795, time remaining: 1m 42s
Rendered 537/3795, time remaining: 1m 46s
Rendered 538/3795, time remaining: 1m 45s
Rendered 539/3795, time remaining: 1m 45s
Rendered 540/3795, time remaining: 1m 45s
Rendered 541/3795, time remaining: 1m 44s
Rendered 542/3795, time remaining: 1m 46s
Rendered 543/3795, time remaining: 1m 46s
Rendered 544/3795, time remaining: 1m 46s
Rendered 545/3795, time remaining: 1m 49s
Rendered 546/3795, time remaining: 1m 49s
Rendered 547/3795, time remaining: 1m 49s
Rendered 548/3795, time remaining: 1m 49s
Rendered 549/3795, time remaining: 1m 49s
Rendered 550/3795, time remaining: 1m 47s
Rendered 551/3795, time remaining: 1m 47s
Rendered 552/3795, time remaining: 1m 47s
Rendered 553/3795, time remaining: 1m 48s
Rendered 554/3795, time remaining: 1m 48s
Rendered 555/3795, time remaining: 1m 49s
Rendered 556/3795, time remaining: 1m 50s
Rendered 557/3795, time remaining: 1m 48s
Rendered 558/3795, time remaining: 1m 48s
Rendered 559/3795, time remaining: 1m 48s
Rendered 560/3795, time remaining: 1m 47s
Rendered 561/3795, time remaining: 1m 49s
Rendered 562/3795, time remaining: 1m 49s
Rendered 563/3795, time remaining: 1m 49s
Rendered 564/3795, time remaining: 1m 50s
Rendered 565/3795, time remaining: 1m 48s
Rendered 566/3795, time remaining: 1m 48s
Rendered 567/3795, time remaining: 1m 48s
Rendered 568/3795, time remaining: 1m 48s
Rendered 569/3795, time remaining: 1m 50s
Rendered 570/3795, time remaining: 1m 50s
Rendered 571/3795, time remaining: 1m 48s
Rendered 572/3795, time remaining: 1m 48s
Rendered 573/3795, time remaining: 1m 48s
Rendered 574/3795, time remaining: 1m 48s
Rendered 575/3795, time remaining: 1m 48s
Rendered 576/3795, time remaining: 1m 49s
Rendered 577/3795, time remaining: 1m 51s
Rendered 578/3795, time remaining: 1m 49s
Rendered 579/3795, time remaining: 1m 51s
Rendered 580/3795, time remaining: 1m 48s
Rendered 581/3795, time remaining: 1m 48s
Rendered 582/3795, time remaining: 1m 48s
Rendered 583/3795, time remaining: 1m 47s
Rendered 584/3795, time remaining: 1m 50s
Rendered 585/3795, time remaining: 1m 50s
Rendered 586/3795, time remaining: 1m 50s
Rendered 587/3795, time remaining: 1m 50s
Rendered 588/3795, time remaining: 1m 48s
Rendered 589/3795, time remaining: 1m 47s
Rendered 590/3795, time remaining: 1m 47s
Rendered 591/3795, time remaining: 1m 49s
Rendered 592/3795, time remaining: 1m 48s
Rendered 593/3795, time remaining: 1m 49s
Rendered 594/3795, time remaining: 1m 49s
Rendered 595/3795, time remaining: 1m 51s
Rendered 596/3795, time remaining: 1m 47s
Rendered 597/3795, time remaining: 1m 48s
Rendered 598/3795, time remaining: 1m 49s
Rendered 599/3795, time remaining: 1m 48s
Rendered 600/3795, time remaining: 1m 50s
Rendered 601/3795, time remaining: 1m 50s
Rendered 602/3795, time remaining: 1m 50s
Rendered 603/3795, time remaining: 1m 49s
Rendered 604/3795, time remaining: 1m 49s
Rendered 605/3795, time remaining: 1m 49s
Rendered 606/3795, time remaining: 1m 48s
Rendered 607/3795, time remaining: 1m 47s
Rendered 608/3795, time remaining: 1m 51s
Rendered 609/3795, time remaining: 1m 50s
Rendered 610/3795, time remaining: 1m 50s
Rendered 611/3795, time remaining: 1m 50s
Rendered 612/3795, time remaining: 1m 48s
Rendered 613/3795, time remaining: 1m 49s
Rendered 614/3795, time remaining: 1m 48s
Rendered 615/3795, time remaining: 1m 48s
Rendered 616/3795, time remaining: 1m 50s
Rendered 617/3795, time remaining: 1m 50s
Rendered 618/3795, time remaining: 1m 50s
Rendered 619/3795, time remaining: 1m 50s
Rendered 620/3795, time remaining: 1m 49s
Rendered 621/3795, time remaining: 1m 51s
Rendered 622/3795, time remaining: 1m 48s
Rendered 623/3795, time remaining: 1m 48s
Rendered 624/3795, time remaining: 1m 50s
Rendered 625/3795, time remaining: 1m 51s
Rendered 626/3795, time remaining: 1m 51s
Rendered 627/3795, time remaining: 1m 48s
Rendered 628/3795, time remaining: 1m 48s
Rendered 629/3795, time remaining: 1m 50s
Rendered 630/3795, time remaining: 1m 50s
Rendered 631/3795, time remaining: 1m 49s
Rendered 632/3795, time remaining: 1m 50s
Rendered 633/3795, time remaining: 1m 50s
Rendered 634/3795, time remaining: 1m 48s
Rendered 635/3795, time remaining: 1m 49s
Rendered 636/3795, time remaining: 1m 49s
Rendered 637/3795, time remaining: 1m 51s
Rendered 638/3795, time remaining: 1m 49s
Rendered 639/3795, time remaining: 1m 50s
Rendered 640/3795, time remaining: 1m 50s
Rendered 641/3795, time remaining: 1m 51s
Rendered 642/3795, time remaining: 1m 49s
Rendered 643/3795, time remaining: 1m 49s
Rendered 644/3795, time remaining: 1m 49s
Rendered 645/3795, time remaining: 1m 49s
Rendered 646/3795, time remaining: 1m 48s
Rendered 647/3795, time remaining: 1m 49s
Rendered 648/3795, time remaining: 1m 51s
Rendered 649/3795, time remaining: 1m 51s
Rendered 650/3795, time remaining: 1m 49s
Rendered 651/3795, time remaining: 1m 49s
Rendered 652/3795, time remaining: 1m 48s
Rendered 653/3795, time remaining: 1m 48s
Rendered 654/3795, time remaining: 1m 49s
Rendered 655/3795, time remaining: 1m 50s
Rendered 656/3795, time remaining: 1m 50s
Rendered 657/3795, time remaining: 1m 49s
Rendered 658/3795, time remaining: 1m 49s
Rendered 659/3795, time remaining: 1m 48s
Rendered 660/3795, time remaining: 1m 48s
Rendered 661/3795, time remaining: 1m 50s
Rendered 662/3795, time remaining: 1m 50s
Rendered 663/3795, time remaining: 1m 50s
Rendered 664/3795, time remaining: 1m 49s
Rendered 665/3795, time remaining: 1m 47s
Rendered 666/3795, time remaining: 1m 48s
Rendered 667/3795, time remaining: 1m 47s
Rendered 668/3795, time remaining: 1m 46s
Rendered 669/3795, time remaining: 1m 49s
Rendered 670/3795, time remaining: 1m 49s
Rendered 671/3795, time remaining: 1m 50s
Rendered 672/3795, time remaining: 1m 49s
Rendered 673/3795, time remaining: 1m 47s
Rendered 674/3795, time remaining: 1m 48s
Rendered 675/3795, time remaining: 1m 48s
Rendered 676/3795, time remaining: 1m 46s
Rendered 677/3795, time remaining: 1m 48s
Rendered 678/3795, time remaining: 1m 47s
Rendered 679/3795, time remaining: 1m 48s
Rendered 680/3795, time remaining: 1m 48s
Rendered 681/3795, time remaining: 1m 47s
Rendered 682/3795, time remaining: 1m 47s
Rendered 683/3795, time remaining: 1m 47s
Rendered 684/3795, time remaining: 1m 47s
Rendered 685/3795, time remaining: 1m 47s
Rendered 686/3795, time remaining: 1m 47s
Rendered 687/3795, time remaining: 1m 46s
Rendered 688/3795, time remaining: 1m 46s
Rendered 689/3795, time remaining: 1m 48s
Rendered 690/3795, time remaining: 1m 48s
Rendered 691/3795, time remaining: 1m 48s
Rendered 692/3795, time remaining: 1m 48s
Rendered 693/3795, time remaining: 1m 49s
Rendered 694/3795, time remaining: 1m 49s
Rendered 695/3795, time remaining: 1m 46s
Rendered 696/3795, time remaining: 1m 46s
Rendered 697/3795, time remaining: 1m 46s
Rendered 698/3795, time remaining: 1m 47s
Rendered 699/3795, time remaining: 1m 47s
Rendered 700/3795, time remaining: 1m 47s
Rendered 701/3795, time remaining: 1m 49s
Rendered 702/3795, time remaining: 1m 48s
Rendered 703/3795, time remaining: 1m 46s
Rendered 704/3795, time remaining: 1m 47s
Rendered 705/3795, time remaining: 1m 46s
Rendered 706/3795, time remaining: 1m 45s
Rendered 707/3795, time remaining: 1m 45s
Rendered 708/3795, time remaining: 1m 46s
Rendered 709/3795, time remaining: 1m 48s
Rendered 710/3795, time remaining: 1m 48s
Rendered 711/3795, time remaining: 1m 46s
Rendered 712/3795, time remaining: 1m 46s
Rendered 713/3795, time remaining: 1m 46s
Rendered 714/3795, time remaining: 1m 45s
Rendered 715/3795, time remaining: 1m 46s
Rendered 716/3795, time remaining: 1m 48s
Rendered 717/3795, time remaining: 1m 48s
Rendered 718/3795, time remaining: 1m 48s
Rendered 719/3795, time remaining: 1m 46s
Rendered 720/3795, time remaining: 1m 47s
Rendered 721/3795, time remaining: 1m 47s
Rendered 722/3795, time remaining: 1m 46s
Rendered 723/3795, time remaining: 1m 46s
Rendered 724/3795, time remaining: 1m 47s
Rendered 725/3795, time remaining: 1m 49s
Rendered 726/3795, time remaining: 1m 47s
Rendered 727/3795, time remaining: 1m 45s
Rendered 728/3795, time remaining: 1m 46s
Rendered 729/3795, time remaining: 1m 44s
Rendered 730/3795, time remaining: 1m 46s
Rendered 731/3795, time remaining: 1m 46s
Rendered 732/3795, time remaining: 1m 48s
Rendered 733/3795, time remaining: 1m 49s
Rendered 734/3795, time remaining: 1m 46s
Rendered 735/3795, time remaining: 1m 46s
Rendered 736/3795, time remaining: 1m 46s
Rendered 737/3795, time remaining: 1m 46s
Rendered 738/3795, time remaining: 1m 47s
Rendered 739/3795, time remaining: 1m 47s
Rendered 740/3795, time remaining: 1m 46s
Rendered 741/3795, time remaining: 1m 47s
Rendered 742/3795, time remaining: 1m 48s
Rendered 743/3795, time remaining: 1m 48s
Rendered 744/3795, time remaining: 1m 47s
Rendered 745/3795, time remaining: 1m 45s
Rendered 746/3795, time remaining: 1m 45s
Rendered 747/3795, time remaining: 1m 46s
Rendered 748/3795, time remaining: 1m 45s
Rendered 749/3795, time remaining: 1m 47s
Rendered 750/3795, time remaining: 1m 44s
Rendered 751/3795, time remaining: 1m 45s
Rendered 752/3795, time remaining: 1m 45s
Rendered 753/3795, time remaining: 1m 46s
Rendered 754/3795, time remaining: 1m 46s
Rendered 755/3795, time remaining: 1m 46s
Rendered 756/3795, time remaining: 1m 45s
Rendered 757/3795, time remaining: 1m 47s
Rendered 758/3795, time remaining: 1m 43s
Rendered 759/3795, time remaining: 1m 43s
Rendered 760/3795, time remaining: 1m 44s
Rendered 761/3795, time remaining: 1m 45s
Rendered 762/3795, time remaining: 1m 46s
Rendered 763/3795, time remaining: 1m 45s
Rendered 764/3795, time remaining: 1m 45s
Rendered 765/3795, time remaining: 1m 47s
Rendered 766/3795, time remaining: 1m 43s
Rendered 767/3795, time remaining: 1m 43s
Rendered 768/3795, time remaining: 1m 44s
Rendered 769/3795, time remaining: 1m 44s
Rendered 770/3795, time remaining: 1m 44s
Rendered 771/3795, time remaining: 1m 45s
Rendered 772/3795, time remaining: 1m 46s
Rendered 773/3795, time remaining: 1m 46s
Rendered 774/3795, time remaining: 1m 43s
Rendered 775/3795, time remaining: 1m 44s
Rendered 776/3795, time remaining: 1m 44s
Rendered 777/3795, time remaining: 1m 44s
Rendered 778/3795, time remaining: 1m 44s
Rendered 779/3795, time remaining: 1m 43s
Rendered 780/3795, time remaining: 1m 43s
Rendered 781/3795, time remaining: 1m 45s
Rendered 782/3795, time remaining: 1m 43s
Rendered 783/3795, time remaining: 1m 43s
Rendered 784/3795, time remaining: 1m 45s
Rendered 785/3795, time remaining: 1m 43s
Rendered 786/3795, time remaining: 1m 43s
Rendered 787/3795, time remaining: 1m 43s
Rendered 788/3795, time remaining: 1m 43s
Rendered 789/3795, time remaining: 1m 44s
Rendered 790/3795, time remaining: 1m 43s
Rendered 791/3795, time remaining: 1m 42s
Rendered 792/3795, time remaining: 1m 43s
Rendered 793/3795, time remaining: 1m 42s
Rendered 794/3795, time remaining: 1m 42s
Rendered 795/3795, time remaining: 1m 44s
Rendered 796/3795, time remaining: 1m 44s
Rendered 797/3795, time remaining: 1m 43s
Rendered 798/3795, time remaining: 1m 41s
Rendered 799/3795, time remaining: 1m 40s
Rendered 800/3795, time remaining: 1m 42s
Rendered 801/3795, time remaining: 1m 42s
Rendered 802/3795, time remaining: 1m 42s
Rendered 803/3795, time remaining: 1m 42s
Rendered 804/3795, time remaining: 1m 41s
Rendered 805/3795, time remaining: 1m 41s
Rendered 806/3795, time remaining: 1m 43s
Rendered 807/3795, time remaining: 1m 41s
Rendered 808/3795, time remaining: 1m 41s
Rendered 809/3795, time remaining: 1m 41s
Rendered 810/3795, time remaining: 1m 43s
Rendered 811/3795, time remaining: 1m 41s
Rendered 812/3795, time remaining: 1m 41s
Rendered 813/3795, time remaining: 1m 40s
Rendered 814/3795, time remaining: 1m 42s
Rendered 815/3795, time remaining: 1m 42s
Rendered 816/3795, time remaining: 1m 42s
Rendered 817/3795, time remaining: 1m 42s
Rendered 818/3795, time remaining: 1m 42s
Rendered 819/3795, time remaining: 1m 39s
Rendered 820/3795, time remaining: 1m 40s
Rendered 821/3795, time remaining: 1m 39s
Rendered 822/3795, time remaining: 1m 41s
Rendered 823/3795, time remaining: 1m 42s
Rendered 824/3795, time remaining: 1m 40s
Rendered 825/3795, time remaining: 1m 42s
Rendered 826/3795, time remaining: 1m 42s
Rendered 827/3795, time remaining: 1m 41s
Rendered 828/3795, time remaining: 1m 42s
Rendered 829/3795, time remaining: 1m 39s
Rendered 830/3795, time remaining: 1m 39s
Rendered 831/3795, time remaining: 1m 39s
Rendered 832/3795, time remaining: 1m 40s
Rendered 833/3795, time remaining: 1m 42s
Rendered 834/3795, time remaining: 1m 41s
Rendered 835/3795, time remaining: 1m 41s
Rendered 836/3795, time remaining: 1m 42s
Rendered 837/3795, time remaining: 1m 39s
Rendered 838/3795, time remaining: 1m 40s
Rendered 839/3795, time remaining: 1m 38s
Rendered 840/3795, time remaining: 1m 39s
Rendered 841/3795, time remaining: 1m 41s
Rendered 842/3795, time remaining: 1m 40s
Rendered 843/3795, time remaining: 1m 39s
Rendered 844/3795, time remaining: 1m 39s
Rendered 845/3795, time remaining: 1m 40s
Rendered 846/3795, time remaining: 1m 39s
Rendered 847/3795, time remaining: 1m 39s
Rendered 848/3795, time remaining: 1m 37s
Rendered 849/3795, time remaining: 1m 39s
Rendered 850/3795, time remaining: 1m 39s
Rendered 851/3795, time remaining: 1m 37s
Rendered 852/3795, time remaining: 1m 38s
Rendered 853/3795, time remaining: 1m 39s
Rendered 854/3795, time remaining: 1m 39s
Rendered 855/3795, time remaining: 1m 40s
Rendered 856/3795, time remaining: 1m 40s
Rendered 857/3795, time remaining: 1m 40s
Rendered 858/3795, time remaining: 1m 39s
Rendered 859/3795, time remaining: 1m 36s
Rendered 860/3795, time remaining: 1m 38s
Rendered 861/3795, time remaining: 1m 38s
Rendered 862/3795, time remaining: 1m 38s
Rendered 863/3795, time remaining: 1m 39s
Rendered 864/3795, time remaining: 1m 39s
Rendered 865/3795, time remaining: 1m 39s
Rendered 866/3795, time remaining: 1m 37s
Rendered 867/3795, time remaining: 1m 36s
Rendered 868/3795, time remaining: 1m 37s
Rendered 869/3795, time remaining: 1m 37s
Rendered 870/3795, time remaining: 1m 38s
Rendered 871/3795, time remaining: 1m 38s
Rendered 872/3795, time remaining: 1m 38s
Rendered 873/3795, time remaining: 1m 40s
Rendered 874/3795, time remaining: 1m 38s
Rendered 875/3795, time remaining: 1m 37s
Rendered 876/3795, time remaining: 1m 36s
Rendered 877/3795, time remaining: 1m 36s
Rendered 878/3795, time remaining: 1m 38s
Rendered 879/3795, time remaining: 1m 39s
Rendered 880/3795, time remaining: 1m 38s
Rendered 881/3795, time remaining: 1m 38s
Rendered 882/3795, time remaining: 1m 36s
Rendered 883/3795, time remaining: 1m 36s
Rendered 884/3795, time remaining: 1m 36s
Rendered 885/3795, time remaining: 1m 37s
Rendered 886/3795, time remaining: 1m 37s
Rendered 887/3795, time remaining: 1m 36s
Rendered 888/3795, time remaining: 1m 37s
Rendered 889/3795, time remaining: 1m 38s
Rendered 890/3795, time remaining: 1m 38s
Rendered 891/3795, time remaining: 1m 36s
Rendered 892/3795, time remaining: 1m 35s
Rendered 893/3795, time remaining: 1m 35s
Rendered 894/3795, time remaining: 1m 35s
Rendered 895/3795, time remaining: 1m 37s
Rendered 896/3795, time remaining: 1m 37s
Rendered 897/3795, time remaining: 1m 38s
Rendered 898/3795, time remaining: 1m 39s
Rendered 899/3795, time remaining: 1m 36s
Rendered 900/3795, time remaining: 1m 37s
Rendered 901/3795, time remaining: 1m 37s
Rendered 902/3795, time remaining: 1m 36s
Rendered 903/3795, time remaining: 1m 36s
Rendered 904/3795, time remaining: 1m 35s
Rendered 905/3795, time remaining: 1m 38s
Rendered 906/3795, time remaining: 1m 38s
Rendered 907/3795, time remaining: 1m 37s
Rendered 908/3795, time remaining: 1m 37s
Rendered 909/3795, time remaining: 1m 37s
Rendered 910/3795, time remaining: 1m 38s
Rendered 911/3795, time remaining: 1m 37s
Rendered 912/3795, time remaining: 1m 35s
Rendered 913/3795, time remaining: 1m 37s
Rendered 914/3795, time remaining: 1m 38s
Rendered 915/3795, time remaining: 1m 38s
Rendered 916/3795, time remaining: 1m 38s
Rendered 917/3795, time remaining: 1m 38s
Rendered 918/3795, time remaining: 1m 38s
Rendered 919/3795, time remaining: 1m 38s
Rendered 920/3795, time remaining: 1m 38s
Rendered 921/3795, time remaining: 1m 36s
Rendered 922/3795, time remaining: 1m 36s
Rendered 923/3795, time remaining: 1m 37s
Rendered 924/3795, time remaining: 1m 38s
Rendered 925/3795, time remaining: 1m 37s
Rendered 926/3795, time remaining: 1m 37s
Rendered 927/3795, time remaining: 1m 37s
Rendered 928/3795, time remaining: 1m 37s
Rendered 929/3795, time remaining: 1m 37s
Rendered 930/3795, time remaining: 1m 39s
Rendered 931/3795, time remaining: 1m 38s
Rendered 932/3795, time remaining: 1m 38s
Rendered 933/3795, time remaining: 1m 38s
Rendered 934/3795, time remaining: 1m 36s
Rendered 935/3795, time remaining: 1m 39s
Rendered 936/3795, time remaining: 1m 39s
Rendered 937/3795, time remaining: 1m 37s
Rendered 938/3795, time remaining: 1m 37s
Rendered 939/3795, time remaining: 1m 36s
Rendered 940/3795, time remaining: 1m 38s
Rendered 941/3795, time remaining: 1m 38s
Rendered 942/3795, time remaining: 1m 38s
Rendered 943/3795, time remaining: 1m 38s
Rendered 944/3795, time remaining: 1m 38s
Rendered 945/3795, time remaining: 1m 36s
Rendered 946/3795, time remaining: 1m 38s
Rendered 947/3795, time remaining: 1m 39s
Rendered 948/3795, time remaining: 1m 39s
Rendered 949/3795, time remaining: 1m 39s
Rendered 950/3795, time remaining: 1m 37s
Rendered 951/3795, time remaining: 1m 37s
Rendered 952/3795, time remaining: 1m 37s
Rendered 953/3795, time remaining: 1m 39s
Rendered 954/3795, time remaining: 1m 38s
Rendered 955/3795, time remaining: 1m 39s
Rendered 956/3795, time remaining: 1m 37s
Rendered 957/3795, time remaining: 1m 37s
Rendered 958/3795, time remaining: 1m 37s
Rendered 959/3795, time remaining: 1m 38s
Rendered 960/3795, time remaining: 1m 37s
Rendered 961/3795, time remaining: 1m 39s
Rendered 962/3795, time remaining: 1m 38s
Rendered 963/3795, time remaining: 1m 38s
Rendered 964/3795, time remaining: 1m 36s
Rendered 965/3795, time remaining: 1m 36s
Rendered 966/3795, time remaining: 1m 38s
Rendered 967/3795, time remaining: 1m 38s
Rendered 968/3795, time remaining: 1m 38s
Rendered 969/3795, time remaining: 1m 40s
Rendered 970/3795, time remaining: 1m 39s
Rendered 971/3795, time remaining: 1m 39s
Rendered 972/3795, time remaining: 1m 37s
Rendered 973/3795, time remaining: 1m 39s
Rendered 974/3795, time remaining: 1m 39s
Rendered 975/3795, time remaining: 1m 38s
Rendered 976/3795, time remaining: 1m 38s
Rendered 977/3795, time remaining: 1m 40s
Rendered 978/3795, time remaining: 1m 39s
Rendered 979/3795, time remaining: 1m 39s
Rendered 980/3795, time remaining: 1m 40s
Rendered 981/3795, time remaining: 1m 40s
Rendered 982/3795, time remaining: 1m 40s
Rendered 983/3795, time remaining: 1m 41s
Rendered 984/3795, time remaining: 1m 40s
Rendered 985/3795, time remaining: 1m 40s
Rendered 986/3795, time remaining: 1m 40s
Rendered 987/3795, time remaining: 1m 40s
Rendered 988/3795, time remaining: 1m 40s
Rendered 989/3795, time remaining: 1m 40s
Rendered 990/3795, time remaining: 1m 41s
Rendered 991/3795, time remaining: 1m 39s
Rendered 992/3795, time remaining: 1m 40s
Rendered 993/3795, time remaining: 1m 40s
Rendered 994/3795, time remaining: 1m 40s
Rendered 995/3795, time remaining: 1m 39s
Rendered 996/3795, time remaining: 1m 40s
Rendered 997/3795, time remaining: 1m 40s
Rendered 998/3795, time remaining: 1m 42s
Rendered 999/3795, time remaining: 1m 40s
Rendered 1000/3795, time remaining: 1m 41s
Rendered 1001/3795, time remaining: 1m 41s
Rendered 1002/3795, time remaining: 1m 40s
Rendered 1003/3795, time remaining: 1m 39s
Rendered 1004/3795, time remaining: 1m 38s
Rendered 1005/3795, time remaining: 1m 40s
Rendered 1006/3795, time remaining: 1m 40s
Rendered 1007/3795, time remaining: 1m 41s
Rendered 1008/3795, time remaining: 1m 41s
Rendered 1009/3795, time remaining: 1m 40s
Rendered 1010/3795, time remaining: 1m 40s
Rendered 1011/3795, time remaining: 1m 41s
Rendered 1012/3795, time remaining: 1m 40s
Rendered 1013/3795, time remaining: 1m 39s
Rendered 1014/3795, time remaining: 1m 39s
Rendered 1015/3795, time remaining: 1m 41s
Rendered 1016/3795, time remaining: 1m 41s
Rendered 1017/3795, time remaining: 1m 42s
Rendered 1018/3795, time remaining: 1m 41s
Rendered 1019/3795, time remaining: 1m 41s
Rendered 1020/3795, time remaining: 1m 39s
Rendered 1021/3795, time remaining: 1m 39s
Rendered 1022/3795, time remaining: 1m 39s
Rendered 1023/3795, time remaining: 1m 38s
Rendered 1024/3795, time remaining: 1m 38s
Rendered 1025/3795, time remaining: 1m 41s
Rendered 1026/3795, time remaining: 1m 41s
Rendered 1027/3795, time remaining: 1m 43s
Rendered 1028/3795, time remaining: 1m 40s
Rendered 1029/3795, time remaining: 1m 40s
Rendered 1030/3795, time remaining: 1m 39s
Rendered 1031/3795, time remaining: 1m 40s
Rendered 1032/3795, time remaining: 1m 39s
Rendered 1033/3795, time remaining: 1m 39s
Rendered 1034/3795, time remaining: 1m 41s
Rendered 1035/3795, time remaining: 1m 40s
Rendered 1036/3795, time remaining: 1m 40s
Rendered 1037/3795, time remaining: 1m 42s
Rendered 1038/3795, time remaining: 1m 40s
Rendered 1039/3795, time remaining: 1m 41s
Rendered 1040/3795, time remaining: 1m 41s
Rendered 1041/3795, time remaining: 1m 41s
Rendered 1042/3795, time remaining: 1m 40s
Rendered 1043/3795, time remaining: 1m 40s
Rendered 1044/3795, time remaining: 1m 41s
Rendered 1045/3795, time remaining: 1m 41s
Rendered 1046/3795, time remaining: 1m 41s
Rendered 1047/3795, time remaining: 1m 39s
Rendered 1048/3795, time remaining: 1m 39s
Rendered 1049/3795, time remaining: 1m 39s
Rendered 1050/3795, time remaining: 1m 39s
Rendered 1051/3795, time remaining: 1m 40s
Rendered 1052/3795, time remaining: 1m 40s
Rendered 1053/3795, time remaining: 1m 40s
Rendered 1054/3795, time remaining: 1m 40s
Rendered 1055/3795, time remaining: 1m 39s
Rendered 1056/3795, time remaining: 1m 39s
Rendered 1057/3795, time remaining: 1m 39s
Rendered 1058/3795, time remaining: 1m 39s
Rendered 1059/3795, time remaining: 1m 40s
Rendered 1060/3795, time remaining: 1m 38s
Rendered 1061/3795, time remaining: 1m 38s
Rendered 1062/3795, time remaining: 1m 40s
Rendered 1063/3795, time remaining: 1m 39s
Rendered 1064/3795, time remaining: 1m 39s
Rendered 1065/3795, time remaining: 1m 38s
Rendered 1066/3795, time remaining: 1m 37s
Rendered 1067/3795, time remaining: 1m 37s
Rendered 1068/3795, time remaining: 1m 37s
Rendered 1069/3795, time remaining: 1m 40s
Rendered 1070/3795, time remaining: 1m 39s
Rendered 1071/3795, time remaining: 1m 39s
Rendered 1072/3795, time remaining: 1m 38s
Rendered 1073/3795, time remaining: 1m 37s
Rendered 1074/3795, time remaining: 1m 37s
Rendered 1075/3795, time remaining: 1m 40s
Rendered 1076/3795, time remaining: 1m 39s
Rendered 1077/3795, time remaining: 1m 39s
Rendered 1078/3795, time remaining: 1m 41s
Rendered 1079/3795, time remaining: 1m 39s
Rendered 1080/3795, time remaining: 1m 37s
Rendered 1081/3795, time remaining: 1m 37s
Rendered 1082/3795, time remaining: 1m 37s
Rendered 1083/3795, time remaining: 1m 39s
Rendered 1084/3795, time remaining: 1m 39s
Rendered 1085/3795, time remaining: 1m 37s
Rendered 1086/3795, time remaining: 1m 37s
Rendered 1087/3795, time remaining: 1m 38s
Rendered 1088/3795, time remaining: 1m 37s
Rendered 1089/3795, time remaining: 1m 38s
Rendered 1090/3795, time remaining: 1m 36s
Rendered 1091/3795, time remaining: 1m 37s
Rendered 1092/3795, time remaining: 1m 37s
Rendered 1093/3795, time remaining: 1m 38s
Rendered 1094/3795, time remaining: 1m 38s
Rendered 1095/3795, time remaining: 1m 39s
Rendered 1096/3795, time remaining: 1m 37s
Rendered 1097/3795, time remaining: 1m 36s
Rendered 1098/3795, time remaining: 1m 36s
Rendered 1099/3795, time remaining: 1m 38s
Rendered 1100/3795, time remaining: 1m 38s
Rendered 1101/3795, time remaining: 1m 38s
Rendered 1102/3795, time remaining: 1m 38s
Rendered 1103/3795, time remaining: 1m 36s
Rendered 1104/3795, time remaining: 1m 37s
Rendered 1105/3795, time remaining: 1m 36s
Rendered 1106/3795, time remaining: 1m 37s
Rendered 1107/3795, time remaining: 1m 37s
Rendered 1108/3795, time remaining: 1m 39s
Rendered 1109/3795, time remaining: 1m 37s
Rendered 1110/3795, time remaining: 1m 39s
Rendered 1111/3795, time remaining: 1m 37s
Rendered 1112/3795, time remaining: 1m 37s
Rendered 1113/3795, time remaining: 1m 37s
Rendered 1114/3795, time remaining: 1m 37s
Rendered 1115/3795, time remaining: 1m 37s
Rendered 1116/3795, time remaining: 1m 35s
Rendered 1117/3795, time remaining: 1m 36s
Rendered 1118/3795, time remaining: 1m 37s
Rendered 1119/3795, time remaining: 1m 36s
Rendered 1120/3795, time remaining: 1m 38s
Rendered 1121/3795, time remaining: 1m 38s
Rendered 1122/3795, time remaining: 1m 38s
Rendered 1123/3795, time remaining: 1m 35s
Rendered 1124/3795, time remaining: 1m 35s
Rendered 1125/3795, time remaining: 1m 34s
Rendered 1126/3795, time remaining: 1m 35s
Rendered 1127/3795, time remaining: 1m 33s
Rendered 1128/3795, time remaining: 1m 36s
Rendered 1129/3795, time remaining: 1m 35s
Rendered 1130/3795, time remaining: 1m 36s
Rendered 1131/3795, time remaining: 1m 36s
Rendered 1132/3795, time remaining: 1m 35s
Rendered 1133/3795, time remaining: 1m 33s
Rendered 1134/3795, time remaining: 1m 32s
Rendered 1135/3795, time remaining: 1m 33s
Rendered 1136/3795, time remaining: 1m 33s
Rendered 1137/3795, time remaining: 1m 33s
Rendered 1138/3795, time remaining: 1m 34s
Rendered 1139/3795, time remaining: 1m 35s
Rendered 1140/3795, time remaining: 1m 33s
Rendered 1141/3795, time remaining: 1m 33s
Rendered 1142/3795, time remaining: 1m 32s
Rendered 1143/3795, time remaining: 1m 32s
Rendered 1144/3795, time remaining: 1m 35s
Rendered 1145/3795, time remaining: 1m 35s
Rendered 1146/3795, time remaining: 1m 35s
Rendered 1147/3795, time remaining: 1m 34s
Rendered 1148/3795, time remaining: 1m 32s
Rendered 1149/3795, time remaining: 1m 32s
Rendered 1150/3795, time remaining: 1m 31s
Rendered 1151/3795, time remaining: 1m 34s
Rendered 1152/3795, time remaining: 1m 34s
Rendered 1153/3795, time remaining: 1m 34s
Rendered 1154/3795, time remaining: 1m 34s
Rendered 1155/3795, time remaining: 1m 33s
Rendered 1156/3795, time remaining: 1m 33s
Rendered 1157/3795, time remaining: 1m 32s
Rendered 1158/3795, time remaining: 1m 33s
Rendered 1159/3795, time remaining: 1m 35s
Rendered 1160/3795, time remaining: 1m 33s
Rendered 1161/3795, time remaining: 1m 32s
Rendered 1162/3795, time remaining: 1m 33s
Rendered 1163/3795, time remaining: 1m 33s
Rendered 1164/3795, time remaining: 1m 33s
Rendered 1165/3795, time remaining: 1m 31s
Rendered 1166/3795, time remaining: 1m 33s
Rendered 1167/3795, time remaining: 1m 32s
Rendered 1168/3795, time remaining: 1m 33s
Rendered 1169/3795, time remaining: 1m 32s
Rendered 1170/3795, time remaining: 1m 33s
Rendered 1171/3795, time remaining: 1m 33s
Rendered 1172/3795, time remaining: 1m 33s
Rendered 1173/3795, time remaining: 1m 33s
Rendered 1174/3795, time remaining: 1m 33s
Rendered 1175/3795, time remaining: 1m 31s
Rendered 1176/3795, time remaining: 1m 32s
Rendered 1177/3795, time remaining: 1m 31s
Rendered 1178/3795, time remaining: 1m 32s
Rendered 1179/3795, time remaining: 1m 32s
Rendered 1180/3795, time remaining: 1m 32s
Rendered 1181/3795, time remaining: 1m 31s
Rendered 1182/3795, time remaining: 1m 31s
Rendered 1183/3795, time remaining: 1m 33s
Rendered 1184/3795, time remaining: 1m 31s
Rendered 1185/3795, time remaining: 1m 31s
Rendered 1186/3795, time remaining: 1m 32s
Rendered 1187/3795, time remaining: 1m 31s
Rendered 1188/3795, time remaining: 1m 31s
Rendered 1189/3795, time remaining: 1m 29s
Rendered 1190/3795, time remaining: 1m 30s
Rendered 1191/3795, time remaining: 1m 31s
Rendered 1192/3795, time remaining: 1m 31s
Rendered 1193/3795, time remaining: 1m 32s
Rendered 1194/3795, time remaining: 1m 31s
Rendered 1195/3795, time remaining: 1m 30s
Rendered 1196/3795, time remaining: 1m 29s
Rendered 1197/3795, time remaining: 1m 30s
Rendered 1198/3795, time remaining: 1m 30s
Rendered 1199/3795, time remaining: 1m 31s
Rendered 1200/3795, time remaining: 1m 31s
Rendered 1201/3795, time remaining: 1m 30s
Rendered 1202/3795, time remaining: 1m 30s
Rendered 1203/3795, time remaining: 1m 29s
Rendered 1204/3795, time remaining: 1m 30s
Rendered 1205/3795, time remaining: 1m 30s
Rendered 1206/3795, time remaining: 1m 29s
Rendered 1207/3795, time remaining: 1m 30s
Rendered 1208/3795, time remaining: 1m 31s
Rendered 1209/3795, time remaining: 1m 29s
Rendered 1210/3795, time remaining: 1m 29s
Rendered 1211/3795, time remaining: 1m 31s
Rendered 1212/3795, time remaining: 1m 31s
Rendered 1213/3795, time remaining: 1m 29s
Rendered 1214/3795, time remaining: 1m 29s
Rendered 1215/3795, time remaining: 1m 29s
Rendered 1216/3795, time remaining: 1m 29s
Rendered 1217/3795, time remaining: 1m 29s
Rendered 1218/3795, time remaining: 1m 29s
Rendered 1219/3795, time remaining: 1m 27s
Rendered 1220/3795, time remaining: 1m 29s
Rendered 1221/3795, time remaining: 1m 30s
Rendered 1222/3795, time remaining: 1m 30s
Rendered 1223/3795, time remaining: 1m 29s
Rendered 1224/3795, time remaining: 1m 29s
Rendered 1225/3795, time remaining: 1m 27s
Rendered 1226/3795, time remaining: 1m 28s
Rendered 1227/3795, time remaining: 1m 28s
Rendered 1228/3795, time remaining: 1m 26s
Rendered 1229/3795, time remaining: 1m 28s
Rendered 1230/3795, time remaining: 1m 28s
Rendered 1231/3795, time remaining: 1m 28s
Rendered 1232/3795, time remaining: 1m 29s
Rendered 1233/3795, time remaining: 1m 26s
Rendered 1234/3795, time remaining: 1m 28s
Rendered 1235/3795, time remaining: 1m 28s
Rendered 1236/3795, time remaining: 1m 29s
Rendered 1237/3795, time remaining: 1m 28s
Rendered 1238/3795, time remaining: 1m 28s
Rendered 1239/3795, time remaining: 1m 28s
Rendered 1240/3795, time remaining: 1m 27s
Rendered 1241/3795, time remaining: 1m 26s
Rendered 1242/3795, time remaining: 1m 28s
Rendered 1243/3795, time remaining: 1m 27s
Rendered 1244/3795, time remaining: 1m 29s
Rendered 1245/3795, time remaining: 1m 27s
Rendered 1246/3795, time remaining: 1m 27s
Rendered 1247/3795, time remaining: 1m 28s
Rendered 1248/3795, time remaining: 1m 29s
Rendered 1249/3795, time remaining: 1m 28s
Rendered 1250/3795, time remaining: 1m 26s
Rendered 1251/3795, time remaining: 1m 26s
Rendered 1252/3795, time remaining: 1m 27s
Rendered 1253/3795, time remaining: 1m 27s
Rendered 1254/3795, time remaining: 1m 26s
Rendered 1255/3795, time remaining: 1m 27s
Rendered 1256/3795, time remaining: 1m 27s
Rendered 1257/3795, time remaining: 1m 27s
Rendered 1258/3795, time remaining: 1m 26s
Rendered 1259/3795, time remaining: 1m 26s
Rendered 1260/3795, time remaining: 1m 26s
Rendered 1261/3795, time remaining: 1m 26s
Rendered 1262/3795, time remaining: 1m 26s
Rendered 1263/3795, time remaining: 1m 25s
Rendered 1264/3795, time remaining: 1m 26s
Rendered 1265/3795, time remaining: 1m 26s
Rendered 1266/3795, time remaining: 1m 26s
Rendered 1267/3795, time remaining: 1m 26s
Rendered 1268/3795, time remaining: 1m 26s
Rendered 1269/3795, time remaining: 1m 26s
Rendered 1270/3795, time remaining: 1m 24s
Rendered 1271/3795, time remaining: 1m 24s
Rendered 1272/3795, time remaining: 1m 25s
Rendered 1273/3795, time remaining: 1m 26s
Rendered 1274/3795, time remaining: 1m 27s
Rendered 1275/3795, time remaining: 1m 28s
Rendered 1276/3795, time remaining: 1m 27s
Rendered 1277/3795, time remaining: 1m 27s
Rendered 1278/3795, time remaining: 1m 25s
Rendered 1279/3795, time remaining: 1m 25s
Rendered 1280/3795, time remaining: 1m 23s
Rendered 1281/3795, time remaining: 1m 23s
Rendered 1282/3795, time remaining: 1m 26s
Rendered 1283/3795, time remaining: 1m 27s
Rendered 1284/3795, time remaining: 1m 27s
Rendered 1285/3795, time remaining: 1m 27s
Rendered 1286/3795, time remaining: 1m 27s
Rendered 1287/3795, time remaining: 1m 26s
Rendered 1288/3795, time remaining: 1m 24s
Rendered 1289/3795, time remaining: 1m 24s
Rendered 1290/3795, time remaining: 1m 25s
Rendered 1291/3795, time remaining: 1m 25s
Rendered 1292/3795, time remaining: 1m 26s
Rendered 1293/3795, time remaining: 1m 26s
Rendered 1294/3795, time remaining: 1m 24s
Rendered 1295/3795, time remaining: 1m 26s
Rendered 1296/3795, time remaining: 1m 25s
Rendered 1297/3795, time remaining: 1m 25s
Rendered 1298/3795, time remaining: 1m 26s
Rendered 1299/3795, time remaining: 1m 26s
Rendered 1300/3795, time remaining: 1m 26s
Rendered 1301/3795, time remaining: 1m 23s
Rendered 1302/3795, time remaining: 1m 25s
Rendered 1303/3795, time remaining: 1m 27s
Rendered 1304/3795, time remaining: 1m 26s
Rendered 1305/3795, time remaining: 1m 25s
Rendered 1306/3795, time remaining: 1m 26s
Rendered 1307/3795, time remaining: 1m 26s
Rendered 1308/3795, time remaining: 1m 25s
Rendered 1309/3795, time remaining: 1m 24s
Rendered 1310/3795, time remaining: 1m 24s
Rendered 1311/3795, time remaining: 1m 26s
Rendered 1312/3795, time remaining: 1m 26s
Rendered 1313/3795, time remaining: 1m 26s
Rendered 1314/3795, time remaining: 1m 27s
Rendered 1315/3795, time remaining: 1m 27s
Rendered 1316/3795, time remaining: 1m 25s
Rendered 1317/3795, time remaining: 1m 24s
Rendered 1318/3795, time remaining: 1m 25s
Rendered 1319/3795, time remaining: 1m 25s
Rendered 1320/3795, time remaining: 1m 26s
Rendered 1321/3795, time remaining: 1m 26s
Rendered 1322/3795, time remaining: 1m 26s
Rendered 1323/3795, time remaining: 1m 26s
Rendered 1324/3795, time remaining: 1m 26s
Rendered 1325/3795, time remaining: 1m 26s
Rendered 1326/3795, time remaining: 1m 25s
Rendered 1327/3795, time remaining: 1m 25s
Rendered 1328/3795, time remaining: 1m 24s
Rendered 1329/3795, time remaining: 1m 26s
Rendered 1330/3795, time remaining: 1m 26s
Rendered 1331/3795, time remaining: 1m 26s
Rendered 1332/3795, time remaining: 1m 26s
Rendered 1333/3795, time remaining: 1m 24s
Rendered 1334/3795, time remaining: 1m 24s
Rendered 1335/3795, time remaining: 1m 24s
Rendered 1336/3795, time remaining: 1m 26s
Rendered 1337/3795, time remaining: 1m 26s
Rendered 1338/3795, time remaining: 1m 26s
Rendered 1339/3795, time remaining: 1m 26s
Rendered 1340/3795, time remaining: 1m 26s
Rendered 1341/3795, time remaining: 1m 24s
Rendered 1342/3795, time remaining: 1m 25s
Rendered 1343/3795, time remaining: 1m 25s
Rendered 1344/3795, time remaining: 1m 25s
Rendered 1345/3795, time remaining: 1m 25s
Rendered 1346/3795, time remaining: 1m 25s
Rendered 1347/3795, time remaining: 1m 24s
Rendered 1348/3795, time remaining: 1m 25s
Rendered 1349/3795, time remaining: 1m 24s
Rendered 1350/3795, time remaining: 1m 25s
Rendered 1351/3795, time remaining: 1m 24s
Rendered 1352/3795, time remaining: 1m 26s
Rendered 1353/3795, time remaining: 1m 26s
Rendered 1354/3795, time remaining: 1m 24s
Rendered 1355/3795, time remaining: 1m 23s
Rendered 1356/3795, time remaining: 1m 25s
Rendered 1357/3795, time remaining: 1m 24s
Rendered 1358/3795, time remaining: 1m 25s
Rendered 1359/3795, time remaining: 1m 25s
Rendered 1360/3795, time remaining: 1m 25s
Rendered 1361/3795, time remaining: 1m 23s
Rendered 1362/3795, time remaining: 1m 22s
Rendered 1363/3795, time remaining: 1m 23s
Rendered 1364/3795, time remaining: 1m 24s
Rendered 1365/3795, time remaining: 1m 25s
Rendered 1366/3795, time remaining: 1m 26s
Rendered 1367/3795, time remaining: 1m 25s
Rendered 1368/3795, time remaining: 1m 25s
Rendered 1369/3795, time remaining: 1m 25s
Rendered 1370/3795, time remaining: 1m 24s
Rendered 1371/3795, time remaining: 1m 22s
Rendered 1372/3795, time remaining: 1m 24s
Rendered 1373/3795, time remaining: 1m 25s
Rendered 1374/3795, time remaining: 1m 25s
Rendered 1375/3795, time remaining: 1m 25s
Rendered 1376/3795, time remaining: 1m 23s
Rendered 1377/3795, time remaining: 1m 23s
Rendered 1378/3795, time remaining: 1m 24s
Rendered 1379/3795, time remaining: 1m 23s
Rendered 1380/3795, time remaining: 1m 25s
Rendered 1381/3795, time remaining: 1m 25s
Rendered 1382/3795, time remaining: 1m 25s
Rendered 1383/3795, time remaining: 1m 25s
Rendered 1384/3795, time remaining: 1m 23s
Rendered 1385/3795, time remaining: 1m 23s
Rendered 1386/3795, time remaining: 1m 23s
Rendered 1387/3795, time remaining: 1m 23s
Rendered 1388/3795, time remaining: 1m 24s
Rendered 1389/3795, time remaining: 1m 25s
Rendered 1390/3795, time remaining: 1m 25s
Rendered 1391/3795, time remaining: 1m 25s
Rendered 1392/3795, time remaining: 1m 24s
Rendered 1393/3795, time remaining: 1m 24s
Rendered 1394/3795, time remaining: 1m 23s
Rendered 1395/3795, time remaining: 1m 22s
Rendered 1396/3795, time remaining: 1m 24s
Rendered 1397/3795, time remaining: 1m 25s
Rendered 1398/3795, time remaining: 1m 24s
Rendered 1399/3795, time remaining: 1m 23s
Rendered 1400/3795, time remaining: 1m 23s
Rendered 1401/3795, time remaining: 1m 24s
Rendered 1402/3795, time remaining: 1m 23s
Rendered 1403/3795, time remaining: 1m 23s
Rendered 1404/3795, time remaining: 1m 25s
Rendered 1405/3795, time remaining: 1m 24s
Rendered 1406/3795, time remaining: 1m 24s
Rendered 1407/3795, time remaining: 1m 23s
Rendered 1408/3795, time remaining: 1m 23s
Rendered 1409/3795, time remaining: 1m 23s
Rendered 1410/3795, time remaining: 1m 23s
Rendered 1411/3795, time remaining: 1m 23s
Rendered 1412/3795, time remaining: 1m 23s
Rendered 1413/3795, time remaining: 1m 24s
Rendered 1414/3795, time remaining: 1m 23s
Rendered 1415/3795, time remaining: 1m 23s
Rendered 1416/3795, time remaining: 1m 25s
Rendered 1417/3795, time remaining: 1m 23s
Rendered 1418/3795, time remaining: 1m 22s
Rendered 1419/3795, time remaining: 1m 22s
Rendered 1420/3795, time remaining: 1m 24s
Rendered 1421/3795, time remaining: 1m 24s
Rendered 1422/3795, time remaining: 1m 23s
Rendered 1423/3795, time remaining: 1m 23s
Rendered 1424/3795, time remaining: 1m 23s
Rendered 1425/3795, time remaining: 1m 22s
Rendered 1426/3795, time remaining: 1m 22s
Rendered 1427/3795, time remaining: 1m 22s
Rendered 1428/3795, time remaining: 1m 23s
Rendered 1429/3795, time remaining: 1m 24s
Rendered 1430/3795, time remaining: 1m 24s
Rendered 1431/3795, time remaining: 1m 24s
Rendered 1432/3795, time remaining: 1m 22s
Rendered 1433/3795, time remaining: 1m 21s
Rendered 1434/3795, time remaining: 1m 21s
Rendered 1435/3795, time remaining: 1m 21s
Rendered 1436/3795, time remaining: 1m 22s
Rendered 1437/3795, time remaining: 1m 23s
Rendered 1438/3795, time remaining: 1m 23s
Rendered 1439/3795, time remaining: 1m 23s
Rendered 1440/3795, time remaining: 1m 23s
Rendered 1441/3795, time remaining: 1m 22s
Rendered 1442/3795, time remaining: 1m 21s
Rendered 1443/3795, time remaining: 1m 22s
Rendered 1444/3795, time remaining: 1m 22s
Rendered 1445/3795, time remaining: 1m 22s
Rendered 1446/3795, time remaining: 1m 22s
Rendered 1447/3795, time remaining: 1m 21s
Rendered 1448/3795, time remaining: 1m 22s
Rendered 1449/3795, time remaining: 1m 22s
Rendered 1450/3795, time remaining: 1m 22s
Rendered 1451/3795, time remaining: 1m 22s
Rendered 1452/3795, time remaining: 1m 20s
Rendered 1453/3795, time remaining: 1m 20s
Rendered 1454/3795, time remaining: 1m 20s
Rendered 1455/3795, time remaining: 1m 20s
Rendered 1456/3795, time remaining: 1m 20s
Rendered 1457/3795, time remaining: 1m 20s
Rendered 1458/3795, time remaining: 1m 20s
Rendered 1459/3795, time remaining: 1m 20s
Rendered 1460/3795, time remaining: 1m 22s
Rendered 1461/3795, time remaining: 1m 21s
Rendered 1462/3795, time remaining: 1m 19s
Rendered 1463/3795, time remaining: 1m 19s
Rendered 1464/3795, time remaining: 1m 18s
Rendered 1465/3795, time remaining: 1m 19s
Rendered 1466/3795, time remaining: 1m 19s
Rendered 1467/3795, time remaining: 1m 19s
Rendered 1468/3795, time remaining: 1m 20s
Rendered 1469/3795, time remaining: 1m 20s
Rendered 1470/3795, time remaining: 1m 19s
Rendered 1471/3795, time remaining: 1m 19s
Rendered 1472/3795, time remaining: 1m 18s
Rendered 1473/3795, time remaining: 1m 20s
Rendered 1474/3795, time remaining: 1m 19s
Rendered 1475/3795, time remaining: 1m 20s
Rendered 1476/3795, time remaining: 1m 19s
Rendered 1477/3795, time remaining: 1m 19s
Rendered 1478/3795, time remaining: 1m 20s
Rendered 1479/3795, time remaining: 1m 18s
Rendered 1480/3795, time remaining: 1m 18s
Rendered 1481/3795, time remaining: 1m 18s
Rendered 1482/3795, time remaining: 1m 18s
Rendered 1483/3795, time remaining: 1m 20s
Rendered 1484/3795, time remaining: 1m 20s
Rendered 1485/3795, time remaining: 1m 20s
Rendered 1486/3795, time remaining: 1m 18s
Rendered 1487/3795, time remaining: 1m 18s
Rendered 1488/3795, time remaining: 1m 18s
Rendered 1489/3795, time remaining: 1m 18s
Rendered 1490/3795, time remaining: 1m 18s
Rendered 1491/3795, time remaining: 1m 19s
Rendered 1492/3795, time remaining: 1m 18s
Rendered 1493/3795, time remaining: 1m 18s
Rendered 1494/3795, time remaining: 1m 18s
Rendered 1495/3795, time remaining: 1m 18s
Rendered 1496/3795, time remaining: 1m 19s
Rendered 1497/3795, time remaining: 1m 19s
Rendered 1498/3795, time remaining: 1m 18s
Rendered 1499/3795, time remaining: 1m 18s
Rendered 1500/3795, time remaining: 1m 17s
Rendered 1501/3795, time remaining: 1m 17s
Rendered 1502/3795, time remaining: 1m 17s
Rendered 1503/3795, time remaining: 1m 18s
Rendered 1504/3795, time remaining: 1m 19s
Rendered 1505/3795, time remaining: 1m 19s
Rendered 1506/3795, time remaining: 1m 18s
Rendered 1507/3795, time remaining: 1m 18s
Rendered 1508/3795, time remaining: 1m 18s
Rendered 1509/3795, time remaining: 1m 17s
Rendered 1510/3795, time remaining: 1m 19s
Rendered 1511/3795, time remaining: 1m 19s
Rendered 1512/3795, time remaining: 1m 19s
Rendered 1513/3795, time remaining: 1m 20s
Rendered 1514/3795, time remaining: 1m 18s
Rendered 1515/3795, time remaining: 1m 17s
Rendered 1516/3795, time remaining: 1m 17s
Rendered 1517/3795, time remaining: 1m 17s
Rendered 1518/3795, time remaining: 1m 18s
Rendered 1519/3795, time remaining: 1m 18s
Rendered 1520/3795, time remaining: 1m 19s
Rendered 1521/3795, time remaining: 1m 19s
Rendered 1522/3795, time remaining: 1m 17s
Rendered 1523/3795, time remaining: 1m 17s
Rendered 1524/3795, time remaining: 1m 16s
Rendered 1525/3795, time remaining: 1m 16s
Rendered 1526/3795, time remaining: 1m 17s
Rendered 1527/3795, time remaining: 1m 17s
Rendered 1528/3795, time remaining: 1m 19s
Rendered 1529/3795, time remaining: 1m 18s
Rendered 1530/3795, time remaining: 1m 16s
Rendered 1531/3795, time remaining: 1m 16s
Rendered 1532/3795, time remaining: 1m 16s
Rendered 1533/3795, time remaining: 1m 16s
Rendered 1534/3795, time remaining: 1m 17s
Rendered 1535/3795, time remaining: 1m 17s
Rendered 1536/3795, time remaining: 1m 18s
Rendered 1537/3795, time remaining: 1m 18s
Rendered 1538/3795, time remaining: 1m 16s
Rendered 1539/3795, time remaining: 1m 15s
Rendered 1540/3795, time remaining: 1m 15s
Rendered 1541/3795, time remaining: 1m 15s
Rendered 1542/3795, time remaining: 1m 15s
Rendered 1543/3795, time remaining: 1m 17s
Rendered 1544/3795, time remaining: 1m 17s
Rendered 1545/3795, time remaining: 1m 17s
Rendered 1546/3795, time remaining: 1m 17s
Rendered 1547/3795, time remaining: 1m 16s
Rendered 1548/3795, time remaining: 1m 16s
Rendered 1549/3795, time remaining: 1m 16s
Rendered 1550/3795, time remaining: 1m 16s
Rendered 1551/3795, time remaining: 1m 16s
Rendered 1552/3795, time remaining: 1m 16s
Rendered 1553/3795, time remaining: 1m 17s
Rendered 1554/3795, time remaining: 1m 15s
Rendered 1555/3795, time remaining: 1m 15s
Rendered 1556/3795, time remaining: 1m 14s
Rendered 1557/3795, time remaining: 1m 17s
Rendered 1558/3795, time remaining: 1m 17s
Rendered 1559/3795, time remaining: 1m 16s
Rendered 1560/3795, time remaining: 1m 15s
Rendered 1561/3795, time remaining: 1m 15s
Rendered 1562/3795, time remaining: 1m 15s
Rendered 1563/3795, time remaining: 1m 15s
Rendered 1564/3795, time remaining: 1m 16s
Rendered 1565/3795, time remaining: 1m 17s
Rendered 1566/3795, time remaining: 1m 15s
Rendered 1567/3795, time remaining: 1m 15s
Rendered 1568/3795, time remaining: 1m 15s
Rendered 1569/3795, time remaining: 1m 16s
Rendered 1570/3795, time remaining: 1m 15s
Rendered 1571/3795, time remaining: 1m 15s
Rendered 1572/3795, time remaining: 1m 16s
Rendered 1573/3795, time remaining: 1m 17s
Rendered 1574/3795, time remaining: 1m 15s
Rendered 1575/3795, time remaining: 1m 15s
Rendered 1576/3795, time remaining: 1m 15s
Rendered 1577/3795, time remaining: 1m 17s
Rendered 1578/3795, time remaining: 1m 16s
Rendered 1579/3795, time remaining: 1m 15s
Rendered 1580/3795, time remaining: 1m 15s
Rendered 1581/3795, time remaining: 1m 15s
Rendered 1582/3795, time remaining: 1m 15s
Rendered 1583/3795, time remaining: 1m 15s
Rendered 1584/3795, time remaining: 1m 15s
Rendered 1585/3795, time remaining: 1m 16s
Rendered 1586/3795, time remaining: 1m 15s
Rendered 1587/3795, time remaining: 1m 14s
Rendered 1588/3795, time remaining: 1m 14s
Rendered 1589/3795, time remaining: 1m 15s
Rendered 1590/3795, time remaining: 1m 14s
Rendered 1591/3795, time remaining: 1m 15s
Rendered 1592/3795, time remaining: 1m 16s
Rendered 1593/3795, time remaining: 1m 16s
Rendered 1594/3795, time remaining: 1m 15s
Rendered 1595/3795, time remaining: 1m 14s
Rendered 1596/3795, time remaining: 1m 15s
Rendered 1597/3795, time remaining: 1m 15s
Rendered 1598/3795, time remaining: 1m 13s
Rendered 1599/3795, time remaining: 1m 15s
Rendered 1600/3795, time remaining: 1m 16s
Rendered 1601/3795, time remaining: 1m 16s
Rendered 1602/3795, time remaining: 1m 15s
Rendered 1603/3795, time remaining: 1m 14s
Rendered 1604/3795, time remaining: 1m 15s
Rendered 1605/3795, time remaining: 1m 15s
Rendered 1606/3795, time remaining: 1m 15s
Rendered 1607/3795, time remaining: 1m 15s
Rendered 1608/3795, time remaining: 1m 15s
Rendered 1609/3795, time remaining: 1m 16s
Rendered 1610/3795, time remaining: 1m 15s
Rendered 1611/3795, time remaining: 1m 14s
Rendered 1612/3795, time remaining: 1m 15s
Rendered 1613/3795, time remaining: 1m 15s
Rendered 1614/3795, time remaining: 1m 15s
Rendered 1615/3795, time remaining: 1m 14s
Rendered 1616/3795, time remaining: 1m 14s
Rendered 1617/3795, time remaining: 1m 15s
Rendered 1618/3795, time remaining: 1m 15s
Rendered 1619/3795, time remaining: 1m 15s
Rendered 1620/3795, time remaining: 1m 15s
Rendered 1621/3795, time remaining: 1m 15s
Rendered 1622/3795, time remaining: 1m 15s
Rendered 1623/3795, time remaining: 1m 13s
Rendered 1624/3795, time remaining: 1m 15s
Rendered 1625/3795, time remaining: 1m 14s
Rendered 1626/3795, time remaining: 1m 15s
Rendered 1627/3795, time remaining: 1m 15s
Rendered 1628/3795, time remaining: 1m 13s
Rendered 1629/3795, time remaining: 1m 15s
Rendered 1630/3795, time remaining: 1m 15s
Rendered 1631/3795, time remaining: 1m 15s
Rendered 1632/3795, time remaining: 1m 14s
Rendered 1633/3795, time remaining: 1m 13s
Rendered 1634/3795, time remaining: 1m 13s
Rendered 1635/3795, time remaining: 1m 13s
Rendered 1636/3795, time remaining: 1m 13s
Rendered 1637/3795, time remaining: 1m 13s
Rendered 1638/3795, time remaining: 1m 12s
Rendered 1639/3795, time remaining: 1m 12s
Rendered 1640/3795, time remaining: 1m 12s
Rendered 1641/3795, time remaining: 1m 10s
Rendered 1642/3795, time remaining: 1m 11s
Rendered 1643/3795, time remaining: 1m 10s
Rendered 1644/3795, time remaining: 1m 10s
Rendered 1645/3795, time remaining: 1m 10s
Rendered 1646/3795, time remaining: 1m 9s
Rendered 1647/3795, time remaining: 1m 9s
Rendered 1648/3795, time remaining: 1m 9s
Rendered 1649/3795, time remaining: 1m 9s
Rendered 1650/3795, time remaining: 1m 9s
Rendered 1651/3795, time remaining: 1m 9s
Rendered 1652/3795, time remaining: 1m 8s
Rendered 1653/3795, time remaining: 1m 10s
Rendered 1654/3795, time remaining: 1m 9s
Rendered 1655/3795, time remaining: 1m 8s
Rendered 1656/3795, time remaining: 1m 9s
Rendered 1657/3795, time remaining: 1m 9s
Rendered 1658/3795, time remaining: 1m 9s
Rendered 1659/3795, time remaining: 1m 9s
Rendered 1660/3795, time remaining: 1m 8s
Rendered 1661/3795, time remaining: 1m 8s
Rendered 1662/3795, time remaining: 1m 8s
Rendered 1663/3795, time remaining: 1m 7s
Rendered 1664/3795, time remaining: 1m 7s
Rendered 1665/3795, time remaining: 1m 7s
Rendered 1666/3795, time remaining: 1m 8s
Rendered 1667/3795, time remaining: 1m 10s
Rendered 1668/3795, time remaining: 1m 8s
Rendered 1669/3795, time remaining: 1m 7s
Rendered 1670/3795, time remaining: 1m 6s
Rendered 1671/3795, time remaining: 1m 7s
Rendered 1672/3795, time remaining: 1m 7s
Rendered 1673/3795, time remaining: 1m 7s
Rendered 1674/3795, time remaining: 1m 7s
Rendered 1675/3795, time remaining: 1m 8s
Rendered 1676/3795, time remaining: 1m 8s
Rendered 1677/3795, time remaining: 1m 8s
Rendered 1678/3795, time remaining: 1m 6s
Rendered 1679/3795, time remaining: 1m 7s
Rendered 1680/3795, time remaining: 1m 7s
Rendered 1681/3795, time remaining: 1m 7s
Rendered 1682/3795, time remaining: 1m 8s
Rendered 1683/3795, time remaining: 1m 8s
Rendered 1684/3795, time remaining: 1m 7s
Rendered 1685/3795, time remaining: 1m 8s
Rendered 1686/3795, time remaining: 1m 6s
Rendered 1687/3795, time remaining: 1m 5s
Rendered 1688/3795, time remaining: 1m 6s
Rendered 1689/3795, time remaining: 1m 6s
Rendered 1690/3795, time remaining: 1m 8s
Rendered 1691/3795, time remaining: 1m 8s
Rendered 1692/3795, time remaining: 1m 8s
Rendered 1693/3795, time remaining: 1m 6s
Rendered 1694/3795, time remaining: 1m 7s
Rendered 1695/3795, time remaining: 1m 6s
Rendered 1696/3795, time remaining: 1m 6s
Rendered 1697/3795, time remaining: 1m 7s
Rendered 1698/3795, time remaining: 1m 7s
Rendered 1699/3795, time remaining: 1m 7s
Rendered 1700/3795, time remaining: 1m 7s
Rendered 1701/3795, time remaining: 1m 5s
Rendered 1702/3795, time remaining: 1m 6s
Rendered 1703/3795, time remaining: 1m 6s
Rendered 1704/3795, time remaining: 1m 6s
Rendered 1705/3795, time remaining: 1m 6s
Rendered 1706/3795, time remaining: 1m 7s
Rendered 1707/3795, time remaining: 1m 5s
Rendered 1708/3795, time remaining: 1m 6s
Rendered 1709/3795, time remaining: 1m 6s
Rendered 1710/3795, time remaining: 1m 6s
Rendered 1711/3795, time remaining: 1m 6s
Rendered 1712/3795, time remaining: 1m 6s
Rendered 1713/3795, time remaining: 1m 5s
Rendered 1714/3795, time remaining: 1m 6s
Rendered 1715/3795, time remaining: 1m 6s
Rendered 1716/3795, time remaining: 1m 6s
Rendered 1717/3795, time remaining: 1m 6s
Rendered 1718/3795, time remaining: 1m 6s
Rendered 1719/3795, time remaining: 1m 5s
Rendered 1720/3795, time remaining: 1m 5s
Rendered 1721/3795, time remaining: 1m 5s
Rendered 1722/3795, time remaining: 1m 6s
Rendered 1723/3795, time remaining: 1m 5s
Rendered 1724/3795, time remaining: 1m 5s
Rendered 1725/3795, time remaining: 1m 5s
Rendered 1726/3795, time remaining: 1m 6s
Rendered 1727/3795, time remaining: 1m 6s
Rendered 1728/3795, time remaining: 1m 6s
Rendered 1729/3795, time remaining: 1m 6s
Rendered 1730/3795, time remaining: 1m 5s
Rendered 1731/3795, time remaining: 1m 5s
Rendered 1732/3795, time remaining: 1m 5s
Rendered 1733/3795, time remaining: 1m 6s
Rendered 1734/3795, time remaining: 1m 6s
Rendered 1735/3795, time remaining: 1m 5s
Rendered 1736/3795, time remaining: 1m 6s
Rendered 1737/3795, time remaining: 1m 6s
Rendered 1738/3795, time remaining: 1m 6s
Rendered 1739/3795, time remaining: 1m 4s
Rendered 1740/3795, time remaining: 1m 4s
Rendered 1741/3795, time remaining: 1m 6s
Rendered 1742/3795, time remaining: 1m 5s
Rendered 1743/3795, time remaining: 1m 5s
Rendered 1744/3795, time remaining: 1m 5s
Rendered 1745/3795, time remaining: 1m 5s
Rendered 1746/3795, time remaining: 1m 4s
Rendered 1747/3795, time remaining: 1m 5s
Rendered 1748/3795, time remaining: 1m 5s
Rendered 1749/3795, time remaining: 1m 5s
Rendered 1750/3795, time remaining: 1m 5s
Rendered 1751/3795, time remaining: 1m 4s
Rendered 1752/3795, time remaining: 1m 6s
Rendered 1753/3795, time remaining: 1m 6s
Rendered 1754/3795, time remaining: 1m 5s
Rendered 1755/3795, time remaining: 1m 5s
Rendered 1756/3795, time remaining: 1m 4s
Rendered 1757/3795, time remaining: 1m 6s
Rendered 1758/3795, time remaining: 1m 6s
Rendered 1759/3795, time remaining: 1m 6s
Rendered 1760/3795, time remaining: 1m 5s
Rendered 1761/3795, time remaining: 1m 5s
Rendered 1762/3795, time remaining: 1m 5s
Rendered 1763/3795, time remaining: 1m 5s
Rendered 1764/3795, time remaining: 1m 5s
Rendered 1765/3795, time remaining: 1m 7s
Rendered 1766/3795, time remaining: 1m 7s
Rendered 1767/3795, time remaining: 1m 6s
Rendered 1768/3795, time remaining: 1m 4s
Rendered 1769/3795, time remaining: 1m 4s
Rendered 1770/3795, time remaining: 1m 4s
Rendered 1771/3795, time remaining: 1m 6s
Rendered 1772/3795, time remaining: 1m 6s
Rendered 1773/3795, time remaining: 1m 6s
Rendered 1774/3795, time remaining: 1m 5s
Rendered 1775/3795, time remaining: 1m 6s
Rendered 1776/3795, time remaining: 1m 5s
Rendered 1777/3795, time remaining: 1m 5s
Rendered 1778/3795, time remaining: 1m 5s
Rendered 1779/3795, time remaining: 1m 4s
Rendered 1780/3795, time remaining: 1m 4s
Rendered 1781/3795, time remaining: 1m 5s
Rendered 1782/3795, time remaining: 1m 5s
Rendered 1783/3795, time remaining: 1m 7s
Rendered 1784/3795, time remaining: 1m 7s
Rendered 1785/3795, time remaining: 1m 6s
Rendered 1786/3795, time remaining: 1m 6s
Rendered 1787/3795, time remaining: 1m 6s
Rendered 1788/3795, time remaining: 1m 6s
Rendered 1789/3795, time remaining: 1m 7s
Rendered 1790/3795, time remaining: 1m 7s
Rendered 1791/3795, time remaining: 1m 9s
Rendered 1792/3795, time remaining: 1m 9s
Rendered 1793/3795, time remaining: 1m 9s
Rendered 1794/3795, time remaining: 1m 9s
Rendered 1795/3795, time remaining: 1m 9s
Rendered 1796/3795, time remaining: 1m 9s
Rendered 1797/3795, time remaining: 1m 9s
Rendered 1798/3795, time remaining: 1m 10s
Rendered 1799/3795, time remaining: 1m 12s
Rendered 1800/3795, time remaining: 1m 12s
Rendered 1801/3795, time remaining: 1m 11s
Rendered 1802/3795, time remaining: 1m 11s
Rendered 1803/3795, time remaining: 1m 9s
Rendered 1804/3795, time remaining: 1m 9s
Rendered 1805/3795, time remaining: 1m 9s
Rendered 1806/3795, time remaining: 1m 9s
Rendered 1807/3795, time remaining: 1m 10s
Rendered 1808/3795, time remaining: 1m 10s
Rendered 1809/3795, time remaining: 1m 10s
Rendered 1810/3795, time remaining: 1m 10s
Rendered 1811/3795, time remaining: 1m 10s
Rendered 1812/3795, time remaining: 1m 10s
Rendered 1813/3795, time remaining: 1m 11s
Rendered 1814/3795, time remaining: 1m 12s
Rendered 1815/3795, time remaining: 1m 12s
Rendered 1816/3795, time remaining: 1m 11s
Rendered 1817/3795, time remaining: 1m 9s
Rendered 1818/3795, time remaining: 1m 10s
Rendered 1819/3795, time remaining: 1m 11s
Rendered 1820/3795, time remaining: 1m 11s
Rendered 1821/3795, time remaining: 1m 10s
Rendered 1822/3795, time remaining: 1m 11s
Rendered 1823/3795, time remaining: 1m 12s
Rendered 1824/3795, time remaining: 1m 12s
Rendered 1825/3795, time remaining: 1m 10s
Rendered 1826/3795, time remaining: 1m 9s
Rendered 1827/3795, time remaining: 1m 10s
Rendered 1828/3795, time remaining: 1m 10s
Rendered 1829/3795, time remaining: 1m 9s
Rendered 1830/3795, time remaining: 1m 11s
Rendered 1831/3795, time remaining: 1m 11s
Rendered 1832/3795, time remaining: 1m 10s
Rendered 1833/3795, time remaining: 1m 10s
Rendered 1834/3795, time remaining: 1m 10s
Rendered 1835/3795, time remaining: 1m 9s
Rendered 1836/3795, time remaining: 1m 10s
Rendered 1837/3795, time remaining: 1m 11s
Rendered 1838/3795, time remaining: 1m 11s
Rendered 1839/3795, time remaining: 1m 12s
Rendered 1840/3795, time remaining: 1m 10s
Rendered 1841/3795, time remaining: 1m 11s
Rendered 1842/3795, time remaining: 1m 11s
Rendered 1843/3795, time remaining: 1m 10s
Rendered 1844/3795, time remaining: 1m 9s
Rendered 1845/3795, time remaining: 1m 10s
Rendered 1846/3795, time remaining: 1m 10s
Rendered 1847/3795, time remaining: 1m 10s
Rendered 1848/3795, time remaining: 1m 10s
Rendered 1849/3795, time remaining: 1m 10s
Rendered 1850/3795, time remaining: 1m 10s
Rendered 1851/3795, time remaining: 1m 10s
Rendered 1852/3795, time remaining: 1m 10s
Rendered 1853/3795, time remaining: 1m 10s
Rendered 1854/3795, time remaining: 1m 10s
Rendered 1855/3795, time remaining: 1m 10s
Rendered 1856/3795, time remaining: 1m 10s
Rendered 1857/3795, time remaining: 1m 10s
Rendered 1858/3795, time remaining: 1m 9s
Rendered 1859/3795, time remaining: 1m 9s
Rendered 1860/3795, time remaining: 1m 9s
Rendered 1861/3795, time remaining: 1m 11s
Rendered 1862/3795, time remaining: 1m 11s
Rendered 1863/3795, time remaining: 1m 11s
Rendered 1864/3795, time remaining: 1m 10s
Rendered 1865/3795, time remaining: 1m 10s
Rendered 1866/3795, time remaining: 1m 9s
Rendered 1867/3795, time remaining: 1m 10s
Rendered 1868/3795, time remaining: 1m 10s
Rendered 1869/3795, time remaining: 1m 10s
Rendered 1870/3795, time remaining: 1m 11s
Rendered 1871/3795, time remaining: 1m 10s
Rendered 1872/3795, time remaining: 1m 9s
Rendered 1873/3795, time remaining: 1m 9s
Rendered 1874/3795, time remaining: 1m 9s
Rendered 1875/3795, time remaining: 1m 9s
Rendered 1876/3795, time remaining: 1m 9s
Rendered 1877/3795, time remaining: 1m 10s
Rendered 1878/3795, time remaining: 1m 10s
Rendered 1879/3795, time remaining: 1m 9s
Rendered 1880/3795, time remaining: 1m 9s
Rendered 1881/3795, time remaining: 1m 10s
Rendered 1882/3795, time remaining: 1m 10s
Rendered 1883/3795, time remaining: 1m 8s
Rendered 1884/3795, time remaining: 1m 8s
Rendered 1885/3795, time remaining: 1m 8s
Rendered 1886/3795, time remaining: 1m 10s
Rendered 1887/3795, time remaining: 1m 10s
Rendered 1888/3795, time remaining: 1m 10s
Rendered 1889/3795, time remaining: 1m 10s
Rendered 1890/3795, time remaining: 1m 10s
Rendered 1891/3795, time remaining: 1m 8s
Rendered 1892/3795, time remaining: 1m 9s
Rendered 1893/3795, time remaining: 1m 8s
Rendered 1894/3795, time remaining: 1m 10s
Rendered 1895/3795, time remaining: 1m 10s
Rendered 1896/3795, time remaining: 1m 10s
Rendered 1897/3795, time remaining: 1m 9s
Rendered 1898/3795, time remaining: 1m 9s
Rendered 1899/3795, time remaining: 1m 7s
Rendered 1900/3795, time remaining: 1m 8s
Rendered 1901/3795, time remaining: 1m 9s
Rendered 1902/3795, time remaining: 1m 9s
Rendered 1903/3795, time remaining: 1m 9s
Rendered 1904/3795, time remaining: 1m 9s
Rendered 1905/3795, time remaining: 1m 9s
Rendered 1906/3795, time remaining: 1m 9s
Rendered 1907/3795, time remaining: 1m 8s
Rendered 1908/3795, time remaining: 1m 9s
Rendered 1909/3795, time remaining: 1m 8s
Rendered 1910/3795, time remaining: 1m 8s
Rendered 1911/3795, time remaining: 1m 9s
Rendered 1912/3795, time remaining: 1m 8s
Rendered 1913/3795, time remaining: 1m 9s
Rendered 1914/3795, time remaining: 1m 9s
Rendered 1915/3795, time remaining: 1m 8s
Rendered 1916/3795, time remaining: 1m 8s
Rendered 1917/3795, time remaining: 1m 8s
Rendered 1918/3795, time remaining: 1m 8s
Rendered 1919/3795, time remaining: 1m 8s
Rendered 1920/3795, time remaining: 1m 8s
Rendered 1921/3795, time remaining: 1m 7s
Rendered 1922/3795, time remaining: 1m 8s
Rendered 1923/3795, time remaining: 1m 8s
Rendered 1924/3795, time remaining: 1m 8s
Rendered 1925/3795, time remaining: 1m 7s
Rendered 1926/3795, time remaining: 1m 7s
Rendered 1927/3795, time remaining: 1m 7s
Rendered 1928/3795, time remaining: 1m 7s
Rendered 1929/3795, time remaining: 1m 9s
Rendered 1930/3795, time remaining: 1m 8s
Rendered 1931/3795, time remaining: 1m 8s
Rendered 1932/3795, time remaining: 1m 8s
Rendered 1933/3795, time remaining: 1m 6s
Rendered 1934/3795, time remaining: 1m 7s
Rendered 1935/3795, time remaining: 1m 8s
Rendered 1936/3795, time remaining: 1m 8s
Rendered 1937/3795, time remaining: 1m 8s
Rendered 1938/3795, time remaining: 1m 9s
Rendered 1939/3795, time remaining: 1m 8s
Rendered 1940/3795, time remaining: 1m 8s
Rendered 1941/3795, time remaining: 1m 6s
Rendered 1942/3795, time remaining: 1m 7s
Rendered 1943/3795, time remaining: 1m 7s
Rendered 1944/3795, time remaining: 1m 6s
Rendered 1945/3795, time remaining: 1m 7s
Rendered 1946/3795, time remaining: 1m 8s
Rendered 1947/3795, time remaining: 1m 8s
Rendered 1948/3795, time remaining: 1m 6s
Rendered 1949/3795, time remaining: 1m 4s
Rendered 1950/3795, time remaining: 1m 6s
Rendered 1951/3795, time remaining: 1m 6s
Rendered 1952/3795, time remaining: 1m 6s
Rendered 1953/3795, time remaining: 1m 6s
Rendered 1954/3795, time remaining: 1m 7s
Rendered 1955/3795, time remaining: 1m 7s
Rendered 1956/3795, time remaining: 1m 6s
Rendered 1957/3795, time remaining: 1m 4s
Rendered 1958/3795, time remaining: 1m 6s
Rendered 1959/3795, time remaining: 1m 6s
Rendered 1960/3795, time remaining: 1m 6s
Rendered 1961/3795, time remaining: 1m 6s
Rendered 1962/3795, time remaining: 1m 6s
Rendered 1963/3795, time remaining: 1m 5s
Rendered 1964/3795, time remaining: 1m 5s
Rendered 1965/3795, time remaining: 1m 5s
Rendered 1966/3795, time remaining: 1m 5s
Rendered 1967/3795, time remaining: 1m 5s
Rendered 1968/3795, time remaining: 1m 6s
Rendered 1969/3795, time remaining: 1m 5s
Rendered 1970/3795, time remaining: 1m 5s
Rendered 1971/3795, time remaining: 1m 5s
Rendered 1972/3795, time remaining: 1m 4s
Rendered 1973/3795, time remaining: 1m 5s
Rendered 1974/3795, time remaining: 1m 5s
Rendered 1975/3795, time remaining: 1m 5s
Rendered 1976/3795, time remaining: 1m 5s
Rendered 1977/3795, time remaining: 1m 5s
Rendered 1978/3795, time remaining: 1m 5s
Rendered 1979/3795, time remaining: 1m 6s
Rendered 1980/3795, time remaining: 1m 4s
Rendered 1981/3795, time remaining: 1m 4s
Rendered 1982/3795, time remaining: 1m 4s
Rendered 1983/3795, time remaining: 1m 4s
Rendered 1984/3795, time remaining: 1m 4s
Rendered 1985/3795, time remaining: 1m 6s
Rendered 1986/3795, time remaining: 1m 5s
Rendered 1987/3795, time remaining: 1m 4s
Rendered 1988/3795, time remaining: 1m 4s
Rendered 1989/3795, time remaining: 1m 3s
Rendered 1990/3795, time remaining: 1m 4s
Rendered 1991/3795, time remaining: 1m 3s
Rendered 1992/3795, time remaining: 1m 3s
Rendered 1993/3795, time remaining: 1m 4s
Rendered 1994/3795, time remaining: 1m 4s
Rendered 1995/3795, time remaining: 1m 4s
Rendered 1996/3795, time remaining: 1m 4s
Rendered 1997/3795, time remaining: 1m 4s
Rendered 1998/3795, time remaining: 1m 4s
Rendered 1999/3795, time remaining: 1m 4s
Rendered 2000/3795, time remaining: 1m 4s
Rendered 2001/3795, time remaining: 1m 4s
Rendered 2002/3795, time remaining: 1m 3s
Rendered 2003/3795, time remaining: 1m 3s
Rendered 2004/3795, time remaining: 1m 4s
Rendered 2005/3795, time remaining: 1m 3s
Rendered 2006/3795, time remaining: 1m 4s
Rendered 2007/3795, time remaining: 1m 3s
Rendered 2008/3795, time remaining: 1m 3s
Rendered 2009/3795, time remaining: 1m 4s
Rendered 2010/3795, time remaining: 1m 4s
Rendered 2011/3795, time remaining: 1m 3s
Rendered 2012/3795, time remaining: 1m 3s
Rendered 2013/3795, time remaining: 1m 2s
Rendered 2014/3795, time remaining: 1m 4s
Rendered 2015/3795, time remaining: 1m 3s
Rendered 2016/3795, time remaining: 1m 3s
Rendered 2017/3795, time remaining: 1m 2s
Rendered 2018/3795, time remaining: 1m 3s
Rendered 2019/3795, time remaining: 1m 3s
Rendered 2020/3795, time remaining: 1m 3s
Rendered 2021/3795, time remaining: 1m 2s
Rendered 2022/3795, time remaining: 1m 2s
Rendered 2023/3795, time remaining: 1m 2s
Rendered 2024/3795, time remaining: 1m 2s
Rendered 2025/3795, time remaining: 1m 4s
Rendered 2026/3795, time remaining: 1m 4s
Rendered 2027/3795, time remaining: 1m 1s
Rendered 2028/3795, time remaining: 1m 2s
Rendered 2029/3795, time remaining: 1m 2s
Rendered 2030/3795, time remaining: 1m 3s
Rendered 2031/3795, time remaining: 1m 2s
Rendered 2032/3795, time remaining: 1m 2s
Rendered 2033/3795, time remaining: 1m 3s
Rendered 2034/3795, time remaining: 1m 2s
Rendered 2035/3795, time remaining: 1m 3s
Rendered 2036/3795, time remaining: 1m 1s
Rendered 2037/3795, time remaining: 1m 1s
Rendered 2038/3795, time remaining: 1m 1s
Rendered 2039/3795, time remaining: 1m 1s
Rendered 2040/3795, time remaining: 1m 2s
Rendered 2041/3795, time remaining: 1m 4s
Rendered 2042/3795, time remaining: 1m 3s
Rendered 2043/3795, time remaining: 1m 3s
Rendered 2044/3795, time remaining: 1m 1s
Rendered 2045/3795, time remaining: 1m 1s
Rendered 2046/3795, time remaining: 1m 1s
Rendered 2047/3795, time remaining: 1m 1s
Rendered 2048/3795, time remaining: 1m 2s
Rendered 2049/3795, time remaining: 1m 3s
Rendered 2050/3795, time remaining: 1m 3s
Rendered 2051/3795, time remaining: 1m 2s
Rendered 2052/3795, time remaining: 1m 1s
Rendered 2053/3795, time remaining: 1m 1s
Rendered 2054/3795, time remaining: 1m 1s
Rendered 2055/3795, time remaining: 1m 1s
Rendered 2056/3795, time remaining: 1m 2s
Rendered 2057/3795, time remaining: 1m 1s
Rendered 2058/3795, time remaining: 1m 1s
Rendered 2059/3795, time remaining: 1m 1s
Rendered 2060/3795, time remaining: 1m 1s
Rendered 2061/3795, time remaining: 1m 1s
Rendered 2062/3795, time remaining: 1m 2s
Rendered 2063/3795, time remaining: 1m 1s
Rendered 2064/3795, time remaining: 1m 1s
Rendered 2065/3795, time remaining: 1m 0s
Rendered 2066/3795, time remaining: 1m 0s
Rendered 2067/3795, time remaining: 1m 0s
Rendered 2068/3795, time remaining: 1m 1s
Rendered 2069/3795, time remaining: 1m 1s
Rendered 2070/3795, time remaining: 1m 1s
Rendered 2071/3795, time remaining: 1m 0s
Rendered 2072/3795, time remaining: 1m 1s
Rendered 2073/3795, time remaining: 1m 1s
Rendered 2074/3795, time remaining: 1m 1s
Rendered 2075/3795, time remaining: 1m 1s
Rendered 2076/3795, time remaining: 1m 1s
Rendered 2077/3795, time remaining: 1m 0s
Rendered 2078/3795, time remaining: 1m 0s
Rendered 2079/3795, time remaining: 1m 0s
Rendered 2080/3795, time remaining: 1m 1s
Rendered 2081/3795, time remaining: 1m 0s
Rendered 2082/3795, time remaining: 1m 0s
Rendered 2083/3795, time remaining: 1m 1s
Rendered 2084/3795, time remaining: 1m 0s
Rendered 2085/3795, time remaining: 59s
Rendered 2086/3795, time remaining: 59s
Rendered 2087/3795, time remaining: 59s
Rendered 2088/3795, time remaining: 59s
Rendered 2089/3795, time remaining: 1m 0s
Rendered 2090/3795, time remaining: 1m 0s
Rendered 2091/3795, time remaining: 1m 1s
Rendered 2092/3795, time remaining: 1m 0s
Rendered 2093/3795, time remaining: 59s
Rendered 2094/3795, time remaining: 1m 1s
Rendered 2095/3795, time remaining: 1m 0s
Rendered 2096/3795, time remaining: 1m 0s
Rendered 2097/3795, time remaining: 1m 0s
Rendered 2098/3795, time remaining: 1m 1s
Rendered 2099/3795, time remaining: 1m 1s
Rendered 2100/3795, time remaining: 1m 0s
Rendered 2101/3795, time remaining: 1m 0s
Rendered 2102/3795, time remaining: 1m 1s
Rendered 2103/3795, time remaining: 1m 1s
Rendered 2104/3795, time remaining: 1m 1s
Rendered 2105/3795, time remaining: 1m 0s
Rendered 2106/3795, time remaining: 1m 0s
Rendered 2107/3795, time remaining: 1m 0s
Rendered 2108/3795, time remaining: 1m 0s
Rendered 2109/3795, time remaining: 1m 0s
Rendered 2110/3795, time remaining: 1m 0s
Rendered 2111/3795, time remaining: 1m 0s
Rendered 2112/3795, time remaining: 1m 1s
Rendered 2113/3795, time remaining: 1m 1s
Rendered 2114/3795, time remaining: 1m 0s
Rendered 2115/3795, time remaining: 1m 0s
Rendered 2116/3795, time remaining: 1m 1s
Rendered 2117/3795, time remaining: 1m 1s
Rendered 2118/3795, time remaining: 1m 0s
Rendered 2119/3795, time remaining: 59s
Rendered 2120/3795, time remaining: 1m 0s
Rendered 2121/3795, time remaining: 1m 0s
Rendered 2122/3795, time remaining: 1m 0s
Rendered 2123/3795, time remaining: 1m 0s
Rendered 2124/3795, time remaining: 1m 1s
Rendered 2125/3795, time remaining: 1m 1s
Rendered 2126/3795, time remaining: 1m 1s
Rendered 2127/3795, time remaining: 59s
Rendered 2128/3795, time remaining: 1m 0s
Rendered 2129/3795, time remaining: 59s
Rendered 2130/3795, time remaining: 59s
Rendered 2131/3795, time remaining: 1m 0s
Rendered 2132/3795, time remaining: 1m 0s
Rendered 2133/3795, time remaining: 1m 0s
Rendered 2134/3795, time remaining: 1m 0s
Rendered 2135/3795, time remaining: 59s
Rendered 2136/3795, time remaining: 59s
Rendered 2137/3795, time remaining: 59s
Rendered 2138/3795, time remaining: 1m 0s
Rendered 2139/3795, time remaining: 1m 0s
Rendered 2140/3795, time remaining: 1m 0s
Rendered 2141/3795, time remaining: 1m 0s
Rendered 2142/3795, time remaining: 59s
Rendered 2143/3795, time remaining: 59s
Rendered 2144/3795, time remaining: 1m 0s
Rendered 2145/3795, time remaining: 1m 0s
Rendered 2146/3795, time remaining: 59s
Rendered 2147/3795, time remaining: 59s
Rendered 2148/3795, time remaining: 58s
Rendered 2149/3795, time remaining: 58s
Rendered 2150/3795, time remaining: 58s
Rendered 2151/3795, time remaining: 59s
Rendered 2152/3795, time remaining: 1m 0s
Rendered 2153/3795, time remaining: 59s
Rendered 2154/3795, time remaining: 59s
Rendered 2155/3795, time remaining: 59s
Rendered 2156/3795, time remaining: 58s
Rendered 2157/3795, time remaining: 58s
Rendered 2158/3795, time remaining: 59s
Rendered 2159/3795, time remaining: 59s
Rendered 2160/3795, time remaining: 59s
Rendered 2161/3795, time remaining: 59s
Rendered 2162/3795, time remaining: 59s
Rendered 2163/3795, time remaining: 58s
Rendered 2164/3795, time remaining: 58s
Rendered 2165/3795, time remaining: 58s
Rendered 2166/3795, time remaining: 58s
Rendered 2167/3795, time remaining: 58s
Rendered 2168/3795, time remaining: 58s
Rendered 2169/3795, time remaining: 59s
Rendered 2170/3795, time remaining: 58s
Rendered 2171/3795, time remaining: 58s
Rendered 2172/3795, time remaining: 58s
Rendered 2173/3795, time remaining: 58s
Rendered 2174/3795, time remaining: 59s
Rendered 2175/3795, time remaining: 57s
Rendered 2176/3795, time remaining: 58s
Rendered 2177/3795, time remaining: 58s
Rendered 2178/3795, time remaining: 57s
Rendered 2179/3795, time remaining: 58s
Rendered 2180/3795, time remaining: 57s
Rendered 2181/3795, time remaining: 58s
Rendered 2182/3795, time remaining: 58s
Rendered 2183/3795, time remaining: 57s
Rendered 2184/3795, time remaining: 58s
Rendered 2185/3795, time remaining: 57s
Rendered 2186/3795, time remaining: 57s
Rendered 2187/3795, time remaining: 57s
Rendered 2188/3795, time remaining: 57s
Rendered 2189/3795, time remaining: 58s
Rendered 2190/3795, time remaining: 57s
Rendered 2191/3795, time remaining: 56s
Rendered 2192/3795, time remaining: 57s
Rendered 2193/3795, time remaining: 57s
Rendered 2194/3795, time remaining: 57s
Rendered 2195/3795, time remaining: 57s
Rendered 2196/3795, time remaining: 57s
Rendered 2197/3795, time remaining: 57s
Rendered 2198/3795, time remaining: 57s
Rendered 2199/3795, time remaining: 56s
Rendered 2200/3795, time remaining: 56s
Rendered 2201/3795, time remaining: 56s
Rendered 2202/3795, time remaining: 56s
Rendered 2203/3795, time remaining: 57s
Rendered 2204/3795, time remaining: 56s
Rendered 2205/3795, time remaining: 56s
Rendered 2206/3795, time remaining: 55s
Rendered 2207/3795, time remaining: 56s
Rendered 2208/3795, time remaining: 55s
Rendered 2209/3795, time remaining: 56s
Rendered 2210/3795, time remaining: 56s
Rendered 2211/3795, time remaining: 56s
Rendered 2212/3795, time remaining: 56s
Rendered 2213/3795, time remaining: 55s
Rendered 2214/3795, time remaining: 55s
Rendered 2215/3795, time remaining: 55s
Rendered 2216/3795, time remaining: 55s
Rendered 2217/3795, time remaining: 56s
Rendered 2218/3795, time remaining: 56s
Rendered 2219/3795, time remaining: 55s
Rendered 2220/3795, time remaining: 55s
Rendered 2221/3795, time remaining: 55s
Rendered 2222/3795, time remaining: 55s
Rendered 2223/3795, time remaining: 55s
Rendered 2224/3795, time remaining: 54s
Rendered 2225/3795, time remaining: 55s
Rendered 2226/3795, time remaining: 55s
Rendered 2227/3795, time remaining: 55s
Rendered 2228/3795, time remaining: 55s
Rendered 2229/3795, time remaining: 55s
Rendered 2230/3795, time remaining: 54s
Rendered 2231/3795, time remaining: 55s
Rendered 2232/3795, time remaining: 55s
Rendered 2233/3795, time remaining: 54s
Rendered 2234/3795, time remaining: 54s
Rendered 2235/3795, time remaining: 54s
Rendered 2236/3795, time remaining: 55s
Rendered 2237/3795, time remaining: 55s
Rendered 2238/3795, time remaining: 54s
Rendered 2239/3795, time remaining: 53s
Rendered 2240/3795, time remaining: 54s
Rendered 2241/3795, time remaining: 54s
Rendered 2242/3795, time remaining: 54s
Rendered 2243/3795, time remaining: 54s
Rendered 2244/3795, time remaining: 53s
Rendered 2245/3795, time remaining: 53s
Rendered 2246/3795, time remaining: 53s
Rendered 2247/3795, time remaining: 53s
Rendered 2248/3795, time remaining: 52s
Rendered 2249/3795, time remaining: 52s
Rendered 2250/3795, time remaining: 53s
Rendered 2251/3795, time remaining: 53s
Rendered 2252/3795, time remaining: 53s
Rendered 2253/3795, time remaining: 53s
Rendered 2254/3795, time remaining: 52s
Rendered 2255/3795, time remaining: 52s
Rendered 2256/3795, time remaining: 52s
Rendered 2257/3795, time remaining: 53s
Rendered 2258/3795, time remaining: 52s
Rendered 2259/3795, time remaining: 51s
Rendered 2260/3795, time remaining: 52s
Rendered 2261/3795, time remaining: 52s
Rendered 2262/3795, time remaining: 51s
Rendered 2263/3795, time remaining: 51s
Rendered 2264/3795, time remaining: 51s
Rendered 2265/3795, time remaining: 52s
Rendered 2266/3795, time remaining: 51s
Rendered 2267/3795, time remaining: 51s
Rendered 2268/3795, time remaining: 51s
Rendered 2269/3795, time remaining: 52s
Rendered 2270/3795, time remaining: 51s
Rendered 2271/3795, time remaining: 51s
Rendered 2272/3795, time remaining: 52s
Rendered 2273/3795, time remaining: 52s
Rendered 2274/3795, time remaining: 51s
Rendered 2275/3795, time remaining: 51s
Rendered 2276/3795, time remaining: 51s
Rendered 2277/3795, time remaining: 51s
Rendered 2278/3795, time remaining: 51s
Rendered 2279/3795, time remaining: 51s
Rendered 2280/3795, time remaining: 51s
Rendered 2281/3795, time remaining: 51s
Rendered 2282/3795, time remaining: 50s
Rendered 2283/3795, time remaining: 51s
Rendered 2284/3795, time remaining: 51s
Rendered 2285/3795, time remaining: 51s
Rendered 2286/3795, time remaining: 50s
Rendered 2287/3795, time remaining: 51s
Rendered 2288/3795, time remaining: 50s
Rendered 2289/3795, time remaining: 51s
Rendered 2290/3795, time remaining: 50s
Rendered 2291/3795, time remaining: 50s
Rendered 2292/3795, time remaining: 50s
Rendered 2293/3795, time remaining: 51s
Rendered 2294/3795, time remaining: 50s
Rendered 2295/3795, time remaining: 50s
Rendered 2296/3795, time remaining: 50s
Rendered 2297/3795, time remaining: 50s
Rendered 2298/3795, time remaining: 50s
Rendered 2299/3795, time remaining: 50s
Rendered 2300/3795, time remaining: 50s
Rendered 2301/3795, time remaining: 51s
Rendered 2302/3795, time remaining: 50s
Rendered 2303/3795, time remaining: 50s
Rendered 2304/3795, time remaining: 49s
Rendered 2305/3795, time remaining: 49s
Rendered 2306/3795, time remaining: 49s
Rendered 2307/3795, time remaining: 49s
Rendered 2308/3795, time remaining: 50s
Rendered 2309/3795, time remaining: 51s
Rendered 2310/3795, time remaining: 50s
Rendered 2311/3795, time remaining: 50s
Rendered 2312/3795, time remaining: 49s
Rendered 2313/3795, time remaining: 49s
Rendered 2314/3795, time remaining: 49s
Rendered 2315/3795, time remaining: 49s
Rendered 2316/3795, time remaining: 50s
Rendered 2317/3795, time remaining: 51s
Rendered 2318/3795, time remaining: 50s
Rendered 2319/3795, time remaining: 50s
Rendered 2320/3795, time remaining: 50s
Rendered 2321/3795, time remaining: 49s
Rendered 2322/3795, time remaining: 49s
Rendered 2323/3795, time remaining: 49s
Rendered 2324/3795, time remaining: 50s
Rendered 2325/3795, time remaining: 50s
Rendered 2326/3795, time remaining: 49s
Rendered 2327/3795, time remaining: 49s
Rendered 2328/3795, time remaining: 49s
Rendered 2329/3795, time remaining: 49s
Rendered 2330/3795, time remaining: 49s
Rendered 2331/3795, time remaining: 49s
Rendered 2332/3795, time remaining: 49s
Rendered 2333/3795, time remaining: 49s
Rendered 2334/3795, time remaining: 49s
Rendered 2335/3795, time remaining: 49s
Rendered 2336/3795, time remaining: 49s
Rendered 2337/3795, time remaining: 48s
Rendered 2338/3795, time remaining: 49s
Rendered 2339/3795, time remaining: 49s
Rendered 2340/3795, time remaining: 49s
Rendered 2341/3795, time remaining: 50s
Rendered 2342/3795, time remaining: 48s
Rendered 2343/3795, time remaining: 48s
Rendered 2344/3795, time remaining: 48s
Rendered 2345/3795, time remaining: 48s
Rendered 2346/3795, time remaining: 48s
Rendered 2347/3795, time remaining: 48s
Rendered 2348/3795, time remaining: 49s
Rendered 2349/3795, time remaining: 48s
Rendered 2350/3795, time remaining: 49s
Rendered 2351/3795, time remaining: 48s
Rendered 2352/3795, time remaining: 48s
Rendered 2353/3795, time remaining: 47s
Rendered 2354/3795, time remaining: 49s
Rendered 2355/3795, time remaining: 49s
Rendered 2356/3795, time remaining: 49s
Rendered 2357/3795, time remaining: 48s
Rendered 2358/3795, time remaining: 48s
Rendered 2359/3795, time remaining: 48s
Rendered 2360/3795, time remaining: 49s
Rendered 2361/3795, time remaining: 48s
Rendered 2362/3795, time remaining: 47s
Rendered 2363/3795, time remaining: 47s
Rendered 2364/3795, time remaining: 48s
Rendered 2365/3795, time remaining: 48s
Rendered 2366/3795, time remaining: 49s
Rendered 2367/3795, time remaining: 47s
Rendered 2368/3795, time remaining: 47s
Rendered 2369/3795, time remaining: 47s
Rendered 2370/3795, time remaining: 48s
Rendered 2371/3795, time remaining: 48s
Rendered 2372/3795, time remaining: 48s
Rendered 2373/3795, time remaining: 48s
Rendered 2374/3795, time remaining: 48s
Rendered 2375/3795, time remaining: 47s
Rendered 2376/3795, time remaining: 47s
Rendered 2377/3795, time remaining: 47s
Rendered 2378/3795, time remaining: 47s
Rendered 2379/3795, time remaining: 47s
Rendered 2380/3795, time remaining: 47s
Rendered 2381/3795, time remaining: 47s
Rendered 2382/3795, time remaining: 48s
Rendered 2383/3795, time remaining: 47s
Rendered 2384/3795, time remaining: 47s
Rendered 2385/3795, time remaining: 47s
Rendered 2386/3795, time remaining: 47s
Rendered 2387/3795, time remaining: 47s
Rendered 2388/3795, time remaining: 47s
Rendered 2389/3795, time remaining: 47s
Rendered 2390/3795, time remaining: 46s
Rendered 2391/3795, time remaining: 47s
Rendered 2392/3795, time remaining: 47s
Rendered 2393/3795, time remaining: 47s
Rendered 2394/3795, time remaining: 47s
Rendered 2395/3795, time remaining: 46s
Rendered 2396/3795, time remaining: 46s
Rendered 2397/3795, time remaining: 47s
Rendered 2398/3795, time remaining: 47s
Rendered 2399/3795, time remaining: 47s
Rendered 2400/3795, time remaining: 47s
Rendered 2401/3795, time remaining: 47s
Rendered 2402/3795, time remaining: 46s
Rendered 2403/3795, time remaining: 46s
Rendered 2404/3795, time remaining: 46s
Rendered 2405/3795, time remaining: 46s
Rendered 2406/3795, time remaining: 46s
Rendered 2407/3795, time remaining: 46s
Rendered 2408/3795, time remaining: 47s
Rendered 2409/3795, time remaining: 47s
Rendered 2410/3795, time remaining: 46s
Rendered 2411/3795, time remaining: 46s
Rendered 2412/3795, time remaining: 46s
Rendered 2413/3795, time remaining: 46s
Rendered 2414/3795, time remaining: 46s
Rendered 2415/3795, time remaining: 45s
Rendered 2416/3795, time remaining: 46s
Rendered 2417/3795, time remaining: 46s
Rendered 2418/3795, time remaining: 46s
Rendered 2419/3795, time remaining: 46s
Rendered 2420/3795, time remaining: 46s
Rendered 2421/3795, time remaining: 46s
Rendered 2422/3795, time remaining: 45s
Rendered 2423/3795, time remaining: 45s
Rendered 2424/3795, time remaining: 46s
Rendered 2425/3795, time remaining: 46s
Rendered 2426/3795, time remaining: 46s
Rendered 2427/3795, time remaining: 45s
Rendered 2428/3795, time remaining: 45s
Rendered 2429/3795, time remaining: 46s
Rendered 2430/3795, time remaining: 46s
Rendered 2431/3795, time remaining: 45s
Rendered 2432/3795, time remaining: 46s
Rendered 2433/3795, time remaining: 46s
Rendered 2434/3795, time remaining: 46s
Rendered 2435/3795, time remaining: 46s
Rendered 2436/3795, time remaining: 46s
Rendered 2437/3795, time remaining: 45s
Rendered 2438/3795, time remaining: 45s
Rendered 2439/3795, time remaining: 45s
Rendered 2440/3795, time remaining: 46s
Rendered 2441/3795, time remaining: 46s
Rendered 2442/3795, time remaining: 46s
Rendered 2443/3795, time remaining: 45s
Rendered 2444/3795, time remaining: 45s
Rendered 2445/3795, time remaining: 45s
Rendered 2446/3795, time remaining: 45s
Rendered 2447/3795, time remaining: 45s
Rendered 2448/3795, time remaining: 46s
Rendered 2449/3795, time remaining: 47s
Rendered 2450/3795, time remaining: 47s
Rendered 2451/3795, time remaining: 45s
Rendered 2452/3795, time remaining: 45s
Rendered 2453/3795, time remaining: 45s
Rendered 2454/3795, time remaining: 45s
Rendered 2455/3795, time remaining: 45s
Rendered 2456/3795, time remaining: 46s
Rendered 2457/3795, time remaining: 46s
Rendered 2458/3795, time remaining: 45s
Rendered 2459/3795, time remaining: 45s
Rendered 2460/3795, time remaining: 44s
Rendered 2461/3795, time remaining: 45s
Rendered 2462/3795, time remaining: 45s
Rendered 2463/3795, time remaining: 45s
Rendered 2464/3795, time remaining: 45s
Rendered 2465/3795, time remaining: 45s
Rendered 2466/3795, time remaining: 45s
Rendered 2467/3795, time remaining: 45s
Rendered 2468/3795, time remaining: 44s
Rendered 2469/3795, time remaining: 44s
Rendered 2470/3795, time remaining: 44s
Rendered 2471/3795, time remaining: 44s
Rendered 2472/3795, time remaining: 45s
Rendered 2473/3795, time remaining: 45s
Rendered 2474/3795, time remaining: 44s
Rendered 2475/3795, time remaining: 44s
Rendered 2476/3795, time remaining: 44s
Rendered 2477/3795, time remaining: 44s
Rendered 2478/3795, time remaining: 44s
Rendered 2479/3795, time remaining: 44s
Rendered 2480/3795, time remaining: 44s
Rendered 2481/3795, time remaining: 44s
Rendered 2482/3795, time remaining: 44s
Rendered 2483/3795, time remaining: 44s
Rendered 2484/3795, time remaining: 44s
Rendered 2485/3795, time remaining: 44s
Rendered 2486/3795, time remaining: 44s
Rendered 2487/3795, time remaining: 44s
Rendered 2488/3795, time remaining: 44s
Rendered 2489/3795, time remaining: 44s
Rendered 2490/3795, time remaining: 43s
Rendered 2491/3795, time remaining: 43s
Rendered 2492/3795, time remaining: 44s
Rendered 2493/3795, time remaining: 44s
Rendered 2494/3795, time remaining: 44s
Rendered 2495/3795, time remaining: 44s
Rendered 2496/3795, time remaining: 44s
Rendered 2497/3795, time remaining: 44s
Rendered 2498/3795, time remaining: 43s
Rendered 2499/3795, time remaining: 44s
Rendered 2500/3795, time remaining: 44s
Rendered 2501/3795, time remaining: 44s
Rendered 2502/3795, time remaining: 44s
Rendered 2503/3795, time remaining: 44s
Rendered 2504/3795, time remaining: 43s
Rendered 2505/3795, time remaining: 43s
Rendered 2506/3795, time remaining: 44s
Rendered 2507/3795, time remaining: 44s
Rendered 2508/3795, time remaining: 44s
Rendered 2509/3795, time remaining: 44s
Rendered 2510/3795, time remaining: 43s
Rendered 2511/3795, time remaining: 43s
Rendered 2512/3795, time remaining: 43s
Rendered 2513/3795, time remaining: 44s
Rendered 2514/3795, time remaining: 43s
Rendered 2515/3795, time remaining: 44s
Rendered 2516/3795, time remaining: 44s
Rendered 2517/3795, time remaining: 44s
Rendered 2518/3795, time remaining: 43s
Rendered 2519/3795, time remaining: 43s
Rendered 2520/3795, time remaining: 43s
Rendered 2521/3795, time remaining: 44s
Rendered 2522/3795, time remaining: 43s
Rendered 2523/3795, time remaining: 43s
Rendered 2524/3795, time remaining: 43s
Rendered 2525/3795, time remaining: 43s
Rendered 2526/3795, time remaining: 43s
Rendered 2527/3795, time remaining: 43s
Rendered 2528/3795, time remaining: 43s
Rendered 2529/3795, time remaining: 44s
Rendered 2530/3795, time remaining: 43s
Rendered 2531/3795, time remaining: 43s
Rendered 2532/3795, time remaining: 43s
Rendered 2533/3795, time remaining: 43s
Rendered 2534/3795, time remaining: 43s
Rendered 2535/3795, time remaining: 43s
Rendered 2536/3795, time remaining: 43s
Rendered 2537/3795, time remaining: 43s
Rendered 2538/3795, time remaining: 43s
Rendered 2539/3795, time remaining: 43s
Rendered 2540/3795, time remaining: 43s
Rendered 2541/3795, time remaining: 43s
Rendered 2542/3795, time remaining: 42s
Rendered 2543/3795, time remaining: 42s
Rendered 2544/3795, time remaining: 43s
Rendered 2545/3795, time remaining: 43s
Rendered 2546/3795, time remaining: 44s
Rendered 2547/3795, time remaining: 43s
Rendered 2548/3795, time remaining: 43s
Rendered 2549/3795, time remaining: 43s
Rendered 2550/3795, time remaining: 42s
Rendered 2551/3795, time remaining: 42s
Rendered 2552/3795, time remaining: 43s
Rendered 2553/3795, time remaining: 43s
Rendered 2554/3795, time remaining: 43s
Rendered 2555/3795, time remaining: 42s
Rendered 2556/3795, time remaining: 42s
Rendered 2557/3795, time remaining: 43s
Rendered 2558/3795, time remaining: 42s
Rendered 2559/3795, time remaining: 42s
Rendered 2560/3795, time remaining: 43s
Rendered 2561/3795, time remaining: 43s
Rendered 2562/3795, time remaining: 43s
Rendered 2563/3795, time remaining: 42s
Rendered 2564/3795, time remaining: 43s
Rendered 2565/3795, time remaining: 43s
Rendered 2566/3795, time remaining: 42s
Rendered 2567/3795, time remaining: 42s
Rendered 2568/3795, time remaining: 43s
Rendered 2569/3795, time remaining: 43s
Rendered 2570/3795, time remaining: 43s
Rendered 2571/3795, time remaining: 43s
Rendered 2572/3795, time remaining: 43s
Rendered 2573/3795, time remaining: 43s
Rendered 2574/3795, time remaining: 41s
Rendered 2575/3795, time remaining: 42s
Rendered 2576/3795, time remaining: 43s
Rendered 2577/3795, time remaining: 43s
Rendered 2578/3795, time remaining: 43s
Rendered 2579/3795, time remaining: 43s
Rendered 2580/3795, time remaining: 43s
Rendered 2581/3795, time remaining: 42s
Rendered 2582/3795, time remaining: 41s
Rendered 2583/3795, time remaining: 42s
Rendered 2584/3795, time remaining: 42s
Rendered 2585/3795, time remaining: 42s
Rendered 2586/3795, time remaining: 42s
Rendered 2587/3795, time remaining: 42s
Rendered 2588/3795, time remaining: 43s
Rendered 2589/3795, time remaining: 42s
Rendered 2590/3795, time remaining: 41s
Rendered 2591/3795, time remaining: 42s
Rendered 2592/3795, time remaining: 42s
Rendered 2593/3795, time remaining: 41s
Rendered 2594/3795, time remaining: 41s
Rendered 2595/3795, time remaining: 42s
Rendered 2596/3795, time remaining: 42s
Rendered 2597/3795, time remaining: 42s
Rendered 2598/3795, time remaining: 41s
Rendered 2599/3795, time remaining: 41s
Rendered 2600/3795, time remaining: 41s
Rendered 2601/3795, time remaining: 41s
Rendered 2602/3795, time remaining: 41s
Rendered 2603/3795, time remaining: 42s
Rendered 2604/3795, time remaining: 42s
Rendered 2605/3795, time remaining: 42s
Rendered 2606/3795, time remaining: 41s
Rendered 2607/3795, time remaining: 41s
Rendered 2608/3795, time remaining: 42s
Rendered 2609/3795, time remaining: 41s
Rendered 2610/3795, time remaining: 41s
Rendered 2611/3795, time remaining: 41s
Rendered 2612/3795, time remaining: 41s
Rendered 2613/3795, time remaining: 42s
Rendered 2614/3795, time remaining: 42s
Rendered 2615/3795, time remaining: 41s
Rendered 2616/3795, time remaining: 41s
Rendered 2617/3795, time remaining: 41s
Rendered 2618/3795, time remaining: 41s
Rendered 2619/3795, time remaining: 41s
Rendered 2620/3795, time remaining: 41s
Rendered 2621/3795, time remaining: 42s
Rendered 2622/3795, time remaining: 41s
Rendered 2623/3795, time remaining: 41s
Rendered 2624/3795, time remaining: 41s
Rendered 2625/3795, time remaining: 41s
Rendered 2626/3795, time remaining: 41s
Rendered 2627/3795, time remaining: 41s
Rendered 2628/3795, time remaining: 42s
Rendered 2629/3795, time remaining: 42s
Rendered 2630/3795, time remaining: 41s
Rendered 2631/3795, time remaining: 41s
Rendered 2632/3795, time remaining: 40s
Rendered 2633/3795, time remaining: 41s
Rendered 2634/3795, time remaining: 41s
Rendered 2635/3795, time remaining: 41s
Rendered 2636/3795, time remaining: 41s
Rendered 2637/3795, time remaining: 41s
Rendered 2638/3795, time remaining: 40s
Rendered 2639/3795, time remaining: 40s
Rendered 2640/3795, time remaining: 41s
Rendered 2641/3795, time remaining: 42s
Rendered 2642/3795, time remaining: 41s
Rendered 2643/3795, time remaining: 41s
Rendered 2644/3795, time remaining: 41s
Rendered 2645/3795, time remaining: 41s
Rendered 2646/3795, time remaining: 40s
Rendered 2647/3795, time remaining: 41s
Rendered 2648/3795, time remaining: 41s
Rendered 2649/3795, time remaining: 41s
Rendered 2650/3795, time remaining: 40s
Rendered 2651/3795, time remaining: 40s
Rendered 2652/3795, time remaining: 41s
Rendered 2653/3795, time remaining: 41s
Rendered 2654/3795, time remaining: 41s
Rendered 2655/3795, time remaining: 41s
Rendered 2656/3795, time remaining: 40s
Rendered 2657/3795, time remaining: 40s
Rendered 2658/3795, time remaining: 40s
Rendered 2659/3795, time remaining: 40s
Rendered 2660/3795, time remaining: 40s
Rendered 2661/3795, time remaining: 40s
Rendered 2662/3795, time remaining: 40s
Rendered 2663/3795, time remaining: 40s
Rendered 2664/3795, time remaining: 40s
Rendered 2665/3795, time remaining: 40s
Rendered 2666/3795, time remaining: 40s
Rendered 2667/3795, time remaining: 40s
Rendered 2668/3795, time remaining: 40s
Rendered 2669/3795, time remaining: 40s
Rendered 2670/3795, time remaining: 40s
Rendered 2671/3795, time remaining: 39s
Rendered 2672/3795, time remaining: 40s
Rendered 2673/3795, time remaining: 40s
Rendered 2674/3795, time remaining: 40s
Rendered 2675/3795, time remaining: 40s
Rendered 2676/3795, time remaining: 40s
Rendered 2677/3795, time remaining: 40s
Rendered 2678/3795, time remaining: 39s
Rendered 2679/3795, time remaining: 39s
Rendered 2680/3795, time remaining: 39s
Rendered 2681/3795, time remaining: 39s
Rendered 2682/3795, time remaining: 40s
Rendered 2683/3795, time remaining: 40s
Rendered 2684/3795, time remaining: 40s
Rendered 2685/3795, time remaining: 40s
Rendered 2686/3795, time remaining: 39s
Rendered 2687/3795, time remaining: 40s
Rendered 2688/3795, time remaining: 40s
Rendered 2689/3795, time remaining: 40s
Rendered 2690/3795, time remaining: 40s
Rendered 2691/3795, time remaining: 39s
Rendered 2692/3795, time remaining: 40s
Rendered 2693/3795, time remaining: 40s
Rendered 2694/3795, time remaining: 39s
Rendered 2695/3795, time remaining: 40s
Rendered 2696/3795, time remaining: 39s
Rendered 2697/3795, time remaining: 39s
Rendered 2698/3795, time remaining: 40s
Rendered 2699/3795, time remaining: 39s
Rendered 2700/3795, time remaining: 39s
Rendered 2701/3795, time remaining: 39s
Rendered 2702/3795, time remaining: 39s
Rendered 2703/3795, time remaining: 40s
Rendered 2704/3795, time remaining: 39s
Rendered 2705/3795, time remaining: 40s
Rendered 2706/3795, time remaining: 40s
Rendered 2707/3795, time remaining: 39s
Rendered 2708/3795, time remaining: 39s
Rendered 2709/3795, time remaining: 39s
Rendered 2710/3795, time remaining: 38s
Rendered 2711/3795, time remaining: 38s
Rendered 2712/3795, time remaining: 39s
Rendered 2713/3795, time remaining: 39s
Rendered 2714/3795, time remaining: 39s
Rendered 2715/3795, time remaining: 39s
Rendered 2716/3795, time remaining: 39s
Rendered 2717/3795, time remaining: 39s
Rendered 2718/3795, time remaining: 38s
Rendered 2719/3795, time remaining: 38s
Rendered 2720/3795, time remaining: 39s
Rendered 2721/3795, time remaining: 39s
Rendered 2722/3795, time remaining: 39s
Rendered 2723/3795, time remaining: 39s
Rendered 2724/3795, time remaining: 39s
Rendered 2725/3795, time remaining: 38s
Rendered 2726/3795, time remaining: 38s
Rendered 2727/3795, time remaining: 38s
Rendered 2728/3795, time remaining: 38s
Rendered 2729/3795, time remaining: 38s
Rendered 2730/3795, time remaining: 38s
Rendered 2731/3795, time remaining: 38s
Rendered 2732/3795, time remaining: 38s
Rendered 2733/3795, time remaining: 38s
Rendered 2734/3795, time remaining: 38s
Rendered 2735/3795, time remaining: 38s
Rendered 2736/3795, time remaining: 38s
Rendered 2737/3795, time remaining: 38s
Rendered 2738/3795, time remaining: 37s
Rendered 2739/3795, time remaining: 37s
Rendered 2740/3795, time remaining: 38s
Rendered 2741/3795, time remaining: 37s
Rendered 2742/3795, time remaining: 37s
Rendered 2743/3795, time remaining: 37s
Rendered 2744/3795, time remaining: 37s
Rendered 2745/3795, time remaining: 37s
Rendered 2746/3795, time remaining: 38s
Rendered 2747/3795, time remaining: 37s
Rendered 2748/3795, time remaining: 38s
Rendered 2749/3795, time remaining: 37s
Rendered 2750/3795, time remaining: 37s
Rendered 2751/3795, time remaining: 37s
Rendered 2752/3795, time remaining: 37s
Rendered 2753/3795, time remaining: 36s
Rendered 2754/3795, time remaining: 37s
Rendered 2755/3795, time remaining: 37s
Rendered 2756/3795, time remaining: 37s
Rendered 2757/3795, time remaining: 37s
Rendered 2758/3795, time remaining: 36s
Rendered 2759/3795, time remaining: 37s
Rendered 2760/3795, time remaining: 37s
Rendered 2761/3795, time remaining: 37s
Rendered 2762/3795, time remaining: 37s
Rendered 2763/3795, time remaining: 36s
Rendered 2764/3795, time remaining: 36s
Rendered 2765/3795, time remaining: 36s
Rendered 2766/3795, time remaining: 36s
Rendered 2767/3795, time remaining: 36s
Rendered 2768/3795, time remaining: 36s
Rendered 2769/3795, time remaining: 35s
Rendered 2770/3795, time remaining: 35s
Rendered 2771/3795, time remaining: 34s
Rendered 2772/3795, time remaining: 34s
Rendered 2773/3795, time remaining: 34s
Rendered 2774/3795, time remaining: 34s
Rendered 2775/3795, time remaining: 34s
Rendered 2776/3795, time remaining: 34s
Rendered 2777/3795, time remaining: 34s
Rendered 2778/3795, time remaining: 33s
Rendered 2779/3795, time remaining: 33s
Rendered 2780/3795, time remaining: 33s
Rendered 2781/3795, time remaining: 34s
Rendered 2782/3795, time remaining: 34s
Rendered 2783/3795, time remaining: 33s
Rendered 2784/3795, time remaining: 33s
Rendered 2785/3795, time remaining: 33s
Rendered 2786/3795, time remaining: 33s
Rendered 2787/3795, time remaining: 33s
Rendered 2788/3795, time remaining: 33s
Rendered 2789/3795, time remaining: 34s
Rendered 2790/3795, time remaining: 33s
Rendered 2791/3795, time remaining: 32s
Rendered 2792/3795, time remaining: 33s
Rendered 2793/3795, time remaining: 33s
Rendered 2794/3795, time remaining: 33s
Rendered 2795/3795, time remaining: 33s
Rendered 2796/3795, time remaining: 34s
Rendered 2797/3795, time remaining: 33s
Rendered 2798/3795, time remaining: 33s
Rendered 2799/3795, time remaining: 33s
Rendered 2800/3795, time remaining: 33s
Rendered 2801/3795, time remaining: 33s
Rendered 2802/3795, time remaining: 33s
Rendered 2803/3795, time remaining: 33s
Rendered 2804/3795, time remaining: 33s
Rendered 2805/3795, time remaining: 33s
Rendered 2806/3795, time remaining: 33s
Rendered 2807/3795, time remaining: 33s
Rendered 2808/3795, time remaining: 33s
Rendered 2809/3795, time remaining: 33s
Rendered 2810/3795, time remaining: 33s
Rendered 2811/3795, time remaining: 33s
Rendered 2812/3795, time remaining: 33s
Rendered 2813/3795, time remaining: 33s
Rendered 2814/3795, time remaining: 32s
Rendered 2815/3795, time remaining: 33s
Rendered 2816/3795, time remaining: 33s
Rendered 2817/3795, time remaining: 33s
Rendered 2818/3795, time remaining: 33s
Rendered 2819/3795, time remaining: 33s
Rendered 2820/3795, time remaining: 33s
Rendered 2821/3795, time remaining: 33s
Rendered 2822/3795, time remaining: 32s
Rendered 2823/3795, time remaining: 32s
Rendered 2824/3795, time remaining: 32s
Rendered 2825/3795, time remaining: 32s
Rendered 2826/3795, time remaining: 32s
Rendered 2827/3795, time remaining: 32s
Rendered 2828/3795, time remaining: 32s
Rendered 2829/3795, time remaining: 33s
Rendered 2830/3795, time remaining: 32s
Rendered 2831/3795, time remaining: 32s
Rendered 2832/3795, time remaining: 32s
Rendered 2833/3795, time remaining: 32s
Rendered 2834/3795, time remaining: 32s
Rendered 2835/3795, time remaining: 32s
Rendered 2836/3795, time remaining: 32s
Rendered 2837/3795, time remaining: 32s
Rendered 2838/3795, time remaining: 31s
Rendered 2839/3795, time remaining: 31s
Rendered 2840/3795, time remaining: 31s
Rendered 2841/3795, time remaining: 32s
Rendered 2842/3795, time remaining: 32s
Rendered 2843/3795, time remaining: 31s
Rendered 2844/3795, time remaining: 31s
Rendered 2845/3795, time remaining: 31s
Rendered 2846/3795, time remaining: 31s
Rendered 2847/3795, time remaining: 31s
Rendered 2848/3795, time remaining: 31s
Rendered 2849/3795, time remaining: 31s
Rendered 2850/3795, time remaining: 31s
Rendered 2851/3795, time remaining: 31s
Rendered 2852/3795, time remaining: 31s
Rendered 2853/3795, time remaining: 30s
Rendered 2854/3795, time remaining: 31s
Rendered 2855/3795, time remaining: 30s
Rendered 2856/3795, time remaining: 31s
Rendered 2857/3795, time remaining: 31s
Rendered 2858/3795, time remaining: 30s
Rendered 2859/3795, time remaining: 31s
Rendered 2860/3795, time remaining: 31s
Rendered 2861/3795, time remaining: 31s
Rendered 2862/3795, time remaining: 31s
Rendered 2863/3795, time remaining: 30s
Rendered 2864/3795, time remaining: 30s
Rendered 2865/3795, time remaining: 30s
Rendered 2866/3795, time remaining: 30s
Rendered 2867/3795, time remaining: 30s
Rendered 2868/3795, time remaining: 30s
Rendered 2869/3795, time remaining: 30s
Rendered 2870/3795, time remaining: 30s
Rendered 2871/3795, time remaining: 30s
Rendered 2872/3795, time remaining: 29s
Rendered 2873/3795, time remaining: 30s
Rendered 2874/3795, time remaining: 30s
Rendered 2875/3795, time remaining: 30s
Rendered 2876/3795, time remaining: 30s
Rendered 2877/3795, time remaining: 30s
Rendered 2878/3795, time remaining: 30s
Rendered 2879/3795, time remaining: 30s
Rendered 2880/3795, time remaining: 29s
Rendered 2881/3795, time remaining: 30s
Rendered 2882/3795, time remaining: 30s
Rendered 2883/3795, time remaining: 30s
Rendered 2884/3795, time remaining: 30s
Rendered 2885/3795, time remaining: 30s
Rendered 2886/3795, time remaining: 30s
Rendered 2887/3795, time remaining: 29s
Rendered 2888/3795, time remaining: 29s
Rendered 2889/3795, time remaining: 30s
Rendered 2890/3795, time remaining: 29s
Rendered 2891/3795, time remaining: 29s
Rendered 2892/3795, time remaining: 29s
Rendered 2893/3795, time remaining: 29s
Rendered 2894/3795, time remaining: 29s
Rendered 2895/3795, time remaining: 29s
Rendered 2896/3795, time remaining: 29s
Rendered 2897/3795, time remaining: 29s
Rendered 2898/3795, time remaining: 29s
Rendered 2899/3795, time remaining: 29s
Rendered 2900/3795, time remaining: 29s
Rendered 2901/3795, time remaining: 29s
Rendered 2902/3795, time remaining: 29s
Rendered 2903/3795, time remaining: 29s
Rendered 2904/3795, time remaining: 29s
Rendered 2905/3795, time remaining: 29s
Rendered 2906/3795, time remaining: 29s
Rendered 2907/3795, time remaining: 29s
Rendered 2908/3795, time remaining: 29s
Rendered 2909/3795, time remaining: 28s
Rendered 2910/3795, time remaining: 28s
Rendered 2911/3795, time remaining: 29s
Rendered 2912/3795, time remaining: 29s
Rendered 2913/3795, time remaining: 29s
Rendered 2914/3795, time remaining: 29s
Rendered 2915/3795, time remaining: 29s
Rendered 2916/3795, time remaining: 29s
Rendered 2917/3795, time remaining: 29s
Rendered 2918/3795, time remaining: 29s
Rendered 2919/3795, time remaining: 29s
Rendered 2920/3795, time remaining: 29s
Rendered 2921/3795, time remaining: 29s
Rendered 2922/3795, time remaining: 30s
Rendered 2923/3795, time remaining: 30s
Rendered 2924/3795, time remaining: 30s
Rendered 2925/3795, time remaining: 30s
Rendered 2926/3795, time remaining: 30s
Rendered 2927/3795, time remaining: 30s
Rendered 2928/3795, time remaining: 30s
Rendered 2929/3795, time remaining: 30s
Rendered 2930/3795, time remaining: 30s
Rendered 2931/3795, time remaining: 29s
Rendered 2932/3795, time remaining: 29s
Rendered 2933/3795, time remaining: 30s
Rendered 2934/3795, time remaining: 30s
Rendered 2935/3795, time remaining: 30s
Rendered 2936/3795, time remaining: 30s
Rendered 2937/3795, time remaining: 30s
Rendered 2938/3795, time remaining: 30s
Rendered 2939/3795, time remaining: 29s
Rendered 2940/3795, time remaining: 30s
Rendered 2941/3795, time remaining: 30s
Rendered 2942/3795, time remaining: 29s
Rendered 2943/3795, time remaining: 29s
Rendered 2944/3795, time remaining: 29s
Rendered 2945/3795, time remaining: 29s
Rendered 2946/3795, time remaining: 29s
Rendered 2947/3795, time remaining: 29s
Rendered 2948/3795, time remaining: 29s
Rendered 2949/3795, time remaining: 29s
Rendered 2950/3795, time remaining: 29s
Rendered 2951/3795, time remaining: 29s
Rendered 2952/3795, time remaining: 28s
Rendered 2953/3795, time remaining: 28s
Rendered 2954/3795, time remaining: 28s
Rendered 2955/3795, time remaining: 29s
Rendered 2956/3795, time remaining: 29s
Rendered 2957/3795, time remaining: 28s
Rendered 2958/3795, time remaining: 28s
Rendered 2959/3795, time remaining: 28s
Rendered 2960/3795, time remaining: 28s
Rendered 2961/3795, time remaining: 28s
Rendered 2962/3795, time remaining: 28s
Rendered 2963/3795, time remaining: 29s
Rendered 2964/3795, time remaining: 29s
Rendered 2965/3795, time remaining: 28s
Rendered 2966/3795, time remaining: 27s
Rendered 2967/3795, time remaining: 28s
Rendered 2968/3795, time remaining: 28s
Rendered 2969/3795, time remaining: 28s
Rendered 2970/3795, time remaining: 28s
Rendered 2971/3795, time remaining: 28s
Rendered 2972/3795, time remaining: 28s
Rendered 2973/3795, time remaining: 28s
Rendered 2974/3795, time remaining: 27s
Rendered 2975/3795, time remaining: 27s
Rendered 2976/3795, time remaining: 28s
Rendered 2977/3795, time remaining: 28s
Rendered 2978/3795, time remaining: 28s
Rendered 2979/3795, time remaining: 27s
Rendered 2980/3795, time remaining: 28s
Rendered 2981/3795, time remaining: 27s
Rendered 2982/3795, time remaining: 27s
Rendered 2983/3795, time remaining: 27s
Rendered 2984/3795, time remaining: 27s
Rendered 2985/3795, time remaining: 27s
Rendered 2986/3795, time remaining: 27s
Rendered 2987/3795, time remaining: 27s
Rendered 2988/3795, time remaining: 27s
Rendered 2989/3795, time remaining: 27s
Rendered 2990/3795, time remaining: 27s
Rendered 2991/3795, time remaining: 27s
Rendered 2992/3795, time remaining: 27s
Rendered 2993/3795, time remaining: 27s
Rendered 2994/3795, time remaining: 27s
Rendered 2995/3795, time remaining: 27s
Rendered 2996/3795, time remaining: 26s
Rendered 2997/3795, time remaining: 26s
Rendered 2998/3795, time remaining: 27s
Rendered 2999/3795, time remaining: 27s
Rendered 3000/3795, time remaining: 27s
Rendered 3001/3795, time remaining: 27s
Rendered 3002/3795, time remaining: 27s
Rendered 3003/3795, time remaining: 27s
Rendered 3004/3795, time remaining: 27s
Rendered 3005/3795, time remaining: 27s
Rendered 3006/3795, time remaining: 26s
Rendered 3007/3795, time remaining: 26s
Rendered 3008/3795, time remaining: 27s
Rendered 3009/3795, time remaining: 26s
Rendered 3010/3795, time remaining: 26s
Rendered 3011/3795, time remaining: 27s
Rendered 3012/3795, time remaining: 26s
Rendered 3013/3795, time remaining: 26s
Rendered 3014/3795, time remaining: 26s
Rendered 3015/3795, time remaining: 26s
Rendered 3016/3795, time remaining: 26s
Rendered 3017/3795, time remaining: 26s
Rendered 3018/3795, time remaining: 26s
Rendered 3019/3795, time remaining: 26s
Rendered 3020/3795, time remaining: 26s
Rendered 3021/3795, time remaining: 26s
Rendered 3022/3795, time remaining: 26s
Rendered 3023/3795, time remaining: 27s
Rendered 3024/3795, time remaining: 26s
Rendered 3025/3795, time remaining: 26s
Rendered 3026/3795, time remaining: 26s
Rendered 3027/3795, time remaining: 26s
Rendered 3028/3795, time remaining: 26s
Rendered 3029/3795, time remaining: 26s
Rendered 3030/3795, time remaining: 26s
Rendered 3031/3795, time remaining: 26s
Rendered 3032/3795, time remaining: 26s
Rendered 3033/3795, time remaining: 26s
Rendered 3034/3795, time remaining: 26s
Rendered 3035/3795, time remaining: 26s
Rendered 3036/3795, time remaining: 26s
Rendered 3037/3795, time remaining: 26s
Rendered 3038/3795, time remaining: 25s
Rendered 3039/3795, time remaining: 25s
Rendered 3040/3795, time remaining: 26s
Rendered 3041/3795, time remaining: 26s
Rendered 3042/3795, time remaining: 26s
Rendered 3043/3795, time remaining: 26s
Rendered 3044/3795, time remaining: 26s
Rendered 3045/3795, time remaining: 25s
Rendered 3046/3795, time remaining: 25s
Rendered 3047/3795, time remaining: 25s
Rendered 3048/3795, time remaining: 25s
Rendered 3049/3795, time remaining: 25s
Rendered 3050/3795, time remaining: 26s
Rendered 3051/3795, time remaining: 26s
Rendered 3052/3795, time remaining: 26s
Rendered 3053/3795, time remaining: 25s
Rendered 3054/3795, time remaining: 25s
Rendered 3055/3795, time remaining: 25s
Rendered 3056/3795, time remaining: 25s
Rendered 3057/3795, time remaining: 25s
Rendered 3058/3795, time remaining: 25s
Rendered 3059/3795, time remaining: 25s
Rendered 3060/3795, time remaining: 25s
Rendered 3061/3795, time remaining: 25s
Rendered 3062/3795, time remaining: 25s
Rendered 3063/3795, time remaining: 25s
Rendered 3064/3795, time remaining: 25s
Rendered 3065/3795, time remaining: 25s
Rendered 3066/3795, time remaining: 25s
Rendered 3067/3795, time remaining: 25s
Rendered 3068/3795, time remaining: 24s
Rendered 3069/3795, time remaining: 25s
Rendered 3070/3795, time remaining: 25s
Rendered 3071/3795, time remaining: 25s
Rendered 3072/3795, time remaining: 24s
Rendered 3073/3795, time remaining: 24s
Rendered 3074/3795, time remaining: 24s
Rendered 3075/3795, time remaining: 24s
Rendered 3076/3795, time remaining: 24s
Rendered 3077/3795, time remaining: 24s
Rendered 3078/3795, time remaining: 24s
Rendered 3079/3795, time remaining: 24s
Rendered 3080/3795, time remaining: 24s
Rendered 3081/3795, time remaining: 24s
Rendered 3082/3795, time remaining: 24s
Rendered 3083/3795, time remaining: 24s
Rendered 3084/3795, time remaining: 24s
Rendered 3085/3795, time remaining: 24s
Rendered 3086/3795, time remaining: 24s
Rendered 3087/3795, time remaining: 24s
Rendered 3088/3795, time remaining: 24s
Rendered 3089/3795, time remaining: 24s
Rendered 3090/3795, time remaining: 24s
Rendered 3091/3795, time remaining: 24s
Rendered 3092/3795, time remaining: 24s
Rendered 3093/3795, time remaining: 24s
Rendered 3094/3795, time remaining: 24s
Rendered 3095/3795, time remaining: 24s
Rendered 3096/3795, time remaining: 24s
Rendered 3097/3795, time remaining: 23s
Rendered 3098/3795, time remaining: 23s
Rendered 3099/3795, time remaining: 23s
Rendered 3100/3795, time remaining: 23s
Rendered 3101/3795, time remaining: 24s
Rendered 3102/3795, time remaining: 24s
Rendered 3103/3795, time remaining: 23s
Rendered 3104/3795, time remaining: 24s
Rendered 3105/3795, time remaining: 23s
Rendered 3106/3795, time remaining: 23s
Rendered 3107/3795, time remaining: 24s
Rendered 3108/3795, time remaining: 23s
Rendered 3109/3795, time remaining: 23s
Rendered 3110/3795, time remaining: 23s
Rendered 3111/3795, time remaining: 23s
Rendered 3112/3795, time remaining: 23s
Rendered 3113/3795, time remaining: 23s
Rendered 3114/3795, time remaining: 23s
Rendered 3115/3795, time remaining: 23s
Rendered 3116/3795, time remaining: 23s
Rendered 3117/3795, time remaining: 23s
Rendered 3118/3795, time remaining: 23s
Rendered 3119/3795, time remaining: 23s
Rendered 3120/3795, time remaining: 23s
Rendered 3121/3795, time remaining: 23s
Rendered 3122/3795, time remaining: 23s
Rendered 3123/3795, time remaining: 23s
Rendered 3124/3795, time remaining: 23s
Rendered 3125/3795, time remaining: 23s
Rendered 3126/3795, time remaining: 23s
Rendered 3127/3795, time remaining: 23s
Rendered 3128/3795, time remaining: 23s
Rendered 3129/3795, time remaining: 23s
Rendered 3130/3795, time remaining: 23s
Rendered 3131/3795, time remaining: 22s
Rendered 3132/3795, time remaining: 22s
Rendered 3133/3795, time remaining: 22s
Rendered 3134/3795, time remaining: 23s
Rendered 3135/3795, time remaining: 23s
Rendered 3136/3795, time remaining: 23s
Rendered 3137/3795, time remaining: 22s
Rendered 3138/3795, time remaining: 22s
Rendered 3139/3795, time remaining: 22s
Rendered 3140/3795, time remaining: 22s
Rendered 3141/3795, time remaining: 22s
Rendered 3142/3795, time remaining: 22s
Rendered 3143/3795, time remaining: 22s
Rendered 3144/3795, time remaining: 22s
Rendered 3145/3795, time remaining: 22s
Rendered 3146/3795, time remaining: 22s
Rendered 3147/3795, time remaining: 22s
Rendered 3148/3795, time remaining: 22s
Rendered 3149/3795, time remaining: 22s
Rendered 3150/3795, time remaining: 22s
Rendered 3151/3795, time remaining: 22s
Rendered 3152/3795, time remaining: 22s
Rendered 3153/3795, time remaining: 22s
Rendered 3154/3795, time remaining: 21s
Rendered 3155/3795, time remaining: 21s
Rendered 3156/3795, time remaining: 21s
Rendered 3157/3795, time remaining: 21s
Rendered 3158/3795, time remaining: 22s
Rendered 3159/3795, time remaining: 22s
Rendered 3160/3795, time remaining: 22s
Rendered 3161/3795, time remaining: 21s
Rendered 3162/3795, time remaining: 21s
Rendered 3163/3795, time remaining: 21s
Rendered 3164/3795, time remaining: 22s
Rendered 3165/3795, time remaining: 22s
Rendered 3166/3795, time remaining: 21s
Rendered 3167/3795, time remaining: 21s
Rendered 3168/3795, time remaining: 21s
Rendered 3169/3795, time remaining: 22s
Rendered 3170/3795, time remaining: 22s
Rendered 3171/3795, time remaining: 22s
Rendered 3172/3795, time remaining: 21s
Rendered 3173/3795, time remaining: 21s
Rendered 3174/3795, time remaining: 21s
Rendered 3175/3795, time remaining: 21s
Rendered 3176/3795, time remaining: 21s
Rendered 3177/3795, time remaining: 21s
Rendered 3178/3795, time remaining: 21s
Rendered 3179/3795, time remaining: 21s
Rendered 3180/3795, time remaining: 21s
Rendered 3181/3795, time remaining: 21s
Rendered 3182/3795, time remaining: 20s
Rendered 3183/3795, time remaining: 20s
Rendered 3184/3795, time remaining: 21s
Rendered 3185/3795, time remaining: 21s
Rendered 3186/3795, time remaining: 21s
Rendered 3187/3795, time remaining: 21s
Rendered 3188/3795, time remaining: 20s
Rendered 3189/3795, time remaining: 21s
Rendered 3190/3795, time remaining: 20s
Rendered 3191/3795, time remaining: 20s
Rendered 3192/3795, time remaining: 20s
Rendered 3193/3795, time remaining: 20s
Rendered 3194/3795, time remaining: 20s
Rendered 3195/3795, time remaining: 20s
Rendered 3196/3795, time remaining: 20s
Rendered 3197/3795, time remaining: 21s
Rendered 3198/3795, time remaining: 20s
Rendered 3199/3795, time remaining: 20s
Rendered 3200/3795, time remaining: 20s
Rendered 3201/3795, time remaining: 20s
Rendered 3202/3795, time remaining: 20s
Rendered 3203/3795, time remaining: 20s
Rendered 3204/3795, time remaining: 20s
Rendered 3205/3795, time remaining: 20s
Rendered 3206/3795, time remaining: 20s
Rendered 3207/3795, time remaining: 19s
Rendered 3208/3795, time remaining: 19s
Rendered 3209/3795, time remaining: 19s
Rendered 3210/3795, time remaining: 19s
Rendered 3211/3795, time remaining: 20s
Rendered 3212/3795, time remaining: 20s
Rendered 3213/3795, time remaining: 20s
Rendered 3214/3795, time remaining: 19s
Rendered 3215/3795, time remaining: 20s
Rendered 3216/3795, time remaining: 20s
Rendered 3217/3795, time remaining: 19s
Rendered 3218/3795, time remaining: 20s
Rendered 3219/3795, time remaining: 19s
Rendered 3220/3795, time remaining: 19s
Rendered 3221/3795, time remaining: 19s
Rendered 3222/3795, time remaining: 19s
Rendered 3223/3795, time remaining: 19s
Rendered 3224/3795, time remaining: 19s
Rendered 3225/3795, time remaining: 19s
Rendered 3226/3795, time remaining: 19s
Rendered 3227/3795, time remaining: 19s
Rendered 3228/3795, time remaining: 19s
Rendered 3229/3795, time remaining: 19s
Rendered 3230/3795, time remaining: 19s
Rendered 3231/3795, time remaining: 19s
Rendered 3232/3795, time remaining: 19s
Rendered 3233/3795, time remaining: 19s
Rendered 3234/3795, time remaining: 19s
Rendered 3235/3795, time remaining: 19s
Rendered 3236/3795, time remaining: 19s
Rendered 3237/3795, time remaining: 19s
Rendered 3238/3795, time remaining: 19s
Rendered 3239/3795, time remaining: 19s
Rendered 3240/3795, time remaining: 19s
Rendered 3241/3795, time remaining: 19s
Rendered 3242/3795, time remaining: 19s
Rendered 3243/3795, time remaining: 18s
Rendered 3244/3795, time remaining: 18s
Rendered 3245/3795, time remaining: 19s
Rendered 3246/3795, time remaining: 19s
Rendered 3247/3795, time remaining: 19s
Rendered 3248/3795, time remaining: 19s
Rendered 3249/3795, time remaining: 19s
Rendered 3250/3795, time remaining: 18s
Rendered 3251/3795, time remaining: 18s
Rendered 3252/3795, time remaining: 18s
Rendered 3253/3795, time remaining: 19s
Rendered 3254/3795, time remaining: 18s
Rendered 3255/3795, time remaining: 18s
Rendered 3256/3795, time remaining: 18s
Rendered 3257/3795, time remaining: 18s
Rendered 3258/3795, time remaining: 18s
Rendered 3259/3795, time remaining: 18s
Rendered 3260/3795, time remaining: 18s
Rendered 3261/3795, time remaining: 18s
Rendered 3262/3795, time remaining: 18s
Rendered 3263/3795, time remaining: 18s
Rendered 3264/3795, time remaining: 18s
Rendered 3265/3795, time remaining: 18s
Rendered 3266/3795, time remaining: 18s
Rendered 3267/3795, time remaining: 18s
Rendered 3268/3795, time remaining: 18s
Rendered 3269/3795, time remaining: 18s
Rendered 3270/3795, time remaining: 18s
Rendered 3271/3795, time remaining: 18s
Rendered 3272/3795, time remaining: 18s
Rendered 3273/3795, time remaining: 17s
Rendered 3274/3795, time remaining: 18s
Rendered 3275/3795, time remaining: 18s
Rendered 3276/3795, time remaining: 18s
Rendered 3277/3795, time remaining: 18s
Rendered 3278/3795, time remaining: 18s
Rendered 3279/3795, time remaining: 17s
Rendered 3280/3795, time remaining: 17s
Rendered 3281/3795, time remaining: 17s
Rendered 3282/3795, time remaining: 18s
Rendered 3283/3795, time remaining: 18s
Rendered 3284/3795, time remaining: 17s
Rendered 3285/3795, time remaining: 17s
Rendered 3286/3795, time remaining: 17s
Rendered 3287/3795, time remaining: 17s
Rendered 3288/3795, time remaining: 17s
Rendered 3289/3795, time remaining: 17s
Rendered 3290/3795, time remaining: 18s
Rendered 3291/3795, time remaining: 18s
Rendered 3292/3795, time remaining: 17s
Rendered 3293/3795, time remaining: 17s
Rendered 3294/3795, time remaining: 17s
Rendered 3295/3795, time remaining: 17s
Rendered 3296/3795, time remaining: 17s
Rendered 3297/3795, time remaining: 17s
Rendered 3298/3795, time remaining: 17s
Rendered 3299/3795, time remaining: 17s
Rendered 3300/3795, time remaining: 17s
Rendered 3301/3795, time remaining: 17s
Rendered 3302/3795, time remaining: 17s
Rendered 3303/3795, time remaining: 17s
Rendered 3304/3795, time remaining: 17s
Rendered 3305/3795, time remaining: 17s
Rendered 3306/3795, time remaining: 17s
Rendered 3307/3795, time remaining: 17s
Rendered 3308/3795, time remaining: 17s
Rendered 3309/3795, time remaining: 17s
Rendered 3310/3795, time remaining: 17s
Rendered 3311/3795, time remaining: 17s
Rendered 3312/3795, time remaining: 16s
Rendered 3313/3795, time remaining: 17s
Rendered 3314/3795, time remaining: 17s
Rendered 3315/3795, time remaining: 16s
Rendered 3316/3795, time remaining: 17s
Rendered 3317/3795, time remaining: 17s
Rendered 3318/3795, time remaining: 16s
Rendered 3319/3795, time remaining: 16s
Rendered 3320/3795, time remaining: 16s
Rendered 3321/3795, time remaining: 16s
Rendered 3322/3795, time remaining: 16s
Rendered 3323/3795, time remaining: 16s
Rendered 3324/3795, time remaining: 16s
Rendered 3325/3795, time remaining: 16s
Rendered 3326/3795, time remaining: 16s
Rendered 3327/3795, time remaining: 16s
Rendered 3328/3795, time remaining: 16s
Rendered 3329/3795, time remaining: 16s
Rendered 3330/3795, time remaining: 16s
Rendered 3331/3795, time remaining: 16s
Rendered 3332/3795, time remaining: 16s
Rendered 3333/3795, time remaining: 16s
Rendered 3334/3795, time remaining: 16s
Rendered 3335/3795, time remaining: 16s
Rendered 3336/3795, time remaining: 16s
Rendered 3337/3795, time remaining: 16s
Rendered 3338/3795, time remaining: 16s
Rendered 3339/3795, time remaining: 16s
Rendered 3340/3795, time remaining: 16s
Rendered 3341/3795, time remaining: 15s
Rendered 3342/3795, time remaining: 16s
Rendered 3343/3795, time remaining: 16s
Rendered 3344/3795, time remaining: 16s
Rendered 3345/3795, time remaining: 16s
Rendered 3346/3795, time remaining: 16s
Rendered 3347/3795, time remaining: 15s
Rendered 3348/3795, time remaining: 15s
Rendered 3349/3795, time remaining: 15s
Rendered 3350/3795, time remaining: 15s
Rendered 3351/3795, time remaining: 15s
Rendered 3352/3795, time remaining: 15s
Rendered 3353/3795, time remaining: 15s
Rendered 3354/3795, time remaining: 15s
Rendered 3355/3795, time remaining: 15s
Rendered 3356/3795, time remaining: 15s
Rendered 3357/3795, time remaining: 15s
Rendered 3358/3795, time remaining: 15s
Rendered 3359/3795, time remaining: 15s
Rendered 3360/3795, time remaining: 15s
Rendered 3361/3795, time remaining: 15s
Rendered 3362/3795, time remaining: 15s
Rendered 3363/3795, time remaining: 15s
Rendered 3364/3795, time remaining: 15s
Rendered 3365/3795, time remaining: 15s
Rendered 3366/3795, time remaining: 15s
Rendered 3367/3795, time remaining: 15s
Rendered 3368/3795, time remaining: 15s
Rendered 3369/3795, time remaining: 15s
Rendered 3370/3795, time remaining: 15s
Rendered 3371/3795, time remaining: 15s
Rendered 3372/3795, time remaining: 14s
Rendered 3373/3795, time remaining: 14s
Rendered 3374/3795, time remaining: 15s
Rendered 3375/3795, time remaining: 15s
Rendered 3376/3795, time remaining: 15s
Rendered 3377/3795, time remaining: 14s
Rendered 3378/3795, time remaining: 14s
Rendered 3379/3795, time remaining: 14s
Rendered 3380/3795, time remaining: 14s
Rendered 3381/3795, time remaining: 14s
Rendered 3382/3795, time remaining: 14s
Rendered 3383/3795, time remaining: 14s
Rendered 3384/3795, time remaining: 14s
Rendered 3385/3795, time remaining: 14s
Rendered 3386/3795, time remaining: 14s
Rendered 3387/3795, time remaining: 14s
Rendered 3388/3795, time remaining: 14s
Rendered 3389/3795, time remaining: 14s
Rendered 3390/3795, time remaining: 14s
Rendered 3391/3795, time remaining: 14s
Rendered 3392/3795, time remaining: 14s
Rendered 3393/3795, time remaining: 14s
Rendered 3394/3795, time remaining: 14s
Rendered 3395/3795, time remaining: 14s
Rendered 3396/3795, time remaining: 14s
Rendered 3397/3795, time remaining: 14s
Rendered 3398/3795, time remaining: 14s
Rendered 3399/3795, time remaining: 14s
Rendered 3400/3795, time remaining: 14s
Rendered 3401/3795, time remaining: 14s
Rendered 3402/3795, time remaining: 14s
Rendered 3403/3795, time remaining: 13s
Rendered 3404/3795, time remaining: 13s
Rendered 3405/3795, time remaining: 14s
Rendered 3406/3795, time remaining: 14s
Rendered 3407/3795, time remaining: 14s
Rendered 3408/3795, time remaining: 14s
Rendered 3409/3795, time remaining: 13s
Rendered 3410/3795, time remaining: 13s
Rendered 3411/3795, time remaining: 13s
Rendered 3412/3795, time remaining: 13s
Rendered 3413/3795, time remaining: 13s
Rendered 3414/3795, time remaining: 13s
Rendered 3415/3795, time remaining: 13s
Rendered 3416/3795, time remaining: 13s
Rendered 3417/3795, time remaining: 13s
Rendered 3418/3795, time remaining: 13s
Rendered 3419/3795, time remaining: 13s
Rendered 3420/3795, time remaining: 13s
Rendered 3421/3795, time remaining: 13s
Rendered 3422/3795, time remaining: 13s
Rendered 3423/3795, time remaining: 13s
Rendered 3424/3795, time remaining: 13s
Rendered 3425/3795, time remaining: 13s
Rendered 3426/3795, time remaining: 13s
Rendered 3427/3795, time remaining: 13s
Rendered 3428/3795, time remaining: 12s
Rendered 3429/3795, time remaining: 12s
Rendered 3430/3795, time remaining: 12s
Rendered 3431/3795, time remaining: 13s
Rendered 3432/3795, time remaining: 12s
Rendered 3433/3795, time remaining: 12s
Rendered 3434/3795, time remaining: 12s
Rendered 3435/3795, time remaining: 12s
Rendered 3436/3795, time remaining: 12s
Rendered 3437/3795, time remaining: 12s
Rendered 3438/3795, time remaining: 12s
Rendered 3439/3795, time remaining: 12s
Rendered 3440/3795, time remaining: 12s
Rendered 3441/3795, time remaining: 12s
Rendered 3442/3795, time remaining: 12s
Rendered 3443/3795, time remaining: 12s
Rendered 3444/3795, time remaining: 12s
Rendered 3445/3795, time remaining: 12s
Rendered 3446/3795, time remaining: 12s
Rendered 3447/3795, time remaining: 12s
Rendered 3448/3795, time remaining: 12s
Rendered 3449/3795, time remaining: 12s
Rendered 3450/3795, time remaining: 12s
Rendered 3451/3795, time remaining: 12s
Rendered 3452/3795, time remaining: 12s
Rendered 3453/3795, time remaining: 12s
Rendered 3454/3795, time remaining: 12s
Rendered 3455/3795, time remaining: 12s
Rendered 3456/3795, time remaining: 12s
Rendered 3457/3795, time remaining: 11s
Rendered 3458/3795, time remaining: 12s
Rendered 3459/3795, time remaining: 11s
Rendered 3460/3795, time remaining: 11s
Rendered 3461/3795, time remaining: 11s
Rendered 3462/3795, time remaining: 11s
Rendered 3463/3795, time remaining: 11s
Rendered 3464/3795, time remaining: 11s
Rendered 3465/3795, time remaining: 11s
Rendered 3466/3795, time remaining: 11s
Rendered 3467/3795, time remaining: 11s
Rendered 3468/3795, time remaining: 11s
Rendered 3469/3795, time remaining: 11s
Rendered 3470/3795, time remaining: 11s
Rendered 3471/3795, time remaining: 11s
Rendered 3472/3795, time remaining: 11s
Rendered 3473/3795, time remaining: 11s
Rendered 3474/3795, time remaining: 11s
Rendered 3475/3795, time remaining: 11s
Rendered 3476/3795, time remaining: 11s
Rendered 3477/3795, time remaining: 11s
Rendered 3478/3795, time remaining: 11s
Rendered 3479/3795, time remaining: 11s
Rendered 3480/3795, time remaining: 11s
Rendered 3481/3795, time remaining: 11s
Rendered 3482/3795, time remaining: 11s
Rendered 3483/3795, time remaining: 11s
Rendered 3484/3795, time remaining: 11s
Rendered 3485/3795, time remaining: 11s
Rendered 3486/3795, time remaining: 11s
Rendered 3487/3795, time remaining: 11s
Rendered 3488/3795, time remaining: 10s
Rendered 3489/3795, time remaining: 10s
Rendered 3490/3795, time remaining: 10s
Rendered 3491/3795, time remaining: 11s
Rendered 3492/3795, time remaining: 11s
Rendered 3493/3795, time remaining: 10s
Rendered 3494/3795, time remaining: 10s
Rendered 3495/3795, time remaining: 10s
Rendered 3496/3795, time remaining: 10s
Rendered 3497/3795, time remaining: 10s
Rendered 3498/3795, time remaining: 10s
Rendered 3499/3795, time remaining: 10s
Rendered 3500/3795, time remaining: 10s
Rendered 3501/3795, time remaining: 10s
Rendered 3502/3795, time remaining: 10s
Rendered 3503/3795, time remaining: 10s
Rendered 3504/3795, time remaining: 10s
Rendered 3505/3795, time remaining: 10s
Rendered 3506/3795, time remaining: 10s
Rendered 3507/3795, time remaining: 10s
Rendered 3508/3795, time remaining: 10s
Rendered 3509/3795, time remaining: 10s
Rendered 3510/3795, time remaining: 10s
Rendered 3511/3795, time remaining: 10s
Rendered 3512/3795, time remaining: 10s
Rendered 3513/3795, time remaining: 10s
Rendered 3514/3795, time remaining: 10s
Rendered 3515/3795, time remaining: 10s
Rendered 3516/3795, time remaining: 10s
Rendered 3517/3795, time remaining: 9s
Rendered 3518/3795, time remaining: 9s
Rendered 3519/3795, time remaining: 9s
Rendered 3520/3795, time remaining: 9s
Rendered 3521/3795, time remaining: 9s
Rendered 3522/3795, time remaining: 9s
Rendered 3523/3795, time remaining: 9s
Rendered 3524/3795, time remaining: 9s
Rendered 3525/3795, time remaining: 9s
Rendered 3526/3795, time remaining: 9s
Rendered 3527/3795, time remaining: 9s
Rendered 3528/3795, time remaining: 9s
Rendered 3529/3795, time remaining: 9s
Rendered 3530/3795, time remaining: 9s
Rendered 3531/3795, time remaining: 9s
Rendered 3532/3795, time remaining: 9s
Rendered 3533/3795, time remaining: 9s
Rendered 3534/3795, time remaining: 9s
Rendered 3535/3795, time remaining: 9s
Rendered 3536/3795, time remaining: 9s
Rendered 3537/3795, time remaining: 9s
Rendered 3538/3795, time remaining: 9s
Rendered 3539/3795, time remaining: 9s
Rendered 3540/3795, time remaining: 9s
Rendered 3541/3795, time remaining: 9s
Rendered 3542/3795, time remaining: 9s
Rendered 3543/3795, time remaining: 8s
Rendered 3544/3795, time remaining: 9s
Rendered 3545/3795, time remaining: 8s
Rendered 3546/3795, time remaining: 8s
Rendered 3547/3795, time remaining: 8s
Rendered 3548/3795, time remaining: 8s
Rendered 3549/3795, time remaining: 8s
Rendered 3550/3795, time remaining: 8s
Rendered 3551/3795, time remaining: 8s
Rendered 3552/3795, time remaining: 8s
Rendered 3553/3795, time remaining: 8s
Rendered 3554/3795, time remaining: 8s
Rendered 3555/3795, time remaining: 8s
Rendered 3556/3795, time remaining: 8s
Rendered 3557/3795, time remaining: 8s
Rendered 3558/3795, time remaining: 8s
Rendered 3559/3795, time remaining: 8s
Rendered 3560/3795, time remaining: 8s
Rendered 3561/3795, time remaining: 8s
Rendered 3562/3795, time remaining: 8s
Rendered 3563/3795, time remaining: 8s
Rendered 3564/3795, time remaining: 8s
Rendered 3565/3795, time remaining: 8s
Rendered 3566/3795, time remaining: 8s
Rendered 3567/3795, time remaining: 7s
Rendered 3568/3795, time remaining: 8s
Rendered 3569/3795, time remaining: 7s
Rendered 3570/3795, time remaining: 7s
Rendered 3571/3795, time remaining: 8s
Rendered 3572/3795, time remaining: 7s
Rendered 3573/3795, time remaining: 7s
Rendered 3574/3795, time remaining: 7s
Rendered 3575/3795, time remaining: 7s
Rendered 3576/3795, time remaining: 7s
Rendered 3577/3795, time remaining: 7s
Rendered 3578/3795, time remaining: 7s
Rendered 3579/3795, time remaining: 7s
Rendered 3580/3795, time remaining: 7s
Rendered 3581/3795, time remaining: 7s
Rendered 3582/3795, time remaining: 7s
Rendered 3583/3795, time remaining: 7s
Rendered 3584/3795, time remaining: 7s
Rendered 3585/3795, time remaining: 7s
Rendered 3586/3795, time remaining: 7s
Rendered 3587/3795, time remaining: 7s
Rendered 3588/3795, time remaining: 7s
Rendered 3589/3795, time remaining: 7s
Rendered 3590/3795, time remaining: 7s
Rendered 3591/3795, time remaining: 7s
Rendered 3592/3795, time remaining: 7s
Rendered 3593/3795, time remaining: 7s
Rendered 3594/3795, time remaining: 7s
Rendered 3595/3795, time remaining: 7s
Rendered 3596/3795, time remaining: 7s
Rendered 3597/3795, time remaining: 6s
Rendered 3598/3795, time remaining: 6s
Rendered 3599/3795, time remaining: 6s
Rendered 3600/3795, time remaining: 6s
Rendered 3601/3795, time remaining: 6s
Rendered 3602/3795, time remaining: 6s
Rendered 3603/3795, time remaining: 6s
Rendered 3604/3795, time remaining: 6s
Rendered 3605/3795, time remaining: 6s
Rendered 3606/3795, time remaining: 6s
Rendered 3607/3795, time remaining: 6s
Rendered 3608/3795, time remaining: 6s
Rendered 3609/3795, time remaining: 6s
Rendered 3610/3795, time remaining: 6s
Rendered 3611/3795, time remaining: 6s
Rendered 3612/3795, time remaining: 6s
Rendered 3613/3795, time remaining: 6s
Rendered 3614/3795, time remaining: 6s
Rendered 3615/3795, time remaining: 6s
Rendered 3616/3795, time remaining: 6s
Rendered 3617/3795, time remaining: 6s
Rendered 3618/3795, time remaining: 6s
Rendered 3619/3795, time remaining: 6s
Rendered 3620/3795, time remaining: 6s
Rendered 3621/3795, time remaining: 6s
Rendered 3622/3795, time remaining: 6s
Rendered 3623/3795, time remaining: 5s
Rendered 3624/3795, time remaining: 5s
Rendered 3625/3795, time remaining: 5s
Rendered 3626/3795, time remaining: 5s
Rendered 3627/3795, time remaining: 5s
Rendered 3628/3795, time remaining: 5s
Rendered 3629/3795, time remaining: 5s
Rendered 3630/3795, time remaining: 5s
Rendered 3631/3795, time remaining: 5s
Rendered 3632/3795, time remaining: 5s
Rendered 3633/3795, time remaining: 5s
Rendered 3634/3795, time remaining: 5s
Rendered 3635/3795, time remaining: 5s
Rendered 3636/3795, time remaining: 5s
Rendered 3637/3795, time remaining: 5s
Rendered 3638/3795, time remaining: 5s
Rendered 3639/3795, time remaining: 5s
Rendered 3640/3795, time remaining: 5s
Rendered 3641/3795, time remaining: 5s
Rendered 3642/3795, time remaining: 5s
Rendered 3643/3795, time remaining: 5s
Rendered 3644/3795, time remaining: 5s
Rendered 3645/3795, time remaining: 5s
Rendered 3646/3795, time remaining: 5s
Rendered 3647/3795, time remaining: 5s
Rendered 3648/3795, time remaining: 4s
Rendered 3649/3795, time remaining: 4s
Rendered 3650/3795, time remaining: 4s
Rendered 3651/3795, time remaining: 4s
Rendered 3652/3795, time remaining: 4s
Rendered 3653/3795, time remaining: 4s
Rendered 3654/3795, time remaining: 4s
Rendered 3655/3795, time remaining: 4s
Rendered 3656/3795, time remaining: 4s
Rendered 3657/3795, time remaining: 4s
Rendered 3658/3795, time remaining: 4s
Rendered 3659/3795, time remaining: 4s
Rendered 3660/3795, time remaining: 4s
Rendered 3661/3795, time remaining: 4s
Rendered 3662/3795, time remaining: 4s
Rendered 3663/3795, time remaining: 4s
Rendered 3664/3795, time remaining: 4s
Rendered 3665/3795, time remaining: 4s
Rendered 3666/3795, time remaining: 4s
Rendered 3667/3795, time remaining: 4s
Rendered 3668/3795, time remaining: 4s
Rendered 3669/3795, time remaining: 4s
Rendered 3670/3795, time remaining: 4s
Rendered 3671/3795, time remaining: 4s
Rendered 3672/3795, time remaining: 4s
Rendered 3673/3795, time remaining: 4s
Rendered 3674/3795, time remaining: 4s
Rendered 3675/3795, time remaining: 4s
Rendered 3676/3795, time remaining: 3s
Rendered 3677/3795, time remaining: 4s
Rendered 3678/3795, time remaining: 4s
Rendered 3679/3795, time remaining: 3s
Rendered 3680/3795, time remaining: 3s
Rendered 3681/3795, time remaining: 3s
Rendered 3682/3795, time remaining: 3s
Rendered 3683/3795, time remaining: 3s
Rendered 3684/3795, time remaining: 3s
Rendered 3685/3795, time remaining: 3s
Rendered 3686/3795, time remaining: 3s
Rendered 3687/3795, time remaining: 3s
Rendered 3688/3795, time remaining: 3s
Rendered 3689/3795, time remaining: 3s
Rendered 3690/3795, time remaining: 3s
Rendered 3691/3795, time remaining: 3s
Rendered 3692/3795, time remaining: 3s
Rendered 3693/3795, time remaining: 3s
Rendered 3694/3795, time remaining: 3s
Rendered 3695/3795, time remaining: 3s
Rendered 3696/3795, time remaining: 3s
Rendered 3697/3795, time remaining: 3s
Rendered 3698/3795, time remaining: 3s
Rendered 3699/3795, time remaining: 3s
Rendered 3700/3795, time remaining: 3s
Rendered 3701/3795, time remaining: 3s
Rendered 3702/3795, time remaining: 3s
Rendered 3703/3795, time remaining: 3s
Rendered 3704/3795, time remaining: 3s
Rendered 3705/3795, time remaining: 3s
Rendered 3706/3795, time remaining: 3s
Rendered 3707/3795, time remaining: 2s
Rendered 3708/3795, time remaining: 2s
Rendered 3709/3795, time remaining: 2s
Rendered 3710/3795, time remaining: 2s
Rendered 3711/3795, time remaining: 2s
Rendered 3712/3795, time remaining: 2s
Rendered 3713/3795, time remaining: 2s
Rendered 3714/3795, time remaining: 2s
Rendered 3715/3795, time remaining: 2s
Rendered 3716/3795, time remaining: 2s
Rendered 3717/3795, time remaining: 2s
Rendered 3718/3795, time remaining: 2s
Rendered 3719/3795, time remaining: 2s
Rendered 3720/3795, time remaining: 2s
Rendered 3721/3795, time remaining: 2s
Rendered 3722/3795, time remaining: 2s
Rendered 3723/3795, time remaining: 2s
Rendered 3724/3795, time remaining: 2s
Rendered 3725/3795, time remaining: 2s
Rendered 3726/3795, time remaining: 2s
Rendered 3727/3795, time remaining: 2s
Rendered 3728/3795, time remaining: 2s
Rendered 3729/3795, time remaining: 2s
Rendered 3730/3795, time remaining: 2s
Rendered 3731/3795, time remaining: 2s
Rendered 3732/3795, time remaining: 2s
Rendered 3733/3795, time remaining: 2s
Rendered 3734/3795, time remaining: 2s
Rendered 3735/3795, time remaining: 2s
Rendered 3736/3795, time remaining: 2s
Rendered 3737/3795, time remaining: 1s
Rendered 3738/3795, time remaining: 1s
Rendered 3739/3795, time remaining: 1s
Rendered 3740/3795, time remaining: 1s
Rendered 3741/3795, time remaining: 1s
Rendered 3742/3795, time remaining: 1s
Rendered 3743/3795, time remaining: 1s
Rendered 3744/3795, time remaining: 1s
Rendered 3745/3795, time remaining: 1s
Rendered 3746/3795, time remaining: 1s
Rendered 3747/3795, time remaining: 1s
Rendered 3748/3795, time remaining: 1s
Rendered 3749/3795, time remaining: 1s
Rendered 3750/3795, time remaining: 1s
Rendered 3751/3795, time remaining: 1s
Rendered 3752/3795, time remaining: 1s
Rendered 3753/3795, time remaining: 1s
Rendered 3754/3795, time remaining: 1s
Rendered 3755/3795, time remaining: 1s
Rendered 3756/3795, time remaining: 1s
Rendered 3757/3795, time remaining: 1s
Rendered 3758/3795, time remaining: 1s
Rendered 3759/3795, time remaining: 1s
Rendered 3760/3795, time remaining: 1s
Rendered 3761/3795, time remaining: 1s
Rendered 3762/3795, time remaining: 1s
Rendered 3763/3795, time remaining: 1s
Rendered 3764/3795, time remaining: 1s
Rendered 3765/3795, time remaining: 1s
Rendered 3766/3795, time remaining: 0s
Rendered 3767/3795, time remaining: 0s
Rendered 3768/3795, time remaining: 0s
Rendered 3769/3795, time remaining: 0s
Rendered 3770/3795, time remaining: 0s
Rendered 3771/3795, time remaining: 0s
Rendered 3772/3795, time remaining: 0s
Rendered 3773/3795, time remaining: 0s
Rendered 3774/3795, time remaining: 0s
Rendered 3775/3795, time remaining: 0s
Rendered 3776/3795, time remaining: 0s
Rendered 3777/3795, time remaining: 0s
Rendered 3778/3795, time remaining: 0s
Rendered 3779/3795, time remaining: 0s
Rendered 3780/3795, time remaining: 0s
Rendered 3781/3795, time remaining: 0s
Rendered 3782/3795, time remaining: 0s
Rendered 3783/3795, time remaining: 0s
Rendered 3784/3795, time remaining: 0s
Rendered 3785/3795, time remaining: 0s
Rendered 3786/3795, time remaining: 0s
Rendered 3787/3795, time remaining: 0s
Rendered 3788/3795, time remaining: 0s
Rendered 3789/3795, time remaining: 0s
Rendered 3790/3795, time remaining: 0s
Rendered 3791/3795, time remaining: 0s
Rendered 3792/3795, time remaining: 0s
Rendered 3793/3795, time remaining: 0s
Rendered 3794/3795, time remaining: 0s
Rendered 3795/3795
Encoded 35/3795
Encoded 133/3795
Encoded 225/3795
Encoded 316/3795
Encoded 407/3795
Encoded 484/3795
Encoded 565/3795
Encoded 645/3795
Encoded 726/3795
Encoded 812/3795
Encoded 905/3795
Encoded 984/3795
Encoded 1074/3795
Encoded 1151/3795
Encoded 1246/3795
Encoded 1336/3795
Encoded 1415/3795
Encoded 1511/3795
Encoded 1605/3795
Encoded 1685/3795
Encoded 1764/3795
Encoded 1830/3795
Encoded 1928/3795
Encoded 2004/3795
Encoded 2087/3795
Encoded 2185/3795
Encoded 2296/3795
Encoded 2385/3795
Encoded 2478/3795
Encoded 2582/3795
Encoded 2692/3795
Encoded 2781/3795
Encoded 2853/3795
Encoded 2943/3795
Encoded 3033/3795
Encoded 3110/3795
Encoded 3198/3795
Encoded 3280/3795
Encoded 3381/3795
Encoded 3462/3795
Encoded 3553/3795
Encoded 3644/3795
Encoded 3745/3795
Encoded 3795/3795
+                    ../projects/import-china-india-te/renders/ch09.mp4 15.8 MB
Bundling 6%
Bundling 16%
Bundling 64%
Bundling 69%
Bundling 74%
Bundling 80%
Bundling 85%
Bundling 90%
Bundling 95%
Bundling 100%
Getting composition
Composition          Explainer
Codec                h264
Output               ../projects/import-china-india-te/renders/ch10.mp4
Concurrency          8x
Rendered 0/3839
Rendered 1/3839, time remaining: 1h 6m 50s
Rendered 2/3839, time remaining: 33m 30s
Rendered 3/3839, time remaining: 22m 21s
Rendered 4/3839, time remaining: 16m 45s
Rendered 5/3839, time remaining: 13m 25s
Rendered 6/3839, time remaining: 11m 11s
Rendered 7/3839, time remaining: 9m 35s
Rendered 8/3839, time remaining: 8m 24s
Rendered 9/3839, time remaining: 9m 14s
Rendered 10/3839, time remaining: 8m 35s
Rendered 11/3839, time remaining: 7m 50s
Rendered 12/3839, time remaining: 7m 11s
Rendered 13/3839, time remaining: 6m 40s
Rendered 14/3839, time remaining: 6m 14s
Rendered 15/3839, time remaining: 5m 52s
Rendered 16/3839, time remaining: 5m 46s
Rendered 17/3839, time remaining: 6m 10s
Rendered 18/3839, time remaining: 5m 50s
Rendered 19/3839, time remaining: 5m 36s
Rendered 20/3839, time remaining: 5m 29s
Rendered 21/3839, time remaining: 5m 15s
Rendered 22/3839, time remaining: 5m 1s
Rendered 23/3839, time remaining: 4m 53s
Rendered 24/3839, time remaining: 4m 57s
Rendered 25/3839, time remaining: 4m 48s
Rendered 26/3839, time remaining: 4m 49s
Rendered 27/3839, time remaining: 4m 39s
Rendered 28/3839, time remaining: 4m 32s
Rendered 29/3839, time remaining: 4m 27s
Rendered 30/3839, time remaining: 4m 34s
Rendered 31/3839, time remaining: 4m 25s
Rendered 32/3839, time remaining: 4m 18s
Rendered 33/3839, time remaining: 4m 10s
Rendered 34/3839, time remaining: 4m 5s
Rendered 35/3839, time remaining: 4m 9s
Rendered 36/3839, time remaining: 4m 2s
Rendered 37/3839, time remaining: 4m 4s
Rendered 38/3839, time remaining: 4m 4s
Rendered 39/3839, time remaining: 4m 1s
Rendered 40/3839, time remaining: 3m 56s
Rendered 41/3839, time remaining: 3m 50s
Rendered 42/3839, time remaining: 3m 46s
Rendered 43/3839, time remaining: 3m 47s
Rendered 44/3839, time remaining: 3m 42s
Rendered 45/3839, time remaining: 3m 37s
Rendered 46/3839, time remaining: 3m 42s
Rendered 47/3839, time remaining: 3m 39s
Rendered 48/3839, time remaining: 3m 36s
Rendered 49/3839, time remaining: 3m 38s
Rendered 50/3839, time remaining: 3m 34s
Rendered 51/3839, time remaining: 3m 34s
Rendered 52/3839, time remaining: 3m 30s
Rendered 53/3839, time remaining: 3m 26s
Rendered 54/3839, time remaining: 3m 23s
Rendered 55/3839, time remaining: 3m 30s
Rendered 56/3839, time remaining: 3m 27s
Rendered 57/3839, time remaining: 3m 23s
Rendered 58/3839, time remaining: 3m 20s
Rendered 59/3839, time remaining: 3m 22s
Rendered 60/3839, time remaining: 3m 19s
Rendered 61/3839, time remaining: 3m 15s
Rendered 62/3839, time remaining: 3m 19s
Rendered 63/3839, time remaining: 3m 19s
Rendered 64/3839, time remaining: 3m 16s
Rendered 65/3839, time remaining: 3m 13s
Rendered 66/3839, time remaining: 3m 14s
Rendered 67/3839, time remaining: 3m 11s
Rendered 68/3839, time remaining: 3m 8s
Rendered 69/3839, time remaining: 3m 6s
Rendered 70/3839, time remaining: 3m 11s
Rendered 71/3839, time remaining: 3m 8s
Rendered 72/3839, time remaining: 3m 5s
Rendered 73/3839, time remaining: 3m 4s
Rendered 74/3839, time remaining: 3m 9s
Rendered 75/3839, time remaining: 3m 6s
Rendered 76/3839, time remaining: 3m 5s
Rendered 77/3839, time remaining: 3m 2s
Rendered 78/3839, time remaining: 3m 5s
Rendered 79/3839, time remaining: 3m 2s
Rendered 80/3839, time remaining: 3m 1s
Rendered 81/3839, time remaining: 2m 59s
Rendered 82/3839, time remaining: 2m 59s
Rendered 83/3839, time remaining: 3m 2s
Rendered 84/3839, time remaining: 3m 0s
Rendered 85/3839, time remaining: 2m 58s
Rendered 86/3839, time remaining: 2m 56s
Rendered 87/3839, time remaining: 2m 57s
Rendered 88/3839, time remaining: 2m 55s
Rendered 89/3839, time remaining: 2m 53s
Rendered 90/3839, time remaining: 2m 51s
Rendered 91/3839, time remaining: 2m 57s
Rendered 92/3839, time remaining: 2m 55s
Rendered 93/3839, time remaining: 2m 53s
Rendered 94/3839, time remaining: 2m 51s
Rendered 95/3839, time remaining: 2m 51s
Rendered 96/3839, time remaining: 2m 50s
Rendered 97/3839, time remaining: 2m 48s
Rendered 98/3839, time remaining: 2m 53s
Rendered 99/3839, time remaining: 2m 52s
Rendered 100/3839, time remaining: 2m 50s
Rendered 101/3839, time remaining: 2m 52s
Rendered 102/3839, time remaining: 2m 50s
Rendered 103/3839, time remaining: 2m 50s
Rendered 104/3839, time remaining: 2m 48s
Rendered 105/3839, time remaining: 2m 47s
Rendered 106/3839, time remaining: 2m 47s
Rendered 107/3839, time remaining: 2m 45s
Rendered 108/3839, time remaining: 2m 44s
Rendered 109/3839, time remaining: 2m 48s
Rendered 110/3839, time remaining: 2m 46s
Rendered 111/3839, time remaining: 2m 45s
Rendered 112/3839, time remaining: 2m 43s
Rendered 113/3839, time remaining: 2m 42s
Rendered 114/3839, time remaining: 2m 44s
Rendered 115/3839, time remaining: 2m 46s
Rendered 116/3839, time remaining: 2m 44s
Rendered 117/3839, time remaining: 2m 43s
Rendered 118/3839, time remaining: 2m 44s
Rendered 119/3839, time remaining: 2m 42s
Rendered 120/3839, time remaining: 2m 41s
Rendered 121/3839, time remaining: 2m 43s
Rendered 122/3839, time remaining: 2m 42s
Rendered 123/3839, time remaining: 2m 41s
Rendered 124/3839, time remaining: 2m 40s
Rendered 125/3839, time remaining: 2m 41s
Rendered 126/3839, time remaining: 2m 40s
Rendered 127/3839, time remaining: 2m 41s
Rendered 128/3839, time remaining: 2m 40s
Rendered 129/3839, time remaining: 2m 40s
Rendered 130/3839, time remaining: 2m 40s
Rendered 131/3839, time remaining: 2m 39s
Rendered 132/3839, time remaining: 2m 38s
Rendered 133/3839, time remaining: 2m 37s
Rendered 134/3839, time remaining: 2m 39s
Rendered 135/3839, time remaining: 2m 39s
Rendered 136/3839, time remaining: 2m 38s
Rendered 137/3839, time remaining: 2m 37s
Rendered 138/3839, time remaining: 2m 36s
Rendered 139/3839, time remaining: 2m 35s
Rendered 140/3839, time remaining: 2m 35s
Rendered 141/3839, time remaining: 2m 35s
Rendered 142/3839, time remaining: 2m 37s
Rendered 143/3839, time remaining: 2m 37s
Rendered 144/3839, time remaining: 2m 36s
Rendered 145/3839, time remaining: 2m 35s
Rendered 146/3839, time remaining: 2m 36s
Rendered 147/3839, time remaining: 2m 35s
Rendered 148/3839, time remaining: 2m 34s
Rendered 149/3839, time remaining: 2m 33s
Rendered 150/3839, time remaining: 2m 37s
Rendered 151/3839, time remaining: 2m 11s
Rendered 152/3839, time remaining: 2m 11s
Rendered 153/3839, time remaining: 2m 11s
Rendered 154/3839, time remaining: 2m 13s
Rendered 155/3839, time remaining: 2m 13s
Rendered 156/3839, time remaining: 2m 13s
Rendered 157/3839, time remaining: 2m 13s
Rendered 158/3839, time remaining: 2m 16s
Rendered 159/3839, time remaining: 2m 12s
Rendered 160/3839, time remaining: 2m 11s
Rendered 161/3839, time remaining: 2m 11s
Rendered 162/3839, time remaining: 2m 10s
Rendered 163/3839, time remaining: 2m 12s
Rendered 164/3839, time remaining: 2m 13s
Rendered 165/3839, time remaining: 2m 13s
Rendered 166/3839, time remaining: 2m 12s
Rendered 167/3839, time remaining: 2m 8s
Rendered 168/3839, time remaining: 2m 11s
Rendered 169/3839, time remaining: 2m 10s
Rendered 170/3839, time remaining: 2m 10s
Rendered 171/3839, time remaining: 2m 9s
Rendered 172/3839, time remaining: 2m 9s
Rendered 173/3839, time remaining: 2m 9s
Rendered 174/3839, time remaining: 2m 9s
Rendered 175/3839, time remaining: 2m 8s
Rendered 176/3839, time remaining: 2m 9s
Rendered 177/3839, time remaining: 2m 9s
Rendered 178/3839, time remaining: 2m 9s
Rendered 179/3839, time remaining: 2m 9s
Rendered 180/3839, time remaining: 2m 6s
Rendered 181/3839, time remaining: 2m 6s
Rendered 182/3839, time remaining: 2m 10s
Rendered 183/3839, time remaining: 2m 10s
Rendered 184/3839, time remaining: 2m 10s
Rendered 185/3839, time remaining: 2m 8s
Rendered 186/3839, time remaining: 2m 8s
Rendered 187/3839, time remaining: 2m 6s
Rendered 188/3839, time remaining: 2m 5s
Rendered 189/3839, time remaining: 2m 5s
Rendered 190/3839, time remaining: 2m 9s
Rendered 191/3839, time remaining: 2m 9s
Rendered 192/3839, time remaining: 2m 8s
Rendered 193/3839, time remaining: 2m 8s
Rendered 194/3839, time remaining: 2m 8s
Rendered 195/3839, time remaining: 2m 9s
Rendered 196/3839, time remaining: 2m 8s
Rendered 197/3839, time remaining: 2m 8s
Rendered 198/3839, time remaining: 2m 8s
Rendered 199/3839, time remaining: 2m 5s
Rendered 200/3839, time remaining: 2m 8s
Rendered 201/3839, time remaining: 2m 6s
Rendered 202/3839, time remaining: 2m 6s
Rendered 203/3839, time remaining: 2m 9s
Rendered 204/3839, time remaining: 2m 8s
Rendered 205/3839, time remaining: 2m 7s
Rendered 206/3839, time remaining: 2m 7s
Rendered 207/3839, time remaining: 2m 7s
Rendered 208/3839, time remaining: 2m 8s
Rendered 209/3839, time remaining: 2m 5s
Rendered 210/3839, time remaining: 2m 8s
Rendered 211/3839, time remaining: 2m 9s
Rendered 212/3839, time remaining: 2m 6s
Rendered 213/3839, time remaining: 2m 7s
Rendered 214/3839, time remaining: 2m 7s
Rendered 215/3839, time remaining: 2m 7s
Rendered 216/3839, time remaining: 2m 5s
Rendered 217/3839, time remaining: 2m 8s
Rendered 218/3839, time remaining: 2m 8s
Rendered 219/3839, time remaining: 2m 10s
Rendered 220/3839, time remaining: 2m 6s
Rendered 221/3839, time remaining: 2m 8s
Rendered 222/3839, time remaining: 2m 8s
Rendered 223/3839, time remaining: 2m 7s
Rendered 224/3839, time remaining: 2m 3s
Rendered 225/3839, time remaining: 2m 7s
Rendered 226/3839, time remaining: 2m 8s
Rendered 227/3839, time remaining: 2m 8s
Rendered 228/3839, time remaining: 2m 5s
Rendered 229/3839, time remaining: 2m 8s
Rendered 230/3839, time remaining: 2m 8s
Rendered 231/3839, time remaining: 2m 8s
Rendered 232/3839, time remaining: 2m 7s
Rendered 233/3839, time remaining: 2m 7s
Rendered 234/3839, time remaining: 2m 7s
Rendered 235/3839, time remaining: 2m 7s
Rendered 236/3839, time remaining: 2m 7s
Rendered 237/3839, time remaining: 2m 7s
Rendered 238/3839, time remaining: 2m 7s
Rendered 239/3839, time remaining: 2m 7s
Rendered 240/3839, time remaining: 2m 7s
Rendered 241/3839, time remaining: 2m 6s
Rendered 242/3839, time remaining: 2m 7s
Rendered 243/3839, time remaining: 2m 7s
Rendered 244/3839, time remaining: 2m 8s
Rendered 245/3839, time remaining: 2m 7s
Rendered 246/3839, time remaining: 2m 7s
Rendered 247/3839, time remaining: 2m 9s
Rendered 248/3839, time remaining: 2m 4s
Rendered 249/3839, time remaining: 2m 4s
Rendered 250/3839, time remaining: 2m 7s
Rendered 251/3839, time remaining: 2m 6s
Rendered 252/3839, time remaining: 2m 6s
Rendered 253/3839, time remaining: 2m 6s
Rendered 254/3839, time remaining: 2m 6s
Rendered 255/3839, time remaining: 2m 6s
Rendered 256/3839, time remaining: 2m 5s
Rendered 257/3839, time remaining: 2m 7s
Rendered 258/3839, time remaining: 2m 10s
Rendered 259/3839, time remaining: 2m 6s
Rendered 260/3839, time remaining: 2m 6s
Rendered 261/3839, time remaining: 2m 8s
Rendered 262/3839, time remaining: 2m 8s
Rendered 263/3839, time remaining: 2m 8s
Rendered 264/3839, time remaining: 2m 5s
Rendered 265/3839, time remaining: 2m 7s
Rendered 266/3839, time remaining: 2m 7s
Rendered 267/3839, time remaining: 2m 7s
Rendered 268/3839, time remaining: 2m 6s
Rendered 269/3839, time remaining: 2m 6s
Rendered 270/3839, time remaining: 2m 8s
Rendered 271/3839, time remaining: 2m 5s
Rendered 272/3839, time remaining: 2m 5s
Rendered 273/3839, time remaining: 2m 5s
Rendered 274/3839, time remaining: 2m 5s
Rendered 275/3839, time remaining: 2m 6s
Rendered 276/3839, time remaining: 2m 7s
Rendered 277/3839, time remaining: 2m 5s
Rendered 278/3839, time remaining: 2m 8s
Rendered 279/3839, time remaining: 2m 7s
Rendered 280/3839, time remaining: 2m 6s
Rendered 281/3839, time remaining: 2m 6s
Rendered 282/3839, time remaining: 2m 6s
Rendered 283/3839, time remaining: 2m 7s
Rendered 284/3839, time remaining: 2m 4s
Rendered 285/3839, time remaining: 2m 3s
Rendered 286/3839, time remaining: 2m 6s
Rendered 287/3839, time remaining: 2m 6s
Rendered 288/3839, time remaining: 2m 7s
Rendered 289/3839, time remaining: 2m 7s
Rendered 290/3839, time remaining: 2m 7s
Rendered 291/3839, time remaining: 2m 6s
Rendered 292/3839, time remaining: 2m 5s
Rendered 293/3839, time remaining: 2m 4s
Rendered 294/3839, time remaining: 2m 5s
Rendered 295/3839, time remaining: 2m 5s
Rendered 296/3839, time remaining: 2m 5s
Rendered 297/3839, time remaining: 2m 6s
Rendered 298/3839, time remaining: 2m 7s
Rendered 299/3839, time remaining: 2m 7s
Rendered 300/3839, time remaining: 2m 2s
Rendered 301/3839, time remaining: 2m 3s
Rendered 302/3839, time remaining: 2m 3s
Rendered 303/3839, time remaining: 2m 6s
Rendered 304/3839, time remaining: 2m 5s
Rendered 305/3839, time remaining: 2m 5s
Rendered 306/3839, time remaining: 2m 5s
Rendered 307/3839, time remaining: 2m 5s
Rendered 308/3839, time remaining: 2m 3s
Rendered 309/3839, time remaining: 2m 1s
Rendered 310/3839, time remaining: 2m 2s
Rendered 311/3839, time remaining: 2m 5s
Rendered 312/3839, time remaining: 2m 6s
Rendered 313/3839, time remaining: 2m 5s
Rendered 314/3839, time remaining: 2m 3s
Rendered 315/3839, time remaining: 2m 4s
Rendered 316/3839, time remaining: 2m 4s
Rendered 317/3839, time remaining: 2m 4s
Rendered 318/3839, time remaining: 2m 1s
Rendered 319/3839, time remaining: 2m 2s
Rendered 320/3839, time remaining: 2m 4s
Rendered 321/3839, time remaining: 2m 4s
Rendered 322/3839, time remaining: 2m 5s
Rendered 323/3839, time remaining: 2m 5s
Rendered 324/3839, time remaining: 2m 3s
Rendered 325/3839, time remaining: 2m 3s
Rendered 326/3839, time remaining: 2m 2s
Rendered 327/3839, time remaining: 2m 3s
Rendered 328/3839, time remaining: 2m 3s
Rendered 329/3839, time remaining: 2m 3s
Rendered 330/3839, time remaining: 2m 3s
Rendered 331/3839, time remaining: 2m 3s
Rendered 332/3839, time remaining: 1m 59s
Rendered 333/3839, time remaining: 2m 0s
Rendered 334/3839, time remaining: 2m 2s
Rendered 335/3839, time remaining: 2m 2s
Rendered 336/3839, time remaining: 2m 2s
Rendered 337/3839, time remaining: 2m 3s
Rendered 338/3839, time remaining: 2m 3s
Rendered 339/3839, time remaining: 2m 3s
Rendered 340/3839, time remaining: 2m 1s
Rendered 341/3839, time remaining: 2m 1s
Rendered 342/3839, time remaining: 2m 1s
Rendered 343/3839, time remaining: 2m 1s
Rendered 344/3839, time remaining: 2m 1s
Rendered 345/3839, time remaining: 2m 3s
Rendered 346/3839, time remaining: 2m 1s
Rendered 347/3839, time remaining: 2m 1s
Rendered 348/3839, time remaining: 2m 0s
Rendered 349/3839, time remaining: 2m 2s
Rendered 350/3839, time remaining: 2m 0s
Rendered 351/3839, time remaining: 2m 1s
Rendered 352/3839, time remaining: 2m 3s
Rendered 353/3839, time remaining: 2m 2s
Rendered 354/3839, time remaining: 2m 2s
Rendered 355/3839, time remaining: 1m 59s
Rendered 356/3839, time remaining: 1m 59s
Rendered 357/3839, time remaining: 2m 2s
Rendered 358/3839, time remaining: 2m 1s
Rendered 359/3839, time remaining: 2m 2s
Rendered 360/3839, time remaining: 2m 1s
Rendered 361/3839, time remaining: 2m 0s
Rendered 362/3839, time remaining: 2m 0s
Rendered 363/3839, time remaining: 1m 58s
Rendered 364/3839, time remaining: 2m 0s
Rendered 365/3839, time remaining: 2m 0s
Rendered 366/3839, time remaining: 2m 0s
Rendered 367/3839, time remaining: 1m 59s
Rendered 368/3839, time remaining: 2m 1s
Rendered 369/3839, time remaining: 2m 1s
Rendered 370/3839, time remaining: 2m 1s
Rendered 371/3839, time remaining: 2m 0s
Rendered 372/3839, time remaining: 2m 0s
Rendered 373/3839, time remaining: 2m 0s
Rendered 374/3839, time remaining: 2m 0s
Rendered 375/3839, time remaining: 1m 57s
Rendered 376/3839, time remaining: 1m 57s
Rendered 377/3839, time remaining: 1m 58s
Rendered 378/3839, time remaining: 1m 58s
Rendered 379/3839, time remaining: 1m 55s
Rendered 380/3839, time remaining: 1m 55s
Rendered 381/3839, time remaining: 1m 55s
Rendered 382/3839, time remaining: 1m 56s
Rendered 383/3839, time remaining: 1m 53s
Rendered 384/3839, time remaining: 1m 53s
Rendered 385/3839, time remaining: 1m 54s
Rendered 386/3839, time remaining: 1m 54s
Rendered 387/3839, time remaining: 1m 52s
Rendered 388/3839, time remaining: 1m 52s
Rendered 389/3839, time remaining: 1m 53s
Rendered 390/3839, time remaining: 1m 53s
Rendered 391/3839, time remaining: 1m 51s
Rendered 392/3839, time remaining: 1m 49s
Rendered 393/3839, time remaining: 1m 50s
Rendered 394/3839, time remaining: 1m 50s
Rendered 395/3839, time remaining: 1m 50s
Rendered 396/3839, time remaining: 1m 50s
Rendered 397/3839, time remaining: 1m 50s
Rendered 398/3839, time remaining: 1m 52s
Rendered 399/3839, time remaining: 1m 53s
Rendered 400/3839, time remaining: 1m 50s
Rendered 401/3839, time remaining: 1m 49s
Rendered 402/3839, time remaining: 1m 49s
Rendered 403/3839, time remaining: 1m 49s
Rendered 404/3839, time remaining: 1m 51s
Rendered 405/3839, time remaining: 1m 51s
Rendered 406/3839, time remaining: 1m 54s
Rendered 407/3839, time remaining: 1m 51s
Rendered 408/3839, time remaining: 1m 49s
Rendered 409/3839, time remaining: 1m 49s
Rendered 410/3839, time remaining: 1m 51s
Rendered 411/3839, time remaining: 1m 49s
Rendered 412/3839, time remaining: 1m 49s
Rendered 413/3839, time remaining: 1m 50s
Rendered 414/3839, time remaining: 1m 52s
Rendered 415/3839, time remaining: 1m 50s
Rendered 416/3839, time remaining: 1m 50s
Rendered 417/3839, time remaining: 1m 50s
Rendered 418/3839, time remaining: 1m 49s
Rendered 419/3839, time remaining: 1m 49s
Rendered 420/3839, time remaining: 1m 47s
Rendered 421/3839, time remaining: 1m 51s
Rendered 422/3839, time remaining: 1m 52s
Rendered 423/3839, time remaining: 1m 51s
Rendered 424/3839, time remaining: 1m 51s
Rendered 425/3839, time remaining: 1m 50s
Rendered 426/3839, time remaining: 1m 48s
Rendered 427/3839, time remaining: 1m 49s
Rendered 428/3839, time remaining: 1m 48s
Rendered 429/3839, time remaining: 1m 48s
Rendered 430/3839, time remaining: 1m 51s
Rendered 431/3839, time remaining: 1m 51s
Rendered 432/3839, time remaining: 1m 50s
Rendered 433/3839, time remaining: 1m 49s
Rendered 434/3839, time remaining: 1m 49s
Rendered 435/3839, time remaining: 1m 50s
Rendered 436/3839, time remaining: 1m 48s
Rendered 437/3839, time remaining: 1m 49s
Rendered 438/3839, time remaining: 1m 49s
Rendered 439/3839, time remaining: 1m 49s
Rendered 440/3839, time remaining: 1m 48s
Rendered 441/3839, time remaining: 1m 48s
Rendered 442/3839, time remaining: 1m 49s
Rendered 443/3839, time remaining: 1m 48s
Rendered 444/3839, time remaining: 1m 50s
Rendered 445/3839, time remaining: 1m 50s
Rendered 446/3839, time remaining: 1m 49s
Rendered 447/3839, time remaining: 1m 48s
Rendered 448/3839, time remaining: 1m 47s
Rendered 449/3839, time remaining: 1m 48s
Rendered 450/3839, time remaining: 1m 49s
Rendered 451/3839, time remaining: 1m 49s
Rendered 452/3839, time remaining: 1m 49s
Rendered 453/3839, time remaining: 1m 49s
Rendered 454/3839, time remaining: 1m 49s
Rendered 455/3839, time remaining: 1m 49s
Rendered 456/3839, time remaining: 1m 49s
Rendered 457/3839, time remaining: 1m 49s
Rendered 458/3839, time remaining: 1m 49s
Rendered 459/3839, time remaining: 1m 49s
Rendered 460/3839, time remaining: 1m 49s
Rendered 461/3839, time remaining: 1m 48s
Rendered 462/3839, time remaining: 1m 49s
Rendered 463/3839, time remaining: 1m 49s
Rendered 464/3839, time remaining: 1m 50s
Rendered 465/3839, time remaining: 1m 49s
Rendered 466/3839, time remaining: 1m 49s
Rendered 467/3839, time remaining: 1m 48s
Rendered 468/3839, time remaining: 1m 48s
Rendered 469/3839, time remaining: 1m 49s
Rendered 470/3839, time remaining: 1m 48s
Rendered 471/3839, time remaining: 1m 48s
Rendered 472/3839, time remaining: 1m 47s
Rendered 473/3839, time remaining: 1m 49s
Rendered 474/3839, time remaining: 1m 49s
Rendered 475/3839, time remaining: 1m 49s
Rendered 476/3839, time remaining: 1m 50s
Rendered 477/3839, time remaining: 1m 49s
Rendered 478/3839, time remaining: 1m 49s
Rendered 479/3839, time remaining: 1m 48s
Rendered 480/3839, time remaining: 1m 49s
Rendered 481/3839, time remaining: 1m 49s
Rendered 482/3839, time remaining: 1m 50s
Rendered 483/3839, time remaining: 1m 50s
Rendered 484/3839, time remaining: 1m 50s
Rendered 485/3839, time remaining: 1m 49s
Rendered 486/3839, time remaining: 1m 49s
Rendered 487/3839, time remaining: 1m 47s
Rendered 488/3839, time remaining: 1m 47s
Rendered 489/3839, time remaining: 1m 49s
Rendered 490/3839, time remaining: 1m 47s
Rendered 491/3839, time remaining: 1m 49s
Rendered 492/3839, time remaining: 1m 50s
Rendered 493/3839, time remaining: 1m 48s
Rendered 494/3839, time remaining: 1m 49s
Rendered 495/3839, time remaining: 1m 47s
Rendered 496/3839, time remaining: 1m 48s
Rendered 497/3839, time remaining: 1m 48s
Rendered 498/3839, time remaining: 1m 48s
Rendered 499/3839, time remaining: 1m 49s
Rendered 500/3839, time remaining: 1m 50s
Rendered 501/3839, time remaining: 1m 49s
Rendered 502/3839, time remaining: 1m 48s
Rendered 503/3839, time remaining: 1m 46s
Rendered 504/3839, time remaining: 1m 46s
Rendered 505/3839, time remaining: 1m 46s
Rendered 506/3839, time remaining: 1m 49s
Rendered 507/3839, time remaining: 1m 47s
Rendered 508/3839, time remaining: 1m 49s
Rendered 509/3839, time remaining: 1m 48s
Rendered 510/3839, time remaining: 1m 47s
Rendered 511/3839, time remaining: 1m 49s
Rendered 512/3839, time remaining: 1m 49s
Rendered 513/3839, time remaining: 1m 50s
Rendered 514/3839, time remaining: 1m 49s
Rendered 515/3839, time remaining: 1m 49s
Rendered 516/3839, time remaining: 1m 49s
Rendered 517/3839, time remaining: 1m 50s
Rendered 518/3839, time remaining: 1m 48s
Rendered 519/3839, time remaining: 1m 47s
Rendered 520/3839, time remaining: 1m 47s
Rendered 521/3839, time remaining: 1m 47s
Rendered 522/3839, time remaining: 1m 47s
Rendered 523/3839, time remaining: 1m 48s
Rendered 524/3839, time remaining: 1m 49s
Rendered 525/3839, time remaining: 1m 49s
Rendered 526/3839, time remaining: 1m 51s
Rendered 527/3839, time remaining: 1m 50s
Rendered 528/3839, time remaining: 1m 51s
Rendered 529/3839, time remaining: 1m 51s
Rendered 530/3839, time remaining: 1m 51s
Rendered 531/3839, time remaining: 1m 51s
Rendered 532/3839, time remaining: 1m 52s
Rendered 533/3839, time remaining: 1m 52s
Rendered 534/3839, time remaining: 1m 55s
Rendered 535/3839, time remaining: 1m 54s
Rendered 536/3839, time remaining: 1m 54s
Rendered 537/3839, time remaining: 1m 54s
Rendered 538/3839, time remaining: 1m 55s
Rendered 539/3839, time remaining: 1m 55s
Rendered 540/3839, time remaining: 1m 56s
Rendered 541/3839, time remaining: 1m 55s
Rendered 542/3839, time remaining: 1m 55s
Rendered 543/3839, time remaining: 1m 55s
Rendered 544/3839, time remaining: 1m 55s
Rendered 545/3839, time remaining: 1m 55s
Rendered 546/3839, time remaining: 1m 58s
Rendered 547/3839, time remaining: 1m 56s
Rendered 548/3839, time remaining: 1m 56s
Rendered 549/3839, time remaining: 1m 56s
Rendered 550/3839, time remaining: 1m 55s
Rendered 551/3839, time remaining: 1m 55s
Rendered 552/3839, time remaining: 1m 55s
Rendered 553/3839, time remaining: 1m 56s
Rendered 554/3839, time remaining: 1m 56s
Rendered 555/3839, time remaining: 1m 56s
Rendered 556/3839, time remaining: 1m 54s
Rendered 557/3839, time remaining: 1m 56s
Rendered 558/3839, time remaining: 1m 55s
Rendered 559/3839, time remaining: 1m 55s
Rendered 560/3839, time remaining: 1m 53s
Rendered 561/3839, time remaining: 1m 53s
Rendered 562/3839, time remaining: 1m 56s
Rendered 563/3839, time remaining: 1m 55s
Rendered 564/3839, time remaining: 1m 55s
Rendered 565/3839, time remaining: 1m 53s
Rendered 566/3839, time remaining: 1m 53s
Rendered 567/3839, time remaining: 1m 55s
Rendered 568/3839, time remaining: 1m 55s
Rendered 569/3839, time remaining: 1m 56s
Rendered 570/3839, time remaining: 1m 55s
Rendered 571/3839, time remaining: 1m 54s
Rendered 572/3839, time remaining: 1m 53s
Rendered 573/3839, time remaining: 1m 53s
Rendered 574/3839, time remaining: 1m 55s
Rendered 575/3839, time remaining: 1m 55s
Rendered 576/3839, time remaining: 1m 55s
Rendered 577/3839, time remaining: 1m 56s
Rendered 578/3839, time remaining: 1m 53s
Rendered 579/3839, time remaining: 1m 54s
Rendered 580/3839, time remaining: 1m 53s
Rendered 581/3839, time remaining: 1m 53s
Rendered 582/3839, time remaining: 1m 55s
Rendered 583/3839, time remaining: 1m 55s
Rendered 584/3839, time remaining: 1m 55s
Rendered 585/3839, time remaining: 1m 55s
Rendered 586/3839, time remaining: 1m 54s
Rendered 587/3839, time remaining: 1m 53s
Rendered 588/3839, time remaining: 1m 54s
Rendered 589/3839, time remaining: 1m 55s
Rendered 590/3839, time remaining: 1m 56s
Rendered 591/3839, time remaining: 1m 56s
Rendered 592/3839, time remaining: 1m 54s
Rendered 593/3839, time remaining: 1m 55s
Rendered 594/3839, time remaining: 1m 53s
Rendered 595/3839, time remaining: 1m 54s
Rendered 596/3839, time remaining: 1m 54s
Rendered 597/3839, time remaining: 1m 54s
Rendered 598/3839, time remaining: 1m 56s
Rendered 599/3839, time remaining: 1m 56s
Rendered 600/3839, time remaining: 1m 53s
Rendered 601/3839, time remaining: 1m 53s
Rendered 602/3839, time remaining: 1m 54s
Rendered 603/3839, time remaining: 1m 51s
Rendered 604/3839, time remaining: 1m 55s
Rendered 605/3839, time remaining: 1m 54s
Rendered 606/3839, time remaining: 1m 54s
Rendered 607/3839, time remaining: 1m 55s
Rendered 608/3839, time remaining: 1m 55s
Rendered 609/3839, time remaining: 1m 55s
Rendered 610/3839, time remaining: 1m 53s
Rendered 611/3839, time remaining: 1m 55s
Rendered 612/3839, time remaining: 1m 53s
Rendered 613/3839, time remaining: 1m 53s
Rendered 614/3839, time remaining: 1m 52s
Rendered 615/3839, time remaining: 1m 54s
Rendered 616/3839, time remaining: 1m 55s
Rendered 617/3839, time remaining: 1m 55s
Rendered 618/3839, time remaining: 1m 55s
Rendered 619/3839, time remaining: 1m 55s
Rendered 620/3839, time remaining: 1m 54s
Rendered 621/3839, time remaining: 1m 54s
Rendered 622/3839, time remaining: 1m 54s
Rendered 623/3839, time remaining: 1m 53s
Rendered 624/3839, time remaining: 1m 54s
Rendered 625/3839, time remaining: 1m 54s
Rendered 626/3839, time remaining: 1m 51s
Rendered 627/3839, time remaining: 1m 53s
Rendered 628/3839, time remaining: 1m 54s
Rendered 629/3839, time remaining: 1m 53s
Rendered 630/3839, time remaining: 1m 52s
Rendered 631/3839, time remaining: 1m 54s
Rendered 632/3839, time remaining: 1m 52s
Rendered 633/3839, time remaining: 1m 53s
Rendered 634/3839, time remaining: 1m 50s
Rendered 635/3839, time remaining: 1m 52s
Rendered 636/3839, time remaining: 1m 53s
Rendered 637/3839, time remaining: 1m 54s
Rendered 638/3839, time remaining: 1m 53s
Rendered 639/3839, time remaining: 1m 54s
Rendered 640/3839, time remaining: 1m 54s
Rendered 641/3839, time remaining: 1m 52s
Rendered 642/3839, time remaining: 1m 51s
Rendered 643/3839, time remaining: 1m 51s
Rendered 644/3839, time remaining: 1m 54s
Rendered 645/3839, time remaining: 1m 54s
Rendered 646/3839, time remaining: 1m 52s
Rendered 647/3839, time remaining: 1m 53s
Rendered 648/3839, time remaining: 1m 53s
Rendered 649/3839, time remaining: 1m 52s
Rendered 650/3839, time remaining: 1m 51s
Rendered 651/3839, time remaining: 1m 51s
Rendered 652/3839, time remaining: 1m 51s
Rendered 653/3839, time remaining: 1m 52s
Rendered 654/3839, time remaining: 1m 52s
Rendered 655/3839, time remaining: 1m 53s
Rendered 656/3839, time remaining: 1m 51s
Rendered 657/3839, time remaining: 1m 51s
Rendered 658/3839, time remaining: 1m 51s
Rendered 659/3839, time remaining: 1m 51s
Rendered 660/3839, time remaining: 1m 53s
Rendered 661/3839, time remaining: 1m 50s
Rendered 662/3839, time remaining: 1m 51s
Rendered 663/3839, time remaining: 1m 51s
Rendered 664/3839, time remaining: 1m 50s
Rendered 665/3839, time remaining: 1m 51s
Rendered 666/3839, time remaining: 1m 52s
Rendered 667/3839, time remaining: 1m 49s
Rendered 668/3839, time remaining: 1m 48s
Rendered 669/3839, time remaining: 1m 50s
Rendered 670/3839, time remaining: 1m 50s
Rendered 671/3839, time remaining: 1m 52s
Rendered 672/3839, time remaining: 1m 53s
Rendered 673/3839, time remaining: 1m 52s
Rendered 674/3839, time remaining: 1m 51s
Rendered 675/3839, time remaining: 1m 52s
Rendered 676/3839, time remaining: 1m 50s
Rendered 677/3839, time remaining: 1m 51s
Rendered 678/3839, time remaining: 1m 50s
Rendered 679/3839, time remaining: 1m 50s
Rendered 680/3839, time remaining: 1m 50s
Rendered 681/3839, time remaining: 1m 50s
Rendered 682/3839, time remaining: 1m 51s
Rendered 683/3839, time remaining: 1m 52s
Rendered 684/3839, time remaining: 1m 49s
Rendered 685/3839, time remaining: 1m 50s
Rendered 686/3839, time remaining: 1m 50s
Rendered 687/3839, time remaining: 1m 49s
Rendered 688/3839, time remaining: 1m 50s
Rendered 689/3839, time remaining: 1m 49s
Rendered 690/3839, time remaining: 1m 49s
Rendered 691/3839, time remaining: 1m 51s
Rendered 692/3839, time remaining: 1m 51s
Rendered 693/3839, time remaining: 1m 49s
Rendered 694/3839, time remaining: 1m 49s
Rendered 695/3839, time remaining: 1m 50s
Rendered 696/3839, time remaining: 1m 48s
Rendered 697/3839, time remaining: 1m 50s
Rendered 698/3839, time remaining: 1m 48s
Rendered 699/3839, time remaining: 1m 48s
Rendered 700/3839, time remaining: 1m 50s
Rendered 701/3839, time remaining: 1m 50s
Rendered 702/3839, time remaining: 1m 50s
Rendered 703/3839, time remaining: 1m 48s
Rendered 704/3839, time remaining: 1m 47s
Rendered 705/3839, time remaining: 1m 50s
Rendered 706/3839, time remaining: 1m 48s
Rendered 707/3839, time remaining: 1m 48s
Rendered 708/3839, time remaining: 1m 48s
Rendered 709/3839, time remaining: 1m 48s
Rendered 710/3839, time remaining: 1m 48s
Rendered 711/3839, time remaining: 1m 50s
Rendered 712/3839, time remaining: 1m 49s
Rendered 713/3839, time remaining: 1m 50s
Rendered 714/3839, time remaining: 1m 49s
Rendered 715/3839, time remaining: 1m 49s
Rendered 716/3839, time remaining: 1m 49s
Rendered 717/3839, time remaining: 1m 47s
Rendered 718/3839, time remaining: 1m 49s
Rendered 719/3839, time remaining: 1m 48s
Rendered 720/3839, time remaining: 1m 50s
Rendered 721/3839, time remaining: 1m 48s
Rendered 722/3839, time remaining: 1m 48s
Rendered 723/3839, time remaining: 1m 51s
Rendered 724/3839, time remaining: 1m 48s
Rendered 725/3839, time remaining: 1m 50s
Rendered 726/3839, time remaining: 1m 49s
Rendered 727/3839, time remaining: 1m 49s
Rendered 728/3839, time remaining: 1m 49s
Rendered 729/3839, time remaining: 1m 48s
Rendered 730/3839, time remaining: 1m 48s
Rendered 731/3839, time remaining: 1m 48s
Rendered 732/3839, time remaining: 1m 46s
Rendered 733/3839, time remaining: 1m 49s
Rendered 734/3839, time remaining: 1m 49s
Rendered 735/3839, time remaining: 1m 48s
Rendered 736/3839, time remaining: 1m 48s
Rendered 737/3839, time remaining: 1m 48s
Rendered 738/3839, time remaining: 1m 48s
Rendered 739/3839, time remaining: 1m 49s
Rendered 740/3839, time remaining: 1m 47s
Rendered 741/3839, time remaining: 1m 47s
Rendered 742/3839, time remaining: 1m 49s
Rendered 743/3839, time remaining: 1m 48s
Rendered 744/3839, time remaining: 1m 48s
Rendered 745/3839, time remaining: 1m 47s
Rendered 746/3839, time remaining: 1m 47s
Rendered 747/3839, time remaining: 1m 48s
Rendered 748/3839, time remaining: 1m 49s
Rendered 749/3839, time remaining: 1m 49s
Rendered 750/3839, time remaining: 1m 49s
Rendered 751/3839, time remaining: 1m 49s
Rendered 752/3839, time remaining: 1m 48s
Rendered 753/3839, time remaining: 1m 49s
Rendered 754/3839, time remaining: 1m 47s
Rendered 755/3839, time remaining: 1m 47s
Rendered 756/3839, time remaining: 1m 50s
Rendered 757/3839, time remaining: 1m 49s
Rendered 758/3839, time remaining: 1m 49s
Rendered 759/3839, time remaining: 1m 49s
Rendered 760/3839, time remaining: 1m 49s
Rendered 761/3839, time remaining: 1m 49s
Rendered 762/3839, time remaining: 1m 48s
Rendered 763/3839, time remaining: 1m 48s
Rendered 764/3839, time remaining: 1m 50s
Rendered 765/3839, time remaining: 1m 50s
Rendered 766/3839, time remaining: 1m 48s
Rendered 767/3839, time remaining: 1m 48s
Rendered 768/3839, time remaining: 1m 48s
Rendered 769/3839, time remaining: 1m 48s
Rendered 770/3839, time remaining: 1m 47s
Rendered 771/3839, time remaining: 1m 47s
Rendered 772/3839, time remaining: 1m 50s
Rendered 773/3839, time remaining: 1m 48s
Rendered 774/3839, time remaining: 1m 47s
Rendered 775/3839, time remaining: 1m 48s
Rendered 776/3839, time remaining: 1m 48s
Rendered 777/3839, time remaining: 1m 47s
Rendered 778/3839, time remaining: 1m 46s
Rendered 779/3839, time remaining: 1m 46s
Rendered 780/3839, time remaining: 1m 50s
Rendered 781/3839, time remaining: 1m 48s
Rendered 782/3839, time remaining: 1m 48s
Rendered 783/3839, time remaining: 1m 47s
Rendered 784/3839, time remaining: 1m 49s
Rendered 785/3839, time remaining: 1m 47s
Rendered 786/3839, time remaining: 1m 47s
Rendered 787/3839, time remaining: 1m 48s
Rendered 788/3839, time remaining: 1m 49s
Rendered 789/3839, time remaining: 1m 47s
Rendered 790/3839, time remaining: 1m 46s
Rendered 791/3839, time remaining: 1m 47s
Rendered 792/3839, time remaining: 1m 47s
Rendered 793/3839, time remaining: 1m 47s
Rendered 794/3839, time remaining: 1m 46s
Rendered 795/3839, time remaining: 1m 47s
Rendered 796/3839, time remaining: 1m 47s
Rendered 797/3839, time remaining: 1m 46s
Rendered 798/3839, time remaining: 1m 48s
Rendered 799/3839, time remaining: 1m 47s
Rendered 800/3839, time remaining: 1m 47s
Rendered 801/3839, time remaining: 1m 47s
Rendered 802/3839, time remaining: 1m 48s
Rendered 803/3839, time remaining: 1m 48s
Rendered 804/3839, time remaining: 1m 48s
Rendered 805/3839, time remaining: 1m 47s
Rendered 806/3839, time remaining: 1m 47s
Rendered 807/3839, time remaining: 1m 47s
Rendered 808/3839, time remaining: 1m 46s
Rendered 809/3839, time remaining: 1m 48s
Rendered 810/3839, time remaining: 1m 46s
Rendered 811/3839, time remaining: 1m 48s
Rendered 812/3839, time remaining: 1m 47s
Rendered 813/3839, time remaining: 1m 46s
Rendered 814/3839, time remaining: 1m 46s
Rendered 815/3839, time remaining: 1m 46s
Rendered 816/3839, time remaining: 1m 45s
Rendered 817/3839, time remaining: 1m 46s
Rendered 818/3839, time remaining: 1m 48s
Rendered 819/3839, time remaining: 1m 47s
Rendered 820/3839, time remaining: 1m 47s
Rendered 821/3839, time remaining: 1m 45s
Rendered 822/3839, time remaining: 1m 44s
Rendered 823/3839, time remaining: 1m 46s
Rendered 824/3839, time remaining: 1m 46s
Rendered 825/3839, time remaining: 1m 45s
Rendered 826/3839, time remaining: 1m 45s
Rendered 827/3839, time remaining: 1m 46s
Rendered 828/3839, time remaining: 1m 45s
Rendered 829/3839, time remaining: 1m 45s
Rendered 830/3839, time remaining: 1m 45s
Rendered 831/3839, time remaining: 1m 47s
Rendered 832/3839, time remaining: 1m 44s
Rendered 833/3839, time remaining: 1m 43s
Rendered 834/3839, time remaining: 1m 46s
Rendered 835/3839, time remaining: 1m 45s
Rendered 836/3839, time remaining: 1m 45s
Rendered 837/3839, time remaining: 1m 45s
Rendered 838/3839, time remaining: 1m 45s
Rendered 839/3839, time remaining: 1m 44s
Rendered 840/3839, time remaining: 1m 44s
Rendered 841/3839, time remaining: 1m 44s
Rendered 842/3839, time remaining: 1m 45s
Rendered 843/3839, time remaining: 1m 45s
Rendered 844/3839, time remaining: 1m 45s
Rendered 845/3839, time remaining: 1m 44s
Rendered 846/3839, time remaining: 1m 46s
Rendered 847/3839, time remaining: 1m 43s
Rendered 848/3839, time remaining: 1m 45s
Rendered 849/3839, time remaining: 1m 45s
Rendered 850/3839, time remaining: 1m 44s
Rendered 851/3839, time remaining: 1m 44s
Rendered 852/3839, time remaining: 1m 44s
Rendered 853/3839, time remaining: 1m 46s
Rendered 854/3839, time remaining: 1m 46s
Rendered 855/3839, time remaining: 1m 44s
Rendered 856/3839, time remaining: 1m 45s
Rendered 857/3839, time remaining: 1m 44s
Rendered 858/3839, time remaining: 1m 45s
Rendered 859/3839, time remaining: 1m 45s
Rendered 860/3839, time remaining: 1m 45s
Rendered 861/3839, time remaining: 1m 44s
Rendered 862/3839, time remaining: 1m 44s
Rendered 863/3839, time remaining: 1m 43s
Rendered 864/3839, time remaining: 1m 43s
Rendered 865/3839, time remaining: 1m 44s
Rendered 866/3839, time remaining: 1m 44s
Rendered 867/3839, time remaining: 1m 43s
Rendered 868/3839, time remaining: 1m 44s
Rendered 869/3839, time remaining: 1m 43s
Rendered 870/3839, time remaining: 1m 43s
Rendered 871/3839, time remaining: 1m 43s
Rendered 872/3839, time remaining: 1m 44s
Rendered 873/3839, time remaining: 1m 42s
Rendered 874/3839, time remaining: 1m 43s
Rendered 875/3839, time remaining: 1m 42s
Rendered 876/3839, time remaining: 1m 42s
Rendered 877/3839, time remaining: 1m 42s
Rendered 878/3839, time remaining: 1m 42s
Rendered 879/3839, time remaining: 1m 44s
Rendered 880/3839, time remaining: 1m 43s
Rendered 881/3839, time remaining: 1m 43s
Rendered 882/3839, time remaining: 1m 44s
Rendered 883/3839, time remaining: 1m 42s
Rendered 884/3839, time remaining: 1m 41s
Rendered 885/3839, time remaining: 1m 41s
Rendered 886/3839, time remaining: 1m 43s
Rendered 887/3839, time remaining: 1m 42s
Rendered 888/3839, time remaining: 1m 42s
Rendered 889/3839, time remaining: 1m 41s
Rendered 890/3839, time remaining: 1m 42s
Rendered 891/3839, time remaining: 1m 42s
Rendered 892/3839, time remaining: 1m 40s
Rendered 893/3839, time remaining: 1m 42s
Rendered 894/3839, time remaining: 1m 42s
Rendered 895/3839, time remaining: 1m 42s
Rendered 896/3839, time remaining: 1m 40s
Rendered 897/3839, time remaining: 1m 42s
Rendered 898/3839, time remaining: 1m 39s
Rendered 899/3839, time remaining: 1m 39s
Rendered 900/3839, time remaining: 1m 39s
Rendered 901/3839, time remaining: 1m 40s
Rendered 902/3839, time remaining: 1m 40s
Rendered 903/3839, time remaining: 1m 39s
Rendered 904/3839, time remaining: 1m 40s
Rendered 905/3839, time remaining: 1m 40s
Rendered 906/3839, time remaining: 1m 37s
Rendered 907/3839, time remaining: 1m 37s
Rendered 908/3839, time remaining: 1m 37s
Rendered 909/3839, time remaining: 1m 39s
Rendered 910/3839, time remaining: 1m 38s
Rendered 911/3839, time remaining: 1m 36s
Rendered 912/3839, time remaining: 1m 39s
Rendered 913/3839, time remaining: 1m 39s
Rendered 914/3839, time remaining: 1m 37s
Rendered 915/3839, time remaining: 1m 36s
Rendered 916/3839, time remaining: 1m 36s
Rendered 917/3839, time remaining: 1m 37s
Rendered 918/3839, time remaining: 1m 38s
Rendered 919/3839, time remaining: 1m 36s
Rendered 920/3839, time remaining: 1m 39s
Rendered 921/3839, time remaining: 1m 39s
Rendered 922/3839, time remaining: 1m 36s
Rendered 923/3839, time remaining: 1m 37s
Rendered 924/3839, time remaining: 1m 38s
Rendered 925/3839, time remaining: 1m 37s
Rendered 926/3839, time remaining: 1m 37s
Rendered 927/3839, time remaining: 1m 36s
Rendered 928/3839, time remaining: 1m 39s
Rendered 929/3839, time remaining: 1m 39s
Rendered 930/3839, time remaining: 1m 37s
Rendered 931/3839, time remaining: 1m 37s
Rendered 932/3839, time remaining: 1m 37s
Rendered 933/3839, time remaining: 1m 37s
Rendered 934/3839, time remaining: 1m 36s
Rendered 935/3839, time remaining: 1m 36s
Rendered 936/3839, time remaining: 1m 38s
Rendered 937/3839, time remaining: 1m 38s
Rendered 938/3839, time remaining: 1m 37s
Rendered 939/3839, time remaining: 1m 37s
Rendered 940/3839, time remaining: 1m 37s
Rendered 941/3839, time remaining: 1m 37s
Rendered 942/3839, time remaining: 1m 37s
Rendered 943/3839, time remaining: 1m 37s
Rendered 944/3839, time remaining: 1m 37s
Rendered 945/3839, time remaining: 1m 37s
Rendered 946/3839, time remaining: 1m 37s
Rendered 947/3839, time remaining: 1m 37s
Rendered 948/3839, time remaining: 1m 35s
Rendered 949/3839, time remaining: 1m 35s
Rendered 950/3839, time remaining: 1m 36s
Rendered 951/3839, time remaining: 1m 37s
Rendered 952/3839, time remaining: 1m 36s
Rendered 953/3839, time remaining: 1m 37s
Rendered 954/3839, time remaining: 1m 36s
Rendered 955/3839, time remaining: 1m 36s
Rendered 956/3839, time remaining: 1m 35s
Rendered 957/3839, time remaining: 1m 35s
Rendered 958/3839, time remaining: 1m 37s
Rendered 959/3839, time remaining: 1m 35s
Rendered 960/3839, time remaining: 1m 37s
Rendered 961/3839, time remaining: 1m 35s
Rendered 962/3839, time remaining: 1m 35s
Rendered 963/3839, time remaining: 1m 36s
Rendered 964/3839, time remaining: 1m 36s
Rendered 965/3839, time remaining: 1m 36s
Rendered 966/3839, time remaining: 1m 37s
Rendered 967/3839, time remaining: 1m 36s
Rendered 968/3839, time remaining: 1m 34s
Rendered 969/3839, time remaining: 1m 33s
Rendered 970/3839, time remaining: 1m 36s
Rendered 971/3839, time remaining: 1m 37s
Rendered 972/3839, time remaining: 1m 36s
Rendered 973/3839, time remaining: 1m 34s
Rendered 974/3839, time remaining: 1m 35s
Rendered 975/3839, time remaining: 1m 36s
Rendered 976/3839, time remaining: 1m 35s
Rendered 977/3839, time remaining: 1m 34s
Rendered 978/3839, time remaining: 1m 35s
Rendered 979/3839, time remaining: 1m 35s
Rendered 980/3839, time remaining: 1m 37s
Rendered 981/3839, time remaining: 1m 35s
Rendered 982/3839, time remaining: 1m 35s
Rendered 983/3839, time remaining: 1m 36s
Rendered 984/3839, time remaining: 1m 34s
Rendered 985/3839, time remaining: 1m 35s
Rendered 986/3839, time remaining: 1m 35s
Rendered 987/3839, time remaining: 1m 36s
Rendered 988/3839, time remaining: 1m 35s
Rendered 989/3839, time remaining: 1m 35s
Rendered 990/3839, time remaining: 1m 36s
Rendered 991/3839, time remaining: 1m 35s
Rendered 992/3839, time remaining: 1m 35s
Rendered 993/3839, time remaining: 1m 35s
Rendered 994/3839, time remaining: 1m 35s
Rendered 995/3839, time remaining: 1m 35s
Rendered 996/3839, time remaining: 1m 35s
Rendered 997/3839, time remaining: 1m 35s
Rendered 998/3839, time remaining: 1m 33s
Rendered 999/3839, time remaining: 1m 34s
Rendered 1000/3839, time remaining: 1m 33s
Rendered 1001/3839, time remaining: 1m 33s
Rendered 1002/3839, time remaining: 1m 34s
Rendered 1003/3839, time remaining: 1m 34s
Rendered 1004/3839, time remaining: 1m 33s
Rendered 1005/3839, time remaining: 1m 34s
Rendered 1006/3839, time remaining: 1m 33s
Rendered 1007/3839, time remaining: 1m 33s
Rendered 1008/3839, time remaining: 1m 35s
Rendered 1009/3839, time remaining: 1m 34s
Rendered 1010/3839, time remaining: 1m 34s
Rendered 1011/3839, time remaining: 1m 34s
Rendered 1012/3839, time remaining: 1m 32s
Rendered 1013/3839, time remaining: 1m 33s
Rendered 1014/3839, time remaining: 1m 33s
Rendered 1015/3839, time remaining: 1m 31s
Rendered 1016/3839, time remaining: 1m 34s
Rendered 1017/3839, time remaining: 1m 34s
Rendered 1018/3839, time remaining: 1m 33s
Rendered 1019/3839, time remaining: 1m 33s
Rendered 1020/3839, time remaining: 1m 32s
Rendered 1021/3839, time remaining: 1m 32s
Rendered 1022/3839, time remaining: 1m 31s
Rendered 1023/3839, time remaining: 1m 33s
Rendered 1024/3839, time remaining: 1m 34s
Rendered 1025/3839, time remaining: 1m 33s
Rendered 1026/3839, time remaining: 1m 33s
Rendered 1027/3839, time remaining: 1m 34s
Rendered 1028/3839, time remaining: 1m 34s
Rendered 1029/3839, time remaining: 1m 32s
Rendered 1030/3839, time remaining: 1m 32s
Rendered 1031/3839, time remaining: 1m 33s
Rendered 1032/3839, time remaining: 1m 33s
Rendered 1033/3839, time remaining: 1m 33s
Rendered 1034/3839, time remaining: 1m 34s
Rendered 1035/3839, time remaining: 1m 33s
Rendered 1036/3839, time remaining: 1m 32s
Rendered 1037/3839, time remaining: 1m 32s
Rendered 1038/3839, time remaining: 1m 31s
Rendered 1039/3839, time remaining: 1m 33s
Rendered 1040/3839, time remaining: 1m 33s
Rendered 1041/3839, time remaining: 1m 33s
Rendered 1042/3839, time remaining: 1m 33s
Rendered 1043/3839, time remaining: 1m 32s
Rendered 1044/3839, time remaining: 1m 33s
Rendered 1045/3839, time remaining: 1m 33s
Rendered 1046/3839, time remaining: 1m 33s
Rendered 1047/3839, time remaining: 1m 32s
Rendered 1048/3839, time remaining: 1m 32s
Rendered 1049/3839, time remaining: 1m 32s
Rendered 1050/3839, time remaining: 1m 34s
Rendered 1051/3839, time remaining: 1m 34s
Rendered 1052/3839, time remaining: 1m 34s
Rendered 1053/3839, time remaining: 1m 34s
Rendered 1054/3839, time remaining: 1m 31s
Rendered 1055/3839, time remaining: 1m 31s
Rendered 1056/3839, time remaining: 1m 32s
Rendered 1057/3839, time remaining: 1m 32s
Rendered 1058/3839, time remaining: 1m 33s
Rendered 1059/3839, time remaining: 1m 34s
Rendered 1060/3839, time remaining: 1m 34s
Rendered 1061/3839, time remaining: 1m 34s
Rendered 1062/3839, time remaining: 1m 32s
Rendered 1063/3839, time remaining: 1m 32s
Rendered 1064/3839, time remaining: 1m 32s
Rendered 1065/3839, time remaining: 1m 31s
Rendered 1066/3839, time remaining: 1m 34s
Rendered 1067/3839, time remaining: 1m 34s
Rendered 1068/3839, time remaining: 1m 33s
Rendered 1069/3839, time remaining: 1m 34s
Rendered 1070/3839, time remaining: 1m 31s
Rendered 1071/3839, time remaining: 1m 31s
Rendered 1072/3839, time remaining: 1m 31s
Rendered 1073/3839, time remaining: 1m 31s
Rendered 1074/3839, time remaining: 1m 31s
Rendered 1075/3839, time remaining: 1m 34s
Rendered 1076/3839, time remaining: 1m 34s
Rendered 1077/3839, time remaining: 1m 34s
Rendered 1078/3839, time remaining: 1m 31s
Rendered 1079/3839, time remaining: 1m 31s
Rendered 1080/3839, time remaining: 1m 30s
Rendered 1081/3839, time remaining: 1m 31s
Rendered 1082/3839, time remaining: 1m 31s
Rendered 1083/3839, time remaining: 1m 33s
Rendered 1084/3839, time remaining: 1m 33s
Rendered 1085/3839, time remaining: 1m 34s
Rendered 1086/3839, time remaining: 1m 32s
Rendered 1087/3839, time remaining: 1m 29s
Rendered 1088/3839, time remaining: 1m 30s
Rendered 1089/3839, time remaining: 1m 31s
Rendered 1090/3839, time remaining: 1m 31s
Rendered 1091/3839, time remaining: 1m 31s
Rendered 1092/3839, time remaining: 1m 32s
Rendered 1093/3839, time remaining: 1m 32s
Rendered 1094/3839, time remaining: 1m 30s
Rendered 1095/3839, time remaining: 1m 31s
Rendered 1096/3839, time remaining: 1m 31s
Rendered 1097/3839, time remaining: 1m 32s
Rendered 1098/3839, time remaining: 1m 32s
Rendered 1099/3839, time remaining: 1m 31s
Rendered 1100/3839, time remaining: 1m 31s
Rendered 1101/3839, time remaining: 1m 31s
Rendered 1102/3839, time remaining: 1m 30s
Rendered 1103/3839, time remaining: 1m 31s
Rendered 1104/3839, time remaining: 1m 31s
Rendered 1105/3839, time remaining: 1m 31s
Rendered 1106/3839, time remaining: 1m 31s
Rendered 1107/3839, time remaining: 1m 31s
Rendered 1108/3839, time remaining: 1m 32s
Rendered 1109/3839, time remaining: 1m 32s
Rendered 1110/3839, time remaining: 1m 30s
Rendered 1111/3839, time remaining: 1m 31s
Rendered 1112/3839, time remaining: 1m 30s
Rendered 1113/3839, time remaining: 1m 31s
Rendered 1114/3839, time remaining: 1m 30s
Rendered 1115/3839, time remaining: 1m 30s
Rendered 1116/3839, time remaining: 1m 30s
Rendered 1117/3839, time remaining: 1m 30s
Rendered 1118/3839, time remaining: 1m 31s
Rendered 1119/3839, time remaining: 1m 31s
Rendered 1120/3839, time remaining: 1m 31s
Rendered 1121/3839, time remaining: 1m 31s
Rendered 1122/3839, time remaining: 1m 31s
Rendered 1123/3839, time remaining: 1m 31s
Rendered 1124/3839, time remaining: 1m 30s
Rendered 1125/3839, time remaining: 1m 29s
Rendered 1126/3839, time remaining: 1m 32s
Rendered 1127/3839, time remaining: 1m 32s
Rendered 1128/3839, time remaining: 1m 32s
Rendered 1129/3839, time remaining: 1m 31s
Rendered 1130/3839, time remaining: 1m 30s
Rendered 1131/3839, time remaining: 1m 30s
Rendered 1132/3839, time remaining: 1m 30s
Rendered 1133/3839, time remaining: 1m 30s
Rendered 1134/3839, time remaining: 1m 30s
Rendered 1135/3839, time remaining: 1m 29s
Rendered 1136/3839, time remaining: 1m 31s
Rendered 1137/3839, time remaining: 1m 31s
Rendered 1138/3839, time remaining: 1m 31s
Rendered 1139/3839, time remaining: 1m 31s
Rendered 1140/3839, time remaining: 1m 30s
Rendered 1141/3839, time remaining: 1m 30s
Rendered 1142/3839, time remaining: 1m 28s
Rendered 1143/3839, time remaining: 1m 28s
Rendered 1144/3839, time remaining: 1m 32s
Rendered 1145/3839, time remaining: 1m 32s
Rendered 1146/3839, time remaining: 1m 30s
Rendered 1147/3839, time remaining: 1m 31s
Rendered 1148/3839, time remaining: 1m 30s
Rendered 1149/3839, time remaining: 1m 29s
Rendered 1150/3839, time remaining: 1m 29s
Rendered 1151/3839, time remaining: 1m 30s
Rendered 1152/3839, time remaining: 1m 31s
Rendered 1153/3839, time remaining: 1m 30s
Rendered 1154/3839, time remaining: 1m 31s
Rendered 1155/3839, time remaining: 1m 30s
Rendered 1156/3839, time remaining: 1m 30s
Rendered 1157/3839, time remaining: 1m 31s
Rendered 1158/3839, time remaining: 1m 30s
Rendered 1159/3839, time remaining: 1m 30s
Rendered 1160/3839, time remaining: 1m 30s
Rendered 1161/3839, time remaining: 1m 30s
Rendered 1162/3839, time remaining: 1m 31s
Rendered 1163/3839, time remaining: 1m 31s
Rendered 1164/3839, time remaining: 1m 31s
Rendered 1165/3839, time remaining: 1m 32s
Rendered 1166/3839, time remaining: 1m 29s
Rendered 1167/3839, time remaining: 1m 29s
Rendered 1168/3839, time remaining: 1m 30s
Rendered 1169/3839, time remaining: 1m 30s
Rendered 1170/3839, time remaining: 1m 31s
Rendered 1171/3839, time remaining: 1m 32s
Rendered 1172/3839, time remaining: 1m 32s
Rendered 1173/3839, time remaining: 1m 30s
Rendered 1174/3839, time remaining: 1m 30s
Rendered 1175/3839, time remaining: 1m 30s
Rendered 1176/3839, time remaining: 1m 29s
Rendered 1177/3839, time remaining: 1m 28s
Rendered 1178/3839, time remaining: 1m 30s
Rendered 1179/3839, time remaining: 1m 31s
Rendered 1180/3839, time remaining: 1m 31s
Rendered 1181/3839, time remaining: 1m 30s
Rendered 1182/3839, time remaining: 1m 30s
Rendered 1183/3839, time remaining: 1m 29s
Rendered 1184/3839, time remaining: 1m 28s
Rendered 1185/3839, time remaining: 1m 29s
Rendered 1186/3839, time remaining: 1m 31s
Rendered 1187/3839, time remaining: 1m 31s
Rendered 1188/3839, time remaining: 1m 31s
Rendered 1189/3839, time remaining: 1m 29s
Rendered 1190/3839, time remaining: 1m 28s
Rendered 1191/3839, time remaining: 1m 28s
Rendered 1192/3839, time remaining: 1m 28s
Rendered 1193/3839, time remaining: 1m 28s
Rendered 1194/3839, time remaining: 1m 30s
Rendered 1195/3839, time remaining: 1m 30s
Rendered 1196/3839, time remaining: 1m 30s
Rendered 1197/3839, time remaining: 1m 30s
Rendered 1198/3839, time remaining: 1m 29s
Rendered 1199/3839, time remaining: 1m 30s
Rendered 1200/3839, time remaining: 1m 30s
Rendered 1201/3839, time remaining: 1m 28s
Rendered 1202/3839, time remaining: 1m 28s
Rendered 1203/3839, time remaining: 1m 32s
Rendered 1204/3839, time remaining: 1m 32s
Rendered 1205/3839, time remaining: 1m 32s
Rendered 1206/3839, time remaining: 1m 30s
Rendered 1207/3839, time remaining: 1m 30s
Rendered 1208/3839, time remaining: 1m 31s
Rendered 1209/3839, time remaining: 1m 30s
Rendered 1210/3839, time remaining: 1m 30s
Rendered 1211/3839, time remaining: 1m 31s
Rendered 1212/3839, time remaining: 1m 30s
Rendered 1213/3839, time remaining: 1m 30s
Rendered 1214/3839, time remaining: 1m 30s
Rendered 1215/3839, time remaining: 1m 30s
Rendered 1216/3839, time remaining: 1m 29s
Rendered 1217/3839, time remaining: 1m 30s
Rendered 1218/3839, time remaining: 1m 30s
Rendered 1219/3839, time remaining: 1m 29s
Rendered 1220/3839, time remaining: 1m 30s
Rendered 1221/3839, time remaining: 1m 31s
Rendered 1222/3839, time remaining: 1m 31s
Rendered 1223/3839, time remaining: 1m 31s
Rendered 1224/3839, time remaining: 1m 30s
Rendered 1225/3839, time remaining: 1m 29s
Rendered 1226/3839, time remaining: 1m 28s
Rendered 1227/3839, time remaining: 1m 28s
Rendered 1228/3839, time remaining: 1m 29s
Rendered 1229/3839, time remaining: 1m 28s
Rendered 1230/3839, time remaining: 1m 29s
Rendered 1231/3839, time remaining: 1m 30s
Rendered 1232/3839, time remaining: 1m 30s
Rendered 1233/3839, time remaining: 1m 29s
Rendered 1234/3839, time remaining: 1m 29s
Rendered 1235/3839, time remaining: 1m 28s
Rendered 1236/3839, time remaining: 1m 29s
Rendered 1237/3839, time remaining: 1m 29s
Rendered 1238/3839, time remaining: 1m 29s
Rendered 1239/3839, time remaining: 1m 29s
Rendered 1240/3839, time remaining: 1m 29s
Rendered 1241/3839, time remaining: 1m 29s
Rendered 1242/3839, time remaining: 1m 29s
Rendered 1243/3839, time remaining: 1m 29s
Rendered 1244/3839, time remaining: 1m 30s
Rendered 1245/3839, time remaining: 1m 29s
Rendered 1246/3839, time remaining: 1m 28s
Rendered 1247/3839, time remaining: 1m 28s
Rendered 1248/3839, time remaining: 1m 28s
Rendered 1249/3839, time remaining: 1m 29s
Rendered 1250/3839, time remaining: 1m 30s
Rendered 1251/3839, time remaining: 1m 29s
Rendered 1252/3839, time remaining: 1m 30s
Rendered 1253/3839, time remaining: 1m 27s
Rendered 1254/3839, time remaining: 1m 28s
Rendered 1255/3839, time remaining: 1m 28s
Rendered 1256/3839, time remaining: 1m 28s
Rendered 1257/3839, time remaining: 1m 28s
Rendered 1258/3839, time remaining: 1m 26s
Rendered 1259/3839, time remaining: 1m 28s
Rendered 1260/3839, time remaining: 1m 29s
Rendered 1261/3839, time remaining: 1m 28s
Rendered 1262/3839, time remaining: 1m 29s
Rendered 1263/3839, time remaining: 1m 29s
Rendered 1264/3839, time remaining: 1m 29s
Rendered 1265/3839, time remaining: 1m 29s
Rendered 1266/3839, time remaining: 1m 28s
Rendered 1267/3839, time remaining: 1m 28s
Rendered 1268/3839, time remaining: 1m 29s
Rendered 1269/3839, time remaining: 1m 28s
Rendered 1270/3839, time remaining: 1m 27s
Rendered 1271/3839, time remaining: 1m 28s
Rendered 1272/3839, time remaining: 1m 28s
Rendered 1273/3839, time remaining: 1m 28s
Rendered 1274/3839, time remaining: 1m 28s
Rendered 1275/3839, time remaining: 1m 31s
Rendered 1276/3839, time remaining: 1m 28s
Rendered 1277/3839, time remaining: 1m 28s
Rendered 1278/3839, time remaining: 1m 26s
Rendered 1279/3839, time remaining: 1m 28s
Rendered 1280/3839, time remaining: 1m 28s
Rendered 1281/3839, time remaining: 1m 28s
Rendered 1282/3839, time remaining: 1m 28s
Rendered 1283/3839, time remaining: 1m 28s
Rendered 1284/3839, time remaining: 1m 28s
Rendered 1285/3839, time remaining: 1m 29s
Rendered 1286/3839, time remaining: 1m 26s
Rendered 1287/3839, time remaining: 1m 27s
Rendered 1288/3839, time remaining: 1m 27s
Rendered 1289/3839, time remaining: 1m 29s
Rendered 1290/3839, time remaining: 1m 28s
Rendered 1291/3839, time remaining: 1m 28s
Rendered 1292/3839, time remaining: 1m 28s
Rendered 1293/3839, time remaining: 1m 30s
Rendered 1294/3839, time remaining: 1m 27s
Rendered 1295/3839, time remaining: 1m 27s
Rendered 1296/3839, time remaining: 1m 27s
Rendered 1297/3839, time remaining: 1m 26s
Rendered 1298/3839, time remaining: 1m 26s
Rendered 1299/3839, time remaining: 1m 29s
Rendered 1300/3839, time remaining: 1m 29s
Rendered 1301/3839, time remaining: 1m 29s
Rendered 1302/3839, time remaining: 1m 28s
Rendered 1303/3839, time remaining: 1m 27s
Rendered 1304/3839, time remaining: 1m 26s
Rendered 1305/3839, time remaining: 1m 25s
Rendered 1306/3839, time remaining: 1m 27s
Rendered 1307/3839, time remaining: 1m 28s
Rendered 1308/3839, time remaining: 1m 27s
Rendered 1309/3839, time remaining: 1m 27s
Rendered 1310/3839, time remaining: 1m 28s
Rendered 1311/3839, time remaining: 1m 28s
Rendered 1312/3839, time remaining: 1m 27s
Rendered 1313/3839, time remaining: 1m 26s
Rendered 1314/3839, time remaining: 1m 28s
Rendered 1315/3839, time remaining: 1m 26s
Rendered 1316/3839, time remaining: 1m 26s
Rendered 1317/3839, time remaining: 1m 27s
Rendered 1318/3839, time remaining: 1m 26s
Rendered 1319/3839, time remaining: 1m 27s
Rendered 1320/3839, time remaining: 1m 26s
Rendered 1321/3839, time remaining: 1m 26s
Rendered 1322/3839, time remaining: 1m 26s
Rendered 1323/3839, time remaining: 1m 27s
Rendered 1324/3839, time remaining: 1m 26s
Rendered 1325/3839, time remaining: 1m 26s
Rendered 1326/3839, time remaining: 1m 28s
Rendered 1327/3839, time remaining: 1m 28s
Rendered 1328/3839, time remaining: 1m 27s
Rendered 1329/3839, time remaining: 1m 26s
Rendered 1330/3839, time remaining: 1m 27s
Rendered 1331/3839, time remaining: 1m 29s
Rendered 1332/3839, time remaining: 1m 28s
Rendered 1333/3839, time remaining: 1m 28s
Rendered 1334/3839, time remaining: 1m 29s
Rendered 1335/3839, time remaining: 1m 28s
Rendered 1336/3839, time remaining: 1m 26s
Rendered 1337/3839, time remaining: 1m 26s
Rendered 1338/3839, time remaining: 1m 26s
Rendered 1339/3839, time remaining: 1m 26s
Rendered 1340/3839, time remaining: 1m 28s
Rendered 1341/3839, time remaining: 1m 28s
Rendered 1342/3839, time remaining: 1m 29s
Rendered 1343/3839, time remaining: 1m 28s
Rendered 1344/3839, time remaining: 1m 26s
Rendered 1345/3839, time remaining: 1m 25s
Rendered 1346/3839, time remaining: 1m 27s
Rendered 1347/3839, time remaining: 1m 26s
Rendered 1348/3839, time remaining: 1m 28s
Rendered 1349/3839, time remaining: 1m 28s
Rendered 1350/3839, time remaining: 1m 26s
Rendered 1351/3839, time remaining: 1m 26s
Rendered 1352/3839, time remaining: 1m 26s
Rendered 1353/3839, time remaining: 1m 23s
Rendered 1354/3839, time remaining: 1m 26s
Rendered 1355/3839, time remaining: 1m 26s
Rendered 1356/3839, time remaining: 1m 26s
Rendered 1357/3839, time remaining: 1m 26s
Rendered 1358/3839, time remaining: 1m 26s
Rendered 1359/3839, time remaining: 1m 25s
Rendered 1360/3839, time remaining: 1m 25s
Rendered 1361/3839, time remaining: 1m 24s
Rendered 1362/3839, time remaining: 1m 25s
Rendered 1363/3839, time remaining: 1m 25s
Rendered 1364/3839, time remaining: 1m 25s
Rendered 1365/3839, time remaining: 1m 27s
Rendered 1366/3839, time remaining: 1m 26s
Rendered 1367/3839, time remaining: 1m 25s
Rendered 1368/3839, time remaining: 1m 27s
Rendered 1369/3839, time remaining: 1m 27s
Rendered 1370/3839, time remaining: 1m 25s
Rendered 1371/3839, time remaining: 1m 25s
Rendered 1372/3839, time remaining: 1m 26s
Rendered 1373/3839, time remaining: 1m 25s
Rendered 1374/3839, time remaining: 1m 25s
Rendered 1375/3839, time remaining: 1m 24s
Rendered 1376/3839, time remaining: 1m 26s
Rendered 1377/3839, time remaining: 1m 26s
Rendered 1378/3839, time remaining: 1m 25s
Rendered 1379/3839, time remaining: 1m 25s
Rendered 1380/3839, time remaining: 1m 26s
Rendered 1381/3839, time remaining: 1m 26s
Rendered 1382/3839, time remaining: 1m 26s
Rendered 1383/3839, time remaining: 1m 24s
Rendered 1384/3839, time remaining: 1m 26s
Rendered 1385/3839, time remaining: 1m 26s
Rendered 1386/3839, time remaining: 1m 24s
Rendered 1387/3839, time remaining: 1m 24s
Rendered 1388/3839, time remaining: 1m 27s
Rendered 1389/3839, time remaining: 1m 25s
Rendered 1390/3839, time remaining: 1m 25s
Rendered 1391/3839, time remaining: 1m 25s
Rendered 1392/3839, time remaining: 1m 24s
Rendered 1393/3839, time remaining: 1m 24s
Rendered 1394/3839, time remaining: 1m 25s
Rendered 1395/3839, time remaining: 1m 24s
Rendered 1396/3839, time remaining: 1m 26s
Rendered 1397/3839, time remaining: 1m 25s
Rendered 1398/3839, time remaining: 1m 26s
Rendered 1399/3839, time remaining: 1m 25s
Rendered 1400/3839, time remaining: 1m 24s
Rendered 1401/3839, time remaining: 1m 24s
Rendered 1402/3839, time remaining: 1m 25s
Rendered 1403/3839, time remaining: 1m 26s
Rendered 1404/3839, time remaining: 1m 25s
Rendered 1405/3839, time remaining: 1m 25s
Rendered 1406/3839, time remaining: 1m 25s
Rendered 1407/3839, time remaining: 1m 25s
Rendered 1408/3839, time remaining: 1m 25s
Rendered 1409/3839, time remaining: 1m 25s
Rendered 1410/3839, time remaining: 1m 24s
Rendered 1411/3839, time remaining: 1m 25s
Rendered 1412/3839, time remaining: 1m 25s
Rendered 1413/3839, time remaining: 1m 24s
Rendered 1414/3839, time remaining: 1m 25s
Rendered 1415/3839, time remaining: 1m 25s
Rendered 1416/3839, time remaining: 1m 25s
Rendered 1417/3839, time remaining: 1m 25s
Rendered 1418/3839, time remaining: 1m 24s
Rendered 1419/3839, time remaining: 1m 26s
Rendered 1420/3839, time remaining: 1m 25s
Rendered 1421/3839, time remaining: 1m 24s
Rendered 1422/3839, time remaining: 1m 24s
Rendered 1423/3839, time remaining: 1m 24s
Rendered 1424/3839, time remaining: 1m 24s
Rendered 1425/3839, time remaining: 1m 22s
Rendered 1426/3839, time remaining: 1m 24s
Rendered 1427/3839, time remaining: 1m 25s
Rendered 1428/3839, time remaining: 1m 25s
Rendered 1429/3839, time remaining: 1m 24s
Rendered 1430/3839, time remaining: 1m 24s
Rendered 1431/3839, time remaining: 1m 24s
Rendered 1432/3839, time remaining: 1m 25s
Rendered 1433/3839, time remaining: 1m 24s
Rendered 1434/3839, time remaining: 1m 24s
Rendered 1435/3839, time remaining: 1m 24s
Rendered 1436/3839, time remaining: 1m 25s
Rendered 1437/3839, time remaining: 1m 25s
Rendered 1438/3839, time remaining: 1m 25s
Rendered 1439/3839, time remaining: 1m 23s
Rendered 1440/3839, time remaining: 1m 23s
Rendered 1441/3839, time remaining: 1m 24s
Rendered 1442/3839, time remaining: 1m 24s
Rendered 1443/3839, time remaining: 1m 22s
Rendered 1444/3839, time remaining: 1m 24s
Rendered 1445/3839, time remaining: 1m 25s
Rendered 1446/3839, time remaining: 1m 24s
Rendered 1447/3839, time remaining: 1m 24s
Rendered 1448/3839, time remaining: 1m 24s
Rendered 1449/3839, time remaining: 1m 22s
Rendered 1450/3839, time remaining: 1m 22s
Rendered 1451/3839, time remaining: 1m 23s
Rendered 1452/3839, time remaining: 1m 24s
Rendered 1453/3839, time remaining: 1m 25s
Rendered 1454/3839, time remaining: 1m 24s
Rendered 1455/3839, time remaining: 1m 24s
Rendered 1456/3839, time remaining: 1m 24s
Rendered 1457/3839, time remaining: 1m 22s
Rendered 1458/3839, time remaining: 1m 22s
Rendered 1459/3839, time remaining: 1m 23s
Rendered 1460/3839, time remaining: 1m 23s
Rendered 1461/3839, time remaining: 1m 23s
Rendered 1462/3839, time remaining: 1m 23s
Rendered 1463/3839, time remaining: 1m 23s
Rendered 1464/3839, time remaining: 1m 23s
Rendered 1465/3839, time remaining: 1m 23s
Rendered 1466/3839, time remaining: 1m 23s
Rendered 1467/3839, time remaining: 1m 24s
Rendered 1468/3839, time remaining: 1m 24s
Rendered 1469/3839, time remaining: 1m 24s
Rendered 1470/3839, time remaining: 1m 24s
Rendered 1471/3839, time remaining: 1m 23s
Rendered 1472/3839, time remaining: 1m 23s
Rendered 1473/3839, time remaining: 1m 22s
Rendered 1474/3839, time remaining: 1m 22s
Rendered 1475/3839, time remaining: 1m 24s
Rendered 1476/3839, time remaining: 1m 22s
Rendered 1477/3839, time remaining: 1m 23s
Rendered 1478/3839, time remaining: 1m 23s
Rendered 1479/3839, time remaining: 1m 22s
Rendered 1480/3839, time remaining: 1m 21s
Rendered 1481/3839, time remaining: 1m 21s
Rendered 1482/3839, time remaining: 1m 21s
Rendered 1483/3839, time remaining: 1m 22s
Rendered 1484/3839, time remaining: 1m 21s
Rendered 1485/3839, time remaining: 1m 22s
Rendered 1486/3839, time remaining: 1m 22s
Rendered 1487/3839, time remaining: 1m 21s
Rendered 1488/3839, time remaining: 1m 23s
Rendered 1489/3839, time remaining: 1m 23s
Rendered 1490/3839, time remaining: 1m 21s
Rendered 1491/3839, time remaining: 1m 22s
Rendered 1492/3839, time remaining: 1m 21s
Rendered 1493/3839, time remaining: 1m 21s
Rendered 1494/3839, time remaining: 1m 21s
Rendered 1495/3839, time remaining: 1m 21s
Rendered 1496/3839, time remaining: 1m 22s
Rendered 1497/3839, time remaining: 1m 22s
Rendered 1498/3839, time remaining: 1m 20s
Rendered 1499/3839, time remaining: 1m 22s
Rendered 1500/3839, time remaining: 1m 22s
Rendered 1501/3839, time remaining: 1m 22s
Rendered 1502/3839, time remaining: 1m 22s
Rendered 1503/3839, time remaining: 1m 21s
Rendered 1504/3839, time remaining: 1m 21s
Rendered 1505/3839, time remaining: 1m 21s
Rendered 1506/3839, time remaining: 1m 21s
Rendered 1507/3839, time remaining: 1m 21s
Rendered 1508/3839, time remaining: 1m 20s
Rendered 1509/3839, time remaining: 1m 20s
Rendered 1510/3839, time remaining: 1m 20s
Rendered 1511/3839, time remaining: 1m 22s
Rendered 1512/3839, time remaining: 1m 20s
Rendered 1513/3839, time remaining: 1m 22s
Rendered 1514/3839, time remaining: 1m 22s
Rendered 1515/3839, time remaining: 1m 20s
Rendered 1516/3839, time remaining: 1m 20s
Rendered 1517/3839, time remaining: 1m 21s
Rendered 1518/3839, time remaining: 1m 19s
Rendered 1519/3839, time remaining: 1m 20s
Rendered 1520/3839, time remaining: 1m 19s
Rendered 1521/3839, time remaining: 1m 20s
Rendered 1522/3839, time remaining: 1m 20s
Rendered 1523/3839, time remaining: 1m 20s
Rendered 1524/3839, time remaining: 1m 21s
Rendered 1525/3839, time remaining: 1m 22s
Rendered 1526/3839, time remaining: 1m 20s
Rendered 1527/3839, time remaining: 1m 20s
Rendered 1528/3839, time remaining: 1m 20s
Rendered 1529/3839, time remaining: 1m 21s
Rendered 1530/3839, time remaining: 1m 20s
Rendered 1531/3839, time remaining: 1m 19s
Rendered 1532/3839, time remaining: 1m 19s
Rendered 1533/3839, time remaining: 1m 20s
Rendered 1534/3839, time remaining: 1m 20s
Rendered 1535/3839, time remaining: 1m 20s
Rendered 1536/3839, time remaining: 1m 20s
Rendered 1537/3839, time remaining: 1m 21s
Rendered 1538/3839, time remaining: 1m 19s
Rendered 1539/3839, time remaining: 1m 19s
Rendered 1540/3839, time remaining: 1m 19s
Rendered 1541/3839, time remaining: 1m 18s
Rendered 1542/3839, time remaining: 1m 21s
Rendered 1543/3839, time remaining: 1m 21s
Rendered 1544/3839, time remaining: 1m 20s
Rendered 1545/3839, time remaining: 1m 20s
Rendered 1546/3839, time remaining: 1m 20s
Rendered 1547/3839, time remaining: 1m 20s
Rendered 1548/3839, time remaining: 1m 19s
Rendered 1549/3839, time remaining: 1m 19s
Rendered 1550/3839, time remaining: 1m 20s
Rendered 1551/3839, time remaining: 1m 20s
Rendered 1552/3839, time remaining: 1m 18s
Rendered 1553/3839, time remaining: 1m 18s
Rendered 1554/3839, time remaining: 1m 18s
Rendered 1555/3839, time remaining: 1m 18s
Rendered 1556/3839, time remaining: 1m 17s
Rendered 1557/3839, time remaining: 1m 17s
Rendered 1558/3839, time remaining: 1m 18s
Rendered 1559/3839, time remaining: 1m 16s
Rendered 1560/3839, time remaining: 1m 16s
Rendered 1561/3839, time remaining: 1m 15s
Rendered 1562/3839, time remaining: 1m 14s
Rendered 1563/3839, time remaining: 1m 14s
Rendered 1564/3839, time remaining: 1m 14s
Rendered 1565/3839, time remaining: 1m 14s
Rendered 1566/3839, time remaining: 1m 14s
Rendered 1567/3839, time remaining: 1m 14s
Rendered 1568/3839, time remaining: 1m 14s
Rendered 1569/3839, time remaining: 1m 12s
Rendered 1570/3839, time remaining: 1m 14s
Rendered 1571/3839, time remaining: 1m 14s
Rendered 1572/3839, time remaining: 1m 14s
Rendered 1573/3839, time remaining: 1m 14s
Rendered 1574/3839, time remaining: 1m 14s
Rendered 1575/3839, time remaining: 1m 14s
Rendered 1576/3839, time remaining: 1m 12s
Rendered 1577/3839, time remaining: 1m 12s
Rendered 1578/3839, time remaining: 1m 13s
Rendered 1579/3839, time remaining: 1m 13s
Rendered 1580/3839, time remaining: 1m 13s
Rendered 1581/3839, time remaining: 1m 13s
Rendered 1582/3839, time remaining: 1m 13s
Rendered 1583/3839, time remaining: 1m 13s
Rendered 1584/3839, time remaining: 1m 14s
Rendered 1585/3839, time remaining: 1m 13s
Rendered 1586/3839, time remaining: 1m 12s
Rendered 1587/3839, time remaining: 1m 12s
Rendered 1588/3839, time remaining: 1m 12s
Rendered 1589/3839, time remaining: 1m 14s
Rendered 1590/3839, time remaining: 1m 13s
Rendered 1591/3839, time remaining: 1m 12s
Rendered 1592/3839, time remaining: 1m 14s
Rendered 1593/3839, time remaining: 1m 14s
Rendered 1594/3839, time remaining: 1m 14s
Rendered 1595/3839, time remaining: 1m 13s
Rendered 1596/3839, time remaining: 1m 13s
Rendered 1597/3839, time remaining: 1m 13s
Rendered 1598/3839, time remaining: 1m 12s
Rendered 1599/3839, time remaining: 1m 14s
Rendered 1600/3839, time remaining: 1m 14s
Rendered 1601/3839, time remaining: 1m 13s
Rendered 1602/3839, time remaining: 1m 13s
Rendered 1603/3839, time remaining: 1m 12s
Rendered 1604/3839, time remaining: 1m 12s
Rendered 1605/3839, time remaining: 1m 12s
Rendered 1606/3839, time remaining: 1m 12s
Rendered 1607/3839, time remaining: 1m 13s
Rendered 1608/3839, time remaining: 1m 13s
Rendered 1609/3839, time remaining: 1m 14s
Rendered 1610/3839, time remaining: 1m 12s
Rendered 1611/3839, time remaining: 1m 12s
Rendered 1612/3839, time remaining: 1m 12s
Rendered 1613/3839, time remaining: 1m 12s
Rendered 1614/3839, time remaining: 1m 12s
Rendered 1615/3839, time remaining: 1m 13s
Rendered 1616/3839, time remaining: 1m 13s
Rendered 1617/3839, time remaining: 1m 12s
Rendered 1618/3839, time remaining: 1m 12s
Rendered 1619/3839, time remaining: 1m 10s
Rendered 1620/3839, time remaining: 1m 10s
Rendered 1621/3839, time remaining: 1m 13s
Rendered 1622/3839, time remaining: 1m 13s
Rendered 1623/3839, time remaining: 1m 13s
Rendered 1624/3839, time remaining: 1m 13s
Rendered 1625/3839, time remaining: 1m 11s
Rendered 1626/3839, time remaining: 1m 13s
Rendered 1627/3839, time remaining: 1m 12s
Rendered 1628/3839, time remaining: 1m 12s
Rendered 1629/3839, time remaining: 1m 13s
Rendered 1630/3839, time remaining: 1m 12s
Rendered 1631/3839, time remaining: 1m 11s
Rendered 1632/3839, time remaining: 1m 11s
Rendered 1633/3839, time remaining: 1m 11s
Rendered 1634/3839, time remaining: 1m 12s
Rendered 1635/3839, time remaining: 1m 11s
Rendered 1636/3839, time remaining: 1m 11s
Rendered 1637/3839, time remaining: 1m 12s
Rendered 1638/3839, time remaining: 1m 11s
Rendered 1639/3839, time remaining: 1m 12s
Rendered 1640/3839, time remaining: 1m 11s
Rendered 1641/3839, time remaining: 1m 11s
Rendered 1642/3839, time remaining: 1m 11s
Rendered 1643/3839, time remaining: 1m 12s
Rendered 1644/3839, time remaining: 1m 12s
Rendered 1645/3839, time remaining: 1m 12s
Rendered 1646/3839, time remaining: 1m 11s
Rendered 1647/3839, time remaining: 1m 11s
Rendered 1648/3839, time remaining: 1m 12s
Rendered 1649/3839, time remaining: 1m 10s
Rendered 1650/3839, time remaining: 1m 10s
Rendered 1651/3839, time remaining: 1m 11s
Rendered 1652/3839, time remaining: 1m 11s
Rendered 1653/3839, time remaining: 1m 12s
Rendered 1654/3839, time remaining: 1m 10s
Rendered 1655/3839, time remaining: 1m 10s
Rendered 1656/3839, time remaining: 1m 11s
Rendered 1657/3839, time remaining: 1m 10s
Rendered 1658/3839, time remaining: 1m 11s
Rendered 1659/3839, time remaining: 1m 11s
Rendered 1660/3839, time remaining: 1m 12s
Rendered 1661/3839, time remaining: 1m 10s
Rendered 1662/3839, time remaining: 1m 10s
Rendered 1663/3839, time remaining: 1m 9s
Rendered 1664/3839, time remaining: 1m 9s
Rendered 1665/3839, time remaining: 1m 10s
Rendered 1666/3839, time remaining: 1m 10s
Rendered 1667/3839, time remaining: 1m 10s
Rendered 1668/3839, time remaining: 1m 10s
Rendered 1669/3839, time remaining: 1m 10s
Rendered 1670/3839, time remaining: 1m 10s
Rendered 1671/3839, time remaining: 1m 10s
Rendered 1672/3839, time remaining: 1m 11s
Rendered 1673/3839, time remaining: 1m 11s
Rendered 1674/3839, time remaining: 1m 10s
Rendered 1675/3839, time remaining: 1m 9s
Rendered 1676/3839, time remaining: 1m 9s
Rendered 1677/3839, time remaining: 1m 9s
Rendered 1678/3839, time remaining: 1m 11s
Rendered 1679/3839, time remaining: 1m 10s
Rendered 1680/3839, time remaining: 1m 10s
Rendered 1681/3839, time remaining: 1m 10s
Rendered 1682/3839, time remaining: 1m 10s
Rendered 1683/3839, time remaining: 1m 9s
Rendered 1684/3839, time remaining: 1m 8s
Rendered 1685/3839, time remaining: 1m 8s
Rendered 1686/3839, time remaining: 1m 10s
Rendered 1687/3839, time remaining: 1m 10s
Rendered 1688/3839, time remaining: 1m 9s
Rendered 1689/3839, time remaining: 1m 9s
Rendered 1690/3839, time remaining: 1m 10s
Rendered 1691/3839, time remaining: 1m 11s
Rendered 1692/3839, time remaining: 1m 8s
Rendered 1693/3839, time remaining: 1m 8s
Rendered 1694/3839, time remaining: 1m 8s
Rendered 1695/3839, time remaining: 1m 9s
Rendered 1696/3839, time remaining: 1m 9s
Rendered 1697/3839, time remaining: 1m 8s
Rendered 1698/3839, time remaining: 1m 8s
Rendered 1699/3839, time remaining: 1m 9s
Rendered 1700/3839, time remaining: 1m 9s
Rendered 1701/3839, time remaining: 1m 9s
Rendered 1702/3839, time remaining: 1m 10s
Rendered 1703/3839, time remaining: 1m 10s
Rendered 1704/3839, time remaining: 1m 10s
Rendered 1705/3839, time remaining: 1m 10s
Rendered 1706/3839, time remaining: 1m 10s
Rendered 1707/3839, time remaining: 1m 10s
Rendered 1708/3839, time remaining: 1m 12s
Rendered 1709/3839, time remaining: 1m 12s
Rendered 1710/3839, time remaining: 1m 12s
Rendered 1711/3839, time remaining: 1m 12s
Rendered 1712/3839, time remaining: 1m 12s
Rendered 1713/3839, time remaining: 1m 12s
Rendered 1714/3839, time remaining: 1m 13s
Rendered 1715/3839, time remaining: 1m 13s
Rendered 1716/3839, time remaining: 1m 13s
Rendered 1717/3839, time remaining: 1m 12s
Rendered 1718/3839, time remaining: 1m 13s
Rendered 1719/3839, time remaining: 1m 13s
Rendered 1720/3839, time remaining: 1m 11s
Rendered 1721/3839, time remaining: 1m 12s
Rendered 1722/3839, time remaining: 1m 12s
Rendered 1723/3839, time remaining: 1m 13s
Rendered 1724/3839, time remaining: 1m 13s
Rendered 1725/3839, time remaining: 1m 12s
Rendered 1726/3839, time remaining: 1m 13s
Rendered 1727/3839, time remaining: 1m 13s
Rendered 1728/3839, time remaining: 1m 11s
Rendered 1729/3839, time remaining: 1m 12s
Rendered 1730/3839, time remaining: 1m 12s
Rendered 1731/3839, time remaining: 1m 13s
Rendered 1732/3839, time remaining: 1m 13s
Rendered 1733/3839, time remaining: 1m 13s
Rendered 1734/3839, time remaining: 1m 12s
Rendered 1735/3839, time remaining: 1m 12s
Rendered 1736/3839, time remaining: 1m 11s
Rendered 1737/3839, time remaining: 1m 11s
Rendered 1738/3839, time remaining: 1m 12s
Rendered 1739/3839, time remaining: 1m 12s
Rendered 1740/3839, time remaining: 1m 12s
Rendered 1741/3839, time remaining: 1m 13s
Rendered 1742/3839, time remaining: 1m 11s
Rendered 1743/3839, time remaining: 1m 11s
Rendered 1744/3839, time remaining: 1m 10s
Rendered 1745/3839, time remaining: 1m 10s
Rendered 1746/3839, time remaining: 1m 11s
Rendered 1747/3839, time remaining: 1m 11s
Rendered 1748/3839, time remaining: 1m 12s
Rendered 1749/3839, time remaining: 1m 11s
Rendered 1750/3839, time remaining: 1m 10s
Rendered 1751/3839, time remaining: 1m 11s
Rendered 1752/3839, time remaining: 1m 10s
Rendered 1753/3839, time remaining: 1m 10s
Rendered 1754/3839, time remaining: 1m 11s
Rendered 1755/3839, time remaining: 1m 11s
Rendered 1756/3839, time remaining: 1m 10s
Rendered 1757/3839, time remaining: 1m 11s
Rendered 1758/3839, time remaining: 1m 11s
Rendered 1759/3839, time remaining: 1m 10s
Rendered 1760/3839, time remaining: 1m 10s
Rendered 1761/3839, time remaining: 1m 10s
Rendered 1762/3839, time remaining: 1m 9s
Rendered 1763/3839, time remaining: 1m 10s
Rendered 1764/3839, time remaining: 1m 10s
Rendered 1765/3839, time remaining: 1m 10s
Rendered 1766/3839, time remaining: 1m 10s
Rendered 1767/3839, time remaining: 1m 10s
Rendered 1768/3839, time remaining: 1m 11s
Rendered 1769/3839, time remaining: 1m 11s
Rendered 1770/3839, time remaining: 1m 11s
Rendered 1771/3839, time remaining: 1m 9s
Rendered 1772/3839, time remaining: 1m 9s
Rendered 1773/3839, time remaining: 1m 9s
Rendered 1774/3839, time remaining: 1m 10s
Rendered 1775/3839, time remaining: 1m 11s
Rendered 1776/3839, time remaining: 1m 9s
Rendered 1777/3839, time remaining: 1m 9s
Rendered 1778/3839, time remaining: 1m 9s
Rendered 1779/3839, time remaining: 1m 9s
Rendered 1780/3839, time remaining: 1m 9s
Rendered 1781/3839, time remaining: 1m 9s
Rendered 1782/3839, time remaining: 1m 11s
Rendered 1783/3839, time remaining: 1m 9s
Rendered 1784/3839, time remaining: 1m 9s
Rendered 1785/3839, time remaining: 1m 10s
Rendered 1786/3839, time remaining: 1m 10s
Rendered 1787/3839, time remaining: 1m 10s
Rendered 1788/3839, time remaining: 1m 10s
Rendered 1789/3839, time remaining: 1m 8s
Rendered 1790/3839, time remaining: 1m 8s
Rendered 1791/3839, time remaining: 1m 10s
Rendered 1792/3839, time remaining: 1m 10s
Rendered 1793/3839, time remaining: 1m 9s
Rendered 1794/3839, time remaining: 1m 9s
Rendered 1795/3839, time remaining: 1m 9s
Rendered 1796/3839, time remaining: 1m 8s
Rendered 1797/3839, time remaining: 1m 9s
Rendered 1798/3839, time remaining: 1m 8s
Rendered 1799/3839, time remaining: 1m 9s
Rendered 1800/3839, time remaining: 1m 10s
Rendered 1801/3839, time remaining: 1m 8s
Rendered 1802/3839, time remaining: 1m 8s
Rendered 1803/3839, time remaining: 1m 8s
Rendered 1804/3839, time remaining: 1m 10s
Rendered 1805/3839, time remaining: 1m 9s
Rendered 1806/3839, time remaining: 1m 9s
Rendered 1807/3839, time remaining: 1m 10s
Rendered 1808/3839, time remaining: 1m 9s
Rendered 1809/3839, time remaining: 1m 9s
Rendered 1810/3839, time remaining: 1m 8s
Rendered 1811/3839, time remaining: 1m 8s
Rendered 1812/3839, time remaining: 1m 10s
Rendered 1813/3839, time remaining: 1m 9s
Rendered 1814/3839, time remaining: 1m 9s
Rendered 1815/3839, time remaining: 1m 9s
Rendered 1816/3839, time remaining: 1m 9s
Rendered 1817/3839, time remaining: 1m 8s
Rendered 1818/3839, time remaining: 1m 8s
Rendered 1819/3839, time remaining: 1m 8s
Rendered 1820/3839, time remaining: 1m 9s
Rendered 1821/3839, time remaining: 1m 9s
Rendered 1822/3839, time remaining: 1m 8s
Rendered 1823/3839, time remaining: 1m 8s
Rendered 1824/3839, time remaining: 1m 8s
Rendered 1825/3839, time remaining: 1m 9s
Rendered 1826/3839, time remaining: 1m 8s
Rendered 1827/3839, time remaining: 1m 9s
Rendered 1828/3839, time remaining: 1m 8s
Rendered 1829/3839, time remaining: 1m 8s
Rendered 1830/3839, time remaining: 1m 8s
Rendered 1831/3839, time remaining: 1m 8s
Rendered 1832/3839, time remaining: 1m 8s
Rendered 1833/3839, time remaining: 1m 8s
Rendered 1834/3839, time remaining: 1m 8s
Rendered 1835/3839, time remaining: 1m 9s
Rendered 1836/3839, time remaining: 1m 7s
Rendered 1837/3839, time remaining: 1m 8s
Rendered 1838/3839, time remaining: 1m 7s
Rendered 1839/3839, time remaining: 1m 7s
Rendered 1840/3839, time remaining: 1m 7s
Rendered 1841/3839, time remaining: 1m 8s
Rendered 1842/3839, time remaining: 1m 8s
Rendered 1843/3839, time remaining: 1m 8s
Rendered 1844/3839, time remaining: 1m 8s
Rendered 1845/3839, time remaining: 1m 7s
Rendered 1846/3839, time remaining: 1m 7s
Rendered 1847/3839, time remaining: 1m 7s
Rendered 1848/3839, time remaining: 1m 8s
Rendered 1849/3839, time remaining: 1m 7s
Rendered 1850/3839, time remaining: 1m 7s
Rendered 1851/3839, time remaining: 1m 7s
Rendered 1852/3839, time remaining: 1m 6s
Rendered 1853/3839, time remaining: 1m 7s
Rendered 1854/3839, time remaining: 1m 7s
Rendered 1855/3839, time remaining: 1m 7s
Rendered 1856/3839, time remaining: 1m 7s
Rendered 1857/3839, time remaining: 1m 8s
Rendered 1858/3839, time remaining: 1m 6s
Rendered 1859/3839, time remaining: 1m 6s
Rendered 1860/3839, time remaining: 1m 7s
Rendered 1861/3839, time remaining: 1m 7s
Rendered 1862/3839, time remaining: 1m 7s
Rendered 1863/3839, time remaining: 1m 6s
Rendered 1864/3839, time remaining: 1m 5s
Rendered 1865/3839, time remaining: 1m 7s
Rendered 1866/3839, time remaining: 1m 7s
Rendered 1867/3839, time remaining: 1m 7s
Rendered 1868/3839, time remaining: 1m 7s
Rendered 1869/3839, time remaining: 1m 7s
Rendered 1870/3839, time remaining: 1m 7s
Rendered 1871/3839, time remaining: 1m 6s
Rendered 1872/3839, time remaining: 1m 6s
Rendered 1873/3839, time remaining: 1m 6s
Rendered 1874/3839, time remaining: 1m 6s
Rendered 1875/3839, time remaining: 1m 6s
Rendered 1876/3839, time remaining: 1m 5s
Rendered 1877/3839, time remaining: 1m 6s
Rendered 1878/3839, time remaining: 1m 6s
Rendered 1879/3839, time remaining: 1m 6s
Rendered 1880/3839, time remaining: 1m 6s
Rendered 1881/3839, time remaining: 1m 6s
Rendered 1882/3839, time remaining: 1m 6s
Rendered 1883/3839, time remaining: 1m 6s
Rendered 1884/3839, time remaining: 1m 6s
Rendered 1885/3839, time remaining: 1m 6s
Rendered 1886/3839, time remaining: 1m 6s
Rendered 1887/3839, time remaining: 1m 6s
Rendered 1888/3839, time remaining: 1m 5s
Rendered 1889/3839, time remaining: 1m 5s
Rendered 1890/3839, time remaining: 1m 5s
Rendered 1891/3839, time remaining: 1m 5s
Rendered 1892/3839, time remaining: 1m 5s
Rendered 1893/3839, time remaining: 1m 6s
Rendered 1894/3839, time remaining: 1m 6s
Rendered 1895/3839, time remaining: 1m 6s
Rendered 1896/3839, time remaining: 1m 5s
Rendered 1897/3839, time remaining: 1m 6s
Rendered 1898/3839, time remaining: 1m 5s
Rendered 1899/3839, time remaining: 1m 5s
Rendered 1900/3839, time remaining: 1m 5s
Rendered 1901/3839, time remaining: 1m 6s
Rendered 1902/3839, time remaining: 1m 5s
Rendered 1903/3839, time remaining: 1m 5s
Rendered 1904/3839, time remaining: 1m 6s
Rendered 1905/3839, time remaining: 1m 5s
Rendered 1906/3839, time remaining: 1m 6s
Rendered 1907/3839, time remaining: 1m 4s
Rendered 1908/3839, time remaining: 1m 6s
Rendered 1909/3839, time remaining: 1m 5s
Rendered 1910/3839, time remaining: 1m 5s
Rendered 1911/3839, time remaining: 1m 5s
Rendered 1912/3839, time remaining: 1m 6s
Rendered 1913/3839, time remaining: 1m 5s
Rendered 1914/3839, time remaining: 1m 3s
Rendered 1915/3839, time remaining: 1m 5s
Rendered 1916/3839, time remaining: 1m 6s
Rendered 1917/3839, time remaining: 1m 5s
Rendered 1918/3839, time remaining: 1m 5s
Rendered 1919/3839, time remaining: 1m 5s
Rendered 1920/3839, time remaining: 1m 5s
Rendered 1921/3839, time remaining: 1m 4s
Rendered 1922/3839, time remaining: 1m 4s
Rendered 1923/3839, time remaining: 1m 6s
Rendered 1924/3839, time remaining: 1m 4s
Rendered 1925/3839, time remaining: 1m 4s
Rendered 1926/3839, time remaining: 1m 5s
Rendered 1927/3839, time remaining: 1m 5s
Rendered 1928/3839, time remaining: 1m 5s
Rendered 1929/3839, time remaining: 1m 4s
Rendered 1930/3839, time remaining: 1m 4s
Rendered 1931/3839, time remaining: 1m 5s
Rendered 1932/3839, time remaining: 1m 4s
Rendered 1933/3839, time remaining: 1m 5s
Rendered 1934/3839, time remaining: 1m 5s
Rendered 1935/3839, time remaining: 1m 4s
Rendered 1936/3839, time remaining: 1m 4s
Rendered 1937/3839, time remaining: 1m 3s
Rendered 1938/3839, time remaining: 1m 3s
Rendered 1939/3839, time remaining: 1m 4s
Rendered 1940/3839, time remaining: 1m 4s
Rendered 1941/3839, time remaining: 1m 3s
Rendered 1942/3839, time remaining: 1m 3s
Rendered 1943/3839, time remaining: 1m 5s
Rendered 1944/3839, time remaining: 1m 4s
Rendered 1945/3839, time remaining: 1m 4s
Rendered 1946/3839, time remaining: 1m 4s
Rendered 1947/3839, time remaining: 1m 3s
Rendered 1948/3839, time remaining: 1m 4s
Rendered 1949/3839, time remaining: 1m 3s
Rendered 1950/3839, time remaining: 1m 4s
Rendered 1951/3839, time remaining: 1m 4s
Rendered 1952/3839, time remaining: 1m 4s
Rendered 1953/3839, time remaining: 1m 4s
Rendered 1954/3839, time remaining: 1m 2s
Rendered 1955/3839, time remaining: 1m 3s
Rendered 1956/3839, time remaining: 1m 3s
Rendered 1957/3839, time remaining: 1m 2s
Rendered 1958/3839, time remaining: 1m 3s
Rendered 1959/3839, time remaining: 1m 4s
Rendered 1960/3839, time remaining: 1m 3s
Rendered 1961/3839, time remaining: 1m 4s
Rendered 1962/3839, time remaining: 1m 3s
Rendered 1963/3839, time remaining: 1m 3s
Rendered 1964/3839, time remaining: 1m 3s
Rendered 1965/3839, time remaining: 1m 3s
Rendered 1966/3839, time remaining: 1m 3s
Rendered 1967/3839, time remaining: 1m 3s
Rendered 1968/3839, time remaining: 1m 4s
Rendered 1969/3839, time remaining: 1m 4s
Rendered 1970/3839, time remaining: 1m 3s
Rendered 1971/3839, time remaining: 1m 2s
Rendered 1972/3839, time remaining: 1m 2s
Rendered 1973/3839, time remaining: 1m 2s
Rendered 1974/3839, time remaining: 1m 2s
Rendered 1975/3839, time remaining: 1m 3s
Rendered 1976/3839, time remaining: 1m 3s
Rendered 1977/3839, time remaining: 1m 3s
Rendered 1978/3839, time remaining: 1m 3s
Rendered 1979/3839, time remaining: 1m 2s
Rendered 1980/3839, time remaining: 1m 2s
Rendered 1981/3839, time remaining: 1m 3s
Rendered 1982/3839, time remaining: 1m 3s
Rendered 1983/3839, time remaining: 1m 3s
Rendered 1984/3839, time remaining: 1m 3s
Rendered 1985/3839, time remaining: 1m 2s
Rendered 1986/3839, time remaining: 1m 2s
Rendered 1987/3839, time remaining: 1m 1s
Rendered 1988/3839, time remaining: 1m 2s
Rendered 1989/3839, time remaining: 1m 2s
Rendered 1990/3839, time remaining: 1m 2s
Rendered 1991/3839, time remaining: 1m 2s
Rendered 1992/3839, time remaining: 1m 2s
Rendered 1993/3839, time remaining: 1m 2s
Rendered 1994/3839, time remaining: 1m 2s
Rendered 1995/3839, time remaining: 1m 2s
Rendered 1996/3839, time remaining: 1m 2s
Rendered 1997/3839, time remaining: 1m 1s
Rendered 1998/3839, time remaining: 1m 1s
Rendered 1999/3839, time remaining: 1m 2s
Rendered 2000/3839, time remaining: 1m 2s
Rendered 2001/3839, time remaining: 1m 3s
Rendered 2002/3839, time remaining: 1m 3s
Rendered 2003/3839, time remaining: 1m 2s
Rendered 2004/3839, time remaining: 1m 1s
Rendered 2005/3839, time remaining: 1m 1s
Rendered 2006/3839, time remaining: 1m 2s
Rendered 2007/3839, time remaining: 1m 1s
Rendered 2008/3839, time remaining: 1m 1s
Rendered 2009/3839, time remaining: 1m 1s
Rendered 2010/3839, time remaining: 1m 2s
Rendered 2011/3839, time remaining: 1m 1s
Rendered 2012/3839, time remaining: 1m 1s
Rendered 2013/3839, time remaining: 1m 2s
Rendered 2014/3839, time remaining: 1m 2s
Rendered 2015/3839, time remaining: 1m 0s
Rendered 2016/3839, time remaining: 1m 0s
Rendered 2017/3839, time remaining: 1m 1s
Rendered 2018/3839, time remaining: 1m 1s
Rendered 2019/3839, time remaining: 1m 1s
Rendered 2020/3839, time remaining: 1m 1s
Rendered 2021/3839, time remaining: 1m 1s
Rendered 2022/3839, time remaining: 1m 1s
Rendered 2023/3839, time remaining: 1m 0s
Rendered 2024/3839, time remaining: 1m 1s
Rendered 2025/3839, time remaining: 1m 1s
Rendered 2026/3839, time remaining: 1m 2s
Rendered 2027/3839, time remaining: 1m 1s
Rendered 2028/3839, time remaining: 1m 1s
Rendered 2029/3839, time remaining: 1m 1s
Rendered 2030/3839, time remaining: 1m 1s
Rendered 2031/3839, time remaining: 1m 0s
Rendered 2032/3839, time remaining: 59s
Rendered 2033/3839, time remaining: 1m 0s
Rendered 2034/3839, time remaining: 1m 2s
Rendered 2035/3839, time remaining: 1m 1s
Rendered 2036/3839, time remaining: 1m 1s
Rendered 2037/3839, time remaining: 1m 2s
Rendered 2038/3839, time remaining: 1m 3s
Rendered 2039/3839, time remaining: 1m 1s
Rendered 2040/3839, time remaining: 1m 1s
Rendered 2041/3839, time remaining: 1m 1s
Rendered 2042/3839, time remaining: 1m 1s
Rendered 2043/3839, time remaining: 1m 0s
Rendered 2044/3839, time remaining: 1m 1s
Rendered 2045/3839, time remaining: 1m 1s
Rendered 2046/3839, time remaining: 1m 2s
Rendered 2047/3839, time remaining: 1m 1s
Rendered 2048/3839, time remaining: 1m 1s
Rendered 2049/3839, time remaining: 1m 1s
Rendered 2050/3839, time remaining: 1m 1s
Rendered 2051/3839, time remaining: 1m 0s
Rendered 2052/3839, time remaining: 1m 1s
Rendered 2053/3839, time remaining: 1m 0s
Rendered 2054/3839, time remaining: 1m 0s
Rendered 2055/3839, time remaining: 1m 1s
Rendered 2056/3839, time remaining: 1m 1s
Rendered 2057/3839, time remaining: 1m 2s
Rendered 2058/3839, time remaining: 1m 0s
Rendered 2059/3839, time remaining: 1m 0s
Rendered 2060/3839, time remaining: 1m 0s
Rendered 2061/3839, time remaining: 1m 0s
Rendered 2062/3839, time remaining: 1m 0s
Rendered 2063/3839, time remaining: 1m 1s
Rendered 2064/3839, time remaining: 1m 2s
Rendered 2065/3839, time remaining: 1m 1s
Rendered 2066/3839, time remaining: 1m 0s
Rendered 2067/3839, time remaining: 59s
Rendered 2068/3839, time remaining: 1m 0s
Rendered 2069/3839, time remaining: 1m 1s
Rendered 2070/3839, time remaining: 1m 1s
Rendered 2071/3839, time remaining: 1m 0s
Rendered 2072/3839, time remaining: 1m 1s
Rendered 2073/3839, time remaining: 1m 0s
Rendered 2074/3839, time remaining: 1m 0s
Rendered 2075/3839, time remaining: 59s
Rendered 2076/3839, time remaining: 1m 0s
Rendered 2077/3839, time remaining: 1m 0s
Rendered 2078/3839, time remaining: 1m 0s
Rendered 2079/3839, time remaining: 1m 1s
Rendered 2080/3839, time remaining: 1m 1s
Rendered 2081/3839, time remaining: 1m 0s
Rendered 2082/3839, time remaining: 1m 1s
Rendered 2083/3839, time remaining: 1m 0s
Rendered 2084/3839, time remaining: 1m 0s
Rendered 2085/3839, time remaining: 59s
Rendered 2086/3839, time remaining: 1m 0s
Rendered 2087/3839, time remaining: 1m 1s
Rendered 2088/3839, time remaining: 1m 1s
Rendered 2089/3839, time remaining: 1m 0s
Rendered 2090/3839, time remaining: 1m 0s
Rendered 2091/3839, time remaining: 1m 0s
Rendered 2092/3839, time remaining: 1m 0s
Rendered 2093/3839, time remaining: 59s
Rendered 2094/3839, time remaining: 1m 0s
Rendered 2095/3839, time remaining: 1m 0s
Rendered 2096/3839, time remaining: 1m 0s
Rendered 2097/3839, time remaining: 1m 0s
Rendered 2098/3839, time remaining: 59s
Rendered 2099/3839, time remaining: 1m 0s
Rendered 2100/3839, time remaining: 1m 0s
Rendered 2101/3839, time remaining: 1m 0s
Rendered 2102/3839, time remaining: 1m 0s
Rendered 2103/3839, time remaining: 1m 0s
Rendered 2104/3839, time remaining: 1m 0s
Rendered 2105/3839, time remaining: 59s
Rendered 2106/3839, time remaining: 59s
Rendered 2107/3839, time remaining: 1m 0s
Rendered 2108/3839, time remaining: 59s
Rendered 2109/3839, time remaining: 59s
Rendered 2110/3839, time remaining: 1m 0s
Rendered 2111/3839, time remaining: 1m 0s
Rendered 2112/3839, time remaining: 1m 0s
Rendered 2113/3839, time remaining: 1m 0s
Rendered 2114/3839, time remaining: 1m 0s
Rendered 2115/3839, time remaining: 1m 0s
Rendered 2116/3839, time remaining: 1m 0s
Rendered 2117/3839, time remaining: 1m 0s
Rendered 2118/3839, time remaining: 59s
Rendered 2119/3839, time remaining: 1m 0s
Rendered 2120/3839, time remaining: 1m 0s
Rendered 2121/3839, time remaining: 1m 0s
Rendered 2122/3839, time remaining: 1m 0s
Rendered 2123/3839, time remaining: 1m 0s
Rendered 2124/3839, time remaining: 1m 0s
Rendered 2125/3839, time remaining: 58s
Rendered 2126/3839, time remaining: 1m 0s
Rendered 2127/3839, time remaining: 1m 0s
Rendered 2128/3839, time remaining: 59s
Rendered 2129/3839, time remaining: 1m 0s
Rendered 2130/3839, time remaining: 1m 0s
Rendered 2131/3839, time remaining: 59s
Rendered 2132/3839, time remaining: 59s
Rendered 2133/3839, time remaining: 1m 0s
Rendered 2134/3839, time remaining: 1m 0s
Rendered 2135/3839, time remaining: 1m 0s
Rendered 2136/3839, time remaining: 1m 0s
Rendered 2137/3839, time remaining: 1m 0s
Rendered 2138/3839, time remaining: 1m 1s
Rendered 2139/3839, time remaining: 1m 0s
Rendered 2140/3839, time remaining: 1m 0s
Rendered 2141/3839, time remaining: 59s
Rendered 2142/3839, time remaining: 59s
Rendered 2143/3839, time remaining: 59s
Rendered 2144/3839, time remaining: 59s
Rendered 2145/3839, time remaining: 1m 0s
Rendered 2146/3839, time remaining: 1m 0s
Rendered 2147/3839, time remaining: 1m 0s
Rendered 2148/3839, time remaining: 1m 0s
Rendered 2149/3839, time remaining: 59s
Rendered 2150/3839, time remaining: 1m 0s
Rendered 2151/3839, time remaining: 59s
Rendered 2152/3839, time remaining: 59s
Rendered 2153/3839, time remaining: 59s
Rendered 2154/3839, time remaining: 1m 0s
Rendered 2155/3839, time remaining: 1m 0s
Rendered 2156/3839, time remaining: 58s
Rendered 2157/3839, time remaining: 58s
Rendered 2158/3839, time remaining: 1m 0s
Rendered 2159/3839, time remaining: 1m 0s
Rendered 2160/3839, time remaining: 59s
Rendered 2161/3839, time remaining: 59s
Rendered 2162/3839, time remaining: 1m 0s
Rendered 2163/3839, time remaining: 59s
Rendered 2164/3839, time remaining: 59s
Rendered 2165/3839, time remaining: 59s
Rendered 2166/3839, time remaining: 1m 0s
Rendered 2167/3839, time remaining: 1m 0s
Rendered 2168/3839, time remaining: 59s
Rendered 2169/3839, time remaining: 59s
Rendered 2170/3839, time remaining: 59s
Rendered 2171/3839, time remaining: 58s
Rendered 2172/3839, time remaining: 59s
Rendered 2173/3839, time remaining: 59s
Rendered 2174/3839, time remaining: 59s
Rendered 2175/3839, time remaining: 59s
Rendered 2176/3839, time remaining: 59s
Rendered 2177/3839, time remaining: 58s
Rendered 2178/3839, time remaining: 59s
Rendered 2179/3839, time remaining: 59s
Rendered 2180/3839, time remaining: 1m 0s
Rendered 2181/3839, time remaining: 59s
Rendered 2182/3839, time remaining: 1m 0s
Rendered 2183/3839, time remaining: 1m 0s
Rendered 2184/3839, time remaining: 57s
Rendered 2185/3839, time remaining: 57s
Rendered 2186/3839, time remaining: 58s
Rendered 2187/3839, time remaining: 58s
Rendered 2188/3839, time remaining: 58s
Rendered 2189/3839, time remaining: 58s
Rendered 2190/3839, time remaining: 59s
Rendered 2191/3839, time remaining: 58s
Rendered 2192/3839, time remaining: 58s
Rendered 2193/3839, time remaining: 57s
Rendered 2194/3839, time remaining: 58s
Rendered 2195/3839, time remaining: 58s
Rendered 2196/3839, time remaining: 57s
Rendered 2197/3839, time remaining: 57s
Rendered 2198/3839, time remaining: 58s
Rendered 2199/3839, time remaining: 58s
Rendered 2200/3839, time remaining: 58s
Rendered 2201/3839, time remaining: 58s
Rendered 2202/3839, time remaining: 58s
Rendered 2203/3839, time remaining: 58s
Rendered 2204/3839, time remaining: 58s
Rendered 2205/3839, time remaining: 58s
Rendered 2206/3839, time remaining: 58s
Rendered 2207/3839, time remaining: 57s
Rendered 2208/3839, time remaining: 57s
Rendered 2209/3839, time remaining: 58s
Rendered 2210/3839, time remaining: 58s
Rendered 2211/3839, time remaining: 58s
Rendered 2212/3839, time remaining: 58s
Rendered 2213/3839, time remaining: 57s
Rendered 2214/3839, time remaining: 57s
Rendered 2215/3839, time remaining: 56s
Rendered 2216/3839, time remaining: 57s
Rendered 2217/3839, time remaining: 58s
Rendered 2218/3839, time remaining: 57s
Rendered 2219/3839, time remaining: 56s
Rendered 2220/3839, time remaining: 57s
Rendered 2221/3839, time remaining: 57s
Rendered 2222/3839, time remaining: 56s
Rendered 2223/3839, time remaining: 57s
Rendered 2224/3839, time remaining: 57s
Rendered 2225/3839, time remaining: 57s
Rendered 2226/3839, time remaining: 56s
Rendered 2227/3839, time remaining: 56s
Rendered 2228/3839, time remaining: 57s
Rendered 2229/3839, time remaining: 55s
Rendered 2230/3839, time remaining: 56s
Rendered 2231/3839, time remaining: 56s
Rendered 2232/3839, time remaining: 55s
Rendered 2233/3839, time remaining: 56s
Rendered 2234/3839, time remaining: 56s
Rendered 2235/3839, time remaining: 56s
Rendered 2236/3839, time remaining: 55s
Rendered 2237/3839, time remaining: 56s
Rendered 2238/3839, time remaining: 56s
Rendered 2239/3839, time remaining: 56s
Rendered 2240/3839, time remaining: 56s
Rendered 2241/3839, time remaining: 55s
Rendered 2242/3839, time remaining: 55s
Rendered 2243/3839, time remaining: 56s
Rendered 2244/3839, time remaining: 55s
Rendered 2245/3839, time remaining: 56s
Rendered 2246/3839, time remaining: 55s
Rendered 2247/3839, time remaining: 56s
Rendered 2248/3839, time remaining: 56s
Rendered 2249/3839, time remaining: 56s
Rendered 2250/3839, time remaining: 55s
Rendered 2251/3839, time remaining: 55s
Rendered 2252/3839, time remaining: 55s
Rendered 2253/3839, time remaining: 54s
Rendered 2254/3839, time remaining: 55s
Rendered 2255/3839, time remaining: 55s
Rendered 2256/3839, time remaining: 55s
Rendered 2257/3839, time remaining: 56s
Rendered 2258/3839, time remaining: 55s
Rendered 2259/3839, time remaining: 56s
Rendered 2260/3839, time remaining: 54s
Rendered 2261/3839, time remaining: 54s
Rendered 2262/3839, time remaining: 54s
Rendered 2263/3839, time remaining: 54s
Rendered 2264/3839, time remaining: 55s
Rendered 2265/3839, time remaining: 56s
Rendered 2266/3839, time remaining: 55s
Rendered 2267/3839, time remaining: 54s
Rendered 2268/3839, time remaining: 54s
Rendered 2269/3839, time remaining: 53s
Rendered 2270/3839, time remaining: 53s
Rendered 2271/3839, time remaining: 54s
Rendered 2272/3839, time remaining: 55s
Rendered 2273/3839, time remaining: 55s
Rendered 2274/3839, time remaining: 55s
Rendered 2275/3839, time remaining: 55s
Rendered 2276/3839, time remaining: 53s
Rendered 2277/3839, time remaining: 53s
Rendered 2278/3839, time remaining: 54s
Rendered 2279/3839, time remaining: 53s
Rendered 2280/3839, time remaining: 53s
Rendered 2281/3839, time remaining: 54s
Rendered 2282/3839, time remaining: 55s
Rendered 2283/3839, time remaining: 53s
Rendered 2284/3839, time remaining: 53s
Rendered 2285/3839, time remaining: 53s
Rendered 2286/3839, time remaining: 53s
Rendered 2287/3839, time remaining: 53s
Rendered 2288/3839, time remaining: 52s
Rendered 2289/3839, time remaining: 53s
Rendered 2290/3839, time remaining: 53s
Rendered 2291/3839, time remaining: 53s
Rendered 2292/3839, time remaining: 53s
Rendered 2293/3839, time remaining: 53s
Rendered 2294/3839, time remaining: 53s
Rendered 2295/3839, time remaining: 52s
Rendered 2296/3839, time remaining: 52s
Rendered 2297/3839, time remaining: 52s
Rendered 2298/3839, time remaining: 53s
Rendered 2299/3839, time remaining: 53s
Rendered 2300/3839, time remaining: 52s
Rendered 2301/3839, time remaining: 52s
Rendered 2302/3839, time remaining: 52s
Rendered 2303/3839, time remaining: 52s
Rendered 2304/3839, time remaining: 53s
Rendered 2305/3839, time remaining: 53s
Rendered 2306/3839, time remaining: 53s
Rendered 2307/3839, time remaining: 53s
Rendered 2308/3839, time remaining: 51s
Rendered 2309/3839, time remaining: 53s
Rendered 2310/3839, time remaining: 53s
Rendered 2311/3839, time remaining: 53s
Rendered 2312/3839, time remaining: 52s
Rendered 2313/3839, time remaining: 52s
Rendered 2314/3839, time remaining: 53s
Rendered 2315/3839, time remaining: 53s
Rendered 2316/3839, time remaining: 51s
Rendered 2317/3839, time remaining: 52s
Rendered 2318/3839, time remaining: 53s
Rendered 2319/3839, time remaining: 53s
Rendered 2320/3839, time remaining: 53s
Rendered 2321/3839, time remaining: 52s
Rendered 2322/3839, time remaining: 52s
Rendered 2323/3839, time remaining: 52s
Rendered 2324/3839, time remaining: 51s
Rendered 2325/3839, time remaining: 53s
Rendered 2326/3839, time remaining: 53s
Rendered 2327/3839, time remaining: 53s
Rendered 2328/3839, time remaining: 52s
Rendered 2329/3839, time remaining: 52s
Rendered 2330/3839, time remaining: 51s
Rendered 2331/3839, time remaining: 51s
Rendered 2332/3839, time remaining: 52s
Rendered 2333/3839, time remaining: 52s
Rendered 2334/3839, time remaining: 52s
Rendered 2335/3839, time remaining: 53s
Rendered 2336/3839, time remaining: 52s
Rendered 2337/3839, time remaining: 52s
Rendered 2338/3839, time remaining: 51s
Rendered 2339/3839, time remaining: 52s
Rendered 2340/3839, time remaining: 52s
Rendered 2341/3839, time remaining: 52s
Rendered 2342/3839, time remaining: 52s
Rendered 2343/3839, time remaining: 53s
Rendered 2344/3839, time remaining: 53s
Rendered 2345/3839, time remaining: 52s
Rendered 2346/3839, time remaining: 53s
Rendered 2347/3839, time remaining: 53s
Rendered 2348/3839, time remaining: 51s
Rendered 2349/3839, time remaining: 52s
Rendered 2350/3839, time remaining: 52s
Rendered 2351/3839, time remaining: 52s
Rendered 2352/3839, time remaining: 52s
Rendered 2353/3839, time remaining: 53s
Rendered 2354/3839, time remaining: 52s
Rendered 2355/3839, time remaining: 51s
Rendered 2356/3839, time remaining: 51s
Rendered 2357/3839, time remaining: 51s
Rendered 2358/3839, time remaining: 52s
Rendered 2359/3839, time remaining: 51s
Rendered 2360/3839, time remaining: 52s
Rendered 2361/3839, time remaining: 52s
Rendered 2362/3839, time remaining: 52s
Rendered 2363/3839, time remaining: 51s
Rendered 2364/3839, time remaining: 51s
Rendered 2365/3839, time remaining: 52s
Rendered 2366/3839, time remaining: 51s
Rendered 2367/3839, time remaining: 51s
Rendered 2368/3839, time remaining: 52s
Rendered 2369/3839, time remaining: 52s
Rendered 2370/3839, time remaining: 52s
Rendered 2371/3839, time remaining: 51s
Rendered 2372/3839, time remaining: 52s
Rendered 2373/3839, time remaining: 51s
Rendered 2374/3839, time remaining: 51s
Rendered 2375/3839, time remaining: 51s
Rendered 2376/3839, time remaining: 52s
Rendered 2377/3839, time remaining: 52s
Rendered 2378/3839, time remaining: 51s
Rendered 2379/3839, time remaining: 51s
Rendered 2380/3839, time remaining: 50s
Rendered 2381/3839, time remaining: 51s
Rendered 2382/3839, time remaining: 51s
Rendered 2383/3839, time remaining: 50s
Rendered 2384/3839, time remaining: 51s
Rendered 2385/3839, time remaining: 52s
Rendered 2386/3839, time remaining: 51s
Rendered 2387/3839, time remaining: 50s
Rendered 2388/3839, time remaining: 50s
Rendered 2389/3839, time remaining: 51s
Rendered 2390/3839, time remaining: 50s
Rendered 2391/3839, time remaining: 50s
Rendered 2392/3839, time remaining: 51s
Rendered 2393/3839, time remaining: 51s
Rendered 2394/3839, time remaining: 51s
Rendered 2395/3839, time remaining: 51s
Rendered 2396/3839, time remaining: 50s
Rendered 2397/3839, time remaining: 50s
Rendered 2398/3839, time remaining: 50s
Rendered 2399/3839, time remaining: 50s
Rendered 2400/3839, time remaining: 50s
Rendered 2401/3839, time remaining: 50s
Rendered 2402/3839, time remaining: 51s
Rendered 2403/3839, time remaining: 51s
Rendered 2404/3839, time remaining: 50s
Rendered 2405/3839, time remaining: 50s
Rendered 2406/3839, time remaining: 51s
Rendered 2407/3839, time remaining: 50s
Rendered 2408/3839, time remaining: 50s
Rendered 2409/3839, time remaining: 49s
Rendered 2410/3839, time remaining: 50s
Rendered 2411/3839, time remaining: 50s
Rendered 2412/3839, time remaining: 50s
Rendered 2413/3839, time remaining: 50s
Rendered 2414/3839, time remaining: 50s
Rendered 2415/3839, time remaining: 49s
Rendered 2416/3839, time remaining: 49s
Rendered 2417/3839, time remaining: 49s
Rendered 2418/3839, time remaining: 50s
Rendered 2419/3839, time remaining: 50s
Rendered 2420/3839, time remaining: 50s
Rendered 2421/3839, time remaining: 50s
Rendered 2422/3839, time remaining: 49s
Rendered 2423/3839, time remaining: 49s
Rendered 2424/3839, time remaining: 50s
Rendered 2425/3839, time remaining: 49s
Rendered 2426/3839, time remaining: 49s
Rendered 2427/3839, time remaining: 50s
Rendered 2428/3839, time remaining: 50s
Rendered 2429/3839, time remaining: 49s
Rendered 2430/3839, time remaining: 49s
Rendered 2431/3839, time remaining: 49s
Rendered 2432/3839, time remaining: 48s
Rendered 2433/3839, time remaining: 49s
Rendered 2434/3839, time remaining: 49s
Rendered 2435/3839, time remaining: 49s
Rendered 2436/3839, time remaining: 49s
Rendered 2437/3839, time remaining: 49s
Rendered 2438/3839, time remaining: 50s
Rendered 2439/3839, time remaining: 49s
Rendered 2440/3839, time remaining: 48s
Rendered 2441/3839, time remaining: 48s
Rendered 2442/3839, time remaining: 48s
Rendered 2443/3839, time remaining: 48s
Rendered 2444/3839, time remaining: 49s
Rendered 2445/3839, time remaining: 49s
Rendered 2446/3839, time remaining: 49s
Rendered 2447/3839, time remaining: 49s
Rendered 2448/3839, time remaining: 48s
Rendered 2449/3839, time remaining: 48s
Rendered 2450/3839, time remaining: 49s
Rendered 2451/3839, time remaining: 48s
Rendered 2452/3839, time remaining: 48s
Rendered 2453/3839, time remaining: 49s
Rendered 2454/3839, time remaining: 47s
Rendered 2455/3839, time remaining: 48s
Rendered 2456/3839, time remaining: 48s
Rendered 2457/3839, time remaining: 48s
Rendered 2458/3839, time remaining: 49s
Rendered 2459/3839, time remaining: 47s
Rendered 2460/3839, time remaining: 47s
Rendered 2461/3839, time remaining: 48s
Rendered 2462/3839, time remaining: 48s
Rendered 2463/3839, time remaining: 47s
Rendered 2464/3839, time remaining: 47s
Rendered 2465/3839, time remaining: 47s
Rendered 2466/3839, time remaining: 48s
Rendered 2467/3839, time remaining: 47s
Rendered 2468/3839, time remaining: 47s
Rendered 2469/3839, time remaining: 47s
Rendered 2470/3839, time remaining: 47s
Rendered 2471/3839, time remaining: 47s
Rendered 2472/3839, time remaining: 46s
Rendered 2473/3839, time remaining: 48s
Rendered 2474/3839, time remaining: 48s
Rendered 2475/3839, time remaining: 46s
Rendered 2476/3839, time remaining: 46s
Rendered 2477/3839, time remaining: 46s
Rendered 2478/3839, time remaining: 46s
Rendered 2479/3839, time remaining: 46s
Rendered 2480/3839, time remaining: 47s
Rendered 2481/3839, time remaining: 47s
Rendered 2482/3839, time remaining: 46s
Rendered 2483/3839, time remaining: 45s
Rendered 2484/3839, time remaining: 46s
Rendered 2485/3839, time remaining: 46s
Rendered 2486/3839, time remaining: 46s
Rendered 2487/3839, time remaining: 46s
Rendered 2488/3839, time remaining: 46s
Rendered 2489/3839, time remaining: 46s
Rendered 2490/3839, time remaining: 45s
Rendered 2491/3839, time remaining: 45s
Rendered 2492/3839, time remaining: 46s
Rendered 2493/3839, time remaining: 45s
Rendered 2494/3839, time remaining: 44s
Rendered 2495/3839, time remaining: 45s
Rendered 2496/3839, time remaining: 44s
Rendered 2497/3839, time remaining: 44s
Rendered 2498/3839, time remaining: 44s
Rendered 2499/3839, time remaining: 46s
Rendered 2500/3839, time remaining: 45s
Rendered 2501/3839, time remaining: 45s
Rendered 2502/3839, time remaining: 44s
Rendered 2503/3839, time remaining: 44s
Rendered 2504/3839, time remaining: 44s
Rendered 2505/3839, time remaining: 44s
Rendered 2506/3839, time remaining: 44s
Rendered 2507/3839, time remaining: 46s
Rendered 2508/3839, time remaining: 45s
Rendered 2509/3839, time remaining: 45s
Rendered 2510/3839, time remaining: 45s
Rendered 2511/3839, time remaining: 44s
Rendered 2512/3839, time remaining: 44s
Rendered 2513/3839, time remaining: 45s
Rendered 2514/3839, time remaining: 45s
Rendered 2515/3839, time remaining: 44s
Rendered 2516/3839, time remaining: 45s
Rendered 2517/3839, time remaining: 45s
Rendered 2518/3839, time remaining: 44s
Rendered 2519/3839, time remaining: 43s
Rendered 2520/3839, time remaining: 44s
Rendered 2521/3839, time remaining: 45s
Rendered 2522/3839, time remaining: 44s
Rendered 2523/3839, time remaining: 44s
Rendered 2524/3839, time remaining: 44s
Rendered 2525/3839, time remaining: 44s
Rendered 2526/3839, time remaining: 43s
Rendered 2527/3839, time remaining: 43s
Rendered 2528/3839, time remaining: 44s
Rendered 2529/3839, time remaining: 45s
Rendered 2530/3839, time remaining: 44s
Rendered 2531/3839, time remaining: 45s
Rendered 2532/3839, time remaining: 44s
Rendered 2533/3839, time remaining: 44s
Rendered 2534/3839, time remaining: 44s
Rendered 2535/3839, time remaining: 43s
Rendered 2536/3839, time remaining: 43s
Rendered 2537/3839, time remaining: 43s
Rendered 2538/3839, time remaining: 43s
Rendered 2539/3839, time remaining: 44s
Rendered 2540/3839, time remaining: 44s
Rendered 2541/3839, time remaining: 44s
Rendered 2542/3839, time remaining: 43s
Rendered 2543/3839, time remaining: 43s
Rendered 2544/3839, time remaining: 43s
Rendered 2545/3839, time remaining: 43s
Rendered 2546/3839, time remaining: 43s
Rendered 2547/3839, time remaining: 44s
Rendered 2548/3839, time remaining: 44s
Rendered 2549/3839, time remaining: 44s
Rendered 2550/3839, time remaining: 44s
Rendered 2551/3839, time remaining: 44s
Rendered 2552/3839, time remaining: 43s
Rendered 2553/3839, time remaining: 43s
Rendered 2554/3839, time remaining: 43s
Rendered 2555/3839, time remaining: 43s
Rendered 2556/3839, time remaining: 44s
Rendered 2557/3839, time remaining: 43s
Rendered 2558/3839, time remaining: 44s
Rendered 2559/3839, time remaining: 44s
Rendered 2560/3839, time remaining: 43s
Rendered 2561/3839, time remaining: 43s
Rendered 2562/3839, time remaining: 43s
Rendered 2563/3839, time remaining: 43s
Rendered 2564/3839, time remaining: 43s
Rendered 2565/3839, time remaining: 43s
Rendered 2566/3839, time remaining: 43s
Rendered 2567/3839, time remaining: 43s
Rendered 2568/3839, time remaining: 42s
Rendered 2569/3839, time remaining: 43s
Rendered 2570/3839, time remaining: 43s
Rendered 2571/3839, time remaining: 43s
Rendered 2572/3839, time remaining: 43s
Rendered 2573/3839, time remaining: 43s
Rendered 2574/3839, time remaining: 42s
Rendered 2575/3839, time remaining: 42s
Rendered 2576/3839, time remaining: 42s
Rendered 2577/3839, time remaining: 43s
Rendered 2578/3839, time remaining: 42s
Rendered 2579/3839, time remaining: 43s
Rendered 2580/3839, time remaining: 43s
Rendered 2581/3839, time remaining: 43s
Rendered 2582/3839, time remaining: 43s
Rendered 2583/3839, time remaining: 42s
Rendered 2584/3839, time remaining: 42s
Rendered 2585/3839, time remaining: 43s
Rendered 2586/3839, time remaining: 43s
Rendered 2587/3839, time remaining: 43s
Rendered 2588/3839, time remaining: 42s
Rendered 2589/3839, time remaining: 42s
Rendered 2590/3839, time remaining: 43s
Rendered 2591/3839, time remaining: 43s
Rendered 2592/3839, time remaining: 42s
Rendered 2593/3839, time remaining: 43s
Rendered 2594/3839, time remaining: 42s
Rendered 2595/3839, time remaining: 42s
Rendered 2596/3839, time remaining: 42s
Rendered 2597/3839, time remaining: 42s
Rendered 2598/3839, time remaining: 43s
Rendered 2599/3839, time remaining: 43s
Rendered 2600/3839, time remaining: 42s
Rendered 2601/3839, time remaining: 42s
Rendered 2602/3839, time remaining: 42s
Rendered 2603/3839, time remaining: 42s
Rendered 2604/3839, time remaining: 42s
Rendered 2605/3839, time remaining: 42s
Rendered 2606/3839, time remaining: 43s
Rendered 2607/3839, time remaining: 43s
Rendered 2608/3839, time remaining: 42s
Rendered 2609/3839, time remaining: 42s
Rendered 2610/3839, time remaining: 42s
Rendered 2611/3839, time remaining: 41s
Rendered 2612/3839, time remaining: 41s
Rendered 2613/3839, time remaining: 42s
Rendered 2614/3839, time remaining: 42s
Rendered 2615/3839, time remaining: 42s
Rendered 2616/3839, time remaining: 41s
Rendered 2617/3839, time remaining: 41s
Rendered 2618/3839, time remaining: 41s
Rendered 2619/3839, time remaining: 41s
Rendered 2620/3839, time remaining: 41s
Rendered 2621/3839, time remaining: 42s
Rendered 2622/3839, time remaining: 42s
Rendered 2623/3839, time remaining: 41s
Rendered 2624/3839, time remaining: 41s
Rendered 2625/3839, time remaining: 41s
Rendered 2626/3839, time remaining: 42s
Rendered 2627/3839, time remaining: 41s
Rendered 2628/3839, time remaining: 41s
Rendered 2629/3839, time remaining: 42s
Rendered 2630/3839, time remaining: 42s
Rendered 2631/3839, time remaining: 41s
Rendered 2632/3839, time remaining: 41s
Rendered 2633/3839, time remaining: 41s
Rendered 2634/3839, time remaining: 40s
Rendered 2635/3839, time remaining: 40s
Rendered 2636/3839, time remaining: 40s
Rendered 2637/3839, time remaining: 41s
Rendered 2638/3839, time remaining: 41s
Rendered 2639/3839, time remaining: 41s
Rendered 2640/3839, time remaining: 42s
Rendered 2641/3839, time remaining: 42s
Rendered 2642/3839, time remaining: 41s
Rendered 2643/3839, time remaining: 41s
Rendered 2644/3839, time remaining: 41s
Rendered 2645/3839, time remaining: 41s
Rendered 2646/3839, time remaining: 40s
Rendered 2647/3839, time remaining: 41s
Rendered 2648/3839, time remaining: 42s
Rendered 2649/3839, time remaining: 41s
Rendered 2650/3839, time remaining: 41s
Rendered 2651/3839, time remaining: 41s
Rendered 2652/3839, time remaining: 41s
Rendered 2653/3839, time remaining: 41s
Rendered 2654/3839, time remaining: 40s
Rendered 2655/3839, time remaining: 41s
Rendered 2656/3839, time remaining: 41s
Rendered 2657/3839, time remaining: 40s
Rendered 2658/3839, time remaining: 40s
Rendered 2659/3839, time remaining: 40s
Rendered 2660/3839, time remaining: 40s
Rendered 2661/3839, time remaining: 41s
Rendered 2662/3839, time remaining: 41s
Rendered 2663/3839, time remaining: 40s
Rendered 2664/3839, time remaining: 41s
Rendered 2665/3839, time remaining: 41s
Rendered 2666/3839, time remaining: 40s
Rendered 2667/3839, time remaining: 40s
Rendered 2668/3839, time remaining: 40s
Rendered 2669/3839, time remaining: 40s
Rendered 2670/3839, time remaining: 40s
Rendered 2671/3839, time remaining: 39s
Rendered 2672/3839, time remaining: 40s
Rendered 2673/3839, time remaining: 40s
Rendered 2674/3839, time remaining: 40s
Rendered 2675/3839, time remaining: 40s
Rendered 2676/3839, time remaining: 40s
Rendered 2677/3839, time remaining: 41s
Rendered 2678/3839, time remaining: 40s
Rendered 2679/3839, time remaining: 39s
Rendered 2680/3839, time remaining: 40s
Rendered 2681/3839, time remaining: 39s
Rendered 2682/3839, time remaining: 39s
Rendered 2683/3839, time remaining: 40s
Rendered 2684/3839, time remaining: 40s
Rendered 2685/3839, time remaining: 40s
Rendered 2686/3839, time remaining: 40s
Rendered 2687/3839, time remaining: 39s
Rendered 2688/3839, time remaining: 39s
Rendered 2689/3839, time remaining: 39s
Rendered 2690/3839, time remaining: 39s
Rendered 2691/3839, time remaining: 39s
Rendered 2692/3839, time remaining: 39s
Rendered 2693/3839, time remaining: 39s
Rendered 2694/3839, time remaining: 40s
Rendered 2695/3839, time remaining: 39s
Rendered 2696/3839, time remaining: 39s
Rendered 2697/3839, time remaining: 39s
Rendered 2698/3839, time remaining: 39s
Rendered 2699/3839, time remaining: 39s
Rendered 2700/3839, time remaining: 39s
Rendered 2701/3839, time remaining: 39s
Rendered 2702/3839, time remaining: 39s
Rendered 2703/3839, time remaining: 38s
Rendered 2704/3839, time remaining: 38s
Rendered 2705/3839, time remaining: 39s
Rendered 2706/3839, time remaining: 39s
Rendered 2707/3839, time remaining: 39s
Rendered 2708/3839, time remaining: 38s
Rendered 2709/3839, time remaining: 38s
Rendered 2710/3839, time remaining: 39s
Rendered 2711/3839, time remaining: 39s
Rendered 2712/3839, time remaining: 38s
Rendered 2713/3839, time remaining: 38s
Rendered 2714/3839, time remaining: 39s
Rendered 2715/3839, time remaining: 38s
Rendered 2716/3839, time remaining: 38s
Rendered 2717/3839, time remaining: 38s
Rendered 2718/3839, time remaining: 38s
Rendered 2719/3839, time remaining: 38s
Rendered 2720/3839, time remaining: 38s
Rendered 2721/3839, time remaining: 38s
Rendered 2722/3839, time remaining: 38s
Rendered 2723/3839, time remaining: 38s
Rendered 2724/3839, time remaining: 38s
Rendered 2725/3839, time remaining: 38s
Rendered 2726/3839, time remaining: 38s
Rendered 2727/3839, time remaining: 38s
Rendered 2728/3839, time remaining: 38s
Rendered 2729/3839, time remaining: 37s
Rendered 2730/3839, time remaining: 37s
Rendered 2731/3839, time remaining: 37s
Rendered 2732/3839, time remaining: 38s
Rendered 2733/3839, time remaining: 38s
Rendered 2734/3839, time remaining: 38s
Rendered 2735/3839, time remaining: 37s
Rendered 2736/3839, time remaining: 37s
Rendered 2737/3839, time remaining: 37s
Rendered 2738/3839, time remaining: 36s
Rendered 2739/3839, time remaining: 37s
Rendered 2740/3839, time remaining: 38s
Rendered 2741/3839, time remaining: 38s
Rendered 2742/3839, time remaining: 37s
Rendered 2743/3839, time remaining: 37s
Rendered 2744/3839, time remaining: 37s
Rendered 2745/3839, time remaining: 37s
Rendered 2746/3839, time remaining: 36s
Rendered 2747/3839, time remaining: 37s
Rendered 2748/3839, time remaining: 37s
Rendered 2749/3839, time remaining: 37s
Rendered 2750/3839, time remaining: 37s
Rendered 2751/3839, time remaining: 37s
Rendered 2752/3839, time remaining: 37s
Rendered 2753/3839, time remaining: 36s
Rendered 2754/3839, time remaining: 37s
Rendered 2755/3839, time remaining: 37s
Rendered 2756/3839, time remaining: 37s
Rendered 2757/3839, time remaining: 37s
Rendered 2758/3839, time remaining: 37s
Rendered 2759/3839, time remaining: 37s
Rendered 2760/3839, time remaining: 37s
Rendered 2761/3839, time remaining: 37s
Rendered 2762/3839, time remaining: 37s
Rendered 2763/3839, time remaining: 36s
Rendered 2764/3839, time remaining: 36s
Rendered 2765/3839, time remaining: 37s
Rendered 2766/3839, time remaining: 37s
Rendered 2767/3839, time remaining: 37s
Rendered 2768/3839, time remaining: 37s
Rendered 2769/3839, time remaining: 37s
Rendered 2770/3839, time remaining: 37s
Rendered 2771/3839, time remaining: 36s
Rendered 2772/3839, time remaining: 36s
Rendered 2773/3839, time remaining: 36s
Rendered 2774/3839, time remaining: 36s
Rendered 2775/3839, time remaining: 37s
Rendered 2776/3839, time remaining: 36s
Rendered 2777/3839, time remaining: 36s
Rendered 2778/3839, time remaining: 37s
Rendered 2779/3839, time remaining: 36s
Rendered 2780/3839, time remaining: 36s
Rendered 2781/3839, time remaining: 36s
Rendered 2782/3839, time remaining: 36s
Rendered 2783/3839, time remaining: 36s
Rendered 2784/3839, time remaining: 36s
Rendered 2785/3839, time remaining: 37s
Rendered 2786/3839, time remaining: 36s
Rendered 2787/3839, time remaining: 36s
Rendered 2788/3839, time remaining: 36s
Rendered 2789/3839, time remaining: 36s
Rendered 2790/3839, time remaining: 35s
Rendered 2791/3839, time remaining: 36s
Rendered 2792/3839, time remaining: 36s
Rendered 2793/3839, time remaining: 36s
Rendered 2794/3839, time remaining: 36s
Rendered 2795/3839, time remaining: 36s
Rendered 2796/3839, time remaining: 36s
Rendered 2797/3839, time remaining: 36s
Rendered 2798/3839, time remaining: 35s
Rendered 2799/3839, time remaining: 35s
Rendered 2800/3839, time remaining: 35s
Rendered 2801/3839, time remaining: 35s
Rendered 2802/3839, time remaining: 35s
Rendered 2803/3839, time remaining: 35s
Rendered 2804/3839, time remaining: 35s
Rendered 2805/3839, time remaining: 34s
Rendered 2806/3839, time remaining: 34s
Rendered 2807/3839, time remaining: 34s
Rendered 2808/3839, time remaining: 34s
Rendered 2809/3839, time remaining: 34s
Rendered 2810/3839, time remaining: 34s
Rendered 2811/3839, time remaining: 33s
Rendered 2812/3839, time remaining: 33s
Rendered 2813/3839, time remaining: 33s
Rendered 2814/3839, time remaining: 33s
Rendered 2815/3839, time remaining: 32s
Rendered 2816/3839, time remaining: 32s
Rendered 2817/3839, time remaining: 32s
Rendered 2818/3839, time remaining: 33s
Rendered 2819/3839, time remaining: 32s
Rendered 2820/3839, time remaining: 32s
Rendered 2821/3839, time remaining: 32s
Rendered 2822/3839, time remaining: 32s
Rendered 2823/3839, time remaining: 32s
Rendered 2824/3839, time remaining: 32s
Rendered 2825/3839, time remaining: 32s
Rendered 2826/3839, time remaining: 32s
Rendered 2827/3839, time remaining: 31s
Rendered 2828/3839, time remaining: 31s
Rendered 2829/3839, time remaining: 31s
Rendered 2830/3839, time remaining: 32s
Rendered 2831/3839, time remaining: 32s
Rendered 2832/3839, time remaining: 32s
Rendered 2833/3839, time remaining: 32s
Rendered 2834/3839, time remaining: 32s
Rendered 2835/3839, time remaining: 32s
Rendered 2836/3839, time remaining: 32s
Rendered 2837/3839, time remaining: 32s
Rendered 2838/3839, time remaining: 32s
Rendered 2839/3839, time remaining: 32s
Rendered 2840/3839, time remaining: 32s
Rendered 2841/3839, time remaining: 32s
Rendered 2842/3839, time remaining: 32s
Rendered 2843/3839, time remaining: 32s
Rendered 2844/3839, time remaining: 32s
Rendered 2845/3839, time remaining: 32s
Rendered 2846/3839, time remaining: 32s
Rendered 2847/3839, time remaining: 31s
Rendered 2848/3839, time remaining: 31s
Rendered 2849/3839, time remaining: 31s
Rendered 2850/3839, time remaining: 31s
Rendered 2851/3839, time remaining: 31s
Rendered 2852/3839, time remaining: 32s
Rendered 2853/3839, time remaining: 32s
Rendered 2854/3839, time remaining: 32s
Rendered 2855/3839, time remaining: 31s
Rendered 2856/3839, time remaining: 31s
Rendered 2857/3839, time remaining: 31s
Rendered 2858/3839, time remaining: 32s
Rendered 2859/3839, time remaining: 32s
Rendered 2860/3839, time remaining: 31s
Rendered 2861/3839, time remaining: 32s
Rendered 2862/3839, time remaining: 32s
Rendered 2863/3839, time remaining: 31s
Rendered 2864/3839, time remaining: 30s
Rendered 2865/3839, time remaining: 31s
Rendered 2866/3839, time remaining: 31s
Rendered 2867/3839, time remaining: 31s
Rendered 2868/3839, time remaining: 31s
Rendered 2869/3839, time remaining: 32s
Rendered 2870/3839, time remaining: 32s
Rendered 2871/3839, time remaining: 31s
Rendered 2872/3839, time remaining: 31s
Rendered 2873/3839, time remaining: 31s
Rendered 2874/3839, time remaining: 31s
Rendered 2875/3839, time remaining: 31s
Rendered 2876/3839, time remaining: 31s
Rendered 2877/3839, time remaining: 31s
Rendered 2878/3839, time remaining: 31s
Rendered 2879/3839, time remaining: 31s
Rendered 2880/3839, time remaining: 31s
Rendered 2881/3839, time remaining: 31s
Rendered 2882/3839, time remaining: 31s
Rendered 2883/3839, time remaining: 30s
Rendered 2884/3839, time remaining: 30s
Rendered 2885/3839, time remaining: 31s
Rendered 2886/3839, time remaining: 31s
Rendered 2887/3839, time remaining: 31s
Rendered 2888/3839, time remaining: 31s
Rendered 2889/3839, time remaining: 31s
Rendered 2890/3839, time remaining: 30s
Rendered 2891/3839, time remaining: 30s
Rendered 2892/3839, time remaining: 30s
Rendered 2893/3839, time remaining: 31s
Rendered 2894/3839, time remaining: 30s
Rendered 2895/3839, time remaining: 30s
Rendered 2896/3839, time remaining: 31s
Rendered 2897/3839, time remaining: 30s
Rendered 2898/3839, time remaining: 30s
Rendered 2899/3839, time remaining: 30s
Rendered 2900/3839, time remaining: 30s
Rendered 2901/3839, time remaining: 30s
Rendered 2902/3839, time remaining: 30s
Rendered 2903/3839, time remaining: 30s
Rendered 2904/3839, time remaining: 30s
Rendered 2905/3839, time remaining: 30s
Rendered 2906/3839, time remaining: 30s
Rendered 2907/3839, time remaining: 30s
Rendered 2908/3839, time remaining: 29s
Rendered 2909/3839, time remaining: 29s
Rendered 2910/3839, time remaining: 29s
Rendered 2911/3839, time remaining: 29s
Rendered 2912/3839, time remaining: 30s
Rendered 2913/3839, time remaining: 30s
Rendered 2914/3839, time remaining: 30s
Rendered 2915/3839, time remaining: 30s
Rendered 2916/3839, time remaining: 30s
Rendered 2917/3839, time remaining: 30s
Rendered 2918/3839, time remaining: 29s
Rendered 2919/3839, time remaining: 30s
Rendered 2920/3839, time remaining: 29s
Rendered 2921/3839, time remaining: 29s
Rendered 2922/3839, time remaining: 29s
Rendered 2923/3839, time remaining: 29s
Rendered 2924/3839, time remaining: 30s
Rendered 2925/3839, time remaining: 29s
Rendered 2926/3839, time remaining: 29s
Rendered 2927/3839, time remaining: 29s
Rendered 2928/3839, time remaining: 29s
Rendered 2929/3839, time remaining: 29s
Rendered 2930/3839, time remaining: 29s
Rendered 2931/3839, time remaining: 29s
Rendered 2932/3839, time remaining: 29s
Rendered 2933/3839, time remaining: 29s
Rendered 2934/3839, time remaining: 29s
Rendered 2935/3839, time remaining: 29s
Rendered 2936/3839, time remaining: 29s
Rendered 2937/3839, time remaining: 28s
Rendered 2938/3839, time remaining: 29s
Rendered 2939/3839, time remaining: 29s
Rendered 2940/3839, time remaining: 29s
Rendered 2941/3839, time remaining: 29s
Rendered 2942/3839, time remaining: 29s
Rendered 2943/3839, time remaining: 29s
Rendered 2944/3839, time remaining: 29s
Rendered 2945/3839, time remaining: 29s
Rendered 2946/3839, time remaining: 28s
Rendered 2947/3839, time remaining: 29s
Rendered 2948/3839, time remaining: 29s
Rendered 2949/3839, time remaining: 29s
Rendered 2950/3839, time remaining: 29s
Rendered 2951/3839, time remaining: 29s
Rendered 2952/3839, time remaining: 29s
Rendered 2953/3839, time remaining: 29s
Rendered 2954/3839, time remaining: 29s
Rendered 2955/3839, time remaining: 29s
Rendered 2956/3839, time remaining: 29s
Rendered 2957/3839, time remaining: 29s
Rendered 2958/3839, time remaining: 29s
Rendered 2959/3839, time remaining: 30s
Rendered 2960/3839, time remaining: 30s
Rendered 2961/3839, time remaining: 29s
Rendered 2962/3839, time remaining: 30s
Rendered 2963/3839, time remaining: 30s
Rendered 2964/3839, time remaining: 30s
Rendered 2965/3839, time remaining: 30s
Rendered 2966/3839, time remaining: 30s
Rendered 2967/3839, time remaining: 30s
Rendered 2968/3839, time remaining: 30s
Rendered 2969/3839, time remaining: 30s
Rendered 2970/3839, time remaining: 30s
Rendered 2971/3839, time remaining: 31s
Rendered 2972/3839, time remaining: 30s
Rendered 2973/3839, time remaining: 30s
Rendered 2974/3839, time remaining: 30s
Rendered 2975/3839, time remaining: 30s
Rendered 2976/3839, time remaining: 30s
Rendered 2977/3839, time remaining: 30s
Rendered 2978/3839, time remaining: 30s
Rendered 2979/3839, time remaining: 30s
Rendered 2980/3839, time remaining: 29s
Rendered 2981/3839, time remaining: 29s
Rendered 2982/3839, time remaining: 30s
Rendered 2983/3839, time remaining: 30s
Rendered 2984/3839, time remaining: 29s
Rendered 2985/3839, time remaining: 29s
Rendered 2986/3839, time remaining: 29s
Rendered 2987/3839, time remaining: 29s
Rendered 2988/3839, time remaining: 29s
Rendered 2989/3839, time remaining: 29s
Rendered 2990/3839, time remaining: 29s
Rendered 2991/3839, time remaining: 29s
Rendered 2992/3839, time remaining: 29s
Rendered 2993/3839, time remaining: 29s
Rendered 2994/3839, time remaining: 29s
Rendered 2995/3839, time remaining: 29s
Rendered 2996/3839, time remaining: 29s
Rendered 2997/3839, time remaining: 29s
Rendered 2998/3839, time remaining: 29s
Rendered 2999/3839, time remaining: 29s
Rendered 3000/3839, time remaining: 29s
Rendered 3001/3839, time remaining: 30s
Rendered 3002/3839, time remaining: 29s
Rendered 3003/3839, time remaining: 29s
Rendered 3004/3839, time remaining: 29s
Rendered 3005/3839, time remaining: 29s
Rendered 3006/3839, time remaining: 29s
Rendered 3007/3839, time remaining: 29s
Rendered 3008/3839, time remaining: 28s
Rendered 3009/3839, time remaining: 29s
Rendered 3010/3839, time remaining: 29s
Rendered 3011/3839, time remaining: 29s
Rendered 3012/3839, time remaining: 29s
Rendered 3013/3839, time remaining: 29s
Rendered 3014/3839, time remaining: 29s
Rendered 3015/3839, time remaining: 29s
Rendered 3016/3839, time remaining: 28s
Rendered 3017/3839, time remaining: 28s
Rendered 3018/3839, time remaining: 29s
Rendered 3019/3839, time remaining: 28s
Rendered 3020/3839, time remaining: 28s
Rendered 3021/3839, time remaining: 29s
Rendered 3022/3839, time remaining: 28s
Rendered 3023/3839, time remaining: 28s
Rendered 3024/3839, time remaining: 28s
Rendered 3025/3839, time remaining: 29s
Rendered 3026/3839, time remaining: 28s
Rendered 3027/3839, time remaining: 28s
Rendered 3028/3839, time remaining: 28s
Rendered 3029/3839, time remaining: 28s
Rendered 3030/3839, time remaining: 28s
Rendered 3031/3839, time remaining: 29s
Rendered 3032/3839, time remaining: 28s
Rendered 3033/3839, time remaining: 28s
Rendered 3034/3839, time remaining: 28s
Rendered 3035/3839, time remaining: 28s
Rendered 3036/3839, time remaining: 28s
Rendered 3037/3839, time remaining: 28s
Rendered 3038/3839, time remaining: 28s
Rendered 3039/3839, time remaining: 28s
Rendered 3040/3839, time remaining: 28s
Rendered 3041/3839, time remaining: 28s
Rendered 3042/3839, time remaining: 28s
Rendered 3043/3839, time remaining: 28s
Rendered 3044/3839, time remaining: 28s
Rendered 3045/3839, time remaining: 28s
Rendered 3046/3839, time remaining: 27s
Rendered 3047/3839, time remaining: 27s
Rendered 3048/3839, time remaining: 27s
Rendered 3049/3839, time remaining: 28s
Rendered 3050/3839, time remaining: 28s
Rendered 3051/3839, time remaining: 28s
Rendered 3052/3839, time remaining: 28s
Rendered 3053/3839, time remaining: 27s
Rendered 3054/3839, time remaining: 27s
Rendered 3055/3839, time remaining: 27s
Rendered 3056/3839, time remaining: 27s
Rendered 3057/3839, time remaining: 27s
Rendered 3058/3839, time remaining: 27s
Rendered 3059/3839, time remaining: 27s
Rendered 3060/3839, time remaining: 27s
Rendered 3061/3839, time remaining: 27s
Rendered 3062/3839, time remaining: 27s
Rendered 3063/3839, time remaining: 27s
Rendered 3064/3839, time remaining: 27s
Rendered 3065/3839, time remaining: 27s
Rendered 3066/3839, time remaining: 27s
Rendered 3067/3839, time remaining: 27s
Rendered 3068/3839, time remaining: 27s
Rendered 3069/3839, time remaining: 27s
Rendered 3070/3839, time remaining: 27s
Rendered 3071/3839, time remaining: 27s
Rendered 3072/3839, time remaining: 26s
Rendered 3073/3839, time remaining: 27s
Rendered 3074/3839, time remaining: 26s
Rendered 3075/3839, time remaining: 26s
Rendered 3076/3839, time remaining: 26s
Rendered 3077/3839, time remaining: 27s
Rendered 3078/3839, time remaining: 27s
Rendered 3079/3839, time remaining: 27s
Rendered 3080/3839, time remaining: 27s
Rendered 3081/3839, time remaining: 27s
Rendered 3082/3839, time remaining: 26s
Rendered 3083/3839, time remaining: 26s
Rendered 3084/3839, time remaining: 27s
Rendered 3085/3839, time remaining: 27s
Rendered 3086/3839, time remaining: 26s
Rendered 3087/3839, time remaining: 26s
Rendered 3088/3839, time remaining: 27s
Rendered 3089/3839, time remaining: 26s
Rendered 3090/3839, time remaining: 26s
Rendered 3091/3839, time remaining: 26s
Rendered 3092/3839, time remaining: 27s
Rendered 3093/3839, time remaining: 27s
Rendered 3094/3839, time remaining: 26s
Rendered 3095/3839, time remaining: 26s
Rendered 3096/3839, time remaining: 26s
Rendered 3097/3839, time remaining: 26s
Rendered 3098/3839, time remaining: 26s
Rendered 3099/3839, time remaining: 26s
Rendered 3100/3839, time remaining: 26s
Rendered 3101/3839, time remaining: 26s
Rendered 3102/3839, time remaining: 26s
Rendered 3103/3839, time remaining: 26s
Rendered 3104/3839, time remaining: 26s
Rendered 3105/3839, time remaining: 26s
Rendered 3106/3839, time remaining: 26s
Rendered 3107/3839, time remaining: 26s
Rendered 3108/3839, time remaining: 26s
Rendered 3109/3839, time remaining: 26s
Rendered 3110/3839, time remaining: 26s
Rendered 3111/3839, time remaining: 26s
Rendered 3112/3839, time remaining: 26s
Rendered 3113/3839, time remaining: 26s
Rendered 3114/3839, time remaining: 25s
Rendered 3115/3839, time remaining: 25s
Rendered 3116/3839, time remaining: 25s
Rendered 3117/3839, time remaining: 25s
Rendered 3118/3839, time remaining: 26s
Rendered 3119/3839, time remaining: 26s
Rendered 3120/3839, time remaining: 25s
Rendered 3121/3839, time remaining: 25s
Rendered 3122/3839, time remaining: 25s
Rendered 3123/3839, time remaining: 25s
Rendered 3124/3839, time remaining: 25s
Rendered 3125/3839, time remaining: 25s
Rendered 3126/3839, time remaining: 25s
Rendered 3127/3839, time remaining: 25s
Rendered 3128/3839, time remaining: 25s
Rendered 3129/3839, time remaining: 25s
Rendered 3130/3839, time remaining: 25s
Rendered 3131/3839, time remaining: 25s
Rendered 3132/3839, time remaining: 25s
Rendered 3133/3839, time remaining: 25s
Rendered 3134/3839, time remaining: 25s
Rendered 3135/3839, time remaining: 25s
Rendered 3136/3839, time remaining: 24s
Rendered 3137/3839, time remaining: 24s
Rendered 3138/3839, time remaining: 24s
Rendered 3139/3839, time remaining: 25s
Rendered 3140/3839, time remaining: 25s
Rendered 3141/3839, time remaining: 25s
Rendered 3142/3839, time remaining: 25s
Rendered 3143/3839, time remaining: 24s
Rendered 3144/3839, time remaining: 24s
Rendered 3145/3839, time remaining: 24s
Rendered 3146/3839, time remaining: 24s
Rendered 3147/3839, time remaining: 25s
Rendered 3148/3839, time remaining: 24s
Rendered 3149/3839, time remaining: 24s
Rendered 3150/3839, time remaining: 24s
Rendered 3151/3839, time remaining: 24s
Rendered 3152/3839, time remaining: 24s
Rendered 3153/3839, time remaining: 24s
Rendered 3154/3839, time remaining: 24s
Rendered 3155/3839, time remaining: 25s
Rendered 3156/3839, time remaining: 24s
Rendered 3157/3839, time remaining: 24s
Rendered 3158/3839, time remaining: 24s
Rendered 3159/3839, time remaining: 23s
Rendered 3160/3839, time remaining: 23s
Rendered 3161/3839, time remaining: 23s
Rendered 3162/3839, time remaining: 23s
Rendered 3163/3839, time remaining: 24s
Rendered 3164/3839, time remaining: 24s
Rendered 3165/3839, time remaining: 24s
Rendered 3166/3839, time remaining: 24s
Rendered 3167/3839, time remaining: 23s
Rendered 3168/3839, time remaining: 23s
Rendered 3169/3839, time remaining: 23s
Rendered 3170/3839, time remaining: 23s
Rendered 3171/3839, time remaining: 23s
Rendered 3172/3839, time remaining: 24s
Rendered 3173/3839, time remaining: 23s
Rendered 3174/3839, time remaining: 23s
Rendered 3175/3839, time remaining: 23s
Rendered 3176/3839, time remaining: 23s
Rendered 3177/3839, time remaining: 23s
Rendered 3178/3839, time remaining: 23s
Rendered 3179/3839, time remaining: 23s
Rendered 3180/3839, time remaining: 23s
Rendered 3181/3839, time remaining: 23s
Rendered 3182/3839, time remaining: 23s
Rendered 3183/3839, time remaining: 23s
Rendered 3184/3839, time remaining: 23s
Rendered 3185/3839, time remaining: 23s
Rendered 3186/3839, time remaining: 22s
Rendered 3187/3839, time remaining: 22s
Rendered 3188/3839, time remaining: 23s
Rendered 3189/3839, time remaining: 23s
Rendered 3190/3839, time remaining: 23s
Rendered 3191/3839, time remaining: 23s
Rendered 3192/3839, time remaining: 22s
Rendered 3193/3839, time remaining: 22s
Rendered 3194/3839, time remaining: 22s
Rendered 3195/3839, time remaining: 22s
Rendered 3196/3839, time remaining: 23s
Rendered 3197/3839, time remaining: 22s
Rendered 3198/3839, time remaining: 23s
Rendered 3199/3839, time remaining: 22s
Rendered 3200/3839, time remaining: 22s
Rendered 3201/3839, time remaining: 22s
Rendered 3202/3839, time remaining: 22s
Rendered 3203/3839, time remaining: 22s
Rendered 3204/3839, time remaining: 22s
Rendered 3205/3839, time remaining: 22s
Rendered 3206/3839, time remaining: 22s
Rendered 3207/3839, time remaining: 22s
Rendered 3208/3839, time remaining: 22s
Rendered 3209/3839, time remaining: 22s
Rendered 3210/3839, time remaining: 22s
Rendered 3211/3839, time remaining: 22s
Rendered 3212/3839, time remaining: 22s
Rendered 3213/3839, time remaining: 22s
Rendered 3214/3839, time remaining: 21s
Rendered 3215/3839, time remaining: 21s
Rendered 3216/3839, time remaining: 22s
Rendered 3217/3839, time remaining: 22s
Rendered 3218/3839, time remaining: 21s
Rendered 3219/3839, time remaining: 21s
Rendered 3220/3839, time remaining: 21s
Rendered 3221/3839, time remaining: 22s
Rendered 3222/3839, time remaining: 21s
Rendered 3223/3839, time remaining: 21s
Rendered 3224/3839, time remaining: 21s
Rendered 3225/3839, time remaining: 21s
Rendered 3226/3839, time remaining: 21s
Rendered 3227/3839, time remaining: 21s
Rendered 3228/3839, time remaining: 21s
Rendered 3229/3839, time remaining: 21s
Rendered 3230/3839, time remaining: 21s
Rendered 3231/3839, time remaining: 21s
Rendered 3232/3839, time remaining: 21s
Rendered 3233/3839, time remaining: 21s
Rendered 3234/3839, time remaining: 21s
Rendered 3235/3839, time remaining: 21s
Rendered 3236/3839, time remaining: 21s
Rendered 3237/3839, time remaining: 21s
Rendered 3238/3839, time remaining: 20s
Rendered 3239/3839, time remaining: 20s
Rendered 3240/3839, time remaining: 20s
Rendered 3241/3839, time remaining: 21s
Rendered 3242/3839, time remaining: 20s
Rendered 3243/3839, time remaining: 20s
Rendered 3244/3839, time remaining: 20s
Rendered 3245/3839, time remaining: 20s
Rendered 3246/3839, time remaining: 20s
Rendered 3247/3839, time remaining: 20s
Rendered 3248/3839, time remaining: 20s
Rendered 3249/3839, time remaining: 20s
Rendered 3250/3839, time remaining: 20s
Rendered 3251/3839, time remaining: 20s
Rendered 3252/3839, time remaining: 20s
Rendered 3253/3839, time remaining: 20s
Rendered 3254/3839, time remaining: 20s
Rendered 3255/3839, time remaining: 20s
Rendered 3256/3839, time remaining: 20s
Rendered 3257/3839, time remaining: 20s
Rendered 3258/3839, time remaining: 20s
Rendered 3259/3839, time remaining: 19s
Rendered 3260/3839, time remaining: 19s
Rendered 3261/3839, time remaining: 20s
Rendered 3262/3839, time remaining: 20s
Rendered 3263/3839, time remaining: 19s
Rendered 3264/3839, time remaining: 20s
Rendered 3265/3839, time remaining: 20s
Rendered 3266/3839, time remaining: 19s
Rendered 3267/3839, time remaining: 19s
Rendered 3268/3839, time remaining: 19s
Rendered 3269/3839, time remaining: 19s
Rendered 3270/3839, time remaining: 19s
Rendered 3271/3839, time remaining: 19s
Rendered 3272/3839, time remaining: 19s
Rendered 3273/3839, time remaining: 19s
Rendered 3274/3839, time remaining: 19s
Rendered 3275/3839, time remaining: 19s
Rendered 3276/3839, time remaining: 19s
Rendered 3277/3839, time remaining: 19s
Rendered 3278/3839, time remaining: 19s
Rendered 3279/3839, time remaining: 19s
Rendered 3280/3839, time remaining: 19s
Rendered 3281/3839, time remaining: 18s
Rendered 3282/3839, time remaining: 18s
Rendered 3283/3839, time remaining: 18s
Rendered 3284/3839, time remaining: 19s
Rendered 3285/3839, time remaining: 19s
Rendered 3286/3839, time remaining: 19s
Rendered 3287/3839, time remaining: 19s
Rendered 3288/3839, time remaining: 19s
Rendered 3289/3839, time remaining: 18s
Rendered 3290/3839, time remaining: 18s
Rendered 3291/3839, time remaining: 19s
Rendered 3292/3839, time remaining: 19s
Rendered 3293/3839, time remaining: 19s
Rendered 3294/3839, time remaining: 19s
Rendered 3295/3839, time remaining: 19s
Rendered 3296/3839, time remaining: 19s
Rendered 3297/3839, time remaining: 18s
Rendered 3298/3839, time remaining: 18s
Rendered 3299/3839, time remaining: 18s
Rendered 3300/3839, time remaining: 18s
Rendered 3301/3839, time remaining: 19s
Rendered 3302/3839, time remaining: 18s
Rendered 3303/3839, time remaining: 18s
Rendered 3304/3839, time remaining: 18s
Rendered 3305/3839, time remaining: 18s
Rendered 3306/3839, time remaining: 18s
Rendered 3307/3839, time remaining: 18s
Rendered 3308/3839, time remaining: 18s
Rendered 3309/3839, time remaining: 18s
Rendered 3310/3839, time remaining: 18s
Rendered 3311/3839, time remaining: 18s
Rendered 3312/3839, time remaining: 18s
Rendered 3313/3839, time remaining: 18s
Rendered 3314/3839, time remaining: 18s
Rendered 3315/3839, time remaining: 18s
Rendered 3316/3839, time remaining: 18s
Rendered 3317/3839, time remaining: 18s
Rendered 3318/3839, time remaining: 18s
Rendered 3319/3839, time remaining: 18s
Rendered 3320/3839, time remaining: 18s
Rendered 3321/3839, time remaining: 18s
Rendered 3322/3839, time remaining: 17s
Rendered 3323/3839, time remaining: 17s
Rendered 3324/3839, time remaining: 17s
Rendered 3325/3839, time remaining: 17s
Rendered 3326/3839, time remaining: 17s
Rendered 3327/3839, time remaining: 17s
Rendered 3328/3839, time remaining: 17s
Rendered 3329/3839, time remaining: 17s
Rendered 3330/3839, time remaining: 17s
Rendered 3331/3839, time remaining: 17s
Rendered 3332/3839, time remaining: 17s
Rendered 3333/3839, time remaining: 17s
Rendered 3334/3839, time remaining: 17s
Rendered 3335/3839, time remaining: 17s
Rendered 3336/3839, time remaining: 17s
Rendered 3337/3839, time remaining: 17s
Rendered 3338/3839, time remaining: 17s
Rendered 3339/3839, time remaining: 17s
Rendered 3340/3839, time remaining: 17s
Rendered 3341/3839, time remaining: 17s
Rendered 3342/3839, time remaining: 17s
Rendered 3343/3839, time remaining: 16s
Rendered 3344/3839, time remaining: 16s
Rendered 3345/3839, time remaining: 17s
Rendered 3346/3839, time remaining: 17s
Rendered 3347/3839, time remaining: 17s
Rendered 3348/3839, time remaining: 16s
Rendered 3349/3839, time remaining: 16s
Rendered 3350/3839, time remaining: 16s
Rendered 3351/3839, time remaining: 16s
Rendered 3352/3839, time remaining: 16s
Rendered 3353/3839, time remaining: 17s
Rendered 3354/3839, time remaining: 17s
Rendered 3355/3839, time remaining: 16s
Rendered 3356/3839, time remaining: 16s
Rendered 3357/3839, time remaining: 16s
Rendered 3358/3839, time remaining: 16s
Rendered 3359/3839, time remaining: 16s
Rendered 3360/3839, time remaining: 16s
Rendered 3361/3839, time remaining: 16s
Rendered 3362/3839, time remaining: 16s
Rendered 3363/3839, time remaining: 16s
Rendered 3364/3839, time remaining: 16s
Rendered 3365/3839, time remaining: 16s
Rendered 3366/3839, time remaining: 16s
Rendered 3367/3839, time remaining: 16s
Rendered 3368/3839, time remaining: 16s
Rendered 3369/3839, time remaining: 16s
Rendered 3370/3839, time remaining: 16s
Rendered 3371/3839, time remaining: 16s
Rendered 3372/3839, time remaining: 16s
Rendered 3373/3839, time remaining: 15s
Rendered 3374/3839, time remaining: 16s
Rendered 3375/3839, time remaining: 16s
Rendered 3376/3839, time remaining: 16s
Rendered 3377/3839, time remaining: 16s
Rendered 3378/3839, time remaining: 15s
Rendered 3379/3839, time remaining: 15s
Rendered 3380/3839, time remaining: 15s
Rendered 3381/3839, time remaining: 15s
Rendered 3382/3839, time remaining: 16s
Rendered 3383/3839, time remaining: 16s
Rendered 3384/3839, time remaining: 15s
Rendered 3385/3839, time remaining: 15s
Rendered 3386/3839, time remaining: 15s
Rendered 3387/3839, time remaining: 15s
Rendered 3388/3839, time remaining: 15s
Rendered 3389/3839, time remaining: 15s
Rendered 3390/3839, time remaining: 15s
Rendered 3391/3839, time remaining: 15s
Rendered 3392/3839, time remaining: 15s
Rendered 3393/3839, time remaining: 15s
Rendered 3394/3839, time remaining: 15s
Rendered 3395/3839, time remaining: 15s
Rendered 3396/3839, time remaining: 15s
Rendered 3397/3839, time remaining: 15s
Rendered 3398/3839, time remaining: 15s
Rendered 3399/3839, time remaining: 15s
Rendered 3400/3839, time remaining: 15s
Rendered 3401/3839, time remaining: 15s
Rendered 3402/3839, time remaining: 15s
Rendered 3403/3839, time remaining: 15s
Rendered 3404/3839, time remaining: 14s
Rendered 3405/3839, time remaining: 14s
Rendered 3406/3839, time remaining: 15s
Rendered 3407/3839, time remaining: 14s
Rendered 3408/3839, time remaining: 15s
Rendered 3409/3839, time remaining: 15s
Rendered 3410/3839, time remaining: 14s
Rendered 3411/3839, time remaining: 14s
Rendered 3412/3839, time remaining: 14s
Rendered 3413/3839, time remaining: 14s
Rendered 3414/3839, time remaining: 14s
Rendered 3415/3839, time remaining: 14s
Rendered 3416/3839, time remaining: 14s
Rendered 3417/3839, time remaining: 14s
Rendered 3418/3839, time remaining: 14s
Rendered 3419/3839, time remaining: 14s
Rendered 3420/3839, time remaining: 14s
Rendered 3421/3839, time remaining: 14s
Rendered 3422/3839, time remaining: 14s
Rendered 3423/3839, time remaining: 14s
Rendered 3424/3839, time remaining: 14s
Rendered 3425/3839, time remaining: 14s
Rendered 3426/3839, time remaining: 14s
Rendered 3427/3839, time remaining: 14s
Rendered 3428/3839, time remaining: 14s
Rendered 3429/3839, time remaining: 14s
Rendered 3430/3839, time remaining: 14s
Rendered 3431/3839, time remaining: 14s
Rendered 3432/3839, time remaining: 14s
Rendered 3433/3839, time remaining: 14s
Rendered 3434/3839, time remaining: 14s
Rendered 3435/3839, time remaining: 13s
Rendered 3436/3839, time remaining: 13s
Rendered 3437/3839, time remaining: 13s
Rendered 3438/3839, time remaining: 13s
Rendered 3439/3839, time remaining: 13s
Rendered 3440/3839, time remaining: 14s
Rendered 3441/3839, time remaining: 13s
Rendered 3442/3839, time remaining: 13s
Rendered 3443/3839, time remaining: 13s
Rendered 3444/3839, time remaining: 13s
Rendered 3445/3839, time remaining: 13s
Rendered 3446/3839, time remaining: 13s
Rendered 3447/3839, time remaining: 13s
Rendered 3448/3839, time remaining: 13s
Rendered 3449/3839, time remaining: 13s
Rendered 3450/3839, time remaining: 13s
Rendered 3451/3839, time remaining: 13s
Rendered 3452/3839, time remaining: 13s
Rendered 3453/3839, time remaining: 13s
Rendered 3454/3839, time remaining: 13s
Rendered 3455/3839, time remaining: 13s
Rendered 3456/3839, time remaining: 13s
Rendered 3457/3839, time remaining: 13s
Rendered 3458/3839, time remaining: 13s
Rendered 3459/3839, time remaining: 13s
Rendered 3460/3839, time remaining: 13s
Rendered 3461/3839, time remaining: 13s
Rendered 3462/3839, time remaining: 13s
Rendered 3463/3839, time remaining: 13s
Rendered 3464/3839, time remaining: 13s
Rendered 3465/3839, time remaining: 13s
Rendered 3466/3839, time remaining: 13s
Rendered 3467/3839, time remaining: 13s
Rendered 3468/3839, time remaining: 13s
Rendered 3469/3839, time remaining: 13s
Rendered 3470/3839, time remaining: 13s
Rendered 3471/3839, time remaining: 12s
Rendered 3472/3839, time remaining: 12s
Rendered 3473/3839, time remaining: 12s
Rendered 3474/3839, time remaining: 12s
Rendered 3475/3839, time remaining: 12s
Rendered 3476/3839, time remaining: 12s
Rendered 3477/3839, time remaining: 12s
Rendered 3478/3839, time remaining: 12s
Rendered 3479/3839, time remaining: 12s
Rendered 3480/3839, time remaining: 12s
Rendered 3481/3839, time remaining: 12s
Rendered 3482/3839, time remaining: 12s
Rendered 3483/3839, time remaining: 12s
Rendered 3484/3839, time remaining: 12s
Rendered 3485/3839, time remaining: 12s
Rendered 3486/3839, time remaining: 12s
Rendered 3487/3839, time remaining: 12s
Rendered 3488/3839, time remaining: 12s
Rendered 3489/3839, time remaining: 12s
Rendered 3490/3839, time remaining: 12s
Rendered 3491/3839, time remaining: 12s
Rendered 3492/3839, time remaining: 12s
Rendered 3493/3839, time remaining: 12s
Rendered 3494/3839, time remaining: 12s
Rendered 3495/3839, time remaining: 11s
Rendered 3496/3839, time remaining: 11s
Rendered 3497/3839, time remaining: 12s
Rendered 3498/3839, time remaining: 12s
Rendered 3499/3839, time remaining: 12s
Rendered 3500/3839, time remaining: 12s
Rendered 3501/3839, time remaining: 12s
Rendered 3502/3839, time remaining: 11s
Rendered 3503/3839, time remaining: 11s
Rendered 3504/3839, time remaining: 11s
Rendered 3505/3839, time remaining: 11s
Rendered 3506/3839, time remaining: 11s
Rendered 3507/3839, time remaining: 11s
Rendered 3508/3839, time remaining: 11s
Rendered 3509/3839, time remaining: 12s
Rendered 3510/3839, time remaining: 11s
Rendered 3511/3839, time remaining: 11s
Rendered 3512/3839, time remaining: 11s
Rendered 3513/3839, time remaining: 11s
Rendered 3514/3839, time remaining: 11s
Rendered 3515/3839, time remaining: 11s
Rendered 3516/3839, time remaining: 11s
Rendered 3517/3839, time remaining: 11s
Rendered 3518/3839, time remaining: 11s
Rendered 3519/3839, time remaining: 11s
Rendered 3520/3839, time remaining: 11s
Rendered 3521/3839, time remaining: 11s
Rendered 3522/3839, time remaining: 11s
Rendered 3523/3839, time remaining: 11s
Rendered 3524/3839, time remaining: 11s
Rendered 3525/3839, time remaining: 10s
Rendered 3526/3839, time remaining: 11s
Rendered 3527/3839, time remaining: 11s
Rendered 3528/3839, time remaining: 11s
Rendered 3529/3839, time remaining: 11s
Rendered 3530/3839, time remaining: 11s
Rendered 3531/3839, time remaining: 11s
Rendered 3532/3839, time remaining: 11s
Rendered 3533/3839, time remaining: 10s
Rendered 3534/3839, time remaining: 10s
Rendered 3535/3839, time remaining: 10s
Rendered 3536/3839, time remaining: 10s
Rendered 3537/3839, time remaining: 10s
Rendered 3538/3839, time remaining: 10s
Rendered 3539/3839, time remaining: 11s
Rendered 3540/3839, time remaining: 10s
Rendered 3541/3839, time remaining: 10s
Rendered 3542/3839, time remaining: 10s
Rendered 3543/3839, time remaining: 10s
Rendered 3544/3839, time remaining: 10s
Rendered 3545/3839, time remaining: 10s
Rendered 3546/3839, time remaining: 10s
Rendered 3547/3839, time remaining: 10s
Rendered 3548/3839, time remaining: 10s
Rendered 3549/3839, time remaining: 10s
Rendered 3550/3839, time remaining: 10s
Rendered 3551/3839, time remaining: 10s
Rendered 3552/3839, time remaining: 10s
Rendered 3553/3839, time remaining: 10s
Rendered 3554/3839, time remaining: 10s
Rendered 3555/3839, time remaining: 10s
Rendered 3556/3839, time remaining: 10s
Rendered 3557/3839, time remaining: 10s
Rendered 3558/3839, time remaining: 10s
Rendered 3559/3839, time remaining: 10s
Rendered 3560/3839, time remaining: 10s
Rendered 3561/3839, time remaining: 10s
Rendered 3562/3839, time remaining: 9s
Rendered 3563/3839, time remaining: 9s
Rendered 3564/3839, time remaining: 10s
Rendered 3565/3839, time remaining: 10s
Rendered 3566/3839, time remaining: 10s
Rendered 3567/3839, time remaining: 9s
Rendered 3568/3839, time remaining: 9s
Rendered 3569/3839, time remaining: 9s
Rendered 3570/3839, time remaining: 9s
Rendered 3571/3839, time remaining: 9s
Rendered 3572/3839, time remaining: 9s
Rendered 3573/3839, time remaining: 9s
Rendered 3574/3839, time remaining: 9s
Rendered 3575/3839, time remaining: 9s
Rendered 3576/3839, time remaining: 9s
Rendered 3577/3839, time remaining: 9s
Rendered 3578/3839, time remaining: 9s
Rendered 3579/3839, time remaining: 9s
Rendered 3580/3839, time remaining: 9s
Rendered 3581/3839, time remaining: 9s
Rendered 3582/3839, time remaining: 9s
Rendered 3583/3839, time remaining: 9s
Rendered 3584/3839, time remaining: 9s
Rendered 3585/3839, time remaining: 9s
Rendered 3586/3839, time remaining: 9s
Rendered 3587/3839, time remaining: 9s
Rendered 3588/3839, time remaining: 9s
Rendered 3589/3839, time remaining: 9s
Rendered 3590/3839, time remaining: 9s
Rendered 3591/3839, time remaining: 9s
Rendered 3592/3839, time remaining: 8s
Rendered 3593/3839, time remaining: 8s
Rendered 3594/3839, time remaining: 8s
Rendered 3595/3839, time remaining: 8s
Rendered 3596/3839, time remaining: 8s
Rendered 3597/3839, time remaining: 8s
Rendered 3598/3839, time remaining: 8s
Rendered 3599/3839, time remaining: 8s
Rendered 3600/3839, time remaining: 8s
Rendered 3601/3839, time remaining: 8s
Rendered 3602/3839, time remaining: 8s
Rendered 3603/3839, time remaining: 8s
Rendered 3604/3839, time remaining: 8s
Rendered 3605/3839, time remaining: 8s
Rendered 3606/3839, time remaining: 8s
Rendered 3607/3839, time remaining: 8s
Rendered 3608/3839, time remaining: 8s
Rendered 3609/3839, time remaining: 8s
Rendered 3610/3839, time remaining: 8s
Rendered 3611/3839, time remaining: 8s
Rendered 3612/3839, time remaining: 8s
Rendered 3613/3839, time remaining: 8s
Rendered 3614/3839, time remaining: 8s
Rendered 3615/3839, time remaining: 8s
Rendered 3616/3839, time remaining: 8s
Rendered 3617/3839, time remaining: 7s
Rendered 3618/3839, time remaining: 8s
Rendered 3619/3839, time remaining: 7s
Rendered 3620/3839, time remaining: 7s
Rendered 3621/3839, time remaining: 7s
Rendered 3622/3839, time remaining: 7s
Rendered 3623/3839, time remaining: 7s
Rendered 3624/3839, time remaining: 7s
Rendered 3625/3839, time remaining: 7s
Rendered 3626/3839, time remaining: 7s
Rendered 3627/3839, time remaining: 7s
Rendered 3628/3839, time remaining: 7s
Rendered 3629/3839, time remaining: 7s
Rendered 3630/3839, time remaining: 7s
Rendered 3631/3839, time remaining: 7s
Rendered 3632/3839, time remaining: 7s
Rendered 3633/3839, time remaining: 7s
Rendered 3634/3839, time remaining: 7s
Rendered 3635/3839, time remaining: 7s
Rendered 3636/3839, time remaining: 7s
Rendered 3637/3839, time remaining: 7s
Rendered 3638/3839, time remaining: 7s
Rendered 3639/3839, time remaining: 7s
Rendered 3640/3839, time remaining: 7s
Rendered 3641/3839, time remaining: 7s
Rendered 3642/3839, time remaining: 7s
Rendered 3643/3839, time remaining: 7s
Rendered 3644/3839, time remaining: 7s
Rendered 3645/3839, time remaining: 7s
Rendered 3646/3839, time remaining: 7s
Rendered 3647/3839, time remaining: 7s
Rendered 3648/3839, time remaining: 6s
Rendered 3649/3839, time remaining: 6s
Rendered 3650/3839, time remaining: 6s
Rendered 3651/3839, time remaining: 6s
Rendered 3652/3839, time remaining: 6s
Rendered 3653/3839, time remaining: 6s
Rendered 3654/3839, time remaining: 6s
Rendered 3655/3839, time remaining: 6s
Rendered 3656/3839, time remaining: 6s
Rendered 3657/3839, time remaining: 6s
Rendered 3658/3839, time remaining: 6s
Rendered 3659/3839, time remaining: 6s
Rendered 3660/3839, time remaining: 6s
Rendered 3661/3839, time remaining: 6s
Rendered 3662/3839, time remaining: 6s
Rendered 3663/3839, time remaining: 6s
Rendered 3664/3839, time remaining: 6s
Rendered 3665/3839, time remaining: 6s
Rendered 3666/3839, time remaining: 6s
Rendered 3667/3839, time remaining: 6s
Rendered 3668/3839, time remaining: 6s
Rendered 3669/3839, time remaining: 6s
Rendered 3670/3839, time remaining: 6s
Rendered 3671/3839, time remaining: 5s
Rendered 3672/3839, time remaining: 5s
Rendered 3673/3839, time remaining: 5s
Rendered 3674/3839, time remaining: 6s
Rendered 3675/3839, time remaining: 6s
Rendered 3676/3839, time remaining: 5s
Rendered 3677/3839, time remaining: 5s
Rendered 3678/3839, time remaining: 5s
Rendered 3679/3839, time remaining: 5s
Rendered 3680/3839, time remaining: 5s
Rendered 3681/3839, time remaining: 5s
Rendered 3682/3839, time remaining: 5s
Rendered 3683/3839, time remaining: 5s
Rendered 3684/3839, time remaining: 5s
Rendered 3685/3839, time remaining: 5s
Rendered 3686/3839, time remaining: 5s
Rendered 3687/3839, time remaining: 5s
Rendered 3688/3839, time remaining: 5s
Rendered 3689/3839, time remaining: 5s
Rendered 3690/3839, time remaining: 5s
Rendered 3691/3839, time remaining: 5s
Rendered 3692/3839, time remaining: 5s
Rendered 3693/3839, time remaining: 5s
Rendered 3694/3839, time remaining: 5s
Rendered 3695/3839, time remaining: 5s
Rendered 3696/3839, time remaining: 5s
Rendered 3697/3839, time remaining: 5s
Rendered 3698/3839, time remaining: 5s
Rendered 3699/3839, time remaining: 5s
Rendered 3700/3839, time remaining: 5s
Rendered 3701/3839, time remaining: 4s
Rendered 3702/3839, time remaining: 4s
Rendered 3703/3839, time remaining: 4s
Rendered 3704/3839, time remaining: 4s
Rendered 3705/3839, time remaining: 4s
Rendered 3706/3839, time remaining: 4s
Rendered 3707/3839, time remaining: 4s
Rendered 3708/3839, time remaining: 4s
Rendered 3709/3839, time remaining: 4s
Rendered 3710/3839, time remaining: 4s
Rendered 3711/3839, time remaining: 4s
Rendered 3712/3839, time remaining: 4s
Rendered 3713/3839, time remaining: 4s
Rendered 3714/3839, time remaining: 4s
Rendered 3715/3839, time remaining: 4s
Rendered 3716/3839, time remaining: 4s
Rendered 3717/3839, time remaining: 4s
Rendered 3718/3839, time remaining: 4s
Rendered 3719/3839, time remaining: 4s
Rendered 3720/3839, time remaining: 4s
Rendered 3721/3839, time remaining: 4s
Rendered 3722/3839, time remaining: 4s
Rendered 3723/3839, time remaining: 4s
Rendered 3724/3839, time remaining: 4s
Rendered 3725/3839, time remaining: 4s
Rendered 3726/3839, time remaining: 4s
Rendered 3727/3839, time remaining: 4s
Rendered 3728/3839, time remaining: 4s
Rendered 3729/3839, time remaining: 4s
Rendered 3730/3839, time remaining: 3s
Rendered 3731/3839, time remaining: 3s
Rendered 3732/3839, time remaining: 3s
Rendered 3733/3839, time remaining: 3s
Rendered 3734/3839, time remaining: 3s
Rendered 3735/3839, time remaining: 3s
Rendered 3736/3839, time remaining: 3s
Rendered 3737/3839, time remaining: 3s
Rendered 3738/3839, time remaining: 3s
Rendered 3739/3839, time remaining: 3s
Rendered 3740/3839, time remaining: 3s
Rendered 3741/3839, time remaining: 3s
Rendered 3742/3839, time remaining: 3s
Rendered 3743/3839, time remaining: 3s
Rendered 3744/3839, time remaining: 3s
Rendered 3745/3839, time remaining: 3s
Rendered 3746/3839, time remaining: 3s
Rendered 3747/3839, time remaining: 3s
Rendered 3748/3839, time remaining: 3s
Rendered 3749/3839, time remaining: 3s
Rendered 3750/3839, time remaining: 3s
Rendered 3751/3839, time remaining: 3s
Rendered 3752/3839, time remaining: 3s
Rendered 3753/3839, time remaining: 3s
Rendered 3754/3839, time remaining: 3s
Rendered 3755/3839, time remaining: 3s
Rendered 3756/3839, time remaining: 2s
Rendered 3757/3839, time remaining: 2s
Rendered 3758/3839, time remaining: 2s
Rendered 3759/3839, time remaining: 2s
Rendered 3760/3839, time remaining: 2s
Rendered 3761/3839, time remaining: 2s
Rendered 3762/3839, time remaining: 2s
Rendered 3763/3839, time remaining: 2s
Rendered 3764/3839, time remaining: 2s
Rendered 3765/3839, time remaining: 2s
Rendered 3766/3839, time remaining: 2s
Rendered 3767/3839, time remaining: 2s
Rendered 3768/3839, time remaining: 2s
Rendered 3769/3839, time remaining: 2s
Rendered 3770/3839, time remaining: 2s
Rendered 3771/3839, time remaining: 2s
Rendered 3772/3839, time remaining: 2s
Rendered 3773/3839, time remaining: 2s
Rendered 3774/3839, time remaining: 2s
Rendered 3775/3839, time remaining: 2s
Rendered 3776/3839, time remaining: 2s
Rendered 3777/3839, time remaining: 2s
Rendered 3778/3839, time remaining: 2s
Rendered 3779/3839, time remaining: 2s
Rendered 3780/3839, time remaining: 2s
Rendered 3781/3839, time remaining: 2s
Rendered 3782/3839, time remaining: 2s
Rendered 3783/3839, time remaining: 1s
Rendered 3784/3839, time remaining: 1s
Rendered 3785/3839, time remaining: 1s
Rendered 3786/3839, time remaining: 1s
Rendered 3787/3839, time remaining: 1s
Rendered 3788/3839, time remaining: 1s
Rendered 3789/3839, time remaining: 1s
Rendered 3790/3839, time remaining: 1s
Rendered 3791/3839, time remaining: 1s
Rendered 3792/3839, time remaining: 1s
Rendered 3793/3839, time remaining: 1s
Rendered 3794/3839, time remaining: 1s
Rendered 3795/3839, time remaining: 1s
Rendered 3796/3839, time remaining: 1s
Rendered 3797/3839, time remaining: 1s
Rendered 3798/3839, time remaining: 1s
Rendered 3799/3839, time remaining: 1s
Rendered 3800/3839, time remaining: 1s
Rendered 3801/3839, time remaining: 1s
Rendered 3802/3839, time remaining: 1s
Rendered 3803/3839, time remaining: 1s
Rendered 3804/3839, time remaining: 1s
Rendered 3805/3839, time remaining: 1s
Rendered 3806/3839, time remaining: 1s
Rendered 3807/3839, time remaining: 1s
Rendered 3808/3839, time remaining: 1s
Rendered 3809/3839, time remaining: 1s
Rendered 3810/3839, time remaining: 1s
Rendered 3811/3839, time remaining: 0s
Rendered 3812/3839, time remaining: 0s
Rendered 3813/3839, time remaining: 0s
Rendered 3814/3839, time remaining: 0s
Rendered 3815/3839, time remaining: 0s
Rendered 3816/3839, time remaining: 0s
Rendered 3817/3839, time remaining: 0s
Rendered 3818/3839, time remaining: 0s
Rendered 3819/3839, time remaining: 0s
Rendered 3820/3839, time remaining: 0s
Rendered 3821/3839, time remaining: 0s
Rendered 3822/3839, time remaining: 0s
Rendered 3823/3839, time remaining: 0s
Rendered 3824/3839, time remaining: 0s
Rendered 3825/3839, time remaining: 0s
Rendered 3826/3839, time remaining: 0s
Rendered 3827/3839, time remaining: 0s
Rendered 3828/3839, time remaining: 0s
Rendered 3829/3839, time remaining: 0s
Rendered 3830/3839, time remaining: 0s
Rendered 3831/3839, time remaining: 0s
Rendered 3832/3839, time remaining: 0s
Rendered 3833/3839, time remaining: 0s
Rendered 3834/3839, time remaining: 0s
Rendered 3835/3839, time remaining: 0s
Rendered 3836/3839, time remaining: 0s
Rendered 3837/3839, time remaining: 0s
Rendered 3838/3839, time remaining: 0s
Rendered 3839/3839
Encoded 33/3839
Encoded 129/3839
Encoded 209/3839
Encoded 292/3839
Encoded 387/3839
Encoded 478/3839
Encoded 549/3839
Encoded 634/3839
Encoded 719/3839
Encoded 812/3839
Encoded 903/3839
Encoded 982/3839
Encoded 1054/3839
Encoded 1146/3839
Encoded 1247/3839
Encoded 1328/3839
Encoded 1412/3839
Encoded 1488/3839
Encoded 1577/3839
Encoded 1646/3839
Encoded 1719/3839
Encoded 1806/3839
Encoded 1899/3839
Encoded 1978/3839
Encoded 2058/3839
Encoded 2135/3839
Encoded 2215/3839
Encoded 2298/3839
Encoded 2384/3839
Encoded 2477/3839
Encoded 2568/3839
Encoded 2663/3839
Encoded 2748/3839
Encoded 2825/3839
Encoded 2890/3839
Encoded 2973/3839
Encoded 3048/3839
Encoded 3119/3839
Encoded 3202/3839
Encoded 3300/3839
Encoded 3384/3839
Encoded 3471/3839
Encoded 3557/3839
Encoded 3646/3839
Encoded 3736/3839
Encoded 3839/3839
+                    ../projects/import-china-india-te/renders/ch10.mp4 16.4 MB
Bundling 6%
Bundling 16%
Bundling 62%
Bundling 69%
Bundling 74%
Bundling 80%
Bundling 85%
Bundling 90%
Bundling 95%
Bundling 100%
Getting composition
Composition          Explainer
Codec                h264
Output               ../projects/import-china-india-te/renders/ch11.mp4
Concurrency          8x
Rendered 0/3714
Rendered 1/3714, time remaining: 48m 23s
Rendered 2/3714, time remaining: 24m 15s
Rendered 3/3714, time remaining: 16m 9s
Rendered 4/3714, time remaining: 12m 9s
Rendered 5/3714, time remaining: 9m 43s
Rendered 6/3714, time remaining: 8m 10s
Rendered 7/3714, time remaining: 7m 6s
Rendered 8/3714, time remaining: 6m 28s
Rendered 9/3714, time remaining: 7m 5s
Rendered 10/3714, time remaining: 6m 27s
Rendered 11/3714, time remaining: 6m 16s
Rendered 12/3714, time remaining: 5m 46s
Rendered 13/3714, time remaining: 5m 30s
Rendered 14/3714, time remaining: 5m 6s
Rendered 15/3714, time remaining: 4m 50s
Rendered 16/3714, time remaining: 4m 32s
Rendered 17/3714, time remaining: 4m 41s
Rendered 18/3714, time remaining: 4m 28s
Rendered 19/3714, time remaining: 4m 14s
Rendered 20/3714, time remaining: 4m 16s
Rendered 21/3714, time remaining: 4m 4s
Rendered 22/3714, time remaining: 4m 8s
Rendered 23/3714, time remaining: 3m 57s
Rendered 24/3714, time remaining: 3m 52s
Rendered 25/3714, time remaining: 3m 48s
Rendered 26/3714, time remaining: 3m 39s
Rendered 27/3714, time remaining: 3m 31s
Rendered 28/3714, time remaining: 3m 37s
Rendered 29/3714, time remaining: 3m 32s
Rendered 30/3714, time remaining: 3m 28s
Rendered 31/3714, time remaining: 3m 25s
Rendered 32/3714, time remaining: 3m 22s
Rendered 33/3714, time remaining: 3m 23s
Rendered 34/3714, time remaining: 3m 17s
Rendered 35/3714, time remaining: 3m 22s
Rendered 36/3714, time remaining: 3m 17s
Rendered 37/3714, time remaining: 3m 11s
Rendered 38/3714, time remaining: 3m 8s
Rendered 39/3714, time remaining: 3m 13s
Rendered 40/3714, time remaining: 3m 8s
Rendered 41/3714, time remaining: 3m 5s
Rendered 42/3714, time remaining: 3m 0s
Rendered 43/3714, time remaining: 2m 58s
Rendered 44/3714, time remaining: 2m 59s
Rendered 45/3714, time remaining: 2m 55s
Rendered 46/3714, time remaining: 3m 1s
Rendered 47/3714, time remaining: 3m 0s
Rendered 48/3714, time remaining: 2m 57s
Rendered 49/3714, time remaining: 2m 54s
Rendered 50/3714, time remaining: 2m 51s
Rendered 51/3714, time remaining: 2m 53s
Rendered 52/3714, time remaining: 2m 51s
Rendered 53/3714, time remaining: 2m 47s
Rendered 54/3714, time remaining: 2m 51s
Rendered 55/3714, time remaining: 2m 49s
Rendered 56/3714, time remaining: 2m 47s
Rendered 57/3714, time remaining: 2m 47s
Rendered 58/3714, time remaining: 2m 45s
Rendered 59/3714, time remaining: 2m 44s
Rendered 60/3714, time remaining: 2m 45s
Rendered 61/3714, time remaining: 2m 42s
Rendered 62/3714, time remaining: 2m 45s
Rendered 63/3714, time remaining: 2m 43s
Rendered 64/3714, time remaining: 2m 41s
Rendered 65/3714, time remaining: 2m 43s
Rendered 66/3714, time remaining: 2m 40s
Rendered 67/3714, time remaining: 2m 38s
Rendered 68/3714, time remaining: 2m 40s
Rendered 69/3714, time remaining: 2m 38s
Rendered 70/3714, time remaining: 2m 41s
Rendered 71/3714, time remaining: 2m 39s
Rendered 72/3714, time remaining: 2m 37s
Rendered 73/3714, time remaining: 2m 37s
Rendered 74/3714, time remaining: 2m 35s
Rendered 75/3714, time remaining: 2m 33s
Rendered 76/3714, time remaining: 2m 32s
Rendered 77/3714, time remaining: 2m 32s
Rendered 78/3714, time remaining: 2m 37s
Rendered 79/3714, time remaining: 2m 36s
Rendered 80/3714, time remaining: 2m 34s
Rendered 81/3714, time remaining: 2m 33s
Rendered 82/3714, time remaining: 2m 34s
Rendered 83/3714, time remaining: 2m 32s
Rendered 84/3714, time remaining: 2m 30s
Rendered 85/3714, time remaining: 2m 29s
Rendered 86/3714, time remaining: 2m 32s
Rendered 87/3714, time remaining: 2m 31s
Rendered 88/3714, time remaining: 2m 31s
Rendered 89/3714, time remaining: 2m 30s
Rendered 90/3714, time remaining: 2m 32s
Rendered 91/3714, time remaining: 2m 30s
Rendered 92/3714, time remaining: 2m 29s
Rendered 93/3714, time remaining: 2m 28s
Rendered 94/3714, time remaining: 2m 27s
Rendered 95/3714, time remaining: 2m 26s
Rendered 96/3714, time remaining: 2m 26s
Rendered 97/3714, time remaining: 2m 29s
Rendered 98/3714, time remaining: 2m 28s
Rendered 99/3714, time remaining: 2m 27s
Rendered 100/3714, time remaining: 2m 26s
Rendered 101/3714, time remaining: 2m 25s
Rendered 102/3714, time remaining: 2m 25s
Rendered 103/3714, time remaining: 2m 24s
Rendered 104/3714, time remaining: 2m 27s
Rendered 105/3714, time remaining: 2m 25s
Rendered 106/3714, time remaining: 2m 26s
Rendered 107/3714, time remaining: 2m 24s
Rendered 108/3714, time remaining: 2m 23s
Rendered 109/3714, time remaining: 2m 24s
Rendered 110/3714, time remaining: 2m 22s
Rendered 111/3714, time remaining: 2m 21s
Rendered 112/3714, time remaining: 2m 22s
Rendered 113/3714, time remaining: 2m 24s
Rendered 114/3714, time remaining: 2m 23s
Rendered 115/3714, time remaining: 2m 22s
Rendered 116/3714, time remaining: 2m 21s
Rendered 117/3714, time remaining: 2m 20s
Rendered 118/3714, time remaining: 2m 21s
Rendered 119/3714, time remaining: 2m 20s
Rendered 120/3714, time remaining: 2m 22s
Rendered 121/3714, time remaining: 2m 21s
Rendered 122/3714, time remaining: 2m 22s
Rendered 123/3714, time remaining: 2m 21s
Rendered 124/3714, time remaining: 2m 19s
Rendered 125/3714, time remaining: 2m 18s
Rendered 126/3714, time remaining: 2m 20s
Rendered 127/3714, time remaining: 2m 19s
Rendered 128/3714, time remaining: 2m 18s
Rendered 129/3714, time remaining: 2m 20s
Rendered 130/3714, time remaining: 2m 19s
Rendered 131/3714, time remaining: 2m 18s
Rendered 132/3714, time remaining: 2m 18s
Rendered 133/3714, time remaining: 2m 18s
Rendered 134/3714, time remaining: 2m 17s
Rendered 135/3714, time remaining: 2m 17s
Rendered 136/3714, time remaining: 2m 19s
Rendered 137/3714, time remaining: 2m 18s
Rendered 138/3714, time remaining: 2m 17s
Rendered 139/3714, time remaining: 2m 18s
Rendered 140/3714, time remaining: 2m 18s
Rendered 141/3714, time remaining: 2m 17s
Rendered 142/3714, time remaining: 2m 16s
Rendered 143/3714, time remaining: 2m 17s
Rendered 144/3714, time remaining: 2m 16s
Rendered 145/3714, time remaining: 2m 16s
Rendered 146/3714, time remaining: 2m 17s
Rendered 147/3714, time remaining: 2m 16s
Rendered 148/3714, time remaining: 2m 15s
Rendered 149/3714, time remaining: 2m 14s
Rendered 150/3714, time remaining: 2m 17s
Rendered 151/3714, time remaining: 1m 59s
Rendered 152/3714, time remaining: 1m 59s
Rendered 153/3714, time remaining: 1m 59s
Rendered 154/3714, time remaining: 2m 0s
Rendered 155/3714, time remaining: 2m 0s
Rendered 156/3714, time remaining: 2m 1s
Rendered 157/3714, time remaining: 2m 0s
Rendered 158/3714, time remaining: 2m 2s
Rendered 159/3714, time remaining: 1m 58s
Rendered 160/3714, time remaining: 1m 58s
Rendered 161/3714, time remaining: 1m 57s
Rendered 162/3714, time remaining: 1m 57s
Rendered 163/3714, time remaining: 1m 58s
Rendered 164/3714, time remaining: 1m 58s
Rendered 165/3714, time remaining: 1m 59s
Rendered 166/3714, time remaining: 2m 0s
Rendered 167/3714, time remaining: 1m 58s
Rendered 168/3714, time remaining: 1m 59s
Rendered 169/3714, time remaining: 1m 59s
Rendered 170/3714, time remaining: 1m 58s
Rendered 171/3714, time remaining: 1m 58s
Rendered 172/3714, time remaining: 1m 57s
Rendered 173/3714, time remaining: 1m 57s
Rendered 174/3714, time remaining: 1m 57s
Rendered 175/3714, time remaining: 1m 57s
Rendered 176/3714, time remaining: 1m 59s
Rendered 177/3714, time remaining: 1m 59s
Rendered 178/3714, time remaining: 1m 59s
Rendered 179/3714, time remaining: 1m 58s
Rendered 180/3714, time remaining: 1m 58s
Rendered 181/3714, time remaining: 2m 0s
Rendered 182/3714, time remaining: 1m 59s
Rendered 183/3714, time remaining: 1m 57s
Rendered 184/3714, time remaining: 1m 59s
Rendered 185/3714, time remaining: 1m 57s
Rendered 186/3714, time remaining: 1m 58s
Rendered 187/3714, time remaining: 1m 58s
Rendered 188/3714, time remaining: 2m 0s
Rendered 189/3714, time remaining: 1m 57s
Rendered 190/3714, time remaining: 1m 57s
Rendered 191/3714, time remaining: 1m 57s
Rendered 192/3714, time remaining: 1m 59s
Rendered 193/3714, time remaining: 2m 0s
Rendered 194/3714, time remaining: 1m 59s
Rendered 195/3714, time remaining: 1m 59s
Rendered 196/3714, time remaining: 1m 57s
Rendered 197/3714, time remaining: 1m 56s
Rendered 198/3714, time remaining: 1m 56s
Rendered 199/3714, time remaining: 1m 56s
Rendered 200/3714, time remaining: 1m 59s
Rendered 201/3714, time remaining: 1m 58s
Rendered 202/3714, time remaining: 1m 58s
Rendered 203/3714, time remaining: 1m 59s
Rendered 204/3714, time remaining: 1m 58s
Rendered 205/3714, time remaining: 1m 58s
Rendered 206/3714, time remaining: 1m 57s
Rendered 207/3714, time remaining: 1m 56s
Rendered 208/3714, time remaining: 1m 59s
Rendered 209/3714, time remaining: 1m 58s
Rendered 210/3714, time remaining: 1m 57s
Rendered 211/3714, time remaining: 1m 57s
Rendered 212/3714, time remaining: 1m 57s
Rendered 213/3714, time remaining: 1m 58s
Rendered 214/3714, time remaining: 1m 59s
Rendered 215/3714, time remaining: 1m 57s
Rendered 216/3714, time remaining: 1m 57s
Rendered 217/3714, time remaining: 1m 58s
Rendered 218/3714, time remaining: 1m 56s
Rendered 219/3714, time remaining: 1m 56s
Rendered 220/3714, time remaining: 1m 55s
Rendered 221/3714, time remaining: 1m 58s
Rendered 222/3714, time remaining: 1m 58s
Rendered 223/3714, time remaining: 1m 58s
Rendered 224/3714, time remaining: 1m 58s
Rendered 225/3714, time remaining: 1m 58s
Rendered 226/3714, time remaining: 1m 58s
Rendered 227/3714, time remaining: 1m 59s
Rendered 228/3714, time remaining: 1m 56s
Rendered 229/3714, time remaining: 1m 58s
Rendered 230/3714, time remaining: 1m 57s
Rendered 231/3714, time remaining: 1m 57s
Rendered 232/3714, time remaining: 1m 56s
Rendered 233/3714, time remaining: 1m 58s
Rendered 234/3714, time remaining: 1m 58s
Rendered 235/3714, time remaining: 2m 1s
Rendered 236/3714, time remaining: 1m 58s
Rendered 237/3714, time remaining: 1m 58s
Rendered 238/3714, time remaining: 1m 57s
Rendered 239/3714, time remaining: 1m 57s
Rendered 240/3714, time remaining: 1m 56s
Rendered 241/3714, time remaining: 1m 57s
Rendered 242/3714, time remaining: 1m 56s
Rendered 243/3714, time remaining: 1m 59s
Rendered 244/3714, time remaining: 1m 58s
Rendered 245/3714, time remaining: 1m 59s
Rendered 246/3714, time remaining: 1m 59s
Rendered 247/3714, time remaining: 1m 56s
Rendered 248/3714, time remaining: 1m 59s
Rendered 249/3714, time remaining: 1m 58s
Rendered 250/3714, time remaining: 1m 58s
Rendered 251/3714, time remaining: 1m 59s
Rendered 252/3714, time remaining: 1m 58s
Rendered 253/3714, time remaining: 1m 57s
Rendered 254/3714, time remaining: 1m 56s
Rendered 255/3714, time remaining: 1m 58s
Rendered 256/3714, time remaining: 1m 57s
Rendered 257/3714, time remaining: 1m 57s
Rendered 258/3714, time remaining: 1m 59s
Rendered 259/3714, time remaining: 1m 58s
Rendered 260/3714, time remaining: 1m 59s
Rendered 261/3714, time remaining: 1m 59s
Rendered 262/3714, time remaining: 1m 58s
Rendered 263/3714, time remaining: 1m 57s
Rendered 264/3714, time remaining: 1m 57s
Rendered 265/3714, time remaining: 1m 57s
Rendered 266/3714, time remaining: 2m 0s
Rendered 267/3714, time remaining: 2m 0s
Rendered 268/3714, time remaining: 1m 58s
Rendered 269/3714, time remaining: 2m 0s
Rendered 270/3714, time remaining: 1m 57s
Rendered 271/3714, time remaining: 1m 57s
Rendered 272/3714, time remaining: 1m 55s
Rendered 273/3714, time remaining: 1m 58s
Rendered 274/3714, time remaining: 1m 58s
Rendered 275/3714, time remaining: 1m 59s
Rendered 276/3714, time remaining: 1m 57s
Rendered 277/3714, time remaining: 1m 57s
Rendered 278/3714, time remaining: 1m 57s
Rendered 279/3714, time remaining: 1m 55s
Rendered 280/3714, time remaining: 1m 56s
Rendered 281/3714, time remaining: 1m 59s
Rendered 282/3714, time remaining: 1m 59s
Rendered 283/3714, time remaining: 1m 58s
Rendered 284/3714, time remaining: 1m 59s
Rendered 285/3714, time remaining: 1m 58s
Rendered 286/3714, time remaining: 1m 55s
Rendered 287/3714, time remaining: 1m 56s
Rendered 288/3714, time remaining: 1m 57s
Rendered 289/3714, time remaining: 1m 58s
Rendered 290/3714, time remaining: 1m 58s
Rendered 291/3714, time remaining: 1m 58s
Rendered 292/3714, time remaining: 1m 58s
Rendered 293/3714, time remaining: 1m 58s
Rendered 294/3714, time remaining: 1m 57s
Rendered 295/3714, time remaining: 1m 56s
Rendered 296/3714, time remaining: 1m 56s
Rendered 297/3714, time remaining: 1m 56s
Rendered 298/3714, time remaining: 1m 59s
Rendered 299/3714, time remaining: 1m 59s
Rendered 300/3714, time remaining: 1m 56s
Rendered 301/3714, time remaining: 1m 57s
Rendered 302/3714, time remaining: 1m 57s
Rendered 303/3714, time remaining: 1m 57s
Rendered 304/3714, time remaining: 1m 58s
Rendered 305/3714, time remaining: 1m 58s
Rendered 306/3714, time remaining: 2m 0s
Rendered 307/3714, time remaining: 2m 0s
Rendered 308/3714, time remaining: 1m 57s
Rendered 309/3714, time remaining: 1m 57s
Rendered 310/3714, time remaining: 1m 58s
Rendered 311/3714, time remaining: 1m 58s
Rendered 312/3714, time remaining: 1m 57s
Rendered 313/3714, time remaining: 1m 58s
Rendered 314/3714, time remaining: 1m 59s
Rendered 315/3714, time remaining: 1m 58s
Rendered 316/3714, time remaining: 1m 57s
Rendered 317/3714, time remaining: 1m 57s
Rendered 318/3714, time remaining: 1m 56s
Rendered 319/3714, time remaining: 1m 57s
Rendered 320/3714, time remaining: 1m 57s
Rendered 321/3714, time remaining: 1m 59s
Rendered 322/3714, time remaining: 1m 57s
Rendered 323/3714, time remaining: 1m 57s
Rendered 324/3714, time remaining: 1m 57s
Rendered 325/3714, time remaining: 1m 59s
Rendered 326/3714, time remaining: 1m 57s
Rendered 327/3714, time remaining: 1m 59s
Rendered 328/3714, time remaining: 1m 56s
Rendered 329/3714, time remaining: 1m 57s
Rendered 330/3714, time remaining: 1m 57s
Rendered 331/3714, time remaining: 1m 55s
Rendered 332/3714, time remaining: 1m 55s
Rendered 333/3714, time remaining: 1m 57s
Rendered 334/3714, time remaining: 1m 56s
Rendered 335/3714, time remaining: 1m 58s
Rendered 336/3714, time remaining: 1m 57s
Rendered 337/3714, time remaining: 1m 58s
Rendered 338/3714, time remaining: 1m 56s
Rendered 339/3714, time remaining: 1m 56s
Rendered 340/3714, time remaining: 1m 56s
Rendered 341/3714, time remaining: 1m 58s
Rendered 342/3714, time remaining: 1m 56s
Rendered 343/3714, time remaining: 1m 54s
Rendered 344/3714, time remaining: 1m 57s
Rendered 345/3714, time remaining: 1m 57s
Rendered 346/3714, time remaining: 1m 57s
Rendered 347/3714, time remaining: 1m 57s
Rendered 348/3714, time remaining: 1m 57s
Rendered 349/3714, time remaining: 1m 57s
Rendered 350/3714, time remaining: 1m 55s
Rendered 351/3714, time remaining: 1m 54s
Rendered 352/3714, time remaining: 1m 57s
Rendered 353/3714, time remaining: 1m 57s
Rendered 354/3714, time remaining: 1m 56s
Rendered 355/3714, time remaining: 1m 56s
Rendered 356/3714, time remaining: 1m 56s
Rendered 357/3714, time remaining: 1m 56s
Rendered 358/3714, time remaining: 1m 54s
Rendered 359/3714, time remaining: 1m 55s
Rendered 360/3714, time remaining: 1m 58s
Rendered 361/3714, time remaining: 1m 57s
Rendered 362/3714, time remaining: 1m 57s
Rendered 363/3714, time remaining: 1m 55s
Rendered 364/3714, time remaining: 1m 54s
Rendered 365/3714, time remaining: 1m 55s
Rendered 366/3714, time remaining: 1m 55s
Rendered 367/3714, time remaining: 1m 58s
Rendered 368/3714, time remaining: 1m 57s
Rendered 369/3714, time remaining: 1m 57s
Rendered 370/3714, time remaining: 1m 56s
Rendered 371/3714, time remaining: 1m 54s
Rendered 372/3714, time remaining: 1m 53s
Rendered 373/3714, time remaining: 1m 52s
Rendered 374/3714, time remaining: 1m 56s
Rendered 375/3714, time remaining: 1m 56s
Rendered 376/3714, time remaining: 1m 56s
Rendered 377/3714, time remaining: 1m 55s
Rendered 378/3714, time remaining: 1m 54s
Rendered 379/3714, time remaining: 1m 52s
Rendered 380/3714, time remaining: 1m 53s
Rendered 381/3714, time remaining: 1m 53s
Rendered 382/3714, time remaining: 1m 56s
Rendered 383/3714, time remaining: 1m 55s
Rendered 384/3714, time remaining: 1m 55s
Rendered 385/3714, time remaining: 1m 53s
Rendered 386/3714, time remaining: 1m 53s
Rendered 387/3714, time remaining: 1m 53s
Rendered 388/3714, time remaining: 1m 53s
Rendered 389/3714, time remaining: 1m 53s
Rendered 390/3714, time remaining: 1m 52s
Rendered 391/3714, time remaining: 1m 52s
Rendered 392/3714, time remaining: 1m 52s
Rendered 393/3714, time remaining: 1m 50s
Rendered 394/3714, time remaining: 1m 50s
Rendered 395/3714, time remaining: 1m 49s
Rendered 396/3714, time remaining: 1m 49s
Rendered 397/3714, time remaining: 1m 49s
Rendered 398/3714, time remaining: 1m 46s
Rendered 399/3714, time remaining: 1m 47s
Rendered 400/3714, time remaining: 1m 47s
Rendered 401/3714, time remaining: 1m 46s
Rendered 402/3714, time remaining: 1m 46s
Rendered 403/3714, time remaining: 1m 46s
Rendered 404/3714, time remaining: 1m 45s
Rendered 405/3714, time remaining: 1m 43s
Rendered 406/3714, time remaining: 1m 44s
Rendered 407/3714, time remaining: 1m 44s
Rendered 408/3714, time remaining: 1m 46s
Rendered 409/3714, time remaining: 1m 45s
Rendered 410/3714, time remaining: 1m 44s
Rendered 411/3714, time remaining: 1m 44s
Rendered 412/3714, time remaining: 1m 44s
Rendered 413/3714, time remaining: 1m 44s
Rendered 414/3714, time remaining: 1m 44s
Rendered 415/3714, time remaining: 1m 43s
Rendered 416/3714, time remaining: 1m 44s
Rendered 417/3714, time remaining: 1m 44s
Rendered 418/3714, time remaining: 1m 44s
Rendered 419/3714, time remaining: 1m 43s
Rendered 420/3714, time remaining: 1m 44s
Rendered 421/3714, time remaining: 1m 43s
Rendered 422/3714, time remaining: 1m 43s
Rendered 423/3714, time remaining: 1m 42s
Rendered 424/3714, time remaining: 1m 46s
Rendered 425/3714, time remaining: 1m 45s
Rendered 426/3714, time remaining: 1m 45s
Rendered 427/3714, time remaining: 1m 45s
Rendered 428/3714, time remaining: 1m 45s
Rendered 429/3714, time remaining: 1m 44s
Rendered 430/3714, time remaining: 1m 44s
Rendered 431/3714, time remaining: 1m 40s
Rendered 432/3714, time remaining: 1m 44s
Rendered 433/3714, time remaining: 1m 44s
Rendered 434/3714, time remaining: 1m 43s
Rendered 435/3714, time remaining: 1m 44s
Rendered 436/3714, time remaining: 1m 44s
Rendered 437/3714, time remaining: 1m 44s
Rendered 438/3714, time remaining: 1m 42s
Rendered 439/3714, time remaining: 1m 40s
Rendered 440/3714, time remaining: 1m 43s
Rendered 441/3714, time remaining: 1m 43s
Rendered 442/3714, time remaining: 1m 43s
Rendered 443/3714, time remaining: 1m 43s
Rendered 444/3714, time remaining: 1m 43s
Rendered 445/3714, time remaining: 1m 43s
Rendered 446/3714, time remaining: 1m 43s
Rendered 447/3714, time remaining: 1m 45s
Rendered 448/3714, time remaining: 1m 42s
Rendered 449/3714, time remaining: 1m 42s
Rendered 450/3714, time remaining: 1m 42s
Rendered 451/3714, time remaining: 1m 41s
Rendered 452/3714, time remaining: 1m 41s
Rendered 453/3714, time remaining: 1m 41s
Rendered 454/3714, time remaining: 1m 42s
Rendered 455/3714, time remaining: 1m 43s
Rendered 456/3714, time remaining: 1m 41s
Rendered 457/3714, time remaining: 1m 42s
Rendered 458/3714, time remaining: 1m 42s
Rendered 459/3714, time remaining: 1m 42s
Rendered 460/3714, time remaining: 1m 41s
Rendered 461/3714, time remaining: 1m 42s
Rendered 462/3714, time remaining: 1m 44s
Rendered 463/3714, time remaining: 1m 42s
Rendered 464/3714, time remaining: 1m 41s
Rendered 465/3714, time remaining: 1m 40s
Rendered 466/3714, time remaining: 1m 41s
Rendered 467/3714, time remaining: 1m 41s
Rendered 468/3714, time remaining: 1m 41s
Rendered 469/3714, time remaining: 1m 42s
Rendered 470/3714, time remaining: 1m 41s
Rendered 471/3714, time remaining: 1m 40s
Rendered 472/3714, time remaining: 1m 42s
Rendered 473/3714, time remaining: 1m 41s
Rendered 474/3714, time remaining: 1m 43s
Rendered 475/3714, time remaining: 1m 41s
Rendered 476/3714, time remaining: 1m 41s
Rendered 477/3714, time remaining: 1m 40s
Rendered 478/3714, time remaining: 1m 41s
Rendered 479/3714, time remaining: 1m 40s
Rendered 480/3714, time remaining: 1m 41s
Rendered 481/3714, time remaining: 1m 41s
Rendered 482/3714, time remaining: 1m 40s
Rendered 483/3714, time remaining: 1m 38s
Rendered 484/3714, time remaining: 1m 42s
Rendered 485/3714, time remaining: 1m 40s
Rendered 486/3714, time remaining: 1m 40s
Rendered 487/3714, time remaining: 1m 39s
Rendered 488/3714, time remaining: 1m 39s
Rendered 489/3714, time remaining: 1m 40s
Rendered 490/3714, time remaining: 1m 40s
Rendered 491/3714, time remaining: 1m 40s
Rendered 492/3714, time remaining: 1m 40s
Rendered 493/3714, time remaining: 1m 42s
Rendered 494/3714, time remaining: 1m 39s
Rendered 495/3714, time remaining: 1m 38s
Rendered 496/3714, time remaining: 1m 39s
Rendered 497/3714, time remaining: 1m 40s
Rendered 498/3714, time remaining: 1m 40s
Rendered 499/3714, time remaining: 1m 40s
Rendered 500/3714, time remaining: 1m 41s
Rendered 501/3714, time remaining: 1m 42s
Rendered 502/3714, time remaining: 1m 38s
Rendered 503/3714, time remaining: 1m 38s
Rendered 504/3714, time remaining: 1m 39s
Rendered 505/3714, time remaining: 1m 39s
Rendered 506/3714, time remaining: 1m 40s
Rendered 507/3714, time remaining: 1m 40s
Rendered 508/3714, time remaining: 1m 40s
Rendered 509/3714, time remaining: 1m 40s
Rendered 510/3714, time remaining: 1m 38s
Rendered 511/3714, time remaining: 1m 38s
Rendered 512/3714, time remaining: 1m 38s
Rendered 513/3714, time remaining: 1m 38s
Rendered 514/3714, time remaining: 1m 39s
Rendered 515/3714, time remaining: 1m 38s
Rendered 516/3714, time remaining: 1m 38s
Rendered 517/3714, time remaining: 1m 38s
Rendered 518/3714, time remaining: 1m 38s
Rendered 519/3714, time remaining: 1m 38s
Rendered 520/3714, time remaining: 1m 38s
Rendered 521/3714, time remaining: 1m 38s
Rendered 522/3714, time remaining: 1m 39s
Rendered 523/3714, time remaining: 1m 38s
Rendered 524/3714, time remaining: 1m 35s
Rendered 525/3714, time remaining: 1m 38s
Rendered 526/3714, time remaining: 1m 38s
Rendered 527/3714, time remaining: 1m 39s
Rendered 528/3714, time remaining: 1m 39s
Rendered 529/3714, time remaining: 1m 40s
Rendered 530/3714, time remaining: 1m 39s
Rendered 531/3714, time remaining: 1m 39s
Rendered 532/3714, time remaining: 1m 36s
Rendered 533/3714, time remaining: 1m 36s
Rendered 534/3714, time remaining: 1m 38s
Rendered 535/3714, time remaining: 1m 38s
Rendered 536/3714, time remaining: 1m 38s
Rendered 537/3714, time remaining: 1m 38s
Rendered 538/3714, time remaining: 1m 38s
Rendered 539/3714, time remaining: 1m 40s
Rendered 540/3714, time remaining: 1m 40s
Rendered 541/3714, time remaining: 1m 40s
Rendered 542/3714, time remaining: 1m 40s
Rendered 543/3714, time remaining: 1m 40s
Rendered 544/3714, time remaining: 1m 40s
Rendered 545/3714, time remaining: 1m 41s
Rendered 546/3714, time remaining: 1m 42s
Rendered 547/3714, time remaining: 1m 42s
Rendered 548/3714, time remaining: 1m 44s
Rendered 549/3714, time remaining: 1m 44s
Rendered 550/3714, time remaining: 1m 44s
Rendered 551/3714, time remaining: 1m 43s
Rendered 552/3714, time remaining: 1m 43s
Rendered 553/3714, time remaining: 1m 44s
Rendered 554/3714, time remaining: 1m 44s
Rendered 555/3714, time remaining: 1m 44s
Rendered 556/3714, time remaining: 1m 47s
Rendered 557/3714, time remaining: 1m 46s
Rendered 558/3714, time remaining: 1m 44s
Rendered 559/3714, time remaining: 1m 44s
Rendered 560/3714, time remaining: 1m 45s
Rendered 561/3714, time remaining: 1m 45s
Rendered 562/3714, time remaining: 1m 44s
Rendered 563/3714, time remaining: 1m 43s
Rendered 564/3714, time remaining: 1m 47s
Rendered 565/3714, time remaining: 1m 47s
Rendered 566/3714, time remaining: 1m 43s
Rendered 567/3714, time remaining: 1m 44s
Rendered 568/3714, time remaining: 1m 44s
Rendered 569/3714, time remaining: 1m 44s
Rendered 570/3714, time remaining: 1m 43s
Rendered 571/3714, time remaining: 1m 44s
Rendered 572/3714, time remaining: 1m 46s
Rendered 573/3714, time remaining: 1m 46s
Rendered 574/3714, time remaining: 1m 42s
Rendered 575/3714, time remaining: 1m 44s
Rendered 576/3714, time remaining: 1m 45s
Rendered 577/3714, time remaining: 1m 45s
Rendered 578/3714, time remaining: 1m 44s
Rendered 579/3714, time remaining: 1m 44s
Rendered 580/3714, time remaining: 1m 46s
Rendered 581/3714, time remaining: 1m 46s
Rendered 582/3714, time remaining: 1m 43s
Rendered 583/3714, time remaining: 1m 43s
Rendered 584/3714, time remaining: 1m 44s
Rendered 585/3714, time remaining: 1m 43s
Rendered 586/3714, time remaining: 1m 43s
Rendered 587/3714, time remaining: 1m 44s
Rendered 588/3714, time remaining: 1m 47s
Rendered 589/3714, time remaining: 1m 47s
Rendered 590/3714, time remaining: 1m 44s
Rendered 591/3714, time remaining: 1m 44s
Rendered 592/3714, time remaining: 1m 44s
Rendered 593/3714, time remaining: 1m 43s
Rendered 594/3714, time remaining: 1m 43s
Rendered 595/3714, time remaining: 1m 44s
Rendered 596/3714, time remaining: 1m 44s
Rendered 597/3714, time remaining: 1m 44s
Rendered 598/3714, time remaining: 1m 44s
Rendered 599/3714, time remaining: 1m 44s
Rendered 600/3714, time remaining: 1m 44s
Rendered 601/3714, time remaining: 1m 44s
Rendered 602/3714, time remaining: 1m 44s
Rendered 603/3714, time remaining: 1m 44s
Rendered 604/3714, time remaining: 1m 43s
Rendered 605/3714, time remaining: 1m 44s
Rendered 606/3714, time remaining: 1m 44s
Rendered 607/3714, time remaining: 1m 43s
Rendered 608/3714, time remaining: 1m 43s
Rendered 609/3714, time remaining: 1m 43s
Rendered 610/3714, time remaining: 1m 43s
Rendered 611/3714, time remaining: 1m 43s
Rendered 612/3714, time remaining: 1m 41s
Rendered 613/3714, time remaining: 1m 43s
Rendered 614/3714, time remaining: 1m 43s
Rendered 615/3714, time remaining: 1m 44s
Rendered 616/3714, time remaining: 1m 44s
Rendered 617/3714, time remaining: 1m 44s
Rendered 618/3714, time remaining: 1m 44s
Rendered 619/3714, time remaining: 1m 43s
Rendered 620/3714, time remaining: 1m 43s
Rendered 621/3714, time remaining: 1m 43s
Rendered 622/3714, time remaining: 1m 42s
Rendered 623/3714, time remaining: 1m 42s
Rendered 624/3714, time remaining: 1m 41s
Rendered 625/3714, time remaining: 1m 43s
Rendered 626/3714, time remaining: 1m 43s
Rendered 627/3714, time remaining: 1m 43s
Rendered 628/3714, time remaining: 1m 42s
Rendered 629/3714, time remaining: 1m 42s
Rendered 630/3714, time remaining: 1m 42s
Rendered 631/3714, time remaining: 1m 43s
Rendered 632/3714, time remaining: 1m 45s
Rendered 633/3714, time remaining: 1m 46s
Rendered 634/3714, time remaining: 1m 42s
Rendered 635/3714, time remaining: 1m 42s
Rendered 636/3714, time remaining: 1m 42s
Rendered 637/3714, time remaining: 1m 42s
Rendered 638/3714, time remaining: 1m 42s
Rendered 639/3714, time remaining: 1m 41s
Rendered 640/3714, time remaining: 1m 44s
Rendered 641/3714, time remaining: 1m 43s
Rendered 642/3714, time remaining: 1m 43s
Rendered 643/3714, time remaining: 1m 42s
Rendered 644/3714, time remaining: 1m 42s
Rendered 645/3714, time remaining: 1m 44s
Rendered 646/3714, time remaining: 1m 42s
Rendered 647/3714, time remaining: 1m 40s
Rendered 648/3714, time remaining: 1m 40s
Rendered 649/3714, time remaining: 1m 44s
Rendered 650/3714, time remaining: 1m 43s
Rendered 651/3714, time remaining: 1m 42s
Rendered 652/3714, time remaining: 1m 42s
Rendered 653/3714, time remaining: 1m 43s
Rendered 654/3714, time remaining: 1m 41s
Rendered 655/3714, time remaining: 1m 41s
Rendered 656/3714, time remaining: 1m 42s
Rendered 657/3714, time remaining: 1m 43s
Rendered 658/3714, time remaining: 1m 43s
Rendered 659/3714, time remaining: 1m 42s
Rendered 660/3714, time remaining: 1m 42s
Rendered 661/3714, time remaining: 1m 41s
Rendered 662/3714, time remaining: 1m 41s
Rendered 663/3714, time remaining: 1m 41s
Rendered 664/3714, time remaining: 1m 43s
Rendered 665/3714, time remaining: 1m 43s
Rendered 666/3714, time remaining: 1m 44s
Rendered 667/3714, time remaining: 1m 41s
Rendered 668/3714, time remaining: 1m 42s
Rendered 669/3714, time remaining: 1m 42s
Rendered 670/3714, time remaining: 1m 41s
Rendered 671/3714, time remaining: 1m 42s
Rendered 672/3714, time remaining: 1m 42s
Rendered 673/3714, time remaining: 1m 44s
Rendered 674/3714, time remaining: 1m 44s
Rendered 675/3714, time remaining: 1m 42s
Rendered 676/3714, time remaining: 1m 42s
Rendered 677/3714, time remaining: 1m 41s
Rendered 678/3714, time remaining: 1m 41s
Rendered 679/3714, time remaining: 1m 41s
Rendered 680/3714, time remaining: 1m 41s
Rendered 681/3714, time remaining: 1m 42s
Rendered 682/3714, time remaining: 1m 43s
Rendered 683/3714, time remaining: 1m 42s
Rendered 684/3714, time remaining: 1m 40s
Rendered 685/3714, time remaining: 1m 40s
Rendered 686/3714, time remaining: 1m 42s
Rendered 687/3714, time remaining: 1m 42s
Rendered 688/3714, time remaining: 1m 43s
Rendered 689/3714, time remaining: 1m 41s
Rendered 690/3714, time remaining: 1m 41s
Rendered 691/3714, time remaining: 1m 40s
Rendered 692/3714, time remaining: 1m 40s
Rendered 693/3714, time remaining: 1m 43s
Rendered 694/3714, time remaining: 1m 43s
Rendered 695/3714, time remaining: 1m 41s
Rendered 696/3714, time remaining: 1m 42s
Rendered 697/3714, time remaining: 1m 43s
Rendered 698/3714, time remaining: 1m 40s
Rendered 699/3714, time remaining: 1m 40s
Rendered 700/3714, time remaining: 1m 40s
Rendered 701/3714, time remaining: 1m 40s
Rendered 702/3714, time remaining: 1m 40s
Rendered 703/3714, time remaining: 1m 41s
Rendered 704/3714, time remaining: 1m 43s
Rendered 705/3714, time remaining: 1m 43s
Rendered 706/3714, time remaining: 1m 40s
Rendered 707/3714, time remaining: 1m 40s
Rendered 708/3714, time remaining: 1m 40s
Rendered 709/3714, time remaining: 1m 40s
Rendered 710/3714, time remaining: 1m 41s
Rendered 711/3714, time remaining: 1m 41s
Rendered 712/3714, time remaining: 1m 43s
Rendered 713/3714, time remaining: 1m 43s
Rendered 714/3714, time remaining: 1m 39s
Rendered 715/3714, time remaining: 1m 39s
Rendered 716/3714, time remaining: 1m 39s
Rendered 717/3714, time remaining: 1m 40s
Rendered 718/3714, time remaining: 1m 40s
Rendered 719/3714, time remaining: 1m 40s
Rendered 720/3714, time remaining: 1m 43s
Rendered 721/3714, time remaining: 1m 43s
Rendered 722/3714, time remaining: 1m 40s
Rendered 723/3714, time remaining: 1m 40s
Rendered 724/3714, time remaining: 1m 40s
Rendered 725/3714, time remaining: 1m 39s
Rendered 726/3714, time remaining: 1m 38s
Rendered 727/3714, time remaining: 1m 38s
Rendered 728/3714, time remaining: 1m 42s
Rendered 729/3714, time remaining: 1m 42s
Rendered 730/3714, time remaining: 1m 40s
Rendered 731/3714, time remaining: 1m 40s
Rendered 732/3714, time remaining: 1m 40s
Rendered 733/3714, time remaining: 1m 39s
Rendered 734/3714, time remaining: 1m 39s
Rendered 735/3714, time remaining: 1m 41s
Rendered 736/3714, time remaining: 1m 42s
Rendered 737/3714, time remaining: 1m 42s
Rendered 738/3714, time remaining: 1m 40s
Rendered 739/3714, time remaining: 1m 40s
Rendered 740/3714, time remaining: 1m 40s
Rendered 741/3714, time remaining: 1m 39s
Rendered 742/3714, time remaining: 1m 39s
Rendered 743/3714, time remaining: 1m 40s
Rendered 744/3714, time remaining: 1m 42s
Rendered 745/3714, time remaining: 1m 41s
Rendered 746/3714, time remaining: 1m 40s
Rendered 747/3714, time remaining: 1m 40s
Rendered 748/3714, time remaining: 1m 40s
Rendered 749/3714, time remaining: 1m 39s
Rendered 750/3714, time remaining: 1m 39s
Rendered 751/3714, time remaining: 1m 40s
Rendered 752/3714, time remaining: 1m 40s
Rendered 753/3714, time remaining: 1m 42s
Rendered 754/3714, time remaining: 1m 40s
Rendered 755/3714, time remaining: 1m 38s
Rendered 756/3714, time remaining: 1m 40s
Rendered 757/3714, time remaining: 1m 40s
Rendered 758/3714, time remaining: 1m 40s
Rendered 759/3714, time remaining: 1m 40s
Rendered 760/3714, time remaining: 1m 40s
Rendered 761/3714, time remaining: 1m 40s
Rendered 762/3714, time remaining: 1m 41s
Rendered 763/3714, time remaining: 1m 39s
Rendered 764/3714, time remaining: 1m 40s
Rendered 765/3714, time remaining: 1m 40s
Rendered 766/3714, time remaining: 1m 38s
Rendered 767/3714, time remaining: 1m 38s
Rendered 768/3714, time remaining: 1m 40s
Rendered 769/3714, time remaining: 1m 39s
Rendered 770/3714, time remaining: 1m 39s
Rendered 771/3714, time remaining: 1m 40s
Rendered 772/3714, time remaining: 1m 39s
Rendered 773/3714, time remaining: 1m 39s
Rendered 774/3714, time remaining: 1m 38s
Rendered 775/3714, time remaining: 1m 37s
Rendered 776/3714, time remaining: 1m 41s
Rendered 777/3714, time remaining: 1m 39s
Rendered 778/3714, time remaining: 1m 39s
Rendered 779/3714, time remaining: 1m 40s
Rendered 780/3714, time remaining: 1m 39s
Rendered 781/3714, time remaining: 1m 39s
Rendered 782/3714, time remaining: 1m 37s
Rendered 783/3714, time remaining: 1m 38s
Rendered 784/3714, time remaining: 1m 39s
Rendered 785/3714, time remaining: 1m 39s
Rendered 786/3714, time remaining: 1m 40s
Rendered 787/3714, time remaining: 1m 40s
Rendered 788/3714, time remaining: 1m 39s
Rendered 789/3714, time remaining: 1m 39s
Rendered 790/3714, time remaining: 1m 37s
Rendered 791/3714, time remaining: 1m 38s
Rendered 792/3714, time remaining: 1m 37s
Rendered 793/3714, time remaining: 1m 40s
Rendered 794/3714, time remaining: 1m 40s
Rendered 795/3714, time remaining: 1m 39s
Rendered 796/3714, time remaining: 1m 39s
Rendered 797/3714, time remaining: 1m 39s
Rendered 798/3714, time remaining: 1m 39s
Rendered 799/3714, time remaining: 1m 36s
Rendered 800/3714, time remaining: 1m 36s
Rendered 801/3714, time remaining: 1m 38s
Rendered 802/3714, time remaining: 1m 40s
Rendered 803/3714, time remaining: 1m 39s
Rendered 804/3714, time remaining: 1m 39s
Rendered 805/3714, time remaining: 1m 39s
Rendered 806/3714, time remaining: 1m 38s
Rendered 807/3714, time remaining: 1m 37s
Rendered 808/3714, time remaining: 1m 37s
Rendered 809/3714, time remaining: 1m 38s
Rendered 810/3714, time remaining: 1m 39s
Rendered 811/3714, time remaining: 1m 40s
Rendered 812/3714, time remaining: 1m 39s
Rendered 813/3714, time remaining: 1m 40s
Rendered 814/3714, time remaining: 1m 37s
Rendered 815/3714, time remaining: 1m 38s
Rendered 816/3714, time remaining: 1m 38s
Rendered 817/3714, time remaining: 1m 38s
Rendered 818/3714, time remaining: 1m 37s
Rendered 819/3714, time remaining: 1m 37s
Rendered 820/3714, time remaining: 1m 39s
Rendered 821/3714, time remaining: 1m 38s
Rendered 822/3714, time remaining: 1m 38s
Rendered 823/3714, time remaining: 1m 38s
Rendered 824/3714, time remaining: 1m 38s
Rendered 825/3714, time remaining: 1m 37s
Rendered 826/3714, time remaining: 1m 37s
Rendered 827/3714, time remaining: 1m 38s
Rendered 828/3714, time remaining: 1m 38s
Rendered 829/3714, time remaining: 1m 38s
Rendered 830/3714, time remaining: 1m 38s
Rendered 831/3714, time remaining: 1m 39s
Rendered 832/3714, time remaining: 1m 37s
Rendered 833/3714, time remaining: 1m 37s
Rendered 834/3714, time remaining: 1m 37s
Rendered 835/3714, time remaining: 1m 39s
Rendered 836/3714, time remaining: 1m 36s
Rendered 837/3714, time remaining: 1m 38s
Rendered 838/3714, time remaining: 1m 37s
Rendered 839/3714, time remaining: 1m 37s
Rendered 840/3714, time remaining: 1m 37s
Rendered 841/3714, time remaining: 1m 38s
Rendered 842/3714, time remaining: 1m 38s
Rendered 843/3714, time remaining: 1m 35s
Rendered 844/3714, time remaining: 1m 35s
Rendered 845/3714, time remaining: 1m 37s
Rendered 846/3714, time remaining: 1m 36s
Rendered 847/3714, time remaining: 1m 35s
Rendered 848/3714, time remaining: 1m 36s
Rendered 849/3714, time remaining: 1m 37s
Rendered 850/3714, time remaining: 1m 39s
Rendered 851/3714, time remaining: 1m 38s
Rendered 852/3714, time remaining: 1m 38s
Rendered 853/3714, time remaining: 1m 38s
Rendered 854/3714, time remaining: 1m 36s
Rendered 855/3714, time remaining: 1m 36s
Rendered 856/3714, time remaining: 1m 35s
Rendered 857/3714, time remaining: 1m 38s
Rendered 858/3714, time remaining: 1m 37s
Rendered 859/3714, time remaining: 1m 37s
Rendered 860/3714, time remaining: 1m 35s
Rendered 861/3714, time remaining: 1m 35s
Rendered 862/3714, time remaining: 1m 36s
Rendered 863/3714, time remaining: 1m 36s
Rendered 864/3714, time remaining: 1m 36s
Rendered 865/3714, time remaining: 1m 38s
Rendered 866/3714, time remaining: 1m 38s
Rendered 867/3714, time remaining: 1m 36s
Rendered 868/3714, time remaining: 1m 36s
Rendered 869/3714, time remaining: 1m 36s
Rendered 870/3714, time remaining: 1m 34s
Rendered 871/3714, time remaining: 1m 34s
Rendered 872/3714, time remaining: 1m 34s
Rendered 873/3714, time remaining: 1m 37s
Rendered 874/3714, time remaining: 1m 36s
Rendered 875/3714, time remaining: 1m 37s
Rendered 876/3714, time remaining: 1m 37s
Rendered 877/3714, time remaining: 1m 37s
Rendered 878/3714, time remaining: 1m 33s
Rendered 879/3714, time remaining: 1m 33s
Rendered 880/3714, time remaining: 1m 33s
Rendered 881/3714, time remaining: 1m 33s
Rendered 882/3714, time remaining: 1m 35s
Rendered 883/3714, time remaining: 1m 36s
Rendered 884/3714, time remaining: 1m 37s
Rendered 885/3714, time remaining: 1m 35s
Rendered 886/3714, time remaining: 1m 34s
Rendered 887/3714, time remaining: 1m 33s
Rendered 888/3714, time remaining: 1m 32s
Rendered 889/3714, time remaining: 1m 34s
Rendered 890/3714, time remaining: 1m 35s
Rendered 891/3714, time remaining: 1m 35s
Rendered 892/3714, time remaining: 1m 35s
Rendered 893/3714, time remaining: 1m 35s
Rendered 894/3714, time remaining: 1m 33s
Rendered 895/3714, time remaining: 1m 33s
Rendered 896/3714, time remaining: 1m 33s
Rendered 897/3714, time remaining: 1m 32s
Rendered 898/3714, time remaining: 1m 34s
Rendered 899/3714, time remaining: 1m 34s
Rendered 900/3714, time remaining: 1m 35s
Rendered 901/3714, time remaining: 1m 34s
Rendered 902/3714, time remaining: 1m 33s
Rendered 903/3714, time remaining: 1m 32s
Rendered 904/3714, time remaining: 1m 33s
Rendered 905/3714, time remaining: 1m 33s
Rendered 906/3714, time remaining: 1m 33s
Rendered 907/3714, time remaining: 1m 33s
Rendered 908/3714, time remaining: 1m 34s
Rendered 909/3714, time remaining: 1m 34s
Rendered 910/3714, time remaining: 1m 33s
Rendered 911/3714, time remaining: 1m 33s
Rendered 912/3714, time remaining: 1m 32s
Rendered 913/3714, time remaining: 1m 32s
Rendered 914/3714, time remaining: 1m 32s
Rendered 915/3714, time remaining: 1m 32s
Rendered 916/3714, time remaining: 1m 34s
Rendered 917/3714, time remaining: 1m 35s
Rendered 918/3714, time remaining: 1m 33s
Rendered 919/3714, time remaining: 1m 32s
Rendered 920/3714, time remaining: 1m 32s
Rendered 921/3714, time remaining: 1m 31s
Rendered 922/3714, time remaining: 1m 33s
Rendered 923/3714, time remaining: 1m 32s
Rendered 924/3714, time remaining: 1m 35s
Rendered 925/3714, time remaining: 1m 35s
Rendered 926/3714, time remaining: 1m 31s
Rendered 927/3714, time remaining: 1m 31s
Rendered 928/3714, time remaining: 1m 32s
Rendered 929/3714, time remaining: 1m 31s
Rendered 930/3714, time remaining: 1m 32s
Rendered 931/3714, time remaining: 1m 32s
Rendered 932/3714, time remaining: 1m 35s
Rendered 933/3714, time remaining: 1m 33s
Rendered 934/3714, time remaining: 1m 32s
Rendered 935/3714, time remaining: 1m 32s
Rendered 936/3714, time remaining: 1m 31s
Rendered 937/3714, time remaining: 1m 31s
Rendered 938/3714, time remaining: 1m 31s
Rendered 939/3714, time remaining: 1m 33s
Rendered 940/3714, time remaining: 1m 34s
Rendered 941/3714, time remaining: 1m 32s
Rendered 942/3714, time remaining: 1m 33s
Rendered 943/3714, time remaining: 1m 31s
Rendered 944/3714, time remaining: 1m 31s
Rendered 945/3714, time remaining: 1m 30s
Rendered 946/3714, time remaining: 1m 32s
Rendered 947/3714, time remaining: 1m 32s
Rendered 948/3714, time remaining: 1m 33s
Rendered 949/3714, time remaining: 1m 33s
Rendered 950/3714, time remaining: 1m 32s
Rendered 951/3714, time remaining: 1m 32s
Rendered 952/3714, time remaining: 1m 30s
Rendered 953/3714, time remaining: 1m 29s
Rendered 954/3714, time remaining: 1m 31s
Rendered 955/3714, time remaining: 1m 32s
Rendered 956/3714, time remaining: 1m 32s
Rendered 957/3714, time remaining: 1m 32s
Rendered 958/3714, time remaining: 1m 32s
Rendered 959/3714, time remaining: 1m 31s
Rendered 960/3714, time remaining: 1m 31s
Rendered 961/3714, time remaining: 1m 29s
Rendered 962/3714, time remaining: 1m 31s
Rendered 963/3714, time remaining: 1m 32s
Rendered 964/3714, time remaining: 1m 31s
Rendered 965/3714, time remaining: 1m 30s
Rendered 966/3714, time remaining: 1m 30s
Rendered 967/3714, time remaining: 1m 31s
Rendered 968/3714, time remaining: 1m 31s
Rendered 969/3714, time remaining: 1m 31s
Rendered 970/3714, time remaining: 1m 31s
Rendered 971/3714, time remaining: 1m 31s
Rendered 972/3714, time remaining: 1m 31s
Rendered 973/3714, time remaining: 1m 29s
Rendered 974/3714, time remaining: 1m 30s
Rendered 975/3714, time remaining: 1m 30s
Rendered 976/3714, time remaining: 1m 30s
Rendered 977/3714, time remaining: 1m 31s
Rendered 978/3714, time remaining: 1m 31s
Rendered 979/3714, time remaining: 1m 30s
Rendered 980/3714, time remaining: 1m 30s
Rendered 981/3714, time remaining: 1m 29s
Rendered 982/3714, time remaining: 1m 29s
Rendered 983/3714, time remaining: 1m 31s
Rendered 984/3714, time remaining: 1m 31s
Rendered 985/3714, time remaining: 1m 30s
Rendered 986/3714, time remaining: 1m 31s
Rendered 987/3714, time remaining: 1m 29s
Rendered 988/3714, time remaining: 1m 30s
Rendered 989/3714, time remaining: 1m 29s
Rendered 990/3714, time remaining: 1m 29s
Rendered 991/3714, time remaining: 1m 29s
Rendered 992/3714, time remaining: 1m 29s
Rendered 993/3714, time remaining: 1m 29s
Rendered 994/3714, time remaining: 1m 31s
Rendered 995/3714, time remaining: 1m 30s
Rendered 996/3714, time remaining: 1m 30s
Rendered 997/3714, time remaining: 1m 30s
Rendered 998/3714, time remaining: 1m 29s
Rendered 999/3714, time remaining: 1m 29s
Rendered 1000/3714, time remaining: 1m 28s
Rendered 1001/3714, time remaining: 1m 28s
Rendered 1002/3714, time remaining: 1m 30s
Rendered 1003/3714, time remaining: 1m 29s
Rendered 1004/3714, time remaining: 1m 29s
Rendered 1005/3714, time remaining: 1m 29s
Rendered 1006/3714, time remaining: 1m 29s
Rendered 1007/3714, time remaining: 1m 27s
Rendered 1008/3714, time remaining: 1m 27s
Rendered 1009/3714, time remaining: 1m 29s
Rendered 1010/3714, time remaining: 1m 30s
Rendered 1011/3714, time remaining: 1m 31s
Rendered 1012/3714, time remaining: 1m 29s
Rendered 1013/3714, time remaining: 1m 29s
Rendered 1014/3714, time remaining: 1m 29s
Rendered 1015/3714, time remaining: 1m 27s
Rendered 1016/3714, time remaining: 1m 27s
Rendered 1017/3714, time remaining: 1m 28s
Rendered 1018/3714, time remaining: 1m 29s
Rendered 1019/3714, time remaining: 1m 31s
Rendered 1020/3714, time remaining: 1m 31s
Rendered 1021/3714, time remaining: 1m 31s
Rendered 1022/3714, time remaining: 1m 31s
Rendered 1023/3714, time remaining: 1m 28s
Rendered 1024/3714, time remaining: 1m 28s
Rendered 1025/3714, time remaining: 1m 28s
Rendered 1026/3714, time remaining: 1m 29s
Rendered 1027/3714, time remaining: 1m 30s
Rendered 1028/3714, time remaining: 1m 31s
Rendered 1029/3714, time remaining: 1m 31s
Rendered 1030/3714, time remaining: 1m 31s
Rendered 1031/3714, time remaining: 1m 31s
Rendered 1032/3714, time remaining: 1m 29s
Rendered 1033/3714, time remaining: 1m 29s
Rendered 1034/3714, time remaining: 1m 28s
Rendered 1035/3714, time remaining: 1m 28s
Rendered 1036/3714, time remaining: 1m 31s
Rendered 1037/3714, time remaining: 1m 31s
Rendered 1038/3714, time remaining: 1m 31s
Rendered 1039/3714, time remaining: 1m 30s
Rendered 1040/3714, time remaining: 1m 30s
Rendered 1041/3714, time remaining: 1m 29s
Rendered 1042/3714, time remaining: 1m 29s
Rendered 1043/3714, time remaining: 1m 28s
Rendered 1044/3714, time remaining: 1m 31s
Rendered 1045/3714, time remaining: 1m 31s
Rendered 1046/3714, time remaining: 1m 31s
Rendered 1047/3714, time remaining: 1m 31s
Rendered 1048/3714, time remaining: 1m 29s
Rendered 1049/3714, time remaining: 1m 29s
Rendered 1050/3714, time remaining: 1m 28s
Rendered 1051/3714, time remaining: 1m 28s
Rendered 1052/3714, time remaining: 1m 30s
Rendered 1053/3714, time remaining: 1m 32s
Rendered 1054/3714, time remaining: 1m 31s
Rendered 1055/3714, time remaining: 1m 31s
Rendered 1056/3714, time remaining: 1m 31s
Rendered 1057/3714, time remaining: 1m 31s
Rendered 1058/3714, time remaining: 1m 29s
Rendered 1059/3714, time remaining: 1m 29s
Rendered 1060/3714, time remaining: 1m 29s
Rendered 1061/3714, time remaining: 1m 32s
Rendered 1062/3714, time remaining: 1m 32s
Rendered 1063/3714, time remaining: 1m 31s
Rendered 1064/3714, time remaining: 1m 30s
Rendered 1065/3714, time remaining: 1m 30s
Rendered 1066/3714, time remaining: 1m 30s
Rendered 1067/3714, time remaining: 1m 29s
Rendered 1068/3714, time remaining: 1m 29s
Rendered 1069/3714, time remaining: 1m 31s
Rendered 1070/3714, time remaining: 1m 31s
Rendered 1071/3714, time remaining: 1m 31s
Rendered 1072/3714, time remaining: 1m 30s
Rendered 1073/3714, time remaining: 1m 31s
Rendered 1074/3714, time remaining: 1m 28s
Rendered 1075/3714, time remaining: 1m 29s
Rendered 1076/3714, time remaining: 1m 30s
Rendered 1077/3714, time remaining: 1m 30s
Rendered 1078/3714, time remaining: 1m 30s
Rendered 1079/3714, time remaining: 1m 31s
Rendered 1080/3714, time remaining: 1m 30s
Rendered 1081/3714, time remaining: 1m 30s
Rendered 1082/3714, time remaining: 1m 28s
Rendered 1083/3714, time remaining: 1m 30s
Rendered 1084/3714, time remaining: 1m 30s
Rendered 1085/3714, time remaining: 1m 30s
Rendered 1086/3714, time remaining: 1m 29s
Rendered 1087/3714, time remaining: 1m 30s
Rendered 1088/3714, time remaining: 1m 30s
Rendered 1089/3714, time remaining: 1m 28s
Rendered 1090/3714, time remaining: 1m 28s
Rendered 1091/3714, time remaining: 1m 30s
Rendered 1092/3714, time remaining: 1m 30s
Rendered 1093/3714, time remaining: 1m 29s
Rendered 1094/3714, time remaining: 1m 30s
Rendered 1095/3714, time remaining: 1m 30s
Rendered 1096/3714, time remaining: 1m 28s
Rendered 1097/3714, time remaining: 1m 28s
Rendered 1098/3714, time remaining: 1m 29s
Rendered 1099/3714, time remaining: 1m 30s
Rendered 1100/3714, time remaining: 1m 29s
Rendered 1101/3714, time remaining: 1m 28s
Rendered 1102/3714, time remaining: 1m 29s
Rendered 1103/3714, time remaining: 1m 31s
Rendered 1104/3714, time remaining: 1m 29s
Rendered 1105/3714, time remaining: 1m 28s
Rendered 1106/3714, time remaining: 1m 30s
Rendered 1107/3714, time remaining: 1m 30s
Rendered 1108/3714, time remaining: 1m 29s
Rendered 1109/3714, time remaining: 1m 28s
Rendered 1110/3714, time remaining: 1m 29s
Rendered 1111/3714, time remaining: 1m 29s
Rendered 1112/3714, time remaining: 1m 28s
Rendered 1113/3714, time remaining: 1m 26s
Rendered 1114/3714, time remaining: 1m 29s
Rendered 1115/3714, time remaining: 1m 29s
Rendered 1116/3714, time remaining: 1m 29s
Rendered 1117/3714, time remaining: 1m 28s
Rendered 1118/3714, time remaining: 1m 29s
Rendered 1119/3714, time remaining: 1m 30s
Rendered 1120/3714, time remaining: 1m 28s
Rendered 1121/3714, time remaining: 1m 28s
Rendered 1122/3714, time remaining: 1m 28s
Rendered 1123/3714, time remaining: 1m 28s
Rendered 1124/3714, time remaining: 1m 28s
Rendered 1125/3714, time remaining: 1m 28s
Rendered 1126/3714, time remaining: 1m 29s
Rendered 1127/3714, time remaining: 1m 28s
Rendered 1128/3714, time remaining: 1m 28s
Rendered 1129/3714, time remaining: 1m 29s
Rendered 1130/3714, time remaining: 1m 29s
Rendered 1131/3714, time remaining: 1m 28s
Rendered 1132/3714, time remaining: 1m 28s
Rendered 1133/3714, time remaining: 1m 28s
Rendered 1134/3714, time remaining: 1m 28s
Rendered 1135/3714, time remaining: 1m 29s
Rendered 1136/3714, time remaining: 1m 28s
Rendered 1137/3714, time remaining: 1m 28s
Rendered 1138/3714, time remaining: 1m 28s
Rendered 1139/3714, time remaining: 1m 28s
Rendered 1140/3714, time remaining: 1m 28s
Rendered 1141/3714, time remaining: 1m 27s
Rendered 1142/3714, time remaining: 1m 29s
Rendered 1143/3714, time remaining: 1m 30s
Rendered 1144/3714, time remaining: 1m 28s
Rendered 1145/3714, time remaining: 1m 26s
Rendered 1146/3714, time remaining: 1m 27s
Rendered 1147/3714, time remaining: 1m 27s
Rendered 1148/3714, time remaining: 1m 29s
Rendered 1149/3714, time remaining: 1m 28s
Rendered 1150/3714, time remaining: 1m 29s
Rendered 1151/3714, time remaining: 1m 29s
Rendered 1152/3714, time remaining: 1m 27s
Rendered 1153/3714, time remaining: 1m 27s
Rendered 1154/3714, time remaining: 1m 27s
Rendered 1155/3714, time remaining: 1m 28s
Rendered 1156/3714, time remaining: 1m 28s
Rendered 1157/3714, time remaining: 1m 29s
Rendered 1158/3714, time remaining: 1m 29s
Rendered 1159/3714, time remaining: 1m 28s
Rendered 1160/3714, time remaining: 1m 28s
Rendered 1161/3714, time remaining: 1m 27s
Rendered 1162/3714, time remaining: 1m 26s
Rendered 1163/3714, time remaining: 1m 28s
Rendered 1164/3714, time remaining: 1m 28s
Rendered 1165/3714, time remaining: 1m 27s
Rendered 1166/3714, time remaining: 1m 30s
Rendered 1167/3714, time remaining: 1m 29s
Rendered 1168/3714, time remaining: 1m 28s
Rendered 1169/3714, time remaining: 1m 26s
Rendered 1170/3714, time remaining: 1m 25s
Rendered 1171/3714, time remaining: 1m 25s
Rendered 1172/3714, time remaining: 1m 26s
Rendered 1173/3714, time remaining: 1m 27s
Rendered 1174/3714, time remaining: 1m 29s
Rendered 1175/3714, time remaining: 1m 29s
Rendered 1176/3714, time remaining: 1m 28s
Rendered 1177/3714, time remaining: 1m 27s
Rendered 1178/3714, time remaining: 1m 26s
Rendered 1179/3714, time remaining: 1m 26s
Rendered 1180/3714, time remaining: 1m 26s
Rendered 1181/3714, time remaining: 1m 26s
Rendered 1182/3714, time remaining: 1m 26s
Rendered 1183/3714, time remaining: 1m 27s
Rendered 1184/3714, time remaining: 1m 27s
Rendered 1185/3714, time remaining: 1m 27s
Rendered 1186/3714, time remaining: 1m 26s
Rendered 1187/3714, time remaining: 1m 26s
Rendered 1188/3714, time remaining: 1m 25s
Rendered 1189/3714, time remaining: 1m 25s
Rendered 1190/3714, time remaining: 1m 25s
Rendered 1191/3714, time remaining: 1m 25s
Rendered 1192/3714, time remaining: 1m 26s
Rendered 1193/3714, time remaining: 1m 26s
Rendered 1194/3714, time remaining: 1m 26s
Rendered 1195/3714, time remaining: 1m 25s
Rendered 1196/3714, time remaining: 1m 25s
Rendered 1197/3714, time remaining: 1m 25s
Rendered 1198/3714, time remaining: 1m 26s
Rendered 1199/3714, time remaining: 1m 26s
Rendered 1200/3714, time remaining: 1m 26s
Rendered 1201/3714, time remaining: 1m 26s
Rendered 1202/3714, time remaining: 1m 26s
Rendered 1203/3714, time remaining: 1m 24s
Rendered 1204/3714, time remaining: 1m 24s
Rendered 1205/3714, time remaining: 1m 24s
Rendered 1206/3714, time remaining: 1m 25s
Rendered 1207/3714, time remaining: 1m 25s
Rendered 1208/3714, time remaining: 1m 25s
Rendered 1209/3714, time remaining: 1m 25s
Rendered 1210/3714, time remaining: 1m 25s
Rendered 1211/3714, time remaining: 1m 22s
Rendered 1212/3714, time remaining: 1m 22s
Rendered 1213/3714, time remaining: 1m 23s
Rendered 1214/3714, time remaining: 1m 25s
Rendered 1215/3714, time remaining: 1m 26s
Rendered 1216/3714, time remaining: 1m 24s
Rendered 1217/3714, time remaining: 1m 24s
Rendered 1218/3714, time remaining: 1m 25s
Rendered 1219/3714, time remaining: 1m 23s
Rendered 1220/3714, time remaining: 1m 22s
Rendered 1221/3714, time remaining: 1m 25s
Rendered 1222/3714, time remaining: 1m 25s
Rendered 1223/3714, time remaining: 1m 24s
Rendered 1224/3714, time remaining: 1m 24s
Rendered 1225/3714, time remaining: 1m 24s
Rendered 1226/3714, time remaining: 1m 22s
Rendered 1227/3714, time remaining: 1m 22s
Rendered 1228/3714, time remaining: 1m 24s
Rendered 1229/3714, time remaining: 1m 24s
Rendered 1230/3714, time remaining: 1m 25s
Rendered 1231/3714, time remaining: 1m 25s
Rendered 1232/3714, time remaining: 1m 24s
Rendered 1233/3714, time remaining: 1m 23s
Rendered 1234/3714, time remaining: 1m 23s
Rendered 1235/3714, time remaining: 1m 22s
Rendered 1236/3714, time remaining: 1m 23s
Rendered 1237/3714, time remaining: 1m 25s
Rendered 1238/3714, time remaining: 1m 25s
Rendered 1239/3714, time remaining: 1m 25s
Rendered 1240/3714, time remaining: 1m 24s
Rendered 1241/3714, time remaining: 1m 22s
Rendered 1242/3714, time remaining: 1m 22s
Rendered 1243/3714, time remaining: 1m 22s
Rendered 1244/3714, time remaining: 1m 23s
Rendered 1245/3714, time remaining: 1m 24s
Rendered 1246/3714, time remaining: 1m 24s
Rendered 1247/3714, time remaining: 1m 24s
Rendered 1248/3714, time remaining: 1m 22s
Rendered 1249/3714, time remaining: 1m 22s
Rendered 1250/3714, time remaining: 1m 22s
Rendered 1251/3714, time remaining: 1m 23s
Rendered 1252/3714, time remaining: 1m 23s
Rendered 1253/3714, time remaining: 1m 22s
Rendered 1254/3714, time remaining: 1m 23s
Rendered 1255/3714, time remaining: 1m 23s
Rendered 1256/3714, time remaining: 1m 21s
Rendered 1257/3714, time remaining: 1m 21s
Rendered 1258/3714, time remaining: 1m 21s
Rendered 1259/3714, time remaining: 1m 23s
Rendered 1260/3714, time remaining: 1m 23s
Rendered 1261/3714, time remaining: 1m 24s
Rendered 1262/3714, time remaining: 1m 24s
Rendered 1263/3714, time remaining: 1m 24s
Rendered 1264/3714, time remaining: 1m 23s
Rendered 1265/3714, time remaining: 1m 23s
Rendered 1266/3714, time remaining: 1m 23s
Rendered 1267/3714, time remaining: 1m 22s
Rendered 1268/3714, time remaining: 1m 22s
Rendered 1269/3714, time remaining: 1m 21s
Rendered 1270/3714, time remaining: 1m 21s
Rendered 1271/3714, time remaining: 1m 21s
Rendered 1272/3714, time remaining: 1m 23s
Rendered 1273/3714, time remaining: 1m 23s
Rendered 1274/3714, time remaining: 1m 23s
Rendered 1275/3714, time remaining: 1m 23s
Rendered 1276/3714, time remaining: 1m 22s
Rendered 1277/3714, time remaining: 1m 22s
Rendered 1278/3714, time remaining: 1m 22s
Rendered 1279/3714, time remaining: 1m 22s
Rendered 1280/3714, time remaining: 1m 22s
Rendered 1281/3714, time remaining: 1m 22s
Rendered 1282/3714, time remaining: 1m 22s
Rendered 1283/3714, time remaining: 1m 21s
Rendered 1284/3714, time remaining: 1m 21s
Rendered 1285/3714, time remaining: 1m 21s
Rendered 1286/3714, time remaining: 1m 22s
Rendered 1287/3714, time remaining: 1m 22s
Rendered 1288/3714, time remaining: 1m 22s
Rendered 1289/3714, time remaining: 1m 22s
Rendered 1290/3714, time remaining: 1m 23s
Rendered 1291/3714, time remaining: 1m 22s
Rendered 1292/3714, time remaining: 1m 21s
Rendered 1293/3714, time remaining: 1m 20s
Rendered 1294/3714, time remaining: 1m 22s
Rendered 1295/3714, time remaining: 1m 22s
Rendered 1296/3714, time remaining: 1m 22s
Rendered 1297/3714, time remaining: 1m 23s
Rendered 1298/3714, time remaining: 1m 20s
Rendered 1299/3714, time remaining: 1m 20s
Rendered 1300/3714, time remaining: 1m 20s
Rendered 1301/3714, time remaining: 1m 21s
Rendered 1302/3714, time remaining: 1m 21s
Rendered 1303/3714, time remaining: 1m 21s
Rendered 1304/3714, time remaining: 1m 23s
Rendered 1305/3714, time remaining: 1m 22s
Rendered 1306/3714, time remaining: 1m 21s
Rendered 1307/3714, time remaining: 1m 20s
Rendered 1308/3714, time remaining: 1m 21s
Rendered 1309/3714, time remaining: 1m 20s
Rendered 1310/3714, time remaining: 1m 19s
Rendered 1311/3714, time remaining: 1m 19s
Rendered 1312/3714, time remaining: 1m 22s
Rendered 1313/3714, time remaining: 1m 21s
Rendered 1314/3714, time remaining: 1m 21s
Rendered 1315/3714, time remaining: 1m 21s
Rendered 1316/3714, time remaining: 1m 19s
Rendered 1317/3714, time remaining: 1m 19s
Rendered 1318/3714, time remaining: 1m 19s
Rendered 1319/3714, time remaining: 1m 19s
Rendered 1320/3714, time remaining: 1m 21s
Rendered 1321/3714, time remaining: 1m 22s
Rendered 1322/3714, time remaining: 1m 22s
Rendered 1323/3714, time remaining: 1m 21s
Rendered 1324/3714, time remaining: 1m 19s
Rendered 1325/3714, time remaining: 1m 19s
Rendered 1326/3714, time remaining: 1m 19s
Rendered 1327/3714, time remaining: 1m 18s
Rendered 1328/3714, time remaining: 1m 18s
Rendered 1329/3714, time remaining: 1m 20s
Rendered 1330/3714, time remaining: 1m 20s
Rendered 1331/3714, time remaining: 1m 20s
Rendered 1332/3714, time remaining: 1m 21s
Rendered 1333/3714, time remaining: 1m 20s
Rendered 1334/3714, time remaining: 1m 19s
Rendered 1335/3714, time remaining: 1m 19s
Rendered 1336/3714, time remaining: 1m 18s
Rendered 1337/3714, time remaining: 1m 19s
Rendered 1338/3714, time remaining: 1m 19s
Rendered 1339/3714, time remaining: 1m 19s
Rendered 1340/3714, time remaining: 1m 20s
Rendered 1341/3714, time remaining: 1m 19s
Rendered 1342/3714, time remaining: 1m 20s
Rendered 1343/3714, time remaining: 1m 20s
Rendered 1344/3714, time remaining: 1m 18s
Rendered 1345/3714, time remaining: 1m 18s
Rendered 1346/3714, time remaining: 1m 18s
Rendered 1347/3714, time remaining: 1m 18s
Rendered 1348/3714, time remaining: 1m 18s
Rendered 1349/3714, time remaining: 1m 20s
Rendered 1350/3714, time remaining: 1m 20s
Rendered 1351/3714, time remaining: 1m 19s
Rendered 1352/3714, time remaining: 1m 17s
Rendered 1353/3714, time remaining: 1m 18s
Rendered 1354/3714, time remaining: 1m 18s
Rendered 1355/3714, time remaining: 1m 18s
Rendered 1356/3714, time remaining: 1m 18s
Rendered 1357/3714, time remaining: 1m 18s
Rendered 1358/3714, time remaining: 1m 19s
Rendered 1359/3714, time remaining: 1m 19s
Rendered 1360/3714, time remaining: 1m 19s
Rendered 1361/3714, time remaining: 1m 19s
Rendered 1362/3714, time remaining: 1m 18s
Rendered 1363/3714, time remaining: 1m 19s
Rendered 1364/3714, time remaining: 1m 18s
Rendered 1365/3714, time remaining: 1m 18s
Rendered 1366/3714, time remaining: 1m 18s
Rendered 1367/3714, time remaining: 1m 18s
Rendered 1368/3714, time remaining: 1m 18s
Rendered 1369/3714, time remaining: 1m 18s
Rendered 1370/3714, time remaining: 1m 18s
Rendered 1371/3714, time remaining: 1m 17s
Rendered 1372/3714, time remaining: 1m 18s
Rendered 1373/3714, time remaining: 1m 17s
Rendered 1374/3714, time remaining: 1m 18s
Rendered 1375/3714, time remaining: 1m 18s
Rendered 1376/3714, time remaining: 1m 18s
Rendered 1377/3714, time remaining: 1m 19s
Rendered 1378/3714, time remaining: 1m 18s
Rendered 1379/3714, time remaining: 1m 16s
Rendered 1380/3714, time remaining: 1m 16s
Rendered 1381/3714, time remaining: 1m 17s
Rendered 1382/3714, time remaining: 1m 17s
Rendered 1383/3714, time remaining: 1m 18s
Rendered 1384/3714, time remaining: 1m 18s
Rendered 1385/3714, time remaining: 1m 19s
Rendered 1386/3714, time remaining: 1m 18s
Rendered 1387/3714, time remaining: 1m 16s
Rendered 1388/3714, time remaining: 1m 16s
Rendered 1389/3714, time remaining: 1m 17s
Rendered 1390/3714, time remaining: 1m 17s
Rendered 1391/3714, time remaining: 1m 18s
Rendered 1392/3714, time remaining: 1m 18s
Rendered 1393/3714, time remaining: 1m 18s
Rendered 1394/3714, time remaining: 1m 17s
Rendered 1395/3714, time remaining: 1m 16s
Rendered 1396/3714, time remaining: 1m 16s
Rendered 1397/3714, time remaining: 1m 17s
Rendered 1398/3714, time remaining: 1m 17s
Rendered 1399/3714, time remaining: 1m 18s
Rendered 1400/3714, time remaining: 1m 18s
Rendered 1401/3714, time remaining: 1m 17s
Rendered 1402/3714, time remaining: 1m 16s
Rendered 1403/3714, time remaining: 1m 16s
Rendered 1404/3714, time remaining: 1m 16s
Rendered 1405/3714, time remaining: 1m 16s
Rendered 1406/3714, time remaining: 1m 16s
Rendered 1407/3714, time remaining: 1m 19s
Rendered 1408/3714, time remaining: 1m 18s
Rendered 1409/3714, time remaining: 1m 17s
Rendered 1410/3714, time remaining: 1m 17s
Rendered 1411/3714, time remaining: 1m 16s
Rendered 1412/3714, time remaining: 1m 16s
Rendered 1413/3714, time remaining: 1m 16s
Rendered 1414/3714, time remaining: 1m 15s
Rendered 1415/3714, time remaining: 1m 16s
Rendered 1416/3714, time remaining: 1m 17s
Rendered 1417/3714, time remaining: 1m 17s
Rendered 1418/3714, time remaining: 1m 16s
Rendered 1419/3714, time remaining: 1m 17s
Rendered 1420/3714, time remaining: 1m 17s
Rendered 1421/3714, time remaining: 1m 17s
Rendered 1422/3714, time remaining: 1m 15s
Rendered 1423/3714, time remaining: 1m 15s
Rendered 1424/3714, time remaining: 1m 17s
Rendered 1425/3714, time remaining: 1m 17s
Rendered 1426/3714, time remaining: 1m 16s
Rendered 1427/3714, time remaining: 1m 16s
Rendered 1428/3714, time remaining: 1m 16s
Rendered 1429/3714, time remaining: 1m 15s
Rendered 1430/3714, time remaining: 1m 15s
Rendered 1431/3714, time remaining: 1m 15s
Rendered 1432/3714, time remaining: 1m 17s
Rendered 1433/3714, time remaining: 1m 17s
Rendered 1434/3714, time remaining: 1m 17s
Rendered 1435/3714, time remaining: 1m 16s
Rendered 1436/3714, time remaining: 1m 15s
Rendered 1437/3714, time remaining: 1m 14s
Rendered 1438/3714, time remaining: 1m 14s
Rendered 1439/3714, time remaining: 1m 15s
Rendered 1440/3714, time remaining: 1m 16s
Rendered 1441/3714, time remaining: 1m 16s
Rendered 1442/3714, time remaining: 1m 16s
Rendered 1443/3714, time remaining: 1m 16s
Rendered 1444/3714, time remaining: 1m 14s
Rendered 1445/3714, time remaining: 1m 15s
Rendered 1446/3714, time remaining: 1m 16s
Rendered 1447/3714, time remaining: 1m 16s
Rendered 1448/3714, time remaining: 1m 16s
Rendered 1449/3714, time remaining: 1m 16s
Rendered 1450/3714, time remaining: 1m 17s
Rendered 1451/3714, time remaining: 1m 16s
Rendered 1452/3714, time remaining: 1m 16s
Rendered 1453/3714, time remaining: 1m 16s
Rendered 1454/3714, time remaining: 1m 14s
Rendered 1455/3714, time remaining: 1m 14s
Rendered 1456/3714, time remaining: 1m 15s
Rendered 1457/3714, time remaining: 1m 15s
Rendered 1458/3714, time remaining: 1m 16s
Rendered 1459/3714, time remaining: 1m 15s
Rendered 1460/3714, time remaining: 1m 16s
Rendered 1461/3714, time remaining: 1m 16s
Rendered 1462/3714, time remaining: 1m 14s
Rendered 1463/3714, time remaining: 1m 15s
Rendered 1464/3714, time remaining: 1m 15s
Rendered 1465/3714, time remaining: 1m 15s
Rendered 1466/3714, time remaining: 1m 16s
Rendered 1467/3714, time remaining: 1m 16s
Rendered 1468/3714, time remaining: 1m 17s
Rendered 1469/3714, time remaining: 1m 16s
Rendered 1470/3714, time remaining: 1m 14s
Rendered 1471/3714, time remaining: 1m 14s
Rendered 1472/3714, time remaining: 1m 14s
Rendered 1473/3714, time remaining: 1m 14s
Rendered 1474/3714, time remaining: 1m 14s
Rendered 1475/3714, time remaining: 1m 14s
Rendered 1476/3714, time remaining: 1m 15s
Rendered 1477/3714, time remaining: 1m 15s
Rendered 1478/3714, time remaining: 1m 15s
Rendered 1479/3714, time remaining: 1m 14s
Rendered 1480/3714, time remaining: 1m 14s
Rendered 1481/3714, time remaining: 1m 14s
Rendered 1482/3714, time remaining: 1m 14s
Rendered 1483/3714, time remaining: 1m 14s
Rendered 1484/3714, time remaining: 1m 14s
Rendered 1485/3714, time remaining: 1m 14s
Rendered 1486/3714, time remaining: 1m 14s
Rendered 1487/3714, time remaining: 1m 13s
Rendered 1488/3714, time remaining: 1m 14s
Rendered 1489/3714, time remaining: 1m 14s
Rendered 1490/3714, time remaining: 1m 14s
Rendered 1491/3714, time remaining: 1m 14s
Rendered 1492/3714, time remaining: 1m 14s
Rendered 1493/3714, time remaining: 1m 14s
Rendered 1494/3714, time remaining: 1m 15s
Rendered 1495/3714, time remaining: 1m 14s
Rendered 1496/3714, time remaining: 1m 14s
Rendered 1497/3714, time remaining: 1m 14s
Rendered 1498/3714, time remaining: 1m 13s
Rendered 1499/3714, time remaining: 1m 13s
Rendered 1500/3714, time remaining: 1m 13s
Rendered 1501/3714, time remaining: 1m 13s
Rendered 1502/3714, time remaining: 1m 14s
Rendered 1503/3714, time remaining: 1m 15s
Rendered 1504/3714, time remaining: 1m 15s
Rendered 1505/3714, time remaining: 1m 15s
Rendered 1506/3714, time remaining: 1m 12s
Rendered 1507/3714, time remaining: 1m 13s
Rendered 1508/3714, time remaining: 1m 13s
Rendered 1509/3714, time remaining: 1m 13s
Rendered 1510/3714, time remaining: 1m 14s
Rendered 1511/3714, time remaining: 1m 15s
Rendered 1512/3714, time remaining: 1m 15s
Rendered 1513/3714, time remaining: 1m 14s
Rendered 1514/3714, time remaining: 1m 12s
Rendered 1515/3714, time remaining: 1m 14s
Rendered 1516/3714, time remaining: 1m 13s
Rendered 1517/3714, time remaining: 1m 13s
Rendered 1518/3714, time remaining: 1m 13s
Rendered 1519/3714, time remaining: 1m 14s
Rendered 1520/3714, time remaining: 1m 14s
Rendered 1521/3714, time remaining: 1m 13s
Rendered 1522/3714, time remaining: 1m 13s
Rendered 1523/3714, time remaining: 1m 13s
Rendered 1524/3714, time remaining: 1m 12s
Rendered 1525/3714, time remaining: 1m 13s
Rendered 1526/3714, time remaining: 1m 13s
Rendered 1527/3714, time remaining: 1m 12s
Rendered 1528/3714, time remaining: 1m 13s
Rendered 1529/3714, time remaining: 1m 13s
Rendered 1530/3714, time remaining: 1m 15s
Rendered 1531/3714, time remaining: 1m 13s
Rendered 1532/3714, time remaining: 1m 13s
Rendered 1533/3714, time remaining: 1m 13s
Rendered 1534/3714, time remaining: 1m 13s
Rendered 1535/3714, time remaining: 1m 12s
Rendered 1536/3714, time remaining: 1m 12s
Rendered 1537/3714, time remaining: 1m 12s
Rendered 1538/3714, time remaining: 1m 12s
Rendered 1539/3714, time remaining: 1m 12s
Rendered 1540/3714, time remaining: 1m 14s
Rendered 1541/3714, time remaining: 1m 12s
Rendered 1542/3714, time remaining: 1m 12s
Rendered 1543/3714, time remaining: 1m 11s
Rendered 1544/3714, time remaining: 1m 13s
Rendered 1545/3714, time remaining: 1m 13s
Rendered 1546/3714, time remaining: 1m 13s
Rendered 1547/3714, time remaining: 1m 12s
Rendered 1548/3714, time remaining: 1m 12s
Rendered 1549/3714, time remaining: 1m 11s
Rendered 1550/3714, time remaining: 1m 11s
Rendered 1551/3714, time remaining: 1m 11s
Rendered 1552/3714, time remaining: 1m 13s
Rendered 1553/3714, time remaining: 1m 13s
Rendered 1554/3714, time remaining: 1m 12s
Rendered 1555/3714, time remaining: 1m 13s
Rendered 1556/3714, time remaining: 1m 13s
Rendered 1557/3714, time remaining: 1m 11s
Rendered 1558/3714, time remaining: 1m 11s
Rendered 1559/3714, time remaining: 1m 12s
Rendered 1560/3714, time remaining: 1m 13s
Rendered 1561/3714, time remaining: 1m 12s
Rendered 1562/3714, time remaining: 1m 12s
Rendered 1563/3714, time remaining: 1m 12s
Rendered 1564/3714, time remaining: 1m 12s
Rendered 1565/3714, time remaining: 1m 11s
Rendered 1566/3714, time remaining: 1m 10s
Rendered 1567/3714, time remaining: 1m 12s
Rendered 1568/3714, time remaining: 1m 12s
Rendered 1569/3714, time remaining: 1m 11s
Rendered 1570/3714, time remaining: 1m 11s
Rendered 1571/3714, time remaining: 1m 12s
Rendered 1572/3714, time remaining: 1m 12s
Rendered 1573/3714, time remaining: 1m 12s
Rendered 1574/3714, time remaining: 1m 10s
Rendered 1575/3714, time remaining: 1m 11s
Rendered 1576/3714, time remaining: 1m 11s
Rendered 1577/3714, time remaining: 1m 10s
Rendered 1578/3714, time remaining: 1m 11s
Rendered 1579/3714, time remaining: 1m 12s
Rendered 1580/3714, time remaining: 1m 12s
Rendered 1581/3714, time remaining: 1m 12s
Rendered 1582/3714, time remaining: 1m 11s
Rendered 1583/3714, time remaining: 1m 10s
Rendered 1584/3714, time remaining: 1m 10s
Rendered 1585/3714, time remaining: 1m 10s
Rendered 1586/3714, time remaining: 1m 12s
Rendered 1587/3714, time remaining: 1m 12s
Rendered 1588/3714, time remaining: 1m 12s
Rendered 1589/3714, time remaining: 1m 11s
Rendered 1590/3714, time remaining: 1m 11s
Rendered 1591/3714, time remaining: 1m 10s
Rendered 1592/3714, time remaining: 1m 10s
Rendered 1593/3714, time remaining: 1m 10s
Rendered 1594/3714, time remaining: 1m 12s
Rendered 1595/3714, time remaining: 1m 11s
Rendered 1596/3714, time remaining: 1m 10s
Rendered 1597/3714, time remaining: 1m 10s
Rendered 1598/3714, time remaining: 1m 11s
Rendered 1599/3714, time remaining: 1m 10s
Rendered 1600/3714, time remaining: 1m 9s
Rendered 1601/3714, time remaining: 1m 10s
Rendered 1602/3714, time remaining: 1m 10s
Rendered 1603/3714, time remaining: 1m 10s
Rendered 1604/3714, time remaining: 1m 10s
Rendered 1605/3714, time remaining: 1m 10s
Rendered 1606/3714, time remaining: 1m 10s
Rendered 1607/3714, time remaining: 1m 11s
Rendered 1608/3714, time remaining: 1m 10s
Rendered 1609/3714, time remaining: 1m 10s
Rendered 1610/3714, time remaining: 1m 10s
Rendered 1611/3714, time remaining: 1m 10s
Rendered 1612/3714, time remaining: 1m 10s
Rendered 1613/3714, time remaining: 1m 9s
Rendered 1614/3714, time remaining: 1m 9s
Rendered 1615/3714, time remaining: 1m 9s
Rendered 1616/3714, time remaining: 1m 8s
Rendered 1617/3714, time remaining: 1m 8s
Rendered 1618/3714, time remaining: 1m 7s
Rendered 1619/3714, time remaining: 1m 7s
Rendered 1620/3714, time remaining: 1m 7s
Rendered 1621/3714, time remaining: 1m 6s
Rendered 1622/3714, time remaining: 1m 6s
Rendered 1623/3714, time remaining: 1m 6s
Rendered 1624/3714, time remaining: 1m 6s
Rendered 1625/3714, time remaining: 1m 5s
Rendered 1626/3714, time remaining: 1m 4s
Rendered 1627/3714, time remaining: 1m 5s
Rendered 1628/3714, time remaining: 1m 5s
Rendered 1629/3714, time remaining: 1m 4s
Rendered 1630/3714, time remaining: 1m 4s
Rendered 1631/3714, time remaining: 1m 6s
Rendered 1632/3714, time remaining: 1m 4s
Rendered 1633/3714, time remaining: 1m 4s
Rendered 1634/3714, time remaining: 1m 4s
Rendered 1635/3714, time remaining: 1m 5s
Rendered 1636/3714, time remaining: 1m 5s
Rendered 1637/3714, time remaining: 1m 5s
Rendered 1638/3714, time remaining: 1m 4s
Rendered 1639/3714, time remaining: 1m 4s
Rendered 1640/3714, time remaining: 1m 3s
Rendered 1641/3714, time remaining: 1m 4s
Rendered 1642/3714, time remaining: 1m 3s
Rendered 1643/3714, time remaining: 1m 4s
Rendered 1644/3714, time remaining: 1m 4s
Rendered 1645/3714, time remaining: 1m 4s
Rendered 1646/3714, time remaining: 1m 4s
Rendered 1647/3714, time remaining: 1m 4s
Rendered 1648/3714, time remaining: 1m 4s
Rendered 1649/3714, time remaining: 1m 3s
Rendered 1650/3714, time remaining: 1m 3s
Rendered 1651/3714, time remaining: 1m 4s
Rendered 1652/3714, time remaining: 1m 4s
Rendered 1653/3714, time remaining: 1m 3s
Rendered 1654/3714, time remaining: 1m 3s
Rendered 1655/3714, time remaining: 1m 4s
Rendered 1656/3714, time remaining: 1m 4s
Rendered 1657/3714, time remaining: 1m 3s
Rendered 1658/3714, time remaining: 1m 3s
Rendered 1659/3714, time remaining: 1m 3s
Rendered 1660/3714, time remaining: 1m 3s
Rendered 1661/3714, time remaining: 1m 3s
Rendered 1662/3714, time remaining: 1m 2s
Rendered 1663/3714, time remaining: 1m 3s
Rendered 1664/3714, time remaining: 1m 4s
Rendered 1665/3714, time remaining: 1m 2s
Rendered 1666/3714, time remaining: 1m 2s
Rendered 1667/3714, time remaining: 1m 2s
Rendered 1668/3714, time remaining: 1m 3s
Rendered 1669/3714, time remaining: 1m 2s
Rendered 1670/3714, time remaining: 1m 2s
Rendered 1671/3714, time remaining: 1m 3s
Rendered 1672/3714, time remaining: 1m 2s
Rendered 1673/3714, time remaining: 1m 2s
Rendered 1674/3714, time remaining: 1m 2s
Rendered 1675/3714, time remaining: 1m 2s
Rendered 1676/3714, time remaining: 1m 3s
Rendered 1677/3714, time remaining: 1m 3s
Rendered 1678/3714, time remaining: 1m 2s
Rendered 1679/3714, time remaining: 1m 2s
Rendered 1680/3714, time remaining: 1m 1s
Rendered 1681/3714, time remaining: 1m 1s
Rendered 1682/3714, time remaining: 1m 1s
Rendered 1683/3714, time remaining: 1m 2s
Rendered 1684/3714, time remaining: 1m 2s
Rendered 1685/3714, time remaining: 1m 2s
Rendered 1686/3714, time remaining: 1m 2s
Rendered 1687/3714, time remaining: 1m 2s
Rendered 1688/3714, time remaining: 1m 3s
Rendered 1689/3714, time remaining: 1m 2s
Rendered 1690/3714, time remaining: 1m 0s
Rendered 1691/3714, time remaining: 1m 2s
Rendered 1692/3714, time remaining: 1m 3s
Rendered 1693/3714, time remaining: 1m 2s
Rendered 1694/3714, time remaining: 1m 1s
Rendered 1695/3714, time remaining: 1m 1s
Rendered 1696/3714, time remaining: 1m 1s
Rendered 1697/3714, time remaining: 1m 1s
Rendered 1698/3714, time remaining: 1m 1s
Rendered 1699/3714, time remaining: 1m 2s
Rendered 1700/3714, time remaining: 1m 2s
Rendered 1701/3714, time remaining: 1m 2s
Rendered 1702/3714, time remaining: 1m 0s
Rendered 1703/3714, time remaining: 1m 0s
Rendered 1704/3714, time remaining: 1m 1s
Rendered 1705/3714, time remaining: 1m 1s
Rendered 1706/3714, time remaining: 1m 1s
Rendered 1707/3714, time remaining: 1m 1s
Rendered 1708/3714, time remaining: 1m 1s
Rendered 1709/3714, time remaining: 1m 0s
Rendered 1710/3714, time remaining: 1m 0s
Rendered 1711/3714, time remaining: 1m 1s
Rendered 1712/3714, time remaining: 1m 1s
Rendered 1713/3714, time remaining: 1m 0s
Rendered 1714/3714, time remaining: 1m 0s
Rendered 1715/3714, time remaining: 1m 1s
Rendered 1716/3714, time remaining: 1m 1s
Rendered 1717/3714, time remaining: 1m 1s
Rendered 1718/3714, time remaining: 1m 1s
Rendered 1719/3714, time remaining: 1m 0s
Rendered 1720/3714, time remaining: 1m 0s
Rendered 1721/3714, time remaining: 1m 0s
Rendered 1722/3714, time remaining: 1m 0s
Rendered 1723/3714, time remaining: 1m 0s
Rendered 1724/3714, time remaining: 1m 0s
Rendered 1725/3714, time remaining: 1m 1s
Rendered 1726/3714, time remaining: 1m 2s
Rendered 1727/3714, time remaining: 1m 2s
Rendered 1728/3714, time remaining: 1m 1s
Rendered 1729/3714, time remaining: 1m 0s
Rendered 1730/3714, time remaining: 1m 0s
Rendered 1731/3714, time remaining: 1m 0s
Rendered 1732/3714, time remaining: 59s
Rendered 1733/3714, time remaining: 59s
Rendered 1734/3714, time remaining: 1m 1s
Rendered 1735/3714, time remaining: 1m 2s
Rendered 1736/3714, time remaining: 1m 0s
Rendered 1737/3714, time remaining: 59s
Rendered 1738/3714, time remaining: 59s
Rendered 1739/3714, time remaining: 59s
Rendered 1740/3714, time remaining: 59s
Rendered 1741/3714, time remaining: 1m 0s
Rendered 1742/3714, time remaining: 1m 1s
Rendered 1743/3714, time remaining: 1m 1s
Rendered 1744/3714, time remaining: 59s
Rendered 1745/3714, time remaining: 59s
Rendered 1746/3714, time remaining: 59s
Rendered 1747/3714, time remaining: 58s
Rendered 1748/3714, time remaining: 58s
Rendered 1749/3714, time remaining: 1m 1s
Rendered 1750/3714, time remaining: 1m 1s
Rendered 1751/3714, time remaining: 1m 0s
Rendered 1752/3714, time remaining: 59s
Rendered 1753/3714, time remaining: 59s
Rendered 1754/3714, time remaining: 1m 0s
Rendered 1755/3714, time remaining: 1m 0s
Rendered 1756/3714, time remaining: 59s
Rendered 1757/3714, time remaining: 1m 0s
Rendered 1758/3714, time remaining: 1m 0s
Rendered 1759/3714, time remaining: 1m 0s
Rendered 1760/3714, time remaining: 1m 0s
Rendered 1761/3714, time remaining: 1m 0s
Rendered 1762/3714, time remaining: 59s
Rendered 1763/3714, time remaining: 59s
Rendered 1764/3714, time remaining: 1m 0s
Rendered 1765/3714, time remaining: 1m 1s
Rendered 1766/3714, time remaining: 1m 1s
Rendered 1767/3714, time remaining: 1m 1s
Rendered 1768/3714, time remaining: 1m 2s
Rendered 1769/3714, time remaining: 1m 1s
Rendered 1770/3714, time remaining: 1m 1s
Rendered 1771/3714, time remaining: 1m 1s
Rendered 1772/3714, time remaining: 1m 2s
Rendered 1773/3714, time remaining: 1m 3s
Rendered 1774/3714, time remaining: 1m 4s
Rendered 1775/3714, time remaining: 1m 4s
Rendered 1776/3714, time remaining: 1m 4s
Rendered 1777/3714, time remaining: 1m 3s
Rendered 1778/3714, time remaining: 1m 3s
Rendered 1779/3714, time remaining: 1m 3s
Rendered 1780/3714, time remaining: 1m 3s
Rendered 1781/3714, time remaining: 1m 2s
Rendered 1782/3714, time remaining: 1m 4s
Rendered 1783/3714, time remaining: 1m 4s
Rendered 1784/3714, time remaining: 1m 4s
Rendered 1785/3714, time remaining: 1m 3s
Rendered 1786/3714, time remaining: 1m 3s
Rendered 1787/3714, time remaining: 1m 3s
Rendered 1788/3714, time remaining: 1m 3s
Rendered 1789/3714, time remaining: 1m 3s
Rendered 1790/3714, time remaining: 1m 4s
Rendered 1791/3714, time remaining: 1m 4s
Rendered 1792/3714, time remaining: 1m 4s
Rendered 1793/3714, time remaining: 1m 3s
Rendered 1794/3714, time remaining: 1m 3s
Rendered 1795/3714, time remaining: 1m 3s
Rendered 1796/3714, time remaining: 1m 3s
Rendered 1797/3714, time remaining: 1m 3s
Rendered 1798/3714, time remaining: 1m 4s
Rendered 1799/3714, time remaining: 1m 5s
Rendered 1800/3714, time remaining: 1m 4s
Rendered 1801/3714, time remaining: 1m 3s
Rendered 1802/3714, time remaining: 1m 3s
Rendered 1803/3714, time remaining: 1m 3s
Rendered 1804/3714, time remaining: 1m 3s
Rendered 1805/3714, time remaining: 1m 2s
Rendered 1806/3714, time remaining: 1m 3s
Rendered 1807/3714, time remaining: 1m 4s
Rendered 1808/3714, time remaining: 1m 4s
Rendered 1809/3714, time remaining: 1m 3s
Rendered 1810/3714, time remaining: 1m 2s
Rendered 1811/3714, time remaining: 1m 3s
Rendered 1812/3714, time remaining: 1m 3s
Rendered 1813/3714, time remaining: 1m 3s
Rendered 1814/3714, time remaining: 1m 2s
Rendered 1815/3714, time remaining: 1m 2s
Rendered 1816/3714, time remaining: 1m 2s
Rendered 1817/3714, time remaining: 1m 3s
Rendered 1818/3714, time remaining: 1m 4s
Rendered 1819/3714, time remaining: 1m 3s
Rendered 1820/3714, time remaining: 1m 3s
Rendered 1821/3714, time remaining: 1m 3s
Rendered 1822/3714, time remaining: 1m 2s
Rendered 1823/3714, time remaining: 1m 2s
Rendered 1824/3714, time remaining: 1m 3s
Rendered 1825/3714, time remaining: 1m 2s
Rendered 1826/3714, time remaining: 1m 2s
Rendered 1827/3714, time remaining: 1m 2s
Rendered 1828/3714, time remaining: 1m 3s
Rendered 1829/3714, time remaining: 1m 3s
Rendered 1830/3714, time remaining: 1m 2s
Rendered 1831/3714, time remaining: 1m 3s
Rendered 1832/3714, time remaining: 1m 4s
Rendered 1833/3714, time remaining: 1m 1s
Rendered 1834/3714, time remaining: 1m 2s
Rendered 1835/3714, time remaining: 1m 2s
Rendered 1836/3714, time remaining: 1m 2s
Rendered 1837/3714, time remaining: 1m 3s
Rendered 1838/3714, time remaining: 1m 3s
Rendered 1839/3714, time remaining: 1m 3s
Rendered 1840/3714, time remaining: 1m 3s
Rendered 1841/3714, time remaining: 1m 1s
Rendered 1842/3714, time remaining: 1m 1s
Rendered 1843/3714, time remaining: 1m 1s
Rendered 1844/3714, time remaining: 1m 2s
Rendered 1845/3714, time remaining: 1m 3s
Rendered 1846/3714, time remaining: 1m 3s
Rendered 1847/3714, time remaining: 1m 3s
Rendered 1848/3714, time remaining: 1m 2s
Rendered 1849/3714, time remaining: 1m 2s
Rendered 1850/3714, time remaining: 1m 1s
Rendered 1851/3714, time remaining: 1m 1s
Rendered 1852/3714, time remaining: 1m 1s
Rendered 1853/3714, time remaining: 1m 3s
Rendered 1854/3714, time remaining: 1m 2s
Rendered 1855/3714, time remaining: 1m 2s
Rendered 1856/3714, time remaining: 1m 2s
Rendered 1857/3714, time remaining: 1m 2s
Rendered 1858/3714, time remaining: 1m 3s
Rendered 1859/3714, time remaining: 1m 3s
Rendered 1860/3714, time remaining: 1m 2s
Rendered 1861/3714, time remaining: 1m 1s
Rendered 1862/3714, time remaining: 1m 1s
Rendered 1863/3714, time remaining: 1m 1s
Rendered 1864/3714, time remaining: 1m 1s
Rendered 1865/3714, time remaining: 1m 2s
Rendered 1866/3714, time remaining: 1m 2s
Rendered 1867/3714, time remaining: 1m 1s
Rendered 1868/3714, time remaining: 1m 1s
Rendered 1869/3714, time remaining: 1m 2s
Rendered 1870/3714, time remaining: 1m 2s
Rendered 1871/3714, time remaining: 1m 2s
Rendered 1872/3714, time remaining: 1m 2s
Rendered 1873/3714, time remaining: 1m 2s
Rendered 1874/3714, time remaining: 1m 2s
Rendered 1875/3714, time remaining: 1m 0s
Rendered 1876/3714, time remaining: 1m 1s
Rendered 1877/3714, time remaining: 1m 1s
Rendered 1878/3714, time remaining: 1m 1s
Rendered 1879/3714, time remaining: 1m 1s
Rendered 1880/3714, time remaining: 1m 1s
Rendered 1881/3714, time remaining: 1m 1s
Rendered 1882/3714, time remaining: 1m 1s
Rendered 1883/3714, time remaining: 1m 1s
Rendered 1884/3714, time remaining: 1m 1s
Rendered 1885/3714, time remaining: 1m 0s
Rendered 1886/3714, time remaining: 1m 1s
Rendered 1887/3714, time remaining: 1m 1s
Rendered 1888/3714, time remaining: 1m 1s
Rendered 1889/3714, time remaining: 1m 1s
Rendered 1890/3714, time remaining: 1m 1s
Rendered 1891/3714, time remaining: 1m 0s
Rendered 1892/3714, time remaining: 1m 0s
Rendered 1893/3714, time remaining: 1m 0s
Rendered 1894/3714, time remaining: 1m 0s
Rendered 1895/3714, time remaining: 1m 0s
Rendered 1896/3714, time remaining: 1m 0s
Rendered 1897/3714, time remaining: 1m 2s
Rendered 1898/3714, time remaining: 1m 2s
Rendered 1899/3714, time remaining: 59s
Rendered 1900/3714, time remaining: 59s
Rendered 1901/3714, time remaining: 59s
Rendered 1902/3714, time remaining: 1m 0s
Rendered 1903/3714, time remaining: 1m 0s
Rendered 1904/3714, time remaining: 59s
Rendered 1905/3714, time remaining: 1m 0s
Rendered 1906/3714, time remaining: 1m 1s
Rendered 1907/3714, time remaining: 59s
Rendered 1908/3714, time remaining: 59s
Rendered 1909/3714, time remaining: 59s
Rendered 1910/3714, time remaining: 59s
Rendered 1911/3714, time remaining: 59s
Rendered 1912/3714, time remaining: 59s
Rendered 1913/3714, time remaining: 1m 1s
Rendered 1914/3714, time remaining: 1m 0s
Rendered 1915/3714, time remaining: 58s
Rendered 1916/3714, time remaining: 59s
Rendered 1917/3714, time remaining: 59s
Rendered 1918/3714, time remaining: 58s
Rendered 1919/3714, time remaining: 58s
Rendered 1920/3714, time remaining: 59s
Rendered 1921/3714, time remaining: 1m 0s
Rendered 1922/3714, time remaining: 59s
Rendered 1923/3714, time remaining: 58s
Rendered 1924/3714, time remaining: 59s
Rendered 1925/3714, time remaining: 59s
Rendered 1926/3714, time remaining: 59s
Rendered 1927/3714, time remaining: 59s
Rendered 1928/3714, time remaining: 59s
Rendered 1929/3714, time remaining: 59s
Rendered 1930/3714, time remaining: 59s
Rendered 1931/3714, time remaining: 59s
Rendered 1932/3714, time remaining: 59s
Rendered 1933/3714, time remaining: 58s
Rendered 1934/3714, time remaining: 58s
Rendered 1935/3714, time remaining: 58s
Rendered 1936/3714, time remaining: 58s
Rendered 1937/3714, time remaining: 59s
Rendered 1938/3714, time remaining: 59s
Rendered 1939/3714, time remaining: 59s
Rendered 1940/3714, time remaining: 59s
Rendered 1941/3714, time remaining: 58s
Rendered 1942/3714, time remaining: 58s
Rendered 1943/3714, time remaining: 58s
Rendered 1944/3714, time remaining: 58s
Rendered 1945/3714, time remaining: 58s
Rendered 1946/3714, time remaining: 58s
Rendered 1947/3714, time remaining: 58s
Rendered 1948/3714, time remaining: 59s
Rendered 1949/3714, time remaining: 58s
Rendered 1950/3714, time remaining: 58s
Rendered 1951/3714, time remaining: 58s
Rendered 1952/3714, time remaining: 58s
Rendered 1953/3714, time remaining: 58s
Rendered 1954/3714, time remaining: 58s
Rendered 1955/3714, time remaining: 58s
Rendered 1956/3714, time remaining: 58s
Rendered 1957/3714, time remaining: 58s
Rendered 1958/3714, time remaining: 58s
Rendered 1959/3714, time remaining: 59s
Rendered 1960/3714, time remaining: 58s
Rendered 1961/3714, time remaining: 58s
Rendered 1962/3714, time remaining: 58s
Rendered 1963/3714, time remaining: 57s
Rendered 1964/3714, time remaining: 58s
Rendered 1965/3714, time remaining: 58s
Rendered 1966/3714, time remaining: 58s
Rendered 1967/3714, time remaining: 58s
Rendered 1968/3714, time remaining: 57s
Rendered 1969/3714, time remaining: 57s
Rendered 1970/3714, time remaining: 58s
Rendered 1971/3714, time remaining: 57s
Rendered 1972/3714, time remaining: 57s
Rendered 1973/3714, time remaining: 57s
Rendered 1974/3714, time remaining: 57s
Rendered 1975/3714, time remaining: 57s
Rendered 1976/3714, time remaining: 57s
Rendered 1977/3714, time remaining: 58s
Rendered 1978/3714, time remaining: 57s
Rendered 1979/3714, time remaining: 57s
Rendered 1980/3714, time remaining: 58s
Rendered 1981/3714, time remaining: 58s
Rendered 1982/3714, time remaining: 57s
Rendered 1983/3714, time remaining: 57s
Rendered 1984/3714, time remaining: 57s
Rendered 1985/3714, time remaining: 57s
Rendered 1986/3714, time remaining: 57s
Rendered 1987/3714, time remaining: 56s
Rendered 1988/3714, time remaining: 56s
Rendered 1989/3714, time remaining: 57s
Rendered 1990/3714, time remaining: 57s
Rendered 1991/3714, time remaining: 57s
Rendered 1992/3714, time remaining: 57s
Rendered 1993/3714, time remaining: 57s
Rendered 1994/3714, time remaining: 57s
Rendered 1995/3714, time remaining: 56s
Rendered 1996/3714, time remaining: 57s
Rendered 1997/3714, time remaining: 57s
Rendered 1998/3714, time remaining: 56s
Rendered 1999/3714, time remaining: 56s
Rendered 2000/3714, time remaining: 56s
Rendered 2001/3714, time remaining: 56s
Rendered 2002/3714, time remaining: 58s
Rendered 2003/3714, time remaining: 56s
Rendered 2004/3714, time remaining: 56s
Rendered 2005/3714, time remaining: 56s
Rendered 2006/3714, time remaining: 56s
Rendered 2007/3714, time remaining: 56s
Rendered 2008/3714, time remaining: 56s
Rendered 2009/3714, time remaining: 56s
Rendered 2010/3714, time remaining: 57s
Rendered 2011/3714, time remaining: 56s
Rendered 2012/3714, time remaining: 56s
Rendered 2013/3714, time remaining: 56s
Rendered 2014/3714, time remaining: 57s
Rendered 2015/3714, time remaining: 55s
Rendered 2016/3714, time remaining: 55s
Rendered 2017/3714, time remaining: 56s
Rendered 2018/3714, time remaining: 56s
Rendered 2019/3714, time remaining: 55s
Rendered 2020/3714, time remaining: 55s
Rendered 2021/3714, time remaining: 56s
Rendered 2022/3714, time remaining: 56s
Rendered 2023/3714, time remaining: 55s
Rendered 2024/3714, time remaining: 57s
Rendered 2025/3714, time remaining: 56s
Rendered 2026/3714, time remaining: 56s
Rendered 2027/3714, time remaining: 55s
Rendered 2028/3714, time remaining: 55s
Rendered 2029/3714, time remaining: 55s
Rendered 2030/3714, time remaining: 55s
Rendered 2031/3714, time remaining: 56s
Rendered 2032/3714, time remaining: 56s
Rendered 2033/3714, time remaining: 57s
Rendered 2034/3714, time remaining: 55s
Rendered 2035/3714, time remaining: 55s
Rendered 2036/3714, time remaining: 55s
Rendered 2037/3714, time remaining: 55s
Rendered 2038/3714, time remaining: 55s
Rendered 2039/3714, time remaining: 55s
Rendered 2040/3714, time remaining: 55s
Rendered 2041/3714, time remaining: 56s
Rendered 2042/3714, time remaining: 55s
Rendered 2043/3714, time remaining: 56s
Rendered 2044/3714, time remaining: 55s
Rendered 2045/3714, time remaining: 56s
Rendered 2046/3714, time remaining: 56s
Rendered 2047/3714, time remaining: 54s
Rendered 2048/3714, time remaining: 55s
Rendered 2049/3714, time remaining: 55s
Rendered 2050/3714, time remaining: 55s
Rendered 2051/3714, time remaining: 55s
Rendered 2052/3714, time remaining: 55s
Rendered 2053/3714, time remaining: 55s
Rendered 2054/3714, time remaining: 55s
Rendered 2055/3714, time remaining: 55s
Rendered 2056/3714, time remaining: 54s
Rendered 2057/3714, time remaining: 55s
Rendered 2058/3714, time remaining: 55s
Rendered 2059/3714, time remaining: 55s
Rendered 2060/3714, time remaining: 54s
Rendered 2061/3714, time remaining: 54s
Rendered 2062/3714, time remaining: 54s
Rendered 2063/3714, time remaining: 54s
Rendered 2064/3714, time remaining: 54s
Rendered 2065/3714, time remaining: 54s
Rendered 2066/3714, time remaining: 55s
Rendered 2067/3714, time remaining: 55s
Rendered 2068/3714, time remaining: 55s
Rendered 2069/3714, time remaining: 55s
Rendered 2070/3714, time remaining: 55s
Rendered 2071/3714, time remaining: 55s
Rendered 2072/3714, time remaining: 54s
Rendered 2073/3714, time remaining: 55s
Rendered 2074/3714, time remaining: 54s
Rendered 2075/3714, time remaining: 54s
Rendered 2076/3714, time remaining: 54s
Rendered 2077/3714, time remaining: 54s
Rendered 2078/3714, time remaining: 55s
Rendered 2079/3714, time remaining: 54s
Rendered 2080/3714, time remaining: 54s
Rendered 2081/3714, time remaining: 54s
Rendered 2082/3714, time remaining: 53s
Rendered 2083/3714, time remaining: 53s
Rendered 2084/3714, time remaining: 54s
Rendered 2085/3714, time remaining: 54s
Rendered 2086/3714, time remaining: 55s
Rendered 2087/3714, time remaining: 53s
Rendered 2088/3714, time remaining: 54s
Rendered 2089/3714, time remaining: 53s
Rendered 2090/3714, time remaining: 53s
Rendered 2091/3714, time remaining: 53s
Rendered 2092/3714, time remaining: 53s
Rendered 2093/3714, time remaining: 54s
Rendered 2094/3714, time remaining: 53s
Rendered 2095/3714, time remaining: 53s
Rendered 2096/3714, time remaining: 54s
Rendered 2097/3714, time remaining: 54s
Rendered 2098/3714, time remaining: 53s
Rendered 2099/3714, time remaining: 53s
Rendered 2100/3714, time remaining: 53s
Rendered 2101/3714, time remaining: 53s
Rendered 2102/3714, time remaining: 53s
Rendered 2103/3714, time remaining: 53s
Rendered 2104/3714, time remaining: 53s
Rendered 2105/3714, time remaining: 53s
Rendered 2106/3714, time remaining: 53s
Rendered 2107/3714, time remaining: 53s
Rendered 2108/3714, time remaining: 53s
Rendered 2109/3714, time remaining: 52s
Rendered 2110/3714, time remaining: 52s
Rendered 2111/3714, time remaining: 53s
Rendered 2112/3714, time remaining: 53s
Rendered 2113/3714, time remaining: 53s
Rendered 2114/3714, time remaining: 53s
Rendered 2115/3714, time remaining: 53s
Rendered 2116/3714, time remaining: 53s
Rendered 2117/3714, time remaining: 52s
Rendered 2118/3714, time remaining: 53s
Rendered 2119/3714, time remaining: 53s
Rendered 2120/3714, time remaining: 52s
Rendered 2121/3714, time remaining: 52s
Rendered 2122/3714, time remaining: 53s
Rendered 2123/3714, time remaining: 53s
Rendered 2124/3714, time remaining: 52s
Rendered 2125/3714, time remaining: 51s
Rendered 2126/3714, time remaining: 53s
Rendered 2127/3714, time remaining: 52s
Rendered 2128/3714, time remaining: 52s
Rendered 2129/3714, time remaining: 52s
Rendered 2130/3714, time remaining: 52s
Rendered 2131/3714, time remaining: 52s
Rendered 2132/3714, time remaining: 52s
Rendered 2133/3714, time remaining: 52s
Rendered 2134/3714, time remaining: 52s
Rendered 2135/3714, time remaining: 52s
Rendered 2136/3714, time remaining: 52s
Rendered 2137/3714, time remaining: 52s
Rendered 2138/3714, time remaining: 53s
Rendered 2139/3714, time remaining: 52s
Rendered 2140/3714, time remaining: 52s
Rendered 2141/3714, time remaining: 52s
Rendered 2142/3714, time remaining: 52s
Rendered 2143/3714, time remaining: 53s
Rendered 2144/3714, time remaining: 51s
Rendered 2145/3714, time remaining: 51s
Rendered 2146/3714, time remaining: 51s
Rendered 2147/3714, time remaining: 52s
Rendered 2148/3714, time remaining: 51s
Rendered 2149/3714, time remaining: 51s
Rendered 2150/3714, time remaining: 53s
Rendered 2151/3714, time remaining: 53s
Rendered 2152/3714, time remaining: 51s
Rendered 2153/3714, time remaining: 51s
Rendered 2154/3714, time remaining: 51s
Rendered 2155/3714, time remaining: 51s
Rendered 2156/3714, time remaining: 51s
Rendered 2157/3714, time remaining: 51s
Rendered 2158/3714, time remaining: 51s
Rendered 2159/3714, time remaining: 53s
Rendered 2160/3714, time remaining: 51s
Rendered 2161/3714, time remaining: 51s
Rendered 2162/3714, time remaining: 51s
Rendered 2163/3714, time remaining: 51s
Rendered 2164/3714, time remaining: 51s
Rendered 2165/3714, time remaining: 51s
Rendered 2166/3714, time remaining: 51s
Rendered 2167/3714, time remaining: 52s
Rendered 2168/3714, time remaining: 51s
Rendered 2169/3714, time remaining: 51s
Rendered 2170/3714, time remaining: 51s
Rendered 2171/3714, time remaining: 51s
Rendered 2172/3714, time remaining: 51s
Rendered 2173/3714, time remaining: 51s
Rendered 2174/3714, time remaining: 50s
Rendered 2175/3714, time remaining: 51s
Rendered 2176/3714, time remaining: 50s
Rendered 2177/3714, time remaining: 50s
Rendered 2178/3714, time remaining: 51s
Rendered 2179/3714, time remaining: 51s
Rendered 2180/3714, time remaining: 52s
Rendered 2181/3714, time remaining: 51s
Rendered 2182/3714, time remaining: 51s
Rendered 2183/3714, time remaining: 50s
Rendered 2184/3714, time remaining: 50s
Rendered 2185/3714, time remaining: 50s
Rendered 2186/3714, time remaining: 50s
Rendered 2187/3714, time remaining: 50s
Rendered 2188/3714, time remaining: 51s
Rendered 2189/3714, time remaining: 51s
Rendered 2190/3714, time remaining: 50s
Rendered 2191/3714, time remaining: 50s
Rendered 2192/3714, time remaining: 50s
Rendered 2193/3714, time remaining: 50s
Rendered 2194/3714, time remaining: 50s
Rendered 2195/3714, time remaining: 49s
Rendered 2196/3714, time remaining: 50s
Rendered 2197/3714, time remaining: 50s
Rendered 2198/3714, time remaining: 49s
Rendered 2199/3714, time remaining: 51s
Rendered 2200/3714, time remaining: 51s
Rendered 2201/3714, time remaining: 50s
Rendered 2202/3714, time remaining: 50s
Rendered 2203/3714, time remaining: 50s
Rendered 2204/3714, time remaining: 50s
Rendered 2205/3714, time remaining: 49s
Rendered 2206/3714, time remaining: 49s
Rendered 2207/3714, time remaining: 50s
Rendered 2208/3714, time remaining: 50s
Rendered 2209/3714, time remaining: 51s
Rendered 2210/3714, time remaining: 50s
Rendered 2211/3714, time remaining: 50s
Rendered 2212/3714, time remaining: 50s
Rendered 2213/3714, time remaining: 49s
Rendered 2214/3714, time remaining: 49s
Rendered 2215/3714, time remaining: 49s
Rendered 2216/3714, time remaining: 49s
Rendered 2217/3714, time remaining: 50s
Rendered 2218/3714, time remaining: 50s
Rendered 2219/3714, time remaining: 50s
Rendered 2220/3714, time remaining: 49s
Rendered 2221/3714, time remaining: 49s
Rendered 2222/3714, time remaining: 50s
Rendered 2223/3714, time remaining: 50s
Rendered 2224/3714, time remaining: 49s
Rendered 2225/3714, time remaining: 49s
Rendered 2226/3714, time remaining: 49s
Rendered 2227/3714, time remaining: 49s
Rendered 2228/3714, time remaining: 49s
Rendered 2229/3714, time remaining: 49s
Rendered 2230/3714, time remaining: 49s
Rendered 2231/3714, time remaining: 49s
Rendered 2232/3714, time remaining: 49s
Rendered 2233/3714, time remaining: 49s
Rendered 2234/3714, time remaining: 49s
Rendered 2235/3714, time remaining: 49s
Rendered 2236/3714, time remaining: 48s
Rendered 2237/3714, time remaining: 49s
Rendered 2238/3714, time remaining: 49s
Rendered 2239/3714, time remaining: 49s
Rendered 2240/3714, time remaining: 48s
Rendered 2241/3714, time remaining: 49s
Rendered 2242/3714, time remaining: 48s
Rendered 2243/3714, time remaining: 49s
Rendered 2244/3714, time remaining: 49s
Rendered 2245/3714, time remaining: 48s
Rendered 2246/3714, time remaining: 48s
Rendered 2247/3714, time remaining: 48s
Rendered 2248/3714, time remaining: 49s
Rendered 2249/3714, time remaining: 49s
Rendered 2250/3714, time remaining: 49s
Rendered 2251/3714, time remaining: 49s
Rendered 2252/3714, time remaining: 48s
Rendered 2253/3714, time remaining: 48s
Rendered 2254/3714, time remaining: 48s
Rendered 2255/3714, time remaining: 48s
Rendered 2256/3714, time remaining: 48s
Rendered 2257/3714, time remaining: 48s
Rendered 2258/3714, time remaining: 49s
Rendered 2259/3714, time remaining: 48s
Rendered 2260/3714, time remaining: 48s
Rendered 2261/3714, time remaining: 47s
Rendered 2262/3714, time remaining: 48s
Rendered 2263/3714, time remaining: 48s
Rendered 2264/3714, time remaining: 48s
Rendered 2265/3714, time remaining: 48s
Rendered 2266/3714, time remaining: 48s
Rendered 2267/3714, time remaining: 48s
Rendered 2268/3714, time remaining: 48s
Rendered 2269/3714, time remaining: 48s
Rendered 2270/3714, time remaining: 47s
Rendered 2271/3714, time remaining: 48s
Rendered 2272/3714, time remaining: 48s
Rendered 2273/3714, time remaining: 48s
Rendered 2274/3714, time remaining: 48s
Rendered 2275/3714, time remaining: 48s
Rendered 2276/3714, time remaining: 47s
Rendered 2277/3714, time remaining: 47s
Rendered 2278/3714, time remaining: 47s
Rendered 2279/3714, time remaining: 47s
Rendered 2280/3714, time remaining: 47s
Rendered 2281/3714, time remaining: 47s
Rendered 2282/3714, time remaining: 48s
Rendered 2283/3714, time remaining: 48s
Rendered 2284/3714, time remaining: 47s
Rendered 2285/3714, time remaining: 46s
Rendered 2286/3714, time remaining: 47s
Rendered 2287/3714, time remaining: 47s
Rendered 2288/3714, time remaining: 47s
Rendered 2289/3714, time remaining: 47s
Rendered 2290/3714, time remaining: 48s
Rendered 2291/3714, time remaining: 48s
Rendered 2292/3714, time remaining: 47s
Rendered 2293/3714, time remaining: 47s
Rendered 2294/3714, time remaining: 47s
Rendered 2295/3714, time remaining: 47s
Rendered 2296/3714, time remaining: 47s
Rendered 2297/3714, time remaining: 47s
Rendered 2298/3714, time remaining: 47s
Rendered 2299/3714, time remaining: 48s
Rendered 2300/3714, time remaining: 46s
Rendered 2301/3714, time remaining: 46s
Rendered 2302/3714, time remaining: 47s
Rendered 2303/3714, time remaining: 47s
Rendered 2304/3714, time remaining: 47s
Rendered 2305/3714, time remaining: 47s
Rendered 2306/3714, time remaining: 47s
Rendered 2307/3714, time remaining: 46s
Rendered 2308/3714, time remaining: 47s
Rendered 2309/3714, time remaining: 45s
Rendered 2310/3714, time remaining: 45s
Rendered 2311/3714, time remaining: 47s
Rendered 2312/3714, time remaining: 47s
Rendered 2313/3714, time remaining: 46s
Rendered 2314/3714, time remaining: 46s
Rendered 2315/3714, time remaining: 46s
Rendered 2316/3714, time remaining: 46s
Rendered 2317/3714, time remaining: 45s
Rendered 2318/3714, time remaining: 46s
Rendered 2319/3714, time remaining: 46s
Rendered 2320/3714, time remaining: 46s
Rendered 2321/3714, time remaining: 45s
Rendered 2322/3714, time remaining: 46s
Rendered 2323/3714, time remaining: 46s
Rendered 2324/3714, time remaining: 46s
Rendered 2325/3714, time remaining: 45s
Rendered 2326/3714, time remaining: 46s
Rendered 2327/3714, time remaining: 46s
Rendered 2328/3714, time remaining: 45s
Rendered 2329/3714, time remaining: 45s
Rendered 2330/3714, time remaining: 45s
Rendered 2331/3714, time remaining: 45s
Rendered 2332/3714, time remaining: 46s
Rendered 2333/3714, time remaining: 45s
Rendered 2334/3714, time remaining: 46s
Rendered 2335/3714, time remaining: 46s
Rendered 2336/3714, time remaining: 45s
Rendered 2337/3714, time remaining: 45s
Rendered 2338/3714, time remaining: 45s
Rendered 2339/3714, time remaining: 45s
Rendered 2340/3714, time remaining: 45s
Rendered 2341/3714, time remaining: 45s
Rendered 2342/3714, time remaining: 45s
Rendered 2343/3714, time remaining: 45s
Rendered 2344/3714, time remaining: 46s
Rendered 2345/3714, time remaining: 46s
Rendered 2346/3714, time remaining: 46s
Rendered 2347/3714, time remaining: 46s
Rendered 2348/3714, time remaining: 46s
Rendered 2349/3714, time remaining: 44s
Rendered 2350/3714, time remaining: 44s
Rendered 2351/3714, time remaining: 45s
Rendered 2352/3714, time remaining: 45s
Rendered 2353/3714, time remaining: 45s
Rendered 2354/3714, time remaining: 45s
Rendered 2355/3714, time remaining: 45s
Rendered 2356/3714, time remaining: 45s
Rendered 2357/3714, time remaining: 44s
Rendered 2358/3714, time remaining: 43s
Rendered 2359/3714, time remaining: 44s
Rendered 2360/3714, time remaining: 44s
Rendered 2361/3714, time remaining: 45s
Rendered 2362/3714, time remaining: 45s
Rendered 2363/3714, time remaining: 45s
Rendered 2364/3714, time remaining: 45s
Rendered 2365/3714, time remaining: 44s
Rendered 2366/3714, time remaining: 44s
Rendered 2367/3714, time remaining: 44s
Rendered 2368/3714, time remaining: 44s
Rendered 2369/3714, time remaining: 44s
Rendered 2370/3714, time remaining: 44s
Rendered 2371/3714, time remaining: 44s
Rendered 2372/3714, time remaining: 44s
Rendered 2373/3714, time remaining: 44s
Rendered 2374/3714, time remaining: 44s
Rendered 2375/3714, time remaining: 44s
Rendered 2376/3714, time remaining: 44s
Rendered 2377/3714, time remaining: 44s
Rendered 2378/3714, time remaining: 44s
Rendered 2379/3714, time remaining: 44s
Rendered 2380/3714, time remaining: 44s
Rendered 2381/3714, time remaining: 44s
Rendered 2382/3714, time remaining: 43s
Rendered 2383/3714, time remaining: 44s
Rendered 2384/3714, time remaining: 43s
Rendered 2385/3714, time remaining: 43s
Rendered 2386/3714, time remaining: 44s
Rendered 2387/3714, time remaining: 43s
Rendered 2388/3714, time remaining: 44s
Rendered 2389/3714, time remaining: 44s
Rendered 2390/3714, time remaining: 44s
Rendered 2391/3714, time remaining: 43s
Rendered 2392/3714, time remaining: 43s
Rendered 2393/3714, time remaining: 43s
Rendered 2394/3714, time remaining: 43s
Rendered 2395/3714, time remaining: 43s
Rendered 2396/3714, time remaining: 43s
Rendered 2397/3714, time remaining: 44s
Rendered 2398/3714, time remaining: 43s
Rendered 2399/3714, time remaining: 43s
Rendered 2400/3714, time remaining: 42s
Rendered 2401/3714, time remaining: 43s
Rendered 2402/3714, time remaining: 43s
Rendered 2403/3714, time remaining: 43s
Rendered 2404/3714, time remaining: 43s
Rendered 2405/3714, time remaining: 43s
Rendered 2406/3714, time remaining: 42s
Rendered 2407/3714, time remaining: 42s
Rendered 2408/3714, time remaining: 43s
Rendered 2409/3714, time remaining: 43s
Rendered 2410/3714, time remaining: 43s
Rendered 2411/3714, time remaining: 43s
Rendered 2412/3714, time remaining: 43s
Rendered 2413/3714, time remaining: 43s
Rendered 2414/3714, time remaining: 42s
Rendered 2415/3714, time remaining: 42s
Rendered 2416/3714, time remaining: 42s
Rendered 2417/3714, time remaining: 42s
Rendered 2418/3714, time remaining: 42s
Rendered 2419/3714, time remaining: 43s
Rendered 2420/3714, time remaining: 43s
Rendered 2421/3714, time remaining: 43s
Rendered 2422/3714, time remaining: 42s
Rendered 2423/3714, time remaining: 42s
Rendered 2424/3714, time remaining: 41s
Rendered 2425/3714, time remaining: 42s
Rendered 2426/3714, time remaining: 43s
Rendered 2427/3714, time remaining: 43s
Rendered 2428/3714, time remaining: 43s
Rendered 2429/3714, time remaining: 42s
Rendered 2430/3714, time remaining: 41s
Rendered 2431/3714, time remaining: 42s
Rendered 2432/3714, time remaining: 42s
Rendered 2433/3714, time remaining: 42s
Rendered 2434/3714, time remaining: 42s
Rendered 2435/3714, time remaining: 42s
Rendered 2436/3714, time remaining: 42s
Rendered 2437/3714, time remaining: 42s
Rendered 2438/3714, time remaining: 42s
Rendered 2439/3714, time remaining: 41s
Rendered 2440/3714, time remaining: 41s
Rendered 2441/3714, time remaining: 42s
Rendered 2442/3714, time remaining: 42s
Rendered 2443/3714, time remaining: 42s
Rendered 2444/3714, time remaining: 42s
Rendered 2445/3714, time remaining: 42s
Rendered 2446/3714, time remaining: 42s
Rendered 2447/3714, time remaining: 41s
Rendered 2448/3714, time remaining: 42s
Rendered 2449/3714, time remaining: 41s
Rendered 2450/3714, time remaining: 41s
Rendered 2451/3714, time remaining: 42s
Rendered 2452/3714, time remaining: 42s
Rendered 2453/3714, time remaining: 41s
Rendered 2454/3714, time remaining: 41s
Rendered 2455/3714, time remaining: 41s
Rendered 2456/3714, time remaining: 41s
Rendered 2457/3714, time remaining: 41s
Rendered 2458/3714, time remaining: 41s
Rendered 2459/3714, time remaining: 41s
Rendered 2460/3714, time remaining: 42s
Rendered 2461/3714, time remaining: 41s
Rendered 2462/3714, time remaining: 41s
Rendered 2463/3714, time remaining: 41s
Rendered 2464/3714, time remaining: 41s
Rendered 2465/3714, time remaining: 41s
Rendered 2466/3714, time remaining: 41s
Rendered 2467/3714, time remaining: 41s
Rendered 2468/3714, time remaining: 41s
Rendered 2469/3714, time remaining: 41s
Rendered 2470/3714, time remaining: 41s
Rendered 2471/3714, time remaining: 41s
Rendered 2472/3714, time remaining: 41s
Rendered 2473/3714, time remaining: 41s
Rendered 2474/3714, time remaining: 41s
Rendered 2475/3714, time remaining: 42s
Rendered 2476/3714, time remaining: 41s
Rendered 2477/3714, time remaining: 40s
Rendered 2478/3714, time remaining: 40s
Rendered 2479/3714, time remaining: 41s
Rendered 2480/3714, time remaining: 41s
Rendered 2481/3714, time remaining: 41s
Rendered 2482/3714, time remaining: 41s
Rendered 2483/3714, time remaining: 41s
Rendered 2484/3714, time remaining: 40s
Rendered 2485/3714, time remaining: 40s
Rendered 2486/3714, time remaining: 40s
Rendered 2487/3714, time remaining: 41s
Rendered 2488/3714, time remaining: 41s
Rendered 2489/3714, time remaining: 41s
Rendered 2490/3714, time remaining: 40s
Rendered 2491/3714, time remaining: 40s
Rendered 2492/3714, time remaining: 40s
Rendered 2493/3714, time remaining: 40s
Rendered 2494/3714, time remaining: 39s
Rendered 2495/3714, time remaining: 40s
Rendered 2496/3714, time remaining: 40s
Rendered 2497/3714, time remaining: 40s
Rendered 2498/3714, time remaining: 40s
Rendered 2499/3714, time remaining: 40s
Rendered 2500/3714, time remaining: 40s
Rendered 2501/3714, time remaining: 39s
Rendered 2502/3714, time remaining: 40s
Rendered 2503/3714, time remaining: 40s
Rendered 2504/3714, time remaining: 40s
Rendered 2505/3714, time remaining: 40s
Rendered 2506/3714, time remaining: 40s
Rendered 2507/3714, time remaining: 40s
Rendered 2508/3714, time remaining: 40s
Rendered 2509/3714, time remaining: 39s
Rendered 2510/3714, time remaining: 40s
Rendered 2511/3714, time remaining: 40s
Rendered 2512/3714, time remaining: 40s
Rendered 2513/3714, time remaining: 39s
Rendered 2514/3714, time remaining: 39s
Rendered 2515/3714, time remaining: 39s
Rendered 2516/3714, time remaining: 39s
Rendered 2517/3714, time remaining: 39s
Rendered 2518/3714, time remaining: 39s
Rendered 2519/3714, time remaining: 40s
Rendered 2520/3714, time remaining: 40s
Rendered 2521/3714, time remaining: 40s
Rendered 2522/3714, time remaining: 40s
Rendered 2523/3714, time remaining: 39s
Rendered 2524/3714, time remaining: 39s
Rendered 2525/3714, time remaining: 39s
Rendered 2526/3714, time remaining: 39s
Rendered 2527/3714, time remaining: 39s
Rendered 2528/3714, time remaining: 40s
Rendered 2529/3714, time remaining: 40s
Rendered 2530/3714, time remaining: 39s
Rendered 2531/3714, time remaining: 39s
Rendered 2532/3714, time remaining: 39s
Rendered 2533/3714, time remaining: 39s
Rendered 2534/3714, time remaining: 39s
Rendered 2535/3714, time remaining: 39s
Rendered 2536/3714, time remaining: 38s
Rendered 2537/3714, time remaining: 39s
Rendered 2538/3714, time remaining: 39s
Rendered 2539/3714, time remaining: 39s
Rendered 2540/3714, time remaining: 39s
Rendered 2541/3714, time remaining: 39s
Rendered 2542/3714, time remaining: 39s
Rendered 2543/3714, time remaining: 38s
Rendered 2544/3714, time remaining: 38s
Rendered 2545/3714, time remaining: 39s
Rendered 2546/3714, time remaining: 39s
Rendered 2547/3714, time remaining: 39s
Rendered 2548/3714, time remaining: 39s
Rendered 2549/3714, time remaining: 39s
Rendered 2550/3714, time remaining: 39s
Rendered 2551/3714, time remaining: 38s
Rendered 2552/3714, time remaining: 38s
Rendered 2553/3714, time remaining: 38s
Rendered 2554/3714, time remaining: 38s
Rendered 2555/3714, time remaining: 39s
Rendered 2556/3714, time remaining: 39s
Rendered 2557/3714, time remaining: 38s
Rendered 2558/3714, time remaining: 38s
Rendered 2559/3714, time remaining: 38s
Rendered 2560/3714, time remaining: 38s
Rendered 2561/3714, time remaining: 38s
Rendered 2562/3714, time remaining: 38s
Rendered 2563/3714, time remaining: 38s
Rendered 2564/3714, time remaining: 38s
Rendered 2565/3714, time remaining: 38s
Rendered 2566/3714, time remaining: 39s
Rendered 2567/3714, time remaining: 38s
Rendered 2568/3714, time remaining: 37s
Rendered 2569/3714, time remaining: 38s
Rendered 2570/3714, time remaining: 38s
Rendered 2571/3714, time remaining: 38s
Rendered 2572/3714, time remaining: 38s
Rendered 2573/3714, time remaining: 38s
Rendered 2574/3714, time remaining: 38s
Rendered 2575/3714, time remaining: 38s
Rendered 2576/3714, time remaining: 37s
Rendered 2577/3714, time remaining: 38s
Rendered 2578/3714, time remaining: 38s
Rendered 2579/3714, time remaining: 37s
Rendered 2580/3714, time remaining: 37s
Rendered 2581/3714, time remaining: 38s
Rendered 2582/3714, time remaining: 38s
Rendered 2583/3714, time remaining: 37s
Rendered 2584/3714, time remaining: 37s
Rendered 2585/3714, time remaining: 37s
Rendered 2586/3714, time remaining: 37s
Rendered 2587/3714, time remaining: 37s
Rendered 2588/3714, time remaining: 37s
Rendered 2589/3714, time remaining: 37s
Rendered 2590/3714, time remaining: 38s
Rendered 2591/3714, time remaining: 37s
Rendered 2592/3714, time remaining: 37s
Rendered 2593/3714, time remaining: 37s
Rendered 2594/3714, time remaining: 37s
Rendered 2595/3714, time remaining: 36s
Rendered 2596/3714, time remaining: 36s
Rendered 2597/3714, time remaining: 37s
Rendered 2598/3714, time remaining: 36s
Rendered 2599/3714, time remaining: 37s
Rendered 2600/3714, time remaining: 37s
Rendered 2601/3714, time remaining: 36s
Rendered 2602/3714, time remaining: 36s
Rendered 2603/3714, time remaining: 36s
Rendered 2604/3714, time remaining: 36s
Rendered 2605/3714, time remaining: 37s
Rendered 2606/3714, time remaining: 37s
Rendered 2607/3714, time remaining: 38s
Rendered 2608/3714, time remaining: 37s
Rendered 2609/3714, time remaining: 36s
Rendered 2610/3714, time remaining: 37s
Rendered 2611/3714, time remaining: 36s
Rendered 2612/3714, time remaining: 36s
Rendered 2613/3714, time remaining: 36s
Rendered 2614/3714, time remaining: 36s
Rendered 2615/3714, time remaining: 36s
Rendered 2616/3714, time remaining: 36s
Rendered 2617/3714, time remaining: 36s
Rendered 2618/3714, time remaining: 36s
Rendered 2619/3714, time remaining: 36s
Rendered 2620/3714, time remaining: 36s
Rendered 2621/3714, time remaining: 37s
Rendered 2622/3714, time remaining: 36s
Rendered 2623/3714, time remaining: 36s
Rendered 2624/3714, time remaining: 36s
Rendered 2625/3714, time remaining: 36s
Rendered 2626/3714, time remaining: 36s
Rendered 2627/3714, time remaining: 36s
Rendered 2628/3714, time remaining: 36s
Rendered 2629/3714, time remaining: 36s
Rendered 2630/3714, time remaining: 36s
Rendered 2631/3714, time remaining: 35s
Rendered 2632/3714, time remaining: 36s
Rendered 2633/3714, time remaining: 36s
Rendered 2634/3714, time remaining: 36s
Rendered 2635/3714, time remaining: 36s
Rendered 2636/3714, time remaining: 36s
Rendered 2637/3714, time remaining: 35s
Rendered 2638/3714, time remaining: 35s
Rendered 2639/3714, time remaining: 35s
Rendered 2640/3714, time remaining: 35s
Rendered 2641/3714, time remaining: 35s
Rendered 2642/3714, time remaining: 35s
Rendered 2643/3714, time remaining: 36s
Rendered 2644/3714, time remaining: 36s
Rendered 2645/3714, time remaining: 35s
Rendered 2646/3714, time remaining: 35s
Rendered 2647/3714, time remaining: 35s
Rendered 2648/3714, time remaining: 35s
Rendered 2649/3714, time remaining: 35s
Rendered 2650/3714, time remaining: 35s
Rendered 2651/3714, time remaining: 35s
Rendered 2652/3714, time remaining: 34s
Rendered 2653/3714, time remaining: 35s
Rendered 2654/3714, time remaining: 35s
Rendered 2655/3714, time remaining: 35s
Rendered 2656/3714, time remaining: 34s
Rendered 2657/3714, time remaining: 34s
Rendered 2658/3714, time remaining: 35s
Rendered 2659/3714, time remaining: 35s
Rendered 2660/3714, time remaining: 34s
Rendered 2661/3714, time remaining: 35s
Rendered 2662/3714, time remaining: 34s
Rendered 2663/3714, time remaining: 34s
Rendered 2664/3714, time remaining: 34s
Rendered 2665/3714, time remaining: 34s
Rendered 2666/3714, time remaining: 35s
Rendered 2667/3714, time remaining: 35s
Rendered 2668/3714, time remaining: 35s
Rendered 2669/3714, time remaining: 34s
Rendered 2670/3714, time remaining: 34s
Rendered 2671/3714, time remaining: 34s
Rendered 2672/3714, time remaining: 34s
Rendered 2673/3714, time remaining: 34s
Rendered 2674/3714, time remaining: 34s
Rendered 2675/3714, time remaining: 34s
Rendered 2676/3714, time remaining: 34s
Rendered 2677/3714, time remaining: 34s
Rendered 2678/3714, time remaining: 34s
Rendered 2679/3714, time remaining: 34s
Rendered 2680/3714, time remaining: 34s
Rendered 2681/3714, time remaining: 34s
Rendered 2682/3714, time remaining: 34s
Rendered 2683/3714, time remaining: 34s
Rendered 2684/3714, time remaining: 34s
Rendered 2685/3714, time remaining: 34s
Rendered 2686/3714, time remaining: 34s
Rendered 2687/3714, time remaining: 33s
Rendered 2688/3714, time remaining: 34s
Rendered 2689/3714, time remaining: 34s
Rendered 2690/3714, time remaining: 34s
Rendered 2691/3714, time remaining: 33s
Rendered 2692/3714, time remaining: 34s
Rendered 2693/3714, time remaining: 34s
Rendered 2694/3714, time remaining: 34s
Rendered 2695/3714, time remaining: 33s
Rendered 2696/3714, time remaining: 33s
Rendered 2697/3714, time remaining: 33s
Rendered 2698/3714, time remaining: 33s
Rendered 2699/3714, time remaining: 34s
Rendered 2700/3714, time remaining: 34s
Rendered 2701/3714, time remaining: 34s
Rendered 2702/3714, time remaining: 34s
Rendered 2703/3714, time remaining: 33s
Rendered 2704/3714, time remaining: 33s
Rendered 2705/3714, time remaining: 33s
Rendered 2706/3714, time remaining: 33s
Rendered 2707/3714, time remaining: 33s
Rendered 2708/3714, time remaining: 34s
Rendered 2709/3714, time remaining: 34s
Rendered 2710/3714, time remaining: 33s
Rendered 2711/3714, time remaining: 33s
Rendered 2712/3714, time remaining: 33s
Rendered 2713/3714, time remaining: 33s
Rendered 2714/3714, time remaining: 33s
Rendered 2715/3714, time remaining: 33s
Rendered 2716/3714, time remaining: 33s
Rendered 2717/3714, time remaining: 33s
Rendered 2718/3714, time remaining: 33s
Rendered 2719/3714, time remaining: 33s
Rendered 2720/3714, time remaining: 33s
Rendered 2721/3714, time remaining: 33s
Rendered 2722/3714, time remaining: 33s
Rendered 2723/3714, time remaining: 33s
Rendered 2724/3714, time remaining: 33s
Rendered 2725/3714, time remaining: 33s
Rendered 2726/3714, time remaining: 33s
Rendered 2727/3714, time remaining: 33s
Rendered 2728/3714, time remaining: 33s
Rendered 2729/3714, time remaining: 33s
Rendered 2730/3714, time remaining: 33s
Rendered 2731/3714, time remaining: 33s
Rendered 2732/3714, time remaining: 32s
Rendered 2733/3714, time remaining: 33s
Rendered 2734/3714, time remaining: 33s
Rendered 2735/3714, time remaining: 33s
Rendered 2736/3714, time remaining: 33s
Rendered 2737/3714, time remaining: 33s
Rendered 2738/3714, time remaining: 33s
Rendered 2739/3714, time remaining: 32s
Rendered 2740/3714, time remaining: 32s
Rendered 2741/3714, time remaining: 32s
Rendered 2742/3714, time remaining: 32s
Rendered 2743/3714, time remaining: 32s
Rendered 2744/3714, time remaining: 32s
Rendered 2745/3714, time remaining: 32s
Rendered 2746/3714, time remaining: 32s
Rendered 2747/3714, time remaining: 32s
Rendered 2748/3714, time remaining: 33s
Rendered 2749/3714, time remaining: 32s
Rendered 2750/3714, time remaining: 32s
Rendered 2751/3714, time remaining: 32s
Rendered 2752/3714, time remaining: 32s
Rendered 2753/3714, time remaining: 32s
Rendered 2754/3714, time remaining: 32s
Rendered 2755/3714, time remaining: 32s
Rendered 2756/3714, time remaining: 32s
Rendered 2757/3714, time remaining: 31s
Rendered 2758/3714, time remaining: 31s
Rendered 2759/3714, time remaining: 32s
Rendered 2760/3714, time remaining: 31s
Rendered 2761/3714, time remaining: 31s
Rendered 2762/3714, time remaining: 31s
Rendered 2763/3714, time remaining: 31s
Rendered 2764/3714, time remaining: 31s
Rendered 2765/3714, time remaining: 30s
Rendered 2766/3714, time remaining: 30s
Rendered 2767/3714, time remaining: 30s
Rendered 2768/3714, time remaining: 30s
Rendered 2769/3714, time remaining: 30s
Rendered 2770/3714, time remaining: 30s
Rendered 2771/3714, time remaining: 30s
Rendered 2772/3714, time remaining: 30s
Rendered 2773/3714, time remaining: 29s
Rendered 2774/3714, time remaining: 29s
Rendered 2775/3714, time remaining: 29s
Rendered 2776/3714, time remaining: 29s
Rendered 2777/3714, time remaining: 29s
Rendered 2778/3714, time remaining: 29s
Rendered 2779/3714, time remaining: 29s
Rendered 2780/3714, time remaining: 29s
Rendered 2781/3714, time remaining: 29s
Rendered 2782/3714, time remaining: 28s
Rendered 2783/3714, time remaining: 29s
Rendered 2784/3714, time remaining: 29s
Rendered 2785/3714, time remaining: 29s
Rendered 2786/3714, time remaining: 29s
Rendered 2787/3714, time remaining: 29s
Rendered 2788/3714, time remaining: 29s
Rendered 2789/3714, time remaining: 29s
Rendered 2790/3714, time remaining: 29s
Rendered 2791/3714, time remaining: 29s
Rendered 2792/3714, time remaining: 29s
Rendered 2793/3714, time remaining: 28s
Rendered 2794/3714, time remaining: 28s
Rendered 2795/3714, time remaining: 28s
Rendered 2796/3714, time remaining: 28s
Rendered 2797/3714, time remaining: 28s
Rendered 2798/3714, time remaining: 28s
Rendered 2799/3714, time remaining: 29s
Rendered 2800/3714, time remaining: 29s
Rendered 2801/3714, time remaining: 29s
Rendered 2802/3714, time remaining: 29s
Rendered 2803/3714, time remaining: 28s
Rendered 2804/3714, time remaining: 28s
Rendered 2805/3714, time remaining: 28s
Rendered 2806/3714, time remaining: 28s
Rendered 2807/3714, time remaining: 29s
Rendered 2808/3714, time remaining: 28s
Rendered 2809/3714, time remaining: 28s
Rendered 2810/3714, time remaining: 28s
Rendered 2811/3714, time remaining: 27s
Rendered 2812/3714, time remaining: 28s
Rendered 2813/3714, time remaining: 28s
Rendered 2814/3714, time remaining: 28s
Rendered 2815/3714, time remaining: 28s
Rendered 2816/3714, time remaining: 28s
Rendered 2817/3714, time remaining: 28s
Rendered 2818/3714, time remaining: 27s
Rendered 2819/3714, time remaining: 27s
Rendered 2820/3714, time remaining: 27s
Rendered 2821/3714, time remaining: 27s
Rendered 2822/3714, time remaining: 27s
Rendered 2823/3714, time remaining: 27s
Rendered 2824/3714, time remaining: 27s
Rendered 2825/3714, time remaining: 27s
Rendered 2826/3714, time remaining: 28s
Rendered 2827/3714, time remaining: 27s
Rendered 2828/3714, time remaining: 27s
Rendered 2829/3714, time remaining: 27s
Rendered 2830/3714, time remaining: 27s
Rendered 2831/3714, time remaining: 27s
Rendered 2832/3714, time remaining: 27s
Rendered 2833/3714, time remaining: 27s
Rendered 2834/3714, time remaining: 27s
Rendered 2835/3714, time remaining: 27s
Rendered 2836/3714, time remaining: 27s
Rendered 2837/3714, time remaining: 27s
Rendered 2838/3714, time remaining: 27s
Rendered 2839/3714, time remaining: 27s
Rendered 2840/3714, time remaining: 27s
Rendered 2841/3714, time remaining: 27s
Rendered 2842/3714, time remaining: 27s
Rendered 2843/3714, time remaining: 27s
Rendered 2844/3714, time remaining: 27s
Rendered 2845/3714, time remaining: 27s
Rendered 2846/3714, time remaining: 27s
Rendered 2847/3714, time remaining: 27s
Rendered 2848/3714, time remaining: 27s
Rendered 2849/3714, time remaining: 26s
Rendered 2850/3714, time remaining: 27s
Rendered 2851/3714, time remaining: 26s
Rendered 2852/3714, time remaining: 26s
Rendered 2853/3714, time remaining: 26s
Rendered 2854/3714, time remaining: 26s
Rendered 2855/3714, time remaining: 26s
Rendered 2856/3714, time remaining: 26s
Rendered 2857/3714, time remaining: 26s
Rendered 2858/3714, time remaining: 26s
Rendered 2859/3714, time remaining: 26s
Rendered 2860/3714, time remaining: 26s
Rendered 2861/3714, time remaining: 26s
Rendered 2862/3714, time remaining: 26s
Rendered 2863/3714, time remaining: 26s
Rendered 2864/3714, time remaining: 25s
Rendered 2865/3714, time remaining: 26s
Rendered 2866/3714, time remaining: 26s
Rendered 2867/3714, time remaining: 26s
Rendered 2868/3714, time remaining: 26s
Rendered 2869/3714, time remaining: 26s
Rendered 2870/3714, time remaining: 26s
Rendered 2871/3714, time remaining: 26s
Rendered 2872/3714, time remaining: 26s
Rendered 2873/3714, time remaining: 26s
Rendered 2874/3714, time remaining: 25s
Rendered 2875/3714, time remaining: 26s
Rendered 2876/3714, time remaining: 25s
Rendered 2877/3714, time remaining: 25s
Rendered 2878/3714, time remaining: 26s
Rendered 2879/3714, time remaining: 26s
Rendered 2880/3714, time remaining: 26s
Rendered 2881/3714, time remaining: 25s
Rendered 2882/3714, time remaining: 25s
Rendered 2883/3714, time remaining: 25s
Rendered 2884/3714, time remaining: 25s
Rendered 2885/3714, time remaining: 26s
Rendered 2886/3714, time remaining: 26s
Rendered 2887/3714, time remaining: 25s
Rendered 2888/3714, time remaining: 25s
Rendered 2889/3714, time remaining: 25s
Rendered 2890/3714, time remaining: 25s
Rendered 2891/3714, time remaining: 25s
Rendered 2892/3714, time remaining: 25s
Rendered 2893/3714, time remaining: 25s
Rendered 2894/3714, time remaining: 25s
Rendered 2895/3714, time remaining: 25s
Rendered 2896/3714, time remaining: 25s
Rendered 2897/3714, time remaining: 25s
Rendered 2898/3714, time remaining: 25s
Rendered 2899/3714, time remaining: 25s
Rendered 2900/3714, time remaining: 25s
Rendered 2901/3714, time remaining: 25s
Rendered 2902/3714, time remaining: 25s
Rendered 2903/3714, time remaining: 25s
Rendered 2904/3714, time remaining: 25s
Rendered 2905/3714, time remaining: 25s
Rendered 2906/3714, time remaining: 25s
Rendered 2907/3714, time remaining: 25s
Rendered 2908/3714, time remaining: 24s
Rendered 2909/3714, time remaining: 25s
Rendered 2910/3714, time remaining: 24s
Rendered 2911/3714, time remaining: 24s
Rendered 2912/3714, time remaining: 25s
Rendered 2913/3714, time remaining: 25s
Rendered 2914/3714, time remaining: 25s
Rendered 2915/3714, time remaining: 25s
Rendered 2916/3714, time remaining: 25s
Rendered 2917/3714, time remaining: 25s
Rendered 2918/3714, time remaining: 25s
Rendered 2919/3714, time remaining: 25s
Rendered 2920/3714, time remaining: 26s
Rendered 2921/3714, time remaining: 26s
Rendered 2922/3714, time remaining: 26s
Rendered 2923/3714, time remaining: 26s
Rendered 2924/3714, time remaining: 26s
Rendered 2925/3714, time remaining: 26s
Rendered 2926/3714, time remaining: 26s
Rendered 2927/3714, time remaining: 26s
Rendered 2928/3714, time remaining: 26s
Rendered 2929/3714, time remaining: 26s
Rendered 2930/3714, time remaining: 26s
Rendered 2931/3714, time remaining: 26s
Rendered 2932/3714, time remaining: 26s
Rendered 2933/3714, time remaining: 26s
Rendered 2934/3714, time remaining: 25s
Rendered 2935/3714, time remaining: 25s
Rendered 2936/3714, time remaining: 26s
Rendered 2937/3714, time remaining: 26s
Rendered 2938/3714, time remaining: 26s
Rendered 2939/3714, time remaining: 26s
Rendered 2940/3714, time remaining: 26s
Rendered 2941/3714, time remaining: 26s
Rendered 2942/3714, time remaining: 26s
Rendered 2943/3714, time remaining: 25s
Rendered 2944/3714, time remaining: 25s
Rendered 2945/3714, time remaining: 26s
Rendered 2946/3714, time remaining: 25s
Rendered 2947/3714, time remaining: 26s
Rendered 2948/3714, time remaining: 26s
Rendered 2949/3714, time remaining: 25s
Rendered 2950/3714, time remaining: 25s
Rendered 2951/3714, time remaining: 25s
Rendered 2952/3714, time remaining: 25s
Rendered 2953/3714, time remaining: 25s
Rendered 2954/3714, time remaining: 26s
Rendered 2955/3714, time remaining: 25s
Rendered 2956/3714, time remaining: 25s
Rendered 2957/3714, time remaining: 25s
Rendered 2958/3714, time remaining: 25s
Rendered 2959/3714, time remaining: 25s
Rendered 2960/3714, time remaining: 25s
Rendered 2961/3714, time remaining: 25s
Rendered 2962/3714, time remaining: 25s
Rendered 2963/3714, time remaining: 25s
Rendered 2964/3714, time remaining: 25s
Rendered 2965/3714, time remaining: 25s
Rendered 2966/3714, time remaining: 25s
Rendered 2967/3714, time remaining: 25s
Rendered 2968/3714, time remaining: 25s
Rendered 2969/3714, time remaining: 25s
Rendered 2970/3714, time remaining: 25s
Rendered 2971/3714, time remaining: 25s
Rendered 2972/3714, time remaining: 25s
Rendered 2973/3714, time remaining: 25s
Rendered 2974/3714, time remaining: 25s
Rendered 2975/3714, time remaining: 25s
Rendered 2976/3714, time remaining: 25s
Rendered 2977/3714, time remaining: 25s
Rendered 2978/3714, time remaining: 25s
Rendered 2979/3714, time remaining: 25s
Rendered 2980/3714, time remaining: 25s
Rendered 2981/3714, time remaining: 25s
Rendered 2982/3714, time remaining: 25s
Rendered 2983/3714, time remaining: 25s
Rendered 2984/3714, time remaining: 24s
Rendered 2985/3714, time remaining: 24s
Rendered 2986/3714, time remaining: 24s
Rendered 2987/3714, time remaining: 25s
Rendered 2988/3714, time remaining: 24s
Rendered 2989/3714, time remaining: 25s
Rendered 2990/3714, time remaining: 25s
Rendered 2991/3714, time remaining: 24s
Rendered 2992/3714, time remaining: 24s
Rendered 2993/3714, time remaining: 24s
Rendered 2994/3714, time remaining: 25s
Rendered 2995/3714, time remaining: 25s
Rendered 2996/3714, time remaining: 24s
Rendered 2997/3714, time remaining: 24s
Rendered 2998/3714, time remaining: 24s
Rendered 2999/3714, time remaining: 24s
Rendered 3000/3714, time remaining: 24s
Rendered 3001/3714, time remaining: 24s
Rendered 3002/3714, time remaining: 25s
Rendered 3003/3714, time remaining: 25s
Rendered 3004/3714, time remaining: 24s
Rendered 3005/3714, time remaining: 24s
Rendered 3006/3714, time remaining: 24s
Rendered 3007/3714, time remaining: 24s
Rendered 3008/3714, time remaining: 24s
Rendered 3009/3714, time remaining: 24s
Rendered 3010/3714, time remaining: 24s
Rendered 3011/3714, time remaining: 24s
Rendered 3012/3714, time remaining: 24s
Rendered 3013/3714, time remaining: 24s
Rendered 3014/3714, time remaining: 24s
Rendered 3015/3714, time remaining: 24s
Rendered 3016/3714, time remaining: 24s
Rendered 3017/3714, time remaining: 23s
Rendered 3018/3714, time remaining: 24s
Rendered 3019/3714, time remaining: 24s
Rendered 3020/3714, time remaining: 24s
Rendered 3021/3714, time remaining: 24s
Rendered 3022/3714, time remaining: 24s
Rendered 3023/3714, time remaining: 24s
Rendered 3024/3714, time remaining: 24s
Rendered 3025/3714, time remaining: 24s
Rendered 3026/3714, time remaining: 24s
Rendered 3027/3714, time remaining: 24s
Rendered 3028/3714, time remaining: 23s
Rendered 3029/3714, time remaining: 23s
Rendered 3030/3714, time remaining: 23s
Rendered 3031/3714, time remaining: 23s
Rendered 3032/3714, time remaining: 23s
Rendered 3033/3714, time remaining: 23s
Rendered 3034/3714, time remaining: 23s
Rendered 3035/3714, time remaining: 23s
Rendered 3036/3714, time remaining: 23s
Rendered 3037/3714, time remaining: 23s
Rendered 3038/3714, time remaining: 23s
Rendered 3039/3714, time remaining: 23s
Rendered 3040/3714, time remaining: 23s
Rendered 3041/3714, time remaining: 23s
Rendered 3042/3714, time remaining: 23s
Rendered 3043/3714, time remaining: 23s
Rendered 3044/3714, time remaining: 23s
Rendered 3045/3714, time remaining: 23s
Rendered 3046/3714, time remaining: 23s
Rendered 3047/3714, time remaining: 23s
Rendered 3048/3714, time remaining: 23s
Rendered 3049/3714, time remaining: 23s
Rendered 3050/3714, time remaining: 23s
Rendered 3051/3714, time remaining: 23s
Rendered 3052/3714, time remaining: 22s
Rendered 3053/3714, time remaining: 23s
Rendered 3054/3714, time remaining: 22s
Rendered 3055/3714, time remaining: 22s
Rendered 3056/3714, time remaining: 23s
Rendered 3057/3714, time remaining: 23s
Rendered 3058/3714, time remaining: 23s
Rendered 3059/3714, time remaining: 23s
Rendered 3060/3714, time remaining: 23s
Rendered 3061/3714, time remaining: 23s
Rendered 3062/3714, time remaining: 22s
Rendered 3063/3714, time remaining: 22s
Rendered 3064/3714, time remaining: 22s
Rendered 3065/3714, time remaining: 22s
Rendered 3066/3714, time remaining: 22s
Rendered 3067/3714, time remaining: 22s
Rendered 3068/3714, time remaining: 22s
Rendered 3069/3714, time remaining: 22s
Rendered 3070/3714, time remaining: 22s
Rendered 3071/3714, time remaining: 22s
Rendered 3072/3714, time remaining: 22s
Rendered 3073/3714, time remaining: 22s
Rendered 3074/3714, time remaining: 22s
Rendered 3075/3714, time remaining: 22s
Rendered 3076/3714, time remaining: 22s
Rendered 3077/3714, time remaining: 22s
Rendered 3078/3714, time remaining: 22s
Rendered 3079/3714, time remaining: 22s
Rendered 3080/3714, time remaining: 22s
Rendered 3081/3714, time remaining: 22s
Rendered 3082/3714, time remaining: 22s
Rendered 3083/3714, time remaining: 21s
Rendered 3084/3714, time remaining: 22s
Rendered 3085/3714, time remaining: 22s
Rendered 3086/3714, time remaining: 21s
Rendered 3087/3714, time remaining: 21s
Rendered 3088/3714, time remaining: 21s
Rendered 3089/3714, time remaining: 21s
Rendered 3090/3714, time remaining: 21s
Rendered 3091/3714, time remaining: 21s
Rendered 3092/3714, time remaining: 21s
Rendered 3093/3714, time remaining: 21s
Rendered 3094/3714, time remaining: 21s
Rendered 3095/3714, time remaining: 21s
Rendered 3096/3714, time remaining: 21s
Rendered 3097/3714, time remaining: 21s
Rendered 3098/3714, time remaining: 21s
Rendered 3099/3714, time remaining: 21s
Rendered 3100/3714, time remaining: 21s
Rendered 3101/3714, time remaining: 21s
Rendered 3102/3714, time remaining: 21s
Rendered 3103/3714, time remaining: 21s
Rendered 3104/3714, time remaining: 21s
Rendered 3105/3714, time remaining: 21s
Rendered 3106/3714, time remaining: 21s
Rendered 3107/3714, time remaining: 21s
Rendered 3108/3714, time remaining: 21s
Rendered 3109/3714, time remaining: 21s
Rendered 3110/3714, time remaining: 21s
Rendered 3111/3714, time remaining: 21s
Rendered 3112/3714, time remaining: 21s
Rendered 3113/3714, time remaining: 21s
Rendered 3114/3714, time remaining: 21s
Rendered 3115/3714, time remaining: 21s
Rendered 3116/3714, time remaining: 21s
Rendered 3117/3714, time remaining: 21s
Rendered 3118/3714, time remaining: 20s
Rendered 3119/3714, time remaining: 20s
Rendered 3120/3714, time remaining: 20s
Rendered 3121/3714, time remaining: 20s
Rendered 3122/3714, time remaining: 20s
Rendered 3123/3714, time remaining: 20s
Rendered 3124/3714, time remaining: 20s
Rendered 3125/3714, time remaining: 20s
Rendered 3126/3714, time remaining: 20s
Rendered 3127/3714, time remaining: 20s
Rendered 3128/3714, time remaining: 20s
Rendered 3129/3714, time remaining: 20s
Rendered 3130/3714, time remaining: 19s
Rendered 3131/3714, time remaining: 20s
Rendered 3132/3714, time remaining: 20s
Rendered 3133/3714, time remaining: 20s
Rendered 3134/3714, time remaining: 19s
Rendered 3135/3714, time remaining: 20s
Rendered 3136/3714, time remaining: 20s
Rendered 3137/3714, time remaining: 20s
Rendered 3138/3714, time remaining: 20s
Rendered 3139/3714, time remaining: 19s
Rendered 3140/3714, time remaining: 19s
Rendered 3141/3714, time remaining: 19s
Rendered 3142/3714, time remaining: 19s
Rendered 3143/3714, time remaining: 20s
Rendered 3144/3714, time remaining: 19s
Rendered 3145/3714, time remaining: 19s
Rendered 3146/3714, time remaining: 19s
Rendered 3147/3714, time remaining: 19s
Rendered 3148/3714, time remaining: 19s
Rendered 3149/3714, time remaining: 19s
Rendered 3150/3714, time remaining: 19s
Rendered 3151/3714, time remaining: 20s
Rendered 3152/3714, time remaining: 19s
Rendered 3153/3714, time remaining: 19s
Rendered 3154/3714, time remaining: 19s
Rendered 3155/3714, time remaining: 19s
Rendered 3156/3714, time remaining: 19s
Rendered 3157/3714, time remaining: 19s
Rendered 3158/3714, time remaining: 19s
Rendered 3159/3714, time remaining: 19s
Rendered 3160/3714, time remaining: 19s
Rendered 3161/3714, time remaining: 19s
Rendered 3162/3714, time remaining: 18s
Rendered 3163/3714, time remaining: 19s
Rendered 3164/3714, time remaining: 19s
Rendered 3165/3714, time remaining: 19s
Rendered 3166/3714, time remaining: 19s
Rendered 3167/3714, time remaining: 19s
Rendered 3168/3714, time remaining: 18s
Rendered 3169/3714, time remaining: 18s
Rendered 3170/3714, time remaining: 18s
Rendered 3171/3714, time remaining: 18s
Rendered 3172/3714, time remaining: 18s
Rendered 3173/3714, time remaining: 18s
Rendered 3174/3714, time remaining: 18s
Rendered 3175/3714, time remaining: 18s
Rendered 3176/3714, time remaining: 18s
Rendered 3177/3714, time remaining: 18s
Rendered 3178/3714, time remaining: 18s
Rendered 3179/3714, time remaining: 18s
Rendered 3180/3714, time remaining: 18s
Rendered 3181/3714, time remaining: 18s
Rendered 3182/3714, time remaining: 18s
Rendered 3183/3714, time remaining: 18s
Rendered 3184/3714, time remaining: 18s
Rendered 3185/3714, time remaining: 18s
Rendered 3186/3714, time remaining: 18s
Rendered 3187/3714, time remaining: 18s
Rendered 3188/3714, time remaining: 18s
Rendered 3189/3714, time remaining: 18s
Rendered 3190/3714, time remaining: 18s
Rendered 3191/3714, time remaining: 18s
Rendered 3192/3714, time remaining: 17s
Rendered 3193/3714, time remaining: 18s
Rendered 3194/3714, time remaining: 18s
Rendered 3195/3714, time remaining: 17s
Rendered 3196/3714, time remaining: 17s
Rendered 3197/3714, time remaining: 17s
Rendered 3198/3714, time remaining: 17s
Rendered 3199/3714, time remaining: 18s
Rendered 3200/3714, time remaining: 17s
Rendered 3201/3714, time remaining: 17s
Rendered 3202/3714, time remaining: 17s
Rendered 3203/3714, time remaining: 17s
Rendered 3204/3714, time remaining: 17s
Rendered 3205/3714, time remaining: 17s
Rendered 3206/3714, time remaining: 17s
Rendered 3207/3714, time remaining: 17s
Rendered 3208/3714, time remaining: 17s
Rendered 3209/3714, time remaining: 17s
Rendered 3210/3714, time remaining: 17s
Rendered 3211/3714, time remaining: 17s
Rendered 3212/3714, time remaining: 17s
Rendered 3213/3714, time remaining: 17s
Rendered 3214/3714, time remaining: 17s
Rendered 3215/3714, time remaining: 17s
Rendered 3216/3714, time remaining: 17s
Rendered 3217/3714, time remaining: 17s
Rendered 3218/3714, time remaining: 17s
Rendered 3219/3714, time remaining: 17s
Rendered 3220/3714, time remaining: 16s
Rendered 3221/3714, time remaining: 16s
Rendered 3222/3714, time remaining: 16s
Rendered 3223/3714, time remaining: 16s
Rendered 3224/3714, time remaining: 16s
Rendered 3225/3714, time remaining: 16s
Rendered 3226/3714, time remaining: 17s
Rendered 3227/3714, time remaining: 16s
Rendered 3228/3714, time remaining: 16s
Rendered 3229/3714, time remaining: 16s
Rendered 3230/3714, time remaining: 16s
Rendered 3231/3714, time remaining: 16s
Rendered 3232/3714, time remaining: 16s
Rendered 3233/3714, time remaining: 16s
Rendered 3234/3714, time remaining: 16s
Rendered 3235/3714, time remaining: 16s
Rendered 3236/3714, time remaining: 16s
Rendered 3237/3714, time remaining: 16s
Rendered 3238/3714, time remaining: 16s
Rendered 3239/3714, time remaining: 16s
Rendered 3240/3714, time remaining: 16s
Rendered 3241/3714, time remaining: 16s
Rendered 3242/3714, time remaining: 16s
Rendered 3243/3714, time remaining: 16s
Rendered 3244/3714, time remaining: 16s
Rendered 3245/3714, time remaining: 16s
Rendered 3246/3714, time remaining: 16s
Rendered 3247/3714, time remaining: 16s
Rendered 3248/3714, time remaining: 16s
Rendered 3249/3714, time remaining: 16s
Rendered 3250/3714, time remaining: 15s
Rendered 3251/3714, time remaining: 16s
Rendered 3252/3714, time remaining: 15s
Rendered 3253/3714, time remaining: 15s
Rendered 3254/3714, time remaining: 15s
Rendered 3255/3714, time remaining: 15s
Rendered 3256/3714, time remaining: 16s
Rendered 3257/3714, time remaining: 15s
Rendered 3258/3714, time remaining: 15s
Rendered 3259/3714, time remaining: 15s
Rendered 3260/3714, time remaining: 15s
Rendered 3261/3714, time remaining: 15s
Rendered 3262/3714, time remaining: 15s
Rendered 3263/3714, time remaining: 15s
Rendered 3264/3714, time remaining: 15s
Rendered 3265/3714, time remaining: 15s
Rendered 3266/3714, time remaining: 15s
Rendered 3267/3714, time remaining: 15s
Rendered 3268/3714, time remaining: 15s
Rendered 3269/3714, time remaining: 15s
Rendered 3270/3714, time remaining: 15s
Rendered 3271/3714, time remaining: 15s
Rendered 3272/3714, time remaining: 15s
Rendered 3273/3714, time remaining: 15s
Rendered 3274/3714, time remaining: 15s
Rendered 3275/3714, time remaining: 15s
Rendered 3276/3714, time remaining: 15s
Rendered 3277/3714, time remaining: 15s
Rendered 3278/3714, time remaining: 14s
Rendered 3279/3714, time remaining: 15s
Rendered 3280/3714, time remaining: 15s
Rendered 3281/3714, time remaining: 14s
Rendered 3282/3714, time remaining: 14s
Rendered 3283/3714, time remaining: 14s
Rendered 3284/3714, time remaining: 14s
Rendered 3285/3714, time remaining: 14s
Rendered 3286/3714, time remaining: 14s
Rendered 3287/3714, time remaining: 14s
Rendered 3288/3714, time remaining: 14s
Rendered 3289/3714, time remaining: 14s
Rendered 3290/3714, time remaining: 14s
Rendered 3291/3714, time remaining: 14s
Rendered 3292/3714, time remaining: 14s
Rendered 3293/3714, time remaining: 14s
Rendered 3294/3714, time remaining: 14s
Rendered 3295/3714, time remaining: 14s
Rendered 3296/3714, time remaining: 14s
Rendered 3297/3714, time remaining: 14s
Rendered 3298/3714, time remaining: 14s
Rendered 3299/3714, time remaining: 14s
Rendered 3300/3714, time remaining: 14s
Rendered 3301/3714, time remaining: 13s
Rendered 3302/3714, time remaining: 13s
Rendered 3303/3714, time remaining: 14s
Rendered 3304/3714, time remaining: 14s
Rendered 3305/3714, time remaining: 13s
Rendered 3306/3714, time remaining: 13s
Rendered 3307/3714, time remaining: 13s
Rendered 3308/3714, time remaining: 14s
Rendered 3309/3714, time remaining: 13s
Rendered 3310/3714, time remaining: 13s
Rendered 3311/3714, time remaining: 13s
Rendered 3312/3714, time remaining: 14s
Rendered 3313/3714, time remaining: 13s
Rendered 3314/3714, time remaining: 13s
Rendered 3315/3714, time remaining: 13s
Rendered 3316/3714, time remaining: 13s
Rendered 3317/3714, time remaining: 13s
Rendered 3318/3714, time remaining: 13s
Rendered 3319/3714, time remaining: 13s
Rendered 3320/3714, time remaining: 13s
Rendered 3321/3714, time remaining: 13s
Rendered 3322/3714, time remaining: 13s
Rendered 3323/3714, time remaining: 13s
Rendered 3324/3714, time remaining: 13s
Rendered 3325/3714, time remaining: 13s
Rendered 3326/3714, time remaining: 13s
Rendered 3327/3714, time remaining: 13s
Rendered 3328/3714, time remaining: 13s
Rendered 3329/3714, time remaining: 13s
Rendered 3330/3714, time remaining: 13s
Rendered 3331/3714, time remaining: 13s
Rendered 3332/3714, time remaining: 13s
Rendered 3333/3714, time remaining: 13s
Rendered 3334/3714, time remaining: 12s
Rendered 3335/3714, time remaining: 12s
Rendered 3336/3714, time remaining: 12s
Rendered 3337/3714, time remaining: 12s
Rendered 3338/3714, time remaining: 13s
Rendered 3339/3714, time remaining: 12s
Rendered 3340/3714, time remaining: 12s
Rendered 3341/3714, time remaining: 12s
Rendered 3342/3714, time remaining: 12s
Rendered 3343/3714, time remaining: 12s
Rendered 3344/3714, time remaining: 12s
Rendered 3345/3714, time remaining: 12s
Rendered 3346/3714, time remaining: 12s
Rendered 3347/3714, time remaining: 12s
Rendered 3348/3714, time remaining: 12s
Rendered 3349/3714, time remaining: 12s
Rendered 3350/3714, time remaining: 12s
Rendered 3351/3714, time remaining: 12s
Rendered 3352/3714, time remaining: 12s
Rendered 3353/3714, time remaining: 12s
Rendered 3354/3714, time remaining: 12s
Rendered 3355/3714, time remaining: 12s
Rendered 3356/3714, time remaining: 12s
Rendered 3357/3714, time remaining: 12s
Rendered 3358/3714, time remaining: 12s
Rendered 3359/3714, time remaining: 12s
Rendered 3360/3714, time remaining: 12s
Rendered 3361/3714, time remaining: 11s
Rendered 3362/3714, time remaining: 11s
Rendered 3363/3714, time remaining: 12s
Rendered 3364/3714, time remaining: 12s
Rendered 3365/3714, time remaining: 11s
Rendered 3366/3714, time remaining: 12s
Rendered 3367/3714, time remaining: 11s
Rendered 3368/3714, time remaining: 11s
Rendered 3369/3714, time remaining: 11s
Rendered 3370/3714, time remaining: 11s
Rendered 3371/3714, time remaining: 11s
Rendered 3372/3714, time remaining: 11s
Rendered 3373/3714, time remaining: 11s
Rendered 3374/3714, time remaining: 11s
Rendered 3375/3714, time remaining: 11s
Rendered 3376/3714, time remaining: 11s
Rendered 3377/3714, time remaining: 11s
Rendered 3378/3714, time remaining: 11s
Rendered 3379/3714, time remaining: 11s
Rendered 3380/3714, time remaining: 11s
Rendered 3381/3714, time remaining: 11s
Rendered 3382/3714, time remaining: 11s
Rendered 3383/3714, time remaining: 11s
Rendered 3384/3714, time remaining: 11s
Rendered 3385/3714, time remaining: 11s
Rendered 3386/3714, time remaining: 11s
Rendered 3387/3714, time remaining: 11s
Rendered 3388/3714, time remaining: 11s
Rendered 3389/3714, time remaining: 11s
Rendered 3390/3714, time remaining: 10s
Rendered 3391/3714, time remaining: 10s
Rendered 3392/3714, time remaining: 11s
Rendered 3393/3714, time remaining: 10s
Rendered 3394/3714, time remaining: 10s
Rendered 3395/3714, time remaining: 10s
Rendered 3396/3714, time remaining: 10s
Rendered 3397/3714, time remaining: 10s
Rendered 3398/3714, time remaining: 10s
Rendered 3399/3714, time remaining: 10s
Rendered 3400/3714, time remaining: 10s
Rendered 3401/3714, time remaining: 10s
Rendered 3402/3714, time remaining: 10s
Rendered 3403/3714, time remaining: 10s
Rendered 3404/3714, time remaining: 10s
Rendered 3405/3714, time remaining: 10s
Rendered 3406/3714, time remaining: 10s
Rendered 3407/3714, time remaining: 10s
Rendered 3408/3714, time remaining: 10s
Rendered 3409/3714, time remaining: 10s
Rendered 3410/3714, time remaining: 10s
Rendered 3411/3714, time remaining: 10s
Rendered 3412/3714, time remaining: 10s
Rendered 3413/3714, time remaining: 10s
Rendered 3414/3714, time remaining: 10s
Rendered 3415/3714, time remaining: 10s
Rendered 3416/3714, time remaining: 10s
Rendered 3417/3714, time remaining: 9s
Rendered 3418/3714, time remaining: 10s
Rendered 3419/3714, time remaining: 9s
Rendered 3420/3714, time remaining: 9s
Rendered 3421/3714, time remaining: 9s
Rendered 3422/3714, time remaining: 9s
Rendered 3423/3714, time remaining: 9s
Rendered 3424/3714, time remaining: 9s
Rendered 3425/3714, time remaining: 9s
Rendered 3426/3714, time remaining: 9s
Rendered 3427/3714, time remaining: 9s
Rendered 3428/3714, time remaining: 9s
Rendered 3429/3714, time remaining: 9s
Rendered 3430/3714, time remaining: 9s
Rendered 3431/3714, time remaining: 9s
Rendered 3432/3714, time remaining: 9s
Rendered 3433/3714, time remaining: 9s
Rendered 3434/3714, time remaining: 9s
Rendered 3435/3714, time remaining: 9s
Rendered 3436/3714, time remaining: 9s
Rendered 3437/3714, time remaining: 9s
Rendered 3438/3714, time remaining: 9s
Rendered 3439/3714, time remaining: 9s
Rendered 3440/3714, time remaining: 9s
Rendered 3441/3714, time remaining: 9s
Rendered 3442/3714, time remaining: 9s
Rendered 3443/3714, time remaining: 9s
Rendered 3444/3714, time remaining: 9s
Rendered 3445/3714, time remaining: 9s
Rendered 3446/3714, time remaining: 8s
Rendered 3447/3714, time remaining: 8s
Rendered 3448/3714, time remaining: 8s
Rendered 3449/3714, time remaining: 8s
Rendered 3450/3714, time remaining: 8s
Rendered 3451/3714, time remaining: 8s
Rendered 3452/3714, time remaining: 8s
Rendered 3453/3714, time remaining: 8s
Rendered 3454/3714, time remaining: 8s
Rendered 3455/3714, time remaining: 8s
Rendered 3456/3714, time remaining: 8s
Rendered 3457/3714, time remaining: 8s
Rendered 3458/3714, time remaining: 8s
Rendered 3459/3714, time remaining: 8s
Rendered 3460/3714, time remaining: 8s
Rendered 3461/3714, time remaining: 8s
Rendered 3462/3714, time remaining: 8s
Rendered 3463/3714, time remaining: 8s
Rendered 3464/3714, time remaining: 8s
Rendered 3465/3714, time remaining: 8s
Rendered 3466/3714, time remaining: 8s
Rendered 3467/3714, time remaining: 8s
Rendered 3468/3714, time remaining: 8s
Rendered 3469/3714, time remaining: 8s
Rendered 3470/3714, time remaining: 8s
Rendered 3471/3714, time remaining: 8s
Rendered 3472/3714, time remaining: 8s
Rendered 3473/3714, time remaining: 8s
Rendered 3474/3714, time remaining: 8s
Rendered 3475/3714, time remaining: 8s
Rendered 3476/3714, time remaining: 8s
Rendered 3477/3714, time remaining: 8s
Rendered 3478/3714, time remaining: 8s
Rendered 3479/3714, time remaining: 7s
Rendered 3480/3714, time remaining: 7s
Rendered 3481/3714, time remaining: 7s
Rendered 3482/3714, time remaining: 7s
Rendered 3483/3714, time remaining: 7s
Rendered 3484/3714, time remaining: 7s
Rendered 3485/3714, time remaining: 7s
Rendered 3486/3714, time remaining: 7s
Rendered 3487/3714, time remaining: 7s
Rendered 3488/3714, time remaining: 7s
Rendered 3489/3714, time remaining: 7s
Rendered 3490/3714, time remaining: 7s
Rendered 3491/3714, time remaining: 7s
Rendered 3492/3714, time remaining: 7s
Rendered 3493/3714, time remaining: 7s
Rendered 3494/3714, time remaining: 7s
Rendered 3495/3714, time remaining: 7s
Rendered 3496/3714, time remaining: 7s
Rendered 3497/3714, time remaining: 7s
Rendered 3498/3714, time remaining: 7s
Rendered 3499/3714, time remaining: 7s
Rendered 3500/3714, time remaining: 7s
Rendered 3501/3714, time remaining: 7s
Rendered 3502/3714, time remaining: 7s
Rendered 3503/3714, time remaining: 7s
Rendered 3504/3714, time remaining: 7s
Rendered 3505/3714, time remaining: 7s
Rendered 3506/3714, time remaining: 7s
Rendered 3507/3714, time remaining: 7s
Rendered 3508/3714, time remaining: 7s
Rendered 3509/3714, time remaining: 6s
Rendered 3510/3714, time remaining: 6s
Rendered 3511/3714, time remaining: 7s
Rendered 3512/3714, time remaining: 7s
Rendered 3513/3714, time remaining: 6s
Rendered 3514/3714, time remaining: 6s
Rendered 3515/3714, time remaining: 6s
Rendered 3516/3714, time remaining: 6s
Rendered 3517/3714, time remaining: 6s
Rendered 3518/3714, time remaining: 6s
Rendered 3519/3714, time remaining: 6s
Rendered 3520/3714, time remaining: 6s
Rendered 3521/3714, time remaining: 6s
Rendered 3522/3714, time remaining: 6s
Rendered 3523/3714, time remaining: 6s
Rendered 3524/3714, time remaining: 6s
Rendered 3525/3714, time remaining: 6s
Rendered 3526/3714, time remaining: 6s
Rendered 3527/3714, time remaining: 6s
Rendered 3528/3714, time remaining: 6s
Rendered 3529/3714, time remaining: 6s
Rendered 3530/3714, time remaining: 6s
Rendered 3531/3714, time remaining: 6s
Rendered 3532/3714, time remaining: 6s
Rendered 3533/3714, time remaining: 6s
Rendered 3534/3714, time remaining: 6s
Rendered 3535/3714, time remaining: 6s
Rendered 3536/3714, time remaining: 6s
Rendered 3537/3714, time remaining: 6s
Rendered 3538/3714, time remaining: 6s
Rendered 3539/3714, time remaining: 6s
Rendered 3540/3714, time remaining: 5s
Rendered 3541/3714, time remaining: 6s
Rendered 3542/3714, time remaining: 6s
Rendered 3543/3714, time remaining: 5s
Rendered 3544/3714, time remaining: 5s
Rendered 3545/3714, time remaining: 5s
Rendered 3546/3714, time remaining: 5s
Rendered 3547/3714, time remaining: 5s
Rendered 3548/3714, time remaining: 5s
Rendered 3549/3714, time remaining: 5s
Rendered 3550/3714, time remaining: 5s
Rendered 3551/3714, time remaining: 5s
Rendered 3552/3714, time remaining: 5s
Rendered 3553/3714, time remaining: 5s
Rendered 3554/3714, time remaining: 5s
Rendered 3555/3714, time remaining: 5s
Rendered 3556/3714, time remaining: 5s
Rendered 3557/3714, time remaining: 5s
Rendered 3558/3714, time remaining: 5s
Rendered 3559/3714, time remaining: 5s
Rendered 3560/3714, time remaining: 5s
Rendered 3561/3714, time remaining: 5s
Rendered 3562/3714, time remaining: 5s
Rendered 3563/3714, time remaining: 5s
Rendered 3564/3714, time remaining: 5s
Rendered 3565/3714, time remaining: 5s
Rendered 3566/3714, time remaining: 5s
Rendered 3567/3714, time remaining: 5s
Rendered 3568/3714, time remaining: 5s
Rendered 3569/3714, time remaining: 5s
Rendered 3570/3714, time remaining: 5s
Rendered 3571/3714, time remaining: 5s
Rendered 3572/3714, time remaining: 4s
Rendered 3573/3714, time remaining: 5s
Rendered 3574/3714, time remaining: 4s
Rendered 3575/3714, time remaining: 4s
Rendered 3576/3714, time remaining: 4s
Rendered 3577/3714, time remaining: 4s
Rendered 3578/3714, time remaining: 4s
Rendered 3579/3714, time remaining: 4s
Rendered 3580/3714, time remaining: 4s
Rendered 3581/3714, time remaining: 4s
Rendered 3582/3714, time remaining: 4s
Rendered 3583/3714, time remaining: 4s
Rendered 3584/3714, time remaining: 4s
Rendered 3585/3714, time remaining: 4s
Rendered 3586/3714, time remaining: 4s
Rendered 3587/3714, time remaining: 4s
Rendered 3588/3714, time remaining: 4s
Rendered 3589/3714, time remaining: 4s
Rendered 3590/3714, time remaining: 4s
Rendered 3591/3714, time remaining: 4s
Rendered 3592/3714, time remaining: 4s
Rendered 3593/3714, time remaining: 4s
Rendered 3594/3714, time remaining: 4s
Rendered 3595/3714, time remaining: 4s
Rendered 3596/3714, time remaining: 4s
Rendered 3597/3714, time remaining: 4s
Rendered 3598/3714, time remaining: 4s
Rendered 3599/3714, time remaining: 4s
Rendered 3600/3714, time remaining: 4s
Rendered 3601/3714, time remaining: 4s
Rendered 3602/3714, time remaining: 4s
Rendered 3603/3714, time remaining: 4s
Rendered 3604/3714, time remaining: 4s
Rendered 3605/3714, time remaining: 3s
Rendered 3606/3714, time remaining: 3s
Rendered 3607/3714, time remaining: 3s
Rendered 3608/3714, time remaining: 3s
Rendered 3609/3714, time remaining: 3s
Rendered 3610/3714, time remaining: 3s
Rendered 3611/3714, time remaining: 3s
Rendered 3612/3714, time remaining: 3s
Rendered 3613/3714, time remaining: 3s
Rendered 3614/3714, time remaining: 3s
Rendered 3615/3714, time remaining: 3s
Rendered 3616/3714, time remaining: 3s
Rendered 3617/3714, time remaining: 3s
Rendered 3618/3714, time remaining: 3s
Rendered 3619/3714, time remaining: 3s
Rendered 3620/3714, time remaining: 3s
Rendered 3621/3714, time remaining: 3s
Rendered 3622/3714, time remaining: 3s
Rendered 3623/3714, time remaining: 3s
Rendered 3624/3714, time remaining: 3s
Rendered 3625/3714, time remaining: 3s
Rendered 3626/3714, time remaining: 3s
Rendered 3627/3714, time remaining: 3s
Rendered 3628/3714, time remaining: 3s
Rendered 3629/3714, time remaining: 3s
Rendered 3630/3714, time remaining: 3s
Rendered 3631/3714, time remaining: 3s
Rendered 3632/3714, time remaining: 3s
Rendered 3633/3714, time remaining: 2s
Rendered 3634/3714, time remaining: 2s
Rendered 3635/3714, time remaining: 2s
Rendered 3636/3714, time remaining: 2s
Rendered 3637/3714, time remaining: 2s
Rendered 3638/3714, time remaining: 2s
Rendered 3639/3714, time remaining: 2s
Rendered 3640/3714, time remaining: 2s
Rendered 3641/3714, time remaining: 2s
Rendered 3642/3714, time remaining: 2s
Rendered 3643/3714, time remaining: 2s
Rendered 3644/3714, time remaining: 2s
Rendered 3645/3714, time remaining: 2s
Rendered 3646/3714, time remaining: 2s
Rendered 3647/3714, time remaining: 2s
Rendered 3648/3714, time remaining: 2s
Rendered 3649/3714, time remaining: 2s
Rendered 3650/3714, time remaining: 2s
Rendered 3651/3714, time remaining: 2s
Rendered 3652/3714, time remaining: 2s
Rendered 3653/3714, time remaining: 2s
Rendered 3654/3714, time remaining: 2s
Rendered 3655/3714, time remaining: 2s
Rendered 3656/3714, time remaining: 2s
Rendered 3657/3714, time remaining: 2s
Rendered 3658/3714, time remaining: 2s
Rendered 3659/3714, time remaining: 2s
Rendered 3660/3714, time remaining: 1s
Rendered 3661/3714, time remaining: 1s
Rendered 3662/3714, time remaining: 1s
Rendered 3663/3714, time remaining: 1s
Rendered 3664/3714, time remaining: 1s
Rendered 3665/3714, time remaining: 1s
Rendered 3666/3714, time remaining: 1s
Rendered 3667/3714, time remaining: 1s
Rendered 3668/3714, time remaining: 1s
Rendered 3669/3714, time remaining: 1s
Rendered 3670/3714, time remaining: 1s
Rendered 3671/3714, time remaining: 1s
Rendered 3672/3714, time remaining: 1s
Rendered 3673/3714, time remaining: 1s
Rendered 3674/3714, time remaining: 1s
Rendered 3675/3714, time remaining: 1s
Rendered 3676/3714, time remaining: 1s
Rendered 3677/3714, time remaining: 1s
Rendered 3678/3714, time remaining: 1s
Rendered 3679/3714, time remaining: 1s
Rendered 3680/3714, time remaining: 1s
Rendered 3681/3714, time remaining: 1s
Rendered 3682/3714, time remaining: 1s
Rendered 3683/3714, time remaining: 1s
Rendered 3684/3714, time remaining: 1s
Rendered 3685/3714, time remaining: 1s
Rendered 3686/3714, time remaining: 0s
Rendered 3687/3714, time remaining: 0s
Rendered 3688/3714, time remaining: 0s
Rendered 3689/3714, time remaining: 0s
Rendered 3690/3714, time remaining: 0s
Rendered 3691/3714, time remaining: 0s
Rendered 3692/3714, time remaining: 0s
Rendered 3693/3714, time remaining: 0s
Rendered 3694/3714, time remaining: 0s
Rendered 3695/3714, time remaining: 0s
Rendered 3696/3714, time remaining: 0s
Rendered 3697/3714, time remaining: 0s
Rendered 3698/3714, time remaining: 0s
Rendered 3699/3714, time remaining: 0s
Rendered 3700/3714, time remaining: 0s
Rendered 3701/3714, time remaining: 0s
Rendered 3702/3714, time remaining: 0s
Rendered 3703/3714, time remaining: 0s
Rendered 3704/3714, time remaining: 0s
Rendered 3705/3714, time remaining: 0s
Rendered 3706/3714, time remaining: 0s
Rendered 3707/3714, time remaining: 0s
Rendered 3708/3714, time remaining: 0s
Rendered 3709/3714, time remaining: 0s
Rendered 3710/3714, time remaining: 0s
Rendered 3711/3714, time remaining: 0s
Rendered 3712/3714, time remaining: 0s
Rendered 3713/3714, time remaining: 0s
Rendered 3714/3714
Encoded 73/3714
Encoded 182/3714
Encoded 281/3714
Encoded 373/3714
Encoded 447/3714
Encoded 532/3714
Encoded 612/3714
Encoded 688/3714
Encoded 774/3714
Encoded 885/3714
Encoded 976/3714
Encoded 1079/3714
Encoded 1182/3714
Encoded 1312/3714
Encoded 1427/3714
Encoded 1539/3714
Encoded 1645/3714
Encoded 1747/3714
Encoded 1844/3714
Encoded 1954/3714
Encoded 2065/3714
Encoded 2171/3714
Encoded 2284/3714
Encoded 2393/3714
Encoded 2504/3714
Encoded 2607/3714
Encoded 2715/3714
Encoded 2810/3714
Encoded 2897/3714
Encoded 2994/3714
Encoded 3092/3714
Encoded 3190/3714
Encoded 3298/3714
Encoded 3418/3714
Encoded 3524/3714
Encoded 3621/3714
Encoded 3714/3714
+                    ../projects/import-china-india-te/renders/ch11.mp4 16.3 MB
Bundling 6%
Bundling 13%
Bundling 62%
Bundling 69%
Bundling 74%
Bundling 80%
Bundling 85%
Bundling 90%
Bundling 95%
Bundling 100%
Getting composition
Composition          Explainer
Codec                h264
Output               ../projects/import-china-india-te/renders/ch12.mp4
Concurrency          8x
Rendered 0/3425
Rendered 1/3425, time remaining: 45m 46s
Rendered 2/3425, time remaining: 23m 1s
Rendered 3/3425, time remaining: 15m 21s
Rendered 4/3425, time remaining: 11m 31s
Rendered 5/3425, time remaining: 9m 13s
Rendered 6/3425, time remaining: 7m 47s
Rendered 7/3425, time remaining: 7m 4s
Rendered 8/3425, time remaining: 6m 12s
Rendered 9/3425, time remaining: 6m 40s
Rendered 10/3425, time remaining: 6m 12s
Rendered 11/3425, time remaining: 5m 39s
Rendered 12/3425, time remaining: 5m 12s
Rendered 13/3425, time remaining: 4m 50s
Rendered 14/3425, time remaining: 4m 32s
Rendered 15/3425, time remaining: 4m 28s
Rendered 16/3425, time remaining: 4m 11s
Rendered 17/3425, time remaining: 4m 31s
Rendered 18/3425, time remaining: 4m 16s
Rendered 19/3425, time remaining: 4m 2s
Rendered 20/3425, time remaining: 3m 52s
Rendered 21/3425, time remaining: 3m 43s
Rendered 22/3425, time remaining: 3m 43s
Rendered 23/3425, time remaining: 3m 34s
Rendered 24/3425, time remaining: 3m 25s
Rendered 25/3425, time remaining: 3m 34s
Rendered 26/3425, time remaining: 3m 29s
Rendered 27/3425, time remaining: 3m 28s
Rendered 28/3425, time remaining: 3m 21s
Rendered 29/3425, time remaining: 3m 15s
Rendered 30/3425, time remaining: 3m 16s
Rendered 31/3425, time remaining: 3m 10s
Rendered 32/3425, time remaining: 3m 4s
Rendered 33/3425, time remaining: 3m 8s
Rendered 34/3425, time remaining: 3m 2s
Rendered 35/3425, time remaining: 3m 4s
Rendered 36/3425, time remaining: 3m 3s
Rendered 37/3425, time remaining: 2m 58s
Rendered 38/3425, time remaining: 2m 53s
Rendered 39/3425, time remaining: 2m 50s
Rendered 40/3425, time remaining: 2m 50s
Rendered 41/3425, time remaining: 2m 46s
Rendered 42/3425, time remaining: 2m 52s
Rendered 43/3425, time remaining: 2m 50s
Rendered 44/3425, time remaining: 2m 48s
Rendered 45/3425, time remaining: 2m 44s
Rendered 46/3425, time remaining: 2m 41s
Rendered 47/3425, time remaining: 2m 39s
Rendered 48/3425, time remaining: 2m 37s
Rendered 49/3425, time remaining: 2m 35s
Rendered 50/3425, time remaining: 2m 38s
Rendered 51/3425, time remaining: 2m 42s
Rendered 52/3425, time remaining: 2m 41s
Rendered 53/3425, time remaining: 2m 39s
Rendered 54/3425, time remaining: 2m 37s
Rendered 55/3425, time remaining: 2m 34s
Rendered 56/3425, time remaining: 2m 32s
Rendered 57/3425, time remaining: 2m 34s
Rendered 58/3425, time remaining: 2m 32s
Rendered 59/3425, time remaining: 2m 30s
Rendered 60/3425, time remaining: 2m 36s
Rendered 61/3425, time remaining: 2m 33s
Rendered 62/3425, time remaining: 2m 31s
Rendered 63/3425, time remaining: 2m 29s
Rendered 64/3425, time remaining: 2m 31s
Rendered 65/3425, time remaining: 2m 28s
Rendered 66/3425, time remaining: 2m 26s
Rendered 67/3425, time remaining: 2m 24s
Rendered 68/3425, time remaining: 2m 30s
Rendered 69/3425, time remaining: 2m 28s
Rendered 70/3425, time remaining: 2m 26s
Rendered 71/3425, time remaining: 2m 24s
Rendered 72/3425, time remaining: 2m 28s
Rendered 73/3425, time remaining: 2m 26s
Rendered 74/3425, time remaining: 2m 24s
Rendered 75/3425, time remaining: 2m 22s
Rendered 76/3425, time remaining: 2m 22s
Rendered 77/3425, time remaining: 2m 20s
Rendered 78/3425, time remaining: 2m 22s
Rendered 79/3425, time remaining: 2m 21s
Rendered 80/3425, time remaining: 2m 21s
Rendered 81/3425, time remaining: 2m 20s
Rendered 82/3425, time remaining: 2m 18s
Rendered 83/3425, time remaining: 2m 17s
Rendered 84/3425, time remaining: 2m 19s
Rendered 85/3425, time remaining: 2m 18s
Rendered 86/3425, time remaining: 2m 20s
Rendered 87/3425, time remaining: 2m 18s
Rendered 88/3425, time remaining: 2m 16s
Rendered 89/3425, time remaining: 2m 15s
Rendered 90/3425, time remaining: 2m 17s
Rendered 91/3425, time remaining: 2m 15s
Rendered 92/3425, time remaining: 2m 17s
Rendered 93/3425, time remaining: 2m 16s
Rendered 94/3425, time remaining: 2m 17s
Rendered 95/3425, time remaining: 2m 15s
Rendered 96/3425, time remaining: 2m 14s
Rendered 97/3425, time remaining: 2m 13s
Rendered 98/3425, time remaining: 2m 14s
Rendered 99/3425, time remaining: 2m 12s
Rendered 100/3425, time remaining: 2m 15s
Rendered 101/3425, time remaining: 2m 15s
Rendered 102/3425, time remaining: 2m 14s
Rendered 103/3425, time remaining: 2m 13s
Rendered 104/3425, time remaining: 2m 11s
Rendered 105/3425, time remaining: 2m 12s
Rendered 106/3425, time remaining: 2m 13s
Rendered 107/3425, time remaining: 2m 12s
Rendered 108/3425, time remaining: 2m 11s
Rendered 109/3425, time remaining: 2m 12s
Rendered 110/3425, time remaining: 2m 10s
Rendered 111/3425, time remaining: 2m 9s
Rendered 112/3425, time remaining: 2m 8s
Rendered 113/3425, time remaining: 2m 12s
Rendered 114/3425, time remaining: 2m 11s
Rendered 115/3425, time remaining: 2m 9s
Rendered 116/3425, time remaining: 2m 8s
Rendered 117/3425, time remaining: 2m 10s
Rendered 118/3425, time remaining: 2m 9s
Rendered 119/3425, time remaining: 2m 8s
Rendered 120/3425, time remaining: 2m 9s
Rendered 121/3425, time remaining: 2m 8s
Rendered 122/3425, time remaining: 2m 7s
Rendered 123/3425, time remaining: 2m 6s
Rendered 124/3425, time remaining: 2m 7s
Rendered 125/3425, time remaining: 2m 9s
Rendered 126/3425, time remaining: 2m 8s
Rendered 127/3425, time remaining: 2m 7s
Rendered 128/3425, time remaining: 2m 7s
Rendered 129/3425, time remaining: 2m 6s
Rendered 130/3425, time remaining: 2m 7s
Rendered 131/3425, time remaining: 2m 6s
Rendered 132/3425, time remaining: 2m 5s
Rendered 133/3425, time remaining: 2m 6s
Rendered 134/3425, time remaining: 2m 5s
Rendered 135/3425, time remaining: 2m 4s
Rendered 136/3425, time remaining: 2m 6s
Rendered 137/3425, time remaining: 2m 6s
Rendered 138/3425, time remaining: 2m 5s
Rendered 139/3425, time remaining: 2m 4s
Rendered 140/3425, time remaining: 2m 4s
Rendered 141/3425, time remaining: 2m 5s
Rendered 142/3425, time remaining: 2m 4s
Rendered 143/3425, time remaining: 2m 3s
Rendered 144/3425, time remaining: 2m 5s
Rendered 145/3425, time remaining: 2m 4s
Rendered 146/3425, time remaining: 2m 4s
Rendered 147/3425, time remaining: 2m 3s
Rendered 148/3425, time remaining: 2m 2s
Rendered 149/3425, time remaining: 2m 3s
Rendered 150/3425, time remaining: 2m 2s
Rendered 151/3425, time remaining: 1m 45s
Rendered 152/3425, time remaining: 1m 48s
Rendered 153/3425, time remaining: 1m 48s
Rendered 154/3425, time remaining: 1m 48s
Rendered 155/3425, time remaining: 1m 49s
Rendered 156/3425, time remaining: 1m 48s
Rendered 157/3425, time remaining: 1m 47s
Rendered 158/3425, time remaining: 1m 49s
Rendered 159/3425, time remaining: 1m 45s
Rendered 160/3425, time remaining: 1m 45s
Rendered 161/3425, time remaining: 1m 46s
Rendered 162/3425, time remaining: 1m 47s
Rendered 163/3425, time remaining: 1m 47s
Rendered 164/3425, time remaining: 1m 47s
Rendered 165/3425, time remaining: 1m 47s
Rendered 166/3425, time remaining: 1m 48s
Rendered 167/3425, time remaining: 1m 44s
Rendered 168/3425, time remaining: 1m 44s
Rendered 169/3425, time remaining: 1m 47s
Rendered 170/3425, time remaining: 1m 47s
Rendered 171/3425, time remaining: 1m 47s
Rendered 172/3425, time remaining: 1m 47s
Rendered 173/3425, time remaining: 1m 46s
Rendered 174/3425, time remaining: 1m 46s
Rendered 175/3425, time remaining: 1m 44s
Rendered 176/3425, time remaining: 1m 44s
Rendered 177/3425, time remaining: 1m 46s
Rendered 178/3425, time remaining: 1m 46s
Rendered 179/3425, time remaining: 1m 46s
Rendered 180/3425, time remaining: 1m 46s
Rendered 181/3425, time remaining: 1m 46s
Rendered 182/3425, time remaining: 1m 46s
Rendered 183/3425, time remaining: 1m 44s
Rendered 184/3425, time remaining: 1m 47s
Rendered 185/3425, time remaining: 1m 47s
Rendered 186/3425, time remaining: 1m 46s
Rendered 187/3425, time remaining: 1m 46s
Rendered 188/3425, time remaining: 1m 47s
Rendered 189/3425, time remaining: 1m 47s
Rendered 190/3425, time remaining: 1m 46s
Rendered 191/3425, time remaining: 1m 46s
Rendered 192/3425, time remaining: 1m 45s
Rendered 193/3425, time remaining: 1m 46s
Rendered 194/3425, time remaining: 1m 46s
Rendered 195/3425, time remaining: 1m 46s
Rendered 196/3425, time remaining: 1m 47s
Rendered 197/3425, time remaining: 1m 47s
Rendered 198/3425, time remaining: 1m 46s
Rendered 199/3425, time remaining: 1m 46s
Rendered 200/3425, time remaining: 1m 47s
Rendered 201/3425, time remaining: 1m 45s
Rendered 202/3425, time remaining: 1m 44s
Rendered 203/3425, time remaining: 1m 45s
Rendered 204/3425, time remaining: 1m 45s
Rendered 205/3425, time remaining: 1m 45s
Rendered 206/3425, time remaining: 1m 45s
Rendered 207/3425, time remaining: 1m 45s
Rendered 208/3425, time remaining: 1m 46s
Rendered 209/3425, time remaining: 1m 46s
Rendered 210/3425, time remaining: 1m 43s
Rendered 211/3425, time remaining: 1m 45s
Rendered 212/3425, time remaining: 1m 45s
Rendered 213/3425, time remaining: 1m 45s
Rendered 214/3425, time remaining: 1m 45s
Rendered 215/3425, time remaining: 1m 45s
Rendered 216/3425, time remaining: 1m 45s
Rendered 217/3425, time remaining: 1m 45s
Rendered 218/3425, time remaining: 1m 43s
Rendered 219/3425, time remaining: 1m 45s
Rendered 220/3425, time remaining: 1m 44s
Rendered 221/3425, time remaining: 1m 45s
Rendered 222/3425, time remaining: 1m 43s
Rendered 223/3425, time remaining: 1m 43s
Rendered 224/3425, time remaining: 1m 43s
Rendered 225/3425, time remaining: 1m 44s
Rendered 226/3425, time remaining: 1m 44s
Rendered 227/3425, time remaining: 1m 44s
Rendered 228/3425, time remaining: 1m 45s
Rendered 229/3425, time remaining: 1m 44s
Rendered 230/3425, time remaining: 1m 44s
Rendered 231/3425, time remaining: 1m 44s
Rendered 232/3425, time remaining: 1m 44s
Rendered 233/3425, time remaining: 1m 44s
Rendered 234/3425, time remaining: 1m 44s
Rendered 235/3425, time remaining: 1m 44s
Rendered 236/3425, time remaining: 1m 43s
Rendered 237/3425, time remaining: 1m 45s
Rendered 238/3425, time remaining: 1m 45s
Rendered 239/3425, time remaining: 1m 45s
Rendered 240/3425, time remaining: 1m 44s
Rendered 241/3425, time remaining: 1m 44s
Rendered 242/3425, time remaining: 1m 42s
Rendered 243/3425, time remaining: 1m 42s
Rendered 244/3425, time remaining: 1m 43s
Rendered 245/3425, time remaining: 1m 44s
Rendered 246/3425, time remaining: 1m 45s
Rendered 247/3425, time remaining: 1m 45s
Rendered 248/3425, time remaining: 1m 44s
Rendered 249/3425, time remaining: 1m 44s
Rendered 250/3425, time remaining: 1m 42s
Rendered 251/3425, time remaining: 1m 42s
Rendered 252/3425, time remaining: 1m 43s
Rendered 253/3425, time remaining: 1m 44s
Rendered 254/3425, time remaining: 1m 45s
Rendered 255/3425, time remaining: 1m 44s
Rendered 256/3425, time remaining: 1m 43s
Rendered 257/3425, time remaining: 1m 43s
Rendered 258/3425, time remaining: 1m 44s
Rendered 259/3425, time remaining: 1m 43s
Rendered 260/3425, time remaining: 1m 43s
Rendered 261/3425, time remaining: 1m 46s
Rendered 262/3425, time remaining: 1m 46s
Rendered 263/3425, time remaining: 1m 42s
Rendered 264/3425, time remaining: 1m 44s
Rendered 265/3425, time remaining: 1m 44s
Rendered 266/3425, time remaining: 1m 43s
Rendered 267/3425, time remaining: 1m 42s
Rendered 268/3425, time remaining: 1m 43s
Rendered 269/3425, time remaining: 1m 45s
Rendered 270/3425, time remaining: 1m 44s
Rendered 271/3425, time remaining: 1m 43s
Rendered 272/3425, time remaining: 1m 45s
Rendered 273/3425, time remaining: 1m 45s
Rendered 274/3425, time remaining: 1m 43s
Rendered 275/3425, time remaining: 1m 41s
Rendered 276/3425, time remaining: 1m 43s
Rendered 277/3425, time remaining: 1m 43s
Rendered 278/3425, time remaining: 1m 43s
Rendered 279/3425, time remaining: 1m 43s
Rendered 280/3425, time remaining: 1m 43s
Rendered 281/3425, time remaining: 1m 43s
Rendered 282/3425, time remaining: 1m 43s
Rendered 283/3425, time remaining: 1m 42s
Rendered 284/3425, time remaining: 1m 42s
Rendered 285/3425, time remaining: 1m 43s
Rendered 286/3425, time remaining: 1m 43s
Rendered 287/3425, time remaining: 1m 42s
Rendered 288/3425, time remaining: 1m 43s
Rendered 289/3425, time remaining: 1m 43s
Rendered 290/3425, time remaining: 1m 44s
Rendered 291/3425, time remaining: 1m 42s
Rendered 292/3425, time remaining: 1m 42s
Rendered 293/3425, time remaining: 1m 43s
Rendered 294/3425, time remaining: 1m 42s
Rendered 295/3425, time remaining: 1m 42s
Rendered 296/3425, time remaining: 1m 42s
Rendered 297/3425, time remaining: 1m 43s
Rendered 298/3425, time remaining: 1m 44s
Rendered 299/3425, time remaining: 1m 42s
Rendered 300/3425, time remaining: 1m 42s
Rendered 301/3425, time remaining: 1m 43s
Rendered 302/3425, time remaining: 1m 40s
Rendered 303/3425, time remaining: 1m 42s
Rendered 304/3425, time remaining: 1m 42s
Rendered 305/3425, time remaining: 1m 42s
Rendered 306/3425, time remaining: 1m 42s
Rendered 307/3425, time remaining: 1m 42s
Rendered 308/3425, time remaining: 1m 42s
Rendered 309/3425, time remaining: 1m 42s
Rendered 310/3425, time remaining: 1m 42s
Rendered 311/3425, time remaining: 1m 42s
Rendered 312/3425, time remaining: 1m 41s
Rendered 313/3425, time remaining: 1m 42s
Rendered 314/3425, time remaining: 1m 42s
Rendered 315/3425, time remaining: 1m 42s
Rendered 316/3425, time remaining: 1m 41s
Rendered 317/3425, time remaining: 1m 42s
Rendered 318/3425, time remaining: 1m 42s
Rendered 319/3425, time remaining: 1m 40s
Rendered 320/3425, time remaining: 1m 40s
Rendered 321/3425, time remaining: 1m 42s
Rendered 322/3425, time remaining: 1m 41s
Rendered 323/3425, time remaining: 1m 42s
Rendered 324/3425, time remaining: 1m 42s
Rendered 325/3425, time remaining: 1m 42s
Rendered 326/3425, time remaining: 1m 42s
Rendered 327/3425, time remaining: 1m 39s
Rendered 328/3425, time remaining: 1m 39s
Rendered 329/3425, time remaining: 1m 40s
Rendered 330/3425, time remaining: 1m 39s
Rendered 331/3425, time remaining: 1m 41s
Rendered 332/3425, time remaining: 1m 41s
Rendered 333/3425, time remaining: 1m 41s
Rendered 334/3425, time remaining: 1m 39s
Rendered 335/3425, time remaining: 1m 38s
Rendered 336/3425, time remaining: 1m 39s
Rendered 337/3425, time remaining: 1m 41s
Rendered 338/3425, time remaining: 1m 40s
Rendered 339/3425, time remaining: 1m 41s
Rendered 340/3425, time remaining: 1m 41s
Rendered 341/3425, time remaining: 1m 41s
Rendered 342/3425, time remaining: 1m 39s
Rendered 343/3425, time remaining: 1m 40s
Rendered 344/3425, time remaining: 1m 40s
Rendered 345/3425, time remaining: 1m 41s
Rendered 346/3425, time remaining: 1m 40s
Rendered 347/3425, time remaining: 1m 41s
Rendered 348/3425, time remaining: 1m 42s
Rendered 349/3425, time remaining: 1m 43s
Rendered 350/3425, time remaining: 1m 40s
Rendered 351/3425, time remaining: 1m 40s
Rendered 352/3425, time remaining: 1m 39s
Rendered 353/3425, time remaining: 1m 40s
Rendered 354/3425, time remaining: 1m 40s
Rendered 355/3425, time remaining: 1m 41s
Rendered 356/3425, time remaining: 1m 41s
Rendered 357/3425, time remaining: 1m 40s
Rendered 358/3425, time remaining: 1m 38s
Rendered 359/3425, time remaining: 1m 38s
Rendered 360/3425, time remaining: 1m 38s
Rendered 361/3425, time remaining: 1m 37s
Rendered 362/3425, time remaining: 1m 37s
Rendered 363/3425, time remaining: 1m 37s
Rendered 364/3425, time remaining: 1m 36s
Rendered 365/3425, time remaining: 1m 36s
Rendered 366/3425, time remaining: 1m 36s
Rendered 367/3425, time remaining: 1m 35s
Rendered 368/3425, time remaining: 1m 34s
Rendered 369/3425, time remaining: 1m 33s
Rendered 370/3425, time remaining: 1m 33s
Rendered 371/3425, time remaining: 1m 33s
Rendered 372/3425, time remaining: 1m 32s
Rendered 373/3425, time remaining: 1m 32s
Rendered 374/3425, time remaining: 1m 32s
Rendered 375/3425, time remaining: 1m 32s
Rendered 376/3425, time remaining: 1m 32s
Rendered 377/3425, time remaining: 1m 34s
Rendered 378/3425, time remaining: 1m 31s
Rendered 379/3425, time remaining: 1m 33s
Rendered 380/3425, time remaining: 1m 33s
Rendered 381/3425, time remaining: 1m 33s
Rendered 382/3425, time remaining: 1m 33s
Rendered 383/3425, time remaining: 1m 32s
Rendered 384/3425, time remaining: 1m 32s
Rendered 385/3425, time remaining: 1m 32s
Rendered 386/3425, time remaining: 1m 32s
Rendered 387/3425, time remaining: 1m 32s
Rendered 388/3425, time remaining: 1m 32s
Rendered 389/3425, time remaining: 1m 32s
Rendered 390/3425, time remaining: 1m 31s
Rendered 391/3425, time remaining: 1m 30s
Rendered 392/3425, time remaining: 1m 32s
Rendered 393/3425, time remaining: 1m 32s
Rendered 394/3425, time remaining: 1m 30s
Rendered 395/3425, time remaining: 1m 32s
Rendered 396/3425, time remaining: 1m 31s
Rendered 397/3425, time remaining: 1m 31s
Rendered 398/3425, time remaining: 1m 31s
Rendered 399/3425, time remaining: 1m 31s
Rendered 400/3425, time remaining: 1m 32s
Rendered 401/3425, time remaining: 1m 31s
Rendered 402/3425, time remaining: 1m 30s
Rendered 403/3425, time remaining: 1m 31s
Rendered 404/3425, time remaining: 1m 30s
Rendered 405/3425, time remaining: 1m 30s
Rendered 406/3425, time remaining: 1m 30s
Rendered 407/3425, time remaining: 1m 32s
Rendered 408/3425, time remaining: 1m 31s
Rendered 409/3425, time remaining: 1m 31s
Rendered 410/3425, time remaining: 1m 33s
Rendered 411/3425, time remaining: 1m 30s
Rendered 412/3425, time remaining: 1m 30s
Rendered 413/3425, time remaining: 1m 32s
Rendered 414/3425, time remaining: 1m 31s
Rendered 415/3425, time remaining: 1m 31s
Rendered 416/3425, time remaining: 1m 31s
Rendered 417/3425, time remaining: 1m 32s
Rendered 418/3425, time remaining: 1m 32s
Rendered 419/3425, time remaining: 1m 31s
Rendered 420/3425, time remaining: 1m 31s
Rendered 421/3425, time remaining: 1m 31s
Rendered 422/3425, time remaining: 1m 30s
Rendered 423/3425, time remaining: 1m 32s
Rendered 424/3425, time remaining: 1m 32s
Rendered 425/3425, time remaining: 1m 32s
Rendered 426/3425, time remaining: 1m 31s
Rendered 427/3425, time remaining: 1m 31s
Rendered 428/3425, time remaining: 1m 31s
Rendered 429/3425, time remaining: 1m 31s
Rendered 430/3425, time remaining: 1m 30s
Rendered 431/3425, time remaining: 1m 31s
Rendered 432/3425, time remaining: 1m 33s
Rendered 433/3425, time remaining: 1m 32s
Rendered 434/3425, time remaining: 1m 32s
Rendered 435/3425, time remaining: 1m 31s
Rendered 436/3425, time remaining: 1m 31s
Rendered 437/3425, time remaining: 1m 31s
Rendered 438/3425, time remaining: 1m 30s
Rendered 439/3425, time remaining: 1m 32s
Rendered 440/3425, time remaining: 1m 32s
Rendered 441/3425, time remaining: 1m 32s
Rendered 442/3425, time remaining: 1m 32s
Rendered 443/3425, time remaining: 1m 32s
Rendered 444/3425, time remaining: 1m 31s
Rendered 445/3425, time remaining: 1m 32s
Rendered 446/3425, time remaining: 1m 30s
Rendered 447/3425, time remaining: 1m 32s
Rendered 448/3425, time remaining: 1m 31s
Rendered 449/3425, time remaining: 1m 31s
Rendered 450/3425, time remaining: 1m 32s
Rendered 451/3425, time remaining: 1m 34s
Rendered 452/3425, time remaining: 1m 34s
Rendered 453/3425, time remaining: 1m 32s
Rendered 454/3425, time remaining: 1m 32s
Rendered 455/3425, time remaining: 1m 32s
Rendered 456/3425, time remaining: 1m 31s
Rendered 457/3425, time remaining: 1m 32s
Rendered 458/3425, time remaining: 1m 33s
Rendered 459/3425, time remaining: 1m 33s
Rendered 460/3425, time remaining: 1m 33s
Rendered 461/3425, time remaining: 1m 32s
Rendered 462/3425, time remaining: 1m 32s
Rendered 463/3425, time remaining: 1m 31s
Rendered 464/3425, time remaining: 1m 32s
Rendered 465/3425, time remaining: 1m 33s
Rendered 466/3425, time remaining: 1m 34s
Rendered 467/3425, time remaining: 1m 34s
Rendered 468/3425, time remaining: 1m 34s
Rendered 469/3425, time remaining: 1m 33s
Rendered 470/3425, time remaining: 1m 33s
Rendered 471/3425, time remaining: 1m 31s
Rendered 472/3425, time remaining: 1m 34s
Rendered 473/3425, time remaining: 1m 32s
Rendered 474/3425, time remaining: 1m 32s
Rendered 475/3425, time remaining: 1m 33s
Rendered 476/3425, time remaining: 1m 32s
Rendered 477/3425, time remaining: 1m 32s
Rendered 478/3425, time remaining: 1m 32s
Rendered 479/3425, time remaining: 1m 33s
Rendered 480/3425, time remaining: 1m 35s
Rendered 481/3425, time remaining: 1m 33s
Rendered 482/3425, time remaining: 1m 33s
Rendered 483/3425, time remaining: 1m 33s
Rendered 484/3425, time remaining: 1m 34s
Rendered 485/3425, time remaining: 1m 34s
Rendered 486/3425, time remaining: 1m 33s
Rendered 487/3425, time remaining: 1m 31s
Rendered 488/3425, time remaining: 1m 31s
Rendered 489/3425, time remaining: 1m 32s
Rendered 490/3425, time remaining: 1m 33s
Rendered 491/3425, time remaining: 1m 33s
Rendered 492/3425, time remaining: 1m 33s
Rendered 493/3425, time remaining: 1m 33s
Rendered 494/3425, time remaining: 1m 33s
Rendered 495/3425, time remaining: 1m 32s
Rendered 496/3425, time remaining: 1m 31s
Rendered 497/3425, time remaining: 1m 31s
Rendered 498/3425, time remaining: 1m 32s
Rendered 499/3425, time remaining: 1m 31s
Rendered 500/3425, time remaining: 1m 31s
Rendered 501/3425, time remaining: 1m 33s
Rendered 502/3425, time remaining: 1m 35s
Rendered 503/3425, time remaining: 1m 33s
Rendered 504/3425, time remaining: 1m 33s
Rendered 505/3425, time remaining: 1m 32s
Rendered 506/3425, time remaining: 1m 33s
Rendered 507/3425, time remaining: 1m 33s
Rendered 508/3425, time remaining: 1m 33s
Rendered 509/3425, time remaining: 1m 35s
Rendered 510/3425, time remaining: 1m 36s
Rendered 511/3425, time remaining: 1m 36s
Rendered 512/3425, time remaining: 1m 36s
Rendered 513/3425, time remaining: 1m 36s
Rendered 514/3425, time remaining: 1m 36s
Rendered 515/3425, time remaining: 1m 38s
Rendered 516/3425, time remaining: 1m 38s
Rendered 517/3425, time remaining: 1m 38s
Rendered 518/3425, time remaining: 1m 38s
Rendered 519/3425, time remaining: 1m 40s
Rendered 520/3425, time remaining: 1m 40s
Rendered 521/3425, time remaining: 1m 40s
Rendered 522/3425, time remaining: 1m 40s
Rendered 523/3425, time remaining: 1m 40s
Rendered 524/3425, time remaining: 1m 41s
Rendered 525/3425, time remaining: 1m 40s
Rendered 526/3425, time remaining: 1m 39s
Rendered 527/3425, time remaining: 1m 40s
Rendered 528/3425, time remaining: 1m 40s
Rendered 529/3425, time remaining: 1m 38s
Rendered 530/3425, time remaining: 1m 40s
Rendered 531/3425, time remaining: 1m 41s
Rendered 532/3425, time remaining: 1m 41s
Rendered 533/3425, time remaining: 1m 41s
Rendered 534/3425, time remaining: 1m 41s
Rendered 535/3425, time remaining: 1m 42s
Rendered 536/3425, time remaining: 1m 40s
Rendered 537/3425, time remaining: 1m 39s
Rendered 538/3425, time remaining: 1m 41s
Rendered 539/3425, time remaining: 1m 41s
Rendered 540/3425, time remaining: 1m 40s
Rendered 541/3425, time remaining: 1m 42s
Rendered 542/3425, time remaining: 1m 41s
Rendered 543/3425, time remaining: 1m 43s
Rendered 544/3425, time remaining: 1m 43s
Rendered 545/3425, time remaining: 1m 40s
Rendered 546/3425, time remaining: 1m 40s
Rendered 547/3425, time remaining: 1m 40s
Rendered 548/3425, time remaining: 1m 40s
Rendered 549/3425, time remaining: 1m 41s
Rendered 550/3425, time remaining: 1m 40s
Rendered 551/3425, time remaining: 1m 43s
Rendered 552/3425, time remaining: 1m 43s
Rendered 553/3425, time remaining: 1m 41s
Rendered 554/3425, time remaining: 1m 41s
Rendered 555/3425, time remaining: 1m 41s
Rendered 556/3425, time remaining: 1m 41s
Rendered 557/3425, time remaining: 1m 39s
Rendered 558/3425, time remaining: 1m 40s
Rendered 559/3425, time remaining: 1m 40s
Rendered 560/3425, time remaining: 1m 39s
Rendered 561/3425, time remaining: 1m 42s
Rendered 562/3425, time remaining: 1m 42s
Rendered 563/3425, time remaining: 1m 40s
Rendered 564/3425, time remaining: 1m 41s
Rendered 565/3425, time remaining: 1m 41s
Rendered 566/3425, time remaining: 1m 41s
Rendered 567/3425, time remaining: 1m 39s
Rendered 568/3425, time remaining: 1m 39s
Rendered 569/3425, time remaining: 1m 40s
Rendered 570/3425, time remaining: 1m 40s
Rendered 571/3425, time remaining: 1m 42s
Rendered 572/3425, time remaining: 1m 42s
Rendered 573/3425, time remaining: 1m 40s
Rendered 574/3425, time remaining: 1m 40s
Rendered 575/3425, time remaining: 1m 41s
Rendered 576/3425, time remaining: 1m 40s
Rendered 577/3425, time remaining: 1m 40s
Rendered 578/3425, time remaining: 1m 40s
Rendered 579/3425, time remaining: 1m 41s
Rendered 580/3425, time remaining: 1m 41s
Rendered 581/3425, time remaining: 1m 41s
Rendered 582/3425, time remaining: 1m 40s
Rendered 583/3425, time remaining: 1m 40s
Rendered 584/3425, time remaining: 1m 40s
Rendered 585/3425, time remaining: 1m 40s
Rendered 586/3425, time remaining: 1m 41s
Rendered 587/3425, time remaining: 1m 41s
Rendered 588/3425, time remaining: 1m 41s
Rendered 589/3425, time remaining: 1m 40s
Rendered 590/3425, time remaining: 1m 40s
Rendered 591/3425, time remaining: 1m 40s
Rendered 592/3425, time remaining: 1m 40s
Rendered 593/3425, time remaining: 1m 39s
Rendered 594/3425, time remaining: 1m 40s
Rendered 595/3425, time remaining: 1m 40s
Rendered 596/3425, time remaining: 1m 40s
Rendered 597/3425, time remaining: 1m 39s
Rendered 598/3425, time remaining: 1m 39s
Rendered 599/3425, time remaining: 1m 40s
Rendered 600/3425, time remaining: 1m 40s
Rendered 601/3425, time remaining: 1m 38s
Rendered 602/3425, time remaining: 1m 39s
Rendered 603/3425, time remaining: 1m 40s
Rendered 604/3425, time remaining: 1m 39s
Rendered 605/3425, time remaining: 1m 39s
Rendered 606/3425, time remaining: 1m 39s
Rendered 607/3425, time remaining: 1m 38s
Rendered 608/3425, time remaining: 1m 39s
Rendered 609/3425, time remaining: 1m 40s
Rendered 610/3425, time remaining: 1m 40s
Rendered 611/3425, time remaining: 1m 40s
Rendered 612/3425, time remaining: 1m 40s
Rendered 613/3425, time remaining: 1m 40s
Rendered 614/3425, time remaining: 1m 39s
Rendered 615/3425, time remaining: 1m 37s
Rendered 616/3425, time remaining: 1m 38s
Rendered 617/3425, time remaining: 1m 38s
Rendered 618/3425, time remaining: 1m 38s
Rendered 619/3425, time remaining: 1m 39s
Rendered 620/3425, time remaining: 1m 40s
Rendered 621/3425, time remaining: 1m 40s
Rendered 622/3425, time remaining: 1m 37s
Rendered 623/3425, time remaining: 1m 37s
Rendered 624/3425, time remaining: 1m 38s
Rendered 625/3425, time remaining: 1m 38s
Rendered 626/3425, time remaining: 1m 37s
Rendered 627/3425, time remaining: 1m 40s
Rendered 628/3425, time remaining: 1m 40s
Rendered 629/3425, time remaining: 1m 39s
Rendered 630/3425, time remaining: 1m 37s
Rendered 631/3425, time remaining: 1m 37s
Rendered 632/3425, time remaining: 1m 37s
Rendered 633/3425, time remaining: 1m 38s
Rendered 634/3425, time remaining: 1m 37s
Rendered 635/3425, time remaining: 1m 39s
Rendered 636/3425, time remaining: 1m 38s
Rendered 637/3425, time remaining: 1m 38s
Rendered 638/3425, time remaining: 1m 39s
Rendered 639/3425, time remaining: 1m 37s
Rendered 640/3425, time remaining: 1m 36s
Rendered 641/3425, time remaining: 1m 38s
Rendered 642/3425, time remaining: 1m 39s
Rendered 643/3425, time remaining: 1m 37s
Rendered 644/3425, time remaining: 1m 37s
Rendered 645/3425, time remaining: 1m 37s
Rendered 646/3425, time remaining: 1m 38s
Rendered 647/3425, time remaining: 1m 37s
Rendered 648/3425, time remaining: 1m 36s
Rendered 649/3425, time remaining: 1m 38s
Rendered 650/3425, time remaining: 1m 40s
Rendered 651/3425, time remaining: 1m 38s
Rendered 652/3425, time remaining: 1m 36s
Rendered 653/3425, time remaining: 1m 36s
Rendered 654/3425, time remaining: 1m 36s
Rendered 655/3425, time remaining: 1m 38s
Rendered 656/3425, time remaining: 1m 37s
Rendered 657/3425, time remaining: 1m 37s
Rendered 658/3425, time remaining: 1m 37s
Rendered 659/3425, time remaining: 1m 38s
Rendered 660/3425, time remaining: 1m 36s
Rendered 661/3425, time remaining: 1m 36s
Rendered 662/3425, time remaining: 1m 36s
Rendered 663/3425, time remaining: 1m 37s
Rendered 664/3425, time remaining: 1m 36s
Rendered 665/3425, time remaining: 1m 34s
Rendered 666/3425, time remaining: 1m 35s
Rendered 667/3425, time remaining: 1m 37s
Rendered 668/3425, time remaining: 1m 37s
Rendered 669/3425, time remaining: 1m 35s
Rendered 670/3425, time remaining: 1m 35s
Rendered 671/3425, time remaining: 1m 35s
Rendered 672/3425, time remaining: 1m 35s
Rendered 673/3425, time remaining: 1m 35s
Rendered 674/3425, time remaining: 1m 36s
Rendered 675/3425, time remaining: 1m 37s
Rendered 676/3425, time remaining: 1m 37s
Rendered 677/3425, time remaining: 1m 35s
Rendered 678/3425, time remaining: 1m 36s
Rendered 679/3425, time remaining: 1m 36s
Rendered 680/3425, time remaining: 1m 35s
Rendered 681/3425, time remaining: 1m 34s
Rendered 682/3425, time remaining: 1m 35s
Rendered 683/3425, time remaining: 1m 35s
Rendered 684/3425, time remaining: 1m 34s
Rendered 685/3425, time remaining: 1m 33s
Rendered 686/3425, time remaining: 1m 35s
Rendered 687/3425, time remaining: 1m 36s
Rendered 688/3425, time remaining: 1m 34s
Rendered 689/3425, time remaining: 1m 34s
Rendered 690/3425, time remaining: 1m 35s
Rendered 691/3425, time remaining: 1m 33s
Rendered 692/3425, time remaining: 1m 34s
Rendered 693/3425, time remaining: 1m 32s
Rendered 694/3425, time remaining: 1m 32s
Rendered 695/3425, time remaining: 1m 35s
Rendered 696/3425, time remaining: 1m 35s
Rendered 697/3425, time remaining: 1m 35s
Rendered 698/3425, time remaining: 1m 35s
Rendered 699/3425, time remaining: 1m 34s
Rendered 700/3425, time remaining: 1m 34s
Rendered 701/3425, time remaining: 1m 32s
Rendered 702/3425, time remaining: 1m 32s
Rendered 703/3425, time remaining: 1m 33s
Rendered 704/3425, time remaining: 1m 33s
Rendered 705/3425, time remaining: 1m 33s
Rendered 706/3425, time remaining: 1m 33s
Rendered 707/3425, time remaining: 1m 33s
Rendered 708/3425, time remaining: 1m 34s
Rendered 709/3425, time remaining: 1m 34s
Rendered 710/3425, time remaining: 1m 34s
Rendered 711/3425, time remaining: 1m 32s
Rendered 712/3425, time remaining: 1m 32s
Rendered 713/3425, time remaining: 1m 31s
Rendered 714/3425, time remaining: 1m 32s
Rendered 715/3425, time remaining: 1m 32s
Rendered 716/3425, time remaining: 1m 34s
Rendered 717/3425, time remaining: 1m 34s
Rendered 718/3425, time remaining: 1m 33s
Rendered 719/3425, time remaining: 1m 32s
Rendered 720/3425, time remaining: 1m 32s
Rendered 721/3425, time remaining: 1m 29s
Rendered 722/3425, time remaining: 1m 30s
Rendered 723/3425, time remaining: 1m 32s
Rendered 724/3425, time remaining: 1m 32s
Rendered 725/3425, time remaining: 1m 31s
Rendered 726/3425, time remaining: 1m 32s
Rendered 727/3425, time remaining: 1m 32s
Rendered 728/3425, time remaining: 1m 30s
Rendered 729/3425, time remaining: 1m 29s
Rendered 730/3425, time remaining: 1m 30s
Rendered 731/3425, time remaining: 1m 30s
Rendered 732/3425, time remaining: 1m 30s
Rendered 733/3425, time remaining: 1m 31s
Rendered 734/3425, time remaining: 1m 31s
Rendered 735/3425, time remaining: 1m 31s
Rendered 736/3425, time remaining: 1m 29s
Rendered 737/3425, time remaining: 1m 29s
Rendered 738/3425, time remaining: 1m 31s
Rendered 739/3425, time remaining: 1m 30s
Rendered 740/3425, time remaining: 1m 29s
Rendered 741/3425, time remaining: 1m 30s
Rendered 742/3425, time remaining: 1m 30s
Rendered 743/3425, time remaining: 1m 30s
Rendered 744/3425, time remaining: 1m 28s
Rendered 745/3425, time remaining: 1m 29s
Rendered 746/3425, time remaining: 1m 29s
Rendered 747/3425, time remaining: 1m 30s
Rendered 748/3425, time remaining: 1m 30s
Rendered 749/3425, time remaining: 1m 31s
Rendered 750/3425, time remaining: 1m 30s
Rendered 751/3425, time remaining: 1m 29s
Rendered 752/3425, time remaining: 1m 28s
Rendered 753/3425, time remaining: 1m 27s
Rendered 754/3425, time remaining: 1m 29s
Rendered 755/3425, time remaining: 1m 29s
Rendered 756/3425, time remaining: 1m 29s
Rendered 757/3425, time remaining: 1m 30s
Rendered 758/3425, time remaining: 1m 28s
Rendered 759/3425, time remaining: 1m 28s
Rendered 760/3425, time remaining: 1m 28s
Rendered 761/3425, time remaining: 1m 27s
Rendered 762/3425, time remaining: 1m 29s
Rendered 763/3425, time remaining: 1m 29s
Rendered 764/3425, time remaining: 1m 29s
Rendered 765/3425, time remaining: 1m 29s
Rendered 766/3425, time remaining: 1m 29s
Rendered 767/3425, time remaining: 1m 28s
Rendered 768/3425, time remaining: 1m 27s
Rendered 769/3425, time remaining: 1m 28s
Rendered 770/3425, time remaining: 1m 27s
Rendered 771/3425, time remaining: 1m 27s
Rendered 772/3425, time remaining: 1m 29s
Rendered 773/3425, time remaining: 1m 28s
Rendered 774/3425, time remaining: 1m 27s
Rendered 775/3425, time remaining: 1m 29s
Rendered 776/3425, time remaining: 1m 29s
Rendered 777/3425, time remaining: 1m 26s
Rendered 778/3425, time remaining: 1m 26s
Rendered 779/3425, time remaining: 1m 27s
Rendered 780/3425, time remaining: 1m 28s
Rendered 781/3425, time remaining: 1m 28s
Rendered 782/3425, time remaining: 1m 28s
Rendered 783/3425, time remaining: 1m 27s
Rendered 784/3425, time remaining: 1m 28s
Rendered 785/3425, time remaining: 1m 26s
Rendered 786/3425, time remaining: 1m 26s
Rendered 787/3425, time remaining: 1m 26s
Rendered 788/3425, time remaining: 1m 27s
Rendered 789/3425, time remaining: 1m 28s
Rendered 790/3425, time remaining: 1m 28s
Rendered 791/3425, time remaining: 1m 26s
Rendered 792/3425, time remaining: 1m 25s
Rendered 793/3425, time remaining: 1m 26s
Rendered 794/3425, time remaining: 1m 26s
Rendered 795/3425, time remaining: 1m 26s
Rendered 796/3425, time remaining: 1m 27s
Rendered 797/3425, time remaining: 1m 27s
Rendered 798/3425, time remaining: 1m 27s
Rendered 799/3425, time remaining: 1m 26s
Rendered 800/3425, time remaining: 1m 25s
Rendered 801/3425, time remaining: 1m 26s
Rendered 802/3425, time remaining: 1m 26s
Rendered 803/3425, time remaining: 1m 26s
Rendered 804/3425, time remaining: 1m 27s
Rendered 805/3425, time remaining: 1m 26s
Rendered 806/3425, time remaining: 1m 25s
Rendered 807/3425, time remaining: 1m 26s
Rendered 808/3425, time remaining: 1m 26s
Rendered 809/3425, time remaining: 1m 25s
Rendered 810/3425, time remaining: 1m 25s
Rendered 811/3425, time remaining: 1m 25s
Rendered 812/3425, time remaining: 1m 25s
Rendered 813/3425, time remaining: 1m 26s
Rendered 814/3425, time remaining: 1m 26s
Rendered 815/3425, time remaining: 1m 27s
Rendered 816/3425, time remaining: 1m 26s
Rendered 817/3425, time remaining: 1m 25s
Rendered 818/3425, time remaining: 1m 24s
Rendered 819/3425, time remaining: 1m 24s
Rendered 820/3425, time remaining: 1m 24s
Rendered 821/3425, time remaining: 1m 27s
Rendered 822/3425, time remaining: 1m 26s
Rendered 823/3425, time remaining: 1m 26s
Rendered 824/3425, time remaining: 1m 24s
Rendered 825/3425, time remaining: 1m 23s
Rendered 826/3425, time remaining: 1m 25s
Rendered 827/3425, time remaining: 1m 25s
Rendered 828/3425, time remaining: 1m 25s
Rendered 829/3425, time remaining: 1m 24s
Rendered 830/3425, time remaining: 1m 24s
Rendered 831/3425, time remaining: 1m 24s
Rendered 832/3425, time remaining: 1m 23s
Rendered 833/3425, time remaining: 1m 24s
Rendered 834/3425, time remaining: 1m 25s
Rendered 835/3425, time remaining: 1m 25s
Rendered 836/3425, time remaining: 1m 23s
Rendered 837/3425, time remaining: 1m 24s
Rendered 838/3425, time remaining: 1m 24s
Rendered 839/3425, time remaining: 1m 24s
Rendered 840/3425, time remaining: 1m 24s
Rendered 841/3425, time remaining: 1m 25s
Rendered 842/3425, time remaining: 1m 24s
Rendered 843/3425, time remaining: 1m 24s
Rendered 844/3425, time remaining: 1m 25s
Rendered 845/3425, time remaining: 1m 24s
Rendered 846/3425, time remaining: 1m 23s
Rendered 847/3425, time remaining: 1m 23s
Rendered 848/3425, time remaining: 1m 24s
Rendered 849/3425, time remaining: 1m 24s
Rendered 850/3425, time remaining: 1m 22s
Rendered 851/3425, time remaining: 1m 24s
Rendered 852/3425, time remaining: 1m 24s
Rendered 853/3425, time remaining: 1m 23s
Rendered 854/3425, time remaining: 1m 23s
Rendered 855/3425, time remaining: 1m 23s
Rendered 856/3425, time remaining: 1m 23s
Rendered 857/3425, time remaining: 1m 24s
Rendered 858/3425, time remaining: 1m 23s
Rendered 859/3425, time remaining: 1m 23s
Rendered 860/3425, time remaining: 1m 22s
Rendered 861/3425, time remaining: 1m 23s
Rendered 862/3425, time remaining: 1m 23s
Rendered 863/3425, time remaining: 1m 23s
Rendered 864/3425, time remaining: 1m 22s
Rendered 865/3425, time remaining: 1m 23s
Rendered 866/3425, time remaining: 1m 21s
Rendered 867/3425, time remaining: 1m 21s
Rendered 868/3425, time remaining: 1m 23s
Rendered 869/3425, time remaining: 1m 23s
Rendered 870/3425, time remaining: 1m 24s
Rendered 871/3425, time remaining: 1m 23s
Rendered 872/3425, time remaining: 1m 23s
Rendered 873/3425, time remaining: 1m 21s
Rendered 874/3425, time remaining: 1m 21s
Rendered 875/3425, time remaining: 1m 23s
Rendered 876/3425, time remaining: 1m 22s
Rendered 877/3425, time remaining: 1m 22s
Rendered 878/3425, time remaining: 1m 22s
Rendered 879/3425, time remaining: 1m 23s
Rendered 880/3425, time remaining: 1m 22s
Rendered 881/3425, time remaining: 1m 21s
Rendered 882/3425, time remaining: 1m 21s
Rendered 883/3425, time remaining: 1m 22s
Rendered 884/3425, time remaining: 1m 23s
Rendered 885/3425, time remaining: 1m 22s
Rendered 886/3425, time remaining: 1m 23s
Rendered 887/3425, time remaining: 1m 24s
Rendered 888/3425, time remaining: 1m 22s
Rendered 889/3425, time remaining: 1m 22s
Rendered 890/3425, time remaining: 1m 22s
Rendered 891/3425, time remaining: 1m 21s
Rendered 892/3425, time remaining: 1m 22s
Rendered 893/3425, time remaining: 1m 22s
Rendered 894/3425, time remaining: 1m 22s
Rendered 895/3425, time remaining: 1m 24s
Rendered 896/3425, time remaining: 1m 23s
Rendered 897/3425, time remaining: 1m 22s
Rendered 898/3425, time remaining: 1m 23s
Rendered 899/3425, time remaining: 1m 21s
Rendered 900/3425, time remaining: 1m 21s
Rendered 901/3425, time remaining: 1m 21s
Rendered 902/3425, time remaining: 1m 22s
Rendered 903/3425, time remaining: 1m 24s
Rendered 904/3425, time remaining: 1m 23s
Rendered 905/3425, time remaining: 1m 23s
Rendered 906/3425, time remaining: 1m 23s
Rendered 907/3425, time remaining: 1m 21s
Rendered 908/3425, time remaining: 1m 21s
Rendered 909/3425, time remaining: 1m 20s
Rendered 910/3425, time remaining: 1m 20s
Rendered 911/3425, time remaining: 1m 22s
Rendered 912/3425, time remaining: 1m 22s
Rendered 913/3425, time remaining: 1m 22s
Rendered 914/3425, time remaining: 1m 22s
Rendered 915/3425, time remaining: 1m 22s
Rendered 916/3425, time remaining: 1m 21s
Rendered 917/3425, time remaining: 1m 21s
Rendered 918/3425, time remaining: 1m 22s
Rendered 919/3425, time remaining: 1m 21s
Rendered 920/3425, time remaining: 1m 23s
Rendered 921/3425, time remaining: 1m 23s
Rendered 922/3425, time remaining: 1m 21s
Rendered 923/3425, time remaining: 1m 23s
Rendered 924/3425, time remaining: 1m 23s
Rendered 925/3425, time remaining: 1m 21s
Rendered 926/3425, time remaining: 1m 21s
Rendered 927/3425, time remaining: 1m 23s
Rendered 928/3425, time remaining: 1m 23s
Rendered 929/3425, time remaining: 1m 22s
Rendered 930/3425, time remaining: 1m 20s
Rendered 931/3425, time remaining: 1m 21s
Rendered 932/3425, time remaining: 1m 21s
Rendered 933/3425, time remaining: 1m 22s
Rendered 934/3425, time remaining: 1m 22s
Rendered 935/3425, time remaining: 1m 22s
Rendered 936/3425, time remaining: 1m 22s
Rendered 937/3425, time remaining: 1m 23s
Rendered 938/3425, time remaining: 1m 21s
Rendered 939/3425, time remaining: 1m 20s
Rendered 940/3425, time remaining: 1m 21s
Rendered 941/3425, time remaining: 1m 23s
Rendered 942/3425, time remaining: 1m 23s
Rendered 943/3425, time remaining: 1m 22s
Rendered 944/3425, time remaining: 1m 23s
Rendered 945/3425, time remaining: 1m 22s
Rendered 946/3425, time remaining: 1m 21s
Rendered 947/3425, time remaining: 1m 22s
Rendered 948/3425, time remaining: 1m 22s
Rendered 949/3425, time remaining: 1m 20s
Rendered 950/3425, time remaining: 1m 22s
Rendered 951/3425, time remaining: 1m 21s
Rendered 952/3425, time remaining: 1m 21s
Rendered 953/3425, time remaining: 1m 21s
Rendered 954/3425, time remaining: 1m 21s
Rendered 955/3425, time remaining: 1m 21s
Rendered 956/3425, time remaining: 1m 21s
Rendered 957/3425, time remaining: 1m 21s
Rendered 958/3425, time remaining: 1m 21s
Rendered 959/3425, time remaining: 1m 21s
Rendered 960/3425, time remaining: 1m 22s
Rendered 961/3425, time remaining: 1m 22s
Rendered 962/3425, time remaining: 1m 22s
Rendered 963/3425, time remaining: 1m 21s
Rendered 964/3425, time remaining: 1m 22s
Rendered 965/3425, time remaining: 1m 20s
Rendered 966/3425, time remaining: 1m 21s
Rendered 967/3425, time remaining: 1m 21s
Rendered 968/3425, time remaining: 1m 21s
Rendered 969/3425, time remaining: 1m 22s
Rendered 970/3425, time remaining: 1m 22s
Rendered 971/3425, time remaining: 1m 20s
Rendered 972/3425, time remaining: 1m 20s
Rendered 973/3425, time remaining: 1m 22s
Rendered 974/3425, time remaining: 1m 22s
Rendered 975/3425, time remaining: 1m 21s
Rendered 976/3425, time remaining: 1m 20s
Rendered 977/3425, time remaining: 1m 21s
Rendered 978/3425, time remaining: 1m 21s
Rendered 979/3425, time remaining: 1m 22s
Rendered 980/3425, time remaining: 1m 22s
Rendered 981/3425, time remaining: 1m 22s
Rendered 982/3425, time remaining: 1m 21s
Rendered 983/3425, time remaining: 1m 21s
Rendered 984/3425, time remaining: 1m 20s
Rendered 985/3425, time remaining: 1m 20s
Rendered 986/3425, time remaining: 1m 21s
Rendered 987/3425, time remaining: 1m 21s
Rendered 988/3425, time remaining: 1m 21s
Rendered 989/3425, time remaining: 1m 22s
Rendered 990/3425, time remaining: 1m 22s
Rendered 991/3425, time remaining: 1m 21s
Rendered 992/3425, time remaining: 1m 22s
Rendered 993/3425, time remaining: 1m 22s
Rendered 994/3425, time remaining: 1m 20s
Rendered 995/3425, time remaining: 1m 19s
Rendered 996/3425, time remaining: 1m 21s
Rendered 997/3425, time remaining: 1m 21s
Rendered 998/3425, time remaining: 1m 21s
Rendered 999/3425, time remaining: 1m 22s
Rendered 1000/3425, time remaining: 1m 22s
Rendered 1001/3425, time remaining: 1m 21s
Rendered 1002/3425, time remaining: 1m 21s
Rendered 1003/3425, time remaining: 1m 21s
Rendered 1004/3425, time remaining: 1m 21s
Rendered 1005/3425, time remaining: 1m 22s
Rendered 1006/3425, time remaining: 1m 22s
Rendered 1007/3425, time remaining: 1m 22s
Rendered 1008/3425, time remaining: 1m 20s
Rendered 1009/3425, time remaining: 1m 21s
Rendered 1010/3425, time remaining: 1m 21s
Rendered 1011/3425, time remaining: 1m 20s
Rendered 1012/3425, time remaining: 1m 22s
Rendered 1013/3425, time remaining: 1m 22s
Rendered 1014/3425, time remaining: 1m 22s
Rendered 1015/3425, time remaining: 1m 20s
Rendered 1016/3425, time remaining: 1m 22s
Rendered 1017/3425, time remaining: 1m 22s
Rendered 1018/3425, time remaining: 1m 20s
Rendered 1019/3425, time remaining: 1m 21s
Rendered 1020/3425, time remaining: 1m 21s
Rendered 1021/3425, time remaining: 1m 21s
Rendered 1022/3425, time remaining: 1m 21s
Rendered 1023/3425, time remaining: 1m 21s
Rendered 1024/3425, time remaining: 1m 23s
Rendered 1025/3425, time remaining: 1m 21s
Rendered 1026/3425, time remaining: 1m 21s
Rendered 1027/3425, time remaining: 1m 21s
Rendered 1028/3425, time remaining: 1m 21s
Rendered 1029/3425, time remaining: 1m 22s
Rendered 1030/3425, time remaining: 1m 21s
Rendered 1031/3425, time remaining: 1m 21s
Rendered 1032/3425, time remaining: 1m 21s
Rendered 1033/3425, time remaining: 1m 20s
Rendered 1034/3425, time remaining: 1m 19s
Rendered 1035/3425, time remaining: 1m 21s
Rendered 1036/3425, time remaining: 1m 20s
Rendered 1037/3425, time remaining: 1m 20s
Rendered 1038/3425, time remaining: 1m 20s
Rendered 1039/3425, time remaining: 1m 20s
Rendered 1040/3425, time remaining: 1m 20s
Rendered 1041/3425, time remaining: 1m 21s
Rendered 1042/3425, time remaining: 1m 21s
Rendered 1043/3425, time remaining: 1m 21s
Rendered 1044/3425, time remaining: 1m 22s
Rendered 1045/3425, time remaining: 1m 19s
Rendered 1046/3425, time remaining: 1m 19s
Rendered 1047/3425, time remaining: 1m 21s
Rendered 1048/3425, time remaining: 1m 20s
Rendered 1049/3425, time remaining: 1m 21s
Rendered 1050/3425, time remaining: 1m 21s
Rendered 1051/3425, time remaining: 1m 21s
Rendered 1052/3425, time remaining: 1m 20s
Rendered 1053/3425, time remaining: 1m 18s
Rendered 1054/3425, time remaining: 1m 19s
Rendered 1055/3425, time remaining: 1m 20s
Rendered 1056/3425, time remaining: 1m 20s
Rendered 1057/3425, time remaining: 1m 20s
Rendered 1058/3425, time remaining: 1m 20s
Rendered 1059/3425, time remaining: 1m 22s
Rendered 1060/3425, time remaining: 1m 22s
Rendered 1061/3425, time remaining: 1m 20s
Rendered 1062/3425, time remaining: 1m 19s
Rendered 1063/3425, time remaining: 1m 19s
Rendered 1064/3425, time remaining: 1m 19s
Rendered 1065/3425, time remaining: 1m 18s
Rendered 1066/3425, time remaining: 1m 21s
Rendered 1067/3425, time remaining: 1m 21s
Rendered 1068/3425, time remaining: 1m 20s
Rendered 1069/3425, time remaining: 1m 20s
Rendered 1070/3425, time remaining: 1m 20s
Rendered 1071/3425, time remaining: 1m 20s
Rendered 1072/3425, time remaining: 1m 20s
Rendered 1073/3425, time remaining: 1m 18s
Rendered 1074/3425, time remaining: 1m 19s
Rendered 1075/3425, time remaining: 1m 19s
Rendered 1076/3425, time remaining: 1m 20s
Rendered 1077/3425, time remaining: 1m 19s
Rendered 1078/3425, time remaining: 1m 19s
Rendered 1079/3425, time remaining: 1m 20s
Rendered 1080/3425, time remaining: 1m 20s
Rendered 1081/3425, time remaining: 1m 19s
Rendered 1082/3425, time remaining: 1m 19s
Rendered 1083/3425, time remaining: 1m 19s
Rendered 1084/3425, time remaining: 1m 20s
Rendered 1085/3425, time remaining: 1m 19s
Rendered 1086/3425, time remaining: 1m 20s
Rendered 1087/3425, time remaining: 1m 19s
Rendered 1088/3425, time remaining: 1m 19s
Rendered 1089/3425, time remaining: 1m 19s
Rendered 1090/3425, time remaining: 1m 19s
Rendered 1091/3425, time remaining: 1m 18s
Rendered 1092/3425, time remaining: 1m 18s
Rendered 1093/3425, time remaining: 1m 19s
Rendered 1094/3425, time remaining: 1m 19s
Rendered 1095/3425, time remaining: 1m 19s
Rendered 1096/3425, time remaining: 1m 19s
Rendered 1097/3425, time remaining: 1m 18s
Rendered 1098/3425, time remaining: 1m 20s
Rendered 1099/3425, time remaining: 1m 20s
Rendered 1100/3425, time remaining: 1m 18s
Rendered 1101/3425, time remaining: 1m 18s
Rendered 1102/3425, time remaining: 1m 18s
Rendered 1103/3425, time remaining: 1m 19s
Rendered 1104/3425, time remaining: 1m 18s
Rendered 1105/3425, time remaining: 1m 17s
Rendered 1106/3425, time remaining: 1m 19s
Rendered 1107/3425, time remaining: 1m 18s
Rendered 1108/3425, time remaining: 1m 18s
Rendered 1109/3425, time remaining: 1m 19s
Rendered 1110/3425, time remaining: 1m 18s
Rendered 1111/3425, time remaining: 1m 18s
Rendered 1112/3425, time remaining: 1m 19s
Rendered 1113/3425, time remaining: 1m 18s
Rendered 1114/3425, time remaining: 1m 17s
Rendered 1115/3425, time remaining: 1m 18s
Rendered 1116/3425, time remaining: 1m 18s
Rendered 1117/3425, time remaining: 1m 18s
Rendered 1118/3425, time remaining: 1m 18s
Rendered 1119/3425, time remaining: 1m 18s
Rendered 1120/3425, time remaining: 1m 18s
Rendered 1121/3425, time remaining: 1m 18s
Rendered 1122/3425, time remaining: 1m 17s
Rendered 1123/3425, time remaining: 1m 17s
Rendered 1124/3425, time remaining: 1m 18s
Rendered 1125/3425, time remaining: 1m 18s
Rendered 1126/3425, time remaining: 1m 18s
Rendered 1127/3425, time remaining: 1m 18s
Rendered 1128/3425, time remaining: 1m 18s
Rendered 1129/3425, time remaining: 1m 16s
Rendered 1130/3425, time remaining: 1m 16s
Rendered 1131/3425, time remaining: 1m 17s
Rendered 1132/3425, time remaining: 1m 17s
Rendered 1133/3425, time remaining: 1m 18s
Rendered 1134/3425, time remaining: 1m 18s
Rendered 1135/3425, time remaining: 1m 18s
Rendered 1136/3425, time remaining: 1m 18s
Rendered 1137/3425, time remaining: 1m 16s
Rendered 1138/3425, time remaining: 1m 16s
Rendered 1139/3425, time remaining: 1m 15s
Rendered 1140/3425, time remaining: 1m 17s
Rendered 1141/3425, time remaining: 1m 17s
Rendered 1142/3425, time remaining: 1m 17s
Rendered 1143/3425, time remaining: 1m 17s
Rendered 1144/3425, time remaining: 1m 17s
Rendered 1145/3425, time remaining: 1m 17s
Rendered 1146/3425, time remaining: 1m 16s
Rendered 1147/3425, time remaining: 1m 16s
Rendered 1148/3425, time remaining: 1m 18s
Rendered 1149/3425, time remaining: 1m 16s
Rendered 1150/3425, time remaining: 1m 16s
Rendered 1151/3425, time remaining: 1m 16s
Rendered 1152/3425, time remaining: 1m 15s
Rendered 1153/3425, time remaining: 1m 15s
Rendered 1154/3425, time remaining: 1m 15s
Rendered 1155/3425, time remaining: 1m 15s
Rendered 1156/3425, time remaining: 1m 17s
Rendered 1157/3425, time remaining: 1m 16s
Rendered 1158/3425, time remaining: 1m 16s
Rendered 1159/3425, time remaining: 1m 16s
Rendered 1160/3425, time remaining: 1m 15s
Rendered 1161/3425, time remaining: 1m 16s
Rendered 1162/3425, time remaining: 1m 15s
Rendered 1163/3425, time remaining: 1m 15s
Rendered 1164/3425, time remaining: 1m 16s
Rendered 1165/3425, time remaining: 1m 16s
Rendered 1166/3425, time remaining: 1m 16s
Rendered 1167/3425, time remaining: 1m 16s
Rendered 1168/3425, time remaining: 1m 16s
Rendered 1169/3425, time remaining: 1m 15s
Rendered 1170/3425, time remaining: 1m 15s
Rendered 1171/3425, time remaining: 1m 15s
Rendered 1172/3425, time remaining: 1m 15s
Rendered 1173/3425, time remaining: 1m 16s
Rendered 1174/3425, time remaining: 1m 14s
Rendered 1175/3425, time remaining: 1m 15s
Rendered 1176/3425, time remaining: 1m 15s
Rendered 1177/3425, time remaining: 1m 15s
Rendered 1178/3425, time remaining: 1m 15s
Rendered 1179/3425, time remaining: 1m 15s
Rendered 1180/3425, time remaining: 1m 15s
Rendered 1181/3425, time remaining: 1m 15s
Rendered 1182/3425, time remaining: 1m 15s
Rendered 1183/3425, time remaining: 1m 15s
Rendered 1184/3425, time remaining: 1m 15s
Rendered 1185/3425, time remaining: 1m 14s
Rendered 1186/3425, time remaining: 1m 14s
Rendered 1187/3425, time remaining: 1m 15s
Rendered 1188/3425, time remaining: 1m 15s
Rendered 1189/3425, time remaining: 1m 15s
Rendered 1190/3425, time remaining: 1m 15s
Rendered 1191/3425, time remaining: 1m 15s
Rendered 1192/3425, time remaining: 1m 14s
Rendered 1193/3425, time remaining: 1m 14s
Rendered 1194/3425, time remaining: 1m 14s
Rendered 1195/3425, time remaining: 1m 15s
Rendered 1196/3425, time remaining: 1m 16s
Rendered 1197/3425, time remaining: 1m 14s
Rendered 1198/3425, time remaining: 1m 14s
Rendered 1199/3425, time remaining: 1m 13s
Rendered 1200/3425, time remaining: 1m 13s
Rendered 1201/3425, time remaining: 1m 15s
Rendered 1202/3425, time remaining: 1m 14s
Rendered 1203/3425, time remaining: 1m 14s
Rendered 1204/3425, time remaining: 1m 15s
Rendered 1205/3425, time remaining: 1m 14s
Rendered 1206/3425, time remaining: 1m 14s
Rendered 1207/3425, time remaining: 1m 14s
Rendered 1208/3425, time remaining: 1m 14s
Rendered 1209/3425, time remaining: 1m 13s
Rendered 1210/3425, time remaining: 1m 13s
Rendered 1211/3425, time remaining: 1m 13s
Rendered 1212/3425, time remaining: 1m 15s
Rendered 1213/3425, time remaining: 1m 15s
Rendered 1214/3425, time remaining: 1m 14s
Rendered 1215/3425, time remaining: 1m 14s
Rendered 1216/3425, time remaining: 1m 12s
Rendered 1217/3425, time remaining: 1m 14s
Rendered 1218/3425, time remaining: 1m 13s
Rendered 1219/3425, time remaining: 1m 14s
Rendered 1220/3425, time remaining: 1m 13s
Rendered 1221/3425, time remaining: 1m 13s
Rendered 1222/3425, time remaining: 1m 13s
Rendered 1223/3425, time remaining: 1m 13s
Rendered 1224/3425, time remaining: 1m 14s
Rendered 1225/3425, time remaining: 1m 14s
Rendered 1226/3425, time remaining: 1m 13s
Rendered 1227/3425, time remaining: 1m 14s
Rendered 1228/3425, time remaining: 1m 13s
Rendered 1229/3425, time remaining: 1m 12s
Rendered 1230/3425, time remaining: 1m 14s
Rendered 1231/3425, time remaining: 1m 14s
Rendered 1232/3425, time remaining: 1m 15s
Rendered 1233/3425, time remaining: 1m 14s
Rendered 1234/3425, time remaining: 1m 13s
Rendered 1235/3425, time remaining: 1m 13s
Rendered 1236/3425, time remaining: 1m 13s
Rendered 1237/3425, time remaining: 1m 13s
Rendered 1238/3425, time remaining: 1m 13s
Rendered 1239/3425, time remaining: 1m 13s
Rendered 1240/3425, time remaining: 1m 14s
Rendered 1241/3425, time remaining: 1m 14s
Rendered 1242/3425, time remaining: 1m 14s
Rendered 1243/3425, time remaining: 1m 13s
Rendered 1244/3425, time remaining: 1m 12s
Rendered 1245/3425, time remaining: 1m 12s
Rendered 1246/3425, time remaining: 1m 12s
Rendered 1247/3425, time remaining: 1m 12s
Rendered 1248/3425, time remaining: 1m 12s
Rendered 1249/3425, time remaining: 1m 12s
Rendered 1250/3425, time remaining: 1m 12s
Rendered 1251/3425, time remaining: 1m 12s
Rendered 1252/3425, time remaining: 1m 13s
Rendered 1253/3425, time remaining: 1m 12s
Rendered 1254/3425, time remaining: 1m 13s
Rendered 1255/3425, time remaining: 1m 13s
Rendered 1256/3425, time remaining: 1m 11s
Rendered 1257/3425, time remaining: 1m 13s
Rendered 1258/3425, time remaining: 1m 13s
Rendered 1259/3425, time remaining: 1m 12s
Rendered 1260/3425, time remaining: 1m 12s
Rendered 1261/3425, time remaining: 1m 13s
Rendered 1262/3425, time remaining: 1m 12s
Rendered 1263/3425, time remaining: 1m 12s
Rendered 1264/3425, time remaining: 1m 12s
Rendered 1265/3425, time remaining: 1m 14s
Rendered 1266/3425, time remaining: 1m 12s
Rendered 1267/3425, time remaining: 1m 12s
Rendered 1268/3425, time remaining: 1m 12s
Rendered 1269/3425, time remaining: 1m 12s
Rendered 1270/3425, time remaining: 1m 12s
Rendered 1271/3425, time remaining: 1m 12s
Rendered 1272/3425, time remaining: 1m 12s
Rendered 1273/3425, time remaining: 1m 11s
Rendered 1274/3425, time remaining: 1m 10s
Rendered 1275/3425, time remaining: 1m 11s
Rendered 1276/3425, time remaining: 1m 11s
Rendered 1277/3425, time remaining: 1m 12s
Rendered 1278/3425, time remaining: 1m 12s
Rendered 1279/3425, time remaining: 1m 12s
Rendered 1280/3425, time remaining: 1m 12s
Rendered 1281/3425, time remaining: 1m 11s
Rendered 1282/3425, time remaining: 1m 11s
Rendered 1283/3425, time remaining: 1m 11s
Rendered 1284/3425, time remaining: 1m 11s
Rendered 1285/3425, time remaining: 1m 11s
Rendered 1286/3425, time remaining: 1m 12s
Rendered 1287/3425, time remaining: 1m 12s
Rendered 1288/3425, time remaining: 1m 12s
Rendered 1289/3425, time remaining: 1m 12s
Rendered 1290/3425, time remaining: 1m 10s
Rendered 1291/3425, time remaining: 1m 10s
Rendered 1292/3425, time remaining: 1m 10s
Rendered 1293/3425, time remaining: 1m 10s
Rendered 1294/3425, time remaining: 1m 12s
Rendered 1295/3425, time remaining: 1m 12s
Rendered 1296/3425, time remaining: 1m 12s
Rendered 1297/3425, time remaining: 1m 12s
Rendered 1298/3425, time remaining: 1m 10s
Rendered 1299/3425, time remaining: 1m 10s
Rendered 1300/3425, time remaining: 1m 10s
Rendered 1301/3425, time remaining: 1m 11s
Rendered 1302/3425, time remaining: 1m 11s
Rendered 1303/3425, time remaining: 1m 11s
Rendered 1304/3425, time remaining: 1m 12s
Rendered 1305/3425, time remaining: 1m 13s
Rendered 1306/3425, time remaining: 1m 10s
Rendered 1307/3425, time remaining: 1m 10s
Rendered 1308/3425, time remaining: 1m 10s
Rendered 1309/3425, time remaining: 1m 11s
Rendered 1310/3425, time remaining: 1m 12s
Rendered 1311/3425, time remaining: 1m 11s
Rendered 1312/3425, time remaining: 1m 10s
Rendered 1313/3425, time remaining: 1m 11s
Rendered 1314/3425, time remaining: 1m 10s
Rendered 1315/3425, time remaining: 1m 11s
Rendered 1316/3425, time remaining: 1m 10s
Rendered 1317/3425, time remaining: 1m 10s
Rendered 1318/3425, time remaining: 1m 11s
Rendered 1319/3425, time remaining: 1m 11s
Rendered 1320/3425, time remaining: 1m 11s
Rendered 1321/3425, time remaining: 1m 11s
Rendered 1322/3425, time remaining: 1m 11s
Rendered 1323/3425, time remaining: 1m 10s
Rendered 1324/3425, time remaining: 1m 10s
Rendered 1325/3425, time remaining: 1m 10s
Rendered 1326/3425, time remaining: 1m 11s
Rendered 1327/3425, time remaining: 1m 10s
Rendered 1328/3425, time remaining: 1m 10s
Rendered 1329/3425, time remaining: 1m 9s
Rendered 1330/3425, time remaining: 1m 9s
Rendered 1331/3425, time remaining: 1m 10s
Rendered 1332/3425, time remaining: 1m 10s
Rendered 1333/3425, time remaining: 1m 10s
Rendered 1334/3425, time remaining: 1m 10s
Rendered 1335/3425, time remaining: 1m 10s
Rendered 1336/3425, time remaining: 1m 11s
Rendered 1337/3425, time remaining: 1m 9s
Rendered 1338/3425, time remaining: 1m 9s
Rendered 1339/3425, time remaining: 1m 9s
Rendered 1340/3425, time remaining: 1m 9s
Rendered 1341/3425, time remaining: 1m 10s
Rendered 1342/3425, time remaining: 1m 10s
Rendered 1343/3425, time remaining: 1m 10s
Rendered 1344/3425, time remaining: 1m 9s
Rendered 1345/3425, time remaining: 1m 8s
Rendered 1346/3425, time remaining: 1m 8s
Rendered 1347/3425, time remaining: 1m 8s
Rendered 1348/3425, time remaining: 1m 10s
Rendered 1349/3425, time remaining: 1m 10s
Rendered 1350/3425, time remaining: 1m 10s
Rendered 1351/3425, time remaining: 1m 10s
Rendered 1352/3425, time remaining: 1m 10s
Rendered 1353/3425, time remaining: 1m 10s
Rendered 1354/3425, time remaining: 1m 8s
Rendered 1355/3425, time remaining: 1m 8s
Rendered 1356/3425, time remaining: 1m 8s
Rendered 1357/3425, time remaining: 1m 8s
Rendered 1358/3425, time remaining: 1m 8s
Rendered 1359/3425, time remaining: 1m 10s
Rendered 1360/3425, time remaining: 1m 10s
Rendered 1361/3425, time remaining: 1m 10s
Rendered 1362/3425, time remaining: 1m 8s
Rendered 1363/3425, time remaining: 1m 8s
Rendered 1364/3425, time remaining: 1m 8s
Rendered 1365/3425, time remaining: 1m 8s
Rendered 1366/3425, time remaining: 1m 10s
Rendered 1367/3425, time remaining: 1m 10s
Rendered 1368/3425, time remaining: 1m 10s
Rendered 1369/3425, time remaining: 1m 10s
Rendered 1370/3425, time remaining: 1m 9s
Rendered 1371/3425, time remaining: 1m 9s
Rendered 1372/3425, time remaining: 1m 9s
Rendered 1373/3425, time remaining: 1m 10s
Rendered 1374/3425, time remaining: 1m 8s
Rendered 1375/3425, time remaining: 1m 8s
Rendered 1376/3425, time remaining: 1m 9s
Rendered 1377/3425, time remaining: 1m 8s
Rendered 1378/3425, time remaining: 1m 9s
Rendered 1379/3425, time remaining: 1m 9s
Rendered 1380/3425, time remaining: 1m 8s
Rendered 1381/3425, time remaining: 1m 8s
Rendered 1382/3425, time remaining: 1m 7s
Rendered 1383/3425, time remaining: 1m 7s
Rendered 1384/3425, time remaining: 1m 9s
Rendered 1385/3425, time remaining: 1m 9s
Rendered 1386/3425, time remaining: 1m 9s
Rendered 1387/3425, time remaining: 1m 8s
Rendered 1388/3425, time remaining: 1m 8s
Rendered 1389/3425, time remaining: 1m 8s
Rendered 1390/3425, time remaining: 1m 7s
Rendered 1391/3425, time remaining: 1m 8s
Rendered 1392/3425, time remaining: 1m 9s
Rendered 1393/3425, time remaining: 1m 9s
Rendered 1394/3425, time remaining: 1m 8s
Rendered 1395/3425, time remaining: 1m 8s
Rendered 1396/3425, time remaining: 1m 9s
Rendered 1397/3425, time remaining: 1m 8s
Rendered 1398/3425, time remaining: 1m 7s
Rendered 1399/3425, time remaining: 1m 8s
Rendered 1400/3425, time remaining: 1m 8s
Rendered 1401/3425, time remaining: 1m 9s
Rendered 1402/3425, time remaining: 1m 8s
Rendered 1403/3425, time remaining: 1m 8s
Rendered 1404/3425, time remaining: 1m 8s
Rendered 1405/3425, time remaining: 1m 8s
Rendered 1406/3425, time remaining: 1m 8s
Rendered 1407/3425, time remaining: 1m 7s
Rendered 1408/3425, time remaining: 1m 7s
Rendered 1409/3425, time remaining: 1m 8s
Rendered 1410/3425, time remaining: 1m 8s
Rendered 1411/3425, time remaining: 1m 7s
Rendered 1412/3425, time remaining: 1m 7s
Rendered 1413/3425, time remaining: 1m 8s
Rendered 1414/3425, time remaining: 1m 8s
Rendered 1415/3425, time remaining: 1m 6s
Rendered 1416/3425, time remaining: 1m 8s
Rendered 1417/3425, time remaining: 1m 7s
Rendered 1418/3425, time remaining: 1m 8s
Rendered 1419/3425, time remaining: 1m 7s
Rendered 1420/3425, time remaining: 1m 7s
Rendered 1421/3425, time remaining: 1m 8s
Rendered 1422/3425, time remaining: 1m 8s
Rendered 1423/3425, time remaining: 1m 8s
Rendered 1424/3425, time remaining: 1m 9s
Rendered 1425/3425, time remaining: 1m 8s
Rendered 1426/3425, time remaining: 1m 8s
Rendered 1427/3425, time remaining: 1m 7s
Rendered 1428/3425, time remaining: 1m 7s
Rendered 1429/3425, time remaining: 1m 7s
Rendered 1430/3425, time remaining: 1m 7s
Rendered 1431/3425, time remaining: 1m 6s
Rendered 1432/3425, time remaining: 1m 9s
Rendered 1433/3425, time remaining: 1m 8s
Rendered 1434/3425, time remaining: 1m 8s
Rendered 1435/3425, time remaining: 1m 8s
Rendered 1436/3425, time remaining: 1m 7s
Rendered 1437/3425, time remaining: 1m 7s
Rendered 1438/3425, time remaining: 1m 6s
Rendered 1439/3425, time remaining: 1m 7s
Rendered 1440/3425, time remaining: 1m 7s
Rendered 1441/3425, time remaining: 1m 8s
Rendered 1442/3425, time remaining: 1m 8s
Rendered 1443/3425, time remaining: 1m 8s
Rendered 1444/3425, time remaining: 1m 6s
Rendered 1445/3425, time remaining: 1m 7s
Rendered 1446/3425, time remaining: 1m 6s
Rendered 1447/3425, time remaining: 1m 6s
Rendered 1448/3425, time remaining: 1m 8s
Rendered 1449/3425, time remaining: 1m 8s
Rendered 1450/3425, time remaining: 1m 8s
Rendered 1451/3425, time remaining: 1m 6s
Rendered 1452/3425, time remaining: 1m 7s
Rendered 1453/3425, time remaining: 1m 6s
Rendered 1454/3425, time remaining: 1m 6s
Rendered 1455/3425, time remaining: 1m 6s
Rendered 1456/3425, time remaining: 1m 6s
Rendered 1457/3425, time remaining: 1m 6s
Rendered 1458/3425, time remaining: 1m 6s
Rendered 1459/3425, time remaining: 1m 6s
Rendered 1460/3425, time remaining: 1m 7s
Rendered 1461/3425, time remaining: 1m 7s
Rendered 1462/3425, time remaining: 1m 6s
Rendered 1463/3425, time remaining: 1m 6s
Rendered 1464/3425, time remaining: 1m 7s
Rendered 1465/3425, time remaining: 1m 6s
Rendered 1466/3425, time remaining: 1m 6s
Rendered 1467/3425, time remaining: 1m 6s
Rendered 1468/3425, time remaining: 1m 6s
Rendered 1469/3425, time remaining: 1m 7s
Rendered 1470/3425, time remaining: 1m 6s
Rendered 1471/3425, time remaining: 1m 6s
Rendered 1472/3425, time remaining: 1m 6s
Rendered 1473/3425, time remaining: 1m 6s
Rendered 1474/3425, time remaining: 1m 6s
Rendered 1475/3425, time remaining: 1m 5s
Rendered 1476/3425, time remaining: 1m 5s
Rendered 1477/3425, time remaining: 1m 5s
Rendered 1478/3425, time remaining: 1m 5s
Rendered 1479/3425, time remaining: 1m 5s
Rendered 1480/3425, time remaining: 1m 5s
Rendered 1481/3425, time remaining: 1m 4s
Rendered 1482/3425, time remaining: 1m 4s
Rendered 1483/3425, time remaining: 1m 4s
Rendered 1484/3425, time remaining: 1m 3s
Rendered 1485/3425, time remaining: 1m 3s
Rendered 1486/3425, time remaining: 1m 2s
Rendered 1487/3425, time remaining: 1m 2s
Rendered 1488/3425, time remaining: 1m 2s
Rendered 1489/3425, time remaining: 1m 2s
Rendered 1490/3425, time remaining: 1m 1s
Rendered 1491/3425, time remaining: 1m 0s
Rendered 1492/3425, time remaining: 1m 1s
Rendered 1493/3425, time remaining: 1m 1s
Rendered 1494/3425, time remaining: 1m 1s
Rendered 1495/3425, time remaining: 1m 2s
Rendered 1496/3425, time remaining: 1m 3s
Rendered 1497/3425, time remaining: 1m 3s
Rendered 1498/3425, time remaining: 1m 1s
Rendered 1499/3425, time remaining: 1m 0s
Rendered 1500/3425, time remaining: 1m 2s
Rendered 1501/3425, time remaining: 1m 1s
Rendered 1502/3425, time remaining: 1m 1s
Rendered 1503/3425, time remaining: 1m 1s
Rendered 1504/3425, time remaining: 1m 1s
Rendered 1505/3425, time remaining: 1m 1s
Rendered 1506/3425, time remaining: 1m 2s
Rendered 1507/3425, time remaining: 1m 2s
Rendered 1508/3425, time remaining: 1m 1s
Rendered 1509/3425, time remaining: 59s
Rendered 1510/3425, time remaining: 1m 0s
Rendered 1511/3425, time remaining: 1m 0s
Rendered 1512/3425, time remaining: 1m 1s
Rendered 1513/3425, time remaining: 1m 1s
Rendered 1514/3425, time remaining: 1m 1s
Rendered 1515/3425, time remaining: 1m 1s
Rendered 1516/3425, time remaining: 1m 1s
Rendered 1517/3425, time remaining: 59s
Rendered 1518/3425, time remaining: 59s
Rendered 1519/3425, time remaining: 59s
Rendered 1520/3425, time remaining: 59s
Rendered 1521/3425, time remaining: 1m 0s
Rendered 1522/3425, time remaining: 1m 0s
Rendered 1523/3425, time remaining: 1m 0s
Rendered 1524/3425, time remaining: 1m 0s
Rendered 1525/3425, time remaining: 1m 0s
Rendered 1526/3425, time remaining: 59s
Rendered 1527/3425, time remaining: 59s
Rendered 1528/3425, time remaining: 59s
Rendered 1529/3425, time remaining: 1m 0s
Rendered 1530/3425, time remaining: 1m 0s
Rendered 1531/3425, time remaining: 1m 1s
Rendered 1532/3425, time remaining: 1m 0s
Rendered 1533/3425, time remaining: 1m 0s
Rendered 1534/3425, time remaining: 59s
Rendered 1535/3425, time remaining: 59s
Rendered 1536/3425, time remaining: 59s
Rendered 1537/3425, time remaining: 59s
Rendered 1538/3425, time remaining: 59s
Rendered 1539/3425, time remaining: 1m 0s
Rendered 1540/3425, time remaining: 1m 0s
Rendered 1541/3425, time remaining: 1m 0s
Rendered 1542/3425, time remaining: 59s
Rendered 1543/3425, time remaining: 59s
Rendered 1544/3425, time remaining: 59s
Rendered 1545/3425, time remaining: 59s
Rendered 1546/3425, time remaining: 59s
Rendered 1547/3425, time remaining: 59s
Rendered 1548/3425, time remaining: 1m 0s
Rendered 1549/3425, time remaining: 59s
Rendered 1550/3425, time remaining: 59s
Rendered 1551/3425, time remaining: 59s
Rendered 1552/3425, time remaining: 59s
Rendered 1553/3425, time remaining: 59s
Rendered 1554/3425, time remaining: 59s
Rendered 1555/3425, time remaining: 59s
Rendered 1556/3425, time remaining: 1m 0s
Rendered 1557/3425, time remaining: 1m 0s
Rendered 1558/3425, time remaining: 59s
Rendered 1559/3425, time remaining: 58s
Rendered 1560/3425, time remaining: 58s
Rendered 1561/3425, time remaining: 58s
Rendered 1562/3425, time remaining: 59s
Rendered 1563/3425, time remaining: 59s
Rendered 1564/3425, time remaining: 59s
Rendered 1565/3425, time remaining: 59s
Rendered 1566/3425, time remaining: 58s
Rendered 1567/3425, time remaining: 59s
Rendered 1568/3425, time remaining: 58s
Rendered 1569/3425, time remaining: 58s
Rendered 1570/3425, time remaining: 59s
Rendered 1571/3425, time remaining: 58s
Rendered 1572/3425, time remaining: 58s
Rendered 1573/3425, time remaining: 58s
Rendered 1574/3425, time remaining: 57s
Rendered 1575/3425, time remaining: 57s
Rendered 1576/3425, time remaining: 58s
Rendered 1577/3425, time remaining: 59s
Rendered 1578/3425, time remaining: 59s
Rendered 1579/3425, time remaining: 59s
Rendered 1580/3425, time remaining: 59s
Rendered 1581/3425, time remaining: 59s
Rendered 1582/3425, time remaining: 57s
Rendered 1583/3425, time remaining: 57s
Rendered 1584/3425, time remaining: 58s
Rendered 1585/3425, time remaining: 59s
Rendered 1586/3425, time remaining: 58s
Rendered 1587/3425, time remaining: 59s
Rendered 1588/3425, time remaining: 59s
Rendered 1589/3425, time remaining: 58s
Rendered 1590/3425, time remaining: 58s
Rendered 1591/3425, time remaining: 58s
Rendered 1592/3425, time remaining: 58s
Rendered 1593/3425, time remaining: 58s
Rendered 1594/3425, time remaining: 58s
Rendered 1595/3425, time remaining: 58s
Rendered 1596/3425, time remaining: 59s
Rendered 1597/3425, time remaining: 59s
Rendered 1598/3425, time remaining: 57s
Rendered 1599/3425, time remaining: 57s
Rendered 1600/3425, time remaining: 57s
Rendered 1601/3425, time remaining: 58s
Rendered 1602/3425, time remaining: 57s
Rendered 1603/3425, time remaining: 59s
Rendered 1604/3425, time remaining: 59s
Rendered 1605/3425, time remaining: 58s
Rendered 1606/3425, time remaining: 58s
Rendered 1607/3425, time remaining: 57s
Rendered 1608/3425, time remaining: 57s
Rendered 1609/3425, time remaining: 58s
Rendered 1610/3425, time remaining: 57s
Rendered 1611/3425, time remaining: 58s
Rendered 1612/3425, time remaining: 58s
Rendered 1613/3425, time remaining: 58s
Rendered 1614/3425, time remaining: 57s
Rendered 1615/3425, time remaining: 57s
Rendered 1616/3425, time remaining: 58s
Rendered 1617/3425, time remaining: 58s
Rendered 1618/3425, time remaining: 57s
Rendered 1619/3425, time remaining: 58s
Rendered 1620/3425, time remaining: 58s
Rendered 1621/3425, time remaining: 58s
Rendered 1622/3425, time remaining: 58s
Rendered 1623/3425, time remaining: 57s
Rendered 1624/3425, time remaining: 58s
Rendered 1625/3425, time remaining: 58s
Rendered 1626/3425, time remaining: 58s
Rendered 1627/3425, time remaining: 59s
Rendered 1628/3425, time remaining: 59s
Rendered 1629/3425, time remaining: 59s
Rendered 1630/3425, time remaining: 58s
Rendered 1631/3425, time remaining: 59s
Rendered 1632/3425, time remaining: 59s
Rendered 1633/3425, time remaining: 59s
Rendered 1634/3425, time remaining: 59s
Rendered 1635/3425, time remaining: 1m 1s
Rendered 1636/3425, time remaining: 1m 1s
Rendered 1637/3425, time remaining: 1m 1s
Rendered 1638/3425, time remaining: 1m 1s
Rendered 1639/3425, time remaining: 1m 1s
Rendered 1640/3425, time remaining: 1m 1s
Rendered 1641/3425, time remaining: 1m 1s
Rendered 1642/3425, time remaining: 1m 0s
Rendered 1643/3425, time remaining: 1m 2s
Rendered 1644/3425, time remaining: 1m 2s
Rendered 1645/3425, time remaining: 1m 1s
Rendered 1646/3425, time remaining: 1m 1s
Rendered 1647/3425, time remaining: 1m 1s
Rendered 1648/3425, time remaining: 1m 1s
Rendered 1649/3425, time remaining: 1m 1s
Rendered 1650/3425, time remaining: 59s
Rendered 1651/3425, time remaining: 1m 1s
Rendered 1652/3425, time remaining: 1m 1s
Rendered 1653/3425, time remaining: 1m 1s
Rendered 1654/3425, time remaining: 1m 1s
Rendered 1655/3425, time remaining: 1m 1s
Rendered 1656/3425, time remaining: 1m 0s
Rendered 1657/3425, time remaining: 1m 0s
Rendered 1658/3425, time remaining: 1m 0s
Rendered 1659/3425, time remaining: 1m 2s
Rendered 1660/3425, time remaining: 1m 1s
Rendered 1661/3425, time remaining: 1m 1s
Rendered 1662/3425, time remaining: 1m 1s
Rendered 1663/3425, time remaining: 1m 1s
Rendered 1664/3425, time remaining: 1m 1s
Rendered 1665/3425, time remaining: 1m 0s
Rendered 1666/3425, time remaining: 1m 1s
Rendered 1667/3425, time remaining: 1m 1s
Rendered 1668/3425, time remaining: 1m 1s
Rendered 1669/3425, time remaining: 1m 1s
Rendered 1670/3425, time remaining: 1m 1s
Rendered 1671/3425, time remaining: 1m 1s
Rendered 1672/3425, time remaining: 1m 1s
Rendered 1673/3425, time remaining: 1m 0s
Rendered 1674/3425, time remaining: 1m 0s
Rendered 1675/3425, time remaining: 1m 1s
Rendered 1676/3425, time remaining: 1m 1s
Rendered 1677/3425, time remaining: 1m 1s
Rendered 1678/3425, time remaining: 1m 1s
Rendered 1679/3425, time remaining: 59s
Rendered 1680/3425, time remaining: 59s
Rendered 1681/3425, time remaining: 59s
Rendered 1682/3425, time remaining: 1m 0s
Rendered 1683/3425, time remaining: 1m 1s
Rendered 1684/3425, time remaining: 1m 1s
Rendered 1685/3425, time remaining: 1m 1s
Rendered 1686/3425, time remaining: 1m 0s
Rendered 1687/3425, time remaining: 1m 0s
Rendered 1688/3425, time remaining: 1m 0s
Rendered 1689/3425, time remaining: 1m 0s
Rendered 1690/3425, time remaining: 1m 0s
Rendered 1691/3425, time remaining: 1m 0s
Rendered 1692/3425, time remaining: 1m 1s
Rendered 1693/3425, time remaining: 1m 1s
Rendered 1694/3425, time remaining: 1m 0s
Rendered 1695/3425, time remaining: 1m 0s
Rendered 1696/3425, time remaining: 1m 0s
Rendered 1697/3425, time remaining: 1m 0s
Rendered 1698/3425, time remaining: 59s
Rendered 1699/3425, time remaining: 1m 0s
Rendered 1700/3425, time remaining: 1m 0s
Rendered 1701/3425, time remaining: 1m 0s
Rendered 1702/3425, time remaining: 1m 0s
Rendered 1703/3425, time remaining: 1m 0s
Rendered 1704/3425, time remaining: 59s
Rendered 1705/3425, time remaining: 59s
Rendered 1706/3425, time remaining: 59s
Rendered 1707/3425, time remaining: 1m 0s
Rendered 1708/3425, time remaining: 59s
Rendered 1709/3425, time remaining: 1m 0s
Rendered 1710/3425, time remaining: 1m 0s
Rendered 1711/3425, time remaining: 1m 1s
Rendered 1712/3425, time remaining: 1m 0s
Rendered 1713/3425, time remaining: 59s
Rendered 1714/3425, time remaining: 59s
Rendered 1715/3425, time remaining: 1m 0s
Rendered 1716/3425, time remaining: 1m 0s
Rendered 1717/3425, time remaining: 59s
Rendered 1718/3425, time remaining: 1m 0s
Rendered 1719/3425, time remaining: 1m 0s
Rendered 1720/3425, time remaining: 59s
Rendered 1721/3425, time remaining: 59s
Rendered 1722/3425, time remaining: 59s
Rendered 1723/3425, time remaining: 1m 0s
Rendered 1724/3425, time remaining: 1m 1s
Rendered 1725/3425, time remaining: 1m 1s
Rendered 1726/3425, time remaining: 1m 0s
Rendered 1727/3425, time remaining: 58s
Rendered 1728/3425, time remaining: 59s
Rendered 1729/3425, time remaining: 59s
Rendered 1730/3425, time remaining: 58s
Rendered 1731/3425, time remaining: 59s
Rendered 1732/3425, time remaining: 1m 0s
Rendered 1733/3425, time remaining: 1m 0s
Rendered 1734/3425, time remaining: 59s
Rendered 1735/3425, time remaining: 58s
Rendered 1736/3425, time remaining: 58s
Rendered 1737/3425, time remaining: 57s
Rendered 1738/3425, time remaining: 58s
Rendered 1739/3425, time remaining: 59s
Rendered 1740/3425, time remaining: 59s
Rendered 1741/3425, time remaining: 58s
Rendered 1742/3425, time remaining: 58s
Rendered 1743/3425, time remaining: 58s
Rendered 1744/3425, time remaining: 58s
Rendered 1745/3425, time remaining: 58s
Rendered 1746/3425, time remaining: 58s
Rendered 1747/3425, time remaining: 58s
Rendered 1748/3425, time remaining: 58s
Rendered 1749/3425, time remaining: 59s
Rendered 1750/3425, time remaining: 59s
Rendered 1751/3425, time remaining: 58s
Rendered 1752/3425, time remaining: 58s
Rendered 1753/3425, time remaining: 56s
Rendered 1754/3425, time remaining: 58s
Rendered 1755/3425, time remaining: 58s
Rendered 1756/3425, time remaining: 58s
Rendered 1757/3425, time remaining: 58s
Rendered 1758/3425, time remaining: 59s
Rendered 1759/3425, time remaining: 58s
Rendered 1760/3425, time remaining: 57s
Rendered 1761/3425, time remaining: 56s
Rendered 1762/3425, time remaining: 57s
Rendered 1763/3425, time remaining: 58s
Rendered 1764/3425, time remaining: 57s
Rendered 1765/3425, time remaining: 57s
Rendered 1766/3425, time remaining: 58s
Rendered 1767/3425, time remaining: 58s
Rendered 1768/3425, time remaining: 58s
Rendered 1769/3425, time remaining: 56s
Rendered 1770/3425, time remaining: 56s
Rendered 1771/3425, time remaining: 57s
Rendered 1772/3425, time remaining: 58s
Rendered 1773/3425, time remaining: 58s
Rendered 1774/3425, time remaining: 57s
Rendered 1775/3425, time remaining: 57s
Rendered 1776/3425, time remaining: 57s
Rendered 1777/3425, time remaining: 56s
Rendered 1778/3425, time remaining: 56s
Rendered 1779/3425, time remaining: 57s
Rendered 1780/3425, time remaining: 58s
Rendered 1781/3425, time remaining: 58s
Rendered 1782/3425, time remaining: 58s
Rendered 1783/3425, time remaining: 58s
Rendered 1784/3425, time remaining: 58s
Rendered 1785/3425, time remaining: 56s
Rendered 1786/3425, time remaining: 56s
Rendered 1787/3425, time remaining: 56s
Rendered 1788/3425, time remaining: 57s
Rendered 1789/3425, time remaining: 57s
Rendered 1790/3425, time remaining: 58s
Rendered 1791/3425, time remaining: 58s
Rendered 1792/3425, time remaining: 58s
Rendered 1793/3425, time remaining: 56s
Rendered 1794/3425, time remaining: 56s
Rendered 1795/3425, time remaining: 56s
Rendered 1796/3425, time remaining: 56s
Rendered 1797/3425, time remaining: 56s
Rendered 1798/3425, time remaining: 57s
Rendered 1799/3425, time remaining: 57s
Rendered 1800/3425, time remaining: 58s
Rendered 1801/3425, time remaining: 56s
Rendered 1802/3425, time remaining: 56s
Rendered 1803/3425, time remaining: 56s
Rendered 1804/3425, time remaining: 56s
Rendered 1805/3425, time remaining: 56s
Rendered 1806/3425, time remaining: 56s
Rendered 1807/3425, time remaining: 56s
Rendered 1808/3425, time remaining: 56s
Rendered 1809/3425, time remaining: 56s
Rendered 1810/3425, time remaining: 56s
Rendered 1811/3425, time remaining: 56s
Rendered 1812/3425, time remaining: 56s
Rendered 1813/3425, time remaining: 56s
Rendered 1814/3425, time remaining: 56s
Rendered 1815/3425, time remaining: 56s
Rendered 1816/3425, time remaining: 56s
Rendered 1817/3425, time remaining: 55s
Rendered 1818/3425, time remaining: 55s
Rendered 1819/3425, time remaining: 55s
Rendered 1820/3425, time remaining: 57s
Rendered 1821/3425, time remaining: 56s
Rendered 1822/3425, time remaining: 56s
Rendered 1823/3425, time remaining: 56s
Rendered 1824/3425, time remaining: 56s
Rendered 1825/3425, time remaining: 55s
Rendered 1826/3425, time remaining: 55s
Rendered 1827/3425, time remaining: 56s
Rendered 1828/3425, time remaining: 56s
Rendered 1829/3425, time remaining: 56s
Rendered 1830/3425, time remaining: 56s
Rendered 1831/3425, time remaining: 56s
Rendered 1832/3425, time remaining: 54s
Rendered 1833/3425, time remaining: 55s
Rendered 1834/3425, time remaining: 55s
Rendered 1835/3425, time remaining: 54s
Rendered 1836/3425, time remaining: 56s
Rendered 1837/3425, time remaining: 56s
Rendered 1838/3425, time remaining: 56s
Rendered 1839/3425, time remaining: 55s
Rendered 1840/3425, time remaining: 55s
Rendered 1841/3425, time remaining: 54s
Rendered 1842/3425, time remaining: 54s
Rendered 1843/3425, time remaining: 54s
Rendered 1844/3425, time remaining: 55s
Rendered 1845/3425, time remaining: 55s
Rendered 1846/3425, time remaining: 55s
Rendered 1847/3425, time remaining: 55s
Rendered 1848/3425, time remaining: 55s
Rendered 1849/3425, time remaining: 54s
Rendered 1850/3425, time remaining: 55s
Rendered 1851/3425, time remaining: 54s
Rendered 1852/3425, time remaining: 54s
Rendered 1853/3425, time remaining: 55s
Rendered 1854/3425, time remaining: 55s
Rendered 1855/3425, time remaining: 55s
Rendered 1856/3425, time remaining: 55s
Rendered 1857/3425, time remaining: 54s
Rendered 1858/3425, time remaining: 54s
Rendered 1859/3425, time remaining: 53s
Rendered 1860/3425, time remaining: 54s
Rendered 1861/3425, time remaining: 54s
Rendered 1862/3425, time remaining: 54s
Rendered 1863/3425, time remaining: 54s
Rendered 1864/3425, time remaining: 55s
Rendered 1865/3425, time remaining: 54s
Rendered 1866/3425, time remaining: 53s
Rendered 1867/3425, time remaining: 53s
Rendered 1868/3425, time remaining: 54s
Rendered 1869/3425, time remaining: 54s
Rendered 1870/3425, time remaining: 54s
Rendered 1871/3425, time remaining: 54s
Rendered 1872/3425, time remaining: 55s
Rendered 1873/3425, time remaining: 53s
Rendered 1874/3425, time remaining: 53s
Rendered 1875/3425, time remaining: 53s
Rendered 1876/3425, time remaining: 54s
Rendered 1877/3425, time remaining: 54s
Rendered 1878/3425, time remaining: 54s
Rendered 1879/3425, time remaining: 53s
Rendered 1880/3425, time remaining: 54s
Rendered 1881/3425, time remaining: 53s
Rendered 1882/3425, time remaining: 53s
Rendered 1883/3425, time remaining: 53s
Rendered 1884/3425, time remaining: 52s
Rendered 1885/3425, time remaining: 52s
Rendered 1886/3425, time remaining: 53s
Rendered 1887/3425, time remaining: 53s
Rendered 1888/3425, time remaining: 53s
Rendered 1889/3425, time remaining: 52s
Rendered 1890/3425, time remaining: 53s
Rendered 1891/3425, time remaining: 53s
Rendered 1892/3425, time remaining: 53s
Rendered 1893/3425, time remaining: 53s
Rendered 1894/3425, time remaining: 54s
Rendered 1895/3425, time remaining: 53s
Rendered 1896/3425, time remaining: 53s
Rendered 1897/3425, time remaining: 53s
Rendered 1898/3425, time remaining: 53s
Rendered 1899/3425, time remaining: 52s
Rendered 1900/3425, time remaining: 52s
Rendered 1901/3425, time remaining: 52s
Rendered 1902/3425, time remaining: 53s
Rendered 1903/3425, time remaining: 54s
Rendered 1904/3425, time remaining: 52s
Rendered 1905/3425, time remaining: 52s
Rendered 1906/3425, time remaining: 52s
Rendered 1907/3425, time remaining: 52s
Rendered 1908/3425, time remaining: 52s
Rendered 1909/3425, time remaining: 52s
Rendered 1910/3425, time remaining: 53s
Rendered 1911/3425, time remaining: 53s
Rendered 1912/3425, time remaining: 52s
Rendered 1913/3425, time remaining: 52s
Rendered 1914/3425, time remaining: 52s
Rendered 1915/3425, time remaining: 52s
Rendered 1916/3425, time remaining: 52s
Rendered 1917/3425, time remaining: 52s
Rendered 1918/3425, time remaining: 52s
Rendered 1919/3425, time remaining: 52s
Rendered 1920/3425, time remaining: 52s
Rendered 1921/3425, time remaining: 51s
Rendered 1922/3425, time remaining: 51s
Rendered 1923/3425, time remaining: 52s
Rendered 1924/3425, time remaining: 52s
Rendered 1925/3425, time remaining: 52s
Rendered 1926/3425, time remaining: 52s
Rendered 1927/3425, time remaining: 52s
Rendered 1928/3425, time remaining: 52s
Rendered 1929/3425, time remaining: 51s
Rendered 1930/3425, time remaining: 50s
Rendered 1931/3425, time remaining: 52s
Rendered 1932/3425, time remaining: 51s
Rendered 1933/3425, time remaining: 51s
Rendered 1934/3425, time remaining: 51s
Rendered 1935/3425, time remaining: 51s
Rendered 1936/3425, time remaining: 51s
Rendered 1937/3425, time remaining: 51s
Rendered 1938/3425, time remaining: 50s
Rendered 1939/3425, time remaining: 52s
Rendered 1940/3425, time remaining: 50s
Rendered 1941/3425, time remaining: 50s
Rendered 1942/3425, time remaining: 50s
Rendered 1943/3425, time remaining: 51s
Rendered 1944/3425, time remaining: 50s
Rendered 1945/3425, time remaining: 51s
Rendered 1946/3425, time remaining: 51s
Rendered 1947/3425, time remaining: 52s
Rendered 1948/3425, time remaining: 51s
Rendered 1949/3425, time remaining: 50s
Rendered 1950/3425, time remaining: 50s
Rendered 1951/3425, time remaining: 50s
Rendered 1952/3425, time remaining: 50s
Rendered 1953/3425, time remaining: 50s
Rendered 1954/3425, time remaining: 50s
Rendered 1955/3425, time remaining: 50s
Rendered 1956/3425, time remaining: 50s
Rendered 1957/3425, time remaining: 51s
Rendered 1958/3425, time remaining: 52s
Rendered 1959/3425, time remaining: 50s
Rendered 1960/3425, time remaining: 50s
Rendered 1961/3425, time remaining: 51s
Rendered 1962/3425, time remaining: 50s
Rendered 1963/3425, time remaining: 50s
Rendered 1964/3425, time remaining: 50s
Rendered 1965/3425, time remaining: 50s
Rendered 1966/3425, time remaining: 51s
Rendered 1967/3425, time remaining: 51s
Rendered 1968/3425, time remaining: 51s
Rendered 1969/3425, time remaining: 51s
Rendered 1970/3425, time remaining: 49s
Rendered 1971/3425, time remaining: 49s
Rendered 1972/3425, time remaining: 50s
Rendered 1973/3425, time remaining: 50s
Rendered 1974/3425, time remaining: 51s
Rendered 1975/3425, time remaining: 51s
Rendered 1976/3425, time remaining: 50s
Rendered 1977/3425, time remaining: 51s
Rendered 1978/3425, time remaining: 49s
Rendered 1979/3425, time remaining: 49s
Rendered 1980/3425, time remaining: 49s
Rendered 1981/3425, time remaining: 49s
Rendered 1982/3425, time remaining: 51s
Rendered 1983/3425, time remaining: 50s
Rendered 1984/3425, time remaining: 50s
Rendered 1985/3425, time remaining: 50s
Rendered 1986/3425, time remaining: 50s
Rendered 1987/3425, time remaining: 49s
Rendered 1988/3425, time remaining: 49s
Rendered 1989/3425, time remaining: 49s
Rendered 1990/3425, time remaining: 49s
Rendered 1991/3425, time remaining: 49s
Rendered 1992/3425, time remaining: 49s
Rendered 1993/3425, time remaining: 50s
Rendered 1994/3425, time remaining: 49s
Rendered 1995/3425, time remaining: 50s
Rendered 1996/3425, time remaining: 49s
Rendered 1997/3425, time remaining: 49s
Rendered 1998/3425, time remaining: 49s
Rendered 1999/3425, time remaining: 50s
Rendered 2000/3425, time remaining: 49s
Rendered 2001/3425, time remaining: 50s
Rendered 2002/3425, time remaining: 50s
Rendered 2003/3425, time remaining: 49s
Rendered 2004/3425, time remaining: 49s
Rendered 2005/3425, time remaining: 49s
Rendered 2006/3425, time remaining: 49s
Rendered 2007/3425, time remaining: 49s
Rendered 2008/3425, time remaining: 49s
Rendered 2009/3425, time remaining: 49s
Rendered 2010/3425, time remaining: 49s
Rendered 2011/3425, time remaining: 49s
Rendered 2012/3425, time remaining: 49s
Rendered 2013/3425, time remaining: 50s
Rendered 2014/3425, time remaining: 49s
Rendered 2015/3425, time remaining: 49s
Rendered 2016/3425, time remaining: 49s
Rendered 2017/3425, time remaining: 49s
Rendered 2018/3425, time remaining: 48s
Rendered 2019/3425, time remaining: 49s
Rendered 2020/3425, time remaining: 49s
Rendered 2021/3425, time remaining: 49s
Rendered 2022/3425, time remaining: 48s
Rendered 2023/3425, time remaining: 48s
Rendered 2024/3425, time remaining: 48s
Rendered 2025/3425, time remaining: 48s
Rendered 2026/3425, time remaining: 48s
Rendered 2027/3425, time remaining: 48s
Rendered 2028/3425, time remaining: 48s
Rendered 2029/3425, time remaining: 49s
Rendered 2030/3425, time remaining: 49s
Rendered 2031/3425, time remaining: 49s
Rendered 2032/3425, time remaining: 48s
Rendered 2033/3425, time remaining: 48s
Rendered 2034/3425, time remaining: 48s
Rendered 2035/3425, time remaining: 49s
Rendered 2036/3425, time remaining: 48s
Rendered 2037/3425, time remaining: 49s
Rendered 2038/3425, time remaining: 48s
Rendered 2039/3425, time remaining: 48s
Rendered 2040/3425, time remaining: 48s
Rendered 2041/3425, time remaining: 48s
Rendered 2042/3425, time remaining: 48s
Rendered 2043/3425, time remaining: 48s
Rendered 2044/3425, time remaining: 47s
Rendered 2045/3425, time remaining: 48s
Rendered 2046/3425, time remaining: 48s
Rendered 2047/3425, time remaining: 48s
Rendered 2048/3425, time remaining: 48s
Rendered 2049/3425, time remaining: 48s
Rendered 2050/3425, time remaining: 48s
Rendered 2051/3425, time remaining: 48s
Rendered 2052/3425, time remaining: 48s
Rendered 2053/3425, time remaining: 47s
Rendered 2054/3425, time remaining: 47s
Rendered 2055/3425, time remaining: 47s
Rendered 2056/3425, time remaining: 47s
Rendered 2057/3425, time remaining: 49s
Rendered 2058/3425, time remaining: 48s
Rendered 2059/3425, time remaining: 48s
Rendered 2060/3425, time remaining: 47s
Rendered 2061/3425, time remaining: 48s
Rendered 2062/3425, time remaining: 47s
Rendered 2063/3425, time remaining: 47s
Rendered 2064/3425, time remaining: 47s
Rendered 2065/3425, time remaining: 48s
Rendered 2066/3425, time remaining: 47s
Rendered 2067/3425, time remaining: 47s
Rendered 2068/3425, time remaining: 47s
Rendered 2069/3425, time remaining: 48s
Rendered 2070/3425, time remaining: 47s
Rendered 2071/3425, time remaining: 48s
Rendered 2072/3425, time remaining: 47s
Rendered 2073/3425, time remaining: 47s
Rendered 2074/3425, time remaining: 46s
Rendered 2075/3425, time remaining: 47s
Rendered 2076/3425, time remaining: 47s
Rendered 2077/3425, time remaining: 47s
Rendered 2078/3425, time remaining: 47s
Rendered 2079/3425, time remaining: 47s
Rendered 2080/3425, time remaining: 47s
Rendered 2081/3425, time remaining: 46s
Rendered 2082/3425, time remaining: 46s
Rendered 2083/3425, time remaining: 47s
Rendered 2084/3425, time remaining: 47s
Rendered 2085/3425, time remaining: 47s
Rendered 2086/3425, time remaining: 47s
Rendered 2087/3425, time remaining: 47s
Rendered 2088/3425, time remaining: 47s
Rendered 2089/3425, time remaining: 46s
Rendered 2090/3425, time remaining: 47s
Rendered 2091/3425, time remaining: 47s
Rendered 2092/3425, time remaining: 47s
Rendered 2093/3425, time remaining: 47s
Rendered 2094/3425, time remaining: 47s
Rendered 2095/3425, time remaining: 46s
Rendered 2096/3425, time remaining: 47s
Rendered 2097/3425, time remaining: 46s
Rendered 2098/3425, time remaining: 46s
Rendered 2099/3425, time remaining: 46s
Rendered 2100/3425, time remaining: 46s
Rendered 2101/3425, time remaining: 47s
Rendered 2102/3425, time remaining: 47s
Rendered 2103/3425, time remaining: 47s
Rendered 2104/3425, time remaining: 46s
Rendered 2105/3425, time remaining: 46s
Rendered 2106/3425, time remaining: 46s
Rendered 2107/3425, time remaining: 46s
Rendered 2108/3425, time remaining: 46s
Rendered 2109/3425, time remaining: 45s
Rendered 2110/3425, time remaining: 46s
Rendered 2111/3425, time remaining: 46s
Rendered 2112/3425, time remaining: 46s
Rendered 2113/3425, time remaining: 46s
Rendered 2114/3425, time remaining: 45s
Rendered 2115/3425, time remaining: 47s
Rendered 2116/3425, time remaining: 46s
Rendered 2117/3425, time remaining: 46s
Rendered 2118/3425, time remaining: 46s
Rendered 2119/3425, time remaining: 45s
Rendered 2120/3425, time remaining: 45s
Rendered 2121/3425, time remaining: 45s
Rendered 2122/3425, time remaining: 44s
Rendered 2123/3425, time remaining: 46s
Rendered 2124/3425, time remaining: 45s
Rendered 2125/3425, time remaining: 45s
Rendered 2126/3425, time remaining: 46s
Rendered 2127/3425, time remaining: 45s
Rendered 2128/3425, time remaining: 45s
Rendered 2129/3425, time remaining: 45s
Rendered 2130/3425, time remaining: 45s
Rendered 2131/3425, time remaining: 45s
Rendered 2132/3425, time remaining: 44s
Rendered 2133/3425, time remaining: 44s
Rendered 2134/3425, time remaining: 46s
Rendered 2135/3425, time remaining: 45s
Rendered 2136/3425, time remaining: 45s
Rendered 2137/3425, time remaining: 45s
Rendered 2138/3425, time remaining: 45s
Rendered 2139/3425, time remaining: 45s
Rendered 2140/3425, time remaining: 45s
Rendered 2141/3425, time remaining: 45s
Rendered 2142/3425, time remaining: 45s
Rendered 2143/3425, time remaining: 45s
Rendered 2144/3425, time remaining: 45s
Rendered 2145/3425, time remaining: 45s
Rendered 2146/3425, time remaining: 45s
Rendered 2147/3425, time remaining: 45s
Rendered 2148/3425, time remaining: 44s
Rendered 2149/3425, time remaining: 44s
Rendered 2150/3425, time remaining: 44s
Rendered 2151/3425, time remaining: 44s
Rendered 2152/3425, time remaining: 45s
Rendered 2153/3425, time remaining: 45s
Rendered 2154/3425, time remaining: 44s
Rendered 2155/3425, time remaining: 44s
Rendered 2156/3425, time remaining: 44s
Rendered 2157/3425, time remaining: 44s
Rendered 2158/3425, time remaining: 44s
Rendered 2159/3425, time remaining: 45s
Rendered 2160/3425, time remaining: 44s
Rendered 2161/3425, time remaining: 44s
Rendered 2162/3425, time remaining: 44s
Rendered 2163/3425, time remaining: 43s
Rendered 2164/3425, time remaining: 44s
Rendered 2165/3425, time remaining: 44s
Rendered 2166/3425, time remaining: 44s
Rendered 2167/3425, time remaining: 44s
Rendered 2168/3425, time remaining: 44s
Rendered 2169/3425, time remaining: 43s
Rendered 2170/3425, time remaining: 43s
Rendered 2171/3425, time remaining: 44s
Rendered 2172/3425, time remaining: 44s
Rendered 2173/3425, time remaining: 44s
Rendered 2174/3425, time remaining: 44s
Rendered 2175/3425, time remaining: 44s
Rendered 2176/3425, time remaining: 44s
Rendered 2177/3425, time remaining: 43s
Rendered 2178/3425, time remaining: 43s
Rendered 2179/3425, time remaining: 43s
Rendered 2180/3425, time remaining: 43s
Rendered 2181/3425, time remaining: 43s
Rendered 2182/3425, time remaining: 43s
Rendered 2183/3425, time remaining: 44s
Rendered 2184/3425, time remaining: 44s
Rendered 2185/3425, time remaining: 43s
Rendered 2186/3425, time remaining: 43s
Rendered 2187/3425, time remaining: 43s
Rendered 2188/3425, time remaining: 43s
Rendered 2189/3425, time remaining: 43s
Rendered 2190/3425, time remaining: 43s
Rendered 2191/3425, time remaining: 43s
Rendered 2192/3425, time remaining: 43s
Rendered 2193/3425, time remaining: 43s
Rendered 2194/3425, time remaining: 44s
Rendered 2195/3425, time remaining: 43s
Rendered 2196/3425, time remaining: 43s
Rendered 2197/3425, time remaining: 43s
Rendered 2198/3425, time remaining: 43s
Rendered 2199/3425, time remaining: 42s
Rendered 2200/3425, time remaining: 42s
Rendered 2201/3425, time remaining: 42s
Rendered 2202/3425, time remaining: 43s
Rendered 2203/3425, time remaining: 43s
Rendered 2204/3425, time remaining: 43s
Rendered 2205/3425, time remaining: 43s
Rendered 2206/3425, time remaining: 43s
Rendered 2207/3425, time remaining: 42s
Rendered 2208/3425, time remaining: 42s
Rendered 2209/3425, time remaining: 42s
Rendered 2210/3425, time remaining: 43s
Rendered 2211/3425, time remaining: 42s
Rendered 2212/3425, time remaining: 42s
Rendered 2213/3425, time remaining: 42s
Rendered 2214/3425, time remaining: 42s
Rendered 2215/3425, time remaining: 41s
Rendered 2216/3425, time remaining: 41s
Rendered 2217/3425, time remaining: 42s
Rendered 2218/3425, time remaining: 43s
Rendered 2219/3425, time remaining: 42s
Rendered 2220/3425, time remaining: 42s
Rendered 2221/3425, time remaining: 42s
Rendered 2222/3425, time remaining: 42s
Rendered 2223/3425, time remaining: 42s
Rendered 2224/3425, time remaining: 42s
Rendered 2225/3425, time remaining: 42s
Rendered 2226/3425, time remaining: 42s
Rendered 2227/3425, time remaining: 42s
Rendered 2228/3425, time remaining: 42s
Rendered 2229/3425, time remaining: 42s
Rendered 2230/3425, time remaining: 42s
Rendered 2231/3425, time remaining: 42s
Rendered 2232/3425, time remaining: 42s
Rendered 2233/3425, time remaining: 41s
Rendered 2234/3425, time remaining: 41s
Rendered 2235/3425, time remaining: 41s
Rendered 2236/3425, time remaining: 41s
Rendered 2237/3425, time remaining: 42s
Rendered 2238/3425, time remaining: 42s
Rendered 2239/3425, time remaining: 42s
Rendered 2240/3425, time remaining: 41s
Rendered 2241/3425, time remaining: 41s
Rendered 2242/3425, time remaining: 41s
Rendered 2243/3425, time remaining: 41s
Rendered 2244/3425, time remaining: 41s
Rendered 2245/3425, time remaining: 42s
Rendered 2246/3425, time remaining: 41s
Rendered 2247/3425, time remaining: 41s
Rendered 2248/3425, time remaining: 41s
Rendered 2249/3425, time remaining: 41s
Rendered 2250/3425, time remaining: 41s
Rendered 2251/3425, time remaining: 40s
Rendered 2252/3425, time remaining: 41s
Rendered 2253/3425, time remaining: 41s
Rendered 2254/3425, time remaining: 41s
Rendered 2255/3425, time remaining: 41s
Rendered 2256/3425, time remaining: 41s
Rendered 2257/3425, time remaining: 40s
Rendered 2258/3425, time remaining: 40s
Rendered 2259/3425, time remaining: 41s
Rendered 2260/3425, time remaining: 40s
Rendered 2261/3425, time remaining: 40s
Rendered 2262/3425, time remaining: 40s
Rendered 2263/3425, time remaining: 41s
Rendered 2264/3425, time remaining: 41s
Rendered 2265/3425, time remaining: 40s
Rendered 2266/3425, time remaining: 40s
Rendered 2267/3425, time remaining: 40s
Rendered 2268/3425, time remaining: 40s
Rendered 2269/3425, time remaining: 40s
Rendered 2270/3425, time remaining: 40s
Rendered 2271/3425, time remaining: 41s
Rendered 2272/3425, time remaining: 41s
Rendered 2273/3425, time remaining: 40s
Rendered 2274/3425, time remaining: 40s
Rendered 2275/3425, time remaining: 40s
Rendered 2276/3425, time remaining: 39s
Rendered 2277/3425, time remaining: 40s
Rendered 2278/3425, time remaining: 40s
Rendered 2279/3425, time remaining: 41s
Rendered 2280/3425, time remaining: 41s
Rendered 2281/3425, time remaining: 40s
Rendered 2282/3425, time remaining: 40s
Rendered 2283/3425, time remaining: 40s
Rendered 2284/3425, time remaining: 39s
Rendered 2285/3425, time remaining: 39s
Rendered 2286/3425, time remaining: 39s
Rendered 2287/3425, time remaining: 40s
Rendered 2288/3425, time remaining: 40s
Rendered 2289/3425, time remaining: 40s
Rendered 2290/3425, time remaining: 40s
Rendered 2291/3425, time remaining: 39s
Rendered 2292/3425, time remaining: 40s
Rendered 2293/3425, time remaining: 39s
Rendered 2294/3425, time remaining: 39s
Rendered 2295/3425, time remaining: 39s
Rendered 2296/3425, time remaining: 40s
Rendered 2297/3425, time remaining: 40s
Rendered 2298/3425, time remaining: 40s
Rendered 2299/3425, time remaining: 40s
Rendered 2300/3425, time remaining: 40s
Rendered 2301/3425, time remaining: 39s
Rendered 2302/3425, time remaining: 39s
Rendered 2303/3425, time remaining: 39s
Rendered 2304/3425, time remaining: 39s
Rendered 2305/3425, time remaining: 39s
Rendered 2306/3425, time remaining: 39s
Rendered 2307/3425, time remaining: 39s
Rendered 2308/3425, time remaining: 40s
Rendered 2309/3425, time remaining: 39s
Rendered 2310/3425, time remaining: 39s
Rendered 2311/3425, time remaining: 39s
Rendered 2312/3425, time remaining: 38s
Rendered 2313/3425, time remaining: 39s
Rendered 2314/3425, time remaining: 39s
Rendered 2315/3425, time remaining: 39s
Rendered 2316/3425, time remaining: 39s
Rendered 2317/3425, time remaining: 39s
Rendered 2318/3425, time remaining: 39s
Rendered 2319/3425, time remaining: 38s
Rendered 2320/3425, time remaining: 39s
Rendered 2321/3425, time remaining: 38s
Rendered 2322/3425, time remaining: 39s
Rendered 2323/3425, time remaining: 39s
Rendered 2324/3425, time remaining: 39s
Rendered 2325/3425, time remaining: 39s
Rendered 2326/3425, time remaining: 39s
Rendered 2327/3425, time remaining: 39s
Rendered 2328/3425, time remaining: 39s
Rendered 2329/3425, time remaining: 38s
Rendered 2330/3425, time remaining: 38s
Rendered 2331/3425, time remaining: 38s
Rendered 2332/3425, time remaining: 39s
Rendered 2333/3425, time remaining: 38s
Rendered 2334/3425, time remaining: 38s
Rendered 2335/3425, time remaining: 38s
Rendered 2336/3425, time remaining: 39s
Rendered 2337/3425, time remaining: 38s
Rendered 2338/3425, time remaining: 38s
Rendered 2339/3425, time remaining: 38s
Rendered 2340/3425, time remaining: 38s
Rendered 2341/3425, time remaining: 38s
Rendered 2342/3425, time remaining: 38s
Rendered 2343/3425, time remaining: 38s
Rendered 2344/3425, time remaining: 37s
Rendered 2345/3425, time remaining: 38s
Rendered 2346/3425, time remaining: 38s
Rendered 2347/3425, time remaining: 38s
Rendered 2348/3425, time remaining: 38s
Rendered 2349/3425, time remaining: 38s
Rendered 2350/3425, time remaining: 38s
Rendered 2351/3425, time remaining: 38s
Rendered 2352/3425, time remaining: 37s
Rendered 2353/3425, time remaining: 37s
Rendered 2354/3425, time remaining: 37s
Rendered 2355/3425, time remaining: 37s
Rendered 2356/3425, time remaining: 38s
Rendered 2357/3425, time remaining: 38s
Rendered 2358/3425, time remaining: 37s
Rendered 2359/3425, time remaining: 37s
Rendered 2360/3425, time remaining: 37s
Rendered 2361/3425, time remaining: 37s
Rendered 2362/3425, time remaining: 38s
Rendered 2363/3425, time remaining: 38s
Rendered 2364/3425, time remaining: 38s
Rendered 2365/3425, time remaining: 38s
Rendered 2366/3425, time remaining: 38s
Rendered 2367/3425, time remaining: 37s
Rendered 2368/3425, time remaining: 37s
Rendered 2369/3425, time remaining: 37s
Rendered 2370/3425, time remaining: 37s
Rendered 2371/3425, time remaining: 38s
Rendered 2372/3425, time remaining: 37s
Rendered 2373/3425, time remaining: 37s
Rendered 2374/3425, time remaining: 37s
Rendered 2375/3425, time remaining: 36s
Rendered 2376/3425, time remaining: 37s
Rendered 2377/3425, time remaining: 37s
Rendered 2378/3425, time remaining: 37s
Rendered 2379/3425, time remaining: 36s
Rendered 2380/3425, time remaining: 36s
Rendered 2381/3425, time remaining: 37s
Rendered 2382/3425, time remaining: 36s
Rendered 2383/3425, time remaining: 36s
Rendered 2384/3425, time remaining: 36s
Rendered 2385/3425, time remaining: 37s
Rendered 2386/3425, time remaining: 37s
Rendered 2387/3425, time remaining: 36s
Rendered 2388/3425, time remaining: 36s
Rendered 2389/3425, time remaining: 36s
Rendered 2390/3425, time remaining: 36s
Rendered 2391/3425, time remaining: 36s
Rendered 2392/3425, time remaining: 36s
Rendered 2393/3425, time remaining: 37s
Rendered 2394/3425, time remaining: 36s
Rendered 2395/3425, time remaining: 35s
Rendered 2396/3425, time remaining: 35s
Rendered 2397/3425, time remaining: 35s
Rendered 2398/3425, time remaining: 36s
Rendered 2399/3425, time remaining: 36s
Rendered 2400/3425, time remaining: 36s
Rendered 2401/3425, time remaining: 36s
Rendered 2402/3425, time remaining: 35s
Rendered 2403/3425, time remaining: 35s
Rendered 2404/3425, time remaining: 35s
Rendered 2405/3425, time remaining: 35s
Rendered 2406/3425, time remaining: 35s
Rendered 2407/3425, time remaining: 36s
Rendered 2408/3425, time remaining: 36s
Rendered 2409/3425, time remaining: 35s
Rendered 2410/3425, time remaining: 35s
Rendered 2411/3425, time remaining: 36s
Rendered 2412/3425, time remaining: 36s
Rendered 2413/3425, time remaining: 35s
Rendered 2414/3425, time remaining: 35s
Rendered 2415/3425, time remaining: 35s
Rendered 2416/3425, time remaining: 35s
Rendered 2417/3425, time remaining: 36s
Rendered 2418/3425, time remaining: 35s
Rendered 2419/3425, time remaining: 35s
Rendered 2420/3425, time remaining: 35s
Rendered 2421/3425, time remaining: 34s
Rendered 2422/3425, time remaining: 34s
Rendered 2423/3425, time remaining: 34s
Rendered 2424/3425, time remaining: 35s
Rendered 2425/3425, time remaining: 35s
Rendered 2426/3425, time remaining: 35s
Rendered 2427/3425, time remaining: 34s
Rendered 2428/3425, time remaining: 35s
Rendered 2429/3425, time remaining: 34s
Rendered 2430/3425, time remaining: 34s
Rendered 2431/3425, time remaining: 34s
Rendered 2432/3425, time remaining: 34s
Rendered 2433/3425, time remaining: 34s
Rendered 2434/3425, time remaining: 35s
Rendered 2435/3425, time remaining: 35s
Rendered 2436/3425, time remaining: 35s
Rendered 2437/3425, time remaining: 33s
Rendered 2438/3425, time remaining: 33s
Rendered 2439/3425, time remaining: 33s
Rendered 2440/3425, time remaining: 34s
Rendered 2441/3425, time remaining: 34s
Rendered 2442/3425, time remaining: 34s
Rendered 2443/3425, time remaining: 34s
Rendered 2444/3425, time remaining: 34s
Rendered 2445/3425, time remaining: 34s
Rendered 2446/3425, time remaining: 33s
Rendered 2447/3425, time remaining: 33s
Rendered 2448/3425, time remaining: 33s
Rendered 2449/3425, time remaining: 33s
Rendered 2450/3425, time remaining: 33s
Rendered 2451/3425, time remaining: 33s
Rendered 2452/3425, time remaining: 33s
Rendered 2453/3425, time remaining: 33s
Rendered 2454/3425, time remaining: 33s
Rendered 2455/3425, time remaining: 33s
Rendered 2456/3425, time remaining: 33s
Rendered 2457/3425, time remaining: 34s
Rendered 2458/3425, time remaining: 33s
Rendered 2459/3425, time remaining: 33s
Rendered 2460/3425, time remaining: 33s
Rendered 2461/3425, time remaining: 33s
Rendered 2462/3425, time remaining: 33s
Rendered 2463/3425, time remaining: 33s
Rendered 2464/3425, time remaining: 32s
Rendered 2465/3425, time remaining: 32s
Rendered 2466/3425, time remaining: 32s
Rendered 2467/3425, time remaining: 32s
Rendered 2468/3425, time remaining: 33s
Rendered 2469/3425, time remaining: 33s
Rendered 2470/3425, time remaining: 33s
Rendered 2471/3425, time remaining: 32s
Rendered 2472/3425, time remaining: 32s
Rendered 2473/3425, time remaining: 32s
Rendered 2474/3425, time remaining: 32s
Rendered 2475/3425, time remaining: 31s
Rendered 2476/3425, time remaining: 32s
Rendered 2477/3425, time remaining: 32s
Rendered 2478/3425, time remaining: 32s
Rendered 2479/3425, time remaining: 32s
Rendered 2480/3425, time remaining: 31s
Rendered 2481/3425, time remaining: 31s
Rendered 2482/3425, time remaining: 30s
Rendered 2483/3425, time remaining: 30s
Rendered 2484/3425, time remaining: 30s
Rendered 2485/3425, time remaining: 30s
Rendered 2486/3425, time remaining: 30s
Rendered 2487/3425, time remaining: 30s
Rendered 2488/3425, time remaining: 30s
Rendered 2489/3425, time remaining: 29s
Rendered 2490/3425, time remaining: 29s
Rendered 2491/3425, time remaining: 29s
Rendered 2492/3425, time remaining: 29s
Rendered 2493/3425, time remaining: 29s
Rendered 2494/3425, time remaining: 30s
Rendered 2495/3425, time remaining: 29s
Rendered 2496/3425, time remaining: 29s
Rendered 2497/3425, time remaining: 29s
Rendered 2498/3425, time remaining: 29s
Rendered 2499/3425, time remaining: 29s
Rendered 2500/3425, time remaining: 29s
Rendered 2501/3425, time remaining: 29s
Rendered 2502/3425, time remaining: 30s
Rendered 2503/3425, time remaining: 29s
Rendered 2504/3425, time remaining: 29s
Rendered 2505/3425, time remaining: 29s
Rendered 2506/3425, time remaining: 29s
Rendered 2507/3425, time remaining: 29s
Rendered 2508/3425, time remaining: 29s
Rendered 2509/3425, time remaining: 29s
Rendered 2510/3425, time remaining: 29s
Rendered 2511/3425, time remaining: 29s
Rendered 2512/3425, time remaining: 28s
Rendered 2513/3425, time remaining: 28s
Rendered 2514/3425, time remaining: 28s
Rendered 2515/3425, time remaining: 28s
Rendered 2516/3425, time remaining: 29s
Rendered 2517/3425, time remaining: 29s
Rendered 2518/3425, time remaining: 28s
Rendered 2519/3425, time remaining: 29s
Rendered 2520/3425, time remaining: 28s
Rendered 2521/3425, time remaining: 28s
Rendered 2522/3425, time remaining: 28s
Rendered 2523/3425, time remaining: 28s
Rendered 2524/3425, time remaining: 28s
Rendered 2525/3425, time remaining: 28s
Rendered 2526/3425, time remaining: 28s
Rendered 2527/3425, time remaining: 28s
Rendered 2528/3425, time remaining: 28s
Rendered 2529/3425, time remaining: 28s
Rendered 2530/3425, time remaining: 28s
Rendered 2531/3425, time remaining: 28s
Rendered 2532/3425, time remaining: 28s
Rendered 2533/3425, time remaining: 28s
Rendered 2534/3425, time remaining: 28s
Rendered 2535/3425, time remaining: 28s
Rendered 2536/3425, time remaining: 27s
Rendered 2537/3425, time remaining: 27s
Rendered 2538/3425, time remaining: 28s
Rendered 2539/3425, time remaining: 28s
Rendered 2540/3425, time remaining: 28s
Rendered 2541/3425, time remaining: 28s
Rendered 2542/3425, time remaining: 28s
Rendered 2543/3425, time remaining: 27s
Rendered 2544/3425, time remaining: 27s
Rendered 2545/3425, time remaining: 27s
Rendered 2546/3425, time remaining: 27s
Rendered 2547/3425, time remaining: 27s
Rendered 2548/3425, time remaining: 27s
Rendered 2549/3425, time remaining: 27s
Rendered 2550/3425, time remaining: 27s
Rendered 2551/3425, time remaining: 27s
Rendered 2552/3425, time remaining: 27s
Rendered 2553/3425, time remaining: 27s
Rendered 2554/3425, time remaining: 27s
Rendered 2555/3425, time remaining: 27s
Rendered 2556/3425, time remaining: 27s
Rendered 2557/3425, time remaining: 26s
Rendered 2558/3425, time remaining: 27s
Rendered 2559/3425, time remaining: 27s
Rendered 2560/3425, time remaining: 27s
Rendered 2561/3425, time remaining: 26s
Rendered 2562/3425, time remaining: 26s
Rendered 2563/3425, time remaining: 27s
Rendered 2564/3425, time remaining: 26s
Rendered 2565/3425, time remaining: 26s
Rendered 2566/3425, time remaining: 27s
Rendered 2567/3425, time remaining: 26s
Rendered 2568/3425, time remaining: 26s
Rendered 2569/3425, time remaining: 26s
Rendered 2570/3425, time remaining: 26s
Rendered 2571/3425, time remaining: 26s
Rendered 2572/3425, time remaining: 26s
Rendered 2573/3425, time remaining: 26s
Rendered 2574/3425, time remaining: 27s
Rendered 2575/3425, time remaining: 26s
Rendered 2576/3425, time remaining: 26s
Rendered 2577/3425, time remaining: 26s
Rendered 2578/3425, time remaining: 26s
Rendered 2579/3425, time remaining: 26s
Rendered 2580/3425, time remaining: 26s
Rendered 2581/3425, time remaining: 26s
Rendered 2582/3425, time remaining: 27s
Rendered 2583/3425, time remaining: 27s
Rendered 2584/3425, time remaining: 26s
Rendered 2585/3425, time remaining: 26s
Rendered 2586/3425, time remaining: 26s
Rendered 2587/3425, time remaining: 26s
Rendered 2588/3425, time remaining: 26s
Rendered 2589/3425, time remaining: 27s
Rendered 2590/3425, time remaining: 26s
Rendered 2591/3425, time remaining: 26s
Rendered 2592/3425, time remaining: 26s
Rendered 2593/3425, time remaining: 25s
Rendered 2594/3425, time remaining: 25s
Rendered 2595/3425, time remaining: 26s
Rendered 2596/3425, time remaining: 26s
Rendered 2597/3425, time remaining: 27s
Rendered 2598/3425, time remaining: 26s
Rendered 2599/3425, time remaining: 26s
Rendered 2600/3425, time remaining: 26s
Rendered 2601/3425, time remaining: 26s
Rendered 2602/3425, time remaining: 26s
Rendered 2603/3425, time remaining: 25s
Rendered 2604/3425, time remaining: 25s
Rendered 2605/3425, time remaining: 26s
Rendered 2606/3425, time remaining: 26s
Rendered 2607/3425, time remaining: 25s
Rendered 2608/3425, time remaining: 26s
Rendered 2609/3425, time remaining: 25s
Rendered 2610/3425, time remaining: 25s
Rendered 2611/3425, time remaining: 25s
Rendered 2612/3425, time remaining: 25s
Rendered 2613/3425, time remaining: 26s
Rendered 2614/3425, time remaining: 25s
Rendered 2615/3425, time remaining: 26s
Rendered 2616/3425, time remaining: 26s
Rendered 2617/3425, time remaining: 26s
Rendered 2618/3425, time remaining: 25s
Rendered 2619/3425, time remaining: 25s
Rendered 2620/3425, time remaining: 25s
Rendered 2621/3425, time remaining: 25s
Rendered 2622/3425, time remaining: 25s
Rendered 2623/3425, time remaining: 26s
Rendered 2624/3425, time remaining: 26s
Rendered 2625/3425, time remaining: 26s
Rendered 2626/3425, time remaining: 26s
Rendered 2627/3425, time remaining: 25s
Rendered 2628/3425, time remaining: 25s
Rendered 2629/3425, time remaining: 26s
Rendered 2630/3425, time remaining: 26s
Rendered 2631/3425, time remaining: 26s
Rendered 2632/3425, time remaining: 26s
Rendered 2633/3425, time remaining: 26s
Rendered 2634/3425, time remaining: 26s
Rendered 2635/3425, time remaining: 26s
Rendered 2636/3425, time remaining: 26s
Rendered 2637/3425, time remaining: 26s
Rendered 2638/3425, time remaining: 27s
Rendered 2639/3425, time remaining: 27s
Rendered 2640/3425, time remaining: 27s
Rendered 2641/3425, time remaining: 27s
Rendered 2642/3425, time remaining: 27s
Rendered 2643/3425, time remaining: 27s
Rendered 2644/3425, time remaining: 26s
Rendered 2645/3425, time remaining: 26s
Rendered 2646/3425, time remaining: 26s
Rendered 2647/3425, time remaining: 26s
Rendered 2648/3425, time remaining: 26s
Rendered 2649/3425, time remaining: 26s
Rendered 2650/3425, time remaining: 26s
Rendered 2651/3425, time remaining: 27s
Rendered 2652/3425, time remaining: 26s
Rendered 2653/3425, time remaining: 26s
Rendered 2654/3425, time remaining: 26s
Rendered 2655/3425, time remaining: 26s
Rendered 2656/3425, time remaining: 26s
Rendered 2657/3425, time remaining: 26s
Rendered 2658/3425, time remaining: 26s
Rendered 2659/3425, time remaining: 26s
Rendered 2660/3425, time remaining: 26s
Rendered 2661/3425, time remaining: 26s
Rendered 2662/3425, time remaining: 26s
Rendered 2663/3425, time remaining: 26s
Rendered 2664/3425, time remaining: 26s
Rendered 2665/3425, time remaining: 26s
Rendered 2666/3425, time remaining: 26s
Rendered 2667/3425, time remaining: 26s
Rendered 2668/3425, time remaining: 25s
Rendered 2669/3425, time remaining: 25s
Rendered 2670/3425, time remaining: 25s
Rendered 2671/3425, time remaining: 25s
Rendered 2672/3425, time remaining: 26s
Rendered 2673/3425, time remaining: 25s
Rendered 2674/3425, time remaining: 25s
Rendered 2675/3425, time remaining: 25s
Rendered 2676/3425, time remaining: 25s
Rendered 2677/3425, time remaining: 25s
Rendered 2678/3425, time remaining: 25s
Rendered 2679/3425, time remaining: 25s
Rendered 2680/3425, time remaining: 25s
Rendered 2681/3425, time remaining: 25s
Rendered 2682/3425, time remaining: 25s
Rendered 2683/3425, time remaining: 25s
Rendered 2684/3425, time remaining: 25s
Rendered 2685/3425, time remaining: 25s
Rendered 2686/3425, time remaining: 25s
Rendered 2687/3425, time remaining: 25s
Rendered 2688/3425, time remaining: 25s
Rendered 2689/3425, time remaining: 25s
Rendered 2690/3425, time remaining: 25s
Rendered 2691/3425, time remaining: 25s
Rendered 2692/3425, time remaining: 25s
Rendered 2693/3425, time remaining: 24s
Rendered 2694/3425, time remaining: 24s
Rendered 2695/3425, time remaining: 25s
Rendered 2696/3425, time remaining: 25s
Rendered 2697/3425, time remaining: 25s
Rendered 2698/3425, time remaining: 25s
Rendered 2699/3425, time remaining: 25s
Rendered 2700/3425, time remaining: 24s
Rendered 2701/3425, time remaining: 24s
Rendered 2702/3425, time remaining: 24s
Rendered 2703/3425, time remaining: 25s
Rendered 2704/3425, time remaining: 24s
Rendered 2705/3425, time remaining: 25s
Rendered 2706/3425, time remaining: 25s
Rendered 2707/3425, time remaining: 25s
Rendered 2708/3425, time remaining: 24s
Rendered 2709/3425, time remaining: 24s
Rendered 2710/3425, time remaining: 24s
Rendered 2711/3425, time remaining: 24s
Rendered 2712/3425, time remaining: 25s
Rendered 2713/3425, time remaining: 24s
Rendered 2714/3425, time remaining: 24s
Rendered 2715/3425, time remaining: 24s
Rendered 2716/3425, time remaining: 24s
Rendered 2717/3425, time remaining: 24s
Rendered 2718/3425, time remaining: 24s
Rendered 2719/3425, time remaining: 24s
Rendered 2720/3425, time remaining: 24s
Rendered 2721/3425, time remaining: 24s
Rendered 2722/3425, time remaining: 24s
Rendered 2723/3425, time remaining: 24s
Rendered 2724/3425, time remaining: 23s
Rendered 2725/3425, time remaining: 23s
Rendered 2726/3425, time remaining: 23s
Rendered 2727/3425, time remaining: 24s
Rendered 2728/3425, time remaining: 24s
Rendered 2729/3425, time remaining: 24s
Rendered 2730/3425, time remaining: 23s
Rendered 2731/3425, time remaining: 24s
Rendered 2732/3425, time remaining: 23s
Rendered 2733/3425, time remaining: 23s
Rendered 2734/3425, time remaining: 23s
Rendered 2735/3425, time remaining: 23s
Rendered 2736/3425, time remaining: 23s
Rendered 2737/3425, time remaining: 23s
Rendered 2738/3425, time remaining: 23s
Rendered 2739/3425, time remaining: 23s
Rendered 2740/3425, time remaining: 23s
Rendered 2741/3425, time remaining: 22s
Rendered 2742/3425, time remaining: 23s
Rendered 2743/3425, time remaining: 23s
Rendered 2744/3425, time remaining: 23s
Rendered 2745/3425, time remaining: 23s
Rendered 2746/3425, time remaining: 23s
Rendered 2747/3425, time remaining: 22s
Rendered 2748/3425, time remaining: 22s
Rendered 2749/3425, time remaining: 22s
Rendered 2750/3425, time remaining: 23s
Rendered 2751/3425, time remaining: 22s
Rendered 2752/3425, time remaining: 23s
Rendered 2753/3425, time remaining: 23s
Rendered 2754/3425, time remaining: 23s
Rendered 2755/3425, time remaining: 22s
Rendered 2756/3425, time remaining: 22s
Rendered 2757/3425, time remaining: 22s
Rendered 2758/3425, time remaining: 22s
Rendered 2759/3425, time remaining: 22s
Rendered 2760/3425, time remaining: 23s
Rendered 2761/3425, time remaining: 23s
Rendered 2762/3425, time remaining: 23s
Rendered 2763/3425, time remaining: 22s
Rendered 2764/3425, time remaining: 22s
Rendered 2765/3425, time remaining: 22s
Rendered 2766/3425, time remaining: 22s
Rendered 2767/3425, time remaining: 22s
Rendered 2768/3425, time remaining: 22s
Rendered 2769/3425, time remaining: 22s
Rendered 2770/3425, time remaining: 22s
Rendered 2771/3425, time remaining: 22s
Rendered 2772/3425, time remaining: 22s
Rendered 2773/3425, time remaining: 22s
Rendered 2774/3425, time remaining: 21s
Rendered 2775/3425, time remaining: 22s
Rendered 2776/3425, time remaining: 22s
Rendered 2777/3425, time remaining: 22s
Rendered 2778/3425, time remaining: 22s
Rendered 2779/3425, time remaining: 22s
Rendered 2780/3425, time remaining: 22s
Rendered 2781/3425, time remaining: 21s
Rendered 2782/3425, time remaining: 21s
Rendered 2783/3425, time remaining: 21s
Rendered 2784/3425, time remaining: 21s
Rendered 2785/3425, time remaining: 21s
Rendered 2786/3425, time remaining: 21s
Rendered 2787/3425, time remaining: 21s
Rendered 2788/3425, time remaining: 21s
Rendered 2789/3425, time remaining: 21s
Rendered 2790/3425, time remaining: 21s
Rendered 2791/3425, time remaining: 21s
Rendered 2792/3425, time remaining: 21s
Rendered 2793/3425, time remaining: 21s
Rendered 2794/3425, time remaining: 21s
Rendered 2795/3425, time remaining: 21s
Rendered 2796/3425, time remaining: 21s
Rendered 2797/3425, time remaining: 21s
Rendered 2798/3425, time remaining: 21s
Rendered 2799/3425, time remaining: 21s
Rendered 2800/3425, time remaining: 21s
Rendered 2801/3425, time remaining: 20s
Rendered 2802/3425, time remaining: 21s
Rendered 2803/3425, time remaining: 21s
Rendered 2804/3425, time remaining: 21s
Rendered 2805/3425, time remaining: 21s
Rendered 2806/3425, time remaining: 20s
Rendered 2807/3425, time remaining: 20s
Rendered 2808/3425, time remaining: 21s
Rendered 2809/3425, time remaining: 20s
Rendered 2810/3425, time remaining: 21s
Rendered 2811/3425, time remaining: 20s
Rendered 2812/3425, time remaining: 20s
Rendered 2813/3425, time remaining: 20s
Rendered 2814/3425, time remaining: 20s
Rendered 2815/3425, time remaining: 20s
Rendered 2816/3425, time remaining: 20s
Rendered 2817/3425, time remaining: 20s
Rendered 2818/3425, time remaining: 20s
Rendered 2819/3425, time remaining: 20s
Rendered 2820/3425, time remaining: 20s
Rendered 2821/3425, time remaining: 20s
Rendered 2822/3425, time remaining: 20s
Rendered 2823/3425, time remaining: 20s
Rendered 2824/3425, time remaining: 20s
Rendered 2825/3425, time remaining: 20s
Rendered 2826/3425, time remaining: 20s
Rendered 2827/3425, time remaining: 20s
Rendered 2828/3425, time remaining: 20s
Rendered 2829/3425, time remaining: 20s
Rendered 2830/3425, time remaining: 20s
Rendered 2831/3425, time remaining: 20s
Rendered 2832/3425, time remaining: 20s
Rendered 2833/3425, time remaining: 20s
Rendered 2834/3425, time remaining: 20s
Rendered 2835/3425, time remaining: 20s
Rendered 2836/3425, time remaining: 20s
Rendered 2837/3425, time remaining: 20s
Rendered 2838/3425, time remaining: 19s
Rendered 2839/3425, time remaining: 19s
Rendered 2840/3425, time remaining: 19s
Rendered 2841/3425, time remaining: 19s
Rendered 2842/3425, time remaining: 19s
Rendered 2843/3425, time remaining: 20s
Rendered 2844/3425, time remaining: 20s
Rendered 2845/3425, time remaining: 19s
Rendered 2846/3425, time remaining: 19s
Rendered 2847/3425, time remaining: 19s
Rendered 2848/3425, time remaining: 19s
Rendered 2849/3425, time remaining: 19s
Rendered 2850/3425, time remaining: 19s
Rendered 2851/3425, time remaining: 19s
Rendered 2852/3425, time remaining: 19s
Rendered 2853/3425, time remaining: 19s
Rendered 2854/3425, time remaining: 19s
Rendered 2855/3425, time remaining: 19s
Rendered 2856/3425, time remaining: 19s
Rendered 2857/3425, time remaining: 19s
Rendered 2858/3425, time remaining: 19s
Rendered 2859/3425, time remaining: 19s
Rendered 2860/3425, time remaining: 18s
Rendered 2861/3425, time remaining: 19s
Rendered 2862/3425, time remaining: 19s
Rendered 2863/3425, time remaining: 19s
Rendered 2864/3425, time remaining: 19s
Rendered 2865/3425, time remaining: 18s
Rendered 2866/3425, time remaining: 19s
Rendered 2867/3425, time remaining: 18s
Rendered 2868/3425, time remaining: 18s
Rendered 2869/3425, time remaining: 19s
Rendered 2870/3425, time remaining: 18s
Rendered 2871/3425, time remaining: 19s
Rendered 2872/3425, time remaining: 18s
Rendered 2873/3425, time remaining: 18s
Rendered 2874/3425, time remaining: 18s
Rendered 2875/3425, time remaining: 18s
Rendered 2876/3425, time remaining: 18s
Rendered 2877/3425, time remaining: 18s
Rendered 2878/3425, time remaining: 18s
Rendered 2879/3425, time remaining: 18s
Rendered 2880/3425, time remaining: 18s
Rendered 2881/3425, time remaining: 18s
Rendered 2882/3425, time remaining: 18s
Rendered 2883/3425, time remaining: 18s
Rendered 2884/3425, time remaining: 18s
Rendered 2885/3425, time remaining: 18s
Rendered 2886/3425, time remaining: 18s
Rendered 2887/3425, time remaining: 18s
Rendered 2888/3425, time remaining: 18s
Rendered 2889/3425, time remaining: 18s
Rendered 2890/3425, time remaining: 18s
Rendered 2891/3425, time remaining: 18s
Rendered 2892/3425, time remaining: 17s
Rendered 2893/3425, time remaining: 18s
Rendered 2894/3425, time remaining: 18s
Rendered 2895/3425, time remaining: 18s
Rendered 2896/3425, time remaining: 17s
Rendered 2897/3425, time remaining: 17s
Rendered 2898/3425, time remaining: 17s
Rendered 2899/3425, time remaining: 17s
Rendered 2900/3425, time remaining: 17s
Rendered 2901/3425, time remaining: 18s
Rendered 2902/3425, time remaining: 18s
Rendered 2903/3425, time remaining: 17s
Rendered 2904/3425, time remaining: 17s
Rendered 2905/3425, time remaining: 17s
Rendered 2906/3425, time remaining: 18s
Rendered 2907/3425, time remaining: 18s
Rendered 2908/3425, time remaining: 17s
Rendered 2909/3425, time remaining: 18s
Rendered 2910/3425, time remaining: 17s
Rendered 2911/3425, time remaining: 17s
Rendered 2912/3425, time remaining: 17s
Rendered 2913/3425, time remaining: 17s
Rendered 2914/3425, time remaining: 17s
Rendered 2915/3425, time remaining: 17s
Rendered 2916/3425, time remaining: 17s
Rendered 2917/3425, time remaining: 17s
Rendered 2918/3425, time remaining: 17s
Rendered 2919/3425, time remaining: 17s
Rendered 2920/3425, time remaining: 17s
Rendered 2921/3425, time remaining: 17s
Rendered 2922/3425, time remaining: 17s
Rendered 2923/3425, time remaining: 17s
Rendered 2924/3425, time remaining: 17s
Rendered 2925/3425, time remaining: 17s
Rendered 2926/3425, time remaining: 17s
Rendered 2927/3425, time remaining: 17s
Rendered 2928/3425, time remaining: 17s
Rendered 2929/3425, time remaining: 16s
Rendered 2930/3425, time remaining: 17s
Rendered 2931/3425, time remaining: 17s
Rendered 2932/3425, time remaining: 17s
Rendered 2933/3425, time remaining: 17s
Rendered 2934/3425, time remaining: 17s
Rendered 2935/3425, time remaining: 17s
Rendered 2936/3425, time remaining: 17s
Rendered 2937/3425, time remaining: 17s
Rendered 2938/3425, time remaining: 16s
Rendered 2939/3425, time remaining: 17s
Rendered 2940/3425, time remaining: 16s
Rendered 2941/3425, time remaining: 16s
Rendered 2942/3425, time remaining: 16s
Rendered 2943/3425, time remaining: 17s
Rendered 2944/3425, time remaining: 16s
Rendered 2945/3425, time remaining: 16s
Rendered 2946/3425, time remaining: 16s
Rendered 2947/3425, time remaining: 16s
Rendered 2948/3425, time remaining: 16s
Rendered 2949/3425, time remaining: 16s
Rendered 2950/3425, time remaining: 16s
Rendered 2951/3425, time remaining: 16s
Rendered 2952/3425, time remaining: 16s
Rendered 2953/3425, time remaining: 16s
Rendered 2954/3425, time remaining: 16s
Rendered 2955/3425, time remaining: 16s
Rendered 2956/3425, time remaining: 16s
Rendered 2957/3425, time remaining: 16s
Rendered 2958/3425, time remaining: 15s
Rendered 2959/3425, time remaining: 16s
Rendered 2960/3425, time remaining: 16s
Rendered 2961/3425, time remaining: 16s
Rendered 2962/3425, time remaining: 15s
Rendered 2963/3425, time remaining: 16s
Rendered 2964/3425, time remaining: 16s
Rendered 2965/3425, time remaining: 15s
Rendered 2966/3425, time remaining: 15s
Rendered 2967/3425, time remaining: 15s
Rendered 2968/3425, time remaining: 15s
Rendered 2969/3425, time remaining: 15s
Rendered 2970/3425, time remaining: 15s
Rendered 2971/3425, time remaining: 15s
Rendered 2972/3425, time remaining: 15s
Rendered 2973/3425, time remaining: 15s
Rendered 2974/3425, time remaining: 15s
Rendered 2975/3425, time remaining: 15s
Rendered 2976/3425, time remaining: 15s
Rendered 2977/3425, time remaining: 15s
Rendered 2978/3425, time remaining: 15s
Rendered 2979/3425, time remaining: 15s
Rendered 2980/3425, time remaining: 15s
Rendered 2981/3425, time remaining: 15s
Rendered 2982/3425, time remaining: 15s
Rendered 2983/3425, time remaining: 15s
Rendered 2984/3425, time remaining: 15s
Rendered 2985/3425, time remaining: 15s
Rendered 2986/3425, time remaining: 15s
Rendered 2987/3425, time remaining: 15s
Rendered 2988/3425, time remaining: 15s
Rendered 2989/3425, time remaining: 14s
Rendered 2990/3425, time remaining: 14s
Rendered 2991/3425, time remaining: 14s
Rendered 2992/3425, time remaining: 15s
Rendered 2993/3425, time remaining: 14s
Rendered 2994/3425, time remaining: 14s
Rendered 2995/3425, time remaining: 14s
Rendered 2996/3425, time remaining: 14s
Rendered 2997/3425, time remaining: 14s
Rendered 2998/3425, time remaining: 14s
Rendered 2999/3425, time remaining: 14s
Rendered 3000/3425, time remaining: 14s
Rendered 3001/3425, time remaining: 14s
Rendered 3002/3425, time remaining: 14s
Rendered 3003/3425, time remaining: 14s
Rendered 3004/3425, time remaining: 14s
Rendered 3005/3425, time remaining: 14s
Rendered 3006/3425, time remaining: 14s
Rendered 3007/3425, time remaining: 14s
Rendered 3008/3425, time remaining: 14s
Rendered 3009/3425, time remaining: 14s
Rendered 3010/3425, time remaining: 14s
Rendered 3011/3425, time remaining: 14s
Rendered 3012/3425, time remaining: 14s
Rendered 3013/3425, time remaining: 14s
Rendered 3014/3425, time remaining: 14s
Rendered 3015/3425, time remaining: 14s
Rendered 3016/3425, time remaining: 13s
Rendered 3017/3425, time remaining: 14s
Rendered 3018/3425, time remaining: 14s
Rendered 3019/3425, time remaining: 13s
Rendered 3020/3425, time remaining: 14s
Rendered 3021/3425, time remaining: 13s
Rendered 3022/3425, time remaining: 13s
Rendered 3023/3425, time remaining: 13s
Rendered 3024/3425, time remaining: 13s
Rendered 3025/3425, time remaining: 13s
Rendered 3026/3425, time remaining: 14s
Rendered 3027/3425, time remaining: 13s
Rendered 3028/3425, time remaining: 13s
Rendered 3029/3425, time remaining: 13s
Rendered 3030/3425, time remaining: 13s
Rendered 3031/3425, time remaining: 13s
Rendered 3032/3425, time remaining: 13s
Rendered 3033/3425, time remaining: 13s
Rendered 3034/3425, time remaining: 13s
Rendered 3035/3425, time remaining: 13s
Rendered 3036/3425, time remaining: 13s
Rendered 3037/3425, time remaining: 13s
Rendered 3038/3425, time remaining: 13s
Rendered 3039/3425, time remaining: 13s
Rendered 3040/3425, time remaining: 13s
Rendered 3041/3425, time remaining: 13s
Rendered 3042/3425, time remaining: 13s
Rendered 3043/3425, time remaining: 13s
Rendered 3044/3425, time remaining: 12s
Rendered 3045/3425, time remaining: 12s
Rendered 3046/3425, time remaining: 13s
Rendered 3047/3425, time remaining: 13s
Rendered 3048/3425, time remaining: 13s
Rendered 3049/3425, time remaining: 13s
Rendered 3050/3425, time remaining: 13s
Rendered 3051/3425, time remaining: 12s
Rendered 3052/3425, time remaining: 12s
Rendered 3053/3425, time remaining: 12s
Rendered 3054/3425, time remaining: 12s
Rendered 3055/3425, time remaining: 12s
Rendered 3056/3425, time remaining: 12s
Rendered 3057/3425, time remaining: 12s
Rendered 3058/3425, time remaining: 12s
Rendered 3059/3425, time remaining: 12s
Rendered 3060/3425, time remaining: 12s
Rendered 3061/3425, time remaining: 12s
Rendered 3062/3425, time remaining: 12s
Rendered 3063/3425, time remaining: 12s
Rendered 3064/3425, time remaining: 12s
Rendered 3065/3425, time remaining: 12s
Rendered 3066/3425, time remaining: 12s
Rendered 3067/3425, time remaining: 12s
Rendered 3068/3425, time remaining: 12s
Rendered 3069/3425, time remaining: 12s
Rendered 3070/3425, time remaining: 12s
Rendered 3071/3425, time remaining: 12s
Rendered 3072/3425, time remaining: 11s
Rendered 3073/3425, time remaining: 11s
Rendered 3074/3425, time remaining: 11s
Rendered 3075/3425, time remaining: 11s
Rendered 3076/3425, time remaining: 11s
Rendered 3077/3425, time remaining: 11s
Rendered 3078/3425, time remaining: 12s
Rendered 3079/3425, time remaining: 12s
Rendered 3080/3425, time remaining: 11s
Rendered 3081/3425, time remaining: 11s
Rendered 3082/3425, time remaining: 11s
Rendered 3083/3425, time remaining: 11s
Rendered 3084/3425, time remaining: 11s
Rendered 3085/3425, time remaining: 11s
Rendered 3086/3425, time remaining: 11s
Rendered 3087/3425, time remaining: 11s
Rendered 3088/3425, time remaining: 11s
Rendered 3089/3425, time remaining: 11s
Rendered 3090/3425, time remaining: 11s
Rendered 3091/3425, time remaining: 11s
Rendered 3092/3425, time remaining: 11s
Rendered 3093/3425, time remaining: 11s
Rendered 3094/3425, time remaining: 11s
Rendered 3095/3425, time remaining: 11s
Rendered 3096/3425, time remaining: 11s
Rendered 3097/3425, time remaining: 11s
Rendered 3098/3425, time remaining: 11s
Rendered 3099/3425, time remaining: 11s
Rendered 3100/3425, time remaining: 11s
Rendered 3101/3425, time remaining: 10s
Rendered 3102/3425, time remaining: 10s
Rendered 3103/3425, time remaining: 11s
Rendered 3104/3425, time remaining: 10s
Rendered 3105/3425, time remaining: 11s
Rendered 3106/3425, time remaining: 11s
Rendered 3107/3425, time remaining: 11s
Rendered 3108/3425, time remaining: 10s
Rendered 3109/3425, time remaining: 10s
Rendered 3110/3425, time remaining: 10s
Rendered 3111/3425, time remaining: 10s
Rendered 3112/3425, time remaining: 10s
Rendered 3113/3425, time remaining: 10s
Rendered 3114/3425, time remaining: 10s
Rendered 3115/3425, time remaining: 10s
Rendered 3116/3425, time remaining: 10s
Rendered 3117/3425, time remaining: 10s
Rendered 3118/3425, time remaining: 10s
Rendered 3119/3425, time remaining: 10s
Rendered 3120/3425, time remaining: 10s
Rendered 3121/3425, time remaining: 10s
Rendered 3122/3425, time remaining: 10s
Rendered 3123/3425, time remaining: 10s
Rendered 3124/3425, time remaining: 10s
Rendered 3125/3425, time remaining: 10s
Rendered 3126/3425, time remaining: 10s
Rendered 3127/3425, time remaining: 10s
Rendered 3128/3425, time remaining: 10s
Rendered 3129/3425, time remaining: 10s
Rendered 3130/3425, time remaining: 10s
Rendered 3131/3425, time remaining: 10s
Rendered 3132/3425, time remaining: 10s
Rendered 3133/3425, time remaining: 10s
Rendered 3134/3425, time remaining: 10s
Rendered 3135/3425, time remaining: 9s
Rendered 3136/3425, time remaining: 10s
Rendered 3137/3425, time remaining: 9s
Rendered 3138/3425, time remaining: 9s
Rendered 3139/3425, time remaining: 10s
Rendered 3140/3425, time remaining: 9s
Rendered 3141/3425, time remaining: 9s
Rendered 3142/3425, time remaining: 9s
Rendered 3143/3425, time remaining: 9s
Rendered 3144/3425, time remaining: 9s
Rendered 3145/3425, time remaining: 9s
Rendered 3146/3425, time remaining: 9s
Rendered 3147/3425, time remaining: 9s
Rendered 3148/3425, time remaining: 9s
Rendered 3149/3425, time remaining: 9s
Rendered 3150/3425, time remaining: 9s
Rendered 3151/3425, time remaining: 9s
Rendered 3152/3425, time remaining: 9s
Rendered 3153/3425, time remaining: 9s
Rendered 3154/3425, time remaining: 9s
Rendered 3155/3425, time remaining: 9s
Rendered 3156/3425, time remaining: 9s
Rendered 3157/3425, time remaining: 9s
Rendered 3158/3425, time remaining: 9s
Rendered 3159/3425, time remaining: 9s
Rendered 3160/3425, time remaining: 9s
Rendered 3161/3425, time remaining: 9s
Rendered 3162/3425, time remaining: 9s
Rendered 3163/3425, time remaining: 9s
Rendered 3164/3425, time remaining: 9s
Rendered 3165/3425, time remaining: 8s
Rendered 3166/3425, time remaining: 8s
Rendered 3167/3425, time remaining: 8s
Rendered 3168/3425, time remaining: 8s
Rendered 3169/3425, time remaining: 8s
Rendered 3170/3425, time remaining: 8s
Rendered 3171/3425, time remaining: 8s
Rendered 3172/3425, time remaining: 8s
Rendered 3173/3425, time remaining: 8s
Rendered 3174/3425, time remaining: 8s
Rendered 3175/3425, time remaining: 8s
Rendered 3176/3425, time remaining: 8s
Rendered 3177/3425, time remaining: 8s
Rendered 3178/3425, time remaining: 8s
Rendered 3179/3425, time remaining: 8s
Rendered 3180/3425, time remaining: 8s
Rendered 3181/3425, time remaining: 8s
Rendered 3182/3425, time remaining: 8s
Rendered 3183/3425, time remaining: 8s
Rendered 3184/3425, time remaining: 8s
Rendered 3185/3425, time remaining: 8s
Rendered 3186/3425, time remaining: 8s
Rendered 3187/3425, time remaining: 8s
Rendered 3188/3425, time remaining: 8s
Rendered 3189/3425, time remaining: 8s
Rendered 3190/3425, time remaining: 8s
Rendered 3191/3425, time remaining: 8s
Rendered 3192/3425, time remaining: 8s
Rendered 3193/3425, time remaining: 7s
Rendered 3194/3425, time remaining: 8s
Rendered 3195/3425, time remaining: 8s
Rendered 3196/3425, time remaining: 7s
Rendered 3197/3425, time remaining: 7s
Rendered 3198/3425, time remaining: 7s
Rendered 3199/3425, time remaining: 7s
Rendered 3200/3425, time remaining: 7s
Rendered 3201/3425, time remaining: 7s
Rendered 3202/3425, time remaining: 7s
Rendered 3203/3425, time remaining: 7s
Rendered 3204/3425, time remaining: 7s
Rendered 3205/3425, time remaining: 7s
Rendered 3206/3425, time remaining: 7s
Rendered 3207/3425, time remaining: 7s
Rendered 3208/3425, time remaining: 7s
Rendered 3209/3425, time remaining: 7s
Rendered 3210/3425, time remaining: 7s
Rendered 3211/3425, time remaining: 7s
Rendered 3212/3425, time remaining: 7s
Rendered 3213/3425, time remaining: 7s
Rendered 3214/3425, time remaining: 7s
Rendered 3215/3425, time remaining: 7s
Rendered 3216/3425, time remaining: 7s
Rendered 3217/3425, time remaining: 7s
Rendered 3218/3425, time remaining: 7s
Rendered 3219/3425, time remaining: 7s
Rendered 3220/3425, time remaining: 7s
Rendered 3221/3425, time remaining: 6s
Rendered 3222/3425, time remaining: 7s
Rendered 3223/3425, time remaining: 6s
Rendered 3224/3425, time remaining: 6s
Rendered 3225/3425, time remaining: 6s
Rendered 3226/3425, time remaining: 6s
Rendered 3227/3425, time remaining: 6s
Rendered 3228/3425, time remaining: 6s
Rendered 3229/3425, time remaining: 6s
Rendered 3230/3425, time remaining: 6s
Rendered 3231/3425, time remaining: 6s
Rendered 3232/3425, time remaining: 6s
Rendered 3233/3425, time remaining: 6s
Rendered 3234/3425, time remaining: 6s
Rendered 3235/3425, time remaining: 6s
Rendered 3236/3425, time remaining: 6s
Rendered 3237/3425, time remaining: 6s
Rendered 3238/3425, time remaining: 6s
Rendered 3239/3425, time remaining: 6s
Rendered 3240/3425, time remaining: 6s
Rendered 3241/3425, time remaining: 6s
Rendered 3242/3425, time remaining: 6s
Rendered 3243/3425, time remaining: 6s
Rendered 3244/3425, time remaining: 6s
Rendered 3245/3425, time remaining: 6s
Rendered 3246/3425, time remaining: 6s
Rendered 3247/3425, time remaining: 6s
Rendered 3248/3425, time remaining: 6s
Rendered 3249/3425, time remaining: 6s
Rendered 3250/3425, time remaining: 6s
Rendered 3251/3425, time remaining: 6s
Rendered 3252/3425, time remaining: 6s
Rendered 3253/3425, time remaining: 5s
Rendered 3254/3425, time remaining: 5s
Rendered 3255/3425, time remaining: 5s
Rendered 3256/3425, time remaining: 5s
Rendered 3257/3425, time remaining: 5s
Rendered 3258/3425, time remaining: 5s
Rendered 3259/3425, time remaining: 5s
Rendered 3260/3425, time remaining: 5s
Rendered 3261/3425, time remaining: 5s
Rendered 3262/3425, time remaining: 5s
Rendered 3263/3425, time remaining: 5s
Rendered 3264/3425, time remaining: 5s
Rendered 3265/3425, time remaining: 5s
Rendered 3266/3425, time remaining: 5s
Rendered 3267/3425, time remaining: 5s
Rendered 3268/3425, time remaining: 5s
Rendered 3269/3425, time remaining: 5s
Rendered 3270/3425, time remaining: 5s
Rendered 3271/3425, time remaining: 5s
Rendered 3272/3425, time remaining: 5s
Rendered 3273/3425, time remaining: 5s
Rendered 3274/3425, time remaining: 5s
Rendered 3275/3425, time remaining: 5s
Rendered 3276/3425, time remaining: 5s
Rendered 3277/3425, time remaining: 5s
Rendered 3278/3425, time remaining: 5s
Rendered 3279/3425, time remaining: 4s
Rendered 3280/3425, time remaining: 4s
Rendered 3281/3425, time remaining: 5s
Rendered 3282/3425, time remaining: 4s
Rendered 3283/3425, time remaining: 4s
Rendered 3284/3425, time remaining: 4s
Rendered 3285/3425, time remaining: 4s
Rendered 3286/3425, time remaining: 4s
Rendered 3287/3425, time remaining: 4s
Rendered 3288/3425, time remaining: 4s
Rendered 3289/3425, time remaining: 4s
Rendered 3290/3425, time remaining: 4s
Rendered 3291/3425, time remaining: 4s
Rendered 3292/3425, time remaining: 4s
Rendered 3293/3425, time remaining: 4s
Rendered 3294/3425, time remaining: 4s
Rendered 3295/3425, time remaining: 4s
Rendered 3296/3425, time remaining: 4s
Rendered 3297/3425, time remaining: 4s
Rendered 3298/3425, time remaining: 4s
Rendered 3299/3425, time remaining: 4s
Rendered 3300/3425, time remaining: 4s
Rendered 3301/3425, time remaining: 4s
Rendered 3302/3425, time remaining: 4s
Rendered 3303/3425, time remaining: 4s
Rendered 3304/3425, time remaining: 4s
Rendered 3305/3425, time remaining: 4s
Rendered 3306/3425, time remaining: 4s
Rendered 3307/3425, time remaining: 4s
Rendered 3308/3425, time remaining: 4s
Rendered 3309/3425, time remaining: 4s
Rendered 3310/3425, time remaining: 3s
Rendered 3311/3425, time remaining: 3s
Rendered 3312/3425, time remaining: 3s
Rendered 3313/3425, time remaining: 3s
Rendered 3314/3425, time remaining: 3s
Rendered 3315/3425, time remaining: 3s
Rendered 3316/3425, time remaining: 3s
Rendered 3317/3425, time remaining: 3s
Rendered 3318/3425, time remaining: 3s
Rendered 3319/3425, time remaining: 3s
Rendered 3320/3425, time remaining: 3s
Rendered 3321/3425, time remaining: 3s
Rendered 3322/3425, time remaining: 3s
Rendered 3323/3425, time remaining: 3s
Rendered 3324/3425, time remaining: 3s
Rendered 3325/3425, time remaining: 3s
Rendered 3326/3425, time remaining: 3s
Rendered 3327/3425, time remaining: 3s
Rendered 3328/3425, time remaining: 3s
Rendered 3329/3425, time remaining: 3s
Rendered 3330/3425, time remaining: 3s
Rendered 3331/3425, time remaining: 3s
Rendered 3332/3425, time remaining: 3s
Rendered 3333/3425, time remaining: 3s
Rendered 3334/3425, time remaining: 3s
Rendered 3335/3425, time remaining: 3s
Rendered 3336/3425, time remaining: 3s
Rendered 3337/3425, time remaining: 3s
Rendered 3338/3425, time remaining: 3s
Rendered 3339/3425, time remaining: 3s
Rendered 3340/3425, time remaining: 2s
Rendered 3341/3425, time remaining: 2s
Rendered 3342/3425, time remaining: 2s
Rendered 3343/3425, time remaining: 2s
Rendered 3344/3425, time remaining: 2s
Rendered 3345/3425, time remaining: 2s
Rendered 3346/3425, time remaining: 2s
Rendered 3347/3425, time remaining: 2s
Rendered 3348/3425, time remaining: 2s
Rendered 3349/3425, time remaining: 2s
Rendered 3350/3425, time remaining: 2s
Rendered 3351/3425, time remaining: 2s
Rendered 3352/3425, time remaining: 2s
Rendered 3353/3425, time remaining: 2s
Rendered 3354/3425, time remaining: 2s
Rendered 3355/3425, time remaining: 2s
Rendered 3356/3425, time remaining: 2s
Rendered 3357/3425, time remaining: 2s
Rendered 3358/3425, time remaining: 2s
Rendered 3359/3425, time remaining: 2s
Rendered 3360/3425, time remaining: 2s
Rendered 3361/3425, time remaining: 2s
Rendered 3362/3425, time remaining: 2s
Rendered 3363/3425, time remaining: 2s
Rendered 3364/3425, time remaining: 2s
Rendered 3365/3425, time remaining: 2s
Rendered 3366/3425, time remaining: 2s
Rendered 3367/3425, time remaining: 2s
Rendered 3368/3425, time remaining: 2s
Rendered 3369/3425, time remaining: 1s
Rendered 3370/3425, time remaining: 1s
Rendered 3371/3425, time remaining: 1s
Rendered 3372/3425, time remaining: 1s
Rendered 3373/3425, time remaining: 1s
Rendered 3374/3425, time remaining: 1s
Rendered 3375/3425, time remaining: 1s
Rendered 3376/3425, time remaining: 1s
Rendered 3377/3425, time remaining: 1s
Rendered 3378/3425, time remaining: 1s
Rendered 3379/3425, time remaining: 1s
Rendered 3380/3425, time remaining: 1s
Rendered 3381/3425, time remaining: 1s
Rendered 3382/3425, time remaining: 1s
Rendered 3383/3425, time remaining: 1s
Rendered 3384/3425, time remaining: 1s
Rendered 3385/3425, time remaining: 1s
Rendered 3386/3425, time remaining: 1s
Rendered 3387/3425, time remaining: 1s
Rendered 3388/3425, time remaining: 1s
Rendered 3389/3425, time remaining: 1s
Rendered 3390/3425, time remaining: 1s
Rendered 3391/3425, time remaining: 1s
Rendered 3392/3425, time remaining: 1s
Rendered 3393/3425, time remaining: 1s
Rendered 3394/3425, time remaining: 1s
Rendered 3395/3425, time remaining: 1s
Rendered 3396/3425, time remaining: 0s
Rendered 3397/3425, time remaining: 0s
Rendered 3398/3425, time remaining: 0s
Rendered 3399/3425, time remaining: 0s
Rendered 3400/3425, time remaining: 0s
Rendered 3401/3425, time remaining: 0s
Rendered 3402/3425, time remaining: 0s
Rendered 3403/3425, time remaining: 0s
Rendered 3404/3425, time remaining: 0s
Rendered 3405/3425, time remaining: 0s
Rendered 3406/3425, time remaining: 0s
Rendered 3407/3425, time remaining: 0s
Rendered 3408/3425, time remaining: 0s
Rendered 3409/3425, time remaining: 0s
Rendered 3410/3425, time remaining: 0s
Rendered 3411/3425, time remaining: 0s
Rendered 3412/3425, time remaining: 0s
Rendered 3413/3425, time remaining: 0s
Rendered 3414/3425, time remaining: 0s
Rendered 3415/3425, time remaining: 0s
Rendered 3416/3425, time remaining: 0s
Rendered 3417/3425, time remaining: 0s
Rendered 3418/3425, time remaining: 0s
Rendered 3419/3425, time remaining: 0s
Rendered 3420/3425, time remaining: 0s
Rendered 3421/3425, time remaining: 0s
Rendered 3422/3425, time remaining: 0s
Rendered 3423/3425, time remaining: 0s
Rendered 3424/3425, time remaining: 0s
Rendered 3425/3425
Encoded 60/3425
Encoded 165/3425
Encoded 269/3425
Encoded 372/3425
Encoded 473/3425
Encoded 574/3425
Encoded 689/3425
Encoded 795/3425
Encoded 896/3425
Encoded 1004/3425
Encoded 1123/3425
Encoded 1224/3425
Encoded 1326/3425
Encoded 1437/3425
Encoded 1527/3425
Encoded 1623/3425
Encoded 1708/3425
Encoded 1801/3425
Encoded 1903/3425
Encoded 2000/3425
Encoded 2106/3425
Encoded 2215/3425
Encoded 2326/3425
Encoded 2443/3425
Encoded 2533/3425
Encoded 2631/3425
Encoded 2718/3425
Encoded 2808/3425
Encoded 2912/3425
Encoded 3013/3425
Encoded 3121/3425
Encoded 3231/3425
Encoded 3340/3425
Encoded 3425/3425
+                    ../projects/import-china-india-te/renders/ch12.mp4 14.7 MB
